timestamp,speed_kmh,engine_temp_c,tire_pressure_psi,engine_rpm,oil_pressure_psi,battery_voltage_v,tire_pressure_fl_psi,tire_pressure_fr_psi,tire_pressure_rl_psi,tire_pressure_rr_psi,speed_status,temp_status,psi_status,rpm_status,oil_status,battery_status,speed_trend,temp_trend,psi_trend,overall_health,health_status,emergency,contradictions,tire_speed_risk,temp_correlation_penalty,alerts
1780202595.444,80.9,90.0,31.9,1460.0,44.1,13.8,32.0,31.9,32.2,32.0,optimal,optimal,optimal,optimal,optimal,optimal,—,—,—,100.0,✅ EXCELLENT,False,NONE,3.6,0.0,NONE
1780202596.444,77.8,90.7,31.7,1506.0,46.0,13.84,32.3,32.0,31.6,31.8,optimal,optimal,optimal,optimal,optimal,optimal,↓ decreasing,↑ increasing,→ stable,100.0,✅ EXCELLENT,False,NONE,3.8,0.0,NONE
1780202597.445,81.5,89.8,31.7,1497.0,45.5,13.84,31.8,32.0,32.3,32.2,optimal,optimal,optimal,optimal,optimal,optimal,↑ increasing,→ stable,→ stable,100.0,✅ EXCELLENT,False,NONE,3.8,0.0,NONE
1780202598.446,81.1,91.1,32.4,1468.0,44.3,13.84,32.0,32.0,32.4,32.0,optimal,optimal,optimal,optimal,optimal,optimal,→ stable,↑ increasing,→ stable,100.0,✅ EXCELLENT,False,NONE,3.5,0.0,NONE
1780202599.447,79.5,91.4,32.3,1509.0,44.2,13.83,31.8,31.8,32.1,32.1,optimal,optimal,optimal,optimal,optimal,optimal,↓ decreasing,↑ increasing,→ stable,100.0,✅ EXCELLENT,False,NONE,3.6,0.0,NONE
1780202600.447,81.0,89.0,32.1,1526.0,45.3,13.79,31.8,31.7,32.1,32.2,optimal,optimal,optimal,optimal,optimal,optimal,→ stable,↓ decreasing,→ stable,100.0,✅ EXCELLENT,False,NONE,3.8,0.5,NONE
1780202601.448,79.1,91.1,31.9,1456.0,44.5,13.82,32.4,32.3,32.2,32.1,optimal,optimal,optimal,optimal,optimal,optimal,↓ decreasing,↑ increasing,→ stable,100.0,✅ EXCELLENT,False,NONE,3.5,0.0,NONE
1780202602.448,82.8,90.9,31.9,1516.0,44.0,13.81,32.3,32.4,31.9,31.7,optimal,optimal,optimal,optimal,optimal,optimal,↑ increasing,↑ increasing,→ stable,100.0,✅ EXCELLENT,False,NONE,3.9,0.0,NONE
1780202603.448,78.1,90.0,32.1,1462.0,45.9,13.83,32.2,32.3,32.1,31.8,optimal,optimal,optimal,optimal,optimal,optimal,↓ decreasing,→ stable,→ stable,100.0,✅ EXCELLENT,False,NONE,3.6,0.0,NONE
1780202604.448,78.1,88.9,32.2,1479.0,44.8,13.78,31.8,32.4,32.1,32.2,optimal,optimal,optimal,optimal,optimal,optimal,↓ decreasing,↓ decreasing,→ stable,100.0,✅ EXCELLENT,False,NONE,3.6,0.6,NONE
1780202605.448,80.3,91.5,32.0,1504.0,44.8,13.83,31.9,32.3,32.4,32.2,optimal,optimal,optimal,optimal,optimal,optimal,↓ decreasing,↑ increasing,→ stable,100.0,✅ EXCELLENT,False,NONE,3.6,0.0,NONE
1780202606.449,83.0,90.2,32.2,1528.0,45.5,13.81,31.6,31.9,32.2,31.9,optimal,optimal,optimal,optimal,optimal,optimal,↑ increasing,→ stable,→ stable,100.0,✅ EXCELLENT,False,NONE,4.0,0.0,NONE
1780202607.45,81.3,90.4,31.8,1464.0,45.2,13.85,32.0,32.0,31.7,32.4,optimal,optimal,optimal,optimal,optimal,optimal,→ stable,→ stable,→ stable,100.0,✅ EXCELLENT,False,NONE,3.8,0.0,NONE
1780202608.451,77.5,89.9,32.2,1468.0,45.9,13.79,31.9,32.0,32.2,32.0,optimal,optimal,optimal,optimal,optimal,optimal,↓ decreasing,→ stable,→ stable,100.0,✅ EXCELLENT,False,NONE,3.4,0.0,NONE
1780202609.452,80.4,89.0,32.3,1503.0,44.2,13.81,31.7,31.8,32.4,31.8,optimal,optimal,optimal,optimal,optimal,optimal,→ stable,↓ decreasing,→ stable,100.0,✅ EXCELLENT,False,NONE,3.8,0.5,NONE
1780202610.452,77.3,90.2,31.6,1508.0,45.7,13.79,31.9,31.7,31.9,32.1,optimal,optimal,optimal,optimal,optimal,optimal,↓ decreasing,→ stable,→ stable,100.0,✅ EXCELLENT,False,NONE,3.8,0.0,NONE
1780202611.452,81.0,91.4,32.3,1467.0,45.3,13.84,32.1,32.0,32.3,32.2,optimal,optimal,optimal,optimal,optimal,optimal,→ stable,↑ increasing,→ stable,100.0,✅ EXCELLENT,False,NONE,3.5,0.0,NONE
1780202612.453,79.7,89.2,32.4,1497.0,45.8,13.79,32.0,32.3,31.9,31.9,optimal,optimal,optimal,optimal,optimal,optimal,↓ decreasing,↓ decreasing,→ stable,100.0,✅ EXCELLENT,False,NONE,3.5,0.3,NONE
1780202613.454,82.3,89.6,31.8,1480.0,45.9,13.85,32.2,32.1,31.6,31.7,optimal,optimal,optimal,optimal,optimal,optimal,↑ increasing,→ stable,→ stable,100.0,✅ EXCELLENT,False,NONE,4.0,0.1,NONE
1780202614.455,77.5,90.8,31.7,1516.0,44.1,13.82,32.1,31.9,32.4,32.3,optimal,optimal,optimal,optimal,optimal,optimal,→ stable,→ stable,→ stable,100.0,✅ EXCELLENT,False,NONE,3.7,0.0,NONE
1780202615.456,78.8,91.1,31.8,1543.0,45.3,13.8,31.8,32.0,31.8,32.3,optimal,optimal,optimal,optimal,optimal,optimal,→ stable,→ stable,→ stable,100.0,✅ EXCELLENT,False,NONE,3.6,0.0,NONE
1780202616.457,81.5,89.8,31.6,1540.0,45.8,13.85,32.3,32.0,32.3,31.8,optimal,optimal,optimal,optimal,optimal,optimal,↓ decreasing,→ stable,→ stable,100.0,✅ EXCELLENT,False,NONE,4.0,0.0,NONE
1780202617.457,78.7,89.4,31.7,1459.0,45.7,13.75,31.7,32.3,32.4,32.0,optimal,optimal,optimal,optimal,optimal,optimal,↓ decreasing,→ stable,→ stable,100.0,✅ EXCELLENT,False,NONE,3.7,0.2,NONE
1780202618.459,83.0,90.2,31.8,1475.0,45.9,13.81,32.3,32.0,32.4,32.2,optimal,optimal,optimal,optimal,optimal,optimal,→ stable,→ stable,→ stable,100.0,✅ EXCELLENT,False,NONE,3.8,0.0,NONE
1780202619.46,78.6,88.8,31.9,1469.0,44.7,13.83,32.1,32.1,32.0,32.2,optimal,optimal,optimal,optimal,optimal,optimal,→ stable,→ stable,→ stable,100.0,✅ EXCELLENT,False,NONE,3.5,0.7,NONE
1780202620.46,82.3,90.7,31.7,1487.0,44.3,13.83,32.1,31.8,32.2,32.4,optimal,optimal,optimal,optimal,optimal,optimal,↑ increasing,→ stable,→ stable,100.0,✅ EXCELLENT,False,NONE,3.9,0.0,NONE
1780202621.461,81.9,89.8,31.7,1541.0,44.1,13.8,32.0,32.3,31.9,32.1,optimal,optimal,optimal,optimal,optimal,optimal,→ stable,→ stable,→ stable,100.0,✅ EXCELLENT,False,NONE,3.9,0.0,NONE
1780202622.462,78.5,91.4,32.3,1511.0,45.9,13.83,31.6,31.7,32.4,32.4,optimal,optimal,optimal,optimal,optimal,optimal,↑ increasing,→ stable,→ stable,100.0,✅ EXCELLENT,False,NONE,3.8,0.0,NONE
1780202623.463,82.0,89.8,32.1,1496.0,45.6,13.82,32.2,32.4,32.0,31.8,optimal,optimal,optimal,optimal,optimal,optimal,→ stable,→ stable,→ stable,100.0,✅ EXCELLENT,False,NONE,3.7,0.0,NONE
1780202624.463,79.0,89.3,32.0,1514.0,45.1,13.77,32.3,31.8,31.7,31.9,optimal,optimal,optimal,optimal,optimal,optimal,→ stable,→ stable,→ stable,100.0,✅ EXCELLENT,False,NONE,3.7,0.2,NONE
1780202625.464,82.3,90.4,31.9,1482.0,45.5,13.84,31.7,32.1,32.3,31.9,optimal,optimal,optimal,optimal,optimal,optimal,↑ increasing,→ stable,→ stable,100.0,✅ EXCELLENT,False,NONE,3.9,0.0,NONE
1780202626.466,79.3,90.5,31.7,1493.0,44.6,13.79,31.9,32.1,32.1,32.0,optimal,optimal,optimal,optimal,optimal,optimal,↑ increasing,→ stable,→ stable,100.0,✅ EXCELLENT,False,NONE,3.7,0.0,NONE
1780202627.466,80.3,90.2,32.3,1514.0,44.4,13.8,31.9,32.1,32.3,32.1,optimal,optimal,optimal,optimal,optimal,optimal,↑ increasing,→ stable,→ stable,100.0,✅ EXCELLENT,False,NONE,3.6,0.0,NONE
1780202628.467,77.6,88.9,32.0,1538.0,44.0,13.84,32.2,32.2,31.7,31.6,optimal,optimal,optimal,optimal,optimal,optimal,→ stable,→ stable,→ stable,100.0,✅ EXCELLENT,False,NONE,3.8,0.6,NONE
1780202629.468,77.1,89.3,32.1,1455.0,44.3,13.79,32.3,32.2,32.1,31.6,optimal,optimal,optimal,optimal,optimal,optimal,→ stable,→ stable,→ stable,100.0,✅ EXCELLENT,False,NONE,3.7,0.2,NONE
1780202630.468,78.8,90.5,32.3,1470.0,46.0,13.75,32.2,31.8,32.2,32.1,optimal,optimal,optimal,optimal,optimal,optimal,↓ decreasing,→ stable,→ stable,100.0,✅ EXCELLENT,False,NONE,3.6,0.0,NONE
1780202631.47,79.4,89.7,32.1,1518.0,45.2,13.81,31.9,31.8,31.6,31.7,optimal,optimal,optimal,optimal,optimal,optimal,↓ decreasing,→ stable,→ stable,100.0,✅ EXCELLENT,False,NONE,3.9,0.0,NONE
1780202632.47,81.8,91.2,32.4,1512.0,45.2,13.81,31.7,32.3,32.2,31.7,optimal,optimal,optimal,optimal,optimal,optimal,↓ decreasing,→ stable,→ stable,100.0,✅ EXCELLENT,False,NONE,3.9,0.0,NONE
1780202633.471,82.6,90.1,32.0,1494.0,44.1,13.75,32.0,31.8,31.9,32.3,optimal,optimal,optimal,optimal,optimal,optimal,→ stable,→ stable,→ stable,100.0,✅ EXCELLENT,False,NONE,3.8,0.0,NONE
1780202634.471,81.8,90.4,32.2,1470.0,45.7,13.79,32.1,32.3,31.8,32.0,optimal,optimal,optimal,optimal,optimal,optimal,→ stable,→ stable,→ stable,100.0,✅ EXCELLENT,False,NONE,3.7,0.0,NONE
1780202635.472,80.1,89.2,31.8,1493.0,44.5,13.78,31.7,32.0,31.7,31.9,optimal,optimal,optimal,optimal,optimal,optimal,↓ decreasing,→ stable,→ stable,100.0,✅ EXCELLENT,False,NONE,3.8,0.3,NONE
1780202636.473,78.9,91.3,31.8,1471.0,44.4,13.78,32.1,32.4,32.2,32.3,optimal,optimal,optimal,optimal,optimal,optimal,↓ decreasing,→ stable,→ stable,100.0,✅ EXCELLENT,False,NONE,3.6,0.0,NONE
1780202637.474,79.1,88.8,32.2,1523.0,44.7,13.78,32.3,32.1,31.9,32.3,optimal,optimal,optimal,optimal,optimal,optimal,↓ decreasing,→ stable,→ stable,100.0,✅ EXCELLENT,False,NONE,3.5,0.7,NONE
1780202638.474,79.7,90.1,32.0,1475.0,44.6,13.75,31.9,31.8,31.7,31.9,optimal,optimal,optimal,optimal,optimal,optimal,→ stable,→ stable,→ stable,100.0,✅ EXCELLENT,False,NONE,3.8,0.0,NONE
1780202639.475,77.7,88.7,31.8,1535.0,44.5,13.83,31.9,32.3,32.2,32.4,optimal,optimal,optimal,optimal,optimal,optimal,→ stable,→ stable,→ stable,100.0,✅ EXCELLENT,False,NONE,3.6,0.8,NONE
1780202640.476,81.0,90.0,31.9,1531.0,44.3,13.78,31.9,31.8,32.3,32.1,optimal,optimal,optimal,optimal,optimal,optimal,↑ increasing,→ stable,→ stable,100.0,✅ EXCELLENT,False,NONE,3.7,0.0,NONE
1780202641.476,79.5,89.1,31.7,1486.0,45.7,13.78,31.8,32.2,32.0,31.8,optimal,optimal,optimal,optimal,optimal,optimal,↑ increasing,→ stable,→ stable,100.0,✅ EXCELLENT,False,NONE,3.7,0.4,NONE
1780202642.477,78.6,90.0,31.7,1509.0,44.3,13.76,32.3,31.9,32.0,32.3,optimal,optimal,optimal,optimal,optimal,optimal,→ stable,→ stable,→ stable,100.0,✅ EXCELLENT,False,NONE,3.7,0.0,NONE
1780202643.478,78.9,90.3,31.7,1513.0,45.5,13.83,32.2,32.1,32.2,32.2,optimal,optimal,optimal,optimal,optimal,optimal,→ stable,→ stable,→ stable,100.0,✅ EXCELLENT,False,NONE,3.7,0.0,NONE
1780202644.478,78.4,90.2,32.4,1495.0,44.6,13.77,31.9,31.8,31.9,31.7,optimal,optimal,optimal,optimal,optimal,optimal,↓ decreasing,→ stable,→ stable,100.0,✅ EXCELLENT,False,NONE,3.7,0.0,NONE
1780202645.479,82.6,90.3,32.1,1461.0,44.6,13.82,32.1,32.2,32.1,32.0,optimal,optimal,optimal,optimal,optimal,optimal,→ stable,→ stable,→ stable,100.0,✅ EXCELLENT,False,NONE,3.5,0.0,NONE
1780202646.48,81.9,88.9,32.1,1541.0,44.3,13.81,32.0,32.1,31.6,31.9,optimal,optimal,optimal,optimal,optimal,optimal,→ stable,→ stable,→ stable,100.0,✅ EXCELLENT,False,NONE,4.0,0.6,NONE
1780202647.48,80.0,91.1,32.2,1505.0,45.8,13.77,32.3,32.1,32.1,31.7,optimal,optimal,optimal,optimal,optimal,optimal,→ stable,→ stable,→ stable,100.0,✅ EXCELLENT,False,NONE,3.8,0.0,NONE
1780202648.481,82.2,90.2,32.0,1481.0,45.3,13.76,31.9,31.9,32.2,31.7,optimal,optimal,optimal,optimal,optimal,optimal,→ stable,→ stable,→ stable,100.0,✅ EXCELLENT,False,NONE,3.9,0.0,NONE
1780202649.481,80.8,90.3,32.3,1459.0,44.6,13.76,32.1,31.6,31.7,31.8,optimal,optimal,optimal,optimal,optimal,optimal,→ stable,→ stable,→ stable,100.0,✅ EXCELLENT,False,NONE,3.9,0.0,NONE
1780202650.481,80.8,90.0,31.8,1505.0,45.6,13.78,32.1,32.3,32.4,32.2,optimal,optimal,optimal,optimal,optimal,optimal,→ stable,→ stable,→ stable,100.0,✅ EXCELLENT,False,NONE,3.7,0.0,NONE
1780202651.482,80.5,90.0,32.3,1540.0,44.2,13.81,32.1,31.8,32.3,32.2,optimal,optimal,optimal,optimal,optimal,optimal,→ stable,→ stable,→ stable,100.0,✅ EXCELLENT,False,NONE,3.7,0.0,NONE
1780202652.483,80.2,88.9,32.3,1521.0,45.8,13.75,31.9,31.6,32.4,32.3,optimal,optimal,optimal,optimal,optimal,optimal,↑ increasing,→ stable,→ stable,100.0,✅ EXCELLENT,False,NONE,3.9,0.6,NONE
1780202653.484,79.8,90.7,32.3,1452.0,45.6,13.83,32.0,31.7,32.3,31.7,optimal,optimal,optimal,optimal,optimal,optimal,↑ increasing,→ stable,→ stable,100.0,✅ EXCELLENT,False,NONE,3.8,0.0,NONE
1780202654.484,80.5,89.9,31.7,1466.0,44.6,13.79,31.8,31.7,32.3,32.0,optimal,optimal,optimal,optimal,optimal,optimal,↑ increasing,→ stable,→ stable,100.0,✅ EXCELLENT,False,NONE,3.8,0.0,NONE
1780202655.485,79.7,91.1,31.9,1536.0,44.0,13.79,32.4,32.1,32.2,32.0,optimal,optimal,optimal,optimal,optimal,optimal,↑ increasing,→ stable,→ stable,100.0,✅ EXCELLENT,False,NONE,3.5,0.0,NONE
1780202656.486,80.6,89.8,31.8,1488.0,44.8,13.76,31.9,32.2,31.7,31.7,optimal,optimal,optimal,optimal,optimal,optimal,↑ increasing,↑ increasing,→ stable,100.0,✅ EXCELLENT,False,NONE,3.8,0.0,NONE
1780202657.487,79.8,90.0,32.1,1483.0,45.6,13.81,32.1,31.7,32.0,32.0,optimal,optimal,optimal,optimal,optimal,optimal,↑ increasing,→ stable,→ stable,100.0,✅ EXCELLENT,False,NONE,3.8,0.0,NONE
1780202658.487,82.4,90.5,31.9,1472.0,45.1,13.81,32.0,32.0,32.3,32.1,optimal,optimal,optimal,optimal,optimal,optimal,→ stable,→ stable,→ stable,100.0,✅ EXCELLENT,False,NONE,3.6,0.0,NONE
1780202659.487,81.8,90.1,32.0,1536.0,44.1,13.84,31.8,32.4,31.7,31.9,optimal,optimal,optimal,optimal,optimal,optimal,→ stable,→ stable,→ stable,100.0,✅ EXCELLENT,False,NONE,3.9,0.0,NONE
1780202660.488,78.1,88.6,31.8,1473.0,45.8,13.8,32.2,31.6,32.1,32.2,optimal,optimal,optimal,optimal,optimal,optimal,→ stable,→ stable,→ stable,100.0,✅ EXCELLENT,False,NONE,3.8,1.0,NONE
1780202661.489,82.9,89.9,31.8,1504.0,44.9,13.76,32.1,32.0,32.1,31.9,optimal,optimal,optimal,optimal,optimal,optimal,→ stable,→ stable,→ stable,100.0,✅ EXCELLENT,False,NONE,3.8,0.0,NONE
1780202662.489,77.6,91.5,31.7,1496.0,44.4,13.83,32.3,32.2,32.2,32.2,optimal,optimal,optimal,optimal,optimal,optimal,→ stable,→ stable,→ stable,100.0,✅ EXCELLENT,False,NONE,3.7,0.0,NONE
1780202663.49,78.9,89.3,32.0,1488.0,45.1,13.75,31.8,31.9,32.0,32.4,optimal,optimal,optimal,optimal,optimal,optimal,→ stable,→ stable,→ stable,100.0,✅ EXCELLENT,False,NONE,3.6,0.2,NONE
1780202664.49,80.7,89.1,32.3,1510.0,44.3,13.83,31.6,32.0,31.9,32.4,optimal,optimal,optimal,optimal,optimal,optimal,↓ decreasing,→ stable,→ stable,100.0,✅ EXCELLENT,False,NONE,3.9,0.4,NONE
1780202665.491,82.5,91.4,32.3,1496.0,44.9,13.77,32.1,32.3,32.1,32.4,optimal,optimal,optimal,optimal,optimal,optimal,→ stable,→ stable,→ stable,100.0,✅ EXCELLENT,False,NONE,3.4,0.0,NONE
1780202666.493,80.5,90.3,31.6,1453.0,45.8,13.76,32.2,31.7,32.0,32.1,optimal,optimal,optimal,optimal,optimal,optimal,→ stable,→ stable,→ stable,100.0,✅ EXCELLENT,False,NONE,3.9,0.0,NONE
1780202667.493,77.6,91.2,32.2,1549.0,45.2,13.8,32.3,32.0,32.0,31.7,optimal,optimal,optimal,optimal,optimal,optimal,→ stable,→ stable,→ stable,100.0,✅ EXCELLENT,False,NONE,3.7,0.0,NONE
1780202668.496,81.1,89.7,32.3,1524.0,44.4,13.77,31.7,32.0,31.7,32.2,optimal,optimal,optimal,optimal,optimal,optimal,→ stable,→ stable,→ stable,100.0,✅ EXCELLENT,False,NONE,3.8,0.0,NONE
1780202669.497,78.1,88.8,32.2,1462.0,44.1,13.76,32.0,31.8,31.7,32.0,optimal,optimal,optimal,optimal,optimal,optimal,↓ decreasing,→ stable,→ stable,100.0,✅ EXCELLENT,False,NONE,3.7,0.7,NONE
1780202670.497,79.3,90.0,31.9,1472.0,45.5,13.76,32.2,31.8,32.0,31.8,optimal,optimal,optimal,optimal,optimal,optimal,→ stable,→ stable,→ stable,100.0,✅ EXCELLENT,False,NONE,3.6,0.0,NONE
1780202671.497,81.3,91.0,31.9,1488.0,45.0,13.79,31.6,32.1,31.9,32.0,optimal,optimal,optimal,optimal,optimal,optimal,↓ decreasing,→ stable,→ stable,100.0,✅ EXCELLENT,False,NONE,3.9,0.0,NONE
1780202672.497,79.0,89.9,31.7,1548.0,46.0,13.78,32.0,31.6,31.9,32.2,optimal,optimal,optimal,optimal,optimal,optimal,→ stable,→ stable,→ stable,100.0,✅ EXCELLENT,False,NONE,3.8,0.0,NONE
1780202673.498,82.9,91.5,32.2,1550.0,44.6,13.75,32.3,32.2,32.3,31.8,optimal,optimal,optimal,optimal,optimal,optimal,→ stable,→ stable,→ stable,100.0,✅ EXCELLENT,False,NONE,3.8,0.0,NONE
1780202674.5,81.4,90.8,31.8,1528.0,44.5,13.84,32.3,32.2,31.9,32.3,optimal,optimal,optimal,optimal,optimal,optimal,→ stable,→ stable,→ stable,100.0,✅ EXCELLENT,False,NONE,3.7,0.0,NONE
1780202675.501,78.7,91.3,31.7,1492.0,45.5,13.77,32.2,32.3,31.8,32.1,optimal,optimal,optimal,optimal,optimal,optimal,↓ decreasing,→ stable,→ stable,100.0,✅ EXCELLENT,False,NONE,3.7,0.0,NONE
1780202676.501,80.5,90.7,32.2,1512.0,44.0,13.84,31.9,32.4,31.8,32.1,optimal,optimal,optimal,optimal,optimal,optimal,↓ decreasing,→ stable,→ stable,100.0,✅ EXCELLENT,False,NONE,3.7,0.0,NONE
1780202677.502,79.7,89.1,31.8,1499.0,44.1,13.85,31.8,32.0,32.3,31.8,optimal,optimal,optimal,optimal,optimal,optimal,→ stable,→ stable,→ stable,100.0,✅ EXCELLENT,False,NONE,3.6,0.4,NONE
1780202678.503,82.1,90.5,32.2,1534.0,44.6,13.85,32.2,32.0,31.6,32.4,optimal,optimal,optimal,optimal,optimal,optimal,→ stable,→ stable,→ stable,100.0,✅ EXCELLENT,False,NONE,4.0,0.0,NONE
1780202679.503,80.6,90.8,32.0,1540.0,45.2,13.81,31.8,32.1,32.3,32.3,optimal,optimal,optimal,optimal,optimal,optimal,↑ increasing,↑ increasing,→ stable,100.0,✅ EXCELLENT,False,NONE,3.7,0.0,NONE
1780202680.505,81.1,89.1,31.8,1457.0,45.1,13.76,31.6,31.9,32.3,32.2,optimal,optimal,optimal,optimal,optimal,optimal,↑ increasing,→ stable,→ stable,100.0,✅ EXCELLENT,False,NONE,3.9,0.4,NONE
1780202681.506,82.9,88.9,31.7,1474.0,45.3,13.84,31.8,32.3,32.0,31.9,optimal,optimal,optimal,optimal,optimal,optimal,↑ increasing,→ stable,→ stable,100.0,✅ EXCELLENT,False,NONE,3.9,0.6,NONE
1780202682.507,78.7,88.6,31.8,1486.0,44.2,13.85,32.0,32.2,31.6,32.2,optimal,optimal,optimal,optimal,optimal,optimal,↑ increasing,→ stable,→ stable,100.0,✅ EXCELLENT,False,NONE,3.8,1.0,NONE
1780202683.507,81.9,89.1,32.0,1505.0,45.0,13.81,31.8,31.9,32.1,31.9,optimal,optimal,optimal,optimal,optimal,optimal,→ stable,→ stable,→ stable,100.0,✅ EXCELLENT,False,NONE,3.7,0.4,NONE
1780202684.507,78.9,91.2,32.1,1540.0,44.2,13.78,32.1,31.8,31.7,32.1,optimal,optimal,optimal,optimal,optimal,optimal,→ stable,↓ decreasing,→ stable,100.0,✅ EXCELLENT,False,NONE,3.7,0.0,NONE
1780202685.507,82.8,91.4,31.8,1539.0,44.3,13.78,32.1,32.2,32.0,32.4,optimal,optimal,optimal,optimal,optimal,optimal,↑ increasing,↓ decreasing,→ stable,100.0,✅ EXCELLENT,False,NONE,3.8,0.0,NONE
1780202686.508,82.8,91.4,32.2,1472.0,44.3,13.82,31.9,32.3,31.9,32.2,optimal,optimal,optimal,optimal,optimal,optimal,↑ increasing,→ stable,→ stable,100.0,✅ EXCELLENT,False,NONE,3.7,0.0,NONE
1780202687.509,79.8,90.2,32.0,1475.0,45.8,13.83,31.8,31.7,32.2,31.8,optimal,optimal,optimal,optimal,optimal,optimal,↑ increasing,→ stable,→ stable,100.0,✅ EXCELLENT,False,NONE,3.8,0.0,NONE
1780202688.51,78.6,90.6,32.4,1521.0,44.8,13.76,31.8,32.4,32.3,31.7,optimal,optimal,optimal,optimal,optimal,optimal,↑ increasing,→ stable,→ stable,100.0,✅ EXCELLENT,False,NONE,3.7,0.0,NONE
1780202689.512,82.6,89.0,32.4,1487.0,44.1,13.81,32.0,32.2,31.9,31.8,optimal,optimal,optimal,optimal,optimal,optimal,→ stable,↓ decreasing,→ stable,100.0,✅ EXCELLENT,False,NONE,3.8,0.5,NONE
1780202690.513,81.4,90.5,31.9,1464.0,45.8,13.83,32.4,32.0,32.4,32.0,optimal,optimal,optimal,optimal,optimal,optimal,→ stable,→ stable,→ stable,100.0,✅ EXCELLENT,False,NONE,3.6,0.0,NONE
1780202691.513,79.4,88.8,32.2,1530.0,45.5,13.83,32.2,32.2,32.0,31.7,optimal,optimal,optimal,optimal,optimal,optimal,→ stable,→ stable,→ stable,100.0,✅ EXCELLENT,False,NONE,3.7,0.7,NONE
1780202692.514,82.5,89.3,31.9,1490.0,44.2,13.78,32.3,31.7,32.0,32.1,optimal,optimal,optimal,optimal,optimal,optimal,→ stable,→ stable,→ stable,100.0,✅ EXCELLENT,False,NONE,3.9,0.2,NONE
1780202693.515,80.0,88.7,32.0,1528.0,44.3,13.82,31.8,32.3,31.6,32.0,optimal,optimal,optimal,optimal,optimal,optimal,→ stable,→ stable,→ stable,100.0,✅ EXCELLENT,False,NONE,3.9,0.8,NONE
1780202694.515,81.7,91.1,31.9,1491.0,45.4,13.78,31.8,31.7,32.1,31.8,optimal,optimal,optimal,optimal,optimal,optimal,↑ increasing,→ stable,→ stable,100.0,✅ EXCELLENT,False,NONE,3.9,0.0,NONE
1780202695.515,78.6,91.0,32.1,1475.0,44.1,13.75,31.8,31.7,31.6,32.1,optimal,optimal,optimal,optimal,optimal,optimal,→ stable,→ stable,→ stable,100.0,✅ EXCELLENT,False,NONE,3.8,0.0,NONE
1780202696.516,79.9,90.8,32.4,1483.0,44.0,13.83,32.3,31.9,31.9,31.7,optimal,optimal,optimal,optimal,optimal,optimal,↓ decreasing,→ stable,→ stable,100.0,✅ EXCELLENT,False,NONE,3.8,0.0,NONE
1780202697.516,82.4,90.4,31.9,1531.0,44.4,13.78,32.0,32.2,32.0,32.4,optimal,optimal,optimal,optimal,optimal,optimal,→ stable,→ stable,→ stable,100.0,✅ EXCELLENT,False,NONE,3.6,0.0,NONE
1780202698.517,77.8,88.9,32.4,1516.0,45.5,13.76,31.8,32.0,31.8,32.0,optimal,optimal,optimal,optimal,optimal,optimal,→ stable,→ stable,→ stable,100.0,✅ EXCELLENT,False,NONE,3.6,0.6,NONE
1780202699.517,80.3,90.0,31.9,1527.0,45.7,13.79,31.7,32.1,31.7,31.6,optimal,optimal,optimal,optimal,optimal,optimal,↓ decreasing,→ stable,→ stable,100.0,✅ EXCELLENT,False,NONE,3.9,0.0,NONE
1780202700.518,82.5,89.6,31.7,1543.0,44.7,13.84,31.7,31.9,31.9,31.9,optimal,optimal,optimal,optimal,optimal,optimal,↓ decreasing,→ stable,→ stable,100.0,✅ EXCELLENT,False,NONE,3.9,0.1,NONE
1780202701.518,77.4,89.2,31.8,1474.0,44.1,13.76,31.9,32.3,32.0,32.2,optimal,optimal,optimal,optimal,optimal,optimal,→ stable,→ stable,→ stable,100.0,✅ EXCELLENT,False,NONE,3.5,0.3,NONE
1780202702.518,79.9,90.9,31.7,1527.0,45.2,13.81,32.2,32.3,32.4,32.3,optimal,optimal,optimal,optimal,optimal,optimal,↓ decreasing,→ stable,→ stable,100.0,✅ EXCELLENT,False,NONE,3.8,0.0,NONE
1780202703.518,77.2,91.0,32.1,1497.0,44.5,13.81,32.4,31.6,31.8,31.7,optimal,optimal,optimal,optimal,optimal,optimal,↓ decreasing,→ stable,→ stable,100.0,✅ EXCELLENT,False,NONE,3.7,0.0,NONE
1780202704.519,79.1,88.8,31.8,1496.0,45.4,13.77,32.4,32.3,31.9,32.0,optimal,optimal,optimal,optimal,optimal,optimal,↓ decreasing,→ stable,→ stable,100.0,✅ EXCELLENT,False,NONE,3.6,0.7,NONE
1780202705.521,79.5,88.7,32.1,1521.0,44.8,13.85,32.1,31.9,32.3,32.2,optimal,optimal,optimal,optimal,optimal,optimal,↓ decreasing,→ stable,→ stable,100.0,✅ EXCELLENT,False,NONE,3.5,0.8,NONE
1780202706.522,78.0,88.6,32.1,1499.0,45.8,13.75,32.1,32.2,31.8,31.8,optimal,optimal,optimal,optimal,optimal,optimal,↓ decreasing,→ stable,→ stable,100.0,✅ EXCELLENT,False,NONE,3.6,1.0,NONE
1780202707.522,80.7,89.8,32.2,1543.0,46.0,13.8,32.3,31.9,31.6,32.2,optimal,optimal,optimal,optimal,optimal,optimal,↓ decreasing,→ stable,→ stable,100.0,✅ EXCELLENT,False,NONE,3.9,0.0,NONE
1780202708.523,82.0,90.5,32.4,1461.0,46.0,13.8,31.8,32.4,32.0,32.1,optimal,optimal,optimal,optimal,optimal,optimal,↓ decreasing,→ stable,→ stable,100.0,✅ EXCELLENT,False,NONE,3.7,0.0,NONE
1780202709.523,79.3,90.7,31.9,1467.0,44.8,13.81,32.2,32.2,32.3,32.0,optimal,optimal,optimal,optimal,optimal,optimal,↓ decreasing,→ stable,→ stable,100.0,✅ EXCELLENT,False,NONE,3.5,0.0,NONE
1780202710.524,77.2,90.8,32.4,1544.0,45.2,13.75,31.9,31.9,31.8,31.9,optimal,optimal,optimal,optimal,optimal,optimal,↓ decreasing,→ stable,→ stable,100.0,✅ EXCELLENT,False,NONE,3.5,0.0,NONE
1780202711.526,77.3,88.8,32.1,1514.0,44.0,13.79,31.8,32.2,32.1,32.3,optimal,optimal,optimal,optimal,optimal,optimal,↓ decreasing,→ stable,→ stable,100.0,✅ EXCELLENT,False,NONE,3.5,0.7,NONE
1780202712.526,82.6,90.1,32.0,1481.0,44.1,13.78,32.1,32.3,31.7,32.2,optimal,optimal,optimal,optimal,optimal,optimal,↓ decreasing,→ stable,→ stable,100.0,✅ EXCELLENT,False,NONE,3.9,0.0,NONE
1780202713.526,78.0,91.3,31.6,1460.0,45.4,13.78,32.0,31.7,31.9,32.0,optimal,optimal,optimal,optimal,optimal,optimal,→ stable,→ stable,→ stable,100.0,✅ EXCELLENT,False,NONE,3.8,0.0,NONE
1780202714.526,80.8,91.1,32.0,1464.0,45.7,13.82,32.2,32.0,31.9,32.3,optimal,optimal,optimal,optimal,optimal,optimal,→ stable,→ stable,→ stable,100.0,✅ EXCELLENT,False,NONE,3.6,0.0,NONE
1780202715.528,82.9,89.7,31.9,1481.0,45.9,13.84,32.2,31.7,32.2,31.8,optimal,optimal,optimal,optimal,optimal,optimal,→ stable,→ stable,→ stable,100.0,✅ EXCELLENT,False,NONE,3.9,0.0,NONE
1780202716.528,79.4,90.4,31.7,1535.0,44.4,13.83,31.9,32.3,32.0,31.6,optimal,optimal,optimal,optimal,optimal,optimal,↑ increasing,↑ increasing,→ stable,100.0,✅ EXCELLENT,False,NONE,3.9,0.0,NONE
1780202717.529,79.3,91.0,32.1,1539.0,44.8,13.79,32.1,32.4,32.1,32.1,optimal,optimal,optimal,optimal,optimal,optimal,↑ increasing,↑ increasing,→ stable,100.0,✅ EXCELLENT,False,NONE,3.3,0.0,NONE
1780202718.53,79.0,90.2,32.3,1497.0,44.1,13.82,31.7,32.0,32.1,32.4,optimal,optimal,optimal,optimal,optimal,optimal,→ stable,↑ increasing,→ stable,100.0,✅ EXCELLENT,False,NONE,3.7,0.0,NONE
1780202719.531,77.5,91.0,32.2,1459.0,44.4,13.76,32.3,31.8,31.7,32.1,optimal,optimal,optimal,optimal,optimal,optimal,→ stable,↑ increasing,→ stable,100.0,✅ EXCELLENT,False,NONE,3.7,0.0,NONE
1780202720.533,78.3,89.5,32.2,1462.0,44.1,13.82,31.7,31.7,32.2,32.0,optimal,optimal,optimal,optimal,optimal,optimal,→ stable,→ stable,→ stable,100.0,✅ EXCELLENT,False,NONE,3.7,0.1,NONE
1780202721.533,82.9,89.4,31.7,1549.0,45.8,13.79,32.3,32.3,32.0,31.7,optimal,optimal,optimal,optimal,optimal,optimal,↑ increasing,↑ increasing,→ stable,100.0,✅ EXCELLENT,False,NONE,3.9,0.2,NONE
1780202722.533,77.4,88.8,31.8,1522.0,44.6,13.82,31.9,32.3,32.2,32.0,optimal,optimal,optimal,optimal,optimal,optimal,→ stable,→ stable,→ stable,100.0,✅ EXCELLENT,False,NONE,3.5,0.7,NONE
1780202723.534,80.8,89.8,32.3,1483.0,45.1,13.77,32.3,32.3,32.3,32.2,optimal,optimal,optimal,optimal,optimal,optimal,→ stable,→ stable,→ stable,100.0,✅ EXCELLENT,False,NONE,3.2,0.0,NONE
1780202724.534,78.7,90.8,31.7,1457.0,44.9,13.77,32.0,31.7,31.9,32.1,optimal,optimal,optimal,optimal,optimal,optimal,→ stable,→ stable,→ stable,100.0,✅ EXCELLENT,False,NONE,3.7,0.0,NONE
1780202725.534,80.3,88.5,31.7,1486.0,45.8,13.82,32.1,31.8,32.0,31.8,optimal,optimal,optimal,optimal,optimal,optimal,↓ decreasing,→ stable,→ stable,100.0,✅ EXCELLENT,False,NONE,3.8,1.1,NONE
1780202726.536,79.8,90.8,32.1,1537.0,45.6,13.8,31.9,31.6,31.9,32.1,optimal,optimal,optimal,optimal,optimal,optimal,↓ decreasing,→ stable,→ stable,100.0,✅ EXCELLENT,False,NONE,3.9,0.0,NONE
1780202727.536,78.6,90.2,31.9,1518.0,44.5,13.77,32.3,32.3,32.3,32.2,optimal,optimal,optimal,optimal,optimal,optimal,↓ decreasing,↓ decreasing,→ stable,100.0,✅ EXCELLENT,False,NONE,3.5,0.0,NONE
1780202728.537,80.2,88.8,32.4,1476.0,44.0,13.83,32.4,31.7,31.8,32.3,optimal,optimal,optimal,optimal,optimal,optimal,→ stable,↓ decreasing,→ stable,100.0,✅ EXCELLENT,False,NONE,3.8,0.7,NONE
1780202729.537,78.6,89.0,32.1,1488.0,45.4,13.84,32.1,32.2,32.2,32.1,optimal,optimal,optimal,optimal,optimal,optimal,→ stable,↓ decreasing,→ stable,100.0,✅ EXCELLENT,False,NONE,3.3,0.5,NONE
1780202730.537,82.7,90.6,32.2,1537.0,45.0,13.8,32.1,31.7,31.8,32.3,optimal,optimal,optimal,optimal,optimal,optimal,→ stable,↓ decreasing,→ stable,100.0,✅ EXCELLENT,False,NONE,3.9,0.0,NONE
1780202731.537,82.9,91.2,31.9,1467.0,44.3,13.8,31.9,32.4,32.1,32.1,optimal,optimal,optimal,optimal,optimal,optimal,→ stable,↓ decreasing,→ stable,100.0,✅ EXCELLENT,False,NONE,3.7,0.0,NONE
1780202732.539,81.6,91.0,31.9,1507.0,44.8,13.78,32.0,32.3,32.2,31.9,optimal,optimal,optimal,optimal,optimal,optimal,↑ increasing,→ stable,→ stable,100.0,✅ EXCELLENT,False,NONE,3.6,0.0,NONE
1780202733.539,78.1,91.0,32.3,1544.0,44.2,13.79,31.9,31.9,32.3,31.7,optimal,optimal,optimal,optimal,optimal,optimal,→ stable,→ stable,→ stable,100.0,✅ EXCELLENT,False,NONE,3.7,0.0,NONE
1780202734.54,77.5,91.1,32.0,1465.0,45.1,13.75,31.6,31.8,32.1,32.0,optimal,optimal,optimal,optimal,optimal,optimal,→ stable,→ stable,→ stable,100.0,✅ EXCELLENT,False,NONE,3.8,0.0,NONE
1780202735.541,83.0,89.3,32.1,1535.0,44.3,13.77,31.9,31.7,31.7,32.2,optimal,optimal,optimal,optimal,optimal,optimal,↑ increasing,→ stable,→ stable,100.0,✅ EXCELLENT,False,NONE,3.9,0.2,NONE
1780202736.541,81.0,90.1,31.9,1503.0,45.7,13.78,32.1,32.3,32.2,32.3,optimal,optimal,optimal,optimal,optimal,optimal,↑ increasing,→ stable,→ stable,100.0,✅ EXCELLENT,False,NONE,3.6,0.0,NONE
1780202737.541,77.4,90.8,32.2,1479.0,45.6,13.83,32.3,32.0,32.3,31.7,optimal,optimal,optimal,optimal,optimal,optimal,↑ increasing,→ stable,→ stable,100.0,✅ EXCELLENT,False,NONE,3.6,0.0,NONE
1780202738.541,80.3,89.9,31.8,1539.0,45.7,13.8,32.2,32.3,32.1,31.8,optimal,optimal,optimal,optimal,optimal,optimal,↑ increasing,↑ increasing,→ stable,100.0,✅ EXCELLENT,False,NONE,3.7,0.0,NONE
1780202739.543,78.8,90.7,32.1,1528.0,45.8,13.8,32.1,32.0,31.8,32.1,optimal,optimal,optimal,optimal,optimal,optimal,↑ increasing,↑ increasing,→ stable,100.0,✅ EXCELLENT,False,NONE,3.6,0.0,NONE
1780202740.543,80.6,89.1,32.0,1466.0,44.1,13.78,32.3,32.1,31.8,32.3,optimal,optimal,optimal,optimal,optimal,optimal,→ stable,↑ increasing,→ stable,100.0,✅ EXCELLENT,False,NONE,3.7,0.4,NONE
1780202741.543,77.7,91.0,32.3,1496.0,44.4,13.83,31.6,31.7,32.4,32.0,optimal,optimal,optimal,optimal,optimal,optimal,→ stable,↑ increasing,→ stable,100.0,✅ EXCELLENT,False,NONE,3.8,0.0,NONE
1780202742.543,82.2,88.5,32.3,1545.0,45.1,13.78,31.9,32.2,32.4,32.0,optimal,optimal,optimal,optimal,optimal,optimal,↓ decreasing,→ stable,→ stable,100.0,✅ EXCELLENT,False,NONE,3.6,1.1,NONE
1780202743.544,78.9,91.1,31.6,1461.0,45.8,13.8,31.9,31.9,32.1,31.8,optimal,optimal,optimal,optimal,optimal,optimal,→ stable,→ stable,→ stable,100.0,✅ EXCELLENT,False,NONE,3.8,0.0,NONE
1780202744.545,78.6,91.5,31.7,1466.0,45.4,13.81,32.0,31.7,32.3,32.0,optimal,optimal,optimal,optimal,optimal,optimal,→ stable,→ stable,→ stable,100.0,✅ EXCELLENT,False,NONE,3.7,0.0,NONE
1780202745.547,79.9,88.5,31.9,1542.0,44.2,13.77,31.9,31.8,31.8,32.1,optimal,optimal,optimal,optimal,optimal,optimal,↓ decreasing,→ stable,→ stable,100.0,✅ EXCELLENT,False,NONE,3.7,1.1,NONE
1780202746.548,78.1,90.5,32.2,1453.0,44.9,13.83,31.7,32.0,31.9,31.6,optimal,optimal,optimal,optimal,optimal,optimal,↓ decreasing,→ stable,→ stable,100.0,✅ EXCELLENT,False,NONE,3.8,0.0,NONE
1780202747.549,77.3,90.2,31.7,1525.0,44.5,13.85,31.9,32.0,32.4,31.7,optimal,optimal,optimal,optimal,optimal,optimal,↓ decreasing,→ stable,→ stable,100.0,✅ EXCELLENT,False,NONE,3.6,0.0,NONE
1780202748.551,81.8,89.6,32.2,1462.0,45.6,13.84,32.1,32.1,32.3,31.8,optimal,optimal,optimal,optimal,optimal,optimal,↓ decreasing,→ stable,→ stable,100.0,✅ EXCELLENT,False,NONE,3.7,0.1,NONE
1780202749.552,82.5,90.8,31.8,1501.0,45.9,13.81,31.8,31.7,31.7,32.3,optimal,optimal,optimal,optimal,optimal,optimal,↓ decreasing,→ stable,→ stable,100.0,✅ EXCELLENT,False,NONE,3.9,0.0,NONE
1780202750.552,79.9,88.9,32.2,1548.0,44.8,13.76,32.0,31.6,31.9,32.2,optimal,optimal,optimal,optimal,optimal,optimal,→ stable,→ stable,→ stable,100.0,✅ EXCELLENT,False,NONE,3.9,0.6,NONE
1780202751.553,80.0,89.5,31.7,1469.0,45.0,13.79,31.9,31.6,31.7,32.1,optimal,optimal,optimal,optimal,optimal,optimal,→ stable,→ stable,→ stable,100.0,✅ EXCELLENT,False,NONE,3.9,0.1,NONE
1780202752.555,82.9,91.1,32.1,1548.0,45.9,13.82,32.3,32.4,31.8,32.2,optimal,optimal,optimal,optimal,optimal,optimal,→ stable,→ stable,→ stable,100.0,✅ EXCELLENT,False,NONE,3.8,0.0,NONE
1780202753.555,79.2,90.3,32.2,1464.0,44.3,13.78,32.2,31.6,31.7,32.0,optimal,optimal,optimal,optimal,optimal,optimal,→ stable,→ stable,→ stable,100.0,✅ EXCELLENT,False,NONE,3.8,0.0,NONE
1780202754.556,77.5,88.7,32.1,1527.0,44.3,13.79,31.9,32.0,32.2,32.2,optimal,optimal,optimal,optimal,optimal,optimal,→ stable,→ stable,→ stable,100.0,✅ EXCELLENT,False,NONE,3.4,0.8,NONE
1780202755.556,80.9,91.1,31.6,1522.0,44.7,13.79,32.1,31.6,31.6,32.4,optimal,optimal,optimal,optimal,optimal,optimal,→ stable,→ stable,→ stable,100.0,✅ EXCELLENT,False,NONE,3.9,0.0,NONE
1780202756.557,78.6,88.7,31.7,1456.0,44.6,13.78,32.3,32.0,31.6,32.3,optimal,optimal,optimal,optimal,optimal,optimal,↑ increasing,→ stable,→ stable,100.0,✅ EXCELLENT,False,NONE,3.8,0.8,NONE
1780202757.558,78.3,91.4,31.7,1469.0,45.4,13.84,31.6,32.1,32.0,31.7,optimal,optimal,optimal,optimal,optimal,optimal,↑ increasing,→ stable,→ stable,100.0,✅ EXCELLENT,False,NONE,3.8,0.0,NONE
1780202758.559,79.4,90.8,32.2,1503.0,44.9,13.84,32.2,31.7,32.1,32.3,optimal,optimal,optimal,optimal,optimal,optimal,↑ increasing,→ stable,→ stable,100.0,✅ EXCELLENT,False,NONE,3.7,0.0,NONE
1780202759.56,82.6,90.7,32.0,1452.0,45.1,13.76,32.2,32.3,32.0,32.0,optimal,optimal,optimal,optimal,optimal,optimal,→ stable,→ stable,→ stable,100.0,✅ EXCELLENT,False,NONE,3.5,0.0,NONE
1780202760.56,80.3,90.2,32.2,1536.0,45.2,13.81,31.6,32.3,31.7,31.8,optimal,optimal,optimal,optimal,optimal,optimal,→ stable,→ stable,→ stable,100.0,✅ EXCELLENT,False,NONE,3.9,0.0,NONE
1780202761.562,82.4,90.2,32.4,1495.0,45.5,13.84,31.9,31.8,32.0,31.8,optimal,optimal,optimal,optimal,optimal,optimal,→ stable,→ stable,→ stable,100.0,✅ EXCELLENT,False,NONE,3.8,0.0,NONE
1780202762.562,81.5,89.6,31.7,1470.0,45.4,13.81,31.7,31.6,32.1,32.4,optimal,optimal,optimal,optimal,optimal,optimal,→ stable,→ stable,→ stable,100.0,✅ EXCELLENT,False,NONE,4.0,0.1,NONE
1780202763.564,82.1,90.3,32.1,1507.0,44.4,13.76,31.8,31.9,31.8,32.3,optimal,optimal,optimal,optimal,optimal,optimal,→ stable,→ stable,→ stable,100.0,✅ EXCELLENT,False,NONE,3.8,0.0,NONE
1780202764.565,80.2,91.0,31.8,1452.0,44.3,13.75,32.1,32.0,31.9,31.9,optimal,optimal,optimal,optimal,optimal,optimal,↑ increasing,↑ increasing,→ stable,100.0,✅ EXCELLENT,False,NONE,3.7,0.0,NONE
1780202765.565,82.1,89.6,32.3,1478.0,45.2,13.83,32.4,32.3,31.7,32.3,optimal,optimal,optimal,optimal,optimal,optimal,↑ increasing,→ stable,→ stable,100.0,✅ EXCELLENT,False,NONE,3.9,0.1,NONE
1780202766.565,78.0,90.2,31.9,1523.0,44.8,13.85,32.0,32.0,31.9,31.9,optimal,optimal,optimal,optimal,optimal,optimal,↑ increasing,↑ increasing,→ stable,100.0,✅ EXCELLENT,False,NONE,3.5,0.0,NONE
1780202767.566,81.5,91.2,32.1,1472.0,45.7,13.79,32.3,31.7,32.3,31.8,optimal,optimal,optimal,optimal,optimal,optimal,↑ increasing,→ stable,→ stable,100.0,✅ EXCELLENT,False,NONE,3.8,0.0,NONE
1780202768.567,79.7,88.7,31.8,1549.0,45.6,13.79,32.0,31.6,31.7,32.0,optimal,optimal,optimal,optimal,optimal,optimal,↑ increasing,→ stable,→ stable,100.0,✅ EXCELLENT,False,NONE,3.9,0.8,NONE
1780202769.568,82.7,89.3,32.3,1519.0,44.5,13.76,32.4,32.0,32.0,31.7,optimal,optimal,optimal,optimal,optimal,optimal,↑ increasing,→ stable,→ stable,100.0,✅ EXCELLENT,False,NONE,3.9,0.2,NONE
1780202770.568,81.3,89.4,32.2,1519.0,44.6,13.83,32.0,32.2,32.0,32.4,optimal,optimal,optimal,optimal,optimal,optimal,↑ increasing,→ stable,→ stable,100.0,✅ EXCELLENT,False,NONE,3.5,0.2,NONE
1780202771.569,79.8,89.9,31.9,1525.0,45.4,13.76,32.1,32.1,31.8,31.8,optimal,optimal,optimal,optimal,optimal,optimal,↑ increasing,→ stable,→ stable,100.0,✅ EXCELLENT,False,NONE,3.6,0.0,NONE
1780202772.57,80.2,90.1,32.0,1532.0,45.5,13.81,31.7,32.4,32.2,31.7,optimal,optimal,optimal,optimal,optimal,optimal,↑ increasing,→ stable,→ stable,100.0,✅ EXCELLENT,False,NONE,3.8,0.0,NONE
1780202773.57,77.2,89.9,31.9,1485.0,44.5,13.83,32.0,31.9,32.1,31.9,optimal,optimal,optimal,optimal,optimal,optimal,→ stable,→ stable,→ stable,100.0,✅ EXCELLENT,False,NONE,3.4,0.0,NONE
1780202774.572,78.7,90.5,31.9,1537.0,45.0,13.76,32.0,31.9,31.7,32.1,optimal,optimal,optimal,optimal,optimal,optimal,↓ decreasing,↓ decreasing,→ stable,100.0,✅ EXCELLENT,False,NONE,3.7,0.0,NONE
1780202775.573,80.0,91.4,32.3,1513.0,45.5,13.81,32.1,31.8,31.6,31.8,optimal,optimal,optimal,optimal,optimal,optimal,↓ decreasing,→ stable,→ stable,100.0,✅ EXCELLENT,False,NONE,3.9,0.0,NONE
1780202776.573,79.3,89.2,32.1,1532.0,44.2,13.82,32.1,31.6,31.9,31.7,optimal,optimal,optimal,optimal,optimal,optimal,↓ decreasing,→ stable,→ stable,100.0,✅ EXCELLENT,False,NONE,3.9,0.3,NONE
1780202777.574,82.2,90.7,32.0,1466.0,46.0,13.79,32.4,31.7,31.7,32.2,optimal,optimal,optimal,optimal,optimal,optimal,↓ decreasing,→ stable,→ stable,100.0,✅ EXCELLENT,False,NONE,3.9,0.0,NONE
1780202778.575,79.5,89.7,31.7,1490.0,45.4,13.78,32.4,31.7,31.8,32.1,optimal,optimal,optimal,optimal,optimal,optimal,↓ decreasing,→ stable,→ stable,100.0,✅ EXCELLENT,False,NONE,3.7,0.0,NONE
1780202779.575,78.5,89.1,32.1,1489.0,44.2,13.77,32.1,32.2,31.6,32.2,optimal,optimal,optimal,optimal,optimal,optimal,↓ decreasing,→ stable,→ stable,100.0,✅ EXCELLENT,False,NONE,3.8,0.4,NONE
1780202780.575,81.2,91.0,31.7,1506.0,44.7,13.82,31.9,31.7,32.2,32.1,optimal,optimal,optimal,optimal,optimal,optimal,↓ decreasing,→ stable,→ stable,100.0,✅ EXCELLENT,False,NONE,3.8,0.0,NONE
1780202781.576,78.3,88.8,31.8,1469.0,44.9,13.76,32.4,31.8,32.0,32.4,optimal,optimal,optimal,optimal,optimal,optimal,↓ decreasing,→ stable,→ stable,100.0,✅ EXCELLENT,False,NONE,3.6,0.7,NONE
1780202782.577,79.5,89.8,32.1,1502.0,44.4,13.81,32.2,32.4,32.1,32.1,optimal,optimal,optimal,optimal,optimal,optimal,↓ decreasing,→ stable,→ stable,100.0,✅ EXCELLENT,False,NONE,3.3,0.0,NONE
1780202783.578,78.0,89.4,31.8,1466.0,44.3,13.79,32.0,32.3,31.6,31.8,optimal,optimal,optimal,optimal,optimal,optimal,↓ decreasing,→ stable,→ stable,100.0,✅ EXCELLENT,False,NONE,3.8,0.2,NONE
1780202784.579,78.4,90.8,31.9,1453.0,44.4,13.78,32.0,31.7,31.8,32.4,optimal,optimal,optimal,optimal,optimal,optimal,↓ decreasing,→ stable,→ stable,100.0,✅ EXCELLENT,False,NONE,3.7,0.0,NONE
1780202785.58,77.2,89.2,31.9,1533.0,44.4,13.85,32.4,31.9,31.9,32.0,optimal,optimal,optimal,optimal,optimal,optimal,↓ decreasing,→ stable,→ stable,100.0,✅ EXCELLENT,False,NONE,3.4,0.3,NONE
1780202786.58,80.6,88.9,32.0,1462.0,44.9,13.84,32.1,32.4,32.3,31.8,optimal,optimal,optimal,optimal,optimal,optimal,↓ decreasing,→ stable,→ stable,100.0,✅ EXCELLENT,False,NONE,3.7,0.6,NONE
1780202787.582,82.1,90.8,32.0,1509.0,45.6,13.81,32.1,32.2,32.2,32.1,optimal,optimal,optimal,optimal,optimal,optimal,↓ decreasing,→ stable,→ stable,100.0,✅ EXCELLENT,False,NONE,3.5,0.0,NONE
1780202788.582,79.1,90.9,32.2,1503.0,45.0,13.81,32.0,32.0,31.9,31.7,optimal,optimal,optimal,optimal,optimal,optimal,↓ decreasing,→ stable,→ stable,100.0,✅ EXCELLENT,False,NONE,3.7,0.0,NONE
1780202789.584,81.6,90.0,32.2,1493.0,45.4,13.81,31.6,32.3,32.2,32.2,optimal,optimal,optimal,optimal,optimal,optimal,→ stable,→ stable,→ stable,100.0,✅ EXCELLENT,False,NONE,4.0,0.0,NONE
1780202790.584,78.5,91.4,32.1,1454.0,44.3,13.84,32.2,32.2,32.2,31.7,optimal,optimal,optimal,optimal,optimal,optimal,→ stable,→ stable,→ stable,100.0,✅ EXCELLENT,False,NONE,3.7,0.0,NONE
1780202791.585,78.3,89.2,32.0,1462.0,45.0,13.78,32.2,31.8,31.9,32.2,optimal,optimal,optimal,optimal,optimal,optimal,→ stable,→ stable,→ stable,100.0,✅ EXCELLENT,False,NONE,3.6,0.3,NONE
1780202792.585,78.9,89.2,32.3,1450.0,45.5,13.76,32.3,31.8,31.9,31.8,optimal,optimal,optimal,optimal,optimal,optimal,→ stable,→ stable,→ stable,100.0,✅ EXCELLENT,False,NONE,3.6,0.3,NONE
1780202793.587,82.5,90.5,31.7,1535.0,44.5,13.8,32.3,32.1,31.8,32.3,optimal,optimal,optimal,optimal,optimal,optimal,→ stable,→ stable,→ stable,100.0,✅ EXCELLENT,False,NONE,3.9,0.0,NONE
1780202794.588,80.1,91.5,32.3,1500.0,45.9,13.82,32.3,31.6,31.9,32.3,optimal,optimal,optimal,optimal,optimal,optimal,→ stable,→ stable,→ stable,100.0,✅ EXCELLENT,False,NONE,3.9,0.0,NONE
1780202795.59,78.2,90.0,32.1,1472.0,45.0,13.78,31.8,32.0,32.0,32.1,optimal,optimal,optimal,optimal,optimal,optimal,↑ increasing,→ stable,→ stable,100.0,✅ EXCELLENT,False,NONE,3.6,0.0,NONE
1780202796.591,79.8,89.1,32.0,1531.0,44.5,13.8,32.2,32.3,31.8,31.7,optimal,optimal,optimal,optimal,optimal,optimal,↑ increasing,↑ increasing,→ stable,100.0,✅ EXCELLENT,False,NONE,3.8,0.4,NONE
1780202797.592,78.3,89.8,31.9,1453.0,44.8,13.77,31.9,32.0,31.8,32.0,optimal,optimal,optimal,optimal,optimal,optimal,→ stable,→ stable,→ stable,100.0,✅ EXCELLENT,False,NONE,3.6,0.0,NONE
1780202798.592,77.1,91.4,32.2,1526.0,45.8,13.79,31.9,32.3,31.9,32.2,optimal,optimal,optimal,optimal,optimal,optimal,→ stable,→ stable,→ stable,100.0,✅ EXCELLENT,False,NONE,3.4,0.0,NONE
1780202799.593,77.5,89.1,31.7,1454.0,44.4,13.83,32.1,32.0,32.3,31.6,optimal,optimal,optimal,optimal,optimal,optimal,↓ decreasing,→ stable,→ stable,100.0,✅ EXCELLENT,False,NONE,3.8,0.4,NONE
1780202800.593,81.7,90.9,32.2,1519.0,45.2,13.84,32.1,31.8,32.3,31.8,optimal,optimal,optimal,optimal,optimal,optimal,→ stable,→ stable,→ stable,100.0,✅ EXCELLENT,False,NONE,3.7,0.0,NONE
1780202801.594,79.9,91.0,31.8,1528.0,44.9,13.76,32.0,32.3,31.7,31.6,optimal,optimal,optimal,optimal,optimal,optimal,→ stable,→ stable,→ stable,100.0,✅ EXCELLENT,False,NONE,3.9,0.0,NONE
1780202802.594,79.7,90.3,31.8,1529.0,44.7,13.84,32.1,32.0,31.8,32.4,optimal,optimal,optimal,optimal,optimal,optimal,→ stable,→ stable,→ stable,100.0,✅ EXCELLENT,False,NONE,3.6,0.0,NONE
1780202803.595,82.9,89.9,32.3,1476.0,45.9,13.8,31.7,32.1,32.0,31.8,optimal,optimal,optimal,optimal,optimal,optimal,→ stable,→ stable,→ stable,100.0,✅ EXCELLENT,False,NONE,3.9,0.0,NONE
1780202804.595,79.0,89.6,31.9,1477.0,45.4,13.78,31.7,32.1,31.7,31.9,optimal,optimal,optimal,optimal,optimal,optimal,→ stable,→ stable,→ stable,100.0,✅ EXCELLENT,False,NONE,3.7,0.1,NONE
1780202805.596,79.2,90.6,32.2,1519.0,44.0,13.78,32.3,31.6,32.3,31.9,optimal,optimal,optimal,optimal,optimal,optimal,→ stable,→ stable,→ stable,100.0,✅ EXCELLENT,False,NONE,3.8,0.0,NONE
1780202806.596,79.1,88.6,32.1,1489.0,44.5,13.79,32.4,31.8,31.8,32.1,optimal,optimal,optimal,optimal,optimal,optimal,→ stable,→ stable,→ stable,100.0,✅ EXCELLENT,False,NONE,3.6,1.0,NONE
1780202807.597,77.8,89.8,32.3,1453.0,44.0,13.83,31.8,31.7,31.7,32.2,optimal,optimal,optimal,optimal,optimal,optimal,→ stable,→ stable,→ stable,100.0,✅ EXCELLENT,False,NONE,3.7,0.0,NONE
1780202808.599,79.8,90.9,32.2,1507.0,45.1,13.83,31.9,32.3,31.7,31.7,optimal,optimal,optimal,optimal,optimal,optimal,→ stable,→ stable,→ stable,100.0,✅ EXCELLENT,False,NONE,3.8,0.0,NONE
1780202809.6,82.4,91.2,32.1,1474.0,44.6,13.78,31.8,31.6,32.0,32.1,optimal,optimal,optimal,optimal,optimal,optimal,↑ increasing,→ stable,→ stable,100.0,✅ EXCELLENT,False,NONE,4.0,0.0,NONE
1780202810.6,78.0,89.6,31.6,1493.0,44.1,13.79,32.4,31.8,32.0,32.4,optimal,optimal,optimal,optimal,optimal,optimal,↑ increasing,→ stable,→ stable,100.0,✅ EXCELLENT,False,NONE,3.8,0.1,NONE
1780202811.602,78.4,89.5,31.6,1524.0,45.6,13.77,32.3,32.0,32.2,31.9,optimal,optimal,optimal,optimal,optimal,optimal,→ stable,→ stable,→ stable,100.0,✅ EXCELLENT,False,NONE,3.8,0.1,NONE
1780202812.603,82.2,91.4,32.2,1471.0,45.7,13.78,32.2,32.3,32.3,32.1,optimal,optimal,optimal,optimal,optimal,optimal,→ stable,→ stable,→ stable,100.0,✅ EXCELLENT,False,NONE,3.4,0.0,NONE
1780202813.603,79.8,89.4,32.1,1467.0,44.8,13.84,31.7,31.8,32.2,32.0,optimal,optimal,optimal,optimal,optimal,optimal,→ stable,→ stable,→ stable,100.0,✅ EXCELLENT,False,NONE,3.8,0.2,NONE
1780202814.603,77.6,90.6,32.4,1540.0,44.8,13.79,32.1,31.6,31.6,31.7,optimal,optimal,optimal,optimal,optimal,optimal,→ stable,→ stable,→ stable,100.0,✅ EXCELLENT,False,NONE,3.8,0.0,NONE
1780202815.604,79.2,89.4,32.2,1521.0,45.9,13.78,32.3,32.1,32.1,32.0,optimal,optimal,optimal,optimal,optimal,optimal,→ stable,→ stable,→ stable,100.0,✅ EXCELLENT,False,NONE,3.4,0.2,NONE
1780202816.605,79.7,88.8,31.9,1476.0,44.6,13.76,31.7,31.6,32.0,31.7,optimal,optimal,optimal,optimal,optimal,optimal,→ stable,→ stable,→ stable,100.0,✅ EXCELLENT,False,NONE,3.9,0.7,NONE
1780202817.605,77.3,89.9,31.7,1504.0,44.9,13.8,31.6,32.1,32.3,31.9,optimal,optimal,optimal,optimal,optimal,optimal,→ stable,→ stable,→ stable,100.0,✅ EXCELLENT,False,NONE,3.8,0.0,NONE
1780202818.606,78.5,88.9,31.9,1471.0,44.9,13.81,31.6,32.3,31.8,31.6,optimal,optimal,optimal,optimal,optimal,optimal,→ stable,→ stable,→ stable,100.0,✅ EXCELLENT,False,NONE,3.8,0.6,NONE
1780202819.606,78.6,89.4,31.7,1475.0,45.5,13.85,32.0,32.2,31.9,32.3,optimal,optimal,optimal,optimal,optimal,optimal,↓ decreasing,↓ decreasing,→ stable,100.0,✅ EXCELLENT,False,NONE,3.7,0.2,NONE
1780202820.606,80.1,91.1,32.2,1450.0,44.1,13.82,32.0,31.8,32.1,32.4,optimal,optimal,optimal,optimal,optimal,optimal,↓ decreasing,→ stable,→ stable,100.0,✅ EXCELLENT,False,NONE,3.7,0.0,NONE
1780202821.606,77.1,89.2,31.6,1527.0,44.4,13.84,32.0,32.2,31.8,31.6,optimal,optimal,optimal,optimal,optimal,optimal,↓ decreasing,→ stable,→ stable,100.0,✅ EXCELLENT,False,NONE,3.7,0.3,NONE
1780202822.608,77.9,91.0,31.6,1520.0,45.7,13.82,31.7,32.2,32.1,31.7,optimal,optimal,optimal,optimal,optimal,optimal,↓ decreasing,→ stable,→ stable,100.0,✅ EXCELLENT,False,NONE,3.8,0.0,NONE
1780202823.608,80.7,89.6,32.4,1526.0,45.4,13.81,31.9,32.1,32.0,32.0,optimal,optimal,optimal,optimal,optimal,optimal,↓ decreasing,→ stable,→ stable,100.0,✅ EXCELLENT,False,NONE,3.6,0.1,NONE
1780202824.61,81.9,88.6,32.1,1458.0,45.3,13.84,32.1,31.8,32.2,32.1,optimal,optimal,optimal,optimal,optimal,optimal,→ stable,↓ decreasing,→ stable,100.0,✅ EXCELLENT,False,NONE,3.7,1.0,NONE
1780202825.612,78.2,89.4,31.7,1472.0,45.2,13.79,32.3,32.4,32.2,31.8,optimal,optimal,optimal,optimal,optimal,optimal,→ stable,→ stable,→ stable,100.0,✅ EXCELLENT,False,NONE,3.7,0.2,NONE
1780202826.612,81.4,89.5,31.7,1503.0,45.5,13.76,31.7,32.2,31.8,31.8,optimal,optimal,optimal,optimal,optimal,optimal,→ stable,→ stable,→ stable,100.0,✅ EXCELLENT,False,NONE,3.8,0.1,NONE
1780202827.614,77.6,90.8,31.7,1537.0,44.4,13.84,32.2,32.2,31.7,31.8,optimal,optimal,optimal,optimal,optimal,optimal,→ stable,→ stable,→ stable,100.0,✅ EXCELLENT,False,NONE,3.7,0.0,NONE
1780202828.615,80.3,89.9,32.2,1528.0,44.2,13.78,31.6,32.1,31.7,32.4,optimal,optimal,optimal,optimal,optimal,optimal,→ stable,→ stable,→ stable,100.0,✅ EXCELLENT,False,NONE,3.9,0.0,NONE
1780202829.617,79.6,90.4,32.3,1518.0,45.6,13.83,32.2,31.8,31.8,32.0,optimal,optimal,optimal,optimal,optimal,optimal,↑ increasing,→ stable,→ stable,100.0,✅ EXCELLENT,False,NONE,3.6,0.0,NONE
1780202830.618,78.6,90.6,32.4,1545.0,44.2,13.79,32.3,31.7,31.9,32.0,optimal,optimal,optimal,optimal,optimal,optimal,→ stable,→ stable,→ stable,100.0,✅ EXCELLENT,False,NONE,3.7,0.0,NONE
1780202831.619,82.8,89.0,32.3,1504.0,45.9,13.8,31.6,32.3,32.1,31.9,optimal,optimal,optimal,optimal,optimal,optimal,↑ increasing,→ stable,→ stable,100.0,✅ EXCELLENT,False,NONE,4.0,0.5,NONE
1780202832.62,81.5,89.4,31.8,1466.0,45.4,13.77,32.0,32.1,32.0,32.1,optimal,optimal,optimal,optimal,optimal,optimal,↑ increasing,→ stable,→ stable,100.0,✅ EXCELLENT,False,NONE,3.7,0.2,NONE
1780202833.62,77.4,90.4,32.0,1477.0,45.6,13.79,32.0,32.1,31.8,31.9,optimal,optimal,optimal,optimal,optimal,optimal,↑ increasing,→ stable,→ stable,100.0,✅ EXCELLENT,False,NONE,3.5,0.0,NONE
1780202834.621,79.4,89.8,31.7,1509.0,45.8,13.76,32.0,32.2,32.4,31.9,optimal,optimal,optimal,optimal,optimal,optimal,↑ increasing,→ stable,→ stable,100.0,✅ EXCELLENT,False,NONE,3.7,0.0,NONE
1780202835.622,82.7,89.2,31.7,1534.0,45.5,13.84,31.6,31.8,31.8,32.3,optimal,optimal,optimal,optimal,optimal,optimal,↑ increasing,→ stable,→ stable,100.0,✅ EXCELLENT,False,NONE,4.0,0.3,NONE
1780202836.622,81.2,89.5,31.9,1493.0,45.5,13.78,32.0,31.6,31.7,32.2,optimal,optimal,optimal,optimal,optimal,optimal,↑ increasing,→ stable,→ stable,100.0,✅ EXCELLENT,False,NONE,3.9,0.1,NONE
1780202837.622,82.8,90.7,31.8,1546.0,44.9,13.78,32.0,32.2,32.1,32.2,optimal,optimal,optimal,optimal,optimal,optimal,↑ increasing,→ stable,→ stable,100.0,✅ EXCELLENT,False,NONE,3.8,0.0,NONE
1780202838.624,77.4,90.3,32.3,1527.0,44.1,13.8,31.9,32.4,31.8,31.7,optimal,optimal,optimal,optimal,optimal,optimal,↑ increasing,→ stable,→ stable,100.0,✅ EXCELLENT,False,NONE,3.6,0.0,NONE
1780202839.624,80.7,89.5,31.7,1480.0,44.1,13.81,32.4,32.4,32.1,32.2,optimal,optimal,optimal,optimal,optimal,optimal,↑ increasing,→ stable,→ stable,100.0,✅ EXCELLENT,False,NONE,3.8,0.1,NONE
1780202840.626,78.3,91.3,31.9,1531.0,44.8,13.77,31.6,32.2,32.2,32.4,optimal,optimal,optimal,optimal,optimal,optimal,↑ increasing,→ stable,→ stable,100.0,✅ EXCELLENT,False,NONE,3.8,0.0,NONE
1780202841.626,81.3,89.4,32.0,1466.0,44.2,13.78,32.2,32.1,31.8,31.8,optimal,optimal,optimal,optimal,optimal,optimal,→ stable,→ stable,→ stable,100.0,✅ EXCELLENT,False,NONE,3.7,0.2,NONE
1780202842.627,82.6,90.8,31.7,1457.0,45.8,13.75,32.3,31.9,31.9,32.2,optimal,optimal,optimal,optimal,optimal,optimal,→ stable,→ stable,→ stable,100.0,✅ EXCELLENT,False,NONE,3.9,0.0,NONE
1780202843.628,77.7,89.9,32.1,1459.0,44.3,13.83,31.7,32.2,31.7,31.8,optimal,optimal,optimal,optimal,optimal,optimal,→ stable,→ stable,→ stable,100.0,✅ EXCELLENT,False,NONE,3.7,0.0,NONE
1780202844.628,79.9,88.9,32.4,1460.0,45.1,13.85,31.7,31.9,32.4,32.0,optimal,optimal,optimal,optimal,optimal,optimal,↑ increasing,→ stable,→ stable,100.0,✅ EXCELLENT,False,NONE,3.8,0.6,NONE
1780202845.629,77.1,90.3,32.0,1520.0,45.5,13.83,31.7,31.9,31.6,31.7,optimal,optimal,optimal,optimal,optimal,optimal,→ stable,→ stable,→ stable,100.0,✅ EXCELLENT,False,NONE,3.7,0.0,NONE
1780202846.629,79.8,89.5,32.4,1515.0,45.9,13.77,32.3,32.3,32.3,32.2,optimal,optimal,optimal,optimal,optimal,optimal,→ stable,→ stable,→ stable,100.0,✅ EXCELLENT,False,NONE,3.2,0.1,NONE
1780202847.631,82.4,90.4,31.6,1501.0,45.2,13.78,32.0,31.9,31.8,31.7,optimal,optimal,optimal,optimal,optimal,optimal,↓ decreasing,→ stable,→ stable,100.0,✅ EXCELLENT,False,NONE,4.0,0.0,NONE
1780202848.63,77.4,91.1,31.8,1534.0,44.3,13.81,32.1,31.6,32.3,31.6,optimal,optimal,optimal,optimal,optimal,optimal,↓ decreasing,→ stable,→ stable,100.0,✅ EXCELLENT,False,NONE,3.8,0.0,NONE
1780202849.633,80.5,89.2,31.8,1536.0,44.3,13.81,32.4,31.9,31.7,32.0,optimal,optimal,optimal,optimal,optimal,optimal,↓ decreasing,→ stable,→ stable,100.0,✅ EXCELLENT,False,NONE,3.8,0.3,NONE
1780202850.633,81.2,90.3,32.4,1470.0,44.1,13.79,31.7,31.7,32.2,32.1,optimal,optimal,optimal,optimal,optimal,optimal,→ stable,→ stable,→ stable,100.0,✅ EXCELLENT,False,NONE,3.8,0.0,NONE
1780202851.633,77.5,89.4,32.1,1469.0,44.4,13.84,32.1,31.7,31.6,32.3,optimal,optimal,optimal,optimal,optimal,optimal,↓ decreasing,→ stable,→ stable,100.0,✅ EXCELLENT,False,NONE,3.8,0.2,NONE
1780202852.636,80.9,89.6,32.1,1500.0,45.2,13.8,32.1,31.7,31.9,31.9,optimal,optimal,optimal,optimal,optimal,optimal,↓ decreasing,→ stable,→ stable,100.0,✅ EXCELLENT,False,NONE,3.8,0.1,NONE
1780202853.637,79.5,91.5,31.7,1512.0,45.6,13.8,31.9,32.1,31.6,31.6,optimal,optimal,optimal,optimal,optimal,optimal,↓ decreasing,→ stable,→ stable,100.0,✅ EXCELLENT,False,NONE,3.9,0.0,NONE
1780202854.638,81.7,90.4,31.7,1501.0,45.5,13.82,32.1,31.7,32.3,32.0,optimal,optimal,optimal,optimal,optimal,optimal,↓ decreasing,→ stable,→ stable,100.0,✅ EXCELLENT,False,NONE,3.9,0.0,NONE
1780202855.639,77.1,91.5,32.2,1510.0,44.4,13.79,32.1,32.4,31.9,32.1,optimal,optimal,optimal,optimal,optimal,optimal,→ stable,→ stable,→ stable,100.0,✅ EXCELLENT,False,NONE,3.4,0.0,NONE
1780202856.639,78.3,88.7,31.7,1451.0,44.5,13.81,31.9,32.1,31.7,31.7,optimal,optimal,optimal,optimal,optimal,optimal,→ stable,→ stable,→ stable,100.0,✅ EXCELLENT,False,NONE,3.7,0.8,NONE
1780202857.64,81.4,89.9,31.7,1541.0,45.2,13.83,31.8,32.0,31.9,31.9,optimal,optimal,optimal,optimal,optimal,optimal,→ stable,→ stable,→ stable,100.0,✅ EXCELLENT,False,NONE,3.8,0.0,NONE
1780202858.641,82.2,88.7,31.8,1507.0,45.8,13.76,31.8,31.7,31.7,31.6,optimal,optimal,optimal,optimal,optimal,optimal,→ stable,→ stable,→ stable,100.0,✅ EXCELLENT,False,NONE,4.0,0.8,NONE
1780202859.642,77.3,88.6,31.9,1460.0,45.9,13.84,31.8,32.3,32.0,31.8,optimal,optimal,optimal,optimal,optimal,optimal,→ stable,→ stable,→ stable,100.0,✅ EXCELLENT,False,NONE,3.5,1.0,NONE
1780202860.643,82.0,88.9,32.3,1534.0,45.5,13.79,32.1,31.7,31.7,31.8,optimal,optimal,optimal,optimal,optimal,optimal,→ stable,→ stable,→ stable,100.0,✅ EXCELLENT,False,NONE,3.9,0.6,NONE
1780202861.644,81.5,90.2,31.8,1508.0,45.3,13.78,31.6,32.3,32.0,32.0,optimal,optimal,optimal,optimal,optimal,optimal,↑ increasing,→ stable,→ stable,100.0,✅ EXCELLENT,False,NONE,4.0,0.0,NONE
1780202862.645,82.3,91.0,32.1,1492.0,46.0,13.79,31.6,32.0,32.2,31.8,optimal,optimal,optimal,optimal,optimal,optimal,↑ increasing,→ stable,→ stable,100.0,✅ EXCELLENT,False,NONE,4.0,0.0,NONE
1780202863.645,81.2,90.4,31.7,1545.0,45.5,13.79,32.3,32.2,32.0,31.8,optimal,optimal,optimal,optimal,optimal,optimal,↑ increasing,→ stable,→ stable,100.0,✅ EXCELLENT,False,NONE,3.8,0.0,NONE
1780202864.646,77.7,90.1,32.2,1508.0,44.9,13.8,32.1,31.6,32.4,32.2,optimal,optimal,optimal,optimal,optimal,optimal,→ stable,→ stable,→ stable,100.0,✅ EXCELLENT,False,NONE,3.8,0.0,NONE
1780202865.647,81.7,91.5,32.3,1523.0,45.4,13.84,32.0,32.0,32.2,32.2,optimal,optimal,optimal,optimal,optimal,optimal,↑ increasing,→ stable,→ stable,100.0,✅ EXCELLENT,False,NONE,3.5,0.0,NONE
1780202866.648,80.3,90.6,32.0,1541.0,44.7,13.82,31.9,31.9,31.7,32.3,optimal,optimal,optimal,optimal,optimal,optimal,↑ increasing,→ stable,→ stable,100.0,✅ EXCELLENT,False,NONE,3.8,0.0,NONE
1780202867.648,82.5,91.3,32.2,1480.0,45.5,13.84,32.3,32.0,31.8,31.8,optimal,optimal,optimal,optimal,optimal,optimal,↑ increasing,→ stable,→ stable,100.0,✅ EXCELLENT,False,NONE,3.8,0.0,NONE
1780202868.648,81.6,91.4,32.3,1492.0,44.5,13.83,32.3,32.2,31.9,32.3,optimal,optimal,optimal,optimal,optimal,optimal,↑ increasing,→ stable,→ stable,100.0,✅ EXCELLENT,False,NONE,3.6,0.0,NONE
1780202869.649,80.3,91.3,32.1,1472.0,44.9,13.83,32.0,32.3,31.8,31.8,optimal,optimal,optimal,optimal,optimal,optimal,↑ increasing,↑ increasing,→ stable,100.0,✅ EXCELLENT,False,NONE,3.7,0.0,NONE
1780202870.651,81.4,88.7,31.7,1473.0,44.6,13.79,31.9,31.9,32.3,32.2,optimal,optimal,optimal,optimal,optimal,optimal,↑ increasing,↑ increasing,→ stable,100.0,✅ EXCELLENT,False,NONE,3.8,0.8,NONE
1780202871.651,82.3,90.6,32.2,1526.0,45.2,13.83,31.9,32.2,31.8,32.0,optimal,optimal,optimal,optimal,optimal,optimal,↑ increasing,↑ increasing,→ stable,100.0,✅ EXCELLENT,False,NONE,3.8,0.0,NONE
1780202872.652,82.0,88.8,32.3,1483.0,45.0,13.78,32.4,32.1,31.9,31.9,optimal,optimal,optimal,optimal,optimal,optimal,↑ increasing,↑ increasing,→ stable,100.0,✅ EXCELLENT,False,NONE,3.6,0.7,NONE
1780202873.654,79.9,90.6,32.3,1482.0,45.3,13.84,31.7,31.6,31.8,31.9,optimal,optimal,optimal,optimal,optimal,optimal,→ stable,↑ increasing,→ stable,100.0,✅ EXCELLENT,False,NONE,3.9,0.0,NONE
1780202874.655,78.2,88.5,32.4,1480.0,44.8,13.76,32.2,31.8,31.7,32.2,optimal,optimal,optimal,optimal,optimal,optimal,↑ increasing,↑ increasing,→ stable,100.0,✅ EXCELLENT,False,NONE,3.7,1.1,NONE
1780202875.655,79.0,88.8,32.1,1493.0,44.6,13.83,31.6,31.8,31.9,31.9,optimal,optimal,optimal,optimal,optimal,optimal,→ stable,→ stable,→ stable,100.0,✅ EXCELLENT,False,NONE,3.8,0.7,NONE
1780202876.655,80.5,88.8,32.0,1470.0,45.2,13.84,32.2,32.1,32.2,32.3,optimal,optimal,optimal,optimal,optimal,optimal,→ stable,→ stable,→ stable,100.0,✅ EXCELLENT,False,NONE,3.5,0.7,NONE
1780202877.655,78.4,90.8,31.8,1459.0,44.9,13.83,32.2,32.0,31.9,32.3,optimal,optimal,optimal,optimal,optimal,optimal,↓ decreasing,→ stable,→ stable,100.0,✅ EXCELLENT,False,NONE,3.6,0.0,NONE
1780202878.656,78.2,89.4,31.8,1510.0,45.3,13.84,31.9,31.6,32.4,31.8,optimal,optimal,optimal,optimal,optimal,optimal,↓ decreasing,↓ decreasing,→ stable,100.0,✅ EXCELLENT,False,NONE,3.8,0.2,NONE
1780202879.657,82.0,90.1,31.8,1496.0,45.1,13.84,32.4,32.0,32.2,32.1,optimal,optimal,optimal,optimal,optimal,optimal,↓ decreasing,↓ decreasing,→ stable,100.0,✅ EXCELLENT,False,NONE,3.7,0.0,NONE
1780202880.658,81.1,88.5,31.7,1525.0,44.7,13.85,32.2,32.1,32.4,32.4,optimal,optimal,optimal,optimal,optimal,optimal,↓ decreasing,↓ decreasing,→ stable,100.0,✅ EXCELLENT,False,NONE,3.8,1.1,NONE
1780202881.659,81.5,90.3,31.8,1481.0,44.3,13.78,31.6,32.4,31.8,31.8,optimal,optimal,optimal,optimal,optimal,optimal,↓ decreasing,↓ decreasing,→ stable,100.0,✅ EXCELLENT,False,NONE,4.0,0.0,NONE
1780202882.66,78.9,89.8,31.7,1503.0,44.6,13.8,32.0,31.9,32.4,32.3,optimal,optimal,optimal,optimal,optimal,optimal,↓ decreasing,↓ decreasing,→ stable,100.0,✅ EXCELLENT,False,NONE,3.7,0.0,NONE
1780202883.661,81.2,88.7,32.3,1497.0,45.3,13.78,32.3,31.6,31.9,31.7,optimal,optimal,optimal,optimal,optimal,optimal,↓ decreasing,↓ decreasing,→ stable,100.0,✅ EXCELLENT,False,NONE,3.9,0.8,NONE
1780202884.662,77.7,88.6,31.7,1486.0,44.7,13.79,32.0,32.0,32.1,31.9,optimal,optimal,optimal,optimal,optimal,optimal,↓ decreasing,↓ decreasing,→ stable,100.0,✅ EXCELLENT,False,NONE,3.7,1.0,NONE
1780202885.662,80.8,90.1,31.6,1524.0,45.5,13.83,32.0,32.2,32.1,32.2,optimal,optimal,optimal,optimal,optimal,optimal,↓ decreasing,↓ decreasing,→ stable,100.0,✅ EXCELLENT,False,NONE,3.9,0.0,NONE
1780202886.662,80.6,90.8,32.2,1482.0,45.2,13.82,31.9,32.2,31.7,32.1,optimal,optimal,optimal,optimal,optimal,optimal,↓ decreasing,→ stable,→ stable,100.0,✅ EXCELLENT,False,NONE,3.8,0.0,NONE
1780202887.663,82.0,88.8,32.0,1527.0,45.1,13.83,31.6,31.6,31.6,32.3,optimal,optimal,optimal,optimal,optimal,optimal,→ stable,→ stable,→ stable,100.0,✅ EXCELLENT,False,NONE,4.0,0.7,NONE
1780202888.665,77.4,89.3,32.4,1469.0,44.8,13.76,32.2,31.7,32.2,32.4,optimal,optimal,optimal,optimal,optimal,optimal,→ stable,→ stable,→ stable,100.0,✅ EXCELLENT,False,NONE,3.6,0.2,NONE
1780202889.666,79.9,90.4,31.8,1507.0,45.4,13.8,32.1,31.8,32.4,32.1,optimal,optimal,optimal,optimal,optimal,optimal,→ stable,→ stable,→ stable,100.0,✅ EXCELLENT,False,NONE,3.7,0.0,NONE
1780202890.667,79.6,91.2,31.9,1457.0,44.5,13.81,31.7,31.6,32.1,32.1,optimal,optimal,optimal,optimal,optimal,optimal,→ stable,→ stable,→ stable,100.0,✅ EXCELLENT,False,NONE,3.9,0.0,NONE
1780202891.667,77.9,91.4,31.7,1496.0,44.4,13.8,31.6,31.9,32.3,32.4,optimal,optimal,optimal,optimal,optimal,optimal,→ stable,→ stable,→ stable,100.0,✅ EXCELLENT,False,NONE,3.8,0.0,NONE
1780202892.667,82.9,89.2,31.9,1509.0,44.8,13.84,32.4,31.9,31.8,32.0,optimal,optimal,optimal,optimal,optimal,optimal,→ stable,→ stable,→ stable,100.0,✅ EXCELLENT,False,NONE,3.8,0.3,NONE
1780202893.667,77.6,89.2,31.9,1464.0,45.9,13.82,32.3,32.2,32.3,32.4,optimal,optimal,optimal,optimal,optimal,optimal,→ stable,↑ increasing,→ stable,100.0,✅ EXCELLENT,False,NONE,3.4,0.3,NONE
1780202894.669,82.8,88.7,32.3,1518.0,45.7,13.82,31.7,31.7,32.2,31.7,optimal,optimal,optimal,optimal,optimal,optimal,→ stable,↑ increasing,→ stable,100.0,✅ EXCELLENT,False,NONE,3.9,0.8,NONE
1780202895.669,77.8,90.4,32.1,1461.0,45.4,13.76,32.0,32.3,32.0,31.7,optimal,optimal,optimal,optimal,optimal,optimal,→ stable,→ stable,→ stable,100.0,✅ EXCELLENT,False,NONE,3.7,0.0,NONE
1780202896.67,80.5,90.8,31.6,1518.0,44.7,13.77,32.3,31.7,31.9,31.8,optimal,optimal,optimal,optimal,optimal,optimal,→ stable,→ stable,→ stable,100.0,✅ EXCELLENT,False,NONE,3.9,0.0,NONE
1780202897.67,79.6,89.7,32.3,1546.0,45.8,13.82,32.3,32.0,32.1,31.6,optimal,optimal,optimal,optimal,optimal,optimal,↓ decreasing,↑ increasing,→ stable,100.0,✅ EXCELLENT,False,NONE,3.9,0.0,NONE
1780202898.671,80.6,89.7,31.8,1506.0,44.6,13.84,32.3,31.7,32.3,32.1,optimal,optimal,optimal,optimal,optimal,optimal,→ stable,↑ increasing,→ stable,100.0,✅ EXCELLENT,False,NONE,3.8,0.0,NONE
1780202899.671,81.9,89.2,32.3,1514.0,45.6,13.84,32.0,31.9,31.8,32.0,optimal,optimal,optimal,optimal,optimal,optimal,→ stable,→ stable,→ stable,100.0,✅ EXCELLENT,False,NONE,3.7,0.3,NONE
1780202900.673,78.6,89.7,31.8,1499.0,44.1,13.76,31.8,32.0,32.3,31.8,optimal,optimal,optimal,optimal,optimal,optimal,→ stable,→ stable,→ stable,100.0,✅ EXCELLENT,False,NONE,3.6,0.0,NONE
1780202901.674,78.5,91.4,32.1,1526.0,44.2,13.77,32.4,32.3,31.6,32.0,optimal,optimal,optimal,optimal,optimal,optimal,→ stable,→ stable,→ stable,100.0,✅ EXCELLENT,False,NONE,3.8,0.0,NONE
1780202902.675,80.3,91.3,32.3,1503.0,44.1,13.81,32.0,31.9,31.8,31.6,optimal,optimal,optimal,optimal,optimal,optimal,→ stable,→ stable,→ stable,100.0,✅ EXCELLENT,False,NONE,3.9,0.0,NONE
1780202903.676,77.2,88.8,32.3,1460.0,45.6,13.79,31.7,31.8,32.4,31.8,optimal,optimal,optimal,optimal,optimal,optimal,→ stable,→ stable,→ stable,100.0,✅ EXCELLENT,False,NONE,3.6,0.7,NONE
1780202904.676,82.0,91.5,32.2,1494.0,44.6,13.82,31.9,32.2,31.7,32.1,optimal,optimal,optimal,optimal,optimal,optimal,→ stable,→ stable,→ stable,100.0,✅ EXCELLENT,False,NONE,3.9,0.0,NONE
1780202905.677,79.2,89.3,31.6,1519.0,44.7,13.8,31.8,32.3,32.1,32.1,optimal,optimal,optimal,optimal,optimal,optimal,→ stable,→ stable,→ stable,100.0,✅ EXCELLENT,False,NONE,3.8,0.2,NONE
1780202906.678,77.1,90.7,31.8,1504.0,44.3,13.81,32.3,32.3,32.3,31.8,optimal,optimal,optimal,optimal,optimal,optimal,→ stable,→ stable,→ stable,100.0,✅ EXCELLENT,False,NONE,3.5,0.0,NONE
1780202907.679,79.6,88.8,31.7,1519.0,44.9,13.83,32.3,32.2,32.0,32.2,optimal,optimal,optimal,optimal,optimal,optimal,→ stable,→ stable,→ stable,100.0,✅ EXCELLENT,False,NONE,3.8,0.7,NONE
1780202908.68,80.7,90.2,32.3,1472.0,45.0,13.82,32.0,31.8,31.8,32.1,optimal,optimal,optimal,optimal,optimal,optimal,→ stable,→ stable,→ stable,100.0,✅ EXCELLENT,False,NONE,3.7,0.0,NONE
1780202909.682,81.7,89.7,31.7,1470.0,45.1,13.76,32.1,32.2,32.0,32.2,optimal,optimal,optimal,optimal,optimal,optimal,↓ decreasing,→ stable,→ stable,100.0,✅ EXCELLENT,False,NONE,3.9,0.0,NONE
1780202910.682,78.3,91.2,31.7,1509.0,44.2,13.77,32.2,32.2,31.7,31.7,optimal,optimal,optimal,optimal,optimal,optimal,↓ decreasing,→ stable,→ stable,100.0,✅ EXCELLENT,False,NONE,3.7,0.0,NONE
1780202911.684,79.0,90.9,32.1,1501.0,46.0,13.84,32.0,31.9,32.3,31.6,optimal,optimal,optimal,optimal,optimal,optimal,↓ decreasing,→ stable,→ stable,100.0,✅ EXCELLENT,False,NONE,3.8,0.0,NONE
1780202912.685,82.3,89.7,31.6,1512.0,45.7,13.79,32.1,32.3,31.7,32.1,optimal,optimal,optimal,optimal,optimal,optimal,→ stable,→ stable,→ stable,100.0,✅ EXCELLENT,False,NONE,4.0,0.0,NONE
1780202913.686,82.0,88.7,31.8,1515.0,44.1,13.85,32.2,31.6,31.8,32.4,optimal,optimal,optimal,optimal,optimal,optimal,→ stable,→ stable,→ stable,100.0,✅ EXCELLENT,False,NONE,4.0,0.8,NONE
1780202914.686,78.9,90.9,31.7,1538.0,44.0,13.81,32.3,32.0,31.8,32.1,optimal,optimal,optimal,optimal,optimal,optimal,→ stable,→ stable,→ stable,100.0,✅ EXCELLENT,False,NONE,3.7,0.0,NONE
1780202915.686,79.3,91.2,32.1,1510.0,45.5,13.79,32.0,32.0,31.7,32.3,optimal,optimal,optimal,optimal,optimal,optimal,→ stable,→ stable,→ stable,100.0,✅ EXCELLENT,False,NONE,3.7,0.0,NONE
1780202916.687,82.9,90.9,31.6,1509.0,45.3,13.79,32.1,32.2,31.9,31.9,optimal,optimal,optimal,optimal,optimal,optimal,↑ increasing,→ stable,→ stable,100.0,✅ EXCELLENT,False,NONE,4.0,0.0,NONE
1780202917.688,77.8,91.3,31.7,1456.0,44.4,13.78,31.6,32.3,31.9,31.7,optimal,optimal,optimal,optimal,optimal,optimal,↑ increasing,→ stable,→ stable,100.0,✅ EXCELLENT,False,NONE,3.8,0.0,NONE
1780202918.689,78.3,91.2,32.4,1499.0,45.3,13.76,32.3,31.9,32.4,31.7,optimal,optimal,optimal,optimal,optimal,optimal,↑ increasing,→ stable,→ stable,100.0,✅ EXCELLENT,False,NONE,3.7,0.0,NONE
1780202919.69,79.0,91.0,32.3,1463.0,45.2,13.78,31.9,32.1,31.9,32.4,optimal,optimal,optimal,optimal,optimal,optimal,→ stable,↑ increasing,→ stable,100.0,✅ EXCELLENT,False,NONE,3.5,0.0,NONE
1780202920.692,82.7,91.4,31.9,1456.0,45.1,13.82,32.0,31.9,32.3,31.6,optimal,optimal,optimal,optimal,optimal,optimal,↑ increasing,→ stable,→ stable,100.0,✅ EXCELLENT,False,NONE,4.0,0.0,NONE
1780202921.693,78.4,90.3,32.0,1464.0,45.7,13.84,32.4,31.9,32.3,32.1,optimal,optimal,optimal,optimal,optimal,optimal,↑ increasing,→ stable,→ stable,100.0,✅ EXCELLENT,False,NONE,3.5,0.0,NONE
1780202922.693,77.2,88.7,32.3,1536.0,45.1,13.79,31.7,32.0,32.2,32.0,optimal,optimal,optimal,optimal,optimal,optimal,→ stable,→ stable,→ stable,100.0,✅ EXCELLENT,False,NONE,3.6,0.8,NONE
1780202923.695,78.3,88.8,31.6,1523.0,44.3,13.79,31.6,31.9,31.8,32.3,optimal,optimal,optimal,optimal,optimal,optimal,↓ decreasing,→ stable,→ stable,100.0,✅ EXCELLENT,False,NONE,3.8,0.7,NONE
1780202924.695,77.1,89.5,31.8,1517.0,44.7,13.81,32.2,31.9,31.8,32.0,optimal,optimal,optimal,optimal,optimal,optimal,↓ decreasing,→ stable,→ stable,100.0,✅ EXCELLENT,False,NONE,3.5,0.1,NONE
1780202925.696,79.4,88.9,31.7,1522.0,44.1,13.84,32.2,31.6,31.8,31.7,optimal,optimal,optimal,optimal,optimal,optimal,↓ decreasing,→ stable,→ stable,100.0,✅ EXCELLENT,False,NONE,3.9,0.6,NONE
1780202926.698,77.8,90.3,32.1,1514.0,44.9,13.84,32.2,31.8,32.0,31.9,optimal,optimal,optimal,optimal,optimal,optimal,↓ decreasing,→ stable,→ stable,100.0,✅ EXCELLENT,False,NONE,3.6,0.0,NONE
1780202927.698,80.3,91.1,32.0,1494.0,45.8,13.78,32.2,31.9,32.0,32.2,optimal,optimal,optimal,optimal,optimal,optimal,↓ decreasing,→ stable,→ stable,100.0,✅ EXCELLENT,False,NONE,3.6,0.0,NONE
1780202928.699,81.4,90.2,32.2,1481.0,44.0,13.78,31.9,32.2,32.1,31.8,optimal,optimal,optimal,optimal,optimal,optimal,↓ decreasing,↓ decreasing,→ stable,100.0,✅ EXCELLENT,False,NONE,3.7,0.0,NONE
1780202929.701,82.8,91.4,31.8,1503.0,44.1,13.79,31.9,31.8,31.6,32.2,optimal,optimal,optimal,optimal,optimal,optimal,→ stable,↓ decreasing,→ stable,100.0,✅ EXCELLENT,False,NONE,4.0,0.0,NONE
1780202930.701,80.9,90.1,32.2,1517.0,45.7,13.83,31.7,31.9,32.1,31.8,optimal,optimal,optimal,optimal,optimal,optimal,↓ decreasing,↓ decreasing,→ stable,100.0,✅ EXCELLENT,False,NONE,3.8,0.0,NONE
1780202931.702,78.3,88.6,32.2,1470.0,44.4,13.85,32.2,31.6,31.6,32.4,optimal,optimal,optimal,optimal,optimal,optimal,↓ decreasing,↓ decreasing,→ stable,100.0,✅ EXCELLENT,False,NONE,3.8,1.0,NONE
1780202932.703,77.7,91.2,32.0,1460.0,45.6,13.8,32.1,31.9,32.1,31.9,optimal,optimal,optimal,optimal,optimal,optimal,→ stable,↓ decreasing,→ stable,100.0,✅ EXCELLENT,False,NONE,3.4,0.0,NONE
1780202933.705,80.9,89.5,32.1,1538.0,44.3,13.79,31.7,31.8,32.3,32.3,optimal,optimal,optimal,optimal,optimal,optimal,→ stable,→ stable,→ stable,100.0,✅ EXCELLENT,False,NONE,3.8,0.1,NONE
1780202934.705,78.7,88.7,32.0,1496.0,45.0,13.84,32.0,32.2,32.0,32.4,optimal,optimal,optimal,optimal,optimal,optimal,↑ increasing,→ stable,→ stable,100.0,✅ EXCELLENT,False,NONE,3.4,0.8,NONE
1780202935.705,78.4,90.3,32.0,1507.0,45.7,13.79,32.0,32.0,31.7,31.7,optimal,optimal,optimal,optimal,optimal,optimal,↑ increasing,→ stable,→ stable,100.0,✅ EXCELLENT,False,NONE,3.7,0.0,NONE
1780202936.706,81.4,90.9,31.8,1493.0,44.1,13.81,31.8,31.7,32.4,32.0,optimal,optimal,optimal,optimal,optimal,optimal,↑ increasing,→ stable,→ stable,100.0,✅ EXCELLENT,False,NONE,3.8,0.0,NONE
1780202937.708,77.7,91.3,32.0,1486.0,45.3,13.79,31.7,32.1,32.2,31.9,optimal,optimal,optimal,optimal,optimal,optimal,↑ increasing,→ stable,→ stable,100.0,✅ EXCELLENT,False,NONE,3.7,0.0,NONE
1780202938.709,77.8,91.0,31.8,1537.0,44.9,13.82,32.3,32.1,32.0,32.3,optimal,optimal,optimal,optimal,optimal,optimal,→ stable,→ stable,→ stable,100.0,✅ EXCELLENT,False,NONE,3.6,0.0,NONE
1780202939.709,80.3,90.8,31.8,1491.0,44.2,13.85,32.1,31.6,32.0,32.0,optimal,optimal,optimal,optimal,optimal,optimal,→ stable,→ stable,→ stable,100.0,✅ EXCELLENT,False,NONE,3.9,0.0,NONE
1780202940.709,82.4,89.9,32.2,1502.0,44.6,13.81,32.1,32.0,32.2,32.2,optimal,optimal,optimal,optimal,optimal,optimal,→ stable,→ stable,→ stable,100.0,✅ EXCELLENT,False,NONE,3.5,0.0,NONE
1780202941.711,78.0,90.0,32.1,1546.0,44.3,13.8,32.3,31.9,31.7,32.1,optimal,optimal,optimal,optimal,optimal,optimal,→ stable,↑ increasing,→ stable,100.0,✅ EXCELLENT,False,NONE,3.7,0.0,NONE
1780202942.711,80.0,88.9,32.2,1468.0,45.0,13.8,31.9,32.2,31.8,32.0,optimal,optimal,optimal,optimal,optimal,optimal,→ stable,→ stable,→ stable,100.0,✅ EXCELLENT,False,NONE,3.7,0.6,NONE
1780202943.712,80.5,91.4,32.2,1519.0,45.7,13.83,32.0,31.6,32.0,31.7,optimal,optimal,optimal,optimal,optimal,optimal,→ stable,→ stable,→ stable,100.0,✅ EXCELLENT,False,NONE,3.9,0.0,NONE
1780202944.713,79.3,90.0,31.9,1460.0,45.4,13.8,32.3,31.8,32.3,32.3,optimal,optimal,optimal,optimal,optimal,optimal,→ stable,→ stable,→ stable,100.0,✅ EXCELLENT,False,NONE,3.6,0.0,NONE
1780202945.714,82.5,89.9,32.4,1466.0,44.1,13.84,31.6,32.1,31.8,32.0,optimal,optimal,optimal,optimal,optimal,optimal,→ stable,→ stable,→ stable,100.0,✅ EXCELLENT,False,NONE,4.0,0.0,NONE
1780202946.715,78.5,89.5,32.0,1501.0,45.0,13.76,31.6,32.1,32.4,32.2,optimal,optimal,optimal,optimal,optimal,optimal,→ stable,→ stable,→ stable,100.0,✅ EXCELLENT,False,NONE,3.8,0.1,NONE
1780202947.716,81.4,90.0,32.3,1518.0,46.0,13.83,32.1,31.7,32.1,32.1,optimal,optimal,optimal,optimal,optimal,optimal,→ stable,→ stable,→ stable,100.0,✅ EXCELLENT,False,NONE,3.8,0.0,NONE
1780202948.716,81.5,89.4,31.9,1481.0,44.8,13.84,32.0,32.1,31.9,32.2,optimal,optimal,optimal,optimal,optimal,optimal,↑ increasing,→ stable,→ stable,100.0,✅ EXCELLENT,False,NONE,3.6,0.2,NONE
1780202949.718,77.3,90.3,32.0,1460.0,44.2,13.76,32.3,32.1,31.8,32.2,optimal,optimal,optimal,optimal,optimal,optimal,↑ increasing,→ stable,→ stable,100.0,✅ EXCELLENT,False,NONE,3.5,0.0,NONE
1780202950.718,78.3,88.9,32.3,1538.0,45.9,13.78,32.4,32.3,32.2,31.6,optimal,optimal,optimal,optimal,optimal,optimal,→ stable,→ stable,→ stable,100.0,✅ EXCELLENT,False,NONE,3.8,0.6,NONE
1780202951.72,81.8,91.1,32.1,1455.0,45.0,13.76,31.7,32.0,31.6,31.9,optimal,optimal,optimal,optimal,optimal,optimal,↑ increasing,→ stable,→ stable,100.0,✅ EXCELLENT,False,NONE,4.0,0.0,NONE
1780202952.72,82.1,91.0,32.3,1509.0,44.6,13.81,32.2,32.0,32.1,31.6,optimal,optimal,optimal,optimal,optimal,optimal,↑ increasing,→ stable,→ stable,100.0,✅ EXCELLENT,False,NONE,4.0,0.0,NONE
1780202953.72,79.2,91.3,31.6,1474.0,44.2,13.79,32.1,31.8,32.2,31.6,optimal,optimal,optimal,optimal,optimal,optimal,↑ increasing,→ stable,→ stable,100.0,✅ EXCELLENT,False,NONE,3.8,0.0,NONE
1780202954.72,81.7,91.1,31.7,1467.0,44.2,13.85,31.7,32.2,32.2,31.8,optimal,optimal,optimal,optimal,optimal,optimal,↑ increasing,→ stable,→ stable,100.0,✅ EXCELLENT,False,NONE,3.9,0.0,NONE
1780202955.72,77.1,89.0,32.4,1510.0,45.3,13.85,31.8,31.8,31.6,32.4,optimal,optimal,optimal,optimal,optimal,optimal,→ stable,→ stable,→ stable,100.0,✅ EXCELLENT,False,NONE,3.7,0.5,NONE
1780202956.722,82.6,91.4,32.3,1515.0,45.0,13.8,32.4,31.9,32.1,32.4,optimal,optimal,optimal,optimal,optimal,optimal,↑ increasing,→ stable,→ stable,100.0,✅ EXCELLENT,False,NONE,3.7,0.0,NONE
1780202957.722,79.7,90.9,32.2,1463.0,44.5,13.79,32.0,32.3,32.3,32.3,optimal,optimal,optimal,optimal,optimal,optimal,→ stable,→ stable,→ stable,100.0,✅ EXCELLENT,False,NONE,3.4,0.0,NONE
1780202958.723,78.2,90.8,31.8,1469.0,44.6,13.78,31.8,32.3,32.1,31.7,optimal,optimal,optimal,optimal,optimal,optimal,↓ decreasing,↑ increasing,→ stable,100.0,✅ EXCELLENT,False,NONE,3.7,0.0,NONE
1780202959.724,78.7,91.2,32.1,1510.0,46.0,13.8,32.0,32.0,31.6,32.0,optimal,optimal,optimal,optimal,optimal,optimal,→ stable,↑ increasing,→ stable,100.0,✅ EXCELLENT,False,NONE,3.8,0.0,NONE
1780202960.724,77.3,91.4,31.9,1489.0,45.2,13.84,32.2,32.3,32.3,32.4,optimal,optimal,optimal,optimal,optimal,optimal,→ stable,↑ increasing,→ stable,100.0,✅ EXCELLENT,False,NONE,3.4,0.0,NONE
1780202961.724,77.9,89.1,31.9,1497.0,44.8,13.78,32.0,32.3,32.2,32.3,optimal,optimal,optimal,optimal,optimal,optimal,↓ decreasing,↑ increasing,→ stable,100.0,✅ EXCELLENT,False,NONE,3.4,0.4,NONE
1780202962.726,82.6,90.6,31.7,1516.0,44.6,13.77,32.3,31.9,32.2,31.9,optimal,optimal,optimal,optimal,optimal,optimal,↓ decreasing,↑ increasing,→ stable,100.0,✅ EXCELLENT,False,NONE,3.9,0.0,NONE
1780202963.728,79.0,91.1,31.7,1526.0,44.1,13.8,31.9,31.9,31.8,31.6,optimal,optimal,optimal,optimal,optimal,optimal,↓ decreasing,↑ increasing,→ stable,100.0,✅ EXCELLENT,False,NONE,3.8,0.0,NONE
1780202964.728,79.9,90.1,31.7,1472.0,44.8,13.8,31.9,31.8,31.8,31.9,optimal,optimal,optimal,optimal,optimal,optimal,↓ decreasing,→ stable,→ stable,100.0,✅ EXCELLENT,False,NONE,3.8,0.0,NONE
1780202965.728,80.5,91.3,32.1,1518.0,45.8,13.8,31.7,31.8,31.6,32.1,optimal,optimal,optimal,optimal,optimal,optimal,→ stable,↑ increasing,→ stable,100.0,✅ EXCELLENT,False,NONE,3.9,0.0,NONE
1780202966.728,80.6,91.3,32.1,1536.0,44.3,13.8,32.2,32.1,32.2,31.7,optimal,optimal,optimal,optimal,optimal,optimal,↓ decreasing,→ stable,→ stable,100.0,✅ EXCELLENT,False,NONE,3.8,0.0,NONE
1780202967.729,78.1,91.5,31.8,1453.0,44.8,13.81,31.9,31.9,31.7,32.2,optimal,optimal,optimal,optimal,optimal,optimal,↓ decreasing,→ stable,→ stable,100.0,✅ EXCELLENT,False,NONE,3.7,0.0,NONE
1780202968.731,82.0,90.1,32.1,1522.0,45.1,13.78,32.2,32.2,32.3,32.1,optimal,optimal,optimal,optimal,optimal,optimal,→ stable,→ stable,→ stable,100.0,✅ EXCELLENT,False,NONE,3.4,0.0,NONE
1780202969.731,79.5,90.0,31.6,1473.0,44.9,13.82,31.6,31.6,32.1,31.9,optimal,optimal,optimal,optimal,optimal,optimal,→ stable,→ stable,→ stable,100.0,✅ EXCELLENT,False,NONE,3.9,0.0,NONE
1780202970.732,81.4,88.6,31.8,1494.0,45.0,13.8,31.9,32.0,31.7,31.9,optimal,optimal,optimal,optimal,optimal,optimal,→ stable,↓ decreasing,→ stable,100.0,✅ EXCELLENT,False,NONE,3.8,1.0,NONE
1780202971.732,79.2,88.5,32.4,1521.0,44.0,13.79,31.8,32.2,32.1,31.9,optimal,optimal,optimal,optimal,optimal,optimal,↑ increasing,→ stable,→ stable,100.0,✅ EXCELLENT,False,NONE,3.6,1.1,NONE
1780202972.733,82.0,88.5,32.3,1533.0,44.6,13.81,32.0,31.9,32.0,32.2,optimal,optimal,optimal,optimal,optimal,optimal,↑ increasing,↓ decreasing,→ stable,100.0,✅ EXCELLENT,False,NONE,3.6,1.1,NONE
1780202973.734,77.4,90.4,31.7,1459.0,45.8,13.8,31.6,31.9,32.3,31.9,optimal,optimal,optimal,optimal,optimal,optimal,↑ increasing,↓ decreasing,→ stable,100.0,✅ EXCELLENT,False,NONE,3.8,0.0,NONE
1780202974.735,81.0,91.1,32.0,1526.0,45.2,13.8,32.0,31.7,32.2,32.0,optimal,optimal,optimal,optimal,optimal,optimal,↑ increasing,→ stable,→ stable,100.0,✅ EXCELLENT,False,NONE,3.8,0.0,NONE
1780202975.735,81.3,90.7,32.3,1458.0,45.8,13.76,31.9,32.1,31.7,31.8,optimal,optimal,optimal,optimal,optimal,optimal,↑ increasing,↓ decreasing,→ stable,100.0,✅ EXCELLENT,False,NONE,3.8,0.0,NONE
1780202976.735,82.7,90.6,32.1,1481.0,44.6,13.81,32.4,32.3,32.0,32.2,optimal,optimal,optimal,optimal,optimal,optimal,↑ increasing,↓ decreasing,→ stable,100.0,✅ EXCELLENT,False,NONE,3.5,0.0,NONE
1780202977.735,79.0,89.5,32.1,1535.0,45.7,13.84,31.9,32.3,31.6,32.3,optimal,optimal,optimal,optimal,optimal,optimal,↑ increasing,↓ decreasing,→ stable,100.0,✅ EXCELLENT,False,NONE,3.8,0.1,NONE
1780202978.735,79.7,90.2,31.9,1510.0,44.4,13.8,31.9,31.8,31.8,31.7,optimal,optimal,optimal,optimal,optimal,optimal,↑ increasing,↓ decreasing,→ stable,100.0,✅ EXCELLENT,False,NONE,3.8,0.0,NONE
1780202979.736,78.1,89.0,32.2,1495.0,44.5,13.84,32.3,32.0,31.8,32.1,optimal,optimal,optimal,optimal,optimal,optimal,→ stable,↓ decreasing,→ stable,100.0,✅ EXCELLENT,False,NONE,3.6,0.5,NONE
1780202980.736,77.0,89.8,32.0,1450.0,45.7,13.8,31.8,32.2,31.8,32.3,optimal,optimal,optimal,optimal,optimal,optimal,→ stable,↓ decreasing,→ stable,100.0,✅ EXCELLENT,False,NONE,3.5,0.0,NONE
1780202981.737,82.0,89.5,32.2,1488.0,44.7,13.8,31.9,32.3,32.1,32.0,optimal,optimal,optimal,optimal,optimal,optimal,→ stable,→ stable,→ stable,100.0,✅ EXCELLENT,False,NONE,3.6,0.1,NONE
1780202982.739,77.1,88.8,32.3,1478.0,44.9,13.83,31.8,32.3,31.6,31.7,optimal,optimal,optimal,optimal,optimal,optimal,↓ decreasing,→ stable,→ stable,100.0,✅ EXCELLENT,False,NONE,3.7,0.7,NONE
1780202983.739,78.2,89.7,32.1,1504.0,44.9,13.8,31.9,32.1,31.8,32.0,optimal,optimal,optimal,optimal,optimal,optimal,→ stable,→ stable,→ stable,100.0,✅ EXCELLENT,False,NONE,3.6,0.0,NONE
1780202984.739,79.3,90.6,31.6,1536.0,45.8,13.82,32.2,31.8,32.0,31.7,optimal,optimal,optimal,optimal,optimal,optimal,↓ decreasing,→ stable,→ stable,100.0,✅ EXCELLENT,False,NONE,3.9,0.0,NONE
1780202985.74,78.6,89.3,32.1,1486.0,45.0,13.79,32.0,32.1,32.4,32.2,optimal,optimal,optimal,optimal,optimal,optimal,↓ decreasing,→ stable,→ stable,100.0,✅ EXCELLENT,False,NONE,3.4,0.2,NONE
1780202986.742,79.0,90.5,31.7,1456.0,44.3,13.76,32.1,32.1,32.0,32.3,optimal,optimal,optimal,optimal,optimal,optimal,↓ decreasing,→ stable,→ stable,100.0,✅ EXCELLENT,False,NONE,3.7,0.0,NONE
1780202987.742,79.8,88.8,32.3,1528.0,44.8,13.84,32.3,32.0,32.3,32.3,optimal,optimal,optimal,optimal,optimal,optimal,↓ decreasing,→ stable,→ stable,100.0,✅ EXCELLENT,False,NONE,3.4,0.7,NONE
1780202988.742,77.8,89.0,32.3,1469.0,45.2,13.81,32.2,32.1,31.7,32.3,optimal,optimal,optimal,optimal,optimal,optimal,↓ decreasing,→ stable,→ stable,100.0,✅ EXCELLENT,False,NONE,3.7,0.5,NONE
1780202989.744,80.2,90.7,32.1,1507.0,44.9,13.8,32.1,32.4,31.7,31.8,optimal,optimal,optimal,optimal,optimal,optimal,↓ decreasing,→ stable,→ stable,100.0,✅ EXCELLENT,False,NONE,3.8,0.0,NONE
1780202990.745,80.2,88.9,31.8,1452.0,44.5,13.83,32.2,31.8,31.7,31.6,optimal,optimal,optimal,optimal,optimal,optimal,↓ decreasing,→ stable,→ stable,100.0,✅ EXCELLENT,False,NONE,3.9,0.6,NONE
1780202991.746,78.5,90.4,32.2,1462.0,44.9,13.81,31.8,32.0,32.1,31.8,optimal,optimal,optimal,optimal,optimal,optimal,↓ decreasing,→ stable,→ stable,100.0,✅ EXCELLENT,False,NONE,3.6,0.0,NONE
1780202992.747,80.2,90.1,32.0,1482.0,45.4,13.78,32.0,31.7,32.3,32.1,optimal,optimal,optimal,optimal,optimal,optimal,→ stable,→ stable,→ stable,100.0,✅ EXCELLENT,False,NONE,3.8,0.0,NONE
1780202993.747,79.4,90.0,32.0,1480.0,45.3,13.76,31.6,31.7,31.7,32.0,optimal,optimal,optimal,optimal,optimal,optimal,→ stable,→ stable,→ stable,100.0,✅ EXCELLENT,False,NONE,3.9,0.0,NONE
1780202994.747,82.3,89.0,32.2,1533.0,44.7,13.78,32.1,32.0,32.2,32.1,optimal,optimal,optimal,optimal,optimal,optimal,→ stable,→ stable,→ stable,100.0,✅ EXCELLENT,False,NONE,3.5,0.5,NONE
1780202995.748,77.0,89.1,32.0,1544.0,45.6,13.84,31.7,32.2,31.6,31.6,optimal,optimal,optimal,optimal,optimal,optimal,→ stable,→ stable,→ stable,100.0,✅ EXCELLENT,False,NONE,3.7,0.4,NONE
1780202996.748,77.2,89.6,32.1,1504.0,45.0,13.76,32.0,32.3,31.8,32.3,optimal,optimal,optimal,optimal,optimal,optimal,→ stable,→ stable,→ stable,100.0,✅ EXCELLENT,False,NONE,3.5,0.1,NONE
1780202997.749,77.7,89.7,32.1,1541.0,45.8,13.78,31.8,32.2,31.8,31.9,optimal,optimal,optimal,optimal,optimal,optimal,→ stable,→ stable,→ stable,100.0,✅ EXCELLENT,False,NONE,3.6,0.0,NONE
1780202998.75,81.8,91.3,31.9,1518.0,45.5,13.79,31.9,32.1,31.7,31.9,optimal,optimal,optimal,optimal,optimal,optimal,↑ increasing,→ stable,→ stable,100.0,✅ EXCELLENT,False,NONE,3.9,0.0,NONE
1780202999.751,78.9,90.7,32.4,1476.0,45.3,13.75,31.8,31.7,32.4,31.7,optimal,optimal,optimal,optimal,optimal,optimal,→ stable,→ stable,→ stable,100.0,✅ EXCELLENT,False,NONE,3.7,0.0,NONE
1780203000.752,82.2,90.6,32.1,1471.0,45.7,13.81,32.0,31.8,32.3,31.6,optimal,optimal,optimal,optimal,optimal,optimal,→ stable,→ stable,→ stable,100.0,✅ EXCELLENT,False,NONE,4.0,0.0,NONE
1780203001.753,81.7,89.4,31.6,1488.0,45.1,13.77,31.7,31.8,31.8,31.8,optimal,optimal,optimal,optimal,optimal,optimal,↑ increasing,→ stable,→ stable,100.0,✅ EXCELLENT,False,NONE,4.0,0.2,NONE
1780203002.754,80.2,91.2,31.8,1539.0,44.1,13.79,31.7,31.9,32.2,32.2,optimal,optimal,optimal,optimal,optimal,optimal,↑ increasing,→ stable,→ stable,100.0,✅ EXCELLENT,False,NONE,3.8,0.0,NONE
1780203003.755,80.2,89.0,31.8,1469.0,45.9,13.78,32.1,32.3,32.0,32.0,optimal,optimal,optimal,optimal,optimal,optimal,↑ increasing,→ stable,→ stable,100.0,✅ EXCELLENT,False,NONE,3.7,0.5,NONE
1780203004.755,79.5,89.4,32.4,1514.0,45.7,13.81,32.2,32.0,31.9,32.1,optimal,optimal,optimal,optimal,optimal,optimal,→ stable,→ stable,→ stable,100.0,✅ EXCELLENT,False,NONE,3.5,0.2,NONE
1780203005.755,78.9,89.5,32.3,1509.0,45.4,13.81,31.9,32.3,32.0,31.8,optimal,optimal,optimal,optimal,optimal,optimal,→ stable,→ stable,→ stable,100.0,✅ EXCELLENT,False,NONE,3.6,0.1,NONE
1780203006.757,81.3,88.9,32.4,1496.0,44.7,13.84,31.9,31.8,31.6,32.3,optimal,optimal,optimal,optimal,optimal,optimal,↑ increasing,→ stable,→ stable,100.0,✅ EXCELLENT,False,NONE,3.9,0.6,NONE
1780203007.758,80.7,90.9,32.3,1505.0,45.1,13.76,32.3,32.2,31.7,32.0,optimal,optimal,optimal,optimal,optimal,optimal,↑ increasing,→ stable,→ stable,100.0,✅ EXCELLENT,False,NONE,3.8,0.0,NONE
1780203008.759,81.6,90.8,32.3,1528.0,44.6,13.8,32.3,31.9,32.0,31.8,optimal,optimal,optimal,optimal,optimal,optimal,↑ increasing,→ stable,→ stable,100.0,✅ EXCELLENT,False,NONE,3.7,0.0,NONE
1780203009.759,80.5,91.3,31.6,1457.0,45.9,13.8,31.9,31.9,32.3,32.3,optimal,optimal,optimal,optimal,optimal,optimal,↑ increasing,→ stable,→ stable,100.0,✅ EXCELLENT,False,NONE,3.9,0.0,NONE
1780203010.761,77.9,91.4,32.2,1507.0,45.4,13.81,32.3,32.3,32.0,31.9,optimal,optimal,optimal,optimal,optimal,optimal,↑ increasing,→ stable,→ stable,100.0,✅ EXCELLENT,False,NONE,3.4,0.0,NONE
1780203011.761,81.6,90.8,32.2,1456.0,44.4,13.81,32.1,31.7,31.8,32.3,optimal,optimal,optimal,optimal,optimal,optimal,→ stable,→ stable,→ stable,100.0,✅ EXCELLENT,False,NONE,3.8,0.0,NONE
1780203012.762,78.7,90.5,31.7,1543.0,45.8,13.77,31.8,32.3,31.7,31.7,optimal,optimal,optimal,optimal,optimal,optimal,→ stable,→ stable,→ stable,100.0,✅ EXCELLENT,False,NONE,3.7,0.0,NONE
1780203013.763,82.0,89.9,32.0,1509.0,45.4,13.81,32.1,32.0,32.3,31.8,optimal,optimal,optimal,optimal,optimal,optimal,→ stable,→ stable,→ stable,100.0,✅ EXCELLENT,False,NONE,3.7,0.0,NONE
1780203014.764,78.1,89.0,32.0,1472.0,44.1,13.77,32.4,31.8,31.7,32.2,optimal,optimal,optimal,optimal,optimal,optimal,→ stable,→ stable,→ stable,100.0,✅ EXCELLENT,False,NONE,3.7,0.5,NONE
1780203015.765,78.4,88.6,31.6,1476.0,44.7,13.8,32.0,32.0,32.1,32.3,optimal,optimal,optimal,optimal,optimal,optimal,→ stable,→ stable,→ stable,100.0,✅ EXCELLENT,False,NONE,3.8,1.0,NONE
1780203016.766,78.6,88.9,32.3,1530.0,45.8,13.8,31.6,31.8,31.7,32.1,optimal,optimal,optimal,optimal,optimal,optimal,→ stable,→ stable,→ stable,100.0,✅ EXCELLENT,False,NONE,3.8,0.6,NONE
1780203017.765,77.4,90.8,32.4,1536.0,44.6,13.77,31.7,32.1,31.7,31.6,optimal,optimal,optimal,optimal,optimal,optimal,↓ decreasing,→ stable,→ stable,100.0,✅ EXCELLENT,False,NONE,3.8,0.0,NONE
1780203018.767,81.0,91.2,31.8,1465.0,44.9,13.84,32.1,31.8,31.9,32.3,optimal,optimal,optimal,optimal,optimal,optimal,↓ decreasing,→ stable,→ stable,100.0,✅ EXCELLENT,False,NONE,3.7,0.0,NONE
1780203019.767,81.6,88.8,32.1,1505.0,45.7,13.78,32.1,32.3,31.7,31.8,optimal,optimal,optimal,optimal,optimal,optimal,↓ decreasing,→ stable,→ stable,100.0,✅ EXCELLENT,False,NONE,3.8,0.7,NONE
1780203020.77,79.2,90.8,31.7,1464.0,44.5,13.79,32.3,32.2,32.0,32.0,optimal,optimal,optimal,optimal,optimal,optimal,↓ decreasing,→ stable,→ stable,100.0,✅ EXCELLENT,False,NONE,3.7,0.0,NONE
1780203021.771,81.5,88.6,31.9,1502.0,44.5,13.8,32.0,32.1,32.1,31.8,optimal,optimal,optimal,optimal,optimal,optimal,↓ decreasing,↓ decreasing,→ stable,100.0,✅ EXCELLENT,False,NONE,3.7,1.0,NONE
1780203022.772,81.4,88.7,32.3,1459.0,45.6,13.84,32.1,31.9,31.9,32.3,optimal,optimal,optimal,optimal,optimal,optimal,→ stable,↓ decreasing,→ stable,100.0,✅ EXCELLENT,False,NONE,3.6,0.8,NONE
1780203023.773,77.8,89.9,32.3,1521.0,44.5,13.75,31.9,31.9,31.9,31.6,optimal,optimal,optimal,optimal,optimal,optimal,↓ decreasing,↓ decreasing,→ stable,100.0,✅ EXCELLENT,False,NONE,3.8,0.0,NONE
1780203024.773,81.4,91.4,31.7,1505.0,45.5,13.82,32.1,32.1,32.0,32.2,optimal,optimal,optimal,optimal,optimal,optimal,→ stable,↓ decreasing,→ stable,100.0,✅ EXCELLENT,False,NONE,3.8,0.0,NONE
1780203025.774,79.3,89.9,32.0,1499.0,45.4,13.76,32.3,31.7,31.6,31.9,optimal,optimal,optimal,optimal,optimal,optimal,→ stable,→ stable,→ stable,100.0,✅ EXCELLENT,False,NONE,3.9,0.0,NONE
1780203026.775,83.0,91.2,31.7,1523.0,45.2,13.78,31.9,32.2,32.3,31.9,optimal,optimal,optimal,optimal,optimal,optimal,↑ increasing,→ stable,→ stable,100.0,✅ EXCELLENT,False,NONE,3.9,0.0,NONE
1780203027.776,79.9,89.2,31.6,1538.0,44.7,13.76,32.0,31.7,32.2,32.1,optimal,optimal,optimal,optimal,optimal,optimal,↑ increasing,→ stable,→ stable,100.0,✅ EXCELLENT,False,NONE,3.9,0.3,NONE
1780203028.776,80.2,89.6,31.9,1517.0,44.0,13.85,31.8,31.9,31.8,31.6,optimal,optimal,optimal,optimal,optimal,optimal,↑ increasing,→ stable,→ stable,100.0,✅ EXCELLENT,False,NONE,3.9,0.1,NONE
1780203029.777,77.3,91.3,32.3,1504.0,44.9,13.78,32.4,32.3,31.9,31.8,optimal,optimal,optimal,optimal,optimal,optimal,↑ increasing,→ stable,→ stable,100.0,✅ EXCELLENT,False,NONE,3.5,0.0,NONE
1780203030.777,77.8,90.3,32.0,1452.0,45.5,13.85,32.3,32.2,31.8,32.4,optimal,optimal,optimal,optimal,optimal,optimal,→ stable,→ stable,→ stable,100.0,✅ EXCELLENT,False,NONE,3.6,0.0,NONE
1780203031.779,79.0,90.4,32.2,1471.0,45.6,13.84,32.2,32.0,32.3,31.8,optimal,optimal,optimal,optimal,optimal,optimal,→ stable,→ stable,→ stable,100.0,✅ EXCELLENT,False,NONE,3.6,0.0,NONE
1780203032.779,81.5,90.4,32.1,1452.0,45.3,13.85,32.3,31.6,31.8,32.2,optimal,optimal,optimal,optimal,optimal,optimal,→ stable,↑ increasing,→ stable,100.0,✅ EXCELLENT,False,NONE,4.0,0.0,NONE
1780203033.779,82.9,90.4,31.8,1451.0,44.3,13.8,31.9,31.7,32.0,31.8,optimal,optimal,optimal,optimal,optimal,optimal,↑ increasing,↑ increasing,→ stable,100.0,✅ EXCELLENT,False,NONE,3.9,0.0,NONE
1780203034.779,79.1,90.7,32.0,1478.0,44.9,13.82,31.6,32.3,32.4,32.2,optimal,optimal,optimal,optimal,optimal,optimal,→ stable,↑ increasing,→ stable,100.0,✅ EXCELLENT,False,NONE,3.8,0.0,NONE
1780203035.779,81.2,89.5,31.7,1490.0,44.1,13.77,31.7,32.0,31.6,32.1,optimal,optimal,optimal,optimal,optimal,optimal,→ stable,→ stable,→ stable,100.0,✅ EXCELLENT,False,NONE,3.9,0.1,NONE
1780203036.781,80.1,89.4,31.8,1468.0,45.6,13.76,32.3,31.8,31.6,31.8,optimal,optimal,optimal,optimal,optimal,optimal,→ stable,→ stable,→ stable,100.0,✅ EXCELLENT,False,NONE,3.9,0.2,NONE
1780203037.781,81.0,90.2,32.1,1512.0,45.2,13.79,32.3,31.8,32.1,31.6,optimal,optimal,optimal,optimal,optimal,optimal,↓ decreasing,→ stable,→ stable,100.0,✅ EXCELLENT,False,NONE,3.9,0.0,NONE
1780203038.783,82.1,90.9,32.0,1539.0,45.0,13.76,32.2,31.6,32.3,31.6,optimal,optimal,optimal,optimal,optimal,optimal,→ stable,↑ increasing,→ stable,100.0,✅ EXCELLENT,False,NONE,4.0,0.0,NONE
1780203039.783,81.8,88.9,31.8,1516.0,45.4,13.83,32.3,31.8,32.3,31.7,optimal,optimal,optimal,optimal,optimal,optimal,↑ increasing,→ stable,→ stable,100.0,✅ EXCELLENT,False,NONE,3.9,0.6,NONE
1780203040.783,79.7,89.2,32.2,1536.0,44.7,13.85,32.1,32.3,32.0,31.8,optimal,optimal,optimal,optimal,optimal,optimal,↑ increasing,→ stable,→ stable,100.0,✅ EXCELLENT,False,NONE,3.6,0.3,NONE
1780203041.784,80.4,89.1,31.6,1479.0,44.4,13.83,31.6,31.7,32.4,31.7,optimal,optimal,optimal,optimal,optimal,optimal,↑ increasing,→ stable,→ stable,100.0,✅ EXCELLENT,False,NONE,3.9,0.4,NONE
1780203042.784,78.5,88.8,32.2,1472.0,44.7,13.84,32.2,31.8,32.0,31.8,optimal,optimal,optimal,optimal,optimal,optimal,↑ increasing,↓ decreasing,→ stable,100.0,✅ EXCELLENT,False,NONE,3.6,0.7,NONE
1780203043.784,79.1,90.1,31.9,1542.0,44.3,13.75,32.0,31.7,31.7,32.3,optimal,optimal,optimal,optimal,optimal,optimal,→ stable,↓ decreasing,→ stable,100.0,✅ EXCELLENT,False,NONE,3.7,0.0,NONE
1780203044.784,77.5,91.5,31.6,1519.0,45.1,13.83,32.0,32.1,32.0,32.0,optimal,optimal,optimal,optimal,optimal,optimal,→ stable,↓ decreasing,→ stable,100.0,✅ EXCELLENT,False,NONE,3.8,0.0,NONE
1780203045.786,82.8,90.2,32.3,1508.0,45.2,13.85,31.7,31.7,32.1,31.7,optimal,optimal,optimal,optimal,optimal,optimal,→ stable,→ stable,→ stable,100.0,✅ EXCELLENT,False,NONE,3.9,0.0,NONE
1780203046.787,80.3,91.3,31.7,1546.0,44.4,13.82,32.3,32.1,32.0,31.8,optimal,optimal,optimal,optimal,optimal,optimal,→ stable,→ stable,→ stable,100.0,✅ EXCELLENT,False,NONE,3.8,0.0,NONE
1780203047.787,82.7,88.6,31.8,1473.0,44.6,13.76,31.9,31.8,31.9,31.7,optimal,optimal,optimal,optimal,optimal,optimal,→ stable,→ stable,→ stable,100.0,✅ EXCELLENT,False,NONE,3.9,1.0,NONE
1780203048.787,82.8,90.6,32.2,1452.0,44.4,13.84,32.3,32.1,31.8,32.2,optimal,optimal,optimal,optimal,optimal,optimal,→ stable,↓ decreasing,→ stable,100.0,✅ EXCELLENT,False,NONE,3.8,0.0,NONE
1780203049.789,82.8,89.7,32.0,1477.0,44.6,13.78,32.1,31.6,31.8,32.0,optimal,optimal,optimal,optimal,optimal,optimal,→ stable,→ stable,→ stable,100.0,✅ EXCELLENT,False,NONE,4.0,0.0,NONE
1780203050.79,82.3,91.2,31.9,1483.0,44.6,13.83,32.0,31.8,32.3,31.9,optimal,optimal,optimal,optimal,optimal,optimal,→ stable,→ stable,→ stable,100.0,✅ EXCELLENT,False,NONE,3.8,0.0,NONE
1780203051.79,78.4,90.5,32.3,1474.0,45.0,13.8,31.8,32.2,31.8,32.1,optimal,optimal,optimal,optimal,optimal,optimal,→ stable,→ stable,→ stable,100.0,✅ EXCELLENT,False,NONE,3.6,0.0,NONE
1780203052.791,82.7,89.5,31.7,1548.0,44.1,13.85,31.8,32.0,32.3,31.8,optimal,optimal,optimal,optimal,optimal,optimal,→ stable,↑ increasing,→ stable,100.0,✅ EXCELLENT,False,NONE,3.9,0.1,NONE
1780203053.792,81.0,88.8,31.7,1536.0,45.0,13.76,31.9,32.1,32.0,32.0,optimal,optimal,optimal,optimal,optimal,optimal,↑ increasing,↑ increasing,→ stable,100.0,✅ EXCELLENT,False,NONE,3.8,0.7,NONE
1780203054.794,82.3,89.7,32.3,1464.0,45.9,13.84,31.9,31.8,32.3,31.7,optimal,optimal,optimal,optimal,optimal,optimal,↑ increasing,→ stable,→ stable,100.0,✅ EXCELLENT,False,NONE,3.9,0.0,NONE
1780203055.794,79.3,88.6,32.2,1495.0,44.1,13.82,31.8,31.9,32.1,31.6,optimal,optimal,optimal,optimal,optimal,optimal,↑ increasing,→ stable,→ stable,100.0,✅ EXCELLENT,False,NONE,3.9,1.0,NONE
1780203056.796,78.3,91.0,31.7,1485.0,45.1,13.84,32.0,32.2,31.8,32.1,optimal,optimal,optimal,optimal,optimal,optimal,↑ increasing,→ stable,→ stable,100.0,✅ EXCELLENT,False,NONE,3.7,0.0,NONE
1780203057.796,82.7,90.0,31.7,1506.0,44.1,13.82,32.1,32.3,32.4,31.6,optimal,optimal,optimal,optimal,optimal,optimal,↑ increasing,→ stable,→ stable,100.0,✅ EXCELLENT,False,NONE,4.0,0.0,NONE
1780203058.798,77.8,91.3,32.3,1512.0,45.3,13.76,32.2,32.1,32.3,32.0,optimal,optimal,optimal,optimal,optimal,optimal,→ stable,→ stable,→ stable,100.0,✅ EXCELLENT,False,NONE,3.3,0.0,NONE
1780203059.799,77.4,90.0,32.2,1514.0,45.4,13.82,31.8,31.7,31.8,31.9,optimal,optimal,optimal,optimal,optimal,optimal,→ stable,→ stable,→ stable,100.0,✅ EXCELLENT,False,NONE,3.6,0.0,NONE
1780203060.8,77.7,90.4,32.0,1477.0,44.1,13.78,31.8,32.1,31.7,32.0,optimal,optimal,optimal,optimal,optimal,optimal,↓ decreasing,→ stable,→ stable,100.0,✅ EXCELLENT,False,NONE,3.7,0.0,NONE
1780203061.8,77.1,90.4,31.8,1470.0,44.1,13.83,32.0,31.9,32.1,32.1,optimal,optimal,optimal,optimal,optimal,optimal,↓ decreasing,→ stable,→ stable,100.0,✅ EXCELLENT,False,NONE,3.5,0.0,NONE
1780203062.801,80.5,88.9,32.0,1469.0,44.1,13.81,31.9,31.8,31.7,31.7,optimal,optimal,optimal,optimal,optimal,optimal,↓ decreasing,→ stable,→ stable,100.0,✅ EXCELLENT,False,NONE,3.8,0.6,NONE
1780203063.801,78.3,91.5,31.6,1541.0,44.5,13.79,31.8,31.8,31.6,31.9,optimal,optimal,optimal,optimal,optimal,optimal,↓ decreasing,→ stable,→ stable,100.0,✅ EXCELLENT,False,NONE,3.8,0.0,NONE
1780203064.802,80.8,90.5,32.2,1536.0,45.1,13.81,32.2,32.2,31.9,32.2,optimal,optimal,optimal,optimal,optimal,optimal,↓ decreasing,→ stable,→ stable,100.0,✅ EXCELLENT,False,NONE,3.6,0.0,NONE
1780203065.802,79.0,89.8,32.3,1503.0,46.0,13.76,31.7,32.3,32.2,31.8,optimal,optimal,optimal,optimal,optimal,optimal,↓ decreasing,↑ increasing,→ stable,100.0,✅ EXCELLENT,False,NONE,3.7,0.0,NONE
1780203066.803,81.9,90.8,31.7,1545.0,44.8,13.84,32.2,31.7,31.7,31.7,optimal,optimal,optimal,optimal,optimal,optimal,↓ decreasing,↑ increasing,→ stable,100.0,✅ EXCELLENT,False,NONE,3.9,0.0,NONE
1780203067.804,82.7,89.2,32.1,1550.0,45.9,13.84,32.1,32.1,32.2,32.1,optimal,optimal,optimal,optimal,optimal,optimal,↓ decreasing,→ stable,→ stable,100.0,✅ EXCELLENT,False,NONE,3.4,0.3,NONE
1780203068.804,81.9,88.5,32.1,1506.0,44.4,13.76,32.1,32.1,31.9,32.3,optimal,optimal,optimal,optimal,optimal,optimal,↓ decreasing,→ stable,→ stable,100.0,✅ EXCELLENT,False,NONE,3.6,1.1,NONE
1780203069.804,81.0,90.5,32.4,1484.0,45.5,13.82,32.0,32.4,32.3,31.9,optimal,optimal,optimal,optimal,optimal,optimal,→ stable,→ stable,→ stable,100.0,✅ EXCELLENT,False,NONE,3.6,0.0,NONE
1780203070.804,81.2,89.0,31.7,1518.0,44.2,13.77,31.9,32.3,32.4,31.7,optimal,optimal,optimal,optimal,optimal,optimal,↑ increasing,→ stable,→ stable,100.0,✅ EXCELLENT,False,NONE,3.8,0.5,NONE
1780203071.804,82.4,89.1,31.9,1546.0,44.0,13.78,31.7,31.7,31.6,31.8,optimal,optimal,optimal,optimal,optimal,optimal,↑ increasing,→ stable,→ stable,100.0,✅ EXCELLENT,False,NONE,4.0,0.4,NONE
1780203072.806,79.1,90.0,32.4,1528.0,45.8,13.78,32.1,32.3,31.9,31.9,optimal,optimal,optimal,optimal,optimal,optimal,↑ increasing,→ stable,→ stable,100.0,✅ EXCELLENT,False,NONE,3.5,0.0,NONE
1780203073.807,81.9,90.9,31.8,1521.0,44.4,13.75,31.7,32.3,31.9,31.6,optimal,optimal,optimal,optimal,optimal,optimal,↑ increasing,→ stable,→ stable,100.0,✅ EXCELLENT,False,NONE,4.0,0.0,NONE
1780203074.808,82.0,88.8,31.8,1479.0,45.6,13.79,31.7,32.4,32.2,32.0,optimal,optimal,optimal,optimal,optimal,optimal,↑ increasing,↓ decreasing,→ stable,100.0,✅ EXCELLENT,False,NONE,3.9,0.7,NONE
1780203075.808,79.4,89.9,32.1,1503.0,44.2,13.77,32.2,31.7,32.3,31.9,optimal,optimal,optimal,optimal,optimal,optimal,↑ increasing,↓ decreasing,→ stable,100.0,✅ EXCELLENT,False,NONE,3.7,0.0,NONE
1780203076.809,79.1,91.1,32.2,1472.0,44.4,13.84,32.0,32.4,32.0,31.9,optimal,optimal,optimal,optimal,optimal,optimal,↑ increasing,↓ decreasing,→ stable,100.0,✅ EXCELLENT,False,NONE,3.5,0.0,NONE
1780203077.81,81.8,90.8,32.0,1459.0,44.8,13.8,32.2,31.8,32.0,32.0,optimal,optimal,optimal,optimal,optimal,optimal,↑ increasing,→ stable,→ stable,100.0,✅ EXCELLENT,False,NONE,3.7,0.0,NONE
1780203078.81,79.0,88.5,31.7,1489.0,44.1,13.77,32.3,31.7,31.6,32.0,optimal,optimal,optimal,optimal,optimal,optimal,↑ increasing,→ stable,→ stable,100.0,✅ EXCELLENT,False,NONE,3.8,1.1,NONE
1780203079.812,80.7,90.9,31.9,1493.0,45.7,13.79,31.8,31.6,32.3,31.8,optimal,optimal,optimal,optimal,optimal,optimal,↑ increasing,→ stable,→ stable,100.0,✅ EXCELLENT,False,NONE,3.9,0.0,NONE
1780203080.812,79.7,89.5,31.9,1500.0,45.5,13.76,31.9,31.7,31.8,31.9,optimal,optimal,optimal,optimal,optimal,optimal,→ stable,→ stable,→ stable,100.0,✅ EXCELLENT,False,NONE,3.8,0.1,NONE
1780203081.814,77.5,89.1,32.3,1539.0,45.2,13.76,31.9,32.2,31.7,32.3,optimal,optimal,optimal,optimal,optimal,optimal,↓ decreasing,→ stable,→ stable,100.0,✅ EXCELLENT,False,NONE,3.7,0.4,NONE
1780203082.814,77.9,90.3,32.4,1492.0,44.7,13.75,31.7,32.2,31.6,32.4,optimal,optimal,optimal,optimal,optimal,optimal,↓ decreasing,→ stable,→ stable,100.0,✅ EXCELLENT,False,NONE,3.8,0.0,NONE
1780203083.815,80.1,89.9,32.3,1479.0,46.0,13.84,31.9,31.7,32.2,32.4,optimal,optimal,optimal,optimal,optimal,optimal,↓ decreasing,→ stable,→ stable,100.0,✅ EXCELLENT,False,NONE,3.8,0.0,NONE
1780203084.817,79.7,89.8,31.9,1472.0,45.1,13.8,31.6,31.8,31.8,32.3,optimal,optimal,optimal,optimal,optimal,optimal,↓ decreasing,→ stable,→ stable,100.0,✅ EXCELLENT,False,NONE,3.9,0.0,NONE
1780203085.818,80.2,90.7,31.8,1536.0,45.7,13.81,31.8,31.8,31.8,32.1,optimal,optimal,optimal,optimal,optimal,optimal,↓ decreasing,→ stable,→ stable,100.0,✅ EXCELLENT,False,NONE,3.7,0.0,NONE
1780203086.818,81.1,91.0,32.2,1544.0,45.6,13.77,32.2,32.0,32.4,31.8,optimal,optimal,optimal,optimal,optimal,optimal,↓ decreasing,→ stable,→ stable,100.0,✅ EXCELLENT,False,NONE,3.7,0.0,NONE
1780203087.82,82.1,89.4,32.3,1549.0,45.2,13.84,32.3,31.8,32.1,31.8,optimal,optimal,optimal,optimal,optimal,optimal,↓ decreasing,→ stable,→ stable,100.0,✅ EXCELLENT,False,NONE,3.8,0.2,NONE
1780203088.82,79.9,90.3,31.8,1499.0,45.4,13.82,32.2,32.0,32.0,32.2,optimal,optimal,optimal,optimal,optimal,optimal,↓ decreasing,→ stable,→ stable,100.0,✅ EXCELLENT,False,NONE,3.7,0.0,NONE
1780203089.821,79.7,90.5,31.8,1518.0,44.2,13.84,32.0,32.2,32.3,31.7,optimal,optimal,optimal,optimal,optimal,optimal,↓ decreasing,→ stable,→ stable,100.0,✅ EXCELLENT,False,NONE,3.8,0.0,NONE
1780203090.821,81.2,89.7,32.4,1548.0,45.8,13.77,32.1,31.9,31.7,31.7,optimal,optimal,optimal,optimal,optimal,optimal,↓ decreasing,→ stable,→ stable,100.0,✅ EXCELLENT,False,NONE,3.8,0.0,NONE
1780203091.822,82.6,89.8,32.0,1549.0,44.2,13.82,32.0,32.4,32.1,31.6,optimal,optimal,optimal,optimal,optimal,optimal,→ stable,→ stable,→ stable,100.0,✅ EXCELLENT,False,NONE,4.0,0.0,NONE
1780203092.822,79.1,91.5,31.7,1460.0,44.5,13.79,31.9,32.2,31.6,31.9,optimal,optimal,optimal,optimal,optimal,optimal,↑ increasing,→ stable,→ stable,100.0,✅ EXCELLENT,False,NONE,3.8,0.0,NONE
1780203093.824,81.8,89.0,31.7,1472.0,44.5,13.84,31.7,31.6,31.9,31.9,optimal,optimal,optimal,optimal,optimal,optimal,↑ increasing,→ stable,→ stable,100.0,✅ EXCELLENT,False,NONE,4.0,0.5,NONE
1780203094.824,81.7,91.4,32.1,1506.0,44.9,13.78,32.4,32.0,32.1,31.8,optimal,optimal,optimal,optimal,optimal,optimal,↑ increasing,→ stable,→ stable,100.0,✅ EXCELLENT,False,NONE,3.7,0.0,NONE
1780203095.826,77.7,91.3,32.1,1472.0,44.3,13.83,32.1,32.0,31.6,31.7,optimal,optimal,optimal,optimal,optimal,optimal,↑ increasing,→ stable,→ stable,100.0,✅ EXCELLENT,False,NONE,3.8,0.0,NONE
1780203096.826,80.9,91.0,31.7,1546.0,44.7,13.75,32.1,31.6,31.7,32.2,optimal,optimal,optimal,optimal,optimal,optimal,↑ increasing,→ stable,→ stable,100.0,✅ EXCELLENT,False,NONE,3.9,0.0,NONE
1780203097.826,78.2,89.4,32.2,1452.0,45.0,13.8,32.0,32.0,31.8,32.2,optimal,optimal,optimal,optimal,optimal,optimal,→ stable,→ stable,→ stable,100.0,✅ EXCELLENT,False,NONE,3.6,0.2,NONE
1780203098.827,79.8,91.1,31.7,1533.0,45.2,13.79,32.0,31.7,32.1,32.2,optimal,optimal,optimal,optimal,optimal,optimal,→ stable,→ stable,→ stable,100.0,✅ EXCELLENT,False,NONE,3.8,0.0,NONE
1780203099.828,81.5,89.7,32.3,1541.0,44.7,13.79,32.3,32.2,32.1,32.3,optimal,optimal,optimal,optimal,optimal,optimal,↑ increasing,→ stable,→ stable,100.0,✅ EXCELLENT,False,NONE,3.4,0.0,NONE
1780203100.829,81.0,90.3,32.2,1497.0,45.5,13.83,31.9,32.4,31.8,32.3,optimal,optimal,optimal,optimal,optimal,optimal,→ stable,→ stable,→ stable,100.0,✅ EXCELLENT,False,NONE,3.7,0.0,NONE
1780203101.83,77.5,89.4,32.1,1504.0,44.6,13.8,32.1,32.3,31.7,32.2,optimal,optimal,optimal,optimal,optimal,optimal,↓ decreasing,→ stable,→ stable,100.0,✅ EXCELLENT,False,NONE,3.7,0.2,NONE
1780203102.83,81.8,90.3,32.3,1514.0,45.7,13.78,32.1,32.0,32.0,32.3,optimal,optimal,optimal,optimal,optimal,optimal,→ stable,→ stable,→ stable,100.0,✅ EXCELLENT,False,NONE,3.5,0.0,NONE
1780203103.831,77.7,89.8,32.4,1482.0,45.4,13.81,32.4,31.9,31.9,31.8,optimal,optimal,optimal,optimal,optimal,optimal,↓ decreasing,→ stable,→ stable,100.0,✅ EXCELLENT,False,NONE,3.6,0.0,NONE
1780203104.832,78.3,89.8,31.9,1483.0,44.6,13.81,32.1,31.7,32.1,31.7,optimal,optimal,optimal,optimal,optimal,optimal,↓ decreasing,→ stable,→ stable,100.0,✅ EXCELLENT,False,NONE,3.7,0.0,NONE
1780203105.832,77.1,88.8,31.8,1507.0,45.6,13.82,32.4,32.0,32.4,32.2,optimal,optimal,optimal,optimal,optimal,optimal,↓ decreasing,→ stable,→ stable,100.0,✅ EXCELLENT,False,NONE,3.5,0.7,NONE
1780203106.834,82.9,90.7,32.2,1518.0,44.7,13.79,31.7,32.4,32.4,31.9,optimal,optimal,optimal,optimal,optimal,optimal,↓ decreasing,→ stable,→ stable,100.0,✅ EXCELLENT,False,NONE,3.9,0.0,NONE
1780203107.835,77.6,91.3,31.7,1460.0,44.1,13.77,32.0,32.4,31.7,32.4,optimal,optimal,optimal,optimal,optimal,optimal,↓ decreasing,→ stable,→ stable,100.0,✅ EXCELLENT,False,NONE,3.7,0.0,NONE
1780203108.835,82.0,88.9,32.3,1510.0,45.4,13.78,32.0,32.2,32.2,32.3,optimal,optimal,optimal,optimal,optimal,optimal,↓ decreasing,↓ decreasing,→ stable,100.0,✅ EXCELLENT,False,NONE,3.5,0.6,NONE
1780203109.835,79.1,91.0,32.0,1504.0,45.9,13.83,31.6,32.2,32.1,32.3,optimal,optimal,optimal,optimal,optimal,optimal,↓ decreasing,→ stable,→ stable,100.0,✅ EXCELLENT,False,NONE,3.8,0.0,NONE
1780203110.835,82.8,90.3,31.7,1496.0,44.9,13.77,31.9,32.3,32.2,32.1,optimal,optimal,optimal,optimal,optimal,optimal,↓ decreasing,→ stable,→ stable,100.0,✅ EXCELLENT,False,NONE,3.9,0.0,NONE
1780203111.835,82.8,89.5,32.4,1544.0,45.1,13.8,32.1,31.9,31.7,32.1,optimal,optimal,optimal,optimal,optimal,optimal,→ stable,→ stable,→ stable,100.0,✅ EXCELLENT,False,NONE,3.9,0.1,NONE
1780203112.835,82.4,89.1,32.1,1528.0,44.1,13.79,32.1,31.7,32.3,31.8,optimal,optimal,optimal,optimal,optimal,optimal,→ stable,→ stable,→ stable,100.0,✅ EXCELLENT,False,NONE,3.9,0.4,NONE
1780203113.835,81.6,90.5,32.0,1530.0,45.0,13.85,31.7,32.1,31.7,31.9,optimal,optimal,optimal,optimal,optimal,optimal,↑ increasing,→ stable,→ stable,100.0,✅ EXCELLENT,False,NONE,3.8,0.0,NONE
1780203114.836,80.0,90.0,32.2,1523.0,45.3,13.82,32.3,31.7,31.8,32.0,optimal,optimal,optimal,optimal,optimal,optimal,↑ increasing,→ stable,→ stable,100.0,✅ EXCELLENT,False,NONE,3.8,0.0,NONE
1780203115.837,79.4,89.9,32.0,1460.0,44.5,13.79,31.6,32.1,32.0,32.0,optimal,optimal,optimal,optimal,optimal,optimal,↑ increasing,→ stable,→ stable,100.0,✅ EXCELLENT,False,NONE,3.9,0.0,NONE
1780203116.838,82.0,88.6,32.0,1488.0,44.9,13.77,31.7,32.4,32.2,31.7,optimal,optimal,optimal,optimal,optimal,optimal,↑ increasing,→ stable,→ stable,100.0,✅ EXCELLENT,False,NONE,3.9,1.0,NONE
1780203117.838,82.1,90.5,32.3,1518.0,44.9,13.82,31.8,31.8,32.3,31.9,optimal,optimal,optimal,optimal,optimal,optimal,↑ increasing,→ stable,→ stable,100.0,✅ EXCELLENT,False,NONE,3.8,0.0,NONE
1780203118.839,78.7,89.3,31.7,1502.0,44.9,13.8,32.1,32.4,31.8,31.9,optimal,optimal,optimal,optimal,optimal,optimal,↑ increasing,→ stable,→ stable,100.0,✅ EXCELLENT,False,NONE,3.7,0.2,NONE
1780203119.839,82.9,91.4,31.8,1461.0,45.6,13.78,32.1,32.0,31.8,32.3,optimal,optimal,optimal,optimal,optimal,optimal,↑ increasing,→ stable,→ stable,100.0,✅ EXCELLENT,False,NONE,3.8,0.0,NONE
1780203120.841,79.4,89.8,31.7,1490.0,45.1,13.75,32.4,31.6,31.8,32.3,optimal,optimal,optimal,optimal,optimal,optimal,↑ increasing,→ stable,→ stable,100.0,✅ EXCELLENT,False,NONE,3.9,0.0,NONE
1780203121.842,79.4,90.9,31.7,1468.0,45.9,13.83,31.8,31.9,32.3,31.7,optimal,optimal,optimal,optimal,optimal,optimal,↑ increasing,→ stable,→ stable,100.0,✅ EXCELLENT,False,NONE,3.7,0.0,NONE
1780203122.843,79.7,90.3,31.9,1502.0,45.6,13.76,31.9,32.2,32.2,32.1,optimal,optimal,optimal,optimal,optimal,optimal,→ stable,→ stable,→ stable,100.0,✅ EXCELLENT,False,NONE,3.5,0.0,NONE
1780203123.844,80.4,91.0,31.6,1524.0,45.8,13.81,32.1,32.1,31.8,32.3,optimal,optimal,optimal,optimal,optimal,optimal,→ stable,→ stable,→ stable,100.0,✅ EXCELLENT,False,NONE,3.9,0.0,NONE
1780203124.845,81.4,89.8,31.8,1466.0,45.0,13.77,31.7,32.0,32.3,32.1,optimal,optimal,optimal,optimal,optimal,optimal,→ stable,→ stable,→ stable,100.0,✅ EXCELLENT,False,NONE,3.8,0.0,NONE
1780203125.845,81.0,90.5,32.1,1484.0,44.6,13.76,32.0,31.7,32.2,32.2,optimal,optimal,optimal,optimal,optimal,optimal,→ stable,→ stable,→ stable,100.0,✅ EXCELLENT,False,NONE,3.8,0.0,NONE
1780203126.846,78.6,89.8,31.7,1488.0,45.9,13.77,32.2,32.3,31.9,31.8,optimal,optimal,optimal,optimal,optimal,optimal,↓ decreasing,→ stable,→ stable,100.0,✅ EXCELLENT,False,NONE,3.7,0.0,NONE
1780203127.846,82.9,91.1,32.3,1487.0,44.2,13.78,32.1,32.0,32.1,31.8,optimal,optimal,optimal,optimal,optimal,optimal,↓ decreasing,↑ increasing,→ stable,100.0,✅ EXCELLENT,False,NONE,3.8,0.0,NONE
1780203128.848,81.2,90.4,31.9,1519.0,44.6,13.85,32.4,31.8,31.8,32.0,optimal,optimal,optimal,optimal,optimal,optimal,→ stable,↑ increasing,→ stable,100.0,✅ EXCELLENT,False,NONE,3.7,0.0,NONE
1780203129.849,77.5,91.0,31.8,1537.0,44.8,13.81,31.6,31.8,32.1,32.4,optimal,optimal,optimal,optimal,optimal,optimal,↓ decreasing,↑ increasing,→ stable,100.0,✅ EXCELLENT,False,NONE,3.8,0.0,NONE
1780203130.85,80.8,90.6,31.7,1529.0,45.9,13.82,31.9,31.7,32.0,31.9,optimal,optimal,optimal,optimal,optimal,optimal,↓ decreasing,↑ increasing,→ stable,100.0,✅ EXCELLENT,False,NONE,3.8,0.0,NONE
1780203131.85,78.5,88.6,31.9,1474.0,44.1,13.76,32.0,32.2,32.3,31.8,optimal,optimal,optimal,optimal,optimal,optimal,↓ decreasing,→ stable,→ stable,100.0,✅ EXCELLENT,False,NONE,3.6,1.0,NONE
1780203132.852,77.7,89.4,31.7,1466.0,44.7,13.81,32.2,31.9,31.9,31.6,optimal,optimal,optimal,optimal,optimal,optimal,↓ decreasing,→ stable,→ stable,100.0,✅ EXCELLENT,False,NONE,3.8,0.2,NONE
1780203133.852,81.3,90.5,31.7,1452.0,45.6,13.85,32.2,31.9,32.1,32.0,optimal,optimal,optimal,optimal,optimal,optimal,→ stable,→ stable,→ stable,100.0,✅ EXCELLENT,False,NONE,3.8,0.0,NONE
1780203134.854,78.8,89.2,31.8,1461.0,45.2,13.76,32.3,31.7,32.0,32.2,optimal,optimal,optimal,optimal,optimal,optimal,↓ decreasing,→ stable,→ stable,100.0,✅ EXCELLENT,False,NONE,3.7,0.3,NONE
1780203135.855,79.0,90.3,31.7,1492.0,44.7,13.82,31.7,32.1,32.1,31.7,optimal,optimal,optimal,optimal,optimal,optimal,↓ decreasing,→ stable,→ stable,100.0,✅ EXCELLENT,False,NONE,3.7,0.0,NONE
1780203136.856,81.4,89.2,31.7,1544.0,45.2,13.83,31.7,32.3,32.0,32.3,optimal,optimal,optimal,optimal,optimal,optimal,→ stable,→ stable,→ stable,100.0,✅ EXCELLENT,False,NONE,3.8,0.3,NONE
1780203137.856,79.9,89.5,31.9,1466.0,45.9,13.84,32.0,32.2,31.9,32.3,optimal,optimal,optimal,optimal,optimal,optimal,↓ decreasing,↓ decreasing,→ stable,100.0,✅ EXCELLENT,False,NONE,3.5,0.1,NONE
1780203138.856,78.1,89.6,32.1,1507.0,45.5,13.78,32.3,32.2,31.7,31.6,optimal,optimal,optimal,optimal,optimal,optimal,↓ decreasing,↓ decreasing,→ stable,100.0,✅ EXCELLENT,False,NONE,3.8,0.1,NONE
1780203139.858,77.7,91.3,32.3,1501.0,45.3,13.84,32.0,32.2,31.6,32.3,optimal,optimal,optimal,optimal,optimal,optimal,↓ decreasing,↓ decreasing,→ stable,100.0,✅ EXCELLENT,False,NONE,3.8,0.0,NONE
1780203140.858,77.9,88.8,32.0,1533.0,45.8,13.84,32.3,31.7,32.1,31.7,optimal,optimal,optimal,optimal,optimal,optimal,↓ decreasing,↓ decreasing,→ stable,100.0,✅ EXCELLENT,False,NONE,3.7,0.7,NONE
1780203141.86,78.1,91.0,32.1,1501.0,44.7,13.8,32.3,31.6,32.1,32.2,optimal,optimal,optimal,optimal,optimal,optimal,↓ decreasing,→ stable,→ stable,100.0,✅ EXCELLENT,False,NONE,3.8,0.0,NONE
1780203142.86,82.7,89.8,31.8,1539.0,45.1,13.8,31.7,31.9,31.9,32.3,optimal,optimal,optimal,optimal,optimal,optimal,↓ decreasing,→ stable,→ stable,100.0,✅ EXCELLENT,False,NONE,3.9,0.0,NONE
1780203143.861,81.2,89.3,32.2,1499.0,44.7,13.76,31.8,32.4,31.7,31.9,optimal,optimal,optimal,optimal,optimal,optimal,↓ decreasing,→ stable,→ stable,100.0,✅ EXCELLENT,False,NONE,3.8,0.2,NONE
1780203144.863,77.5,90.3,32.2,1529.0,45.9,13.76,31.6,31.8,32.1,32.0,optimal,optimal,optimal,optimal,optimal,optimal,→ stable,→ stable,→ stable,100.0,✅ EXCELLENT,False,NONE,3.8,0.0,NONE
1780203145.863,79.1,91.3,32.1,1541.0,44.1,13.81,31.6,32.0,32.4,32.1,optimal,optimal,optimal,optimal,optimal,optimal,→ stable,→ stable,→ stable,100.0,✅ EXCELLENT,False,NONE,3.8,0.0,NONE
1780203146.863,78.1,90.6,31.7,1501.0,45.6,13.77,31.9,32.1,32.2,31.8,optimal,optimal,optimal,optimal,optimal,optimal,↓ decreasing,→ stable,→ stable,100.0,✅ EXCELLENT,False,NONE,3.7,0.0,NONE
1780203147.863,81.3,89.4,32.2,1452.0,44.0,13.79,32.1,32.2,32.0,32.3,optimal,optimal,optimal,optimal,optimal,optimal,→ stable,→ stable,→ stable,100.0,✅ EXCELLENT,False,NONE,3.5,0.2,NONE
1780203148.864,78.4,88.9,32.1,1546.0,45.8,13.75,32.3,32.1,32.2,31.8,optimal,optimal,optimal,optimal,optimal,optimal,→ stable,→ stable,→ stable,100.0,✅ EXCELLENT,False,NONE,3.6,0.6,NONE
1780203149.864,80.4,91.3,31.7,1517.0,44.8,13.75,31.7,31.9,31.7,31.9,optimal,optimal,optimal,optimal,optimal,optimal,→ stable,→ stable,→ stable,100.0,✅ EXCELLENT,False,NONE,3.8,0.0,NONE
1780203150.864,78.2,89.6,32.3,1478.0,44.3,13.82,32.0,32.2,32.0,32.0,optimal,optimal,optimal,optimal,optimal,optimal,→ stable,↑ increasing,→ stable,100.0,✅ EXCELLENT,False,NONE,3.4,0.1,NONE
1780203151.865,82.2,89.6,32.0,1512.0,45.3,13.77,31.7,31.7,31.8,32.0,optimal,optimal,optimal,optimal,optimal,optimal,↑ increasing,→ stable,→ stable,100.0,✅ EXCELLENT,False,NONE,3.9,0.1,NONE
1780203152.866,81.0,88.8,31.6,1517.0,44.6,13.83,31.7,31.8,32.3,31.9,optimal,optimal,optimal,optimal,optimal,optimal,→ stable,→ stable,→ stable,100.0,✅ EXCELLENT,False,NONE,3.9,0.7,NONE
1780203153.866,78.0,89.8,32.4,1530.0,45.8,13.82,32.3,31.9,31.6,32.2,optimal,optimal,optimal,optimal,optimal,optimal,→ stable,→ stable,→ stable,100.0,✅ EXCELLENT,False,NONE,3.8,0.0,NONE
1780203154.867,81.2,90.4,31.8,1466.0,46.0,13.78,32.0,31.8,32.0,31.7,optimal,optimal,optimal,optimal,optimal,optimal,→ stable,→ stable,→ stable,100.0,✅ EXCELLENT,False,NONE,3.8,0.0,NONE
1780203155.868,77.1,90.2,31.8,1493.0,44.9,13.82,31.8,32.4,32.4,32.3,optimal,optimal,optimal,optimal,optimal,optimal,→ stable,→ stable,→ stable,100.0,✅ EXCELLENT,False,NONE,3.5,0.0,NONE
1780203156.869,79.1,90.0,32.1,1476.0,44.5,13.79,32.2,31.7,32.4,32.1,optimal,optimal,optimal,optimal,optimal,optimal,↑ increasing,→ stable,→ stable,100.0,✅ EXCELLENT,False,NONE,3.7,0.0,NONE
1780203157.869,79.3,89.8,31.8,1542.0,44.5,13.78,31.9,32.0,32.3,32.3,optimal,optimal,optimal,optimal,optimal,optimal,→ stable,→ stable,→ stable,100.0,✅ EXCELLENT,False,NONE,3.6,0.0,NONE
1780203158.87,78.9,90.7,32.2,1522.0,44.1,13.82,31.6,32.2,32.0,32.3,optimal,optimal,optimal,optimal,optimal,optimal,→ stable,→ stable,→ stable,100.0,✅ EXCELLENT,False,NONE,3.8,0.0,NONE
1780203159.871,82.8,89.2,32.4,1508.0,44.9,13.77,32.1,32.0,31.9,31.9,optimal,optimal,optimal,optimal,optimal,optimal,→ stable,→ stable,→ stable,100.0,✅ EXCELLENT,False,NONE,3.7,0.3,NONE
1780203160.872,79.1,91.5,31.6,1475.0,44.3,13.77,31.8,32.2,31.9,31.6,optimal,optimal,optimal,optimal,optimal,optimal,→ stable,→ stable,→ stable,100.0,✅ EXCELLENT,False,NONE,3.8,0.0,NONE
1780203161.872,80.7,89.9,32.1,1514.0,44.6,13.77,31.9,32.0,31.8,32.3,optimal,optimal,optimal,optimal,optimal,optimal,→ stable,→ stable,→ stable,100.0,✅ EXCELLENT,False,NONE,3.7,0.0,NONE
1780203162.873,78.4,90.7,31.7,1514.0,44.4,13.83,31.7,32.0,31.8,31.6,optimal,optimal,optimal,optimal,optimal,optimal,→ stable,→ stable,→ stable,100.0,✅ EXCELLENT,False,NONE,3.8,0.0,NONE
1780203163.873,79.8,88.9,31.8,1461.0,45.6,13.76,32.1,32.3,32.4,32.2,optimal,optimal,optimal,optimal,optimal,optimal,→ stable,→ stable,→ stable,100.0,✅ EXCELLENT,False,NONE,3.6,0.6,NONE
1780203164.875,81.3,91.4,32.4,1479.0,45.4,13.83,31.7,31.7,32.0,32.0,optimal,optimal,optimal,optimal,optimal,optimal,→ stable,→ stable,→ stable,100.0,✅ EXCELLENT,False,NONE,3.8,0.0,NONE
