timestamp,speed_kmh,engine_temp_c,tire_pressure_psi,engine_rpm,oil_pressure_psi,battery_voltage_v,tire_pressure_fl_psi,tire_pressure_fr_psi,tire_pressure_rl_psi,tire_pressure_rr_psi,speed_status,temp_status,psi_status,rpm_status,oil_status,battery_status,speed_trend,temp_trend,psi_trend,overall_health,health_status,emergency,contradictions,tire_speed_risk,temp_correlation_penalty,alerts
1779698028.979,82.4,91.4,32.4,1466.0,45.2,13.79,31.7,32.4,31.8,31.7,optimal,optimal,optimal,optimal,optimal,optimal,—,—,—,100.0,✅ EXCELLENT,False,NONE,3.1,0.0,NONE
1779698029.979,79.9,90.2,32.3,1496.0,44.2,13.78,32.1,32.1,32.1,31.9,optimal,optimal,optimal,optimal,optimal,optimal,↓ decreasing,↓ decreasing,→ stable,100.0,✅ EXCELLENT,False,NONE,3.1,0.0,NONE
1779698030.98,80.0,88.6,31.9,1479.0,45.4,13.75,32.0,32.2,31.7,31.7,optimal,optimal,optimal,optimal,optimal,optimal,↓ decreasing,↓ decreasing,→ stable,100.0,✅ EXCELLENT,False,NONE,3.5,1.0,NONE
1779698031.981,78.0,88.8,32.2,1485.0,45.6,13.76,32.3,31.9,31.9,32.4,optimal,optimal,optimal,optimal,optimal,optimal,↓ decreasing,↓ decreasing,→ stable,100.0,✅ EXCELLENT,False,NONE,3.1,0.7,NONE
1779698032.981,79.5,89.9,32.0,1457.0,45.0,13.82,31.8,31.8,31.9,32.1,optimal,optimal,optimal,optimal,optimal,optimal,↓ decreasing,↓ decreasing,→ stable,100.0,✅ EXCELLENT,False,NONE,3.4,0.0,NONE
1779698033.983,78.6,89.3,31.6,1491.0,44.8,13.81,31.9,32.3,32.3,32.3,optimal,optimal,optimal,optimal,optimal,optimal,↓ decreasing,↓ decreasing,↓ decreasing,100.0,✅ EXCELLENT,False,NONE,3.8,0.2,NONE
1779698034.984,83.0,89.1,31.6,1504.0,44.8,13.76,31.6,32.0,31.8,31.7,optimal,optimal,optimal,optimal,optimal,optimal,↑ increasing,↓ decreasing,↓ decreasing,100.0,✅ EXCELLENT,False,NONE,4.0,0.4,NONE
1779698035.985,79.6,91.1,31.7,1467.0,44.8,13.83,32.4,32.4,32.0,31.8,optimal,optimal,optimal,optimal,optimal,optimal,↓ decreasing,→ stable,↓ decreasing,100.0,✅ EXCELLENT,False,NONE,3.8,0.0,NONE
1779698036.986,79.8,91.3,32.0,1479.0,45.5,13.84,32.3,32.2,32.3,31.6,optimal,optimal,optimal,optimal,optimal,optimal,↓ decreasing,→ stable,→ stable,100.0,✅ EXCELLENT,False,NONE,3.4,0.0,NONE
1779698037.988,81.4,88.9,31.7,1532.0,44.4,13.75,32.1,31.8,32.2,32.3,optimal,optimal,optimal,optimal,optimal,optimal,↓ decreasing,↓ decreasing,↓ decreasing,100.0,✅ EXCELLENT,False,NONE,3.8,0.6,💨 PRESSURE_LEAK: Tire pressure dropping
1779698038.989,82.7,89.6,32.0,1502.0,45.7,13.75,31.7,32.3,32.3,32.4,optimal,optimal,optimal,optimal,optimal,optimal,→ stable,↓ decreasing,→ stable,100.0,✅ EXCELLENT,False,NONE,3.5,0.1,NONE
1779698039.99,78.9,90.9,31.9,1464.0,44.9,13.78,32.0,32.0,31.6,32.2,optimal,optimal,optimal,optimal,optimal,optimal,↓ decreasing,→ stable,→ stable,100.0,✅ EXCELLENT,False,NONE,3.5,0.0,NONE
1779698040.991,78.2,89.1,31.7,1493.0,44.9,13.79,31.9,32.0,32.1,31.7,optimal,optimal,optimal,optimal,optimal,optimal,↓ decreasing,↓ decreasing,↓ decreasing,100.0,✅ EXCELLENT,False,NONE,3.7,0.4,💨 PRESSURE_LEAK: Tire pressure dropping
1779698041.991,80.6,88.9,32.3,1512.0,45.8,13.79,31.8,31.9,32.0,31.9,optimal,optimal,optimal,optimal,optimal,optimal,↓ decreasing,↓ decreasing,→ stable,100.0,✅ EXCELLENT,False,NONE,3.1,0.6,NONE
1779698042.993,83.0,90.2,32.1,1454.0,45.0,13.84,31.9,32.3,32.3,32.2,optimal,optimal,optimal,optimal,optimal,optimal,↑ increasing,↓ decreasing,→ stable,100.0,✅ EXCELLENT,False,NONE,3.4,0.0,NONE
1779698043.995,81.4,88.5,31.8,1527.0,44.2,13.76,32.0,32.1,32.1,31.6,optimal,optimal,optimal,optimal,optimal,optimal,↓ decreasing,↓ decreasing,↓ decreasing,100.0,✅ EXCELLENT,False,NONE,3.7,1.1,💨 PRESSURE_LEAK: Tire pressure dropping
1779698044.996,81.8,91.4,31.7,1518.0,45.5,13.8,32.3,31.8,32.1,31.7,optimal,optimal,optimal,optimal,optimal,optimal,↓ decreasing,→ stable,↓ decreasing,100.0,✅ EXCELLENT,False,NONE,3.9,0.0,💨 PRESSURE_LEAK: Tire pressure dropping
1779698045.997,79.7,89.5,32.0,1538.0,45.2,13.75,32.2,31.7,31.9,31.6,optimal,optimal,optimal,optimal,optimal,optimal,↓ decreasing,↓ decreasing,→ stable,100.0,✅ EXCELLENT,False,NONE,3.4,0.1,NONE
1779698046.998,82.0,90.3,32.3,1501.0,44.8,13.82,31.7,32.2,31.7,31.6,optimal,optimal,optimal,optimal,optimal,optimal,→ stable,↓ decreasing,→ stable,100.0,✅ EXCELLENT,False,NONE,3.2,0.0,NONE
1779698047.999,81.9,89.3,31.9,1523.0,45.0,13.82,31.7,32.2,31.6,32.2,optimal,optimal,optimal,optimal,optimal,optimal,↑ increasing,→ stable,→ stable,100.0,✅ EXCELLENT,False,NONE,3.6,0.2,NONE
1779698048.999,82.1,89.4,31.9,1530.0,45.3,13.78,32.4,31.7,32.1,32.1,optimal,optimal,optimal,optimal,optimal,optimal,↑ increasing,→ stable,→ stable,100.0,✅ EXCELLENT,False,NONE,3.6,0.2,NONE
1779698050.001,78.7,90.8,31.8,1461.0,44.4,13.77,32.0,31.8,31.9,32.2,optimal,optimal,optimal,optimal,optimal,optimal,↑ increasing,→ stable,→ stable,100.0,✅ EXCELLENT,False,NONE,3.6,0.0,NONE
1779698051.002,79.4,89.2,32.3,1516.0,44.6,13.84,32.2,31.6,31.9,32.0,optimal,optimal,optimal,optimal,optimal,optimal,↑ increasing,→ stable,→ stable,100.0,✅ EXCELLENT,False,NONE,3.1,0.3,NONE
1779698052.003,77.4,88.7,31.8,1523.0,45.6,13.84,32.1,31.7,31.9,32.2,optimal,optimal,optimal,optimal,optimal,optimal,↑ increasing,→ stable,→ stable,100.0,✅ EXCELLENT,False,NONE,3.5,0.8,NONE
1779698053.004,77.3,90.0,31.8,1538.0,45.1,13.77,31.9,31.7,31.6,32.2,optimal,optimal,optimal,optimal,optimal,optimal,→ stable,→ stable,→ stable,100.0,✅ EXCELLENT,False,NONE,3.5,0.0,NONE
1779698054.006,78.6,89.9,32.3,1507.0,45.0,13.82,32.2,32.0,31.9,32.1,optimal,optimal,optimal,optimal,optimal,optimal,↓ decreasing,→ stable,→ stable,100.0,✅ EXCELLENT,False,NONE,3.0,0.0,NONE
1779698055.007,77.9,90.1,32.2,1528.0,45.9,13.83,31.7,32.3,32.0,32.1,optimal,optimal,optimal,optimal,optimal,optimal,↓ decreasing,→ stable,→ stable,100.0,✅ EXCELLENT,False,NONE,3.1,0.0,NONE
1779698056.008,77.1,91.3,32.0,1522.0,46.0,13.84,32.3,32.0,32.2,31.9,optimal,optimal,optimal,optimal,optimal,optimal,↓ decreasing,→ stable,→ stable,100.0,✅ EXCELLENT,False,NONE,3.3,0.0,NONE
1779698057.009,82.9,89.8,32.0,1547.0,44.5,13.78,32.3,31.6,31.7,31.9,optimal,optimal,optimal,optimal,optimal,optimal,↓ decreasing,→ stable,→ stable,100.0,✅ EXCELLENT,False,NONE,3.6,0.0,NONE
1779698058.01,81.7,90.8,32.1,1484.0,44.2,13.77,31.8,32.2,31.9,31.9,optimal,optimal,optimal,optimal,optimal,optimal,↓ decreasing,→ stable,→ stable,100.0,✅ EXCELLENT,False,NONE,3.4,0.0,NONE
1779698059.011,79.7,90.5,32.0,1541.0,44.2,13.78,32.0,32.2,32.2,32.0,optimal,optimal,optimal,optimal,optimal,optimal,↓ decreasing,→ stable,→ stable,100.0,✅ EXCELLENT,False,NONE,3.4,0.0,NONE
1779698060.012,77.6,89.0,31.9,1459.0,44.7,13.84,32.3,31.7,32.3,32.2,optimal,optimal,optimal,optimal,optimal,optimal,↓ decreasing,→ stable,→ stable,100.0,✅ EXCELLENT,False,NONE,3.4,0.5,NONE
1779698061.013,81.2,88.6,32.2,1492.0,45.2,13.84,31.7,32.1,32.1,32.1,optimal,optimal,optimal,optimal,optimal,optimal,↓ decreasing,→ stable,→ stable,100.0,✅ EXCELLENT,False,NONE,3.2,1.0,NONE
1779698062.013,78.2,90.0,32.0,1536.0,44.1,13.82,31.6,31.6,32.0,31.6,optimal,optimal,optimal,optimal,optimal,optimal,↓ decreasing,→ stable,→ stable,100.0,✅ EXCELLENT,False,NONE,3.4,0.0,NONE
1779698063.015,81.7,91.4,32.2,1479.0,44.1,13.84,31.8,32.0,31.7,32.2,optimal,optimal,optimal,optimal,optimal,optimal,↓ decreasing,→ stable,→ stable,100.0,✅ EXCELLENT,False,NONE,3.3,0.0,NONE
1779698064.016,78.8,90.3,32.3,1498.0,45.4,13.83,31.8,32.1,32.0,31.9,optimal,optimal,optimal,optimal,optimal,optimal,→ stable,→ stable,→ stable,100.0,✅ EXCELLENT,False,NONE,3.0,0.0,NONE
1779698065.017,79.0,88.7,31.7,1526.0,45.3,13.77,31.6,32.0,31.7,32.1,optimal,optimal,optimal,optimal,optimal,optimal,→ stable,→ stable,→ stable,100.0,✅ EXCELLENT,False,NONE,3.7,0.8,NONE
1779698066.018,80.8,89.3,31.8,1501.0,44.8,13.83,32.1,31.6,31.8,32.3,optimal,optimal,optimal,optimal,optimal,optimal,↑ increasing,→ stable,→ stable,100.0,✅ EXCELLENT,False,NONE,3.7,0.2,NONE
1779698067.019,78.1,90.3,32.1,1509.0,45.7,13.8,31.8,31.6,31.9,32.1,optimal,optimal,optimal,optimal,optimal,optimal,→ stable,→ stable,→ stable,100.0,✅ EXCELLENT,False,NONE,3.2,0.0,NONE
1779698068.02,82.1,89.8,31.8,1450.0,45.3,13.75,31.8,31.8,31.6,32.0,optimal,optimal,optimal,optimal,optimal,optimal,→ stable,→ stable,→ stable,100.0,✅ EXCELLENT,False,NONE,3.8,0.0,NONE
1779698069.021,78.4,88.7,31.7,1513.0,44.7,13.85,31.9,31.8,31.9,32.0,optimal,optimal,optimal,optimal,optimal,optimal,↑ increasing,→ stable,→ stable,100.0,✅ EXCELLENT,False,NONE,3.7,0.8,NONE
1779698070.022,79.0,91.4,31.7,1535.0,46.0,13.83,32.1,31.8,31.9,31.8,optimal,optimal,optimal,optimal,optimal,optimal,↑ increasing,→ stable,→ stable,100.0,✅ EXCELLENT,False,NONE,3.7,0.0,NONE
1779698071.024,79.8,90.5,32.4,1490.0,45.3,13.81,32.1,32.2,32.3,32.2,optimal,optimal,optimal,optimal,optimal,optimal,→ stable,→ stable,→ stable,100.0,✅ EXCELLENT,False,NONE,3.0,0.0,NONE
1779698072.025,80.7,88.8,31.7,1543.0,44.5,13.85,31.7,31.8,32.1,32.1,optimal,optimal,optimal,optimal,optimal,optimal,↑ increasing,→ stable,→ stable,100.0,✅ EXCELLENT,False,NONE,3.8,0.7,NONE
1779698073.026,81.7,89.6,32.0,1504.0,45.0,13.75,32.2,31.8,32.4,32.3,optimal,optimal,optimal,optimal,optimal,optimal,→ stable,→ stable,→ stable,100.0,✅ EXCELLENT,False,NONE,3.5,0.1,NONE
1779698074.027,77.3,90.3,31.9,1542.0,45.4,13.8,32.1,31.6,31.7,31.7,optimal,optimal,optimal,optimal,optimal,optimal,→ stable,→ stable,→ stable,100.0,✅ EXCELLENT,False,NONE,3.4,0.0,NONE
1779698075.028,82.6,89.7,31.7,1473.0,45.2,13.79,32.1,31.9,31.8,32.1,optimal,optimal,optimal,optimal,optimal,optimal,→ stable,→ stable,→ stable,100.0,✅ EXCELLENT,False,NONE,3.9,0.0,NONE
1779698076.028,80.7,89.8,31.7,1547.0,45.5,13.78,32.2,31.9,31.7,31.9,optimal,optimal,optimal,optimal,optimal,optimal,→ stable,→ stable,→ stable,100.0,✅ EXCELLENT,False,NONE,3.8,0.0,NONE
1779698077.028,78.1,90.1,32.1,1501.0,44.2,13.8,32.3,31.8,32.3,31.8,optimal,optimal,optimal,optimal,optimal,optimal,→ stable,→ stable,→ stable,100.0,✅ EXCELLENT,False,NONE,3.2,0.0,NONE
1779698078.03,81.7,89.1,31.7,1496.0,45.5,13.81,32.4,31.8,31.9,31.6,optimal,optimal,optimal,optimal,optimal,optimal,→ stable,→ stable,→ stable,100.0,✅ EXCELLENT,False,NONE,3.9,0.4,NONE
1779698079.031,82.5,90.9,32.2,1475.0,44.2,13.78,31.8,31.7,32.1,32.1,optimal,optimal,optimal,optimal,optimal,optimal,↑ increasing,→ stable,→ stable,100.0,✅ EXCELLENT,False,NONE,3.3,0.0,NONE
1779698080.032,81.6,89.3,32.0,1544.0,45.6,13.84,32.4,32.3,32.2,31.8,optimal,optimal,optimal,optimal,optimal,optimal,↑ increasing,→ stable,→ stable,100.0,✅ EXCELLENT,False,NONE,3.5,0.2,NONE
1779698081.033,80.0,90.2,32.3,1538.0,45.4,13.77,32.4,31.7,31.6,31.8,optimal,optimal,optimal,optimal,optimal,optimal,↑ increasing,→ stable,→ stable,100.0,✅ EXCELLENT,False,NONE,3.1,0.0,NONE
1779698082.033,82.2,91.1,31.9,1530.0,44.9,13.76,31.7,32.2,31.8,32.2,optimal,optimal,optimal,optimal,optimal,optimal,↑ increasing,→ stable,→ stable,100.0,✅ EXCELLENT,False,NONE,3.6,0.0,NONE
1779698083.035,80.8,90.8,31.9,1519.0,44.6,13.78,32.2,31.8,32.3,31.8,optimal,optimal,optimal,optimal,optimal,optimal,↑ increasing,→ stable,→ stable,100.0,✅ EXCELLENT,False,NONE,3.6,0.0,NONE
1779698084.037,79.1,89.7,32.1,1471.0,45.0,13.81,32.3,32.1,31.7,32.1,optimal,optimal,optimal,optimal,optimal,optimal,↑ increasing,→ stable,→ stable,100.0,✅ EXCELLENT,False,NONE,3.3,0.0,NONE
1779698085.038,81.8,88.8,31.8,1473.0,45.7,13.78,31.8,32.2,31.6,32.4,optimal,optimal,optimal,optimal,optimal,optimal,↑ increasing,→ stable,→ stable,100.0,✅ EXCELLENT,False,NONE,3.7,0.7,NONE
1779698086.039,82.3,90.7,31.7,1488.0,45.1,13.85,32.1,32.3,32.0,31.7,optimal,optimal,optimal,optimal,optimal,optimal,↑ increasing,→ stable,→ stable,100.0,✅ EXCELLENT,False,NONE,3.9,0.0,NONE
1779698087.04,77.8,90.2,32.3,1530.0,44.2,13.78,32.2,31.8,32.2,31.9,optimal,optimal,optimal,optimal,optimal,optimal,↑ increasing,→ stable,→ stable,100.0,✅ EXCELLENT,False,NONE,3.0,0.0,NONE
1779698088.041,80.0,90.3,31.7,1460.0,44.3,13.82,32.0,32.2,31.9,31.6,optimal,optimal,optimal,optimal,optimal,optimal,↑ increasing,→ stable,→ stable,100.0,✅ EXCELLENT,False,NONE,3.8,0.0,NONE
1779698089.043,77.3,89.8,32.3,1475.0,44.7,13.83,31.8,31.9,32.2,32.2,optimal,optimal,optimal,optimal,optimal,optimal,→ stable,→ stable,→ stable,100.0,✅ EXCELLENT,False,NONE,3.0,0.0,NONE
1779698090.044,80.3,91.3,32.0,1511.0,45.9,13.77,31.7,32.3,31.9,31.8,optimal,optimal,optimal,optimal,optimal,optimal,↓ decreasing,→ stable,→ stable,100.0,✅ EXCELLENT,False,NONE,3.4,0.0,NONE
1779698091.045,78.5,89.4,32.4,1455.0,45.5,13.82,31.6,31.6,32.3,31.7,optimal,optimal,optimal,optimal,optimal,optimal,↓ decreasing,→ stable,→ stable,100.0,✅ EXCELLENT,False,NONE,2.9,0.2,NONE
1779698092.046,80.7,90.2,32.0,1471.0,45.1,13.77,32.0,31.7,32.3,32.2,optimal,optimal,optimal,optimal,optimal,optimal,↓ decreasing,→ stable,→ stable,100.0,✅ EXCELLENT,False,NONE,3.5,0.0,NONE
1779698093.048,82.4,90.0,31.9,1515.0,45.3,13.79,31.8,32.1,31.8,32.2,optimal,optimal,optimal,optimal,optimal,optimal,↓ decreasing,→ stable,→ stable,100.0,✅ EXCELLENT,False,NONE,3.6,0.0,NONE
1779698094.049,80.0,90.9,31.7,1548.0,45.6,13.83,31.8,32.2,32.2,31.8,optimal,optimal,optimal,optimal,optimal,optimal,↓ decreasing,→ stable,→ stable,100.0,✅ EXCELLENT,False,NONE,3.8,0.0,NONE
1779698095.049,80.7,91.1,32.2,1493.0,45.6,13.82,31.8,31.6,32.1,31.7,optimal,optimal,optimal,optimal,optimal,optimal,↓ decreasing,→ stable,→ stable,100.0,✅ EXCELLENT,False,NONE,3.2,0.0,NONE
1779698096.05,77.3,90.0,32.3,1452.0,44.1,13.77,32.0,31.9,32.0,31.8,optimal,optimal,optimal,optimal,optimal,optimal,↓ decreasing,→ stable,→ stable,100.0,✅ EXCELLENT,False,NONE,3.0,0.0,NONE
1779698097.052,77.3,90.7,31.9,1470.0,44.9,13.84,32.0,32.4,31.7,32.1,optimal,optimal,optimal,optimal,optimal,optimal,↓ decreasing,→ stable,→ stable,100.0,✅ EXCELLENT,False,NONE,3.4,0.0,NONE
1779698098.053,80.7,91.1,32.4,1526.0,44.9,13.83,31.9,31.8,32.1,31.6,optimal,optimal,optimal,optimal,optimal,optimal,↓ decreasing,→ stable,→ stable,100.0,✅ EXCELLENT,False,NONE,3.0,0.0,NONE
1779698099.054,82.9,90.8,32.0,1479.0,45.5,13.82,31.9,31.9,32.2,32.3,optimal,optimal,optimal,optimal,optimal,optimal,→ stable,→ stable,→ stable,100.0,✅ EXCELLENT,False,NONE,3.6,0.0,NONE
1779698100.055,77.2,89.1,32.0,1525.0,45.3,13.76,31.7,32.3,31.6,31.7,optimal,optimal,optimal,optimal,optimal,optimal,→ stable,→ stable,→ stable,100.0,✅ EXCELLENT,False,NONE,3.3,0.4,NONE
1779698101.056,78.7,90.0,31.6,1456.0,45.0,13.76,31.9,31.9,32.3,32.1,optimal,optimal,optimal,optimal,optimal,optimal,→ stable,→ stable,→ stable,100.0,✅ EXCELLENT,False,NONE,3.8,0.0,NONE
1779698102.057,81.4,91.5,31.6,1534.0,44.8,13.8,32.0,31.7,32.0,32.1,optimal,optimal,optimal,optimal,optimal,optimal,→ stable,→ stable,→ stable,100.0,✅ EXCELLENT,False,NONE,4.0,0.0,NONE
1779698103.058,78.0,89.5,32.1,1535.0,44.5,13.79,32.3,31.9,32.2,31.7,optimal,optimal,optimal,optimal,optimal,optimal,↓ decreasing,→ stable,→ stable,100.0,✅ EXCELLENT,False,NONE,3.2,0.1,NONE
1779698104.059,78.1,88.9,32.3,1452.0,45.4,13.84,32.2,32.1,32.4,31.9,optimal,optimal,optimal,optimal,optimal,optimal,↓ decreasing,→ stable,→ stable,100.0,✅ EXCELLENT,False,NONE,3.0,0.6,NONE
1779698105.06,77.7,89.7,32.2,1518.0,44.3,13.82,31.6,31.6,31.9,32.0,optimal,optimal,optimal,optimal,optimal,optimal,↓ decreasing,→ stable,→ stable,100.0,✅ EXCELLENT,False,NONE,3.1,0.0,NONE
1779698106.062,82.1,89.9,32.4,1478.0,45.5,13.84,32.4,32.1,32.3,32.3,optimal,optimal,optimal,optimal,optimal,optimal,→ stable,→ stable,→ stable,100.0,✅ EXCELLENT,False,NONE,3.0,0.0,NONE
1779698107.063,78.5,89.5,31.7,1460.0,45.3,13.85,31.7,32.3,32.3,32.2,optimal,optimal,optimal,optimal,optimal,optimal,→ stable,→ stable,→ stable,100.0,✅ EXCELLENT,False,NONE,3.7,0.1,NONE
1779698108.063,79.4,89.2,31.9,1517.0,44.8,13.76,31.7,31.7,31.9,32.0,optimal,optimal,optimal,optimal,optimal,optimal,→ stable,↓ decreasing,→ stable,100.0,✅ EXCELLENT,False,NONE,3.5,0.3,NONE
1779698109.065,80.4,89.6,32.4,1547.0,45.7,13.8,32.3,31.8,32.2,32.1,optimal,optimal,optimal,optimal,optimal,optimal,↓ decreasing,↓ decreasing,→ stable,100.0,✅ EXCELLENT,False,NONE,3.0,0.1,NONE
1779698110.066,80.2,90.2,31.8,1478.0,44.9,13.85,31.9,32.3,31.7,32.1,optimal,optimal,optimal,optimal,optimal,optimal,→ stable,↓ decreasing,→ stable,100.0,✅ EXCELLENT,False,NONE,3.7,0.0,NONE
1779698111.067,78.5,91.3,31.9,1472.0,45.9,13.78,32.0,32.4,32.1,31.9,optimal,optimal,optimal,optimal,optimal,optimal,→ stable,→ stable,→ stable,100.0,✅ EXCELLENT,False,NONE,3.5,0.0,NONE
1779698112.068,80.7,88.8,32.4,1528.0,44.1,13.8,32.3,32.3,31.9,31.7,optimal,optimal,optimal,optimal,optimal,optimal,→ stable,↓ decreasing,→ stable,100.0,✅ EXCELLENT,False,NONE,3.0,0.7,NONE
1779698113.069,77.1,88.8,32.2,1452.0,44.7,13.84,32.1,31.8,32.2,31.9,optimal,optimal,optimal,optimal,optimal,optimal,→ stable,↓ decreasing,→ stable,100.0,✅ EXCELLENT,False,NONE,3.1,0.7,NONE
1779698114.07,77.6,90.8,31.8,1510.0,44.6,13.84,31.7,32.1,32.2,32.3,optimal,optimal,optimal,optimal,optimal,optimal,→ stable,→ stable,→ stable,100.0,✅ EXCELLENT,False,NONE,3.5,0.0,NONE
1779698115.072,80.2,89.3,32.2,1498.0,44.9,13.85,31.9,32.4,31.9,32.2,optimal,optimal,optimal,optimal,optimal,optimal,↑ increasing,→ stable,→ stable,100.0,✅ EXCELLENT,False,NONE,3.2,0.2,NONE
1779698116.073,79.2,91.4,31.8,1530.0,45.8,13.76,32.1,32.3,32.1,32.2,optimal,optimal,optimal,optimal,optimal,optimal,→ stable,→ stable,→ stable,100.0,✅ EXCELLENT,False,NONE,3.6,0.0,NONE
1779698117.074,82.1,90.8,32.4,1520.0,44.8,13.81,31.7,31.7,32.4,31.9,optimal,optimal,optimal,optimal,optimal,optimal,→ stable,→ stable,→ stable,100.0,✅ EXCELLENT,False,NONE,3.0,0.0,NONE
1779698118.075,79.5,89.4,31.7,1492.0,44.3,13.79,32.1,32.3,32.3,32.2,optimal,optimal,optimal,optimal,optimal,optimal,→ stable,→ stable,→ stable,100.0,✅ EXCELLENT,False,NONE,3.7,0.2,NONE
1779698119.075,80.2,91.0,31.6,1513.0,44.5,13.82,32.1,32.1,31.8,32.3,optimal,optimal,optimal,optimal,optimal,optimal,→ stable,→ stable,→ stable,100.0,✅ EXCELLENT,False,NONE,3.9,0.0,NONE
1779698120.077,82.0,90.0,31.6,1451.0,44.1,13.8,32.2,32.4,31.9,31.9,optimal,optimal,optimal,optimal,optimal,optimal,→ stable,→ stable,→ stable,100.0,✅ EXCELLENT,False,NONE,4.0,0.0,NONE
1779698121.078,77.8,90.3,31.8,1534.0,44.0,13.83,32.2,32.2,31.6,31.8,optimal,optimal,optimal,optimal,optimal,optimal,→ stable,→ stable,→ stable,100.0,✅ EXCELLENT,False,NONE,3.6,0.0,NONE
1779698122.079,79.9,91.1,32.1,1517.0,44.1,13.85,31.6,32.3,32.4,31.8,optimal,optimal,optimal,optimal,optimal,optimal,→ stable,↑ increasing,→ stable,100.0,✅ EXCELLENT,False,NONE,3.3,0.0,NONE
1779698123.08,78.9,88.9,32.2,1531.0,45.8,13.8,31.7,32.3,32.1,32.0,optimal,optimal,optimal,optimal,optimal,optimal,→ stable,↑ increasing,→ stable,100.0,✅ EXCELLENT,False,NONE,3.2,0.6,NONE
1779698124.081,82.0,89.0,32.1,1453.0,45.4,13.81,32.3,31.8,31.8,32.2,optimal,optimal,optimal,optimal,optimal,optimal,↑ increasing,→ stable,→ stable,100.0,✅ EXCELLENT,False,NONE,3.4,0.5,NONE
1779698125.082,81.5,91.3,32.1,1474.0,45.0,13.82,32.1,32.4,31.8,32.1,optimal,optimal,optimal,optimal,optimal,optimal,↑ increasing,↑ increasing,→ stable,100.0,✅ EXCELLENT,False,NONE,3.4,0.0,NONE
1779698126.083,80.0,90.2,31.9,1477.0,44.6,13.83,32.1,31.8,31.8,32.0,optimal,optimal,optimal,optimal,optimal,optimal,↑ increasing,→ stable,→ stable,100.0,✅ EXCELLENT,False,NONE,3.5,0.0,NONE
1779698127.084,82.9,91.0,32.1,1522.0,45.8,13.78,31.8,31.7,32.2,32.1,optimal,optimal,optimal,optimal,optimal,optimal,↑ increasing,→ stable,→ stable,100.0,✅ EXCELLENT,False,NONE,3.4,0.0,NONE
1779698128.085,82.7,90.5,31.9,1483.0,45.3,13.76,32.3,31.7,31.7,31.8,optimal,optimal,optimal,optimal,optimal,optimal,↑ increasing,→ stable,→ stable,100.0,✅ EXCELLENT,False,NONE,3.7,0.0,NONE
1779698129.086,80.1,90.4,32.1,1463.0,45.1,13.84,31.8,31.7,31.8,32.1,optimal,optimal,optimal,optimal,optimal,optimal,↑ increasing,→ stable,→ stable,100.0,✅ EXCELLENT,False,NONE,3.3,0.0,NONE
1779698130.087,80.5,89.2,32.1,1453.0,45.7,13.82,32.3,32.2,32.1,32.3,optimal,optimal,optimal,optimal,optimal,optimal,↑ increasing,→ stable,→ stable,100.0,✅ EXCELLENT,False,NONE,3.3,0.3,NONE
1779698131.088,80.8,89.9,31.8,1522.0,45.5,13.84,32.1,31.9,32.2,31.8,optimal,optimal,optimal,optimal,optimal,optimal,↑ increasing,→ stable,→ stable,100.0,✅ EXCELLENT,False,NONE,3.7,0.0,NONE
1779698132.089,80.3,90.8,31.7,1498.0,45.0,13.83,32.0,32.0,31.8,32.2,optimal,optimal,optimal,optimal,optimal,optimal,↑ increasing,→ stable,→ stable,100.0,✅ EXCELLENT,False,NONE,3.8,0.0,NONE
1779698133.089,80.5,88.8,31.9,1502.0,44.3,13.81,32.3,32.3,31.8,31.8,optimal,optimal,optimal,optimal,optimal,optimal,↑ increasing,→ stable,→ stable,100.0,✅ EXCELLENT,False,NONE,3.6,0.7,NONE
1779698134.092,82.4,88.8,32.3,1521.0,45.4,13.79,32.3,32.3,31.9,32.1,optimal,optimal,optimal,optimal,optimal,optimal,↑ increasing,→ stable,→ stable,100.0,✅ EXCELLENT,False,NONE,3.2,0.7,NONE
1779698135.093,81.9,90.8,31.7,1480.0,45.1,13.82,32.3,32.3,32.3,32.0,optimal,optimal,optimal,optimal,optimal,optimal,↑ increasing,→ stable,→ stable,100.0,✅ EXCELLENT,False,NONE,3.9,0.0,NONE
1779698136.093,79.7,90.4,32.3,1544.0,44.7,13.75,32.0,31.7,32.1,31.8,optimal,optimal,optimal,optimal,optimal,optimal,↑ increasing,→ stable,→ stable,100.0,✅ EXCELLENT,False,NONE,3.1,0.0,NONE
1779698137.095,82.0,89.6,31.7,1478.0,44.3,13.8,32.4,32.3,31.7,31.8,optimal,optimal,optimal,optimal,optimal,optimal,↑ increasing,→ stable,→ stable,100.0,✅ EXCELLENT,False,NONE,3.9,0.1,NONE
1779698138.097,82.5,89.5,31.7,1522.0,44.8,13.77,32.1,32.3,32.3,32.1,optimal,optimal,optimal,optimal,optimal,optimal,→ stable,↓ decreasing,→ stable,100.0,✅ EXCELLENT,False,NONE,3.9,0.1,NONE
1779698139.097,79.5,89.1,32.0,1491.0,45.2,13.85,31.8,31.8,32.4,32.2,optimal,optimal,optimal,optimal,optimal,optimal,→ stable,↓ decreasing,→ stable,100.0,✅ EXCELLENT,False,NONE,3.4,0.4,NONE
1779698140.099,78.3,90.3,32.3,1461.0,45.9,13.78,32.3,31.9,31.8,32.4,optimal,optimal,optimal,optimal,optimal,optimal,→ stable,→ stable,→ stable,100.0,✅ EXCELLENT,False,NONE,3.0,0.0,NONE
1779698141.099,82.4,91.1,31.6,1546.0,44.2,13.76,32.2,31.8,31.6,32.0,optimal,optimal,optimal,optimal,optimal,optimal,→ stable,→ stable,→ stable,100.0,✅ EXCELLENT,False,NONE,4.0,0.0,NONE
1779698142.101,81.2,88.5,32.1,1512.0,45.9,13.75,32.1,32.2,32.2,32.0,optimal,optimal,optimal,optimal,optimal,optimal,→ stable,→ stable,→ stable,100.0,✅ EXCELLENT,False,NONE,3.4,1.1,NONE
1779698143.102,78.1,90.6,32.4,1499.0,45.6,13.8,32.0,31.8,32.3,32.3,optimal,optimal,optimal,optimal,optimal,optimal,→ stable,→ stable,→ stable,100.0,✅ EXCELLENT,False,NONE,2.9,0.0,NONE
1779698144.103,81.0,90.9,31.8,1530.0,44.2,13.76,31.7,31.9,32.3,32.2,optimal,optimal,optimal,optimal,optimal,optimal,↓ decreasing,→ stable,→ stable,100.0,✅ EXCELLENT,False,NONE,3.7,0.0,NONE
1779698145.104,79.3,89.8,31.6,1472.0,44.0,13.8,31.8,31.7,32.0,31.6,optimal,optimal,optimal,optimal,optimal,optimal,↓ decreasing,→ stable,→ stable,100.0,✅ EXCELLENT,False,NONE,3.9,0.0,NONE
1779698146.105,78.9,91.4,31.8,1484.0,44.4,13.84,32.2,32.1,32.3,31.7,optimal,optimal,optimal,optimal,optimal,optimal,↓ decreasing,→ stable,→ stable,100.0,✅ EXCELLENT,False,NONE,3.6,0.0,NONE
1779698147.106,77.5,88.8,31.8,1469.0,44.3,13.8,31.7,32.3,31.9,32.0,optimal,optimal,optimal,optimal,optimal,optimal,↓ decreasing,→ stable,→ stable,100.0,✅ EXCELLENT,False,NONE,3.5,0.7,NONE
1779698148.107,82.9,89.6,32.1,1506.0,44.7,13.82,32.0,31.9,32.4,32.0,optimal,optimal,optimal,optimal,optimal,optimal,↓ decreasing,→ stable,→ stable,100.0,✅ EXCELLENT,False,NONE,3.4,0.1,NONE
1779698149.109,78.6,90.6,31.8,1489.0,45.3,13.81,32.4,31.7,31.9,32.0,optimal,optimal,optimal,optimal,optimal,optimal,↓ decreasing,→ stable,→ stable,100.0,✅ EXCELLENT,False,NONE,3.6,0.0,NONE
1779698150.11,81.8,88.5,32.3,1529.0,44.7,13.79,31.8,31.7,31.7,32.4,optimal,optimal,optimal,optimal,optimal,optimal,↓ decreasing,→ stable,→ stable,100.0,✅ EXCELLENT,False,NONE,3.2,1.1,NONE
1779698151.111,80.6,90.9,32.3,1542.0,44.8,13.75,32.3,32.4,32.2,32.1,optimal,optimal,optimal,optimal,optimal,optimal,↓ decreasing,→ stable,→ stable,100.0,✅ EXCELLENT,False,NONE,3.1,0.0,NONE
1779698152.112,79.9,89.0,31.8,1514.0,44.8,13.81,31.8,32.3,32.0,32.2,optimal,optimal,optimal,optimal,optimal,optimal,↓ decreasing,→ stable,→ stable,100.0,✅ EXCELLENT,False,NONE,3.7,0.5,NONE
1779698153.113,81.3,91.4,32.0,1547.0,45.3,13.79,32.2,32.3,31.8,31.9,optimal,optimal,optimal,optimal,optimal,optimal,↓ decreasing,→ stable,→ stable,100.0,✅ EXCELLENT,False,NONE,3.5,0.0,NONE
1779698154.114,77.9,89.7,31.7,1487.0,44.7,13.79,32.1,31.8,32.0,32.1,optimal,optimal,optimal,optimal,optimal,optimal,↓ decreasing,→ stable,→ stable,100.0,✅ EXCELLENT,False,NONE,3.7,0.0,NONE
1779698155.114,80.2,91.3,31.6,1523.0,45.7,13.8,32.0,32.0,32.3,31.7,optimal,optimal,optimal,optimal,optimal,optimal,→ stable,→ stable,→ stable,100.0,✅ EXCELLENT,False,NONE,3.9,0.0,NONE
1779698156.116,79.3,89.9,31.8,1526.0,45.3,13.76,31.6,32.0,32.0,31.6,optimal,optimal,optimal,optimal,optimal,optimal,→ stable,→ stable,→ stable,100.0,✅ EXCELLENT,False,NONE,3.6,0.0,NONE
1779698157.117,78.0,90.6,32.2,1510.0,45.0,13.84,31.9,32.0,31.9,32.3,optimal,optimal,optimal,optimal,optimal,optimal,→ stable,→ stable,→ stable,100.0,✅ EXCELLENT,False,NONE,3.1,0.0,NONE
1779698158.118,82.4,90.5,32.2,1489.0,44.4,13.83,32.1,32.4,32.2,32.0,optimal,optimal,optimal,optimal,optimal,optimal,→ stable,→ stable,→ stable,100.0,✅ EXCELLENT,False,NONE,3.3,0.0,NONE
1779698159.119,82.1,88.5,32.1,1534.0,45.1,13.76,32.1,32.3,31.9,32.0,optimal,optimal,optimal,optimal,optimal,optimal,↑ increasing,→ stable,→ stable,100.0,✅ EXCELLENT,False,NONE,3.4,1.1,NONE
1779698160.121,82.9,89.2,32.3,1547.0,45.0,13.81,31.8,32.1,31.9,31.9,optimal,optimal,optimal,optimal,optimal,optimal,→ stable,→ stable,→ stable,100.0,✅ EXCELLENT,False,NONE,3.2,0.3,NONE
1779698161.122,80.6,90.9,32.1,1457.0,45.6,13.78,32.0,31.8,32.3,32.1,optimal,optimal,optimal,optimal,optimal,optimal,→ stable,→ stable,→ stable,100.0,✅ EXCELLENT,False,NONE,3.3,0.0,NONE
1779698162.124,81.5,90.3,31.7,1507.0,44.8,13.83,32.0,32.3,32.3,31.6,optimal,optimal,optimal,optimal,optimal,optimal,↑ increasing,→ stable,→ stable,100.0,✅ EXCELLENT,False,NONE,3.8,0.0,NONE
1779698163.125,78.4,91.0,31.8,1505.0,44.8,13.76,31.9,31.7,31.8,31.6,optimal,optimal,optimal,optimal,optimal,optimal,→ stable,→ stable,→ stable,100.0,✅ EXCELLENT,False,NONE,3.6,0.0,NONE
1779698164.126,81.5,88.8,32.0,1527.0,44.2,13.78,32.2,32.3,31.8,31.7,optimal,optimal,optimal,optimal,optimal,optimal,↑ increasing,→ stable,→ stable,100.0,✅ EXCELLENT,False,NONE,3.5,0.7,NONE
1779698165.126,79.3,91.1,32.2,1533.0,44.5,13.75,32.0,32.4,32.1,32.1,optimal,optimal,optimal,optimal,optimal,optimal,↑ increasing,→ stable,→ stable,100.0,✅ EXCELLENT,False,NONE,3.2,0.0,NONE
1779698166.127,80.3,88.8,32.0,1486.0,45.4,13.81,32.0,31.9,31.9,32.4,optimal,optimal,optimal,optimal,optimal,optimal,↑ increasing,→ stable,→ stable,100.0,✅ EXCELLENT,False,NONE,3.4,0.7,NONE
1779698167.128,81.8,90.2,32.4,1534.0,45.1,13.83,31.9,31.9,31.9,32.2,optimal,optimal,optimal,optimal,optimal,optimal,↑ increasing,→ stable,→ stable,100.0,✅ EXCELLENT,False,NONE,3.0,0.0,NONE
1779698168.129,78.8,90.2,32.2,1536.0,44.7,13.84,32.2,32.4,32.4,32.2,optimal,optimal,optimal,optimal,optimal,optimal,↑ increasing,→ stable,→ stable,100.0,✅ EXCELLENT,False,NONE,3.2,0.0,NONE
1779698169.13,82.2,89.8,31.8,1522.0,45.5,13.77,31.9,32.4,31.7,31.9,optimal,optimal,optimal,optimal,optimal,optimal,→ stable,→ stable,→ stable,100.0,✅ EXCELLENT,False,NONE,3.8,0.0,NONE
1779698170.13,77.3,90.4,32.3,1468.0,44.7,13.77,32.1,32.0,31.9,32.1,optimal,optimal,optimal,optimal,optimal,optimal,→ stable,→ stable,→ stable,100.0,✅ EXCELLENT,False,NONE,3.0,0.0,NONE
1779698171.132,80.0,90.4,31.8,1518.0,46.0,13.79,31.7,32.3,31.7,32.3,optimal,optimal,optimal,optimal,optimal,optimal,→ stable,→ stable,→ stable,100.0,✅ EXCELLENT,False,NONE,3.7,0.0,NONE
1779698172.133,78.2,91.2,32.3,1463.0,45.5,13.75,32.0,32.3,32.0,31.6,optimal,optimal,optimal,optimal,optimal,optimal,↓ decreasing,→ stable,→ stable,100.0,✅ EXCELLENT,False,NONE,3.0,0.0,NONE
1779698173.134,79.4,89.3,32.3,1466.0,44.0,13.8,32.3,31.9,31.7,31.7,optimal,optimal,optimal,optimal,optimal,optimal,→ stable,→ stable,→ stable,100.0,✅ EXCELLENT,False,NONE,3.1,0.2,NONE
1779698174.135,82.6,89.8,32.1,1544.0,44.6,13.79,31.9,31.7,31.8,32.0,optimal,optimal,optimal,optimal,optimal,optimal,↓ decreasing,→ stable,→ stable,100.0,✅ EXCELLENT,False,NONE,3.4,0.0,NONE
1779698175.135,81.4,90.1,32.2,1525.0,45.3,13.78,31.7,31.7,31.9,32.1,optimal,optimal,optimal,optimal,optimal,optimal,→ stable,→ stable,→ stable,100.0,✅ EXCELLENT,False,NONE,3.3,0.0,NONE
1779698176.137,81.2,90.1,32.2,1531.0,44.7,13.77,31.8,31.8,32.3,32.2,optimal,optimal,optimal,optimal,optimal,optimal,→ stable,→ stable,→ stable,100.0,✅ EXCELLENT,False,NONE,3.2,0.0,NONE
1779698177.139,77.6,91.0,32.0,1472.0,45.4,13.78,32.3,31.9,32.3,32.2,optimal,optimal,optimal,optimal,optimal,optimal,↓ decreasing,→ stable,→ stable,100.0,✅ EXCELLENT,False,NONE,3.3,0.0,NONE
1779698178.14,77.9,89.2,32.1,1488.0,44.9,13.76,32.0,32.1,31.6,31.9,optimal,optimal,optimal,optimal,optimal,optimal,↓ decreasing,→ stable,→ stable,100.0,✅ EXCELLENT,False,NONE,3.2,0.3,NONE
1779698179.141,82.2,89.9,32.4,1462.0,45.5,13.78,31.8,32.2,32.0,32.2,optimal,optimal,optimal,optimal,optimal,optimal,↓ decreasing,→ stable,→ stable,100.0,✅ EXCELLENT,False,NONE,3.1,0.0,NONE
1779698180.142,80.2,88.9,31.8,1522.0,44.8,13.82,32.2,31.8,32.2,31.6,optimal,optimal,optimal,optimal,optimal,optimal,→ stable,→ stable,→ stable,100.0,✅ EXCELLENT,False,NONE,3.7,0.6,NONE
1779698181.143,82.1,89.2,31.8,1546.0,45.5,13.83,31.8,32.2,32.1,32.4,optimal,optimal,optimal,optimal,optimal,optimal,→ stable,→ stable,→ stable,100.0,✅ EXCELLENT,False,NONE,3.8,0.3,NONE
1779698182.144,80.3,91.0,31.9,1457.0,44.4,13.76,32.0,32.1,32.0,31.6,optimal,optimal,optimal,optimal,optimal,optimal,↑ increasing,→ stable,→ stable,100.0,✅ EXCELLENT,False,NONE,3.6,0.0,NONE
1779698183.145,78.4,91.2,31.7,1473.0,45.7,13.82,32.2,32.1,32.0,31.6,optimal,optimal,optimal,optimal,optimal,optimal,↑ increasing,→ stable,→ stable,100.0,✅ EXCELLENT,False,NONE,3.7,0.0,NONE
1779698184.146,78.3,89.7,32.2,1473.0,44.0,13.8,32.3,32.0,32.1,32.0,optimal,optimal,optimal,optimal,optimal,optimal,→ stable,→ stable,→ stable,100.0,✅ EXCELLENT,False,NONE,3.1,0.0,NONE
1779698185.147,80.9,90.6,31.7,1505.0,44.7,13.84,31.6,32.0,32.2,31.9,optimal,optimal,optimal,optimal,optimal,optimal,→ stable,→ stable,→ stable,100.0,✅ EXCELLENT,False,NONE,3.8,0.0,NONE
1779698186.147,80.5,90.0,31.8,1472.0,44.3,13.77,31.8,31.7,31.8,32.1,optimal,optimal,optimal,optimal,optimal,optimal,→ stable,→ stable,→ stable,100.0,✅ EXCELLENT,False,NONE,3.7,0.0,NONE
1779698187.148,81.2,89.4,31.7,1453.0,45.2,13.75,32.2,31.8,32.4,32.3,optimal,optimal,optimal,optimal,optimal,optimal,→ stable,→ stable,→ stable,100.0,✅ EXCELLENT,False,NONE,3.8,0.2,NONE
1779698188.149,80.1,88.8,32.1,1534.0,44.8,13.82,32.0,32.2,32.0,32.4,optimal,optimal,optimal,optimal,optimal,optimal,↑ increasing,→ stable,→ stable,100.0,✅ EXCELLENT,False,NONE,3.3,0.7,NONE
1779698189.149,79.5,89.0,31.9,1523.0,45.4,13.84,31.7,32.1,32.0,32.0,optimal,optimal,optimal,optimal,optimal,optimal,→ stable,→ stable,→ stable,100.0,✅ EXCELLENT,False,NONE,3.5,0.5,NONE
1779698190.151,80.9,89.1,32.4,1474.0,45.7,13.79,31.7,32.1,31.8,32.2,optimal,optimal,optimal,optimal,optimal,optimal,→ stable,→ stable,→ stable,100.0,✅ EXCELLENT,False,NONE,3.0,0.4,NONE
1779698191.152,82.6,88.6,31.6,1527.0,44.4,13.83,32.0,31.8,32.4,32.2,optimal,optimal,optimal,optimal,optimal,optimal,→ stable,→ stable,→ stable,100.0,✅ EXCELLENT,False,NONE,4.0,1.0,NONE
1779698192.153,80.8,88.6,32.0,1486.0,44.8,13.75,31.9,31.9,31.9,32.0,optimal,optimal,optimal,optimal,optimal,optimal,→ stable,→ stable,→ stable,100.0,✅ EXCELLENT,False,NONE,3.5,1.0,NONE
1779698193.154,82.9,89.0,31.9,1507.0,44.2,13.81,32.2,31.7,31.7,31.7,optimal,optimal,optimal,optimal,optimal,optimal,→ stable,↓ decreasing,→ stable,100.0,✅ EXCELLENT,False,NONE,3.7,0.5,NONE
1779698194.155,82.5,88.6,32.0,1547.0,45.9,13.75,32.2,32.3,32.4,32.1,optimal,optimal,optimal,optimal,optimal,optimal,↑ increasing,↓ decreasing,→ stable,100.0,✅ EXCELLENT,False,NONE,3.5,1.0,NONE
1779698195.156,78.6,89.6,31.8,1534.0,44.6,13.81,32.3,32.3,32.4,32.0,optimal,optimal,optimal,optimal,optimal,optimal,↑ increasing,↓ decreasing,→ stable,100.0,✅ EXCELLENT,False,NONE,3.6,0.1,NONE
1779698196.157,77.2,88.7,31.8,1475.0,45.5,13.83,32.1,31.6,31.8,32.2,optimal,optimal,optimal,optimal,optimal,optimal,↑ increasing,↓ decreasing,→ stable,100.0,✅ EXCELLENT,False,NONE,3.5,0.8,NONE
1779698197.158,81.8,90.0,31.6,1478.0,45.5,13.83,31.8,32.1,31.8,31.7,optimal,optimal,optimal,optimal,optimal,optimal,→ stable,↓ decreasing,→ stable,100.0,✅ EXCELLENT,False,NONE,4.0,0.0,NONE
1779698198.158,78.4,88.8,32.1,1541.0,44.9,13.75,32.1,32.0,31.8,31.8,optimal,optimal,optimal,optimal,optimal,optimal,→ stable,↓ decreasing,→ stable,100.0,✅ EXCELLENT,False,NONE,3.2,0.7,NONE
1779698199.159,81.1,88.7,32.0,1451.0,44.4,13.82,32.1,32.0,32.4,31.8,optimal,optimal,optimal,optimal,optimal,optimal,↑ increasing,↓ decreasing,→ stable,100.0,✅ EXCELLENT,False,NONE,3.5,0.8,NONE
1779698200.16,79.3,91.4,31.8,1484.0,45.9,13.77,32.0,32.0,32.2,32.4,optimal,optimal,optimal,optimal,optimal,optimal,→ stable,↓ decreasing,→ stable,100.0,✅ EXCELLENT,False,NONE,3.6,0.0,NONE
1779698201.161,79.4,88.7,31.6,1549.0,45.0,13.77,32.2,31.8,32.3,31.6,optimal,optimal,optimal,optimal,optimal,optimal,→ stable,↓ decreasing,→ stable,100.0,✅ EXCELLENT,False,NONE,3.9,0.8,NONE
1779698202.162,77.5,88.6,31.9,1474.0,45.7,13.76,31.9,32.3,31.9,31.8,optimal,optimal,optimal,optimal,optimal,optimal,→ stable,→ stable,→ stable,100.0,✅ EXCELLENT,False,NONE,3.4,1.0,NONE
1779698203.163,80.4,89.1,31.8,1504.0,44.7,13.77,31.9,32.3,32.3,31.7,optimal,optimal,optimal,optimal,optimal,optimal,↓ decreasing,→ stable,→ stable,100.0,✅ EXCELLENT,False,NONE,3.7,0.4,NONE
1779698204.163,82.4,89.4,32.3,1480.0,45.4,13.83,32.4,31.6,32.1,31.6,optimal,optimal,optimal,optimal,optimal,optimal,↓ decreasing,→ stable,→ stable,100.0,✅ EXCELLENT,False,NONE,3.2,0.2,NONE
1779698205.164,80.8,89.0,32.3,1518.0,44.2,13.76,32.4,32.2,32.1,31.7,optimal,optimal,optimal,optimal,optimal,optimal,↓ decreasing,→ stable,→ stable,100.0,✅ EXCELLENT,False,NONE,3.1,0.5,NONE
1779698206.165,79.0,89.5,32.2,1514.0,45.1,13.76,32.4,32.1,31.9,32.0,optimal,optimal,optimal,optimal,optimal,optimal,↓ decreasing,→ stable,→ stable,100.0,✅ EXCELLENT,False,NONE,3.2,0.1,NONE
1779698207.166,81.8,91.4,32.3,1526.0,44.6,13.77,31.8,32.1,31.8,31.7,optimal,optimal,optimal,optimal,optimal,optimal,↓ decreasing,→ stable,→ stable,100.0,✅ EXCELLENT,False,NONE,3.2,0.0,NONE
1779698208.168,80.4,91.0,32.3,1521.0,45.0,13.76,32.4,31.9,31.9,32.2,optimal,optimal,optimal,optimal,optimal,optimal,→ stable,↑ increasing,→ stable,100.0,✅ EXCELLENT,False,NONE,3.1,0.0,NONE
1779698209.169,79.0,89.5,32.1,1544.0,44.1,13.78,31.9,31.8,32.0,31.9,optimal,optimal,optimal,optimal,optimal,optimal,↓ decreasing,↑ increasing,→ stable,100.0,✅ EXCELLENT,False,NONE,3.3,0.1,NONE
1779698210.17,80.5,89.4,32.2,1519.0,44.0,13.81,31.7,32.1,32.2,31.7,optimal,optimal,optimal,optimal,optimal,optimal,→ stable,→ stable,→ stable,100.0,✅ EXCELLENT,False,NONE,3.2,0.2,NONE
1779698211.171,79.2,90.1,32.1,1478.0,45.2,13.77,32.3,31.8,32.1,31.8,optimal,optimal,optimal,optimal,optimal,optimal,→ stable,→ stable,→ stable,100.0,✅ EXCELLENT,False,NONE,3.3,0.0,NONE
1779698212.172,77.2,89.2,32.4,1532.0,45.5,13.79,31.9,31.6,31.8,32.3,optimal,optimal,optimal,optimal,optimal,optimal,→ stable,↑ increasing,→ stable,100.0,✅ EXCELLENT,False,NONE,2.9,0.3,NONE
1779698213.173,82.8,89.6,32.3,1514.0,44.9,13.81,31.6,31.6,31.6,31.9,optimal,optimal,optimal,optimal,optimal,optimal,↑ increasing,↑ increasing,→ stable,100.0,✅ EXCELLENT,False,NONE,3.2,0.1,NONE
1779698214.174,82.3,90.7,31.9,1547.0,44.3,13.82,32.3,32.0,31.8,32.3,optimal,optimal,optimal,optimal,optimal,optimal,↑ increasing,↑ increasing,→ stable,100.0,✅ EXCELLENT,False,NONE,3.6,0.0,NONE
1779698215.175,79.8,90.8,32.3,1504.0,44.4,13.75,31.8,32.0,31.9,32.1,optimal,optimal,optimal,optimal,optimal,optimal,→ stable,↑ increasing,→ stable,100.0,✅ EXCELLENT,False,NONE,3.1,0.0,NONE
1779698216.176,80.5,90.3,32.4,1454.0,45.8,13.84,32.2,31.8,31.7,32.0,optimal,optimal,optimal,optimal,optimal,optimal,→ stable,↑ increasing,→ stable,100.0,✅ EXCELLENT,False,NONE,3.0,0.0,NONE
1779698217.178,81.9,90.5,32.2,1502.0,44.4,13.83,31.7,32.1,31.8,32.3,optimal,optimal,optimal,optimal,optimal,optimal,→ stable,↑ increasing,→ stable,100.0,✅ EXCELLENT,False,NONE,3.3,0.0,NONE
1779698218.179,77.3,91.4,32.2,1516.0,45.0,13.8,32.3,32.1,32.4,32.3,optimal,optimal,optimal,optimal,optimal,optimal,→ stable,→ stable,→ stable,100.0,✅ EXCELLENT,False,NONE,3.1,0.0,NONE
1779698219.181,78.4,88.9,32.1,1500.0,45.0,13.78,32.3,31.8,31.7,31.7,optimal,optimal,optimal,optimal,optimal,optimal,→ stable,→ stable,→ stable,100.0,✅ EXCELLENT,False,NONE,3.2,0.6,NONE
1779698220.182,78.4,89.7,32.0,1482.0,44.8,13.85,31.6,32.1,31.8,32.3,optimal,optimal,optimal,optimal,optimal,optimal,→ stable,↑ increasing,→ stable,100.0,✅ EXCELLENT,False,NONE,3.4,0.0,NONE
1779698221.183,79.1,89.7,31.9,1451.0,44.7,13.79,32.1,31.7,31.8,31.8,optimal,optimal,optimal,optimal,optimal,optimal,→ stable,→ stable,→ stable,100.0,✅ EXCELLENT,False,NONE,3.5,0.0,NONE
1779698222.184,82.3,91.4,32.2,1501.0,44.2,13.83,32.1,31.9,31.7,32.0,optimal,optimal,optimal,optimal,optimal,optimal,→ stable,↑ increasing,→ stable,100.0,✅ EXCELLENT,False,NONE,3.3,0.0,NONE
1779698223.185,77.4,88.8,32.4,1459.0,45.6,13.8,31.7,32.1,31.6,31.7,optimal,optimal,optimal,optimal,optimal,optimal,↓ decreasing,→ stable,→ stable,100.0,✅ EXCELLENT,False,NONE,2.9,0.7,NONE
1779698224.187,80.1,90.2,31.9,1494.0,44.2,13.75,32.0,32.2,32.0,32.2,optimal,optimal,optimal,optimal,optimal,optimal,↓ decreasing,→ stable,→ stable,100.0,✅ EXCELLENT,False,NONE,3.5,0.0,NONE
1779698225.188,78.9,90.9,32.1,1537.0,45.4,13.84,32.0,32.0,31.6,32.0,optimal,optimal,optimal,optimal,optimal,optimal,↓ decreasing,→ stable,→ stable,100.0,✅ EXCELLENT,False,NONE,3.3,0.0,NONE
1779698226.189,78.9,91.3,32.0,1460.0,45.0,13.77,32.4,32.2,31.8,32.3,optimal,optimal,optimal,optimal,optimal,optimal,↓ decreasing,→ stable,→ stable,100.0,✅ EXCELLENT,False,NONE,3.4,0.0,NONE
1779698227.19,79.9,91.5,31.9,1463.0,46.0,13.76,32.2,31.6,31.9,31.8,optimal,optimal,optimal,optimal,optimal,optimal,↓ decreasing,→ stable,→ stable,100.0,✅ EXCELLENT,False,NONE,3.5,0.0,NONE
1779698228.192,82.2,90.8,32.2,1530.0,45.9,13.75,32.2,32.1,31.6,31.8,optimal,optimal,optimal,optimal,optimal,optimal,→ stable,→ stable,→ stable,100.0,✅ EXCELLENT,False,NONE,3.3,0.0,NONE
1779698229.193,80.6,89.2,32.1,1460.0,45.8,13.82,32.3,32.0,31.7,31.9,optimal,optimal,optimal,optimal,optimal,optimal,→ stable,→ stable,→ stable,100.0,✅ EXCELLENT,False,NONE,3.3,0.3,NONE
1779698230.194,78.5,90.3,32.2,1517.0,45.8,13.79,32.0,32.2,32.2,32.3,optimal,optimal,optimal,optimal,optimal,optimal,→ stable,→ stable,→ stable,100.0,✅ EXCELLENT,False,NONE,3.1,0.0,NONE
1779698231.195,80.0,91.1,32.2,1535.0,44.6,13.79,31.8,31.9,31.9,31.9,optimal,optimal,optimal,optimal,optimal,optimal,→ stable,→ stable,→ stable,100.0,✅ EXCELLENT,False,NONE,3.2,0.0,NONE
1779698232.197,78.2,91.0,32.3,1548.0,45.2,13.84,31.9,32.0,32.2,32.2,optimal,optimal,optimal,optimal,optimal,optimal,↓ decreasing,→ stable,→ stable,100.0,✅ EXCELLENT,False,NONE,3.0,0.0,NONE
1779698233.198,80.8,91.0,32.1,1459.0,44.1,13.82,32.0,32.3,32.2,31.9,optimal,optimal,optimal,optimal,optimal,optimal,→ stable,↑ increasing,→ stable,100.0,✅ EXCELLENT,False,NONE,3.3,0.0,NONE
1779698234.2,78.4,89.4,32.0,1533.0,45.4,13.83,31.9,32.2,31.9,32.2,optimal,optimal,optimal,optimal,optimal,optimal,→ stable,→ stable,→ stable,100.0,✅ EXCELLENT,False,NONE,3.4,0.2,NONE
1779698235.201,82.2,89.9,32.2,1546.0,45.2,13.82,31.9,32.4,32.2,32.3,optimal,optimal,optimal,optimal,optimal,optimal,↑ increasing,→ stable,→ stable,100.0,✅ EXCELLENT,False,NONE,3.3,0.0,NONE
1779698236.201,78.3,91.5,32.1,1539.0,44.2,13.84,32.3,31.9,32.3,32.1,optimal,optimal,optimal,optimal,optimal,optimal,↑ increasing,→ stable,→ stable,100.0,✅ EXCELLENT,False,NONE,3.2,0.0,NONE
1779698237.203,80.4,90.7,31.6,1486.0,44.1,13.77,31.7,32.0,32.1,32.4,optimal,optimal,optimal,optimal,optimal,optimal,↑ increasing,→ stable,→ stable,100.0,✅ EXCELLENT,False,NONE,3.9,0.0,NONE
1779698238.204,82.1,90.4,31.7,1492.0,44.7,13.8,31.7,32.0,32.1,32.4,optimal,optimal,optimal,optimal,optimal,optimal,→ stable,→ stable,→ stable,100.0,✅ EXCELLENT,False,NONE,3.9,0.0,NONE
1779698239.205,81.8,89.6,32.2,1505.0,44.4,13.79,32.0,32.2,32.3,32.1,optimal,optimal,optimal,optimal,optimal,optimal,→ stable,→ stable,→ stable,100.0,✅ EXCELLENT,False,NONE,3.3,0.1,NONE
1779698240.206,80.8,88.8,32.1,1493.0,44.6,13.76,31.9,31.8,32.2,32.1,optimal,optimal,optimal,optimal,optimal,optimal,↑ increasing,→ stable,→ stable,100.0,✅ EXCELLENT,False,NONE,3.3,0.7,NONE
1779698241.207,77.4,90.8,31.7,1483.0,44.4,13.83,32.0,31.9,31.8,32.3,optimal,optimal,optimal,optimal,optimal,optimal,→ stable,→ stable,→ stable,100.0,✅ EXCELLENT,False,NONE,3.6,0.0,NONE
1779698242.208,81.6,91.2,31.7,1468.0,44.0,13.84,32.1,31.7,31.8,31.8,optimal,optimal,optimal,optimal,optimal,optimal,↑ increasing,→ stable,→ stable,100.0,✅ EXCELLENT,False,NONE,3.8,0.0,NONE
1779698243.21,78.3,89.5,32.4,1537.0,45.5,13.84,32.3,32.1,31.7,31.6,optimal,optimal,optimal,optimal,optimal,optimal,→ stable,↓ decreasing,→ stable,100.0,✅ EXCELLENT,False,NONE,2.9,0.1,NONE
1779698244.211,82.4,90.6,32.2,1473.0,45.9,13.81,32.2,31.9,31.8,32.1,optimal,optimal,optimal,optimal,optimal,optimal,↑ increasing,→ stable,→ stable,100.0,✅ EXCELLENT,False,NONE,3.3,0.0,NONE
1779698245.212,77.1,88.9,32.3,1454.0,45.3,13.77,31.9,31.8,31.7,31.8,optimal,optimal,optimal,optimal,optimal,optimal,→ stable,→ stable,→ stable,100.0,✅ EXCELLENT,False,NONE,3.0,0.6,NONE
1779698246.214,79.6,88.6,31.9,1500.0,45.3,13.76,32.3,31.7,32.2,32.0,optimal,optimal,optimal,optimal,optimal,optimal,→ stable,↓ decreasing,→ stable,100.0,✅ EXCELLENT,False,NONE,3.5,1.0,NONE
1779698247.215,77.9,88.9,32.1,1492.0,45.2,13.84,31.8,31.8,31.8,32.2,optimal,optimal,optimal,optimal,optimal,optimal,→ stable,↓ decreasing,→ stable,100.0,✅ EXCELLENT,False,NONE,3.2,0.6,NONE
1779698248.216,78.7,89.4,32.0,1526.0,45.1,13.81,31.9,32.0,32.3,32.2,optimal,optimal,optimal,optimal,optimal,optimal,→ stable,↓ decreasing,→ stable,100.0,✅ EXCELLENT,False,NONE,3.4,0.2,NONE
1779698249.217,78.2,89.7,32.2,1469.0,45.3,13.77,32.2,31.6,32.1,32.0,optimal,optimal,optimal,optimal,optimal,optimal,↓ decreasing,↓ decreasing,→ stable,100.0,✅ EXCELLENT,False,NONE,3.1,0.0,NONE
1779698250.218,80.3,89.8,31.7,1539.0,44.3,13.79,32.2,31.6,32.2,31.9,optimal,optimal,optimal,optimal,optimal,optimal,↓ decreasing,↓ decreasing,→ stable,100.0,✅ EXCELLENT,False,NONE,3.8,0.0,NONE
1779698251.219,81.2,88.7,32.4,1479.0,44.5,13.75,32.1,31.6,32.4,31.8,optimal,optimal,optimal,optimal,optimal,optimal,↓ decreasing,↓ decreasing,→ stable,100.0,✅ EXCELLENT,False,NONE,3.0,0.8,NONE
1779698252.22,80.5,89.0,32.3,1460.0,44.3,13.77,32.1,32.3,32.3,32.0,optimal,optimal,optimal,optimal,optimal,optimal,↓ decreasing,↓ decreasing,→ stable,100.0,✅ EXCELLENT,False,NONE,3.1,0.5,NONE
1779698253.221,80.4,90.8,32.1,1477.0,45.4,13.81,32.1,31.9,32.1,31.8,optimal,optimal,optimal,optimal,optimal,optimal,→ stable,↓ decreasing,→ stable,100.0,✅ EXCELLENT,False,NONE,3.3,0.0,NONE
1779698254.222,79.5,90.4,32.2,1516.0,44.3,13.78,32.4,31.6,31.9,31.9,optimal,optimal,optimal,optimal,optimal,optimal,↓ decreasing,↓ decreasing,→ stable,100.0,✅ EXCELLENT,False,NONE,3.2,0.0,NONE
1779698255.223,79.1,89.0,31.8,1503.0,44.4,13.83,31.7,32.3,31.7,32.3,optimal,optimal,optimal,optimal,optimal,optimal,→ stable,↓ decreasing,→ stable,100.0,✅ EXCELLENT,False,NONE,3.6,0.5,NONE
1779698256.224,80.7,89.2,31.7,1478.0,44.5,13.84,31.9,32.1,31.8,32.0,optimal,optimal,optimal,optimal,optimal,optimal,→ stable,→ stable,→ stable,100.0,✅ EXCELLENT,False,NONE,3.8,0.3,NONE
1779698257.225,79.9,89.5,32.3,1525.0,44.2,13.81,32.1,31.9,32.0,31.8,optimal,optimal,optimal,optimal,optimal,optimal,→ stable,→ stable,→ stable,100.0,✅ EXCELLENT,False,NONE,3.1,0.1,NONE
1779698258.226,78.9,89.8,32.1,1451.0,45.8,13.84,31.8,32.1,31.9,32.1,optimal,optimal,optimal,optimal,optimal,optimal,→ stable,→ stable,→ stable,100.0,✅ EXCELLENT,False,NONE,3.3,0.0,NONE
1779698259.227,79.9,89.8,31.7,1531.0,45.2,13.81,32.2,31.8,31.8,32.0,optimal,optimal,optimal,optimal,optimal,optimal,↑ increasing,→ stable,→ stable,100.0,✅ EXCELLENT,False,NONE,3.8,0.0,NONE
1779698260.228,79.9,89.7,31.7,1492.0,45.8,13.8,32.0,31.9,31.6,32.3,optimal,optimal,optimal,optimal,optimal,optimal,↑ increasing,→ stable,→ stable,100.0,✅ EXCELLENT,False,NONE,3.8,0.0,NONE
1779698261.229,79.7,89.9,31.9,1546.0,44.7,13.81,32.1,32.1,31.9,31.7,optimal,optimal,optimal,optimal,optimal,optimal,→ stable,→ stable,→ stable,100.0,✅ EXCELLENT,False,NONE,3.5,0.0,NONE
1779698262.23,81.4,91.4,31.8,1458.0,44.7,13.77,32.3,32.4,32.1,32.1,optimal,optimal,optimal,optimal,optimal,optimal,↑ increasing,↑ increasing,→ stable,100.0,✅ EXCELLENT,False,NONE,3.7,0.0,NONE
1779698263.23,80.6,88.9,32.3,1468.0,45.9,13.8,32.0,32.1,32.2,31.8,optimal,optimal,optimal,optimal,optimal,optimal,→ stable,→ stable,→ stable,100.0,✅ EXCELLENT,False,NONE,3.1,0.6,NONE
1779698264.231,77.2,89.0,31.6,1534.0,44.5,13.82,32.3,32.1,31.9,32.0,optimal,optimal,optimal,optimal,optimal,optimal,→ stable,→ stable,→ stable,100.0,✅ EXCELLENT,False,NONE,3.7,0.5,NONE
1779698265.231,79.1,90.5,32.2,1540.0,45.9,13.78,31.8,32.1,32.4,31.7,optimal,optimal,optimal,optimal,optimal,optimal,→ stable,→ stable,→ stable,100.0,✅ EXCELLENT,False,NONE,3.2,0.0,NONE
1779698266.232,79.1,88.7,31.7,1489.0,44.3,13.78,32.0,32.1,32.2,32.3,optimal,optimal,optimal,optimal,optimal,optimal,→ stable,→ stable,→ stable,100.0,✅ EXCELLENT,False,NONE,3.7,0.8,NONE
1779698267.233,77.9,88.5,32.3,1501.0,45.5,13.79,31.8,31.7,31.8,32.1,optimal,optimal,optimal,optimal,optimal,optimal,→ stable,→ stable,→ stable,100.0,✅ EXCELLENT,False,NONE,3.0,1.1,NONE
1779698268.234,83.0,90.4,32.2,1548.0,45.1,13.81,32.2,32.1,32.2,32.3,optimal,optimal,optimal,optimal,optimal,optimal,→ stable,→ stable,→ stable,100.0,✅ EXCELLENT,False,NONE,3.3,0.0,NONE
1779698269.235,77.5,89.5,31.6,1536.0,45.8,13.81,32.0,32.1,32.0,31.7,optimal,optimal,optimal,optimal,optimal,optimal,→ stable,→ stable,→ stable,100.0,✅ EXCELLENT,False,NONE,3.8,0.1,NONE
1779698270.236,81.9,91.3,32.3,1521.0,44.5,13.79,31.8,31.6,32.3,32.0,optimal,optimal,optimal,optimal,optimal,optimal,→ stable,→ stable,→ stable,100.0,✅ EXCELLENT,False,NONE,3.2,0.0,NONE
1779698271.237,81.1,89.8,32.0,1527.0,45.7,13.76,32.3,32.3,31.8,32.2,optimal,optimal,optimal,optimal,optimal,optimal,→ stable,→ stable,→ stable,100.0,✅ EXCELLENT,False,NONE,3.5,0.0,NONE
1779698272.238,81.3,90.5,31.7,1480.0,44.3,13.83,32.4,32.4,32.2,32.1,optimal,optimal,optimal,optimal,optimal,optimal,→ stable,→ stable,→ stable,100.0,✅ EXCELLENT,False,NONE,3.8,0.0,NONE
1779698273.239,81.7,91.3,32.1,1518.0,45.3,13.82,31.9,31.9,31.7,31.8,optimal,optimal,optimal,optimal,optimal,optimal,→ stable,→ stable,→ stable,100.0,✅ EXCELLENT,False,NONE,3.4,0.0,NONE
1779698274.24,78.3,91.1,31.6,1536.0,45.3,13.84,32.1,32.1,31.9,32.3,optimal,optimal,optimal,optimal,optimal,optimal,→ stable,↑ increasing,→ stable,100.0,✅ EXCELLENT,False,NONE,3.8,0.0,NONE
1779698275.241,80.1,89.0,31.7,1489.0,45.9,13.83,32.0,32.3,31.9,32.2,optimal,optimal,optimal,optimal,optimal,optimal,→ stable,→ stable,→ stable,100.0,✅ EXCELLENT,False,NONE,3.8,0.5,NONE
1779698276.242,81.1,89.4,31.7,1534.0,45.3,13.78,31.6,31.6,32.0,31.8,optimal,optimal,optimal,optimal,optimal,optimal,↑ increasing,→ stable,→ stable,100.0,✅ EXCELLENT,False,NONE,3.8,0.2,NONE
1779698277.243,78.9,89.8,31.8,1542.0,45.9,13.76,32.0,32.0,31.6,32.2,optimal,optimal,optimal,optimal,optimal,optimal,↑ increasing,↑ increasing,→ stable,100.0,✅ EXCELLENT,False,NONE,3.6,0.0,NONE
1779698278.244,77.4,90.9,31.9,1505.0,44.2,13.8,31.7,32.3,31.8,32.1,optimal,optimal,optimal,optimal,optimal,optimal,→ stable,↑ increasing,→ stable,100.0,✅ EXCELLENT,False,NONE,3.4,0.0,NONE
1779698279.245,78.0,88.6,32.0,1507.0,44.2,13.75,32.1,32.2,31.9,31.9,optimal,optimal,optimal,optimal,optimal,optimal,→ stable,↑ increasing,→ stable,100.0,✅ EXCELLENT,False,NONE,3.3,1.0,NONE
1779698280.246,79.6,91.0,31.6,1506.0,45.4,13.85,31.9,32.0,31.7,31.9,optimal,optimal,optimal,optimal,optimal,optimal,→ stable,→ stable,→ stable,100.0,✅ EXCELLENT,False,NONE,3.9,0.0,NONE
1779698281.247,81.3,89.2,32.0,1544.0,44.8,13.79,32.2,31.9,31.8,32.0,optimal,optimal,optimal,optimal,optimal,optimal,→ stable,→ stable,→ stable,100.0,✅ EXCELLENT,False,NONE,3.5,0.3,NONE
1779698282.247,81.1,89.8,32.2,1454.0,45.7,13.84,31.7,32.0,31.9,31.7,optimal,optimal,optimal,optimal,optimal,optimal,→ stable,→ stable,→ stable,100.0,✅ EXCELLENT,False,NONE,3.2,0.0,NONE
1779698283.248,81.4,91.3,32.3,1523.0,45.9,13.81,32.0,31.8,32.2,32.2,optimal,optimal,optimal,optimal,optimal,optimal,→ stable,→ stable,→ stable,100.0,✅ EXCELLENT,False,NONE,3.1,0.0,NONE
1779698284.249,77.5,88.8,31.8,1484.0,45.6,13.83,32.0,32.3,31.8,31.9,optimal,optimal,optimal,optimal,optimal,optimal,→ stable,→ stable,→ stable,100.0,✅ EXCELLENT,False,NONE,3.5,0.7,NONE
1779698285.25,79.4,89.8,31.8,1461.0,45.1,13.75,32.0,32.3,32.1,32.2,optimal,optimal,optimal,optimal,optimal,optimal,↓ decreasing,→ stable,→ stable,100.0,✅ EXCELLENT,False,NONE,3.6,0.0,NONE
1779698286.25,79.9,90.4,31.8,1491.0,45.8,13.81,31.7,31.8,32.3,32.2,optimal,optimal,optimal,optimal,optimal,optimal,↓ decreasing,→ stable,→ stable,100.0,✅ EXCELLENT,False,NONE,3.7,0.0,NONE
1779698287.251,80.8,91.1,32.4,1509.0,44.1,13.79,32.2,32.2,31.8,31.8,optimal,optimal,optimal,optimal,optimal,optimal,↓ decreasing,→ stable,→ stable,100.0,✅ EXCELLENT,False,NONE,3.0,0.0,NONE
1779698288.252,80.9,90.2,31.9,1539.0,44.2,13.83,32.0,32.3,32.4,32.0,optimal,optimal,optimal,optimal,optimal,optimal,→ stable,→ stable,→ stable,100.0,✅ EXCELLENT,False,NONE,3.6,0.0,NONE
1779698289.253,78.2,88.7,31.8,1495.0,44.6,13.76,31.8,32.4,32.2,32.4,optimal,optimal,optimal,optimal,optimal,optimal,→ stable,→ stable,→ stable,100.0,✅ EXCELLENT,False,NONE,3.6,0.8,NONE
1779698290.254,81.7,89.3,32.1,1485.0,45.9,13.82,32.1,32.4,31.8,32.0,optimal,optimal,optimal,optimal,optimal,optimal,→ stable,→ stable,→ stable,100.0,✅ EXCELLENT,False,NONE,3.4,0.2,NONE
1779698291.255,78.5,88.6,32.3,1534.0,44.5,13.76,31.9,31.6,32.3,31.9,optimal,optimal,optimal,optimal,optimal,optimal,→ stable,→ stable,→ stable,100.0,✅ EXCELLENT,False,NONE,3.0,1.0,NONE
1779698292.257,80.0,90.1,31.9,1544.0,44.2,13.8,31.6,32.4,31.7,32.0,optimal,optimal,optimal,optimal,optimal,optimal,→ stable,→ stable,→ stable,100.0,✅ EXCELLENT,False,NONE,3.5,0.0,NONE
1779698293.258,78.6,91.3,31.9,1505.0,44.7,13.78,32.1,32.0,32.0,32.1,optimal,optimal,optimal,optimal,optimal,optimal,→ stable,→ stable,→ stable,100.0,✅ EXCELLENT,False,NONE,3.5,0.0,NONE
1779698294.259,77.2,89.5,32.4,1452.0,45.5,13.77,31.6,32.3,31.8,31.6,optimal,optimal,optimal,optimal,optimal,optimal,→ stable,→ stable,→ stable,100.0,✅ EXCELLENT,False,NONE,2.9,0.1,NONE
1779698295.26,82.2,90.8,31.9,1546.0,44.6,13.83,32.1,31.8,32.4,31.8,optimal,optimal,optimal,optimal,optimal,optimal,→ stable,→ stable,→ stable,100.0,✅ EXCELLENT,False,NONE,3.6,0.0,NONE
1779698296.26,80.8,90.0,32.1,1529.0,45.9,13.76,32.4,32.2,31.8,32.0,optimal,optimal,optimal,optimal,optimal,optimal,→ stable,→ stable,→ stable,100.0,✅ EXCELLENT,False,NONE,3.3,0.0,NONE
1779698297.262,82.2,91.5,31.9,1525.0,44.2,13.78,32.0,32.2,32.2,32.3,optimal,optimal,optimal,optimal,optimal,optimal,→ stable,→ stable,→ stable,100.0,✅ EXCELLENT,False,NONE,3.6,0.0,NONE
1779698298.263,79.3,89.1,32.2,1499.0,45.7,13.8,31.7,31.9,32.0,32.4,optimal,optimal,optimal,optimal,optimal,optimal,→ stable,→ stable,→ stable,100.0,✅ EXCELLENT,False,NONE,3.2,0.4,NONE
1779698299.264,78.9,88.6,31.9,1455.0,45.5,13.81,31.7,32.2,31.9,31.7,optimal,optimal,optimal,optimal,optimal,optimal,→ stable,→ stable,→ stable,100.0,✅ EXCELLENT,False,NONE,3.5,1.0,NONE
1779698300.265,79.1,89.5,32.2,1522.0,44.9,13.77,32.2,32.2,32.3,31.6,optimal,optimal,optimal,optimal,optimal,optimal,↓ decreasing,→ stable,→ stable,100.0,✅ EXCELLENT,False,NONE,3.2,0.1,NONE
1779698301.266,79.2,88.8,31.6,1545.0,45.0,13.83,32.4,31.7,32.0,32.1,optimal,optimal,optimal,optimal,optimal,optimal,→ stable,→ stable,→ stable,100.0,✅ EXCELLENT,False,NONE,3.8,0.7,NONE
1779698302.266,79.3,91.2,32.0,1522.0,45.8,13.81,31.9,31.7,32.1,32.1,optimal,optimal,optimal,optimal,optimal,optimal,→ stable,→ stable,→ stable,100.0,✅ EXCELLENT,False,NONE,3.4,0.0,NONE
1779698303.266,81.1,90.1,31.7,1491.0,44.3,13.79,32.2,31.9,32.1,32.4,optimal,optimal,optimal,optimal,optimal,optimal,→ stable,→ stable,→ stable,100.0,✅ EXCELLENT,False,NONE,3.8,0.0,NONE
1779698304.268,80.1,88.7,32.3,1499.0,45.3,13.84,31.7,31.7,32.2,31.9,optimal,optimal,optimal,optimal,optimal,optimal,↑ increasing,→ stable,→ stable,100.0,✅ EXCELLENT,False,NONE,3.1,0.8,NONE
1779698305.27,79.4,90.1,31.7,1469.0,44.3,13.79,31.7,32.4,32.0,32.1,optimal,optimal,optimal,optimal,optimal,optimal,→ stable,→ stable,→ stable,100.0,✅ EXCELLENT,False,NONE,3.7,0.0,NONE
1779698306.271,81.5,91.3,31.8,1498.0,44.7,13.77,31.8,32.3,31.6,31.8,optimal,optimal,optimal,optimal,optimal,optimal,→ stable,→ stable,→ stable,100.0,✅ EXCELLENT,False,NONE,3.7,0.0,NONE
1779698307.271,81.1,90.5,31.8,1535.0,44.5,13.83,31.9,31.8,32.3,32.2,optimal,optimal,optimal,optimal,optimal,optimal,→ stable,→ stable,→ stable,100.0,✅ EXCELLENT,False,NONE,3.7,0.0,NONE
1779698308.272,81.8,88.9,32.2,1452.0,45.3,13.81,31.6,32.0,31.7,32.1,optimal,optimal,optimal,optimal,optimal,optimal,→ stable,→ stable,→ stable,100.0,✅ EXCELLENT,False,NONE,3.3,0.6,NONE
1779698309.273,80.4,88.5,31.7,1508.0,44.0,13.77,31.7,31.7,32.2,32.1,optimal,optimal,optimal,optimal,optimal,optimal,→ stable,→ stable,→ stable,100.0,✅ EXCELLENT,False,NONE,3.8,1.1,NONE
1779698310.274,81.5,89.8,31.9,1497.0,44.2,13.78,32.3,32.0,32.2,32.0,optimal,optimal,optimal,optimal,optimal,optimal,↑ increasing,→ stable,→ stable,100.0,✅ EXCELLENT,False,NONE,3.6,0.0,NONE
1779698311.275,79.0,89.5,32.0,1508.0,44.2,13.76,31.8,32.2,32.3,31.7,optimal,optimal,optimal,optimal,optimal,optimal,↑ increasing,→ stable,→ stable,100.0,✅ EXCELLENT,False,NONE,3.4,0.1,NONE
1779698312.278,81.4,90.7,32.2,1453.0,45.0,13.77,31.7,32.2,31.9,32.2,optimal,optimal,optimal,optimal,optimal,optimal,↑ increasing,→ stable,→ stable,100.0,✅ EXCELLENT,False,NONE,3.3,0.0,NONE
1779698313.279,77.7,90.9,32.0,1510.0,44.1,13.83,32.2,32.3,31.8,32.4,optimal,optimal,optimal,optimal,optimal,optimal,→ stable,→ stable,→ stable,100.0,✅ EXCELLENT,False,NONE,3.3,0.0,NONE
1779698314.28,79.7,91.2,31.8,1510.0,44.8,13.76,32.0,31.6,31.8,32.0,optimal,optimal,optimal,optimal,optimal,optimal,→ stable,→ stable,→ stable,100.0,✅ EXCELLENT,False,NONE,3.6,0.0,NONE
1779698315.282,78.0,89.8,31.8,1474.0,44.8,13.78,32.3,31.9,31.9,31.9,optimal,optimal,optimal,optimal,optimal,optimal,→ stable,→ stable,→ stable,100.0,✅ EXCELLENT,False,NONE,3.6,0.0,NONE
1779698316.283,79.0,91.5,32.0,1492.0,44.0,13.76,32.4,32.0,31.6,31.7,optimal,optimal,optimal,optimal,optimal,optimal,→ stable,→ stable,→ stable,100.0,✅ EXCELLENT,False,NONE,3.4,0.0,NONE
1779698317.285,82.9,89.9,31.8,1484.0,44.6,13.79,31.7,31.8,31.9,32.0,optimal,optimal,optimal,optimal,optimal,optimal,→ stable,→ stable,→ stable,100.0,✅ EXCELLENT,False,NONE,3.8,0.0,NONE
1779698318.287,82.6,90.5,31.9,1482.0,46.0,13.81,31.7,32.3,32.2,32.2,optimal,optimal,optimal,optimal,optimal,optimal,→ stable,→ stable,→ stable,100.0,✅ EXCELLENT,False,NONE,3.7,0.0,NONE
1779698319.288,82.7,91.3,31.9,1544.0,45.9,13.79,31.9,32.1,32.2,32.0,optimal,optimal,optimal,optimal,optimal,optimal,→ stable,↑ increasing,→ stable,100.0,✅ EXCELLENT,False,NONE,3.7,0.0,NONE
1779698320.289,82.9,88.7,32.0,1535.0,45.4,13.81,32.3,32.3,31.9,32.0,optimal,optimal,optimal,optimal,optimal,optimal,→ stable,↑ increasing,→ stable,100.0,✅ EXCELLENT,False,NONE,3.6,0.8,NONE
1779698321.29,82.2,90.8,32.0,1549.0,45.2,13.83,31.9,32.2,32.3,32.1,optimal,optimal,optimal,optimal,optimal,optimal,→ stable,↑ increasing,→ stable,100.0,✅ EXCELLENT,False,NONE,3.5,0.0,NONE
1779698322.29,81.5,89.7,32.3,1475.0,44.1,13.8,31.9,31.7,32.0,32.1,optimal,optimal,optimal,optimal,optimal,optimal,→ stable,↑ increasing,→ stable,100.0,✅ EXCELLENT,False,NONE,3.1,0.0,NONE
1779698323.292,79.5,90.0,32.1,1495.0,45.3,13.84,32.2,32.0,32.3,32.2,optimal,optimal,optimal,optimal,optimal,optimal,↑ increasing,→ stable,→ stable,100.0,✅ EXCELLENT,False,NONE,3.3,0.0,NONE
1779698324.292,81.2,89.0,32.2,1506.0,45.2,13.76,32.2,31.6,31.6,31.7,optimal,optimal,optimal,optimal,optimal,optimal,↑ increasing,→ stable,→ stable,100.0,✅ EXCELLENT,False,NONE,3.2,0.5,NONE
1779698325.294,79.8,88.7,32.0,1526.0,45.4,13.76,32.3,32.2,31.7,31.7,optimal,optimal,optimal,optimal,optimal,optimal,↑ increasing,→ stable,→ stable,100.0,✅ EXCELLENT,False,NONE,3.4,0.8,NONE
1779698326.295,80.7,90.9,32.4,1469.0,45.5,13.84,31.9,31.7,31.7,32.3,optimal,optimal,optimal,optimal,optimal,optimal,↑ increasing,→ stable,→ stable,100.0,✅ EXCELLENT,False,NONE,3.0,0.0,NONE
1779698327.296,81.5,91.1,32.1,1499.0,44.0,13.84,31.7,31.8,32.2,32.1,optimal,optimal,optimal,optimal,optimal,optimal,↑ increasing,→ stable,→ stable,100.0,✅ EXCELLENT,False,NONE,3.4,0.0,NONE
1779698328.296,79.7,90.7,32.0,1461.0,44.0,13.79,32.2,31.6,32.1,32.2,optimal,optimal,optimal,optimal,optimal,optimal,↑ increasing,→ stable,→ stable,100.0,✅ EXCELLENT,False,NONE,3.4,0.0,NONE
1779698329.297,82.9,90.8,32.3,1451.0,45.8,13.84,32.4,31.7,32.1,32.2,optimal,optimal,optimal,optimal,optimal,optimal,↑ increasing,→ stable,→ stable,100.0,✅ EXCELLENT,False,NONE,3.2,0.0,NONE
1779698330.298,82.3,90.1,32.3,1477.0,45.1,13.79,31.7,32.0,32.2,31.6,optimal,optimal,optimal,optimal,optimal,optimal,↑ increasing,→ stable,→ stable,100.0,✅ EXCELLENT,False,NONE,3.2,0.0,NONE
1779698331.299,83.0,90.7,31.8,1465.0,44.8,13.83,31.8,32.1,32.2,32.2,optimal,optimal,optimal,optimal,optimal,optimal,→ stable,→ stable,→ stable,100.0,✅ EXCELLENT,False,NONE,3.8,0.0,NONE
1779698332.3,77.9,88.6,32.2,1498.0,44.4,13.82,32.0,32.1,32.3,31.7,optimal,optimal,optimal,optimal,optimal,optimal,→ stable,→ stable,→ stable,100.0,✅ EXCELLENT,False,NONE,3.1,1.0,NONE
1779698333.3,81.4,91.0,32.0,1512.0,45.8,13.79,32.3,32.0,32.1,31.8,optimal,optimal,optimal,optimal,optimal,optimal,→ stable,→ stable,→ stable,100.0,✅ EXCELLENT,False,NONE,3.5,0.0,NONE
1779698334.3,79.1,90.1,32.3,1527.0,44.7,13.75,31.8,31.6,31.9,32.0,optimal,optimal,optimal,optimal,optimal,optimal,→ stable,→ stable,→ stable,100.0,✅ EXCELLENT,False,NONE,3.1,0.0,NONE
1779698335.301,77.4,89.2,32.1,1532.0,45.3,13.84,31.8,31.9,31.6,31.7,optimal,optimal,optimal,optimal,optimal,optimal,↓ decreasing,→ stable,→ stable,100.0,✅ EXCELLENT,False,NONE,3.2,0.3,NONE
1779698336.302,82.8,90.5,32.3,1543.0,44.5,13.79,32.3,32.0,31.7,32.2,optimal,optimal,optimal,optimal,optimal,optimal,↓ decreasing,→ stable,→ stable,100.0,✅ EXCELLENT,False,NONE,3.2,0.0,NONE
1779698337.303,81.5,89.5,32.1,1531.0,45.6,13.83,31.7,32.4,32.4,31.7,optimal,optimal,optimal,optimal,optimal,optimal,↓ decreasing,→ stable,→ stable,100.0,✅ EXCELLENT,False,NONE,3.4,0.1,NONE
1779698338.304,77.5,89.1,32.0,1513.0,44.7,13.79,31.8,31.6,31.6,32.0,optimal,optimal,optimal,optimal,optimal,optimal,↓ decreasing,→ stable,→ stable,100.0,✅ EXCELLENT,False,NONE,3.3,0.4,NONE
1779698339.304,79.4,89.1,32.1,1453.0,45.0,13.82,32.0,32.2,31.7,31.9,optimal,optimal,optimal,optimal,optimal,optimal,↓ decreasing,→ stable,→ stable,100.0,✅ EXCELLENT,False,NONE,3.3,0.4,NONE
1779698340.306,81.0,91.2,32.3,1502.0,45.8,13.79,32.1,31.7,31.8,32.0,optimal,optimal,optimal,optimal,optimal,optimal,↓ decreasing,→ stable,→ stable,100.0,✅ EXCELLENT,False,NONE,3.1,0.0,NONE
1779698341.308,82.1,88.7,32.3,1527.0,44.3,13.83,32.2,32.4,31.9,32.1,optimal,optimal,optimal,optimal,optimal,optimal,↓ decreasing,→ stable,→ stable,100.0,✅ EXCELLENT,False,NONE,3.2,0.8,NONE
1779698342.31,82.0,88.7,32.2,1503.0,45.1,13.78,31.8,31.7,31.7,32.2,optimal,optimal,optimal,optimal,optimal,optimal,→ stable,→ stable,→ stable,100.0,✅ EXCELLENT,False,NONE,3.3,0.8,NONE
1779698343.31,79.4,89.0,32.4,1548.0,45.4,13.83,31.9,32.1,31.7,32.0,optimal,optimal,optimal,optimal,optimal,optimal,↓ decreasing,↓ decreasing,→ stable,100.0,✅ EXCELLENT,False,NONE,2.9,0.5,NONE
1779698344.311,79.1,89.9,32.2,1533.0,45.0,13.84,31.7,32.0,31.8,31.9,optimal,optimal,optimal,optimal,optimal,optimal,↓ decreasing,↓ decreasing,→ stable,100.0,✅ EXCELLENT,False,NONE,3.2,0.0,NONE
1779698345.312,77.5,89.0,32.4,1476.0,44.4,13.78,32.0,31.9,32.3,32.4,optimal,optimal,optimal,optimal,optimal,optimal,→ stable,↓ decreasing,→ stable,100.0,✅ EXCELLENT,False,NONE,2.9,0.5,NONE
1779698346.312,82.3,91.4,32.2,1456.0,45.0,13.76,32.4,32.0,32.0,32.3,optimal,optimal,optimal,optimal,optimal,optimal,↓ decreasing,↓ decreasing,→ stable,100.0,✅ EXCELLENT,False,NONE,3.3,0.0,NONE
1779698347.314,79.0,88.8,31.8,1499.0,44.3,13.77,31.9,32.0,32.2,32.1,optimal,optimal,optimal,optimal,optimal,optimal,↓ decreasing,↓ decreasing,→ stable,100.0,✅ EXCELLENT,False,NONE,3.6,0.7,NONE
1779698348.315,80.4,89.7,32.2,1469.0,45.1,13.79,32.0,32.1,32.4,32.2,optimal,optimal,optimal,optimal,optimal,optimal,→ stable,→ stable,→ stable,100.0,✅ EXCELLENT,False,NONE,3.2,0.0,NONE
1779698349.316,80.1,90.9,31.8,1539.0,44.3,13.83,32.3,32.0,31.8,31.7,optimal,optimal,optimal,optimal,optimal,optimal,→ stable,→ stable,→ stable,100.0,✅ EXCELLENT,False,NONE,3.7,0.0,NONE
1779698350.316,79.6,90.6,32.4,1528.0,45.2,13.77,32.2,31.8,32.0,32.1,optimal,optimal,optimal,optimal,optimal,optimal,→ stable,→ stable,→ stable,100.0,✅ EXCELLENT,False,NONE,3.0,0.0,NONE
1779698351.318,82.4,90.1,32.0,1487.0,44.4,13.84,31.9,32.2,31.9,31.9,optimal,optimal,optimal,optimal,optimal,optimal,→ stable,→ stable,→ stable,100.0,✅ EXCELLENT,False,NONE,3.5,0.0,NONE
1779698352.321,82.3,90.4,31.7,1464.0,44.9,13.76,31.9,31.8,32.3,32.3,optimal,optimal,optimal,optimal,optimal,optimal,→ stable,→ stable,→ stable,100.0,✅ EXCELLENT,False,NONE,3.9,0.0,NONE
1779698353.322,79.7,90.1,32.1,1479.0,44.3,13.83,31.6,32.3,32.4,32.2,optimal,optimal,optimal,optimal,optimal,optimal,→ stable,↑ increasing,→ stable,100.0,✅ EXCELLENT,False,NONE,3.3,0.0,NONE
1779698354.323,78.2,90.1,32.1,1500.0,45.1,13.81,31.9,31.6,32.1,31.8,optimal,optimal,optimal,optimal,optimal,optimal,→ stable,↑ increasing,→ stable,100.0,✅ EXCELLENT,False,NONE,3.2,0.0,NONE
1779698355.325,79.1,90.1,32.3,1478.0,45.6,13.76,32.1,31.7,32.3,32.1,optimal,optimal,optimal,optimal,optimal,optimal,→ stable,↑ increasing,→ stable,100.0,✅ EXCELLENT,False,NONE,3.1,0.0,NONE
1779698356.325,77.1,89.9,31.7,1509.0,45.1,13.8,31.6,32.4,32.3,32.2,optimal,optimal,optimal,optimal,optimal,optimal,→ stable,↑ increasing,→ stable,100.0,✅ EXCELLENT,False,NONE,3.6,0.0,NONE
1779698357.327,78.0,90.4,32.4,1477.0,44.4,13.84,31.7,32.0,32.4,31.8,optimal,optimal,optimal,optimal,optimal,optimal,→ stable,↑ increasing,→ stable,100.0,✅ EXCELLENT,False,NONE,2.9,0.0,NONE
1779698358.328,82.5,89.5,32.2,1532.0,46.0,13.84,32.0,32.4,32.4,32.0,optimal,optimal,optimal,optimal,optimal,optimal,→ stable,↑ increasing,→ stable,100.0,✅ EXCELLENT,False,NONE,3.3,0.1,NONE
1779698359.329,79.2,91.2,31.7,1515.0,44.0,13.81,32.0,31.6,32.3,32.4,optimal,optimal,optimal,optimal,optimal,optimal,→ stable,↑ increasing,→ stable,100.0,✅ EXCELLENT,False,NONE,3.7,0.0,NONE
1779698360.33,79.7,89.9,32.1,1500.0,45.2,13.76,32.3,32.3,31.7,32.4,optimal,optimal,optimal,optimal,optimal,optimal,→ stable,→ stable,→ stable,100.0,✅ EXCELLENT,False,NONE,3.3,0.0,NONE
1779698361.331,80.5,91.0,31.9,1526.0,44.0,13.85,32.2,32.2,31.9,32.0,optimal,optimal,optimal,optimal,optimal,optimal,↓ decreasing,→ stable,→ stable,100.0,✅ EXCELLENT,False,NONE,3.6,0.0,NONE
1779698362.332,77.5,89.7,31.8,1461.0,44.1,13.77,32.0,31.9,32.1,31.9,optimal,optimal,optimal,optimal,optimal,optimal,↓ decreasing,→ stable,→ stable,100.0,✅ EXCELLENT,False,NONE,3.5,0.0,NONE
1779698363.333,81.3,88.8,32.1,1463.0,44.4,13.82,31.8,32.1,31.8,32.4,optimal,optimal,optimal,optimal,optimal,optimal,↓ decreasing,→ stable,→ stable,100.0,✅ EXCELLENT,False,NONE,3.4,0.7,NONE
1779698364.334,82.7,90.3,31.8,1485.0,45.7,13.8,32.1,31.9,31.9,32.4,optimal,optimal,optimal,optimal,optimal,optimal,→ stable,→ stable,→ stable,100.0,✅ EXCELLENT,False,NONE,3.8,0.0,NONE
1779698365.335,79.2,90.2,32.0,1525.0,44.3,13.75,32.1,31.9,32.4,32.1,optimal,optimal,optimal,optimal,optimal,optimal,↓ decreasing,→ stable,→ stable,100.0,✅ EXCELLENT,False,NONE,3.4,0.0,NONE
1779698366.336,81.5,89.9,31.8,1470.0,44.1,13.76,32.2,32.4,32.3,32.3,optimal,optimal,optimal,optimal,optimal,optimal,→ stable,→ stable,→ stable,100.0,✅ EXCELLENT,False,NONE,3.7,0.0,NONE
1779698367.337,83.0,90.5,32.3,1454.0,45.0,13.8,32.1,31.7,32.2,32.0,optimal,optimal,optimal,optimal,optimal,optimal,↑ increasing,→ stable,→ stable,100.0,✅ EXCELLENT,False,NONE,3.2,0.0,NONE
1779698368.338,78.1,89.6,31.9,1474.0,44.4,13.83,32.3,32.0,32.1,32.0,optimal,optimal,optimal,optimal,optimal,optimal,→ stable,→ stable,→ stable,100.0,✅ EXCELLENT,False,NONE,3.5,0.1,NONE
1779698369.339,81.0,89.1,32.4,1478.0,44.7,13.81,31.7,32.4,32.0,32.0,optimal,optimal,optimal,optimal,optimal,optimal,↑ increasing,→ stable,→ stable,100.0,✅ EXCELLENT,False,NONE,3.0,0.4,NONE
1779698370.341,77.4,89.3,31.9,1493.0,44.5,13.8,31.9,31.8,32.2,31.7,optimal,optimal,optimal,optimal,optimal,optimal,→ stable,→ stable,→ stable,100.0,✅ EXCELLENT,False,NONE,3.4,0.2,NONE
1779698371.342,80.0,89.4,32.2,1475.0,44.0,13.81,32.2,32.1,31.9,31.7,optimal,optimal,optimal,optimal,optimal,optimal,↑ increasing,↓ decreasing,→ stable,100.0,✅ EXCELLENT,False,NONE,3.2,0.2,NONE
1779698372.344,79.1,90.3,32.0,1527.0,45.4,13.76,32.1,32.3,32.0,31.7,optimal,optimal,optimal,optimal,optimal,optimal,↑ increasing,→ stable,→ stable,100.0,✅ EXCELLENT,False,NONE,3.4,0.0,NONE
1779698373.344,81.7,89.5,31.8,1485.0,44.9,13.75,32.0,32.3,32.2,32.3,optimal,optimal,optimal,optimal,optimal,optimal,↑ increasing,→ stable,→ stable,100.0,✅ EXCELLENT,False,NONE,3.7,0.1,NONE
1779698374.346,80.5,88.9,31.8,1465.0,45.6,13.85,31.7,31.7,32.2,31.7,optimal,optimal,optimal,optimal,optimal,optimal,→ stable,→ stable,→ stable,100.0,✅ EXCELLENT,False,NONE,3.7,0.6,NONE
1779698375.347,82.1,91.2,32.2,1481.0,45.5,13.78,31.8,32.1,31.6,31.9,optimal,optimal,optimal,optimal,optimal,optimal,↑ increasing,→ stable,→ stable,100.0,✅ EXCELLENT,False,NONE,3.3,0.0,NONE
1779698376.348,82.4,90.1,32.0,1508.0,45.4,13.8,31.9,31.7,31.9,31.6,optimal,optimal,optimal,optimal,optimal,optimal,→ stable,→ stable,→ stable,100.0,✅ EXCELLENT,False,NONE,3.5,0.0,NONE
1779698377.349,77.7,90.8,31.8,1470.0,45.5,13.75,32.1,32.3,32.2,31.7,optimal,optimal,optimal,optimal,optimal,optimal,↓ decreasing,→ stable,→ stable,100.0,✅ EXCELLENT,False,NONE,3.6,0.0,NONE
1779698378.35,79.7,89.7,31.9,1479.0,45.5,13.78,32.0,31.8,32.1,32.1,optimal,optimal,optimal,optimal,optimal,optimal,→ stable,→ stable,→ stable,100.0,✅ EXCELLENT,False,NONE,3.5,0.0,NONE
1779698379.352,82.9,90.6,32.4,1499.0,45.2,13.82,32.3,31.9,31.9,32.1,optimal,optimal,optimal,optimal,optimal,optimal,→ stable,→ stable,→ stable,100.0,✅ EXCELLENT,False,NONE,3.1,0.0,NONE
1779698380.353,77.3,88.6,31.8,1458.0,45.6,13.83,31.9,32.0,31.7,32.0,optimal,optimal,optimal,optimal,optimal,optimal,→ stable,→ stable,→ stable,100.0,✅ EXCELLENT,False,NONE,3.5,1.0,NONE
1779698381.353,82.2,88.9,31.9,1460.0,44.6,13.82,32.1,31.8,31.8,32.0,optimal,optimal,optimal,optimal,optimal,optimal,→ stable,→ stable,→ stable,100.0,✅ EXCELLENT,False,NONE,3.6,0.6,NONE
1779698382.355,77.1,89.7,31.9,1480.0,44.3,13.84,31.6,32.0,32.2,31.7,optimal,optimal,optimal,optimal,optimal,optimal,→ stable,→ stable,→ stable,100.0,✅ EXCELLENT,False,NONE,3.4,0.0,NONE
1779698383.356,78.1,89.2,31.7,1545.0,44.1,13.81,32.0,32.1,32.3,31.8,optimal,optimal,optimal,optimal,optimal,optimal,→ stable,→ stable,→ stable,100.0,✅ EXCELLENT,False,NONE,3.7,0.3,NONE
1779698384.357,79.4,89.9,32.3,1488.0,44.4,13.8,31.8,32.2,32.4,31.8,optimal,optimal,optimal,optimal,optimal,optimal,→ stable,→ stable,→ stable,100.0,✅ EXCELLENT,False,NONE,3.1,0.0,NONE
1779698385.359,79.7,89.8,32.1,1458.0,45.4,13.82,32.1,31.8,32.4,31.7,optimal,optimal,optimal,optimal,optimal,optimal,↓ decreasing,→ stable,→ stable,100.0,✅ EXCELLENT,False,NONE,3.3,0.0,NONE
1779698386.36,82.2,89.8,31.8,1498.0,45.6,13.77,31.8,32.1,31.7,32.0,optimal,optimal,optimal,optimal,optimal,optimal,↓ decreasing,→ stable,→ stable,100.0,✅ EXCELLENT,False,NONE,3.8,0.0,NONE
1779698387.362,79.1,91.2,32.4,1451.0,45.0,13.79,32.0,31.7,32.3,31.7,optimal,optimal,optimal,optimal,optimal,optimal,→ stable,→ stable,→ stable,100.0,✅ EXCELLENT,False,NONE,2.9,0.0,NONE
1779698388.363,77.3,89.3,32.2,1481.0,45.9,13.8,32.2,32.1,31.8,31.6,optimal,optimal,optimal,optimal,optimal,optimal,↓ decreasing,→ stable,→ stable,100.0,✅ EXCELLENT,False,NONE,3.1,0.2,NONE
1779698389.365,79.2,90.8,31.9,1492.0,45.1,13.85,31.8,32.3,32.1,31.9,optimal,optimal,optimal,optimal,optimal,optimal,↓ decreasing,→ stable,→ stable,100.0,✅ EXCELLENT,False,NONE,3.5,0.0,NONE
1779698390.366,77.9,88.7,31.8,1494.0,44.1,13.77,32.1,31.6,31.7,32.0,optimal,optimal,optimal,optimal,optimal,optimal,↓ decreasing,→ stable,→ stable,100.0,✅ EXCELLENT,False,NONE,3.6,0.8,NONE
1779698391.368,78.1,90.3,31.8,1500.0,45.8,13.81,32.1,31.9,31.7,32.4,optimal,optimal,optimal,optimal,optimal,optimal,↓ decreasing,→ stable,→ stable,100.0,✅ EXCELLENT,False,NONE,3.6,0.0,NONE
1779698392.369,81.9,90.8,31.7,1497.0,45.0,13.82,31.7,32.0,31.9,32.3,optimal,optimal,optimal,optimal,optimal,optimal,↓ decreasing,→ stable,→ stable,100.0,✅ EXCELLENT,False,NONE,3.9,0.0,NONE
1779698393.371,77.5,90.0,32.3,1485.0,45.3,13.83,32.1,32.3,32.1,32.2,optimal,optimal,optimal,optimal,optimal,optimal,↓ decreasing,→ stable,→ stable,100.0,✅ EXCELLENT,False,NONE,3.0,0.0,NONE
1779698394.373,77.7,89.5,31.9,1489.0,45.1,13.77,32.3,31.9,31.8,31.9,optimal,optimal,optimal,optimal,optimal,optimal,↓ decreasing,→ stable,→ stable,100.0,✅ EXCELLENT,False,NONE,3.4,0.1,NONE
1779698395.374,81.1,88.8,32.1,1528.0,45.3,13.79,31.9,32.2,31.7,32.4,optimal,optimal,optimal,optimal,optimal,optimal,→ stable,→ stable,→ stable,100.0,✅ EXCELLENT,False,NONE,3.4,0.7,NONE
1779698396.374,78.8,91.5,32.4,1486.0,44.5,13.76,32.0,31.6,32.2,32.0,optimal,optimal,optimal,optimal,optimal,optimal,↓ decreasing,→ stable,→ stable,100.0,✅ EXCELLENT,False,NONE,2.9,0.0,NONE
1779698397.376,81.0,88.8,32.3,1467.0,45.5,13.78,32.0,32.1,32.0,32.1,optimal,optimal,optimal,optimal,optimal,optimal,↓ decreasing,→ stable,→ stable,100.0,✅ EXCELLENT,False,NONE,3.1,0.7,NONE
1779698398.377,81.8,89.4,32.4,1480.0,45.0,13.83,32.0,32.0,31.8,31.9,optimal,optimal,optimal,optimal,optimal,optimal,→ stable,→ stable,→ stable,100.0,✅ EXCELLENT,False,NONE,3.0,0.2,NONE
1779698399.379,79.0,88.6,32.3,1520.0,45.0,13.83,32.3,32.3,32.2,31.8,optimal,optimal,optimal,optimal,optimal,optimal,→ stable,→ stable,→ stable,100.0,✅ EXCELLENT,False,NONE,3.0,1.0,NONE
1779698400.381,80.6,89.9,31.9,1531.0,44.2,13.81,32.0,31.6,31.8,31.9,optimal,optimal,optimal,optimal,optimal,optimal,↑ increasing,→ stable,→ stable,100.0,✅ EXCELLENT,False,NONE,3.6,0.0,NONE
1779698401.383,82.4,88.6,32.0,1524.0,45.7,13.8,31.7,31.8,31.6,31.7,optimal,optimal,optimal,optimal,optimal,optimal,↑ increasing,→ stable,→ stable,100.0,✅ EXCELLENT,False,NONE,3.5,1.0,NONE
1779698402.384,82.7,88.8,32.0,1476.0,44.3,13.77,31.9,31.6,31.7,31.8,optimal,optimal,optimal,optimal,optimal,optimal,↑ increasing,↓ decreasing,→ stable,100.0,✅ EXCELLENT,False,NONE,3.5,0.7,NONE
1779698403.385,82.4,90.9,32.1,1548.0,45.0,13.76,31.9,32.3,32.0,32.0,optimal,optimal,optimal,optimal,optimal,optimal,↑ increasing,↓ decreasing,→ stable,100.0,✅ EXCELLENT,False,NONE,3.4,0.0,NONE
1779698404.386,78.3,90.8,32.1,1469.0,45.5,13.81,31.8,31.7,31.6,32.0,optimal,optimal,optimal,optimal,optimal,optimal,↑ increasing,→ stable,→ stable,100.0,✅ EXCELLENT,False,NONE,3.2,0.0,NONE
1779698405.388,81.2,90.1,31.7,1452.0,45.1,13.76,32.3,32.1,32.4,32.0,optimal,optimal,optimal,optimal,optimal,optimal,↑ increasing,→ stable,→ stable,100.0,✅ EXCELLENT,False,NONE,3.8,0.0,NONE
1779698406.388,82.7,91.4,32.3,1504.0,45.9,13.84,31.8,31.9,32.1,32.1,optimal,optimal,optimal,optimal,optimal,optimal,↑ increasing,→ stable,→ stable,100.0,✅ EXCELLENT,False,NONE,3.2,0.0,NONE
1779698407.39,80.6,89.2,32.1,1492.0,44.7,13.8,31.8,32.2,31.8,31.7,optimal,optimal,optimal,optimal,optimal,optimal,↑ increasing,→ stable,→ stable,100.0,✅ EXCELLENT,False,NONE,3.3,0.3,NONE
1779698408.391,81.1,90.8,31.9,1540.0,45.1,13.8,31.7,32.0,32.3,31.6,optimal,optimal,optimal,optimal,optimal,optimal,↑ increasing,→ stable,→ stable,100.0,✅ EXCELLENT,False,NONE,3.6,0.0,NONE
1779698409.392,81.9,90.4,32.2,1471.0,45.2,13.79,32.4,31.8,31.7,32.4,optimal,optimal,optimal,optimal,optimal,optimal,↑ increasing,→ stable,→ stable,100.0,✅ EXCELLENT,False,NONE,3.3,0.0,NONE
1779698410.393,79.0,90.4,31.7,1477.0,44.6,13.76,32.3,32.4,32.4,31.7,optimal,optimal,optimal,optimal,optimal,optimal,↑ increasing,→ stable,→ stable,100.0,✅ EXCELLENT,False,NONE,3.7,0.0,NONE
1779698411.394,82.0,88.8,32.4,1452.0,45.1,13.79,32.2,32.4,32.2,31.7,optimal,optimal,optimal,optimal,optimal,optimal,↑ increasing,↑ increasing,→ stable,100.0,✅ EXCELLENT,False,NONE,3.0,0.7,NONE
1779698412.395,80.9,90.0,31.8,1468.0,44.0,13.83,31.7,32.2,32.1,31.8,optimal,optimal,optimal,optimal,optimal,optimal,↑ increasing,↑ increasing,→ stable,100.0,✅ EXCELLENT,False,NONE,3.7,0.0,NONE
1779698413.397,82.0,90.4,32.2,1482.0,45.0,13.83,32.3,32.3,32.0,32.1,optimal,optimal,optimal,optimal,optimal,optimal,→ stable,↑ increasing,→ stable,100.0,✅ EXCELLENT,False,NONE,3.3,0.0,NONE
1779698414.397,78.7,89.7,32.0,1478.0,45.3,13.85,31.9,32.2,31.8,32.3,optimal,optimal,optimal,optimal,optimal,optimal,→ stable,↑ increasing,→ stable,100.0,✅ EXCELLENT,False,NONE,3.4,0.0,NONE
1779698415.398,81.2,90.1,32.2,1515.0,45.7,13.77,32.1,31.9,32.3,32.1,optimal,optimal,optimal,optimal,optimal,optimal,→ stable,→ stable,→ stable,100.0,✅ EXCELLENT,False,NONE,3.2,0.0,NONE
1779698416.399,79.3,90.6,32.2,1519.0,45.6,13.83,32.2,32.2,32.3,32.0,optimal,optimal,optimal,optimal,optimal,optimal,↓ decreasing,→ stable,→ stable,100.0,✅ EXCELLENT,False,NONE,3.2,0.0,NONE
1779698417.401,77.9,91.3,32.3,1535.0,45.7,13.8,32.1,31.7,32.3,31.9,optimal,optimal,optimal,optimal,optimal,optimal,↓ decreasing,→ stable,→ stable,100.0,✅ EXCELLENT,False,NONE,3.0,0.0,NONE
1779698418.401,77.3,89.6,32.0,1523.0,44.1,13.78,32.3,32.2,31.7,32.2,optimal,optimal,optimal,optimal,optimal,optimal,↓ decreasing,→ stable,→ stable,100.0,✅ EXCELLENT,False,NONE,3.3,0.1,NONE
1779698419.402,77.2,88.7,32.4,1464.0,45.7,13.79,31.6,32.1,32.3,31.9,optimal,optimal,optimal,optimal,optimal,optimal,↓ decreasing,→ stable,→ stable,100.0,✅ EXCELLENT,False,NONE,2.9,0.8,NONE
1779698420.404,81.3,89.3,31.8,1487.0,44.2,13.79,31.7,31.8,32.1,31.7,optimal,optimal,optimal,optimal,optimal,optimal,↓ decreasing,→ stable,→ stable,100.0,✅ EXCELLENT,False,NONE,3.7,0.2,NONE
1779698421.406,78.1,90.6,31.9,1460.0,44.3,13.84,32.3,31.7,31.9,32.1,optimal,optimal,optimal,optimal,optimal,optimal,↓ decreasing,→ stable,→ stable,100.0,✅ EXCELLENT,False,NONE,3.5,0.0,NONE
1779698422.407,80.4,90.9,32.0,1486.0,45.4,13.8,31.9,32.1,32.0,31.8,optimal,optimal,optimal,optimal,optimal,optimal,↓ decreasing,→ stable,→ stable,100.0,✅ EXCELLENT,False,NONE,3.4,0.0,NONE
1779698423.409,81.0,90.5,32.3,1455.0,44.4,13.75,32.0,31.9,31.8,31.6,optimal,optimal,optimal,optimal,optimal,optimal,↓ decreasing,→ stable,→ stable,100.0,✅ EXCELLENT,False,NONE,3.1,0.0,NONE
1779698424.41,80.2,89.5,31.9,1524.0,45.6,13.82,31.6,31.6,31.7,32.0,optimal,optimal,optimal,optimal,optimal,optimal,↓ decreasing,→ stable,→ stable,100.0,✅ EXCELLENT,False,NONE,3.6,0.1,NONE
1779698425.411,81.0,90.2,32.3,1532.0,44.7,13.82,32.0,31.7,32.0,31.8,optimal,optimal,optimal,optimal,optimal,optimal,↓ decreasing,→ stable,→ stable,100.0,✅ EXCELLENT,False,NONE,3.1,0.0,NONE
1779698426.412,78.2,90.9,32.3,1532.0,45.1,13.8,32.4,32.1,32.4,32.2,optimal,optimal,optimal,optimal,optimal,optimal,↓ decreasing,→ stable,→ stable,100.0,✅ EXCELLENT,False,NONE,3.0,0.0,NONE
1779698427.413,77.3,89.0,32.0,1535.0,45.3,13.83,32.3,32.1,31.7,32.2,optimal,optimal,optimal,optimal,optimal,optimal,↓ decreasing,→ stable,→ stable,100.0,✅ EXCELLENT,False,NONE,3.3,0.5,NONE
1779698428.414,80.5,89.1,32.1,1511.0,45.0,13.76,31.8,32.3,32.2,32.3,optimal,optimal,optimal,optimal,optimal,optimal,→ stable,→ stable,→ stable,100.0,✅ EXCELLENT,False,NONE,3.3,0.4,NONE
1779698429.415,82.8,90.0,32.2,1502.0,44.1,13.78,32.0,31.8,31.7,32.3,optimal,optimal,optimal,optimal,optimal,optimal,↑ increasing,→ stable,→ stable,100.0,✅ EXCELLENT,False,NONE,3.3,0.0,NONE
1779698430.416,80.5,89.9,32.4,1481.0,44.8,13.77,31.9,31.8,32.0,31.7,optimal,optimal,optimal,optimal,optimal,optimal,→ stable,→ stable,→ stable,100.0,✅ EXCELLENT,False,NONE,3.0,0.0,NONE
1779698431.417,77.9,91.4,31.8,1474.0,44.0,13.76,32.0,32.1,32.4,32.1,optimal,optimal,optimal,optimal,optimal,optimal,↑ increasing,→ stable,→ stable,100.0,✅ EXCELLENT,False,NONE,3.6,0.0,NONE
1779698432.418,80.4,89.6,32.2,1480.0,44.2,13.82,32.1,31.9,31.8,32.3,optimal,optimal,optimal,optimal,optimal,optimal,↑ increasing,→ stable,→ stable,100.0,✅ EXCELLENT,False,NONE,3.2,0.1,NONE
1779698433.419,79.4,90.5,32.4,1471.0,44.4,13.8,31.8,31.9,31.9,31.6,optimal,optimal,optimal,optimal,optimal,optimal,↑ increasing,→ stable,→ stable,100.0,✅ EXCELLENT,False,NONE,2.9,0.0,NONE
1779698434.419,78.9,90.9,32.0,1528.0,45.7,13.78,32.2,32.3,32.0,31.8,optimal,optimal,optimal,optimal,optimal,optimal,→ stable,→ stable,→ stable,100.0,✅ EXCELLENT,False,NONE,3.4,0.0,NONE
1779698435.421,82.7,89.0,31.7,1535.0,44.6,13.76,31.8,32.3,32.4,31.8,optimal,optimal,optimal,optimal,optimal,optimal,→ stable,→ stable,→ stable,100.0,✅ EXCELLENT,False,NONE,3.9,0.5,NONE
1779698436.422,81.7,91.2,32.0,1471.0,44.3,13.82,31.9,31.7,31.6,32.2,optimal,optimal,optimal,optimal,optimal,optimal,↑ increasing,→ stable,→ stable,100.0,✅ EXCELLENT,False,NONE,3.5,0.0,NONE
1779698437.424,80.0,90.6,31.7,1535.0,44.2,13.84,32.0,31.8,31.6,31.7,optimal,optimal,optimal,optimal,optimal,optimal,↑ increasing,→ stable,→ stable,100.0,✅ EXCELLENT,False,NONE,3.8,0.0,NONE
1779698438.425,81.5,90.4,32.2,1499.0,45.5,13.8,31.7,31.9,31.7,32.0,optimal,optimal,optimal,optimal,optimal,optimal,↑ increasing,→ stable,→ stable,100.0,✅ EXCELLENT,False,NONE,3.3,0.0,NONE
1779698439.426,79.1,90.4,32.3,1501.0,45.4,13.77,32.3,32.0,31.9,31.7,optimal,optimal,optimal,optimal,optimal,optimal,→ stable,→ stable,→ stable,100.0,✅ EXCELLENT,False,NONE,3.1,0.0,NONE
1779698440.427,79.1,90.7,31.6,1484.0,45.0,13.77,32.3,32.2,32.3,32.3,optimal,optimal,optimal,optimal,optimal,optimal,→ stable,→ stable,→ stable,100.0,✅ EXCELLENT,False,NONE,3.8,0.0,NONE
1779698441.428,82.5,88.6,31.7,1455.0,44.6,13.82,32.3,32.0,31.7,31.8,optimal,optimal,optimal,optimal,optimal,optimal,↑ increasing,→ stable,→ stable,100.0,✅ EXCELLENT,False,NONE,3.9,1.0,NONE
1779698442.428,80.4,91.4,32.1,1547.0,44.9,13.76,32.3,32.1,32.3,32.3,optimal,optimal,optimal,optimal,optimal,optimal,↑ increasing,→ stable,→ stable,100.0,✅ EXCELLENT,False,NONE,3.3,0.0,NONE
1779698443.428,77.6,89.2,31.9,1477.0,45.3,13.81,32.0,31.9,32.2,31.9,optimal,optimal,optimal,optimal,optimal,optimal,↑ increasing,→ stable,→ stable,100.0,✅ EXCELLENT,False,NONE,3.4,0.3,NONE
1779698444.43,82.8,90.0,31.8,1450.0,44.7,13.83,31.8,32.0,31.8,31.9,optimal,optimal,optimal,optimal,optimal,optimal,↑ increasing,→ stable,→ stable,100.0,✅ EXCELLENT,False,NONE,3.8,0.0,NONE
1779698445.431,81.0,90.0,32.1,1484.0,44.6,13.83,32.0,32.1,32.0,31.7,optimal,optimal,optimal,optimal,optimal,optimal,↑ increasing,→ stable,→ stable,100.0,✅ EXCELLENT,False,NONE,3.4,0.0,NONE
1779698446.432,79.3,89.9,31.8,1546.0,45.7,13.8,31.8,32.0,32.2,32.4,optimal,optimal,optimal,optimal,optimal,optimal,→ stable,→ stable,→ stable,100.0,✅ EXCELLENT,False,NONE,3.6,0.0,NONE
1779698447.433,79.0,89.3,32.0,1516.0,45.8,13.81,31.9,32.3,31.9,32.0,optimal,optimal,optimal,optimal,optimal,optimal,→ stable,→ stable,→ stable,100.0,✅ EXCELLENT,False,NONE,3.4,0.2,NONE
1779698448.434,77.7,90.5,32.2,1537.0,45.8,13.82,31.8,32.0,32.2,32.4,optimal,optimal,optimal,optimal,optimal,optimal,↓ decreasing,→ stable,→ stable,100.0,✅ EXCELLENT,False,NONE,3.1,0.0,NONE
1779698449.434,78.5,89.2,32.4,1497.0,45.6,13.83,32.3,31.8,32.4,32.4,optimal,optimal,optimal,optimal,optimal,optimal,→ stable,↓ decreasing,→ stable,100.0,✅ EXCELLENT,False,NONE,2.9,0.3,NONE
1779698450.436,80.4,89.7,32.3,1540.0,44.3,13.84,32.3,32.1,31.8,32.2,optimal,optimal,optimal,optimal,optimal,optimal,→ stable,↓ decreasing,→ stable,100.0,✅ EXCELLENT,False,NONE,3.1,0.0,NONE
1779698451.437,79.5,91.4,32.2,1542.0,46.0,13.77,31.8,32.3,32.0,32.3,optimal,optimal,optimal,optimal,optimal,optimal,↓ decreasing,→ stable,→ stable,100.0,✅ EXCELLENT,False,NONE,3.2,0.0,NONE
1779698452.438,80.7,89.5,32.3,1510.0,44.6,13.76,32.0,31.9,32.3,31.8,optimal,optimal,optimal,optimal,optimal,optimal,↓ decreasing,→ stable,→ stable,100.0,✅ EXCELLENT,False,NONE,3.1,0.1,NONE
1779698453.439,79.5,89.1,32.1,1454.0,44.4,13.8,32.0,31.8,32.4,32.2,optimal,optimal,optimal,optimal,optimal,optimal,↓ decreasing,→ stable,→ stable,100.0,✅ EXCELLENT,False,NONE,3.3,0.4,NONE
1779698454.44,79.7,90.4,31.7,1530.0,44.8,13.82,32.4,31.7,32.3,32.2,optimal,optimal,optimal,optimal,optimal,optimal,↓ decreasing,→ stable,→ stable,100.0,✅ EXCELLENT,False,NONE,3.8,0.0,NONE
1779698455.441,77.5,91.0,32.3,1488.0,45.4,13.75,31.8,31.7,32.2,32.0,optimal,optimal,optimal,optimal,optimal,optimal,↓ decreasing,→ stable,→ stable,100.0,✅ EXCELLENT,False,NONE,3.0,0.0,NONE
1779698456.442,78.7,90.3,32.3,1484.0,45.7,13.85,31.7,31.8,32.0,32.1,optimal,optimal,optimal,optimal,optimal,optimal,↓ decreasing,→ stable,→ stable,100.0,✅ EXCELLENT,False,NONE,3.0,0.0,NONE
1779698457.442,82.5,88.8,32.1,1468.0,44.1,13.75,31.9,32.2,31.8,32.3,optimal,optimal,optimal,optimal,optimal,optimal,↓ decreasing,→ stable,→ stable,100.0,✅ EXCELLENT,False,NONE,3.4,0.7,NONE
1779698458.444,78.6,89.4,32.2,1519.0,45.1,13.77,31.7,32.2,32.3,32.3,optimal,optimal,optimal,optimal,optimal,optimal,→ stable,→ stable,→ stable,100.0,✅ EXCELLENT,False,NONE,3.1,0.2,NONE
1779698459.445,81.4,90.4,32.2,1549.0,44.8,13.77,32.3,31.8,32.2,32.0,optimal,optimal,optimal,optimal,optimal,optimal,→ stable,→ stable,→ stable,100.0,✅ EXCELLENT,False,NONE,3.3,0.0,NONE
1779698460.446,78.6,90.2,32.1,1473.0,45.7,13.82,32.3,32.0,32.4,31.9,optimal,optimal,optimal,optimal,optimal,optimal,→ stable,→ stable,→ stable,100.0,✅ EXCELLENT,False,NONE,3.3,0.0,NONE
1779698461.447,77.8,90.1,31.8,1490.0,45.1,13.75,32.0,32.1,32.4,31.9,optimal,optimal,optimal,optimal,optimal,optimal,→ stable,→ stable,→ stable,100.0,✅ EXCELLENT,False,NONE,3.6,0.0,NONE
1779698462.449,80.6,91.4,32.2,1504.0,44.0,13.78,32.0,32.3,32.2,32.2,optimal,optimal,optimal,optimal,optimal,optimal,→ stable,→ stable,→ stable,100.0,✅ EXCELLENT,False,NONE,3.2,0.0,NONE
1779698463.45,78.5,90.9,32.1,1512.0,44.4,13.78,32.0,32.3,32.0,31.7,optimal,optimal,optimal,optimal,optimal,optimal,→ stable,→ stable,→ stable,100.0,✅ EXCELLENT,False,NONE,3.3,0.0,NONE
1779698464.451,82.9,89.0,31.7,1518.0,44.2,13.83,32.1,31.6,32.0,31.6,optimal,optimal,optimal,optimal,optimal,optimal,→ stable,→ stable,→ stable,100.0,✅ EXCELLENT,False,NONE,3.9,0.5,NONE
1779698465.453,77.5,89.8,31.7,1505.0,45.0,13.84,31.7,32.2,31.9,32.1,optimal,optimal,optimal,optimal,optimal,optimal,↑ increasing,→ stable,→ stable,100.0,✅ EXCELLENT,False,NONE,3.7,0.0,NONE
1779698466.454,78.1,88.8,31.8,1484.0,44.5,13.75,31.9,32.1,32.3,31.7,optimal,optimal,optimal,optimal,optimal,optimal,↑ increasing,→ stable,→ stable,100.0,✅ EXCELLENT,False,NONE,3.6,0.7,NONE
1779698467.455,80.2,90.3,31.7,1465.0,45.7,13.82,31.7,31.7,32.2,32.0,optimal,optimal,optimal,optimal,optimal,optimal,→ stable,→ stable,→ stable,100.0,✅ EXCELLENT,False,NONE,3.8,0.0,NONE
1779698468.456,77.1,88.9,31.9,1523.0,44.9,13.77,32.4,31.8,32.2,32.1,optimal,optimal,optimal,optimal,optimal,optimal,→ stable,→ stable,→ stable,100.0,✅ EXCELLENT,False,NONE,3.4,0.6,NONE
1779698469.457,82.6,91.4,32.3,1462.0,44.2,13.81,32.2,32.3,32.2,32.3,optimal,optimal,optimal,optimal,optimal,optimal,→ stable,→ stable,→ stable,100.0,✅ EXCELLENT,False,NONE,3.2,0.0,NONE
1779698470.458,81.8,91.2,32.0,1463.0,45.5,13.79,32.0,31.9,31.9,32.1,optimal,optimal,optimal,optimal,optimal,optimal,→ stable,→ stable,→ stable,100.0,✅ EXCELLENT,False,NONE,3.5,0.0,NONE
1779698471.459,80.4,88.7,31.7,1516.0,44.0,13.84,32.4,32.3,32.4,31.9,optimal,optimal,optimal,optimal,optimal,optimal,→ stable,→ stable,→ stable,100.0,✅ EXCELLENT,False,NONE,3.8,0.8,NONE
1779698472.461,77.3,88.6,32.2,1481.0,45.8,13.84,31.7,31.8,32.3,32.2,optimal,optimal,optimal,optimal,optimal,optimal,→ stable,→ stable,→ stable,100.0,✅ EXCELLENT,False,NONE,3.1,1.0,NONE
1779698473.462,80.3,90.7,32.3,1543.0,46.0,13.81,31.6,32.1,32.4,31.9,optimal,optimal,optimal,optimal,optimal,optimal,→ stable,↓ decreasing,→ stable,100.0,✅ EXCELLENT,False,NONE,3.1,0.0,NONE
1779698474.462,80.2,91.2,31.9,1502.0,46.0,13.81,31.8,32.3,31.8,31.8,optimal,optimal,optimal,optimal,optimal,optimal,→ stable,→ stable,→ stable,100.0,✅ EXCELLENT,False,NONE,3.6,0.0,NONE
1779698475.463,80.6,89.2,31.8,1468.0,45.4,13.79,32.0,32.3,31.6,32.1,optimal,optimal,optimal,optimal,optimal,optimal,→ stable,→ stable,→ stable,100.0,✅ EXCELLENT,False,NONE,3.7,0.3,NONE
1779698476.465,78.0,90.9,32.3,1515.0,44.6,13.79,32.1,31.8,32.2,32.0,optimal,optimal,optimal,optimal,optimal,optimal,→ stable,→ stable,→ stable,100.0,✅ EXCELLENT,False,NONE,3.0,0.0,NONE
1779698477.466,79.8,89.9,32.1,1477.0,45.6,13.81,32.0,32.0,31.8,32.1,optimal,optimal,optimal,optimal,optimal,optimal,→ stable,→ stable,→ stable,100.0,✅ EXCELLENT,False,NONE,3.3,0.0,NONE
1779698478.467,79.7,89.1,31.8,1469.0,44.2,13.76,31.8,32.2,31.6,32.0,optimal,optimal,optimal,optimal,optimal,optimal,↑ increasing,→ stable,→ stable,100.0,✅ EXCELLENT,False,NONE,3.6,0.4,NONE
1779698479.468,81.1,88.7,32.3,1538.0,45.0,13.82,32.0,31.8,32.0,32.2,optimal,optimal,optimal,optimal,optimal,optimal,↑ increasing,→ stable,→ stable,100.0,✅ EXCELLENT,False,NONE,3.1,0.8,NONE
1779698480.469,80.1,91.0,31.8,1514.0,44.1,13.78,31.8,31.9,32.3,32.0,optimal,optimal,optimal,optimal,optimal,optimal,→ stable,→ stable,→ stable,100.0,✅ EXCELLENT,False,NONE,3.7,0.0,NONE
1779698481.471,77.7,90.0,31.7,1492.0,44.6,13.85,31.7,32.2,31.9,32.0,optimal,optimal,optimal,optimal,optimal,optimal,→ stable,→ stable,→ stable,100.0,✅ EXCELLENT,False,NONE,3.7,0.0,NONE
1779698482.471,79.5,89.1,31.8,1520.0,44.1,13.79,31.8,31.7,32.3,32.2,optimal,optimal,optimal,optimal,optimal,optimal,→ stable,→ stable,→ stable,100.0,✅ EXCELLENT,False,NONE,3.6,0.4,NONE
1779698483.473,81.9,90.6,32.0,1466.0,45.7,13.84,31.6,32.1,32.1,32.0,optimal,optimal,optimal,optimal,optimal,optimal,→ stable,→ stable,→ stable,100.0,✅ EXCELLENT,False,NONE,3.5,0.0,NONE
1779698484.474,81.0,90.1,32.2,1524.0,44.4,13.76,31.7,32.4,32.2,32.1,optimal,optimal,optimal,optimal,optimal,optimal,→ stable,→ stable,→ stable,100.0,✅ EXCELLENT,False,NONE,3.2,0.0,NONE
1779698485.475,78.6,89.9,31.9,1526.0,44.7,13.77,32.4,31.9,32.3,31.9,optimal,optimal,optimal,optimal,optimal,optimal,→ stable,→ stable,→ stable,100.0,✅ EXCELLENT,False,NONE,3.5,0.0,NONE
1779698486.477,78.1,90.0,32.2,1530.0,45.4,13.83,32.2,32.3,32.2,31.6,optimal,optimal,optimal,optimal,optimal,optimal,→ stable,→ stable,→ stable,100.0,✅ EXCELLENT,False,NONE,3.1,0.0,NONE
1779698487.478,79.9,89.1,32.3,1454.0,45.7,13.82,32.4,31.9,31.7,31.7,optimal,optimal,optimal,optimal,optimal,optimal,→ stable,→ stable,→ stable,100.0,✅ EXCELLENT,False,NONE,3.1,0.4,NONE
1779698488.479,81.4,89.1,32.0,1494.0,44.1,13.77,32.2,31.8,32.2,32.3,optimal,optimal,optimal,optimal,optimal,optimal,→ stable,→ stable,→ stable,100.0,✅ EXCELLENT,False,NONE,3.5,0.4,NONE
1779698489.48,78.1,91.1,32.3,1548.0,45.5,13.8,32.2,32.0,31.8,32.1,optimal,optimal,optimal,optimal,optimal,optimal,→ stable,→ stable,→ stable,100.0,✅ EXCELLENT,False,NONE,3.0,0.0,NONE
1779698490.481,82.5,89.6,32.0,1473.0,45.5,13.77,32.1,32.2,31.9,32.2,optimal,optimal,optimal,optimal,optimal,optimal,→ stable,→ stable,→ stable,100.0,✅ EXCELLENT,False,NONE,3.5,0.1,NONE
1779698491.483,82.9,89.9,31.8,1469.0,44.6,13.82,31.6,32.0,31.7,32.3,optimal,optimal,optimal,optimal,optimal,optimal,↑ increasing,→ stable,→ stable,100.0,✅ EXCELLENT,False,NONE,3.8,0.0,NONE
1779698492.485,78.8,89.0,32.3,1519.0,44.4,13.8,32.3,32.0,32.1,32.4,optimal,optimal,optimal,optimal,optimal,optimal,↑ increasing,→ stable,→ stable,100.0,✅ EXCELLENT,False,NONE,3.0,0.5,NONE
1779698493.487,80.7,91.3,32.3,1515.0,45.3,13.81,32.3,32.2,32.1,32.2,optimal,optimal,optimal,optimal,optimal,optimal,→ stable,→ stable,→ stable,100.0,✅ EXCELLENT,False,NONE,3.1,0.0,NONE
1779698494.488,79.0,90.4,32.1,1472.0,44.3,13.82,32.1,31.9,31.9,32.1,optimal,optimal,optimal,optimal,optimal,optimal,→ stable,→ stable,→ stable,100.0,✅ EXCELLENT,False,NONE,3.3,0.0,NONE
1779698495.489,78.1,89.4,32.4,1459.0,45.2,13.78,32.2,32.0,32.2,31.7,optimal,optimal,optimal,optimal,optimal,optimal,→ stable,→ stable,→ stable,100.0,✅ EXCELLENT,False,NONE,2.9,0.2,NONE
1779698496.49,77.6,89.8,31.6,1511.0,45.2,13.76,32.2,32.3,31.9,31.7,optimal,optimal,optimal,optimal,optimal,optimal,→ stable,→ stable,→ stable,100.0,✅ EXCELLENT,False,NONE,3.8,0.0,NONE
1779698497.491,78.9,89.7,32.3,1535.0,45.4,13.77,32.3,31.9,32.3,32.2,optimal,optimal,optimal,optimal,optimal,optimal,→ stable,→ stable,→ stable,100.0,✅ EXCELLENT,False,NONE,3.0,0.0,NONE
1779698498.493,81.8,90.8,31.7,1496.0,44.0,13.75,32.2,31.8,31.6,32.4,optimal,optimal,optimal,optimal,optimal,optimal,→ stable,→ stable,→ stable,100.0,✅ EXCELLENT,False,NONE,3.9,0.0,NONE
1779698499.494,78.6,91.4,31.6,1549.0,44.5,13.77,31.8,31.9,31.7,32.0,optimal,optimal,optimal,optimal,optimal,optimal,→ stable,→ stable,→ stable,100.0,✅ EXCELLENT,False,NONE,3.8,0.0,NONE
1779698500.495,79.1,88.7,31.7,1525.0,45.9,13.78,32.2,32.4,31.9,32.0,optimal,optimal,optimal,optimal,optimal,optimal,→ stable,→ stable,→ stable,100.0,✅ EXCELLENT,False,NONE,3.7,0.8,NONE
1779698501.495,82.3,88.5,32.1,1511.0,45.1,13.81,31.9,32.0,31.7,32.0,optimal,optimal,optimal,optimal,optimal,optimal,↓ decreasing,→ stable,→ stable,100.0,✅ EXCELLENT,False,NONE,3.4,1.1,NONE
1779698502.496,80.9,91.4,32.2,1504.0,44.0,13.77,31.7,32.2,32.4,31.6,optimal,optimal,optimal,optimal,optimal,optimal,↓ decreasing,→ stable,→ stable,100.0,✅ EXCELLENT,False,NONE,3.2,0.0,NONE
1779698503.498,80.5,91.4,32.3,1509.0,45.7,13.82,32.1,31.8,32.2,31.8,optimal,optimal,optimal,optimal,optimal,optimal,↓ decreasing,→ stable,→ stable,100.0,✅ EXCELLENT,False,NONE,3.1,0.0,NONE
1779698504.499,78.0,90.9,31.9,1511.0,44.8,13.8,32.4,32.3,31.7,32.1,optimal,optimal,optimal,optimal,optimal,optimal,→ stable,→ stable,→ stable,100.0,✅ EXCELLENT,False,NONE,3.5,0.0,NONE
1779698505.5,77.1,89.0,31.7,1526.0,44.3,13.83,32.4,31.9,32.3,31.8,optimal,optimal,optimal,optimal,optimal,optimal,→ stable,→ stable,→ stable,100.0,✅ EXCELLENT,False,NONE,3.6,0.5,NONE
1779698506.501,82.1,90.6,32.0,1454.0,44.8,13.84,31.9,32.0,32.1,31.9,optimal,optimal,optimal,optimal,optimal,optimal,→ stable,→ stable,→ stable,100.0,✅ EXCELLENT,False,NONE,3.5,0.0,NONE
1779698507.502,81.4,90.2,32.2,1478.0,45.0,13.77,32.0,32.0,31.9,31.7,optimal,optimal,optimal,optimal,optimal,optimal,→ stable,→ stable,→ stable,100.0,✅ EXCELLENT,False,NONE,3.3,0.0,NONE
1779698508.502,79.8,89.7,32.4,1526.0,45.5,13.79,31.6,32.0,31.7,32.1,optimal,optimal,optimal,optimal,optimal,optimal,→ stable,→ stable,→ stable,100.0,✅ EXCELLENT,False,NONE,3.0,0.0,NONE
1779698509.504,79.3,88.9,32.1,1485.0,44.2,13.76,31.9,31.9,32.0,32.2,optimal,optimal,optimal,optimal,optimal,optimal,→ stable,→ stable,→ stable,100.0,✅ EXCELLENT,False,NONE,3.3,0.6,NONE
1779698510.506,81.9,90.0,32.2,1476.0,45.9,13.78,31.7,32.0,31.7,31.9,optimal,optimal,optimal,optimal,optimal,optimal,↑ increasing,→ stable,→ stable,100.0,✅ EXCELLENT,False,NONE,3.3,0.0,NONE
1779698511.507,77.6,91.3,32.3,1540.0,45.8,13.79,31.7,31.6,32.0,32.1,optimal,optimal,optimal,optimal,optimal,optimal,→ stable,→ stable,→ stable,100.0,✅ EXCELLENT,False,NONE,3.0,0.0,NONE
1779698512.508,81.9,90.7,32.0,1459.0,45.6,13.75,31.8,31.7,31.6,31.9,optimal,optimal,optimal,optimal,optimal,optimal,→ stable,→ stable,→ stable,100.0,✅ EXCELLENT,False,NONE,3.5,0.0,NONE
1779698513.509,80.7,89.2,31.7,1494.0,44.1,13.83,32.0,31.8,32.3,31.9,optimal,optimal,optimal,optimal,optimal,optimal,→ stable,→ stable,→ stable,100.0,✅ EXCELLENT,False,NONE,3.8,0.3,NONE
1779698514.51,77.8,89.9,32.0,1462.0,44.2,13.75,32.3,32.3,31.7,32.2,optimal,optimal,optimal,optimal,optimal,optimal,→ stable,→ stable,→ stable,100.0,✅ EXCELLENT,False,NONE,3.3,0.0,NONE
1779698515.511,78.8,91.0,31.9,1536.0,44.5,13.79,31.7,32.4,32.1,32.1,optimal,optimal,optimal,optimal,optimal,optimal,↑ increasing,→ stable,→ stable,100.0,✅ EXCELLENT,False,NONE,3.5,0.0,NONE
1779698516.515,78.1,90.4,31.8,1478.0,44.2,13.76,31.7,31.7,32.1,31.6,optimal,optimal,optimal,optimal,optimal,optimal,→ stable,→ stable,→ stable,100.0,✅ EXCELLENT,False,NONE,3.6,0.0,NONE
1779698517.515,78.9,90.7,32.2,1542.0,45.7,13.79,32.3,31.7,32.2,32.3,optimal,optimal,optimal,optimal,optimal,optimal,↓ decreasing,→ stable,→ stable,100.0,✅ EXCELLENT,False,NONE,3.2,0.0,NONE
1779698518.516,79.8,88.6,32.2,1452.0,44.2,13.84,32.4,32.2,31.6,32.2,optimal,optimal,optimal,optimal,optimal,optimal,→ stable,→ stable,→ stable,100.0,✅ EXCELLENT,False,NONE,3.2,1.0,NONE
1779698519.516,82.4,90.9,32.1,1530.0,44.8,13.78,31.9,32.2,32.0,32.2,optimal,optimal,optimal,optimal,optimal,optimal,→ stable,→ stable,→ stable,100.0,✅ EXCELLENT,False,NONE,3.4,0.0,NONE
1779698520.518,82.0,91.5,31.8,1544.0,44.3,13.82,31.7,31.9,31.7,32.4,optimal,optimal,optimal,optimal,optimal,optimal,↓ decreasing,→ stable,→ stable,100.0,✅ EXCELLENT,False,NONE,3.7,0.0,NONE
1779698521.519,81.2,90.8,32.0,1478.0,44.1,13.82,32.3,31.7,32.2,32.3,optimal,optimal,optimal,optimal,optimal,optimal,→ stable,→ stable,→ stable,100.0,✅ EXCELLENT,False,NONE,3.5,0.0,NONE
1779698522.52,79.9,90.8,31.9,1512.0,45.6,13.85,32.4,31.9,31.9,32.3,optimal,optimal,optimal,optimal,optimal,optimal,→ stable,→ stable,→ stable,100.0,✅ EXCELLENT,False,NONE,3.5,0.0,NONE
1779698523.52,80.4,90.1,32.4,1470.0,44.9,13.79,32.3,31.7,32.0,31.9,optimal,optimal,optimal,optimal,optimal,optimal,→ stable,→ stable,→ stable,100.0,✅ EXCELLENT,False,NONE,3.0,0.0,NONE
1779698524.522,82.0,89.0,31.6,1475.0,45.7,13.78,31.8,31.9,31.7,32.3,optimal,optimal,optimal,optimal,optimal,optimal,→ stable,→ stable,→ stable,100.0,✅ EXCELLENT,False,NONE,4.0,0.5,NONE
1779698525.524,81.8,91.0,31.9,1528.0,45.3,13.79,31.7,31.8,31.6,31.8,optimal,optimal,optimal,optimal,optimal,optimal,↑ increasing,→ stable,→ stable,100.0,✅ EXCELLENT,False,NONE,3.6,0.0,NONE
1779698526.524,79.9,88.7,31.9,1489.0,44.5,13.79,31.6,32.3,31.8,32.4,optimal,optimal,optimal,optimal,optimal,optimal,↑ increasing,→ stable,→ stable,100.0,✅ EXCELLENT,False,NONE,3.5,0.8,NONE
1779698527.526,79.2,90.0,32.0,1471.0,45.4,13.78,32.1,32.0,32.0,32.1,optimal,optimal,optimal,optimal,optimal,optimal,↑ increasing,→ stable,→ stable,100.0,✅ EXCELLENT,False,NONE,3.4,0.0,NONE
1779698528.527,78.9,89.2,32.2,1487.0,45.9,13.76,32.2,31.7,32.2,32.1,optimal,optimal,optimal,optimal,optimal,optimal,↑ increasing,→ stable,→ stable,100.0,✅ EXCELLENT,False,NONE,3.2,0.3,NONE
1779698529.528,79.7,89.5,31.7,1538.0,45.7,13.75,32.3,32.3,32.0,31.7,optimal,optimal,optimal,optimal,optimal,optimal,↑ increasing,→ stable,→ stable,100.0,✅ EXCELLENT,False,NONE,3.8,0.1,NONE
1779698530.529,77.5,89.3,31.6,1504.0,45.6,13.8,31.9,31.8,32.2,32.4,optimal,optimal,optimal,optimal,optimal,optimal,→ stable,↓ decreasing,→ stable,100.0,✅ EXCELLENT,False,NONE,3.8,0.2,NONE
1779698531.529,81.5,91.0,32.0,1470.0,44.5,13.75,32.3,31.8,32.0,32.2,optimal,optimal,optimal,optimal,optimal,optimal,→ stable,↓ decreasing,→ stable,100.0,✅ EXCELLENT,False,NONE,3.5,0.0,NONE
1779698532.531,79.5,91.1,31.9,1548.0,45.8,13.81,31.9,31.8,32.2,31.8,optimal,optimal,optimal,optimal,optimal,optimal,→ stable,→ stable,→ stable,100.0,✅ EXCELLENT,False,NONE,3.5,0.0,NONE
1779698533.533,81.2,90.9,31.8,1481.0,44.3,13.76,31.9,31.8,31.9,31.8,optimal,optimal,optimal,optimal,optimal,optimal,→ stable,→ stable,→ stable,100.0,✅ EXCELLENT,False,NONE,3.7,0.0,NONE
1779698534.533,81.8,90.5,32.3,1467.0,45.8,13.76,31.9,31.7,32.3,32.1,optimal,optimal,optimal,optimal,optimal,optimal,→ stable,→ stable,→ stable,100.0,✅ EXCELLENT,False,NONE,3.2,0.0,NONE
1779698535.535,81.0,90.3,32.2,1531.0,44.5,13.83,31.7,32.3,32.1,32.0,optimal,optimal,optimal,optimal,optimal,optimal,↓ decreasing,→ stable,→ stable,100.0,✅ EXCELLENT,False,NONE,3.2,0.0,NONE
1779698536.536,82.3,89.3,32.1,1483.0,45.7,13.78,31.6,31.6,31.6,32.0,optimal,optimal,optimal,optimal,optimal,optimal,↓ decreasing,→ stable,→ stable,100.0,✅ EXCELLENT,False,NONE,3.4,0.2,NONE
1779698537.537,78.9,90.9,31.7,1468.0,44.1,13.8,32.2,31.9,31.9,32.0,optimal,optimal,optimal,optimal,optimal,optimal,↓ decreasing,→ stable,→ stable,100.0,✅ EXCELLENT,False,NONE,3.7,0.0,NONE
1779698538.538,81.9,90.9,31.7,1497.0,44.7,13.82,32.3,31.8,31.6,32.0,optimal,optimal,optimal,optimal,optimal,optimal,→ stable,→ stable,→ stable,100.0,✅ EXCELLENT,False,NONE,3.9,0.0,NONE
1779698539.539,82.3,90.8,32.0,1534.0,45.6,13.76,31.8,32.4,31.9,32.2,optimal,optimal,optimal,optimal,optimal,optimal,→ stable,→ stable,→ stable,100.0,✅ EXCELLENT,False,NONE,3.5,0.0,NONE
1779698540.539,78.4,90.7,31.9,1464.0,45.8,13.81,32.1,31.9,31.7,32.4,optimal,optimal,optimal,optimal,optimal,optimal,↑ increasing,↑ increasing,→ stable,100.0,✅ EXCELLENT,False,NONE,3.5,0.0,NONE
1779698541.541,77.8,89.8,31.9,1483.0,44.9,13.76,31.7,32.1,31.8,32.4,optimal,optimal,optimal,optimal,optimal,optimal,→ stable,↑ increasing,→ stable,100.0,✅ EXCELLENT,False,NONE,3.4,0.0,NONE
1779698542.542,82.4,90.7,32.3,1543.0,45.8,13.8,32.2,32.2,32.4,32.3,optimal,optimal,optimal,optimal,optimal,optimal,↑ increasing,↑ increasing,→ stable,100.0,✅ EXCELLENT,False,NONE,3.2,0.0,NONE
1779698543.542,81.5,88.6,32.1,1533.0,44.3,13.76,31.8,32.4,32.1,32.0,optimal,optimal,optimal,optimal,optimal,optimal,↑ increasing,→ stable,→ stable,100.0,✅ EXCELLENT,False,NONE,3.4,1.0,NONE
1779698544.543,78.2,90.0,32.2,1514.0,44.2,13.78,32.4,32.0,31.7,31.8,optimal,optimal,optimal,optimal,optimal,optimal,→ stable,→ stable,→ stable,100.0,✅ EXCELLENT,False,NONE,3.1,0.0,NONE
1779698545.544,83.0,90.0,31.8,1514.0,45.0,13.76,32.1,32.2,31.7,31.7,optimal,optimal,optimal,optimal,optimal,optimal,↑ increasing,→ stable,→ stable,100.0,✅ EXCELLENT,False,NONE,3.8,0.0,NONE
1779698546.545,81.2,88.7,32.3,1543.0,44.6,13.82,32.3,32.0,32.2,32.3,optimal,optimal,optimal,optimal,optimal,optimal,→ stable,→ stable,→ stable,100.0,✅ EXCELLENT,False,NONE,3.1,0.8,NONE
1779698547.545,80.1,89.6,31.8,1488.0,45.1,13.75,31.7,32.3,32.0,31.7,optimal,optimal,optimal,optimal,optimal,optimal,→ stable,→ stable,→ stable,100.0,✅ EXCELLENT,False,NONE,3.7,0.1,NONE
1779698548.545,79.9,89.9,31.7,1497.0,44.8,13.81,32.1,31.8,31.8,31.8,optimal,optimal,optimal,optimal,optimal,optimal,→ stable,→ stable,→ stable,100.0,✅ EXCELLENT,False,NONE,3.8,0.0,NONE
1779698549.546,81.7,91.1,32.1,1547.0,45.8,13.76,32.0,32.1,32.2,32.2,optimal,optimal,optimal,optimal,optimal,optimal,→ stable,↓ decreasing,→ stable,100.0,✅ EXCELLENT,False,NONE,3.4,0.0,NONE
1779698550.545,81.0,90.9,32.0,1543.0,45.1,13.79,32.1,31.8,32.4,31.8,optimal,optimal,optimal,optimal,optimal,optimal,→ stable,↓ decreasing,→ stable,100.0,✅ EXCELLENT,False,NONE,3.5,0.0,NONE
1779698551.545,79.8,88.9,32.1,1516.0,45.8,13.83,31.6,32.2,32.4,32.0,optimal,optimal,optimal,optimal,optimal,optimal,→ stable,↓ decreasing,→ stable,100.0,✅ EXCELLENT,False,NONE,3.3,0.6,NONE
1779698552.546,77.9,89.2,31.9,1497.0,44.1,13.78,31.7,31.7,32.3,31.6,optimal,optimal,optimal,optimal,optimal,optimal,→ stable,↓ decreasing,→ stable,100.0,✅ EXCELLENT,False,NONE,3.4,0.3,NONE
1779698553.547,80.1,90.3,31.9,1492.0,45.4,13.8,32.3,32.2,31.7,32.2,optimal,optimal,optimal,optimal,optimal,optimal,↓ decreasing,→ stable,→ stable,100.0,✅ EXCELLENT,False,NONE,3.5,0.0,NONE
1779698554.548,82.9,90.3,31.8,1543.0,45.9,13.78,32.2,32.1,32.2,31.7,optimal,optimal,optimal,optimal,optimal,optimal,→ stable,→ stable,→ stable,100.0,✅ EXCELLENT,False,NONE,3.8,0.0,NONE
1779698555.548,82.7,90.5,31.9,1455.0,44.8,13.8,31.8,31.7,31.7,32.1,optimal,optimal,optimal,optimal,optimal,optimal,→ stable,→ stable,→ stable,100.0,✅ EXCELLENT,False,NONE,3.7,0.0,NONE
1779698556.549,82.2,90.9,31.8,1495.0,44.5,13.77,31.6,31.7,31.8,31.7,optimal,optimal,optimal,optimal,optimal,optimal,→ stable,→ stable,→ stable,100.0,✅ EXCELLENT,False,NONE,3.8,0.0,NONE
1779698557.55,78.8,91.2,32.2,1531.0,44.8,13.79,32.3,31.9,31.7,32.3,optimal,optimal,optimal,optimal,optimal,optimal,→ stable,→ stable,→ stable,100.0,✅ EXCELLENT,False,NONE,3.2,0.0,NONE
1779698558.551,82.2,90.7,32.3,1499.0,45.9,13.78,32.0,31.8,31.8,32.0,optimal,optimal,optimal,optimal,optimal,optimal,→ stable,↑ increasing,→ stable,100.0,✅ EXCELLENT,False,NONE,3.2,0.0,NONE
1779698559.552,78.8,90.2,31.7,1485.0,44.9,13.76,32.2,32.1,32.0,32.1,optimal,optimal,optimal,optimal,optimal,optimal,→ stable,→ stable,→ stable,100.0,✅ EXCELLENT,False,NONE,3.7,0.0,NONE
1779698560.553,82.0,90.6,32.3,1457.0,44.8,13.75,32.2,31.8,31.6,32.0,optimal,optimal,optimal,optimal,optimal,optimal,→ stable,→ stable,→ stable,100.0,✅ EXCELLENT,False,NONE,3.2,0.0,NONE
1779698561.553,82.1,89.0,32.3,1533.0,45.3,13.76,32.1,32.0,31.9,31.9,optimal,optimal,optimal,optimal,optimal,optimal,→ stable,→ stable,→ stable,100.0,✅ EXCELLENT,False,NONE,3.2,0.5,NONE
1779698562.554,80.9,89.1,31.7,1457.0,45.5,13.77,31.9,31.8,32.0,32.0,optimal,optimal,optimal,optimal,optimal,optimal,↑ increasing,↑ increasing,→ stable,100.0,✅ EXCELLENT,False,NONE,3.8,0.4,NONE
1779698563.555,80.8,89.4,32.2,1526.0,44.2,13.83,32.3,31.7,32.1,32.2,optimal,optimal,optimal,optimal,optimal,optimal,↑ increasing,→ stable,→ stable,100.0,✅ EXCELLENT,False,NONE,3.2,0.2,NONE
1779698564.556,80.9,91.0,31.8,1504.0,46.0,13.76,32.1,31.8,31.7,32.3,optimal,optimal,optimal,optimal,optimal,optimal,→ stable,→ stable,→ stable,100.0,✅ EXCELLENT,False,NONE,3.7,0.0,NONE
1779698565.556,77.2,91.1,32.3,1481.0,45.0,13.78,31.8,31.9,31.9,31.6,optimal,optimal,optimal,optimal,optimal,optimal,→ stable,→ stable,→ stable,100.0,✅ EXCELLENT,False,NONE,3.0,0.0,NONE
1779698566.557,81.2,88.8,32.1,1463.0,44.9,13.8,32.0,31.9,32.3,31.8,optimal,optimal,optimal,optimal,optimal,optimal,→ stable,→ stable,→ stable,100.0,✅ EXCELLENT,False,NONE,3.4,0.7,NONE
1779698567.558,81.5,89.0,32.3,1481.0,45.9,13.8,32.3,32.2,31.6,32.3,optimal,optimal,optimal,optimal,optimal,optimal,→ stable,→ stable,→ stable,100.0,✅ EXCELLENT,False,NONE,3.1,0.5,NONE
1779698568.559,78.3,89.8,32.3,1452.0,44.5,13.83,32.0,31.6,32.1,32.1,optimal,optimal,optimal,optimal,optimal,optimal,↓ decreasing,↓ decreasing,→ stable,100.0,✅ EXCELLENT,False,NONE,3.0,0.0,NONE
1779698569.559,79.6,90.4,32.3,1509.0,44.7,13.82,31.9,32.3,32.4,32.0,optimal,optimal,optimal,optimal,optimal,optimal,→ stable,→ stable,→ stable,100.0,✅ EXCELLENT,False,NONE,3.1,0.0,NONE
1779698570.56,80.0,88.7,32.1,1526.0,45.3,13.79,32.0,31.7,32.0,32.2,optimal,optimal,optimal,optimal,optimal,optimal,→ stable,↓ decreasing,→ stable,100.0,✅ EXCELLENT,False,NONE,3.3,0.8,NONE
1779698571.561,82.6,89.2,32.3,1540.0,45.5,13.82,31.8,31.8,31.7,32.4,optimal,optimal,optimal,optimal,optimal,optimal,↓ decreasing,↓ decreasing,→ stable,100.0,✅ EXCELLENT,False,NONE,3.2,0.3,NONE
1779698572.562,78.2,89.7,31.8,1520.0,45.2,13.77,31.7,32.2,32.3,32.2,optimal,optimal,optimal,optimal,optimal,optimal,↓ decreasing,↓ decreasing,→ stable,100.0,✅ EXCELLENT,False,NONE,3.6,0.0,NONE
1779698573.563,81.4,90.1,31.9,1458.0,44.3,13.76,31.9,32.2,32.1,32.1,optimal,optimal,optimal,optimal,optimal,optimal,↓ decreasing,→ stable,→ stable,100.0,✅ EXCELLENT,False,NONE,3.6,0.0,NONE
1779698574.564,78.8,90.4,31.8,1543.0,45.0,13.82,32.1,32.2,32.0,32.3,optimal,optimal,optimal,optimal,optimal,optimal,↓ decreasing,↓ decreasing,→ stable,100.0,✅ EXCELLENT,False,NONE,3.6,0.0,NONE
1779698575.566,78.8,90.1,31.8,1521.0,44.5,13.82,31.9,31.8,32.1,32.4,optimal,optimal,optimal,optimal,optimal,optimal,↓ decreasing,↓ decreasing,→ stable,100.0,✅ EXCELLENT,False,NONE,3.6,0.0,NONE
1779698576.567,82.8,90.2,32.0,1474.0,45.4,13.84,31.6,32.3,31.8,31.9,optimal,optimal,optimal,optimal,optimal,optimal,→ stable,→ stable,→ stable,100.0,✅ EXCELLENT,False,NONE,3.5,0.0,NONE
1779698577.568,82.5,88.9,32.3,1536.0,44.4,13.79,31.8,31.9,32.1,32.1,optimal,optimal,optimal,optimal,optimal,optimal,→ stable,→ stable,→ stable,100.0,✅ EXCELLENT,False,NONE,3.2,0.6,NONE
1779698578.569,79.6,90.4,31.8,1529.0,44.0,13.79,32.0,32.1,32.2,32.1,optimal,optimal,optimal,optimal,optimal,optimal,→ stable,→ stable,→ stable,100.0,✅ EXCELLENT,False,NONE,3.6,0.0,NONE
1779698579.57,81.0,91.0,31.8,1524.0,44.1,13.77,32.2,31.9,32.3,31.7,optimal,optimal,optimal,optimal,optimal,optimal,→ stable,→ stable,→ stable,100.0,✅ EXCELLENT,False,NONE,3.7,0.0,NONE
1779698580.571,78.5,90.6,31.8,1538.0,45.7,13.77,31.8,32.4,31.9,32.3,optimal,optimal,optimal,optimal,optimal,optimal,→ stable,→ stable,→ stable,100.0,✅ EXCELLENT,False,NONE,3.6,0.0,NONE
1779698581.572,79.3,89.9,31.9,1507.0,44.1,13.76,31.7,32.2,32.0,31.8,optimal,optimal,optimal,optimal,optimal,optimal,→ stable,→ stable,→ stable,100.0,✅ EXCELLENT,False,NONE,3.5,0.0,NONE
1779698582.572,77.5,89.1,32.3,1485.0,44.7,13.78,31.9,31.9,31.8,31.9,optimal,optimal,optimal,optimal,optimal,optimal,→ stable,→ stable,→ stable,100.0,✅ EXCELLENT,False,NONE,3.0,0.4,NONE
1779698583.572,80.1,89.2,31.8,1521.0,45.3,13.82,32.1,32.2,32.1,31.9,optimal,optimal,optimal,optimal,optimal,optimal,→ stable,→ stable,→ stable,100.0,✅ EXCELLENT,False,NONE,3.7,0.3,NONE
1779698584.572,77.2,90.6,31.9,1526.0,44.3,13.82,31.9,32.2,32.2,31.7,optimal,optimal,optimal,optimal,optimal,optimal,→ stable,→ stable,→ stable,100.0,✅ EXCELLENT,False,NONE,3.4,0.0,NONE
1779698585.574,81.5,88.7,32.3,1477.0,44.8,13.85,32.3,32.3,32.2,32.0,optimal,optimal,optimal,optimal,optimal,optimal,→ stable,→ stable,→ stable,100.0,✅ EXCELLENT,False,NONE,3.1,0.8,NONE
1779698586.575,81.5,89.8,31.9,1473.0,44.8,13.82,31.8,32.3,31.8,32.0,optimal,optimal,optimal,optimal,optimal,optimal,→ stable,→ stable,→ stable,100.0,✅ EXCELLENT,False,NONE,3.6,0.0,NONE
1779698587.576,81.5,88.8,32.2,1517.0,44.4,13.79,32.3,32.2,32.0,32.4,optimal,optimal,optimal,optimal,optimal,optimal,↓ decreasing,→ stable,→ stable,100.0,✅ EXCELLENT,False,NONE,3.3,0.7,NONE
1779698588.577,81.6,89.2,32.1,1503.0,45.6,13.8,31.8,32.1,32.0,32.0,optimal,optimal,optimal,optimal,optimal,optimal,→ stable,→ stable,→ stable,100.0,✅ EXCELLENT,False,NONE,3.4,0.3,NONE
1779698589.578,81.9,90.8,31.9,1463.0,45.8,13.83,32.4,31.9,31.8,31.9,optimal,optimal,optimal,optimal,optimal,optimal,↓ decreasing,→ stable,→ stable,100.0,✅ EXCELLENT,False,NONE,3.6,0.0,NONE
1779698590.578,81.6,90.7,31.7,1521.0,44.2,13.84,32.0,32.0,31.9,31.7,optimal,optimal,optimal,optimal,optimal,optimal,→ stable,→ stable,→ stable,100.0,✅ EXCELLENT,False,NONE,3.8,0.0,NONE
1779698591.579,79.2,89.9,31.8,1473.0,45.1,13.8,31.7,32.3,32.3,31.9,optimal,optimal,optimal,optimal,optimal,optimal,→ stable,→ stable,→ stable,100.0,✅ EXCELLENT,False,NONE,3.6,0.0,NONE
1779698592.58,80.4,90.6,32.2,1458.0,44.5,13.77,32.1,32.3,32.0,32.3,optimal,optimal,optimal,optimal,optimal,optimal,↑ increasing,→ stable,→ stable,100.0,✅ EXCELLENT,False,NONE,3.2,0.0,NONE
1779698593.581,79.3,91.2,31.9,1484.0,44.7,13.77,31.6,32.4,32.1,31.9,optimal,optimal,optimal,optimal,optimal,optimal,↑ increasing,→ stable,→ stable,100.0,✅ EXCELLENT,False,NONE,3.5,0.0,NONE
1779698594.582,81.0,90.0,31.7,1498.0,45.2,13.79,32.1,31.8,31.9,32.2,optimal,optimal,optimal,optimal,optimal,optimal,↑ increasing,→ stable,→ stable,100.0,✅ EXCELLENT,False,NONE,3.8,0.0,NONE
1779698595.583,81.0,91.2,31.7,1461.0,45.5,13.77,32.2,32.1,31.7,31.7,optimal,optimal,optimal,optimal,optimal,optimal,↑ increasing,→ stable,→ stable,100.0,✅ EXCELLENT,False,NONE,3.8,0.0,NONE
1779698596.583,82.1,90.2,32.2,1498.0,44.7,13.75,31.9,32.0,31.7,32.1,optimal,optimal,optimal,optimal,optimal,optimal,↑ increasing,→ stable,→ stable,100.0,✅ EXCELLENT,False,NONE,3.3,0.0,NONE
1779698597.584,79.0,89.2,31.6,1474.0,45.0,13.8,32.1,31.8,32.3,31.9,optimal,optimal,optimal,optimal,optimal,optimal,↑ increasing,→ stable,→ stable,100.0,✅ EXCELLENT,False,NONE,3.8,0.3,NONE
1779698598.585,78.5,89.2,32.2,1541.0,45.2,13.82,32.3,31.7,31.9,31.6,optimal,optimal,optimal,optimal,optimal,optimal,→ stable,↑ increasing,→ stable,100.0,✅ EXCELLENT,False,NONE,3.1,0.3,NONE
1779698599.586,77.0,90.2,32.1,1475.0,44.8,13.78,32.0,32.0,32.3,32.0,optimal,optimal,optimal,optimal,optimal,optimal,→ stable,↑ increasing,→ stable,100.0,✅ EXCELLENT,False,NONE,3.2,0.0,NONE
1779698600.586,82.4,90.5,32.0,1549.0,45.3,13.8,32.1,31.8,31.9,32.4,optimal,optimal,optimal,optimal,optimal,optimal,→ stable,↑ increasing,→ stable,100.0,✅ EXCELLENT,False,NONE,3.5,0.0,NONE
1779698601.588,79.5,89.9,31.7,1513.0,44.5,13.79,32.1,32.3,31.9,32.2,optimal,optimal,optimal,optimal,optimal,optimal,→ stable,↑ increasing,→ stable,100.0,✅ EXCELLENT,False,NONE,3.7,0.0,NONE
1779698602.589,81.8,90.9,32.0,1478.0,44.2,13.84,32.4,32.0,32.2,32.0,optimal,optimal,optimal,optimal,optimal,optimal,→ stable,→ stable,→ stable,100.0,✅ EXCELLENT,False,NONE,3.5,0.0,NONE
1779698603.59,81.7,89.0,31.7,1521.0,45.9,13.78,31.7,32.3,31.6,32.2,optimal,optimal,optimal,optimal,optimal,optimal,→ stable,→ stable,→ stable,100.0,✅ EXCELLENT,False,NONE,3.9,0.5,NONE
1779698604.59,81.7,90.9,32.0,1478.0,44.6,13.75,31.8,31.9,32.3,31.8,optimal,optimal,optimal,optimal,optimal,optimal,→ stable,→ stable,→ stable,100.0,✅ EXCELLENT,False,NONE,3.5,0.0,NONE
1779698605.589,83.0,90.7,32.1,1527.0,45.3,13.83,32.2,32.0,31.7,32.0,optimal,optimal,optimal,optimal,optimal,optimal,→ stable,→ stable,→ stable,100.0,✅ EXCELLENT,False,NONE,3.4,0.0,NONE
1779698606.59,81.8,90.2,32.0,1484.0,44.1,13.76,32.1,32.2,32.0,32.2,optimal,optimal,optimal,optimal,optimal,optimal,→ stable,→ stable,→ stable,100.0,✅ EXCELLENT,False,NONE,3.5,0.0,NONE
1779698607.591,81.1,90.3,32.1,1514.0,45.2,13.84,32.0,31.7,32.1,32.1,optimal,optimal,optimal,optimal,optimal,optimal,→ stable,→ stable,→ stable,100.0,✅ EXCELLENT,False,NONE,3.4,0.0,NONE
1779698608.592,82.4,88.5,32.2,1482.0,44.6,13.78,31.8,31.9,31.7,32.0,optimal,optimal,optimal,optimal,optimal,optimal,↑ increasing,→ stable,→ stable,100.0,✅ EXCELLENT,False,NONE,3.3,1.1,NONE
1779698609.593,77.6,90.6,31.9,1490.0,44.5,13.77,32.0,32.4,31.8,32.0,optimal,optimal,optimal,optimal,optimal,optimal,↑ increasing,→ stable,→ stable,100.0,✅ EXCELLENT,False,NONE,3.4,0.0,NONE
1779698610.594,78.6,89.9,32.2,1455.0,45.0,13.85,31.9,32.4,31.9,32.2,optimal,optimal,optimal,optimal,optimal,optimal,↑ increasing,→ stable,→ stable,100.0,✅ EXCELLENT,False,NONE,3.1,0.0,NONE
1779698611.595,80.6,88.5,31.9,1522.0,45.4,13.78,31.6,32.2,32.2,32.1,optimal,optimal,optimal,optimal,optimal,optimal,↑ increasing,→ stable,→ stable,100.0,✅ EXCELLENT,False,NONE,3.6,1.1,NONE
1779698612.596,77.9,88.7,31.6,1517.0,44.5,13.85,31.9,31.7,32.1,32.2,optimal,optimal,optimal,optimal,optimal,optimal,→ stable,↓ decreasing,→ stable,100.0,✅ EXCELLENT,False,NONE,3.8,0.8,NONE
1779698613.597,77.9,91.2,31.9,1467.0,45.9,13.78,31.9,32.1,32.2,32.2,optimal,optimal,optimal,optimal,optimal,optimal,→ stable,→ stable,→ stable,100.0,✅ EXCELLENT,False,NONE,3.4,0.0,NONE
1779698614.598,77.1,89.7,32.0,1471.0,44.4,13.75,32.1,32.1,31.7,32.1,optimal,optimal,optimal,optimal,optimal,optimal,↓ decreasing,→ stable,→ stable,100.0,✅ EXCELLENT,False,NONE,3.3,0.0,NONE
1779698615.599,80.5,91.4,31.7,1491.0,46.0,13.76,32.4,32.0,32.4,31.7,optimal,optimal,optimal,optimal,optimal,optimal,↓ decreasing,→ stable,→ stable,100.0,✅ EXCELLENT,False,NONE,3.8,0.0,NONE
1779698616.6,79.0,89.8,32.4,1514.0,44.7,13.8,32.0,31.9,31.6,32.4,optimal,optimal,optimal,optimal,optimal,optimal,↓ decreasing,→ stable,→ stable,100.0,✅ EXCELLENT,False,NONE,2.9,0.0,NONE
1779698617.602,81.4,88.9,32.2,1495.0,45.5,13.76,32.1,32.3,32.3,32.0,optimal,optimal,optimal,optimal,optimal,optimal,↓ decreasing,→ stable,→ stable,100.0,✅ EXCELLENT,False,NONE,3.3,0.6,NONE
1779698618.602,82.7,91.2,32.1,1505.0,45.0,13.82,32.3,31.9,32.3,31.6,optimal,optimal,optimal,optimal,optimal,optimal,↓ decreasing,→ stable,→ stable,100.0,✅ EXCELLENT,False,NONE,3.4,0.0,NONE
1779698619.603,80.5,89.0,32.3,1466.0,44.2,13.81,32.3,32.3,32.4,31.6,optimal,optimal,optimal,optimal,optimal,optimal,↓ decreasing,→ stable,→ stable,100.0,✅ EXCELLENT,False,NONE,3.1,0.5,NONE
1779698620.603,80.0,90.9,32.2,1451.0,44.8,13.8,32.0,31.7,31.8,32.4,optimal,optimal,optimal,optimal,optimal,optimal,↓ decreasing,→ stable,→ stable,100.0,✅ EXCELLENT,False,NONE,3.2,0.0,NONE
1779698621.603,78.2,91.2,32.4,1502.0,44.9,13.82,32.0,32.3,31.7,31.8,optimal,optimal,optimal,optimal,optimal,optimal,↓ decreasing,→ stable,→ stable,100.0,✅ EXCELLENT,False,NONE,2.9,0.0,NONE
1779698622.604,82.6,89.5,31.9,1490.0,45.3,13.78,32.2,32.2,32.0,31.8,optimal,optimal,optimal,optimal,optimal,optimal,↓ decreasing,↑ increasing,→ stable,100.0,✅ EXCELLENT,False,NONE,3.7,0.1,NONE
1779698623.605,82.9,91.4,32.2,1471.0,45.4,13.84,31.9,32.1,32.2,32.2,optimal,optimal,optimal,optimal,optimal,optimal,→ stable,→ stable,→ stable,100.0,✅ EXCELLENT,False,NONE,3.3,0.0,NONE
1779698624.606,82.4,88.5,31.8,1455.0,44.2,13.81,32.3,31.8,31.7,32.3,optimal,optimal,optimal,optimal,optimal,optimal,↑ increasing,→ stable,→ stable,100.0,✅ EXCELLENT,False,NONE,3.8,1.1,NONE
1779698625.607,78.8,90.1,31.6,1536.0,44.5,13.76,32.2,32.2,31.8,32.0,optimal,optimal,optimal,optimal,optimal,optimal,↑ increasing,→ stable,→ stable,100.0,✅ EXCELLENT,False,NONE,3.8,0.0,NONE
1779698626.608,80.8,89.7,31.7,1520.0,45.7,13.78,31.8,31.8,31.6,32.2,optimal,optimal,optimal,optimal,optimal,optimal,↑ increasing,→ stable,→ stable,100.0,✅ EXCELLENT,False,NONE,3.8,0.0,NONE
1779698627.609,77.7,90.1,32.0,1527.0,46.0,13.76,32.1,32.1,32.1,32.3,optimal,optimal,optimal,optimal,optimal,optimal,↑ increasing,→ stable,→ stable,100.0,✅ EXCELLENT,False,NONE,3.3,0.0,NONE
1779698628.61,78.8,89.7,32.0,1478.0,45.9,13.77,32.0,31.8,31.7,31.9,optimal,optimal,optimal,optimal,optimal,optimal,↑ increasing,→ stable,→ stable,100.0,✅ EXCELLENT,False,NONE,3.4,0.0,NONE
1779698629.611,79.3,89.4,31.8,1488.0,45.9,13.8,31.8,32.1,32.0,31.9,optimal,optimal,optimal,optimal,optimal,optimal,↑ increasing,→ stable,→ stable,100.0,✅ EXCELLENT,False,NONE,3.6,0.2,NONE
1779698630.613,77.3,91.3,31.9,1482.0,46.0,13.78,32.2,32.2,32.3,32.1,optimal,optimal,optimal,optimal,optimal,optimal,→ stable,→ stable,→ stable,100.0,✅ EXCELLENT,False,NONE,3.4,0.0,NONE
1779698631.614,79.2,90.8,31.7,1476.0,44.7,13.76,31.8,32.3,32.2,31.6,optimal,optimal,optimal,optimal,optimal,optimal,→ stable,→ stable,→ stable,100.0,✅ EXCELLENT,False,NONE,3.7,0.0,NONE
1779698632.614,79.4,88.9,31.9,1509.0,44.1,13.76,31.8,31.7,31.7,32.3,optimal,optimal,optimal,optimal,optimal,optimal,→ stable,→ stable,→ stable,100.0,✅ EXCELLENT,False,NONE,3.5,0.6,NONE
1779698633.614,79.3,89.8,32.2,1496.0,45.0,13.84,32.0,32.2,32.2,31.8,optimal,optimal,optimal,optimal,optimal,optimal,↓ decreasing,→ stable,→ stable,100.0,✅ EXCELLENT,False,NONE,3.2,0.0,NONE
1779698634.615,78.1,90.6,31.9,1511.0,45.0,13.76,32.2,31.8,32.2,31.7,optimal,optimal,optimal,optimal,optimal,optimal,↓ decreasing,→ stable,→ stable,100.0,✅ EXCELLENT,False,NONE,3.5,0.0,NONE
1779698635.616,80.6,90.2,31.7,1536.0,45.5,13.78,32.3,31.8,32.3,32.1,optimal,optimal,optimal,optimal,optimal,optimal,↓ decreasing,→ stable,→ stable,100.0,✅ EXCELLENT,False,NONE,3.8,0.0,NONE
1779698636.616,78.6,89.5,32.3,1496.0,45.2,13.84,32.2,31.9,32.3,32.2,optimal,optimal,optimal,optimal,optimal,optimal,↓ decreasing,→ stable,→ stable,100.0,✅ EXCELLENT,False,NONE,3.0,0.1,NONE
1779698637.616,79.1,88.5,31.9,1484.0,44.4,13.82,32.0,31.6,32.2,32.1,optimal,optimal,optimal,optimal,optimal,optimal,↓ decreasing,→ stable,→ stable,100.0,✅ EXCELLENT,False,NONE,3.5,1.1,NONE
1779698638.617,80.7,90.2,32.1,1518.0,44.4,13.81,32.2,31.6,31.7,31.8,optimal,optimal,optimal,optimal,optimal,optimal,↓ decreasing,→ stable,→ stable,100.0,✅ EXCELLENT,False,NONE,3.3,0.0,NONE
1779698639.618,77.9,89.7,32.1,1540.0,44.5,13.79,31.7,32.1,31.8,32.4,optimal,optimal,optimal,optimal,optimal,optimal,↓ decreasing,→ stable,→ stable,100.0,✅ EXCELLENT,False,NONE,3.2,0.0,NONE
1779698640.619,79.3,90.2,32.0,1509.0,44.1,13.76,32.2,32.2,32.3,32.0,optimal,optimal,optimal,optimal,optimal,optimal,↓ decreasing,→ stable,→ stable,100.0,✅ EXCELLENT,False,NONE,3.4,0.0,NONE
1779698641.62,78.0,89.7,32.4,1516.0,45.7,13.79,31.7,32.0,32.3,31.9,optimal,optimal,optimal,optimal,optimal,optimal,↓ decreasing,→ stable,→ stable,100.0,✅ EXCELLENT,False,NONE,2.9,0.0,NONE
1779698642.62,80.7,88.7,32.1,1484.0,44.6,13.78,32.2,32.3,31.8,32.3,optimal,optimal,optimal,optimal,optimal,optimal,→ stable,→ stable,→ stable,100.0,✅ EXCELLENT,False,NONE,3.3,0.8,NONE
1779698643.62,80.8,91.2,32.1,1521.0,44.1,13.82,32.2,31.7,32.0,31.7,optimal,optimal,optimal,optimal,optimal,optimal,→ stable,→ stable,→ stable,100.0,✅ EXCELLENT,False,NONE,3.3,0.0,NONE
1779698644.621,81.3,88.8,32.0,1537.0,44.7,13.85,32.1,31.8,32.1,31.8,optimal,optimal,optimal,optimal,optimal,optimal,↑ increasing,→ stable,→ stable,100.0,✅ EXCELLENT,False,NONE,3.5,0.7,NONE
1779698645.621,82.7,90.0,31.9,1525.0,44.1,13.83,31.6,32.1,32.3,31.8,optimal,optimal,optimal,optimal,optimal,optimal,↑ increasing,→ stable,→ stable,100.0,✅ EXCELLENT,False,NONE,3.7,0.0,NONE
1779698646.623,81.1,90.1,32.2,1537.0,45.0,13.84,32.3,31.9,31.7,32.2,optimal,optimal,optimal,optimal,optimal,optimal,↑ increasing,→ stable,→ stable,100.0,✅ EXCELLENT,False,NONE,3.2,0.0,NONE
1779698647.624,78.1,89.0,32.2,1512.0,45.3,13.84,32.1,32.3,31.9,32.0,optimal,optimal,optimal,optimal,optimal,optimal,↑ increasing,→ stable,→ stable,100.0,✅ EXCELLENT,False,NONE,3.1,0.5,NONE
1779698648.625,80.8,91.5,31.8,1470.0,44.5,13.77,31.9,31.9,32.2,32.2,optimal,optimal,optimal,optimal,optimal,optimal,↑ increasing,→ stable,→ stable,100.0,✅ EXCELLENT,False,NONE,3.7,0.0,NONE
1779698649.625,80.6,89.1,31.8,1537.0,44.2,13.81,32.0,31.6,32.0,32.3,optimal,optimal,optimal,optimal,optimal,optimal,↑ increasing,→ stable,→ stable,100.0,✅ EXCELLENT,False,NONE,3.7,0.4,NONE
1779698650.626,79.2,91.3,32.2,1523.0,45.0,13.85,32.2,31.7,32.1,32.3,optimal,optimal,optimal,optimal,optimal,optimal,↑ increasing,→ stable,→ stable,100.0,✅ EXCELLENT,False,NONE,3.2,0.0,NONE
1779698651.626,78.6,88.5,31.6,1545.0,45.4,13.84,31.8,32.0,31.9,32.1,optimal,optimal,optimal,optimal,optimal,optimal,↑ increasing,→ stable,→ stable,100.0,✅ EXCELLENT,False,NONE,3.8,1.1,NONE
1779698652.628,79.5,91.0,31.9,1501.0,44.3,13.82,32.4,32.2,32.3,31.9,optimal,optimal,optimal,optimal,optimal,optimal,↑ increasing,→ stable,→ stable,100.0,✅ EXCELLENT,False,NONE,3.5,0.0,NONE
1779698653.629,81.0,90.2,32.3,1522.0,45.5,13.8,32.2,31.9,32.3,31.9,optimal,optimal,optimal,optimal,optimal,optimal,↑ increasing,→ stable,→ stable,100.0,✅ EXCELLENT,False,NONE,3.1,0.0,NONE
1779698654.63,82.5,88.5,32.1,1525.0,45.8,13.82,31.7,32.0,32.1,31.8,optimal,optimal,optimal,optimal,optimal,optimal,↑ increasing,→ stable,→ stable,100.0,✅ EXCELLENT,False,NONE,3.4,1.1,NONE
1779698655.631,80.0,90.0,32.0,1465.0,44.0,13.8,32.1,32.1,31.6,31.9,optimal,optimal,optimal,optimal,optimal,optimal,→ stable,→ stable,→ stable,100.0,✅ EXCELLENT,False,NONE,3.4,0.0,NONE
1779698656.635,77.0,90.8,31.9,1546.0,44.5,13.8,31.7,32.0,31.7,31.8,optimal,optimal,optimal,optimal,optimal,optimal,→ stable,→ stable,→ stable,100.0,✅ EXCELLENT,False,NONE,3.4,0.0,NONE
1779698657.635,81.2,88.8,31.9,1475.0,45.9,13.84,31.9,32.2,32.1,32.1,optimal,optimal,optimal,optimal,optimal,optimal,→ stable,→ stable,→ stable,100.0,✅ EXCELLENT,False,NONE,3.6,0.7,NONE
1779698658.636,77.1,90.6,31.9,1486.0,44.6,13.83,31.9,32.2,32.2,31.7,optimal,optimal,optimal,optimal,optimal,optimal,→ stable,→ stable,→ stable,100.0,✅ EXCELLENT,False,NONE,3.4,0.0,NONE
1779698659.636,82.9,91.4,32.1,1539.0,44.5,13.78,32.2,32.0,31.9,31.7,optimal,optimal,optimal,optimal,optimal,optimal,→ stable,→ stable,→ stable,100.0,✅ EXCELLENT,False,NONE,3.4,0.0,NONE
1779698660.638,78.9,90.0,32.2,1455.0,44.2,13.78,31.7,31.8,31.9,31.9,optimal,optimal,optimal,optimal,optimal,optimal,→ stable,→ stable,→ stable,100.0,✅ EXCELLENT,False,NONE,3.2,0.0,NONE
1779698661.639,79.3,88.7,32.3,1465.0,44.4,13.82,31.7,32.0,32.0,31.9,optimal,optimal,optimal,optimal,optimal,optimal,→ stable,→ stable,→ stable,100.0,✅ EXCELLENT,False,NONE,3.1,0.8,NONE
1779698662.64,81.8,90.6,31.6,1534.0,45.2,13.79,31.7,32.0,32.4,31.8,optimal,optimal,optimal,optimal,optimal,optimal,→ stable,→ stable,→ stable,100.0,✅ EXCELLENT,False,NONE,4.0,0.0,NONE
1779698663.64,82.2,91.1,31.6,1464.0,45.1,13.84,32.0,32.3,32.4,32.1,optimal,optimal,optimal,optimal,optimal,optimal,→ stable,→ stable,→ stable,100.0,✅ EXCELLENT,False,NONE,4.0,0.0,NONE
1779698664.642,77.9,88.7,31.9,1472.0,45.2,13.78,32.0,31.8,32.1,32.2,optimal,optimal,optimal,optimal,optimal,optimal,↓ decreasing,→ stable,→ stable,100.0,✅ EXCELLENT,False,NONE,3.4,0.8,NONE
1779698665.643,77.7,91.2,31.9,1476.0,45.6,13.84,32.3,32.0,32.1,32.1,optimal,optimal,optimal,optimal,optimal,optimal,↓ decreasing,→ stable,→ stable,100.0,✅ EXCELLENT,False,NONE,3.4,0.0,NONE
1779698666.644,78.2,89.9,31.8,1489.0,44.9,13.75,31.8,31.6,32.2,32.3,optimal,optimal,optimal,optimal,optimal,optimal,→ stable,→ stable,→ stable,100.0,✅ EXCELLENT,False,NONE,3.6,0.0,NONE
1779698667.645,81.6,90.4,31.7,1535.0,45.1,13.77,32.1,31.9,31.9,31.7,optimal,optimal,optimal,optimal,optimal,optimal,→ stable,→ stable,→ stable,100.0,✅ EXCELLENT,False,NONE,3.8,0.0,NONE
1779698668.646,82.4,90.6,31.8,1478.0,45.1,13.83,32.2,31.9,32.3,32.0,optimal,optimal,optimal,optimal,optimal,optimal,↑ increasing,→ stable,→ stable,100.0,✅ EXCELLENT,False,NONE,3.8,0.0,NONE
1779698669.646,77.2,91.3,31.9,1517.0,44.1,13.83,32.0,32.0,32.3,31.7,optimal,optimal,optimal,optimal,optimal,optimal,→ stable,→ stable,→ stable,100.0,✅ EXCELLENT,False,NONE,3.4,0.0,NONE
1779698670.647,80.2,89.5,32.1,1537.0,45.4,13.82,32.2,32.0,32.2,31.9,optimal,optimal,optimal,optimal,optimal,optimal,→ stable,→ stable,→ stable,100.0,✅ EXCELLENT,False,NONE,3.3,0.1,NONE
1779698671.648,77.8,90.1,31.7,1518.0,44.7,13.82,32.0,31.9,31.9,31.9,optimal,optimal,optimal,optimal,optimal,optimal,→ stable,→ stable,→ stable,100.0,✅ EXCELLENT,False,NONE,3.7,0.0,NONE
1779698672.649,77.2,91.2,31.9,1494.0,45.2,13.79,32.3,32.0,32.2,31.6,optimal,optimal,optimal,optimal,optimal,optimal,↓ decreasing,→ stable,→ stable,100.0,✅ EXCELLENT,False,NONE,3.4,0.0,NONE
1779698673.65,79.1,90.4,31.9,1463.0,44.4,13.8,32.1,31.9,31.7,31.6,optimal,optimal,optimal,optimal,optimal,optimal,↓ decreasing,→ stable,→ stable,100.0,✅ EXCELLENT,False,NONE,3.5,0.0,NONE
1779698674.652,79.2,89.1,32.4,1469.0,44.0,13.81,32.2,31.7,31.7,31.7,optimal,optimal,optimal,optimal,optimal,optimal,↓ decreasing,→ stable,→ stable,100.0,✅ EXCELLENT,False,NONE,2.9,0.4,NONE
1779698675.652,78.8,88.8,32.4,1451.0,45.0,13.82,31.8,31.6,31.8,32.2,optimal,optimal,optimal,optimal,optimal,optimal,→ stable,→ stable,→ stable,100.0,✅ EXCELLENT,False,NONE,2.9,0.7,NONE
1779698676.652,82.7,90.7,31.7,1452.0,44.3,13.76,32.3,31.9,31.7,32.1,optimal,optimal,optimal,optimal,optimal,optimal,→ stable,→ stable,→ stable,100.0,✅ EXCELLENT,False,NONE,3.9,0.0,NONE
1779698677.653,80.6,90.1,31.9,1487.0,44.5,13.78,31.9,32.2,32.4,32.4,optimal,optimal,optimal,optimal,optimal,optimal,→ stable,→ stable,→ stable,100.0,✅ EXCELLENT,False,NONE,3.6,0.0,NONE
1779698678.654,81.4,91.2,31.8,1516.0,44.6,13.75,32.1,31.6,32.4,32.0,optimal,optimal,optimal,optimal,optimal,optimal,↓ decreasing,→ stable,→ stable,100.0,✅ EXCELLENT,False,NONE,3.7,0.0,NONE
1779698679.654,82.9,90.6,32.1,1544.0,44.6,13.78,32.3,32.0,32.0,32.0,optimal,optimal,optimal,optimal,optimal,optimal,→ stable,→ stable,→ stable,100.0,✅ EXCELLENT,False,NONE,3.4,0.0,NONE
1779698680.655,82.4,90.1,31.9,1485.0,46.0,13.78,32.1,32.1,32.2,32.1,optimal,optimal,optimal,optimal,optimal,optimal,→ stable,→ stable,→ stable,100.0,✅ EXCELLENT,False,NONE,3.6,0.0,NONE
1779698681.656,81.8,91.0,31.6,1462.0,44.2,13.84,32.2,31.6,31.6,31.9,optimal,optimal,optimal,optimal,optimal,optimal,↑ increasing,→ stable,→ stable,100.0,✅ EXCELLENT,False,NONE,4.0,0.0,NONE
1779698682.658,80.3,90.5,31.7,1477.0,44.7,13.82,31.7,31.8,31.8,31.6,optimal,optimal,optimal,optimal,optimal,optimal,↑ increasing,→ stable,→ stable,100.0,✅ EXCELLENT,False,NONE,3.8,0.0,NONE
1779698683.659,80.8,90.1,32.4,1547.0,45.6,13.77,32.0,32.3,32.1,31.9,optimal,optimal,optimal,optimal,optimal,optimal,↑ increasing,→ stable,→ stable,100.0,✅ EXCELLENT,False,NONE,3.0,0.0,NONE
1779698684.66,81.9,89.9,31.7,1507.0,46.0,13.76,32.4,32.1,31.7,31.8,optimal,optimal,optimal,optimal,optimal,optimal,↑ increasing,→ stable,→ stable,100.0,✅ EXCELLENT,False,NONE,3.9,0.0,NONE
1779698685.661,81.0,91.1,32.2,1467.0,44.8,13.85,31.9,32.3,32.3,31.7,optimal,optimal,optimal,optimal,optimal,optimal,↑ increasing,→ stable,→ stable,100.0,✅ EXCELLENT,False,NONE,3.2,0.0,NONE
1779698686.662,77.3,90.8,32.1,1523.0,44.8,13.78,32.1,31.6,31.7,32.3,optimal,optimal,optimal,optimal,optimal,optimal,↑ increasing,→ stable,→ stable,100.0,✅ EXCELLENT,False,NONE,3.2,0.0,NONE
1779698687.663,79.9,89.7,31.9,1509.0,44.6,13.8,32.3,31.9,31.6,32.3,optimal,optimal,optimal,optimal,optimal,optimal,↑ increasing,→ stable,→ stable,100.0,✅ EXCELLENT,False,NONE,3.5,0.0,NONE
1779698688.664,79.9,91.4,32.0,1463.0,44.5,13.82,32.0,31.9,32.0,32.1,optimal,optimal,optimal,optimal,optimal,optimal,↑ increasing,→ stable,→ stable,100.0,✅ EXCELLENT,False,NONE,3.4,0.0,NONE
1779698689.664,81.8,90.8,31.8,1455.0,44.3,13.75,31.6,32.1,31.8,32.0,optimal,optimal,optimal,optimal,optimal,optimal,↑ increasing,→ stable,→ stable,100.0,✅ EXCELLENT,False,NONE,3.7,0.0,NONE
1779698690.666,80.2,91.0,31.8,1549.0,45.2,13.85,32.1,31.9,32.1,32.2,optimal,optimal,optimal,optimal,optimal,optimal,→ stable,→ stable,→ stable,100.0,✅ EXCELLENT,False,NONE,3.7,0.0,NONE
1779698691.667,79.3,89.2,32.2,1510.0,45.3,13.8,31.9,31.9,31.9,31.6,optimal,optimal,optimal,optimal,optimal,optimal,→ stable,→ stable,→ stable,100.0,✅ EXCELLENT,False,NONE,3.2,0.3,NONE
1779698692.667,78.5,88.8,32.0,1542.0,45.3,13.76,32.3,31.9,31.8,31.9,optimal,optimal,optimal,optimal,optimal,optimal,↓ decreasing,→ stable,→ stable,100.0,✅ EXCELLENT,False,NONE,3.4,0.7,NONE
1779698693.668,78.3,90.4,31.9,1502.0,46.0,13.85,32.3,32.3,32.3,32.3,optimal,optimal,optimal,optimal,optimal,optimal,↓ decreasing,→ stable,→ stable,100.0,✅ EXCELLENT,False,NONE,3.5,0.0,NONE
1779698694.668,81.1,89.5,32.1,1458.0,44.1,13.85,32.1,31.8,31.7,32.3,optimal,optimal,optimal,optimal,optimal,optimal,↓ decreasing,→ stable,→ stable,100.0,✅ EXCELLENT,False,NONE,3.4,0.1,NONE
1779698695.669,82.5,90.8,32.1,1536.0,44.9,13.83,31.7,31.6,32.0,32.1,optimal,optimal,optimal,optimal,optimal,optimal,↓ decreasing,→ stable,→ stable,100.0,✅ EXCELLENT,False,NONE,3.4,0.0,NONE
1779698696.671,80.7,90.4,31.7,1509.0,45.8,13.81,32.0,32.2,31.7,32.1,optimal,optimal,optimal,optimal,optimal,optimal,↓ decreasing,→ stable,→ stable,100.0,✅ EXCELLENT,False,NONE,3.8,0.0,NONE
1779698697.671,77.6,88.6,32.0,1495.0,45.6,13.83,32.2,31.9,32.0,32.4,optimal,optimal,optimal,optimal,optimal,optimal,↓ decreasing,→ stable,→ stable,100.0,✅ EXCELLENT,False,NONE,3.3,1.0,NONE
1779698698.672,78.4,89.3,31.9,1464.0,44.0,13.75,31.9,31.9,31.8,31.9,optimal,optimal,optimal,optimal,optimal,optimal,↓ decreasing,↓ decreasing,→ stable,100.0,✅ EXCELLENT,False,NONE,3.5,0.2,NONE
1779698699.674,80.8,88.7,31.9,1490.0,44.6,13.84,32.1,31.9,32.3,32.1,optimal,optimal,optimal,optimal,optimal,optimal,↓ decreasing,↓ decreasing,→ stable,100.0,✅ EXCELLENT,False,NONE,3.6,0.8,NONE
1779698700.675,80.1,90.8,32.3,1538.0,44.3,13.85,32.1,31.7,31.9,32.4,optimal,optimal,optimal,optimal,optimal,optimal,↓ decreasing,↓ decreasing,→ stable,100.0,✅ EXCELLENT,False,NONE,3.1,0.0,NONE
1779698701.675,77.2,90.3,31.9,1466.0,45.0,13.77,31.9,32.3,32.2,31.8,optimal,optimal,optimal,optimal,optimal,optimal,↓ decreasing,↓ decreasing,→ stable,100.0,✅ EXCELLENT,False,NONE,3.4,0.0,NONE
1779698702.675,80.7,90.0,31.9,1456.0,45.1,13.82,32.4,31.7,31.7,31.9,optimal,optimal,optimal,optimal,optimal,optimal,→ stable,→ stable,→ stable,100.0,✅ EXCELLENT,False,NONE,3.6,0.0,NONE
1779698703.676,80.6,90.0,31.6,1482.0,44.4,13.84,31.8,32.3,31.6,32.4,optimal,optimal,optimal,optimal,optimal,optimal,→ stable,→ stable,→ stable,100.0,✅ EXCELLENT,False,NONE,3.9,0.0,NONE
1779698704.676,82.1,89.8,32.4,1483.0,44.8,13.84,31.7,31.9,32.1,32.1,optimal,optimal,optimal,optimal,optimal,optimal,→ stable,→ stable,→ stable,100.0,✅ EXCELLENT,False,NONE,3.0,0.0,NONE
1779698705.678,80.6,90.8,32.0,1528.0,44.8,13.76,31.8,31.6,32.2,31.9,optimal,optimal,optimal,optimal,optimal,optimal,→ stable,→ stable,→ stable,100.0,✅ EXCELLENT,False,NONE,3.5,0.0,NONE
1779698706.679,79.8,88.6,31.8,1491.0,45.5,13.81,32.1,32.4,31.7,32.3,optimal,optimal,optimal,optimal,optimal,optimal,→ stable,↓ decreasing,→ stable,100.0,✅ EXCELLENT,False,NONE,3.6,1.0,NONE
1779698707.681,77.8,90.7,31.7,1459.0,44.7,13.76,31.8,31.7,32.0,32.3,optimal,optimal,optimal,optimal,optimal,optimal,→ stable,→ stable,→ stable,100.0,✅ EXCELLENT,False,NONE,3.7,0.0,NONE
1779698708.681,80.5,89.1,31.7,1469.0,44.6,13.75,32.3,32.0,31.9,32.3,optimal,optimal,optimal,optimal,optimal,optimal,→ stable,→ stable,→ stable,100.0,✅ EXCELLENT,False,NONE,3.8,0.4,NONE
1779698709.682,82.1,89.0,31.7,1537.0,44.8,13.82,31.9,32.2,31.9,31.7,optimal,optimal,optimal,optimal,optimal,optimal,→ stable,→ stable,→ stable,100.0,✅ EXCELLENT,False,NONE,3.9,0.5,NONE
1779698710.682,79.2,89.6,31.6,1537.0,44.1,13.75,31.8,31.8,32.1,31.7,optimal,optimal,optimal,optimal,optimal,optimal,→ stable,→ stable,→ stable,100.0,✅ EXCELLENT,False,NONE,3.8,0.1,NONE
1779698711.683,79.6,88.7,31.9,1477.0,45.1,13.77,31.7,32.1,31.6,32.3,optimal,optimal,optimal,optimal,optimal,optimal,↑ increasing,→ stable,→ stable,100.0,✅ EXCELLENT,False,NONE,3.5,0.8,NONE
1779698712.685,78.8,90.3,32.0,1544.0,44.8,13.79,31.9,32.4,31.8,32.3,optimal,optimal,optimal,optimal,optimal,optimal,→ stable,→ stable,→ stable,100.0,✅ EXCELLENT,False,NONE,3.4,0.0,NONE
1779698713.686,79.1,89.7,31.9,1485.0,45.3,13.78,32.2,31.9,31.9,31.6,optimal,optimal,optimal,optimal,optimal,optimal,→ stable,→ stable,→ stable,100.0,✅ EXCELLENT,False,NONE,3.5,0.0,NONE
1779698714.687,77.5,90.2,32.1,1462.0,45.7,13.77,32.1,32.3,32.1,31.7,optimal,optimal,optimal,optimal,optimal,optimal,↓ decreasing,→ stable,→ stable,100.0,✅ EXCELLENT,False,NONE,3.2,0.0,NONE
1779698715.688,77.4,90.6,32.1,1527.0,45.8,13.8,31.6,31.8,31.8,31.8,optimal,optimal,optimal,optimal,optimal,optimal,↓ decreasing,→ stable,→ stable,100.0,✅ EXCELLENT,False,NONE,3.2,0.0,NONE
1779698716.688,79.2,89.5,32.1,1458.0,44.3,13.81,31.9,32.4,31.9,32.3,optimal,optimal,optimal,optimal,optimal,optimal,↓ decreasing,→ stable,→ stable,100.0,✅ EXCELLENT,False,NONE,3.3,0.1,NONE
1779698717.689,79.2,90.8,31.9,1472.0,45.8,13.83,31.8,32.0,32.2,31.9,optimal,optimal,optimal,optimal,optimal,optimal,↓ decreasing,→ stable,→ stable,100.0,✅ EXCELLENT,False,NONE,3.5,0.0,NONE
1779698718.69,77.3,90.5,32.0,1473.0,45.1,13.83,32.2,32.2,31.8,32.4,optimal,optimal,optimal,optimal,optimal,optimal,↓ decreasing,→ stable,→ stable,100.0,✅ EXCELLENT,False,NONE,3.3,0.0,NONE
1779698719.691,80.4,90.5,32.0,1497.0,45.7,13.83,31.9,31.7,31.9,31.9,optimal,optimal,optimal,optimal,optimal,optimal,↓ decreasing,→ stable,→ stable,100.0,✅ EXCELLENT,False,NONE,3.4,0.0,NONE
1779698720.691,80.9,90.1,32.3,1453.0,44.9,13.79,32.3,32.4,32.2,31.9,optimal,optimal,optimal,optimal,optimal,optimal,↓ decreasing,→ stable,→ stable,100.0,✅ EXCELLENT,False,NONE,3.1,0.0,NONE
1779698721.691,81.0,90.5,32.0,1517.0,44.3,13.81,32.3,32.0,32.4,32.1,optimal,optimal,optimal,optimal,optimal,optimal,↓ decreasing,↑ increasing,→ stable,100.0,✅ EXCELLENT,False,NONE,3.5,0.0,NONE
1779698722.692,77.8,90.9,32.2,1549.0,45.7,13.78,31.8,32.4,32.2,32.3,optimal,optimal,optimal,optimal,optimal,optimal,↓ decreasing,↑ increasing,→ stable,100.0,✅ EXCELLENT,False,NONE,3.1,0.0,NONE
1779698723.693,77.4,89.9,31.9,1536.0,45.1,13.78,32.2,31.9,31.8,31.8,optimal,optimal,optimal,optimal,optimal,optimal,↓ decreasing,↑ increasing,→ stable,100.0,✅ EXCELLENT,False,NONE,3.4,0.0,NONE
1779698724.693,82.3,89.2,32.1,1484.0,44.6,13.79,32.0,31.8,32.2,32.2,optimal,optimal,optimal,optimal,optimal,optimal,→ stable,↑ increasing,→ stable,100.0,✅ EXCELLENT,False,NONE,3.4,0.3,NONE
1779698725.695,79.8,90.7,31.7,1535.0,44.8,13.76,31.9,32.4,32.2,32.0,optimal,optimal,optimal,optimal,optimal,optimal,→ stable,↑ increasing,→ stable,100.0,✅ EXCELLENT,False,NONE,3.8,0.0,NONE
1779698726.696,79.2,90.6,31.9,1532.0,45.9,13.76,31.9,31.6,32.4,31.7,optimal,optimal,optimal,optimal,optimal,optimal,→ stable,↑ increasing,→ stable,100.0,✅ EXCELLENT,False,NONE,3.5,0.0,NONE
1779698727.696,78.6,89.8,32.2,1477.0,45.2,13.85,32.0,31.8,32.0,32.3,optimal,optimal,optimal,optimal,optimal,optimal,→ stable,↑ increasing,→ stable,100.0,✅ EXCELLENT,False,NONE,3.1,0.0,NONE
1779698728.697,82.8,90.1,32.2,1478.0,45.9,13.75,32.4,32.3,31.8,31.8,optimal,optimal,optimal,optimal,optimal,optimal,↑ increasing,→ stable,→ stable,100.0,✅ EXCELLENT,False,NONE,3.3,0.0,NONE
1779698729.697,78.6,90.2,31.7,1482.0,45.8,13.82,32.2,32.4,31.8,31.8,optimal,optimal,optimal,optimal,optimal,optimal,↑ increasing,→ stable,→ stable,100.0,✅ EXCELLENT,False,NONE,3.7,0.0,NONE
1779698730.699,81.1,90.0,32.2,1548.0,46.0,13.81,31.6,32.3,32.2,32.1,optimal,optimal,optimal,optimal,optimal,optimal,↑ increasing,→ stable,→ stable,100.0,✅ EXCELLENT,False,NONE,3.2,0.0,NONE
1779698731.701,81.7,88.6,32.4,1507.0,45.6,13.84,31.9,31.9,32.3,32.2,optimal,optimal,optimal,optimal,optimal,optimal,↑ increasing,→ stable,→ stable,100.0,✅ EXCELLENT,False,NONE,3.0,1.0,NONE
1779698732.701,81.6,91.2,32.2,1467.0,45.0,13.84,32.3,31.7,31.9,32.4,optimal,optimal,optimal,optimal,optimal,optimal,↑ increasing,→ stable,→ stable,100.0,✅ EXCELLENT,False,NONE,3.3,0.0,NONE
1779698733.702,78.7,89.7,31.8,1452.0,45.3,13.79,31.9,31.9,31.9,31.8,optimal,optimal,optimal,optimal,optimal,optimal,↑ increasing,→ stable,→ stable,100.0,✅ EXCELLENT,False,NONE,3.6,0.0,NONE
1779698734.702,82.4,89.4,32.3,1511.0,45.7,13.77,31.6,31.9,32.0,32.1,optimal,optimal,optimal,optimal,optimal,optimal,↑ increasing,→ stable,→ stable,100.0,✅ EXCELLENT,False,NONE,3.2,0.2,NONE
1779698735.703,77.3,90.8,32.0,1503.0,44.3,13.77,32.3,32.3,32.2,31.8,optimal,optimal,optimal,optimal,optimal,optimal,↑ increasing,→ stable,→ stable,100.0,✅ EXCELLENT,False,NONE,3.3,0.0,NONE
1779698736.703,80.4,88.9,32.0,1486.0,45.4,13.83,31.7,32.3,32.4,31.6,optimal,optimal,optimal,optimal,optimal,optimal,↑ increasing,→ stable,→ stable,100.0,✅ EXCELLENT,False,NONE,3.4,0.6,NONE
1779698737.704,82.0,89.4,32.3,1480.0,45.8,13.76,31.8,32.0,32.2,31.8,optimal,optimal,optimal,optimal,optimal,optimal,↑ increasing,→ stable,→ stable,100.0,✅ EXCELLENT,False,NONE,3.2,0.2,NONE
1779698738.704,80.7,91.0,31.7,1531.0,44.3,13.77,32.3,31.9,31.6,32.3,optimal,optimal,optimal,optimal,optimal,optimal,→ stable,→ stable,→ stable,100.0,✅ EXCELLENT,False,NONE,3.8,0.0,NONE
1779698739.705,81.0,89.5,31.6,1540.0,45.0,13.83,32.2,32.0,31.7,31.7,optimal,optimal,optimal,optimal,optimal,optimal,↑ increasing,→ stable,→ stable,100.0,✅ EXCELLENT,False,NONE,3.9,0.1,NONE
1779698740.706,81.1,90.9,32.1,1473.0,45.8,13.75,32.0,32.0,31.7,32.3,optimal,optimal,optimal,optimal,optimal,optimal,↑ increasing,→ stable,→ stable,100.0,✅ EXCELLENT,False,NONE,3.4,0.0,NONE
1779698741.707,81.7,88.7,32.1,1510.0,45.5,13.79,31.8,32.1,31.9,31.8,optimal,optimal,optimal,optimal,optimal,optimal,↑ increasing,→ stable,→ stable,100.0,✅ EXCELLENT,False,NONE,3.4,0.8,NONE
1779698742.708,81.7,89.0,31.9,1506.0,45.9,13.76,32.0,31.6,32.3,32.1,optimal,optimal,optimal,optimal,optimal,optimal,→ stable,→ stable,→ stable,100.0,✅ EXCELLENT,False,NONE,3.6,0.5,NONE
1779698743.709,77.1,90.9,32.2,1537.0,44.1,13.78,32.1,31.8,32.3,32.3,optimal,optimal,optimal,optimal,optimal,optimal,→ stable,→ stable,→ stable,100.0,✅ EXCELLENT,False,NONE,3.1,0.0,NONE
1779698744.71,82.2,91.2,32.3,1467.0,45.3,13.75,32.3,31.9,32.2,31.9,optimal,optimal,optimal,optimal,optimal,optimal,→ stable,→ stable,→ stable,100.0,✅ EXCELLENT,False,NONE,3.2,0.0,NONE
1779698745.71,79.5,90.5,31.8,1542.0,44.4,13.76,32.4,31.8,32.4,31.7,optimal,optimal,optimal,optimal,optimal,optimal,↑ increasing,→ stable,→ stable,100.0,✅ EXCELLENT,False,NONE,3.6,0.0,NONE
1779698746.711,80.0,91.0,32.2,1545.0,45.2,13.83,31.6,32.1,31.7,32.0,optimal,optimal,optimal,optimal,optimal,optimal,→ stable,→ stable,→ stable,100.0,✅ EXCELLENT,False,NONE,3.2,0.0,NONE
1779698747.712,77.7,91.1,32.0,1491.0,44.1,13.76,31.7,31.7,32.1,32.4,optimal,optimal,optimal,optimal,optimal,optimal,→ stable,↑ increasing,→ stable,100.0,✅ EXCELLENT,False,NONE,3.3,0.0,NONE
1779698748.713,80.2,90.3,31.7,1465.0,45.0,13.78,31.6,32.3,32.0,32.2,optimal,optimal,optimal,optimal,optimal,optimal,→ stable,→ stable,→ stable,100.0,✅ EXCELLENT,False,NONE,3.8,0.0,NONE
1779698749.714,82.9,90.3,32.3,1488.0,44.4,13.83,31.9,32.1,31.7,31.8,optimal,optimal,optimal,optimal,optimal,optimal,→ stable,↑ increasing,→ stable,100.0,✅ EXCELLENT,False,NONE,3.2,0.0,NONE
1779698750.715,79.8,88.5,32.4,1536.0,45.4,13.83,31.8,32.4,31.6,31.7,optimal,optimal,optimal,optimal,optimal,optimal,→ stable,→ stable,→ stable,100.0,✅ EXCELLENT,False,NONE,3.0,1.1,NONE
1779698751.716,77.9,90.9,32.0,1465.0,44.8,13.85,32.0,31.8,32.0,31.8,optimal,optimal,optimal,optimal,optimal,optimal,↓ decreasing,→ stable,→ stable,100.0,✅ EXCELLENT,False,NONE,3.3,0.0,NONE
1779698752.717,78.6,88.8,32.1,1461.0,45.2,13.76,31.9,32.1,31.8,31.9,optimal,optimal,optimal,optimal,optimal,optimal,↓ decreasing,↑ increasing,→ stable,100.0,✅ EXCELLENT,False,NONE,3.3,0.7,NONE
1779698753.718,81.9,89.9,32.2,1491.0,45.2,13.77,32.0,32.0,31.9,31.9,optimal,optimal,optimal,optimal,optimal,optimal,→ stable,→ stable,→ stable,100.0,✅ EXCELLENT,False,NONE,3.3,0.0,NONE
1779698754.719,77.6,90.8,32.3,1502.0,44.1,13.82,31.8,31.8,31.7,31.7,optimal,optimal,optimal,optimal,optimal,optimal,↓ decreasing,→ stable,→ stable,100.0,✅ EXCELLENT,False,NONE,3.0,0.0,NONE
1779698755.721,77.3,90.6,31.6,1468.0,44.9,13.82,32.3,32.3,32.1,31.6,optimal,optimal,optimal,optimal,optimal,optimal,↓ decreasing,→ stable,→ stable,100.0,✅ EXCELLENT,False,NONE,3.8,0.0,NONE
1779698756.722,78.4,90.7,32.4,1501.0,44.3,13.78,32.0,31.7,31.7,32.1,optimal,optimal,optimal,optimal,optimal,optimal,↓ decreasing,→ stable,→ stable,100.0,✅ EXCELLENT,False,NONE,2.9,0.0,NONE
1779698757.723,78.3,89.0,32.2,1526.0,45.4,13.76,31.6,31.8,31.7,32.2,optimal,optimal,optimal,optimal,optimal,optimal,↓ decreasing,→ stable,→ stable,100.0,✅ EXCELLENT,False,NONE,3.1,0.5,NONE
1779698758.723,82.6,91.1,32.2,1467.0,44.4,13.75,32.2,31.9,32.0,31.6,optimal,optimal,optimal,optimal,optimal,optimal,↓ decreasing,→ stable,→ stable,100.0,✅ EXCELLENT,False,NONE,3.3,0.0,NONE
1779698759.724,78.6,89.4,32.3,1460.0,45.1,13.77,31.7,31.9,32.3,32.2,optimal,optimal,optimal,optimal,optimal,optimal,↓ decreasing,→ stable,→ stable,100.0,✅ EXCELLENT,False,NONE,3.0,0.2,NONE
1779698760.725,77.0,90.0,32.0,1517.0,44.2,13.77,32.1,32.1,32.0,31.8,optimal,optimal,optimal,optimal,optimal,optimal,↓ decreasing,→ stable,→ stable,100.0,✅ EXCELLENT,False,NONE,3.3,0.0,NONE
1779698761.725,77.9,89.8,31.8,1521.0,45.7,13.76,32.3,32.1,31.9,31.9,optimal,optimal,optimal,optimal,optimal,optimal,↓ decreasing,→ stable,→ stable,100.0,✅ EXCELLENT,False,NONE,3.6,0.0,NONE
1779698762.726,77.2,89.2,32.4,1488.0,45.9,13.8,31.6,32.3,32.1,31.7,optimal,optimal,optimal,optimal,optimal,optimal,↓ decreasing,→ stable,→ stable,100.0,✅ EXCELLENT,False,NONE,2.9,0.3,NONE
1779698763.726,82.4,91.2,31.8,1503.0,44.6,13.78,32.0,31.8,32.4,31.8,optimal,optimal,optimal,optimal,optimal,optimal,↓ decreasing,→ stable,→ stable,100.0,✅ EXCELLENT,False,NONE,3.8,0.0,NONE
1779698764.727,81.8,89.2,31.8,1487.0,44.9,13.78,31.8,31.8,32.4,32.0,optimal,optimal,optimal,optimal,optimal,optimal,→ stable,→ stable,→ stable,100.0,✅ EXCELLENT,False,NONE,3.7,0.3,NONE
1779698765.728,79.7,91.3,31.6,1517.0,44.9,13.84,31.9,31.8,32.3,32.2,optimal,optimal,optimal,optimal,optimal,optimal,→ stable,→ stable,→ stable,100.0,✅ EXCELLENT,False,NONE,3.9,0.0,NONE
1779698766.729,79.9,88.8,32.3,1500.0,45.2,13.78,32.3,32.0,32.2,31.8,optimal,optimal,optimal,optimal,optimal,optimal,→ stable,→ stable,→ stable,100.0,✅ EXCELLENT,False,NONE,3.1,0.7,NONE
1779698767.73,80.1,90.4,31.7,1459.0,44.1,13.78,32.2,31.7,32.0,32.1,optimal,optimal,optimal,optimal,optimal,optimal,→ stable,→ stable,→ stable,100.0,✅ EXCELLENT,False,NONE,3.8,0.0,NONE
1779698768.731,80.1,89.3,32.2,1497.0,45.3,13.76,32.1,32.4,31.8,32.3,optimal,optimal,optimal,optimal,optimal,optimal,→ stable,→ stable,→ stable,100.0,✅ EXCELLENT,False,NONE,3.2,0.2,NONE
1779698769.732,79.9,88.5,31.8,1457.0,44.0,13.83,31.7,32.3,31.8,32.2,optimal,optimal,optimal,optimal,optimal,optimal,→ stable,→ stable,→ stable,100.0,✅ EXCELLENT,False,NONE,3.7,1.1,NONE
1779698770.733,81.6,90.5,32.0,1494.0,45.0,13.82,31.6,31.7,31.7,32.1,optimal,optimal,optimal,optimal,optimal,optimal,↑ increasing,→ stable,→ stable,100.0,✅ EXCELLENT,False,NONE,3.5,0.0,NONE
1779698771.734,82.1,90.6,31.9,1499.0,45.3,13.75,31.7,31.7,31.8,32.3,optimal,optimal,optimal,optimal,optimal,optimal,↑ increasing,→ stable,→ stable,100.0,✅ EXCELLENT,False,NONE,3.6,0.0,NONE
1779698772.735,77.8,90.7,31.8,1501.0,45.9,13.76,31.9,32.0,32.4,32.0,optimal,optimal,optimal,optimal,optimal,optimal,↑ increasing,→ stable,→ stable,100.0,✅ EXCELLENT,False,NONE,3.6,0.0,NONE
1779698773.735,82.1,91.0,32.4,1477.0,45.9,13.8,32.1,32.4,32.4,31.6,optimal,optimal,optimal,optimal,optimal,optimal,↑ increasing,→ stable,→ stable,100.0,✅ EXCELLENT,False,NONE,3.0,0.0,NONE
1779698774.736,81.6,89.6,32.3,1485.0,46.0,13.83,31.9,32.2,32.3,31.9,optimal,optimal,optimal,optimal,optimal,optimal,↑ increasing,→ stable,→ stable,100.0,✅ EXCELLENT,False,NONE,3.1,0.1,NONE
1779698775.736,77.9,90.0,32.2,1518.0,44.8,13.85,32.0,31.9,32.0,31.9,optimal,optimal,optimal,optimal,optimal,optimal,↑ increasing,→ stable,→ stable,100.0,✅ EXCELLENT,False,NONE,3.1,0.0,NONE
1779698776.738,78.2,89.1,31.8,1527.0,46.0,13.85,31.9,32.2,31.8,31.8,optimal,optimal,optimal,optimal,optimal,optimal,↑ increasing,→ stable,→ stable,100.0,✅ EXCELLENT,False,NONE,3.6,0.4,NONE
1779698777.739,79.3,88.8,32.0,1476.0,44.3,13.84,32.3,32.4,31.8,32.1,optimal,optimal,optimal,optimal,optimal,optimal,→ stable,→ stable,→ stable,100.0,✅ EXCELLENT,False,NONE,3.4,0.7,NONE
1779698778.74,81.0,89.0,32.0,1473.0,45.6,13.76,31.6,31.7,31.9,32.3,optimal,optimal,optimal,optimal,optimal,optimal,↑ increasing,→ stable,→ stable,100.0,✅ EXCELLENT,False,NONE,3.5,0.5,NONE
1779698779.741,79.8,89.8,31.8,1500.0,45.2,13.79,32.2,31.8,32.2,32.0,optimal,optimal,optimal,optimal,optimal,optimal,↑ increasing,→ stable,→ stable,100.0,✅ EXCELLENT,False,NONE,3.6,0.0,NONE
1779698780.743,81.4,90.5,32.0,1521.0,45.2,13.84,31.7,31.8,32.2,31.8,optimal,optimal,optimal,optimal,optimal,optimal,→ stable,→ stable,→ stable,100.0,✅ EXCELLENT,False,NONE,3.5,0.0,NONE
1779698781.744,82.3,89.9,32.0,1493.0,44.6,13.77,32.3,32.1,32.2,32.0,optimal,optimal,optimal,optimal,optimal,optimal,→ stable,→ stable,→ stable,100.0,✅ EXCELLENT,False,NONE,3.5,0.0,NONE
1779698782.746,78.3,90.7,31.8,1541.0,45.3,13.8,32.3,31.7,31.7,32.1,optimal,optimal,optimal,optimal,optimal,optimal,→ stable,→ stable,→ stable,100.0,✅ EXCELLENT,False,NONE,3.6,0.0,NONE
1779698783.747,78.6,89.9,32.0,1502.0,44.1,13.76,31.7,31.6,31.8,31.9,optimal,optimal,optimal,optimal,optimal,optimal,↓ decreasing,→ stable,→ stable,100.0,✅ EXCELLENT,False,NONE,3.4,0.0,NONE
1779698784.748,82.2,89.2,31.8,1490.0,45.7,13.85,31.7,32.3,32.4,32.1,optimal,optimal,optimal,optimal,optimal,optimal,↓ decreasing,→ stable,→ stable,100.0,✅ EXCELLENT,False,NONE,3.8,0.3,NONE
1779698785.748,78.6,89.1,32.1,1519.0,44.6,13.77,31.9,31.7,32.4,31.7,optimal,optimal,optimal,optimal,optimal,optimal,→ stable,→ stable,→ stable,100.0,✅ EXCELLENT,False,NONE,3.3,0.4,NONE
1779698786.749,78.2,88.7,31.9,1518.0,45.5,13.79,32.2,32.3,31.7,32.0,optimal,optimal,optimal,optimal,optimal,optimal,→ stable,→ stable,→ stable,100.0,✅ EXCELLENT,False,NONE,3.5,0.8,NONE
1779698787.749,80.7,88.7,31.9,1546.0,44.5,13.81,32.1,32.2,31.9,31.9,optimal,optimal,optimal,optimal,optimal,optimal,→ stable,→ stable,→ stable,100.0,✅ EXCELLENT,False,NONE,3.6,0.8,NONE
1779698788.75,81.8,89.4,31.7,1539.0,44.9,13.83,31.7,32.3,32.2,32.0,optimal,optimal,optimal,optimal,optimal,optimal,→ stable,→ stable,→ stable,100.0,✅ EXCELLENT,False,NONE,3.9,0.2,NONE
1779698789.751,77.9,91.4,31.7,1452.0,44.2,13.8,31.8,31.9,32.0,32.3,optimal,optimal,optimal,optimal,optimal,optimal,→ stable,→ stable,→ stable,100.0,✅ EXCELLENT,False,NONE,3.7,0.0,NONE
1779698790.751,81.4,88.7,32.2,1490.0,45.6,13.78,32.1,31.9,31.9,32.2,optimal,optimal,optimal,optimal,optimal,optimal,→ stable,→ stable,→ stable,100.0,✅ EXCELLENT,False,NONE,3.3,0.8,NONE
1779698791.752,77.4,91.1,31.9,1450.0,45.2,13.75,31.6,32.2,32.2,31.7,optimal,optimal,optimal,optimal,optimal,optimal,↓ decreasing,→ stable,→ stable,100.0,✅ EXCELLENT,False,NONE,3.4,0.0,NONE
1779698792.753,78.7,88.7,32.0,1535.0,44.1,13.77,32.2,32.2,32.1,31.8,optimal,optimal,optimal,optimal,optimal,optimal,↓ decreasing,→ stable,→ stable,100.0,✅ EXCELLENT,False,NONE,3.4,0.8,NONE
1779698793.754,78.5,89.1,31.8,1512.0,45.0,13.82,32.1,31.7,32.1,31.7,optimal,optimal,optimal,optimal,optimal,optimal,→ stable,→ stable,→ stable,100.0,✅ EXCELLENT,False,NONE,3.6,0.4,NONE
1779698794.755,81.4,89.0,32.3,1462.0,45.5,13.76,32.1,32.0,31.9,31.8,optimal,optimal,optimal,optimal,optimal,optimal,→ stable,→ stable,→ stable,100.0,✅ EXCELLENT,False,NONE,3.1,0.5,NONE
1779698795.756,80.0,88.7,31.9,1464.0,45.3,13.8,32.0,31.9,32.1,31.8,optimal,optimal,optimal,optimal,optimal,optimal,→ stable,→ stable,→ stable,100.0,✅ EXCELLENT,False,NONE,3.5,0.8,NONE
1779698796.757,77.6,90.6,32.1,1475.0,45.0,13.78,32.2,32.3,32.3,32.3,optimal,optimal,optimal,optimal,optimal,optimal,→ stable,→ stable,→ stable,100.0,✅ EXCELLENT,False,NONE,3.2,0.0,NONE
1779698797.758,78.6,91.0,31.8,1461.0,45.4,13.8,31.7,31.8,32.1,32.4,optimal,optimal,optimal,optimal,optimal,optimal,↓ decreasing,→ stable,→ stable,100.0,✅ EXCELLENT,False,NONE,3.6,0.0,NONE
1779698798.759,82.7,89.4,32.0,1479.0,45.3,13.77,32.1,32.2,32.2,32.3,optimal,optimal,optimal,optimal,optimal,optimal,↓ decreasing,→ stable,→ stable,100.0,✅ EXCELLENT,False,NONE,3.5,0.2,NONE
1779698799.759,77.1,88.6,31.9,1516.0,44.9,13.79,32.3,31.6,31.9,32.1,optimal,optimal,optimal,optimal,optimal,optimal,↓ decreasing,→ stable,→ stable,100.0,✅ EXCELLENT,False,NONE,3.4,1.0,NONE
1779698800.76,82.8,91.3,31.6,1451.0,44.0,13.8,31.7,31.8,32.2,31.9,optimal,optimal,optimal,optimal,optimal,optimal,↓ decreasing,→ stable,→ stable,100.0,✅ EXCELLENT,False,NONE,4.0,0.0,NONE
1779698801.761,82.7,90.5,31.7,1453.0,45.3,13.78,32.0,31.7,32.3,31.9,optimal,optimal,optimal,optimal,optimal,optimal,→ stable,→ stable,→ stable,100.0,✅ EXCELLENT,False,NONE,3.9,0.0,NONE
1779698802.763,80.2,88.5,32.0,1525.0,44.8,13.79,31.8,31.6,32.1,31.9,optimal,optimal,optimal,optimal,optimal,optimal,↑ increasing,→ stable,→ stable,100.0,✅ EXCELLENT,False,NONE,3.4,1.1,NONE
1779698803.764,78.4,91.2,32.0,1454.0,45.8,13.84,31.6,31.7,31.9,31.9,optimal,optimal,optimal,optimal,optimal,optimal,↑ increasing,→ stable,→ stable,100.0,✅ EXCELLENT,False,NONE,3.4,0.0,NONE
1779698804.766,78.4,89.6,31.7,1547.0,44.1,13.83,32.0,31.7,31.7,32.1,optimal,optimal,optimal,optimal,optimal,optimal,→ stable,↑ increasing,→ stable,100.0,✅ EXCELLENT,False,NONE,3.7,0.1,NONE
1779698805.767,78.3,90.5,32.3,1525.0,45.2,13.81,32.0,32.3,32.1,31.7,optimal,optimal,optimal,optimal,optimal,optimal,→ stable,↑ increasing,→ stable,100.0,✅ EXCELLENT,False,NONE,3.0,0.0,NONE
1779698806.768,78.4,88.6,31.7,1462.0,44.9,13.81,31.7,32.2,32.1,32.0,optimal,optimal,optimal,optimal,optimal,optimal,→ stable,→ stable,→ stable,100.0,✅ EXCELLENT,False,NONE,3.7,1.0,NONE
1779698807.769,81.4,90.9,31.8,1524.0,44.7,13.84,32.1,31.7,32.1,31.9,optimal,optimal,optimal,optimal,optimal,optimal,↑ increasing,→ stable,→ stable,100.0,✅ EXCELLENT,False,NONE,3.7,0.0,NONE
1779698808.77,79.4,89.7,31.8,1467.0,44.2,13.76,32.3,31.8,31.7,31.7,optimal,optimal,optimal,optimal,optimal,optimal,→ stable,→ stable,→ stable,100.0,✅ EXCELLENT,False,NONE,3.6,0.0,NONE
1779698809.77,78.7,89.0,32.0,1484.0,44.8,13.79,32.0,31.9,31.9,31.8,optimal,optimal,optimal,optimal,optimal,optimal,↑ increasing,→ stable,→ stable,100.0,✅ EXCELLENT,False,NONE,3.4,0.5,NONE
1779698810.771,77.1,90.8,32.3,1466.0,44.1,13.8,32.2,32.1,31.9,32.0,optimal,optimal,optimal,optimal,optimal,optimal,→ stable,→ stable,→ stable,100.0,✅ EXCELLENT,False,NONE,3.0,0.0,NONE
1779698811.773,78.4,89.3,32.0,1517.0,45.8,13.77,32.2,31.8,32.4,32.4,optimal,optimal,optimal,optimal,optimal,optimal,↓ decreasing,→ stable,→ stable,100.0,✅ EXCELLENT,False,NONE,3.4,0.2,NONE
1779698812.774,80.0,89.9,31.6,1457.0,45.9,13.76,32.2,32.0,32.0,32.4,optimal,optimal,optimal,optimal,optimal,optimal,↓ decreasing,→ stable,→ stable,100.0,✅ EXCELLENT,False,NONE,3.9,0.0,NONE
1779698813.775,80.9,89.9,31.7,1485.0,44.8,13.79,31.7,32.1,31.9,32.4,optimal,optimal,optimal,optimal,optimal,optimal,↓ decreasing,→ stable,→ stable,100.0,✅ EXCELLENT,False,NONE,3.8,0.0,NONE
1779698814.776,78.8,91.0,31.8,1501.0,44.1,13.82,31.7,31.8,31.7,32.2,optimal,optimal,optimal,optimal,optimal,optimal,↓ decreasing,→ stable,→ stable,100.0,✅ EXCELLENT,False,NONE,3.6,0.0,NONE
1779698815.777,82.8,88.8,32.1,1470.0,45.2,13.79,32.0,32.0,32.2,32.2,optimal,optimal,optimal,optimal,optimal,optimal,→ stable,→ stable,→ stable,100.0,✅ EXCELLENT,False,NONE,3.4,0.7,NONE
1779698816.778,81.2,90.0,32.3,1504.0,44.2,13.76,31.8,31.6,31.7,32.0,optimal,optimal,optimal,optimal,optimal,optimal,→ stable,→ stable,→ stable,100.0,✅ EXCELLENT,False,NONE,3.1,0.0,NONE
1779698817.779,81.4,90.4,32.1,1544.0,45.6,13.84,32.4,31.8,32.1,31.9,optimal,optimal,optimal,optimal,optimal,optimal,→ stable,→ stable,→ stable,100.0,✅ EXCELLENT,False,NONE,3.4,0.0,NONE
1779698818.78,78.6,88.9,32.1,1451.0,45.6,13.76,31.7,32.3,31.6,31.8,optimal,optimal,optimal,optimal,optimal,optimal,→ stable,→ stable,→ stable,100.0,✅ EXCELLENT,False,NONE,3.3,0.6,NONE
1779698819.781,78.6,90.6,32.3,1452.0,44.4,13.82,32.0,32.1,31.7,32.1,optimal,optimal,optimal,optimal,optimal,optimal,→ stable,→ stable,→ stable,100.0,✅ EXCELLENT,False,NONE,3.0,0.0,NONE
1779698820.782,78.2,90.7,32.4,1509.0,45.7,13.81,31.8,32.1,32.2,32.3,optimal,optimal,optimal,optimal,optimal,optimal,↑ increasing,→ stable,→ stable,100.0,✅ EXCELLENT,False,NONE,2.9,0.0,NONE
1779698821.783,80.1,89.5,31.9,1454.0,44.9,13.76,31.9,32.0,31.9,32.0,optimal,optimal,optimal,optimal,optimal,optimal,↑ increasing,→ stable,→ stable,100.0,✅ EXCELLENT,False,NONE,3.5,0.1,NONE
1779698822.783,82.4,90.0,32.3,1495.0,44.3,13.75,31.8,32.4,31.9,32.4,optimal,optimal,optimal,optimal,optimal,optimal,↑ increasing,→ stable,→ stable,100.0,✅ EXCELLENT,False,NONE,3.2,0.0,NONE
1779698823.783,79.2,89.3,32.3,1526.0,45.1,13.76,32.2,32.1,31.8,32.4,optimal,optimal,optimal,optimal,optimal,optimal,↑ increasing,→ stable,→ stable,100.0,✅ EXCELLENT,False,NONE,3.1,0.2,NONE
1779698824.784,77.5,90.0,31.9,1539.0,44.3,13.77,31.9,31.6,31.9,32.0,optimal,optimal,optimal,optimal,optimal,optimal,↑ increasing,→ stable,→ stable,100.0,✅ EXCELLENT,False,NONE,3.4,0.0,NONE
1779698825.785,78.9,89.4,31.8,1508.0,45.1,13.8,32.2,31.9,32.1,32.3,optimal,optimal,optimal,optimal,optimal,optimal,→ stable,→ stable,→ stable,100.0,✅ EXCELLENT,False,NONE,3.6,0.2,NONE
1779698826.785,79.4,89.7,31.7,1535.0,44.4,13.8,32.3,31.8,31.7,31.9,optimal,optimal,optimal,optimal,optimal,optimal,→ stable,→ stable,→ stable,100.0,✅ EXCELLENT,False,NONE,3.7,0.0,NONE
1779698827.786,81.8,91.0,32.2,1545.0,45.6,13.76,32.4,32.0,32.1,31.9,optimal,optimal,optimal,optimal,optimal,optimal,→ stable,→ stable,→ stable,100.0,✅ EXCELLENT,False,NONE,3.3,0.0,NONE
1779698828.787,77.4,89.5,31.8,1502.0,44.7,13.78,32.0,32.2,31.8,32.2,optimal,optimal,optimal,optimal,optimal,optimal,→ stable,→ stable,→ stable,100.0,✅ EXCELLENT,False,NONE,3.5,0.1,NONE
1779698829.788,79.7,89.0,32.0,1536.0,45.8,13.83,31.8,32.2,32.2,32.0,optimal,optimal,optimal,optimal,optimal,optimal,→ stable,→ stable,→ stable,100.0,✅ EXCELLENT,False,NONE,3.4,0.5,NONE
1779698830.789,82.2,90.5,31.9,1548.0,45.8,13.82,31.7,32.3,32.1,31.9,optimal,optimal,optimal,optimal,optimal,optimal,→ stable,→ stable,→ stable,100.0,✅ EXCELLENT,False,NONE,3.6,0.0,NONE
1779698831.789,78.7,89.4,31.9,1466.0,44.1,13.79,32.3,31.8,32.2,31.7,optimal,optimal,optimal,optimal,optimal,optimal,→ stable,→ stable,→ stable,100.0,✅ EXCELLENT,False,NONE,3.5,0.2,NONE
1779698832.789,81.0,91.0,31.8,1510.0,45.4,13.84,32.3,31.8,32.1,32.2,optimal,optimal,optimal,optimal,optimal,optimal,↓ decreasing,→ stable,→ stable,100.0,✅ EXCELLENT,False,NONE,3.7,0.0,NONE
1779698833.789,81.9,89.4,32.3,1498.0,45.0,13.8,31.6,32.4,31.7,32.3,optimal,optimal,optimal,optimal,optimal,optimal,→ stable,→ stable,→ stable,100.0,✅ EXCELLENT,False,NONE,3.2,0.2,NONE
1779698834.789,81.8,89.6,31.8,1458.0,44.2,13.81,31.8,32.0,31.8,32.1,optimal,optimal,optimal,optimal,optimal,optimal,→ stable,→ stable,→ stable,100.0,✅ EXCELLENT,False,NONE,3.7,0.1,NONE
1779698835.79,82.6,91.3,32.1,1538.0,45.8,13.8,32.3,31.9,31.9,31.7,optimal,optimal,optimal,optimal,optimal,optimal,↑ increasing,→ stable,→ stable,100.0,✅ EXCELLENT,False,NONE,3.4,0.0,NONE
1779698836.791,81.7,91.5,31.8,1529.0,45.9,13.78,32.0,32.3,32.3,32.0,optimal,optimal,optimal,optimal,optimal,optimal,↑ increasing,→ stable,→ stable,100.0,✅ EXCELLENT,False,NONE,3.7,0.0,NONE
1779698837.791,81.5,90.9,32.0,1504.0,44.3,13.79,32.4,31.8,32.2,32.1,optimal,optimal,optimal,optimal,optimal,optimal,↑ increasing,→ stable,→ stable,100.0,✅ EXCELLENT,False,NONE,3.5,0.0,NONE
1779698838.792,82.4,88.7,32.3,1467.0,44.6,13.78,31.8,31.8,31.8,32.2,optimal,optimal,optimal,optimal,optimal,optimal,↑ increasing,→ stable,→ stable,100.0,✅ EXCELLENT,False,NONE,3.2,0.8,NONE
1779698839.793,78.8,90.5,31.9,1495.0,44.8,13.78,31.7,31.9,31.7,32.3,optimal,optimal,optimal,optimal,optimal,optimal,↑ increasing,→ stable,→ stable,100.0,✅ EXCELLENT,False,NONE,3.5,0.0,NONE
1779698840.794,79.1,89.6,32.1,1495.0,44.1,13.8,32.3,32.2,32.3,32.1,optimal,optimal,optimal,optimal,optimal,optimal,↑ increasing,→ stable,→ stable,100.0,✅ EXCELLENT,False,NONE,3.3,0.1,NONE
1779698841.795,82.5,89.4,31.9,1517.0,45.2,13.83,32.3,31.9,32.3,31.8,optimal,optimal,optimal,optimal,optimal,optimal,↑ increasing,→ stable,→ stable,100.0,✅ EXCELLENT,False,NONE,3.7,0.2,NONE
1779698842.795,80.0,90.0,32.2,1473.0,45.2,13.79,31.6,31.9,32.2,32.3,optimal,optimal,optimal,optimal,optimal,optimal,↑ increasing,→ stable,→ stable,100.0,✅ EXCELLENT,False,NONE,3.2,0.0,NONE
1779698843.796,81.6,88.7,31.8,1519.0,44.6,13.83,31.8,32.3,31.7,31.8,optimal,optimal,optimal,optimal,optimal,optimal,↑ increasing,→ stable,→ stable,100.0,✅ EXCELLENT,False,NONE,3.7,0.8,NONE
1779698844.797,79.2,90.6,31.7,1506.0,44.3,13.79,31.9,31.6,32.4,31.9,optimal,optimal,optimal,optimal,optimal,optimal,↑ increasing,→ stable,→ stable,100.0,✅ EXCELLENT,False,NONE,3.7,0.0,NONE
1779698845.797,77.8,90.6,32.0,1539.0,44.7,13.78,32.3,31.6,32.3,31.9,optimal,optimal,optimal,optimal,optimal,optimal,→ stable,→ stable,→ stable,100.0,✅ EXCELLENT,False,NONE,3.3,0.0,NONE
1779698846.798,77.5,89.2,31.8,1527.0,44.2,13.78,32.2,31.9,31.6,31.9,optimal,optimal,optimal,optimal,optimal,optimal,↓ decreasing,→ stable,→ stable,100.0,✅ EXCELLENT,False,NONE,3.5,0.3,NONE
1779698847.799,79.8,91.4,32.2,1507.0,45.4,13.8,32.3,32.3,31.7,31.9,optimal,optimal,optimal,optimal,optimal,optimal,↓ decreasing,→ stable,→ stable,100.0,✅ EXCELLENT,False,NONE,3.2,0.0,NONE
1779698848.8,81.4,89.4,32.4,1516.0,44.8,13.79,32.2,31.8,31.9,32.1,optimal,optimal,optimal,optimal,optimal,optimal,↓ decreasing,→ stable,→ stable,100.0,✅ EXCELLENT,False,NONE,3.0,0.2,NONE
1779698849.8,80.1,90.6,32.4,1544.0,44.8,13.77,32.3,31.7,32.0,31.8,optimal,optimal,optimal,optimal,optimal,optimal,↓ decreasing,→ stable,→ stable,100.0,✅ EXCELLENT,False,NONE,3.0,0.0,NONE
1779698850.8,77.1,88.8,31.9,1489.0,45.7,13.77,31.8,32.1,32.1,32.3,optimal,optimal,optimal,optimal,optimal,optimal,↓ decreasing,→ stable,→ stable,100.0,✅ EXCELLENT,False,NONE,3.4,0.7,NONE
1779698851.801,77.7,90.1,31.7,1452.0,45.0,13.81,31.8,31.7,32.3,32.2,optimal,optimal,optimal,optimal,optimal,optimal,↓ decreasing,→ stable,→ stable,100.0,✅ EXCELLENT,False,NONE,3.7,0.0,NONE
1779698852.802,78.7,88.9,31.8,1483.0,46.0,13.8,32.0,31.7,31.8,31.7,optimal,optimal,optimal,optimal,optimal,optimal,↓ decreasing,→ stable,→ stable,100.0,✅ EXCELLENT,False,NONE,3.6,0.6,NONE
1779698853.803,80.2,89.7,31.7,1493.0,45.8,13.83,31.7,32.4,32.0,32.0,optimal,optimal,optimal,optimal,optimal,optimal,↓ decreasing,→ stable,→ stable,100.0,✅ EXCELLENT,False,NONE,3.8,0.0,NONE
1779698854.804,79.9,90.3,31.7,1533.0,44.7,13.85,32.4,31.8,32.0,31.6,optimal,optimal,optimal,optimal,optimal,optimal,↓ decreasing,→ stable,→ stable,100.0,✅ EXCELLENT,False,NONE,3.8,0.0,NONE
1779698855.805,79.1,88.6,31.9,1463.0,45.7,13.84,32.0,31.7,31.7,32.2,optimal,optimal,optimal,optimal,optimal,optimal,↓ decreasing,→ stable,→ stable,100.0,✅ EXCELLENT,False,NONE,3.5,1.0,NONE
1779698856.806,81.6,88.6,32.3,1492.0,45.0,13.81,32.3,32.0,32.4,31.9,optimal,optimal,optimal,optimal,optimal,optimal,→ stable,→ stable,→ stable,100.0,✅ EXCELLENT,False,NONE,3.1,1.0,NONE
1779698857.807,79.5,90.2,32.1,1550.0,45.2,13.77,31.7,32.3,32.0,31.6,optimal,optimal,optimal,optimal,optimal,optimal,→ stable,→ stable,→ stable,100.0,✅ EXCELLENT,False,NONE,3.3,0.0,NONE
1779698858.807,79.2,90.8,32.3,1492.0,44.7,13.85,32.2,31.6,32.2,32.4,optimal,optimal,optimal,optimal,optimal,optimal,→ stable,→ stable,→ stable,100.0,✅ EXCELLENT,False,NONE,3.1,0.0,NONE
1779698859.808,81.0,90.9,31.7,1511.0,45.5,13.83,31.7,31.6,31.8,32.2,optimal,optimal,optimal,optimal,optimal,optimal,→ stable,→ stable,→ stable,100.0,✅ EXCELLENT,False,NONE,3.8,0.0,NONE
1779698860.809,78.5,88.7,31.8,1469.0,44.3,13.79,31.8,31.6,32.4,32.1,optimal,optimal,optimal,optimal,optimal,optimal,→ stable,→ stable,→ stable,100.0,✅ EXCELLENT,False,NONE,3.6,0.8,NONE
1779698861.809,82.8,89.8,32.3,1509.0,44.3,13.84,32.0,31.9,31.7,31.7,optimal,optimal,optimal,optimal,optimal,optimal,↑ increasing,→ stable,→ stable,100.0,✅ EXCELLENT,False,NONE,3.2,0.0,NONE
1779698862.811,81.8,89.5,32.3,1546.0,45.3,13.83,31.9,32.2,32.1,32.1,optimal,optimal,optimal,optimal,optimal,optimal,↑ increasing,→ stable,→ stable,100.0,✅ EXCELLENT,False,NONE,3.2,0.1,NONE
1779698863.812,80.8,89.0,32.0,1497.0,46.0,13.75,31.8,31.9,31.8,31.8,optimal,optimal,optimal,optimal,optimal,optimal,↑ increasing,→ stable,→ stable,100.0,✅ EXCELLENT,False,NONE,3.5,0.5,NONE
1779698864.813,82.4,90.8,31.6,1515.0,44.9,13.85,32.0,32.3,31.7,32.2,optimal,optimal,optimal,optimal,optimal,optimal,↑ increasing,→ stable,→ stable,100.0,✅ EXCELLENT,False,NONE,4.0,0.0,NONE
1779698865.813,79.1,90.6,32.3,1520.0,45.0,13.79,32.0,31.9,31.7,31.8,optimal,optimal,optimal,optimal,optimal,optimal,↑ increasing,→ stable,→ stable,100.0,✅ EXCELLENT,False,NONE,3.1,0.0,NONE
1779698866.814,81.2,88.7,32.0,1494.0,44.6,13.77,32.0,32.4,31.6,31.9,optimal,optimal,optimal,optimal,optimal,optimal,↑ increasing,→ stable,→ stable,100.0,✅ EXCELLENT,False,NONE,3.5,0.8,NONE
1779698867.815,81.4,89.0,31.9,1512.0,45.6,13.75,32.1,32.2,31.9,31.9,optimal,optimal,optimal,optimal,optimal,optimal,↑ increasing,→ stable,→ stable,100.0,✅ EXCELLENT,False,NONE,3.6,0.5,NONE
1779698868.816,82.3,89.2,32.1,1494.0,45.5,13.82,31.9,31.8,31.9,31.7,optimal,optimal,optimal,optimal,optimal,optimal,↑ increasing,→ stable,→ stable,100.0,✅ EXCELLENT,False,NONE,3.4,0.3,NONE
1779698869.817,81.9,90.6,32.2,1455.0,45.3,13.84,32.4,32.1,32.1,31.9,optimal,optimal,optimal,optimal,optimal,optimal,↑ increasing,→ stable,→ stable,100.0,✅ EXCELLENT,False,NONE,3.3,0.0,NONE
1779698870.818,82.7,89.5,32.0,1538.0,44.5,13.78,32.2,31.7,32.2,31.9,optimal,optimal,optimal,optimal,optimal,optimal,↑ increasing,→ stable,→ stable,100.0,✅ EXCELLENT,False,NONE,3.5,0.1,NONE
1779698871.819,81.8,90.3,31.8,1470.0,45.2,13.81,31.9,32.3,31.9,31.6,optimal,optimal,optimal,optimal,optimal,optimal,↑ increasing,→ stable,→ stable,100.0,✅ EXCELLENT,False,NONE,3.7,0.0,NONE
1779698872.82,80.8,89.9,32.2,1462.0,45.5,13.78,32.0,32.3,31.9,31.8,optimal,optimal,optimal,optimal,optimal,optimal,↑ increasing,→ stable,→ stable,100.0,✅ EXCELLENT,False,NONE,3.2,0.0,NONE
1779698873.821,81.8,91.2,32.3,1492.0,46.0,13.81,32.0,32.4,31.7,32.3,optimal,optimal,optimal,optimal,optimal,optimal,↑ increasing,→ stable,→ stable,100.0,✅ EXCELLENT,False,NONE,3.2,0.0,NONE
1779698874.822,79.0,89.8,31.9,1511.0,45.7,13.76,31.9,32.4,32.4,32.4,optimal,optimal,optimal,optimal,optimal,optimal,↑ increasing,→ stable,→ stable,100.0,✅ EXCELLENT,False,NONE,3.5,0.0,NONE
1779698875.822,80.8,91.3,32.0,1481.0,45.0,13.83,32.2,32.3,31.7,32.0,optimal,optimal,optimal,optimal,optimal,optimal,↑ increasing,→ stable,→ stable,100.0,✅ EXCELLENT,False,NONE,3.5,0.0,NONE
1779698876.823,78.0,91.5,32.3,1469.0,44.9,13.84,32.2,31.8,32.3,31.6,optimal,optimal,optimal,optimal,optimal,optimal,→ stable,→ stable,→ stable,100.0,✅ EXCELLENT,False,NONE,3.0,0.0,NONE
1779698877.824,78.6,91.0,31.9,1512.0,44.9,13.78,31.9,31.7,31.6,31.8,optimal,optimal,optimal,optimal,optimal,optimal,→ stable,↑ increasing,→ stable,100.0,✅ EXCELLENT,False,NONE,3.5,0.0,NONE
1779698878.825,80.9,89.9,31.7,1531.0,45.4,13.78,32.2,31.7,31.8,32.2,optimal,optimal,optimal,optimal,optimal,optimal,→ stable,↑ increasing,→ stable,100.0,✅ EXCELLENT,False,NONE,3.8,0.0,NONE
1779698879.826,78.4,91.3,31.8,1484.0,44.1,13.82,32.4,32.3,31.9,32.4,optimal,optimal,optimal,optimal,optimal,optimal,↓ decreasing,↑ increasing,→ stable,100.0,✅ EXCELLENT,False,NONE,3.6,0.0,NONE
1779698880.826,81.2,91.2,32.2,1542.0,45.5,13.82,32.0,32.1,31.7,31.8,optimal,optimal,optimal,optimal,optimal,optimal,↓ decreasing,↑ increasing,→ stable,100.0,✅ EXCELLENT,False,NONE,3.2,0.0,NONE
1779698881.827,78.2,90.2,31.8,1488.0,45.5,13.8,32.2,31.7,31.7,32.1,optimal,optimal,optimal,optimal,optimal,optimal,↓ decreasing,↑ increasing,→ stable,100.0,✅ EXCELLENT,False,NONE,3.6,0.0,NONE
1779698882.828,80.5,90.6,32.2,1465.0,44.2,13.8,32.3,31.6,32.1,32.1,optimal,optimal,optimal,optimal,optimal,optimal,↓ decreasing,↑ increasing,→ stable,100.0,✅ EXCELLENT,False,NONE,3.2,0.0,NONE
1779698883.83,77.6,90.4,31.9,1527.0,45.4,13.78,31.9,32.3,31.6,32.2,optimal,optimal,optimal,optimal,optimal,optimal,↓ decreasing,↑ increasing,→ stable,100.0,✅ EXCELLENT,False,NONE,3.4,0.0,NONE
1779698884.831,78.2,90.6,31.9,1453.0,45.9,13.77,32.0,31.6,31.7,31.7,optimal,optimal,optimal,optimal,optimal,optimal,↓ decreasing,↑ increasing,→ stable,100.0,✅ EXCELLENT,False,NONE,3.5,0.0,NONE
1779698885.832,80.7,89.5,32.2,1537.0,45.6,13.82,32.1,31.8,31.9,31.9,optimal,optimal,optimal,optimal,optimal,optimal,↓ decreasing,↑ increasing,→ stable,100.0,✅ EXCELLENT,False,NONE,3.2,0.1,NONE
1779698886.834,77.9,90.1,32.2,1520.0,45.1,13.83,31.8,31.7,32.1,32.2,optimal,optimal,optimal,optimal,optimal,optimal,↓ decreasing,→ stable,→ stable,100.0,✅ EXCELLENT,False,NONE,3.1,0.0,NONE
1779698887.835,77.7,90.9,31.8,1530.0,44.2,13.83,32.4,31.7,32.0,32.1,optimal,optimal,optimal,optimal,optimal,optimal,↓ decreasing,→ stable,→ stable,100.0,✅ EXCELLENT,False,NONE,3.6,0.0,NONE
1779698888.836,78.7,90.5,31.9,1528.0,44.1,13.81,32.1,31.6,32.3,31.8,optimal,optimal,optimal,optimal,optimal,optimal,↓ decreasing,→ stable,→ stable,100.0,✅ EXCELLENT,False,NONE,3.5,0.0,NONE
1779698889.837,81.0,90.2,31.7,1538.0,44.7,13.77,32.0,31.8,32.3,32.0,optimal,optimal,optimal,optimal,optimal,optimal,↓ decreasing,→ stable,→ stable,100.0,✅ EXCELLENT,False,NONE,3.8,0.0,NONE
1779698890.838,80.4,90.4,32.2,1465.0,44.7,13.82,32.1,32.2,32.2,32.1,optimal,optimal,optimal,optimal,optimal,optimal,↓ decreasing,→ stable,→ stable,100.0,✅ EXCELLENT,False,NONE,3.2,0.0,NONE
1779698891.839,80.2,90.1,32.3,1537.0,45.6,13.82,32.0,31.9,31.6,31.8,optimal,optimal,optimal,optimal,optimal,optimal,→ stable,→ stable,→ stable,100.0,✅ EXCELLENT,False,NONE,3.1,0.0,NONE
1779698892.839,79.8,90.1,32.3,1529.0,44.5,13.79,32.2,31.7,32.1,32.0,optimal,optimal,optimal,optimal,optimal,optimal,↓ decreasing,↓ decreasing,→ stable,100.0,✅ EXCELLENT,False,NONE,3.1,0.0,NONE
1779698893.839,77.1,89.8,31.9,1500.0,44.4,13.82,31.6,31.8,32.1,31.7,optimal,optimal,optimal,optimal,optimal,optimal,→ stable,→ stable,→ stable,100.0,✅ EXCELLENT,False,NONE,3.4,0.0,NONE
1779698894.839,78.4,91.3,32.0,1485.0,45.4,13.84,31.9,31.8,32.3,31.9,optimal,optimal,optimal,optimal,optimal,optimal,→ stable,↓ decreasing,→ stable,100.0,✅ EXCELLENT,False,NONE,3.4,0.0,NONE
1779698895.839,80.9,90.3,31.9,1504.0,45.4,13.8,31.8,32.3,31.6,32.1,optimal,optimal,optimal,optimal,optimal,optimal,→ stable,→ stable,→ stable,100.0,✅ EXCELLENT,False,NONE,3.6,0.0,NONE
1779698896.841,78.9,89.3,32.3,1493.0,44.3,13.76,32.3,32.1,31.9,32.3,optimal,optimal,optimal,optimal,optimal,optimal,→ stable,→ stable,→ stable,100.0,✅ EXCELLENT,False,NONE,3.0,0.2,NONE
1779698897.842,79.3,89.2,32.1,1481.0,45.0,13.84,32.3,32.3,31.9,31.8,optimal,optimal,optimal,optimal,optimal,optimal,→ stable,→ stable,→ stable,100.0,✅ EXCELLENT,False,NONE,3.3,0.3,NONE
1779698898.843,79.3,89.9,32.0,1519.0,44.8,13.84,32.4,32.1,31.9,32.2,optimal,optimal,optimal,optimal,optimal,optimal,↑ increasing,→ stable,→ stable,100.0,✅ EXCELLENT,False,NONE,3.4,0.0,NONE
1779698899.844,80.0,89.1,32.2,1459.0,44.1,13.81,32.4,32.3,32.4,32.0,optimal,optimal,optimal,optimal,optimal,optimal,→ stable,→ stable,→ stable,100.0,✅ EXCELLENT,False,NONE,3.2,0.4,NONE
1779698900.845,77.7,90.0,31.8,1488.0,44.2,13.85,32.2,31.8,32.0,31.8,optimal,optimal,optimal,optimal,optimal,optimal,→ stable,→ stable,→ stable,100.0,✅ EXCELLENT,False,NONE,3.6,0.0,NONE
1779698901.845,79.0,90.0,32.2,1548.0,45.0,13.8,32.1,32.3,31.8,32.0,optimal,optimal,optimal,optimal,optimal,optimal,→ stable,→ stable,→ stable,100.0,✅ EXCELLENT,False,NONE,3.2,0.0,NONE
1779698902.847,77.3,89.1,31.8,1514.0,45.6,13.84,32.3,31.7,32.2,32.0,optimal,optimal,optimal,optimal,optimal,optimal,→ stable,→ stable,→ stable,100.0,✅ EXCELLENT,False,NONE,3.5,0.4,NONE
1779698903.847,81.0,90.4,31.9,1472.0,44.4,13.75,32.1,32.1,32.1,31.7,optimal,optimal,optimal,optimal,optimal,optimal,→ stable,→ stable,→ stable,100.0,✅ EXCELLENT,False,NONE,3.6,0.0,NONE
1779698904.848,77.1,91.2,31.7,1526.0,44.5,13.8,31.7,32.2,32.2,31.7,optimal,optimal,optimal,optimal,optimal,optimal,→ stable,→ stable,→ stable,100.0,✅ EXCELLENT,False,NONE,3.6,0.0,NONE
1779698905.849,77.3,88.7,31.9,1489.0,45.4,13.76,32.2,31.8,31.6,32.3,optimal,optimal,optimal,optimal,optimal,optimal,↓ decreasing,↓ decreasing,→ stable,100.0,✅ EXCELLENT,False,NONE,3.4,0.8,NONE
1779698906.85,80.9,89.3,31.7,1462.0,44.1,13.79,32.1,32.3,32.1,32.2,optimal,optimal,optimal,optimal,optimal,optimal,→ stable,↓ decreasing,→ stable,100.0,✅ EXCELLENT,False,NONE,3.8,0.2,NONE
1779698907.85,78.1,89.2,32.2,1494.0,44.1,13.77,31.7,32.2,31.9,31.8,optimal,optimal,optimal,optimal,optimal,optimal,↓ decreasing,→ stable,→ stable,100.0,✅ EXCELLENT,False,NONE,3.1,0.3,NONE
1779698908.85,82.2,89.7,32.3,1548.0,45.7,13.77,31.6,32.1,31.8,32.0,optimal,optimal,optimal,optimal,optimal,optimal,→ stable,→ stable,→ stable,100.0,✅ EXCELLENT,False,NONE,3.2,0.0,NONE
1779698909.852,81.4,90.1,32.0,1539.0,45.0,13.84,31.9,31.6,32.3,32.3,optimal,optimal,optimal,optimal,optimal,optimal,→ stable,→ stable,→ stable,100.0,✅ EXCELLENT,False,NONE,3.5,0.0,NONE
1779698910.853,78.1,91.4,31.9,1459.0,45.8,13.81,32.3,32.2,32.2,31.7,optimal,optimal,optimal,optimal,optimal,optimal,→ stable,→ stable,→ stable,100.0,✅ EXCELLENT,False,NONE,3.5,0.0,NONE
1779698911.854,81.7,88.6,31.9,1509.0,44.2,13.76,31.6,31.9,32.2,32.2,optimal,optimal,optimal,optimal,optimal,optimal,→ stable,→ stable,→ stable,100.0,✅ EXCELLENT,False,NONE,3.6,1.0,NONE
1779698912.854,81.3,91.4,32.0,1546.0,45.8,13.78,31.8,32.1,32.0,31.6,optimal,optimal,optimal,optimal,optimal,optimal,↑ increasing,→ stable,→ stable,100.0,✅ EXCELLENT,False,NONE,3.5,0.0,NONE
1779698913.855,78.0,88.6,32.2,1521.0,45.0,13.76,31.7,32.0,32.2,31.9,optimal,optimal,optimal,optimal,optimal,optimal,→ stable,→ stable,→ stable,100.0,✅ EXCELLENT,False,NONE,3.1,1.0,NONE
1779698914.856,77.9,88.6,31.7,1452.0,44.5,13.83,31.9,32.1,32.2,32.0,optimal,optimal,optimal,optimal,optimal,optimal,↑ increasing,→ stable,→ stable,100.0,✅ EXCELLENT,False,NONE,3.7,1.0,NONE
1779698915.857,77.5,91.0,32.1,1521.0,44.5,13.79,31.7,32.4,31.7,31.8,optimal,optimal,optimal,optimal,optimal,optimal,↑ increasing,→ stable,→ stable,100.0,✅ EXCELLENT,False,NONE,3.2,0.0,NONE
1779698916.857,80.9,89.7,32.1,1480.0,44.5,13.82,31.8,32.0,31.9,32.0,optimal,optimal,optimal,optimal,optimal,optimal,↑ increasing,→ stable,→ stable,100.0,✅ EXCELLENT,False,NONE,3.4,0.0,NONE
1779698917.858,80.1,90.0,32.0,1531.0,44.4,13.83,32.1,32.3,31.7,31.7,optimal,optimal,optimal,optimal,optimal,optimal,↑ increasing,→ stable,→ stable,100.0,✅ EXCELLENT,False,NONE,3.4,0.0,NONE
1779698918.859,81.2,90.6,31.8,1528.0,44.1,13.78,32.1,32.4,32.3,31.6,optimal,optimal,optimal,optimal,optimal,optimal,↑ increasing,→ stable,→ stable,100.0,✅ EXCELLENT,False,NONE,3.7,0.0,NONE
1779698919.86,77.0,90.5,31.7,1498.0,45.9,13.85,32.1,31.8,32.0,32.1,optimal,optimal,optimal,optimal,optimal,optimal,→ stable,→ stable,→ stable,100.0,✅ EXCELLENT,False,NONE,3.6,0.0,NONE
1779698920.861,78.1,91.3,32.1,1504.0,46.0,13.77,32.1,32.2,32.3,31.6,optimal,optimal,optimal,optimal,optimal,optimal,→ stable,→ stable,→ stable,100.0,✅ EXCELLENT,False,NONE,3.2,0.0,NONE
1779698921.862,82.7,90.2,32.1,1546.0,45.2,13.77,32.3,32.0,32.1,32.0,optimal,optimal,optimal,optimal,optimal,optimal,→ stable,→ stable,→ stable,100.0,✅ EXCELLENT,False,NONE,3.4,0.0,NONE
1779698922.863,81.6,88.8,32.0,1509.0,44.4,13.85,31.8,32.2,31.8,32.1,optimal,optimal,optimal,optimal,optimal,optimal,→ stable,→ stable,→ stable,100.0,✅ EXCELLENT,False,NONE,3.5,0.7,NONE
1779698923.864,82.4,89.3,31.8,1472.0,44.3,13.85,32.3,32.2,32.0,32.2,optimal,optimal,optimal,optimal,optimal,optimal,→ stable,→ stable,→ stable,100.0,✅ EXCELLENT,False,NONE,3.8,0.2,NONE
1779698924.865,78.6,89.3,32.0,1470.0,46.0,13.78,31.9,32.0,32.1,32.1,optimal,optimal,optimal,optimal,optimal,optimal,→ stable,↑ increasing,→ stable,100.0,✅ EXCELLENT,False,NONE,3.4,0.2,NONE
1779698925.866,79.6,89.8,32.4,1478.0,44.8,13.85,32.1,31.9,31.8,32.2,optimal,optimal,optimal,optimal,optimal,optimal,↑ increasing,→ stable,→ stable,100.0,✅ EXCELLENT,False,NONE,3.0,0.0,NONE
1779698926.867,79.5,89.8,32.2,1519.0,44.9,13.76,31.8,32.2,32.3,31.8,optimal,optimal,optimal,optimal,optimal,optimal,→ stable,→ stable,→ stable,100.0,✅ EXCELLENT,False,NONE,3.2,0.0,NONE
1779698927.868,77.5,90.9,32.3,1488.0,44.8,13.78,31.9,32.0,31.9,32.0,optimal,optimal,optimal,optimal,optimal,optimal,→ stable,→ stable,→ stable,100.0,✅ EXCELLENT,False,NONE,3.0,0.0,NONE
1779698928.87,79.6,89.1,31.7,1457.0,44.6,13.83,31.6,31.9,32.3,32.2,optimal,optimal,optimal,optimal,optimal,optimal,→ stable,→ stable,→ stable,100.0,✅ EXCELLENT,False,NONE,3.8,0.4,NONE
1779698929.871,78.9,91.1,32.0,1458.0,44.6,13.79,32.3,31.8,31.6,32.0,optimal,optimal,optimal,optimal,optimal,optimal,→ stable,→ stable,→ stable,100.0,✅ EXCELLENT,False,NONE,3.4,0.0,NONE
1779698930.872,79.1,90.5,31.8,1482.0,44.3,13.79,31.9,31.7,31.8,32.2,optimal,optimal,optimal,optimal,optimal,optimal,↑ increasing,→ stable,→ stable,100.0,✅ EXCELLENT,False,NONE,3.6,0.0,NONE
1779698931.872,77.2,89.1,31.9,1514.0,44.1,13.85,32.2,31.8,32.1,32.0,optimal,optimal,optimal,optimal,optimal,optimal,→ stable,→ stable,→ stable,100.0,✅ EXCELLENT,False,NONE,3.4,0.4,NONE
1779698932.872,79.8,91.4,31.7,1508.0,44.3,13.78,31.8,31.8,31.6,32.2,optimal,optimal,optimal,optimal,optimal,optimal,→ stable,→ stable,→ stable,100.0,✅ EXCELLENT,False,NONE,3.8,0.0,NONE
1779698933.874,81.5,90.6,32.0,1473.0,44.0,13.75,31.7,31.7,31.7,31.8,optimal,optimal,optimal,optimal,optimal,optimal,↓ decreasing,→ stable,→ stable,100.0,✅ EXCELLENT,False,NONE,3.5,0.0,NONE
1779698934.875,82.7,90.8,32.2,1535.0,45.9,13.81,31.9,31.6,31.8,31.8,optimal,optimal,optimal,optimal,optimal,optimal,→ stable,→ stable,→ stable,100.0,✅ EXCELLENT,False,NONE,3.3,0.0,NONE
1779698935.876,78.3,90.1,31.9,1523.0,45.2,13.78,31.6,31.7,32.0,32.4,optimal,optimal,optimal,optimal,optimal,optimal,↓ decreasing,→ stable,→ stable,100.0,✅ EXCELLENT,False,NONE,3.5,0.0,NONE
1779698936.877,82.8,89.8,32.0,1547.0,44.6,13.79,32.0,31.7,32.3,31.7,optimal,optimal,optimal,optimal,optimal,optimal,→ stable,→ stable,→ stable,100.0,✅ EXCELLENT,False,NONE,3.5,0.0,NONE
1779698937.878,81.4,89.5,32.2,1457.0,45.3,13.81,31.8,31.8,32.3,31.9,optimal,optimal,optimal,optimal,optimal,optimal,→ stable,→ stable,→ stable,100.0,✅ EXCELLENT,False,NONE,3.3,0.1,NONE
1779698938.879,81.4,90.4,32.2,1529.0,45.9,13.85,31.9,32.3,32.1,32.2,optimal,optimal,optimal,optimal,optimal,optimal,↑ increasing,→ stable,→ stable,100.0,✅ EXCELLENT,False,NONE,3.3,0.0,NONE
1779698939.88,78.6,88.8,31.8,1464.0,45.7,13.82,32.4,32.0,32.2,32.4,optimal,optimal,optimal,optimal,optimal,optimal,→ stable,→ stable,→ stable,100.0,✅ EXCELLENT,False,NONE,3.6,0.7,NONE
1779698940.881,82.3,88.5,32.4,1467.0,44.4,13.8,32.3,32.4,31.9,31.7,optimal,optimal,optimal,optimal,optimal,optimal,↑ increasing,→ stable,→ stable,100.0,✅ EXCELLENT,False,NONE,3.1,1.1,NONE
1779698941.883,78.0,90.6,31.7,1486.0,45.7,13.77,32.0,32.0,32.3,31.6,optimal,optimal,optimal,optimal,optimal,optimal,↑ increasing,→ stable,→ stable,100.0,✅ EXCELLENT,False,NONE,3.7,0.0,NONE
1779698942.884,78.1,91.4,32.1,1539.0,44.6,13.78,32.1,31.7,32.2,31.8,optimal,optimal,optimal,optimal,optimal,optimal,↑ increasing,→ stable,→ stable,100.0,✅ EXCELLENT,False,NONE,3.2,0.0,NONE
1779698943.885,78.3,90.2,32.2,1546.0,44.6,13.82,31.8,32.1,31.8,31.9,optimal,optimal,optimal,optimal,optimal,optimal,↑ increasing,→ stable,→ stable,100.0,✅ EXCELLENT,False,NONE,3.1,0.0,NONE
1779698944.885,82.8,90.2,32.0,1530.0,45.1,13.79,31.7,32.1,32.2,32.3,optimal,optimal,optimal,optimal,optimal,optimal,↑ increasing,→ stable,→ stable,100.0,✅ EXCELLENT,False,NONE,3.5,0.0,NONE
1779698945.886,79.3,90.5,31.9,1511.0,45.8,13.76,32.0,31.8,31.7,32.4,optimal,optimal,optimal,optimal,optimal,optimal,↑ increasing,→ stable,→ stable,100.0,✅ EXCELLENT,False,NONE,3.5,0.0,NONE
1779698946.886,78.5,90.0,31.9,1467.0,44.2,13.78,32.0,31.9,32.1,32.1,optimal,optimal,optimal,optimal,optimal,optimal,→ stable,→ stable,→ stable,100.0,✅ EXCELLENT,False,NONE,3.5,0.0,NONE
1779698947.886,77.7,91.1,31.6,1508.0,44.4,13.84,32.2,32.3,31.9,31.8,optimal,optimal,optimal,optimal,optimal,optimal,↓ decreasing,→ stable,→ stable,100.0,✅ EXCELLENT,False,NONE,3.8,0.0,NONE
1779698948.887,77.6,89.8,32.2,1455.0,45.5,13.84,31.6,31.6,32.3,32.3,optimal,optimal,optimal,optimal,optimal,optimal,↓ decreasing,→ stable,→ stable,100.0,✅ EXCELLENT,False,NONE,3.1,0.0,NONE
1779698949.888,80.4,90.5,31.7,1522.0,44.5,13.77,32.0,32.2,32.2,32.0,optimal,optimal,optimal,optimal,optimal,optimal,↓ decreasing,→ stable,→ stable,100.0,✅ EXCELLENT,False,NONE,3.8,0.0,NONE
1779698950.889,79.8,91.0,31.8,1458.0,44.0,13.81,32.3,32.0,32.2,32.0,optimal,optimal,optimal,optimal,optimal,optimal,↓ decreasing,↑ increasing,→ stable,100.0,✅ EXCELLENT,False,NONE,3.6,0.0,NONE
1779698951.889,82.9,88.8,32.0,1547.0,45.8,13.82,31.7,31.9,31.8,32.0,optimal,optimal,optimal,optimal,optimal,optimal,↓ decreasing,→ stable,→ stable,100.0,✅ EXCELLENT,False,NONE,3.6,0.7,NONE
1779698952.89,81.7,89.9,31.8,1516.0,45.7,13.82,32.2,32.1,31.9,32.0,optimal,optimal,optimal,optimal,optimal,optimal,↓ decreasing,→ stable,→ stable,100.0,✅ EXCELLENT,False,NONE,3.7,0.0,NONE
1779698953.891,79.0,90.6,32.3,1481.0,45.4,13.83,32.3,31.9,31.8,31.9,optimal,optimal,optimal,optimal,optimal,optimal,→ stable,→ stable,→ stable,100.0,✅ EXCELLENT,False,NONE,3.0,0.0,NONE
1779698954.892,80.4,89.1,32.4,1518.0,44.5,13.83,31.9,31.9,32.3,32.1,optimal,optimal,optimal,optimal,optimal,optimal,→ stable,→ stable,→ stable,100.0,✅ EXCELLENT,False,NONE,3.0,0.4,NONE
1779698955.893,79.5,91.2,31.9,1536.0,45.2,13.8,31.7,32.0,32.4,32.1,optimal,optimal,optimal,optimal,optimal,optimal,↓ decreasing,→ stable,→ stable,100.0,✅ EXCELLENT,False,NONE,3.5,0.0,NONE
1779698956.894,79.4,89.5,32.3,1546.0,45.9,13.82,32.0,31.7,31.8,32.3,optimal,optimal,optimal,optimal,optimal,optimal,→ stable,→ stable,→ stable,100.0,✅ EXCELLENT,False,NONE,3.1,0.1,NONE
1779698957.894,79.3,89.6,31.6,1515.0,45.7,13.75,31.7,31.7,31.9,32.3,optimal,optimal,optimal,optimal,optimal,optimal,→ stable,→ stable,→ stable,100.0,✅ EXCELLENT,False,NONE,3.9,0.1,NONE
1779698958.896,81.4,89.8,31.6,1453.0,45.9,13.8,32.2,32.2,31.8,32.1,optimal,optimal,optimal,optimal,optimal,optimal,↑ increasing,→ stable,→ stable,100.0,✅ EXCELLENT,False,NONE,4.0,0.0,NONE
1779698959.897,77.8,90.0,32.2,1523.0,44.0,13.77,31.7,32.0,31.7,32.3,optimal,optimal,optimal,optimal,optimal,optimal,↑ increasing,→ stable,→ stable,100.0,✅ EXCELLENT,False,NONE,3.1,0.0,NONE
1779698960.898,77.1,90.1,31.7,1549.0,44.8,13.77,32.3,32.1,32.0,32.0,optimal,optimal,optimal,optimal,optimal,optimal,↑ increasing,↓ decreasing,→ stable,100.0,✅ EXCELLENT,False,NONE,3.6,0.0,NONE
1779698961.899,83.0,90.5,31.7,1468.0,44.5,13.77,32.0,32.1,32.1,31.7,optimal,optimal,optimal,optimal,optimal,optimal,→ stable,→ stable,→ stable,100.0,✅ EXCELLENT,False,NONE,3.9,0.0,NONE
1779698962.899,81.1,91.2,31.7,1470.0,44.2,13.79,31.7,31.8,31.9,31.8,optimal,optimal,optimal,optimal,optimal,optimal,→ stable,→ stable,→ stable,100.0,✅ EXCELLENT,False,NONE,3.8,0.0,NONE
1779698963.899,82.6,91.0,31.6,1539.0,44.6,13.8,31.8,32.0,32.2,31.8,optimal,optimal,optimal,optimal,optimal,optimal,→ stable,→ stable,→ stable,100.0,✅ EXCELLENT,False,NONE,4.0,0.0,NONE
1779698964.901,81.7,89.9,31.8,1532.0,44.1,13.78,31.8,32.0,32.2,32.4,optimal,optimal,optimal,optimal,optimal,optimal,↑ increasing,→ stable,→ stable,100.0,✅ EXCELLENT,False,NONE,3.7,0.0,NONE
1779698965.902,77.9,89.1,31.7,1500.0,44.2,13.82,32.4,32.1,31.6,31.7,optimal,optimal,optimal,optimal,optimal,optimal,→ stable,→ stable,→ stable,100.0,✅ EXCELLENT,False,NONE,3.7,0.4,NONE
1779698966.903,81.0,89.6,31.6,1485.0,45.8,13.83,32.3,32.2,32.4,31.7,optimal,optimal,optimal,optimal,optimal,optimal,→ stable,→ stable,→ stable,100.0,✅ EXCELLENT,False,NONE,3.9,0.1,NONE
1779698967.903,82.5,91.0,32.3,1531.0,45.4,13.82,32.2,32.4,32.0,31.7,optimal,optimal,optimal,optimal,optimal,optimal,↑ increasing,→ stable,→ stable,100.0,✅ EXCELLENT,False,NONE,3.2,0.0,NONE
1779698968.903,82.0,89.1,32.0,1481.0,45.7,13.8,32.1,31.7,31.7,31.9,optimal,optimal,optimal,optimal,optimal,optimal,→ stable,→ stable,→ stable,100.0,✅ EXCELLENT,False,NONE,3.5,0.4,NONE
1779698969.903,77.0,90.0,31.6,1534.0,44.7,13.83,31.7,32.1,32.0,32.0,optimal,optimal,optimal,optimal,optimal,optimal,→ stable,→ stable,→ stable,100.0,✅ EXCELLENT,False,NONE,3.7,0.0,NONE
1779698970.904,81.2,90.2,32.1,1479.0,45.9,13.79,32.3,31.7,32.3,32.2,optimal,optimal,optimal,optimal,optimal,optimal,↑ increasing,→ stable,→ stable,100.0,✅ EXCELLENT,False,NONE,3.4,0.0,NONE
1779698971.905,80.8,90.8,31.6,1545.0,46.0,13.78,32.4,32.1,32.2,31.6,optimal,optimal,optimal,optimal,optimal,optimal,↑ increasing,→ stable,→ stable,100.0,✅ EXCELLENT,False,NONE,3.9,0.0,NONE
1779698972.906,82.4,89.0,31.6,1550.0,45.2,13.81,32.3,32.0,32.1,32.0,optimal,optimal,optimal,optimal,optimal,optimal,↑ increasing,→ stable,→ stable,100.0,✅ EXCELLENT,False,NONE,4.0,0.5,NONE
1779698973.906,82.5,91.3,31.6,1542.0,44.1,13.77,31.9,32.3,31.8,32.2,optimal,optimal,optimal,optimal,optimal,optimal,↑ increasing,→ stable,→ stable,100.0,✅ EXCELLENT,False,NONE,4.0,0.0,NONE
1779698974.908,83.0,90.6,31.7,1520.0,44.1,13.77,32.2,32.0,31.8,32.3,optimal,optimal,optimal,optimal,optimal,optimal,↑ increasing,→ stable,→ stable,100.0,✅ EXCELLENT,False,NONE,3.9,0.0,NONE
1779698975.909,79.3,91.2,32.2,1539.0,45.5,13.81,32.2,32.3,32.0,32.1,optimal,optimal,optimal,optimal,optimal,optimal,↑ increasing,→ stable,→ stable,100.0,✅ EXCELLENT,False,NONE,3.2,0.0,NONE
1779698976.909,79.8,89.2,32.3,1479.0,44.1,13.84,32.1,31.7,32.2,31.9,optimal,optimal,optimal,optimal,optimal,optimal,↑ increasing,→ stable,→ stable,100.0,✅ EXCELLENT,False,NONE,3.1,0.3,NONE
1779698977.91,77.7,90.3,32.0,1498.0,46.0,13.82,31.8,32.2,32.1,31.9,optimal,optimal,optimal,optimal,optimal,optimal,→ stable,→ stable,→ stable,100.0,✅ EXCELLENT,False,NONE,3.3,0.0,NONE
1779698978.911,81.4,89.9,31.6,1473.0,44.1,13.83,32.3,32.0,32.2,32.0,optimal,optimal,optimal,optimal,optimal,optimal,→ stable,→ stable,→ stable,100.0,✅ EXCELLENT,False,NONE,4.0,0.0,NONE
1779698979.912,78.5,88.9,32.1,1495.0,45.1,13.84,31.7,32.2,31.7,32.1,optimal,optimal,optimal,optimal,optimal,optimal,→ stable,→ stable,→ stable,100.0,✅ EXCELLENT,False,NONE,3.3,0.6,NONE
1779698980.913,81.4,89.2,32.3,1535.0,44.9,13.82,31.7,32.3,31.9,32.1,optimal,optimal,optimal,optimal,optimal,optimal,→ stable,→ stable,→ stable,100.0,✅ EXCELLENT,False,NONE,3.1,0.3,NONE
1779698981.914,81.3,89.4,32.2,1454.0,44.6,13.76,32.3,32.3,31.9,32.3,optimal,optimal,optimal,optimal,optimal,optimal,→ stable,→ stable,→ stable,100.0,✅ EXCELLENT,False,NONE,3.3,0.2,NONE
1779698982.914,80.5,90.9,32.0,1523.0,45.1,13.76,32.1,31.7,31.7,31.6,optimal,optimal,optimal,optimal,optimal,optimal,→ stable,→ stable,→ stable,100.0,✅ EXCELLENT,False,NONE,3.5,0.0,NONE
1779698983.915,80.0,89.5,31.7,1472.0,45.6,13.76,32.1,32.0,32.2,32.3,optimal,optimal,optimal,optimal,optimal,optimal,↓ decreasing,→ stable,→ stable,100.0,✅ EXCELLENT,False,NONE,3.8,0.1,NONE
1779698984.916,82.4,89.4,31.8,1497.0,44.8,13.82,31.7,31.9,31.9,32.1,optimal,optimal,optimal,optimal,optimal,optimal,↓ decreasing,→ stable,→ stable,100.0,✅ EXCELLENT,False,NONE,3.8,0.2,NONE
1779698985.917,82.2,90.8,32.1,1529.0,45.4,13.84,31.7,32.1,31.6,31.7,optimal,optimal,optimal,optimal,optimal,optimal,↓ decreasing,↓ decreasing,→ stable,100.0,✅ EXCELLENT,False,NONE,3.4,0.0,NONE
1779698986.917,79.9,89.0,32.3,1549.0,44.6,13.76,31.9,32.3,32.0,32.1,optimal,optimal,optimal,optimal,optimal,optimal,↓ decreasing,↓ decreasing,→ stable,100.0,✅ EXCELLENT,False,NONE,3.1,0.5,NONE
1779698987.919,81.3,90.8,32.3,1500.0,45.1,13.82,31.8,32.3,32.2,31.8,optimal,optimal,optimal,optimal,optimal,optimal,→ stable,→ stable,→ stable,100.0,✅ EXCELLENT,False,NONE,3.1,0.0,NONE
1779698988.92,77.2,90.0,32.2,1509.0,45.5,13.75,31.9,32.1,32.1,31.7,optimal,optimal,optimal,optimal,optimal,optimal,→ stable,→ stable,→ stable,100.0,✅ EXCELLENT,False,NONE,3.1,0.0,NONE
1779698989.921,80.9,89.6,32.3,1541.0,45.3,13.76,31.9,32.2,31.9,31.8,optimal,optimal,optimal,optimal,optimal,optimal,→ stable,→ stable,→ stable,100.0,✅ EXCELLENT,False,NONE,3.1,0.1,NONE
1779698990.922,77.4,91.2,32.1,1503.0,44.5,13.81,32.3,32.2,31.9,32.1,optimal,optimal,optimal,optimal,optimal,optimal,→ stable,→ stable,→ stable,100.0,✅ EXCELLENT,False,NONE,3.2,0.0,NONE
1779698991.923,80.1,90.0,31.7,1540.0,45.6,13.77,31.8,31.9,32.2,32.2,optimal,optimal,optimal,optimal,optimal,optimal,↓ decreasing,→ stable,→ stable,100.0,✅ EXCELLENT,False,NONE,3.8,0.0,NONE
1779698992.924,77.9,89.4,32.2,1470.0,44.2,13.85,32.1,32.3,31.7,31.7,optimal,optimal,optimal,optimal,optimal,optimal,↓ decreasing,→ stable,→ stable,100.0,✅ EXCELLENT,False,NONE,3.1,0.2,NONE
1779698993.925,80.2,88.7,32.0,1523.0,44.8,13.82,32.2,31.9,32.4,31.9,optimal,optimal,optimal,optimal,optimal,optimal,→ stable,→ stable,→ stable,100.0,✅ EXCELLENT,False,NONE,3.4,0.8,NONE
1779698994.926,78.2,90.7,32.2,1504.0,44.2,13.75,32.0,31.6,31.8,32.0,optimal,optimal,optimal,optimal,optimal,optimal,↓ decreasing,→ stable,→ stable,100.0,✅ EXCELLENT,False,NONE,3.1,0.0,NONE
1779698995.927,80.3,89.5,31.7,1466.0,45.3,13.84,32.0,32.2,32.0,31.8,optimal,optimal,optimal,optimal,optimal,optimal,↓ decreasing,→ stable,→ stable,100.0,✅ EXCELLENT,False,NONE,3.8,0.1,NONE
1779698996.928,77.4,88.7,32.4,1486.0,45.9,13.76,32.1,32.1,32.2,31.9,optimal,optimal,optimal,optimal,optimal,optimal,↓ decreasing,→ stable,→ stable,100.0,✅ EXCELLENT,False,NONE,2.9,0.8,NONE
1779698997.928,82.1,89.4,32.0,1512.0,45.9,13.82,31.7,32.3,31.8,32.4,optimal,optimal,optimal,optimal,optimal,optimal,↓ decreasing,→ stable,→ stable,100.0,✅ EXCELLENT,False,NONE,3.5,0.2,NONE
1779698998.929,81.2,90.5,31.8,1519.0,44.1,13.77,31.7,32.0,31.9,32.1,optimal,optimal,optimal,optimal,optimal,optimal,↓ decreasing,→ stable,→ stable,100.0,✅ EXCELLENT,False,NONE,3.7,0.0,NONE
1779698999.93,82.4,90.2,32.0,1515.0,44.7,13.84,31.8,31.8,32.1,31.7,optimal,optimal,optimal,optimal,optimal,optimal,↓ decreasing,→ stable,→ stable,100.0,✅ EXCELLENT,False,NONE,3.5,0.0,NONE
1779699000.932,78.2,89.9,32.2,1501.0,44.4,13.8,32.0,32.2,32.4,31.9,optimal,optimal,optimal,optimal,optimal,optimal,↓ decreasing,→ stable,→ stable,100.0,✅ EXCELLENT,False,NONE,3.1,0.0,NONE
1779699001.933,78.3,89.3,31.9,1466.0,44.2,13.79,31.8,31.6,32.0,31.9,optimal,optimal,optimal,optimal,optimal,optimal,↓ decreasing,→ stable,→ stable,100.0,✅ EXCELLENT,False,NONE,3.5,0.2,NONE
1779699002.934,81.7,88.9,32.0,1503.0,45.1,13.79,31.7,32.1,32.0,31.7,optimal,optimal,optimal,optimal,optimal,optimal,→ stable,→ stable,→ stable,100.0,✅ EXCELLENT,False,NONE,3.5,0.6,NONE
1779699003.935,82.3,90.3,32.3,1486.0,44.4,13.84,31.8,31.9,32.1,31.9,optimal,optimal,optimal,optimal,optimal,optimal,→ stable,→ stable,→ stable,100.0,✅ EXCELLENT,False,NONE,3.2,0.0,NONE
1779699004.936,79.7,90.6,32.1,1451.0,44.4,13.76,32.3,32.2,32.3,31.7,optimal,optimal,optimal,optimal,optimal,optimal,↑ increasing,→ stable,→ stable,100.0,✅ EXCELLENT,False,NONE,3.3,0.0,NONE
1779699005.937,80.9,88.7,31.8,1452.0,44.6,13.85,32.3,32.2,32.1,32.2,optimal,optimal,optimal,optimal,optimal,optimal,↑ increasing,→ stable,→ stable,100.0,✅ EXCELLENT,False,NONE,3.7,0.8,NONE
1779699006.938,82.4,89.1,31.9,1550.0,44.2,13.8,31.7,31.8,31.9,31.6,optimal,optimal,optimal,optimal,optimal,optimal,↑ increasing,→ stable,→ stable,100.0,✅ EXCELLENT,False,NONE,3.6,0.4,NONE
1779699007.939,79.7,88.7,32.1,1497.0,45.4,13.81,32.2,31.7,31.6,31.6,optimal,optimal,optimal,optimal,optimal,optimal,↑ increasing,→ stable,→ stable,100.0,✅ EXCELLENT,False,NONE,3.3,0.8,NONE
1779699008.94,79.4,89.8,32.1,1520.0,44.8,13.8,32.1,31.6,31.9,32.0,optimal,optimal,optimal,optimal,optimal,optimal,↑ increasing,→ stable,→ stable,100.0,✅ EXCELLENT,False,NONE,3.3,0.0,NONE
1779699009.941,78.6,91.1,32.1,1506.0,44.3,13.82,31.7,32.1,31.7,32.4,optimal,optimal,optimal,optimal,optimal,optimal,→ stable,→ stable,→ stable,100.0,✅ EXCELLENT,False,NONE,3.3,0.0,NONE
1779699010.942,81.5,91.5,31.9,1490.0,45.6,13.76,31.8,32.3,32.1,31.7,optimal,optimal,optimal,optimal,optimal,optimal,↑ increasing,→ stable,→ stable,100.0,✅ EXCELLENT,False,NONE,3.6,0.0,NONE
1779699011.943,79.9,89.3,31.8,1494.0,45.5,13.82,32.0,32.2,32.0,32.0,optimal,optimal,optimal,optimal,optimal,optimal,↑ increasing,→ stable,→ stable,100.0,✅ EXCELLENT,False,NONE,3.7,0.2,NONE
1779699012.944,81.4,89.4,31.8,1545.0,44.5,13.85,31.8,31.8,32.3,31.9,optimal,optimal,optimal,optimal,optimal,optimal,↑ increasing,→ stable,→ stable,100.0,✅ EXCELLENT,False,NONE,3.7,0.2,NONE
1779699013.944,78.3,90.5,32.3,1546.0,45.6,13.82,32.1,32.1,32.1,31.7,optimal,optimal,optimal,optimal,optimal,optimal,→ stable,→ stable,→ stable,100.0,✅ EXCELLENT,False,NONE,3.0,0.0,NONE
1779699014.946,78.4,89.3,32.3,1535.0,44.1,13.79,31.6,32.1,32.2,31.9,optimal,optimal,optimal,optimal,optimal,optimal,→ stable,→ stable,→ stable,100.0,✅ EXCELLENT,False,NONE,3.0,0.2,NONE
1779699015.946,78.7,90.6,32.4,1521.0,45.7,13.8,32.3,32.3,32.3,31.9,optimal,optimal,optimal,optimal,optimal,optimal,↓ decreasing,→ stable,→ stable,100.0,✅ EXCELLENT,False,NONE,2.9,0.0,NONE
1779699016.947,81.4,91.1,32.2,1519.0,44.2,13.75,32.0,32.4,32.3,32.1,optimal,optimal,optimal,optimal,optimal,optimal,↓ decreasing,→ stable,→ stable,100.0,✅ EXCELLENT,False,NONE,3.3,0.0,NONE
1779699017.947,81.4,89.6,32.2,1473.0,45.7,13.83,31.7,32.3,32.1,32.3,optimal,optimal,optimal,optimal,optimal,optimal,↓ decreasing,↑ increasing,→ stable,100.0,✅ EXCELLENT,False,NONE,3.3,0.1,NONE
1779699018.949,78.9,91.2,32.1,1467.0,45.0,13.81,32.1,32.3,31.7,32.3,optimal,optimal,optimal,optimal,optimal,optimal,↓ decreasing,↑ increasing,→ stable,100.0,✅ EXCELLENT,False,NONE,3.3,0.0,NONE
1779699019.949,79.4,89.0,32.3,1451.0,44.1,13.85,32.0,32.1,32.2,32.0,optimal,optimal,optimal,optimal,optimal,optimal,→ stable,↑ increasing,→ stable,100.0,✅ EXCELLENT,False,NONE,3.1,0.5,NONE
1779699020.95,77.5,90.5,31.6,1525.0,45.6,13.82,31.6,32.3,32.3,32.0,optimal,optimal,optimal,optimal,optimal,optimal,↓ decreasing,→ stable,→ stable,100.0,✅ EXCELLENT,False,NONE,3.8,0.0,NONE
1779699021.95,78.7,90.8,31.7,1528.0,45.0,13.84,32.0,32.2,31.7,32.1,optimal,optimal,optimal,optimal,optimal,optimal,↓ decreasing,→ stable,→ stable,100.0,✅ EXCELLENT,False,NONE,3.7,0.0,NONE
1779699022.952,81.1,89.3,32.1,1452.0,44.0,13.83,32.4,32.3,32.4,31.8,optimal,optimal,optimal,optimal,optimal,optimal,↓ decreasing,→ stable,→ stable,100.0,✅ EXCELLENT,False,NONE,3.4,0.2,NONE
1779699023.953,78.0,88.7,31.7,1472.0,45.9,13.84,31.7,31.9,31.7,31.7,optimal,optimal,optimal,optimal,optimal,optimal,↓ decreasing,→ stable,→ stable,100.0,✅ EXCELLENT,False,NONE,3.7,0.8,NONE
1779699024.954,82.4,90.4,31.8,1524.0,45.6,13.83,32.1,32.1,32.3,32.2,optimal,optimal,optimal,optimal,optimal,optimal,→ stable,→ stable,→ stable,100.0,✅ EXCELLENT,False,NONE,3.8,0.0,NONE
1779699025.954,81.4,88.5,32.1,1487.0,44.4,13.76,32.3,31.6,31.9,32.0,optimal,optimal,optimal,optimal,optimal,optimal,→ stable,→ stable,→ stable,100.0,✅ EXCELLENT,False,NONE,3.4,1.1,NONE
1779699026.955,78.7,89.2,31.7,1475.0,44.2,13.78,32.4,32.2,32.4,32.0,optimal,optimal,optimal,optimal,optimal,optimal,→ stable,→ stable,→ stable,100.0,✅ EXCELLENT,False,NONE,3.7,0.3,NONE
1779699027.955,78.8,88.6,31.8,1456.0,44.5,13.85,32.4,31.6,32.2,32.1,optimal,optimal,optimal,optimal,optimal,optimal,→ stable,↓ decreasing,→ stable,100.0,✅ EXCELLENT,False,NONE,3.6,1.0,NONE
1779699028.956,81.4,90.6,32.3,1507.0,45.6,13.75,31.7,31.6,31.8,32.4,optimal,optimal,optimal,optimal,optimal,optimal,→ stable,↓ decreasing,→ stable,100.0,✅ EXCELLENT,False,NONE,3.1,0.0,NONE
1779699029.957,81.7,88.9,32.2,1452.0,45.2,13.77,31.9,32.3,32.1,31.8,optimal,optimal,optimal,optimal,optimal,optimal,→ stable,↓ decreasing,→ stable,100.0,✅ EXCELLENT,False,NONE,3.3,0.6,NONE
1779699030.958,79.0,90.7,32.3,1546.0,44.2,13.83,32.0,31.7,31.6,31.7,optimal,optimal,optimal,optimal,optimal,optimal,↑ increasing,→ stable,→ stable,100.0,✅ EXCELLENT,False,NONE,3.0,0.0,NONE
1779699031.959,82.8,90.6,32.4,1538.0,44.1,13.81,32.2,32.4,31.7,31.8,optimal,optimal,optimal,optimal,optimal,optimal,↑ increasing,↓ decreasing,→ stable,100.0,✅ EXCELLENT,False,NONE,3.1,0.0,NONE
1779699032.96,80.6,90.9,31.6,1521.0,44.3,13.8,31.8,32.3,31.8,31.9,optimal,optimal,optimal,optimal,optimal,optimal,↑ increasing,→ stable,→ stable,100.0,✅ EXCELLENT,False,NONE,3.9,0.0,NONE
1779699033.96,82.1,90.2,31.9,1509.0,45.3,13.84,32.1,32.1,32.3,32.4,optimal,optimal,optimal,optimal,optimal,optimal,↑ increasing,→ stable,→ stable,100.0,✅ EXCELLENT,False,NONE,3.6,0.0,NONE
1779699034.961,82.0,90.8,32.0,1468.0,44.1,13.76,32.1,32.3,32.3,31.8,optimal,optimal,optimal,optimal,optimal,optimal,↑ increasing,→ stable,→ stable,100.0,✅ EXCELLENT,False,NONE,3.5,0.0,NONE
1779699035.962,80.2,88.6,31.9,1494.0,45.1,13.79,31.7,32.2,32.2,31.9,optimal,optimal,optimal,optimal,optimal,optimal,↑ increasing,→ stable,→ stable,100.0,✅ EXCELLENT,False,NONE,3.6,1.0,NONE
1779699036.963,82.5,89.9,32.2,1523.0,44.7,13.76,31.9,31.7,32.3,31.7,optimal,optimal,optimal,optimal,optimal,optimal,↑ increasing,→ stable,→ stable,100.0,✅ EXCELLENT,False,NONE,3.3,0.0,NONE
1779699037.964,79.1,91.2,32.4,1473.0,45.5,13.79,32.0,32.3,31.9,32.0,optimal,optimal,optimal,optimal,optimal,optimal,↑ increasing,↑ increasing,→ stable,100.0,✅ EXCELLENT,False,NONE,2.9,0.0,NONE
1779699038.965,77.4,89.3,31.7,1514.0,44.7,13.75,32.4,31.8,31.9,31.9,optimal,optimal,optimal,optimal,optimal,optimal,↑ increasing,↑ increasing,→ stable,100.0,✅ EXCELLENT,False,NONE,3.6,0.2,NONE
1779699039.965,78.1,88.8,32.4,1467.0,45.1,13.76,32.4,32.1,32.0,32.3,optimal,optimal,optimal,optimal,optimal,optimal,→ stable,↑ increasing,→ stable,100.0,✅ EXCELLENT,False,NONE,2.9,0.7,NONE
1779699040.966,78.7,90.2,32.1,1515.0,45.2,13.76,32.0,31.6,32.1,31.8,optimal,optimal,optimal,optimal,optimal,optimal,→ stable,→ stable,→ stable,100.0,✅ EXCELLENT,False,NONE,3.3,0.0,NONE
1779699041.967,80.4,89.0,31.7,1462.0,44.2,13.78,31.9,31.8,32.0,31.8,optimal,optimal,optimal,optimal,optimal,optimal,→ stable,→ stable,→ stable,100.0,✅ EXCELLENT,False,NONE,3.8,0.5,NONE
1779699042.967,77.4,89.6,31.9,1455.0,45.4,13.83,31.7,31.9,32.3,31.9,optimal,optimal,optimal,optimal,optimal,optimal,↓ decreasing,→ stable,→ stable,100.0,✅ EXCELLENT,False,NONE,3.4,0.1,NONE
1779699043.968,78.0,89.0,31.7,1533.0,45.4,13.81,31.7,32.0,31.8,31.6,optimal,optimal,optimal,optimal,optimal,optimal,↓ decreasing,→ stable,→ stable,100.0,✅ EXCELLENT,False,NONE,3.7,0.5,NONE
1779699044.969,82.1,90.2,32.0,1481.0,44.2,13.79,31.8,31.7,32.1,32.1,optimal,optimal,optimal,optimal,optimal,optimal,↓ decreasing,→ stable,→ stable,100.0,✅ EXCELLENT,False,NONE,3.5,0.0,NONE
1779699045.97,81.0,88.9,32.3,1533.0,44.6,13.78,32.3,32.4,32.1,31.8,optimal,optimal,optimal,optimal,optimal,optimal,↓ decreasing,→ stable,→ stable,100.0,✅ EXCELLENT,False,NONE,3.1,0.6,NONE
1779699046.971,80.3,90.6,31.6,1550.0,45.9,13.8,32.2,32.0,32.1,32.2,optimal,optimal,optimal,optimal,optimal,optimal,↓ decreasing,→ stable,→ stable,100.0,✅ EXCELLENT,False,NONE,3.9,0.0,NONE
1779699047.972,77.8,91.4,32.3,1450.0,44.3,13.81,32.0,32.0,31.7,31.8,optimal,optimal,optimal,optimal,optimal,optimal,↓ decreasing,↓ decreasing,→ stable,100.0,✅ EXCELLENT,False,NONE,3.0,0.0,NONE
1779699048.973,78.1,88.6,32.2,1468.0,44.8,13.82,31.9,31.8,32.2,31.9,optimal,optimal,optimal,optimal,optimal,optimal,↓ decreasing,→ stable,→ stable,100.0,✅ EXCELLENT,False,NONE,3.1,1.0,NONE
1779699049.973,81.1,89.7,31.8,1496.0,44.9,13.84,31.9,32.1,32.2,32.1,optimal,optimal,optimal,optimal,optimal,optimal,↓ decreasing,→ stable,→ stable,100.0,✅ EXCELLENT,False,NONE,3.7,0.0,NONE
1779699050.974,80.8,91.1,31.7,1481.0,44.2,13.83,32.1,32.4,32.4,32.2,optimal,optimal,optimal,optimal,optimal,optimal,↓ decreasing,→ stable,→ stable,100.0,✅ EXCELLENT,False,NONE,3.8,0.0,NONE
1779699051.974,79.4,90.7,32.1,1497.0,45.7,13.79,31.9,32.2,32.2,31.7,optimal,optimal,optimal,optimal,optimal,optimal,↓ decreasing,→ stable,→ stable,100.0,✅ EXCELLENT,False,NONE,3.3,0.0,NONE
1779699052.975,81.7,90.4,32.3,1495.0,44.9,13.82,32.1,31.7,32.1,31.8,optimal,optimal,optimal,optimal,optimal,optimal,→ stable,→ stable,→ stable,100.0,✅ EXCELLENT,False,NONE,3.2,0.0,NONE
1779699053.976,78.0,91.3,32.2,1496.0,45.3,13.79,32.0,31.8,32.4,32.0,optimal,optimal,optimal,optimal,optimal,optimal,↑ increasing,↑ increasing,→ stable,100.0,✅ EXCELLENT,False,NONE,3.1,0.0,NONE
1779699054.978,77.1,88.6,32.0,1503.0,45.5,13.82,32.2,32.3,31.6,32.0,optimal,optimal,optimal,optimal,optimal,optimal,→ stable,↑ increasing,→ stable,100.0,✅ EXCELLENT,False,NONE,3.3,1.0,NONE
1779699055.979,81.1,89.7,31.7,1470.0,45.1,13.76,32.0,31.8,32.2,32.0,optimal,optimal,optimal,optimal,optimal,optimal,→ stable,↑ increasing,→ stable,100.0,✅ EXCELLENT,False,NONE,3.8,0.0,NONE
1779699056.98,81.9,90.0,31.9,1488.0,44.8,13.79,31.7,31.7,31.9,32.3,optimal,optimal,optimal,optimal,optimal,optimal,→ stable,→ stable,→ stable,100.0,✅ EXCELLENT,False,NONE,3.6,0.0,NONE
1779699057.981,82.1,90.9,31.9,1497.0,44.9,13.76,31.7,32.0,32.3,31.8,optimal,optimal,optimal,optimal,optimal,optimal,↑ increasing,→ stable,→ stable,100.0,✅ EXCELLENT,False,NONE,3.6,0.0,NONE
1779699058.982,82.8,90.9,31.7,1547.0,45.6,13.8,31.6,31.9,31.8,31.9,optimal,optimal,optimal,optimal,optimal,optimal,↑ increasing,↑ increasing,→ stable,100.0,✅ EXCELLENT,False,NONE,3.9,0.0,NONE
1779699059.982,81.1,89.8,32.3,1464.0,44.9,13.81,32.3,32.4,32.3,32.2,optimal,optimal,optimal,optimal,optimal,optimal,↑ increasing,↑ increasing,→ stable,100.0,✅ EXCELLENT,False,NONE,3.1,0.0,NONE
1779699060.983,82.6,91.3,32.3,1503.0,44.2,13.77,31.9,32.0,32.4,32.0,optimal,optimal,optimal,optimal,optimal,optimal,↑ increasing,↑ increasing,→ stable,100.0,✅ EXCELLENT,False,NONE,3.2,0.0,NONE
1779699061.984,77.2,89.0,32.1,1526.0,44.6,13.77,31.8,32.0,32.0,32.0,optimal,optimal,optimal,optimal,optimal,optimal,↑ increasing,→ stable,→ stable,100.0,✅ EXCELLENT,False,NONE,3.2,0.5,NONE
1779699062.986,81.3,89.2,32.3,1512.0,45.6,13.84,32.2,32.0,31.8,32.1,optimal,optimal,optimal,optimal,optimal,optimal,→ stable,→ stable,→ stable,100.0,✅ EXCELLENT,False,NONE,3.1,0.3,NONE
1779699063.986,81.7,89.3,31.7,1514.0,44.3,13.77,31.6,31.8,32.2,32.0,optimal,optimal,optimal,optimal,optimal,optimal,↑ increasing,→ stable,→ stable,100.0,✅ EXCELLENT,False,NONE,3.9,0.2,NONE
1779699064.988,79.1,90.7,31.7,1508.0,44.3,13.76,31.9,31.9,32.3,32.4,optimal,optimal,optimal,optimal,optimal,optimal,↑ increasing,→ stable,→ stable,100.0,✅ EXCELLENT,False,NONE,3.7,0.0,NONE
1779699065.989,80.4,90.4,31.9,1502.0,44.1,13.81,32.2,32.1,32.3,31.8,optimal,optimal,optimal,optimal,optimal,optimal,↑ increasing,→ stable,→ stable,100.0,✅ EXCELLENT,False,NONE,3.6,0.0,NONE
1779699066.99,78.3,88.8,32.0,1515.0,44.7,13.82,32.0,31.7,32.1,31.8,optimal,optimal,optimal,optimal,optimal,optimal,↑ increasing,→ stable,→ stable,100.0,✅ EXCELLENT,False,NONE,3.4,0.7,NONE
1779699067.99,78.6,88.5,31.8,1513.0,45.5,13.77,31.8,31.9,31.9,31.6,optimal,optimal,optimal,optimal,optimal,optimal,→ stable,→ stable,→ stable,100.0,✅ EXCELLENT,False,NONE,3.6,1.1,NONE
1779699068.991,82.0,90.8,32.1,1529.0,45.5,13.78,31.9,32.4,31.8,31.9,optimal,optimal,optimal,optimal,optimal,optimal,→ stable,↓ decreasing,→ stable,100.0,✅ EXCELLENT,False,NONE,3.4,0.0,NONE
1779699069.992,79.0,90.5,31.7,1524.0,45.1,13.82,32.4,32.1,31.7,31.8,optimal,optimal,optimal,optimal,optimal,optimal,↓ decreasing,→ stable,→ stable,100.0,✅ EXCELLENT,False,NONE,3.7,0.0,NONE
1779699070.993,78.3,89.5,32.2,1486.0,45.8,13.76,31.9,31.7,32.1,32.1,optimal,optimal,optimal,optimal,optimal,optimal,↓ decreasing,↓ decreasing,→ stable,100.0,✅ EXCELLENT,False,NONE,3.1,0.1,NONE
1779699071.994,79.2,91.5,32.1,1501.0,45.6,13.78,31.6,31.6,31.9,32.1,optimal,optimal,optimal,optimal,optimal,optimal,↓ decreasing,→ stable,→ stable,100.0,✅ EXCELLENT,False,NONE,3.3,0.0,NONE
1779699072.995,79.3,89.4,31.7,1469.0,44.7,13.76,31.7,32.3,32.3,32.1,optimal,optimal,optimal,optimal,optimal,optimal,↓ decreasing,→ stable,→ stable,100.0,✅ EXCELLENT,False,NONE,3.7,0.2,NONE
1779699073.996,79.5,91.2,32.3,1518.0,45.6,13.8,32.0,31.7,31.7,32.4,optimal,optimal,optimal,optimal,optimal,optimal,↓ decreasing,→ stable,→ stable,100.0,✅ EXCELLENT,False,NONE,3.1,0.0,NONE
1779699074.997,77.3,89.7,31.7,1542.0,44.2,13.82,31.8,31.6,31.8,31.8,optimal,optimal,optimal,optimal,optimal,optimal,↓ decreasing,→ stable,→ stable,100.0,✅ EXCELLENT,False,NONE,3.6,0.0,NONE
1779699075.998,78.3,88.5,32.1,1515.0,45.3,13.84,31.8,31.8,31.7,31.7,optimal,optimal,optimal,optimal,optimal,optimal,↓ decreasing,→ stable,→ stable,100.0,✅ EXCELLENT,False,NONE,3.2,1.1,NONE
1779699076.999,78.3,88.9,32.1,1528.0,44.9,13.84,32.2,31.7,31.9,32.3,optimal,optimal,optimal,optimal,optimal,optimal,↓ decreasing,→ stable,→ stable,100.0,✅ EXCELLENT,False,NONE,3.2,0.6,NONE
1779699078.0,81.3,88.7,32.0,1468.0,45.9,13.75,31.8,31.7,32.1,32.0,optimal,optimal,optimal,optimal,optimal,optimal,↓ decreasing,→ stable,→ stable,100.0,✅ EXCELLENT,False,NONE,3.5,0.8,NONE
1779699079.001,80.6,89.8,32.4,1516.0,44.8,13.83,32.1,31.8,31.9,31.9,optimal,optimal,optimal,optimal,optimal,optimal,↓ decreasing,→ stable,→ stable,100.0,✅ EXCELLENT,False,NONE,3.0,0.0,NONE
1779699080.002,81.9,88.6,31.8,1505.0,44.0,13.77,32.1,32.2,32.2,31.7,optimal,optimal,optimal,optimal,optimal,optimal,↓ decreasing,→ stable,→ stable,100.0,✅ EXCELLENT,False,NONE,3.7,1.0,NONE
1779699081.003,79.4,91.1,32.3,1526.0,44.7,13.8,32.2,32.2,31.7,32.3,optimal,optimal,optimal,optimal,optimal,optimal,→ stable,→ stable,→ stable,100.0,✅ EXCELLENT,False,NONE,3.1,0.0,NONE
1779699082.004,82.9,91.1,32.0,1511.0,44.6,13.78,32.0,31.8,31.9,32.2,optimal,optimal,optimal,optimal,optimal,optimal,→ stable,→ stable,→ stable,100.0,✅ EXCELLENT,False,NONE,3.6,0.0,NONE
1779699083.005,77.7,88.9,32.2,1469.0,45.0,13.79,32.0,32.4,32.1,32.2,optimal,optimal,optimal,optimal,optimal,optimal,→ stable,→ stable,→ stable,100.0,✅ EXCELLENT,False,NONE,3.1,0.6,NONE
1779699084.006,81.4,88.7,31.9,1527.0,44.9,13.79,31.7,32.1,32.2,32.3,optimal,optimal,optimal,optimal,optimal,optimal,↑ increasing,↓ decreasing,→ stable,100.0,✅ EXCELLENT,False,NONE,3.6,0.8,NONE
1779699085.007,80.7,91.3,31.7,1548.0,44.1,13.84,32.2,32.3,32.4,31.9,optimal,optimal,optimal,optimal,optimal,optimal,↑ increasing,→ stable,→ stable,100.0,✅ EXCELLENT,False,NONE,3.8,0.0,NONE
1779699086.008,82.3,90.4,32.0,1526.0,45.8,13.81,32.0,31.7,31.9,31.9,optimal,optimal,optimal,optimal,optimal,optimal,↑ increasing,→ stable,→ stable,100.0,✅ EXCELLENT,False,NONE,3.5,0.0,NONE
1779699087.009,82.4,90.8,32.1,1524.0,45.2,13.8,32.4,32.3,31.8,32.0,optimal,optimal,optimal,optimal,optimal,optimal,↑ increasing,→ stable,→ stable,100.0,✅ EXCELLENT,False,NONE,3.4,0.0,NONE
1779699088.01,81.1,91.5,32.4,1505.0,45.4,13.76,32.2,31.9,31.8,31.6,optimal,optimal,optimal,optimal,optimal,optimal,↑ increasing,→ stable,→ stable,100.0,✅ EXCELLENT,False,NONE,3.0,0.0,NONE
1779699089.011,79.1,89.1,32.0,1532.0,44.8,13.79,31.7,32.2,32.3,32.3,optimal,optimal,optimal,optimal,optimal,optimal,↑ increasing,→ stable,→ stable,100.0,✅ EXCELLENT,False,NONE,3.4,0.4,NONE
1779699090.012,82.2,89.2,32.2,1474.0,45.5,13.81,31.8,31.8,32.3,32.3,optimal,optimal,optimal,optimal,optimal,optimal,↑ increasing,↑ increasing,→ stable,100.0,✅ EXCELLENT,False,NONE,3.3,0.3,NONE
1779699091.012,79.9,89.3,32.2,1487.0,45.7,13.83,32.1,32.1,31.9,32.4,optimal,optimal,optimal,optimal,optimal,optimal,↑ increasing,→ stable,→ stable,100.0,✅ EXCELLENT,False,NONE,3.2,0.2,NONE
1779699092.013,79.3,89.5,32.3,1503.0,45.5,13.78,32.0,31.6,32.2,31.9,optimal,optimal,optimal,optimal,optimal,optimal,↑ increasing,→ stable,→ stable,100.0,✅ EXCELLENT,False,NONE,3.1,0.1,NONE
1779699093.013,77.3,91.4,32.1,1506.0,45.7,13.8,32.2,32.1,31.7,32.2,optimal,optimal,optimal,optimal,optimal,optimal,↑ increasing,→ stable,→ stable,100.0,✅ EXCELLENT,False,NONE,3.2,0.0,NONE
1779699094.013,83.0,90.3,32.4,1474.0,44.1,13.79,31.9,32.2,32.1,32.2,optimal,optimal,optimal,optimal,optimal,optimal,↑ increasing,↑ increasing,→ stable,100.0,✅ EXCELLENT,False,NONE,3.1,0.0,NONE
1779699095.014,82.9,89.8,32.2,1519.0,45.3,13.77,32.2,32.0,32.0,31.9,optimal,optimal,optimal,optimal,optimal,optimal,↑ increasing,↑ increasing,→ stable,100.0,✅ EXCELLENT,False,NONE,3.3,0.0,NONE
1779699096.015,81.9,89.5,32.1,1478.0,44.4,13.84,31.9,32.3,32.3,32.2,optimal,optimal,optimal,optimal,optimal,optimal,→ stable,→ stable,→ stable,100.0,✅ EXCELLENT,False,NONE,3.4,0.1,NONE
1779699097.016,77.4,90.5,31.7,1539.0,44.2,13.79,31.6,31.7,32.2,32.0,optimal,optimal,optimal,optimal,optimal,optimal,↓ decreasing,→ stable,→ stable,100.0,✅ EXCELLENT,False,NONE,3.6,0.0,NONE
1779699098.017,78.4,88.5,32.3,1549.0,44.4,13.83,32.0,32.3,31.9,31.7,optimal,optimal,optimal,optimal,optimal,optimal,↓ decreasing,↓ decreasing,→ stable,100.0,✅ EXCELLENT,False,NONE,3.0,1.1,NONE
1779699099.017,81.9,90.1,32.0,1479.0,45.7,13.81,31.7,31.8,31.9,32.2,optimal,optimal,optimal,optimal,optimal,optimal,→ stable,→ stable,→ stable,100.0,✅ EXCELLENT,False,NONE,3.5,0.0,NONE
1779699100.018,80.3,91.2,31.8,1507.0,44.2,13.75,31.9,31.7,32.3,31.7,optimal,optimal,optimal,optimal,optimal,optimal,↓ decreasing,→ stable,→ stable,100.0,✅ EXCELLENT,False,NONE,3.7,0.0,NONE
1779699101.019,81.9,89.1,31.9,1523.0,45.3,13.77,31.9,32.0,32.2,31.8,optimal,optimal,optimal,optimal,optimal,optimal,↓ decreasing,→ stable,→ stable,100.0,✅ EXCELLENT,False,NONE,3.6,0.4,NONE
1779699102.02,82.9,89.8,32.2,1497.0,44.8,13.78,31.8,32.3,32.4,32.0,optimal,optimal,optimal,optimal,optimal,optimal,→ stable,→ stable,→ stable,100.0,✅ EXCELLENT,False,NONE,3.3,0.0,NONE
1779699103.02,77.1,90.9,32.1,1546.0,44.7,13.76,32.0,31.8,31.9,32.2,optimal,optimal,optimal,optimal,optimal,optimal,→ stable,→ stable,→ stable,100.0,✅ EXCELLENT,False,NONE,3.2,0.0,NONE
1779699104.021,81.3,90.1,31.7,1501.0,44.6,13.8,31.8,31.7,32.0,31.8,optimal,optimal,optimal,optimal,optimal,optimal,→ stable,→ stable,→ stable,100.0,✅ EXCELLENT,False,NONE,3.8,0.0,NONE
1779699105.022,80.6,90.0,32.0,1506.0,45.6,13.76,31.8,31.7,32.4,32.2,optimal,optimal,optimal,optimal,optimal,optimal,↓ decreasing,→ stable,→ stable,100.0,✅ EXCELLENT,False,NONE,3.5,0.0,NONE
1779699106.023,79.1,89.4,32.4,1526.0,45.9,13.79,32.0,32.2,31.9,32.0,optimal,optimal,optimal,optimal,optimal,optimal,↓ decreasing,→ stable,→ stable,100.0,✅ EXCELLENT,False,NONE,2.9,0.2,NONE
1779699107.023,81.2,89.1,31.7,1468.0,44.7,13.79,32.3,32.1,32.3,32.1,optimal,optimal,optimal,optimal,optimal,optimal,→ stable,→ stable,→ stable,100.0,✅ EXCELLENT,False,NONE,3.8,0.4,NONE
1779699108.024,81.8,88.9,31.7,1474.0,45.0,13.76,31.6,32.4,32.0,32.4,optimal,optimal,optimal,optimal,optimal,optimal,↑ increasing,→ stable,→ stable,100.0,✅ EXCELLENT,False,NONE,3.9,0.6,NONE
1779699109.025,77.6,89.0,32.1,1522.0,44.9,13.84,31.8,32.0,31.7,32.2,optimal,optimal,optimal,optimal,optimal,optimal,→ stable,→ stable,→ stable,100.0,✅ EXCELLENT,False,NONE,3.2,0.5,NONE
1779699110.026,78.3,91.0,31.8,1495.0,45.7,13.78,32.0,32.1,32.0,31.7,optimal,optimal,optimal,optimal,optimal,optimal,→ stable,→ stable,→ stable,100.0,✅ EXCELLENT,False,NONE,3.6,0.0,NONE
1779699111.027,77.0,89.6,32.3,1483.0,44.8,13.85,31.7,32.4,32.1,31.8,optimal,optimal,optimal,optimal,optimal,optimal,↓ decreasing,→ stable,→ stable,100.0,✅ EXCELLENT,False,NONE,3.0,0.1,NONE
1779699112.028,82.8,90.0,32.0,1489.0,44.1,13.79,32.3,32.3,32.0,32.3,optimal,optimal,optimal,optimal,optimal,optimal,↓ decreasing,→ stable,→ stable,100.0,✅ EXCELLENT,False,NONE,3.5,0.0,NONE
1779699113.029,82.8,89.4,32.1,1455.0,45.0,13.82,32.0,32.0,32.1,32.1,optimal,optimal,optimal,optimal,optimal,optimal,↓ decreasing,→ stable,→ stable,100.0,✅ EXCELLENT,False,NONE,3.4,0.2,NONE
1779699114.03,81.8,90.3,32.3,1457.0,45.7,13.85,31.8,31.8,31.8,32.2,optimal,optimal,optimal,optimal,optimal,optimal,→ stable,→ stable,→ stable,100.0,✅ EXCELLENT,False,NONE,3.2,0.0,NONE
1779699115.031,81.1,88.9,32.3,1474.0,45.5,13.8,32.3,32.2,31.7,32.4,optimal,optimal,optimal,optimal,optimal,optimal,→ stable,→ stable,→ stable,100.0,✅ EXCELLENT,False,NONE,3.1,0.6,NONE
1779699116.032,79.7,89.2,31.9,1513.0,45.1,13.76,32.4,32.2,31.7,31.9,optimal,optimal,optimal,optimal,optimal,optimal,→ stable,→ stable,→ stable,100.0,✅ EXCELLENT,False,NONE,3.5,0.3,NONE
1779699117.033,77.1,91.3,32.4,1520.0,45.3,13.81,31.6,32.1,32.3,31.8,optimal,optimal,optimal,optimal,optimal,optimal,→ stable,→ stable,→ stable,100.0,✅ EXCELLENT,False,NONE,2.9,0.0,NONE
1779699118.034,82.3,90.8,32.4,1514.0,44.8,13.77,32.1,32.2,31.8,31.8,optimal,optimal,optimal,optimal,optimal,optimal,↓ decreasing,→ stable,→ stable,100.0,✅ EXCELLENT,False,NONE,3.1,0.0,NONE
1779699119.035,80.0,90.0,32.0,1473.0,44.1,13.77,32.3,32.1,32.1,32.3,optimal,optimal,optimal,optimal,optimal,optimal,→ stable,→ stable,→ stable,100.0,✅ EXCELLENT,False,NONE,3.4,0.0,NONE
1779699120.037,82.3,90.2,32.2,1540.0,44.8,13.8,31.7,32.3,32.2,32.3,optimal,optimal,optimal,optimal,optimal,optimal,↑ increasing,→ stable,→ stable,100.0,✅ EXCELLENT,False,NONE,3.3,0.0,NONE
1779699121.037,79.7,89.8,32.3,1455.0,44.9,13.78,32.2,32.1,32.3,32.1,optimal,optimal,optimal,optimal,optimal,optimal,↑ increasing,→ stable,→ stable,100.0,✅ EXCELLENT,False,NONE,3.1,0.0,NONE
1779699122.038,79.2,89.5,32.2,1458.0,45.0,13.85,31.8,31.9,31.9,32.2,optimal,optimal,optimal,optimal,optimal,optimal,↑ increasing,→ stable,→ stable,100.0,✅ EXCELLENT,False,NONE,3.2,0.1,NONE
1779699123.039,79.9,89.3,32.3,1452.0,44.5,13.8,32.2,32.2,32.0,32.2,optimal,optimal,optimal,optimal,optimal,optimal,→ stable,→ stable,→ stable,100.0,✅ EXCELLENT,False,NONE,3.1,0.2,NONE
1779699124.04,80.5,89.9,32.0,1497.0,45.9,13.82,32.1,32.1,32.2,31.7,optimal,optimal,optimal,optimal,optimal,optimal,→ stable,→ stable,→ stable,100.0,✅ EXCELLENT,False,NONE,3.5,0.0,NONE
1779699125.04,82.8,89.4,32.1,1498.0,44.8,13.81,32.1,32.2,32.1,31.9,optimal,optimal,optimal,optimal,optimal,optimal,→ stable,→ stable,→ stable,100.0,✅ EXCELLENT,False,NONE,3.4,0.2,NONE
1779699126.04,80.1,90.9,32.0,1450.0,44.7,13.79,32.1,31.7,31.7,32.3,optimal,optimal,optimal,optimal,optimal,optimal,→ stable,↑ increasing,→ stable,100.0,✅ EXCELLENT,False,NONE,3.4,0.0,NONE
1779699127.04,80.6,88.9,32.2,1545.0,45.3,13.76,32.1,31.7,32.4,31.9,optimal,optimal,optimal,optimal,optimal,optimal,↑ increasing,→ stable,→ stable,100.0,✅ EXCELLENT,False,NONE,3.2,0.6,NONE
1779699128.041,78.9,91.2,32.0,1520.0,44.9,13.76,32.3,32.2,31.8,31.8,optimal,optimal,optimal,optimal,optimal,optimal,→ stable,→ stable,→ stable,100.0,✅ EXCELLENT,False,NONE,3.4,0.0,NONE
1779699129.042,78.2,90.1,32.3,1474.0,45.4,13.82,31.8,32.1,31.7,32.3,optimal,optimal,optimal,optimal,optimal,optimal,→ stable,→ stable,→ stable,100.0,✅ EXCELLENT,False,NONE,3.0,0.0,NONE
1779699130.043,77.3,90.7,32.0,1520.0,45.6,13.76,32.4,32.0,32.1,32.0,optimal,optimal,optimal,optimal,optimal,optimal,↓ decreasing,→ stable,→ stable,100.0,✅ EXCELLENT,False,NONE,3.3,0.0,NONE
1779699131.043,77.1,90.3,31.8,1497.0,45.4,13.78,32.0,32.1,31.9,31.9,optimal,optimal,optimal,optimal,optimal,optimal,↓ decreasing,→ stable,→ stable,100.0,✅ EXCELLENT,False,NONE,3.5,0.0,NONE
1779699132.044,80.9,89.1,31.9,1461.0,45.5,13.79,32.3,32.4,31.6,32.3,optimal,optimal,optimal,optimal,optimal,optimal,↓ decreasing,→ stable,→ stable,100.0,✅ EXCELLENT,False,NONE,3.6,0.4,NONE
1779699133.044,77.7,90.1,31.7,1532.0,44.2,13.81,31.9,31.9,31.7,32.2,optimal,optimal,optimal,optimal,optimal,optimal,↓ decreasing,→ stable,→ stable,100.0,✅ EXCELLENT,False,NONE,3.7,0.0,NONE
1779699134.044,78.8,90.9,31.7,1525.0,45.0,13.81,32.0,31.6,32.0,31.9,optimal,optimal,optimal,optimal,optimal,optimal,↓ decreasing,→ stable,→ stable,100.0,✅ EXCELLENT,False,NONE,3.7,0.0,NONE
1779699135.045,82.5,91.4,32.2,1529.0,45.9,13.75,31.7,32.1,31.7,32.2,optimal,optimal,optimal,optimal,optimal,optimal,↓ decreasing,→ stable,→ stable,100.0,✅ EXCELLENT,False,NONE,3.3,0.0,NONE
1779699136.045,77.3,90.5,32.1,1542.0,44.5,13.84,32.2,32.2,31.6,32.3,optimal,optimal,optimal,optimal,optimal,optimal,↓ decreasing,→ stable,→ stable,100.0,✅ EXCELLENT,False,NONE,3.2,0.0,NONE
1779699137.046,79.8,89.1,31.9,1458.0,44.3,13.8,32.4,32.2,32.2,32.2,optimal,optimal,optimal,optimal,optimal,optimal,↓ decreasing,→ stable,→ stable,100.0,✅ EXCELLENT,False,NONE,3.5,0.4,NONE
1779699138.046,78.1,91.3,32.0,1459.0,44.1,13.78,32.3,31.7,31.9,31.6,optimal,optimal,optimal,optimal,optimal,optimal,↓ decreasing,→ stable,→ stable,100.0,✅ EXCELLENT,False,NONE,3.3,0.0,NONE
1779699139.047,80.9,90.5,32.1,1526.0,44.5,13.79,32.1,31.6,31.8,31.7,optimal,optimal,optimal,optimal,optimal,optimal,↓ decreasing,→ stable,→ stable,100.0,✅ EXCELLENT,False,NONE,3.4,0.0,NONE
1779699140.048,77.2,89.7,32.0,1510.0,44.7,13.82,31.9,31.8,32.2,31.8,optimal,optimal,optimal,optimal,optimal,optimal,↓ decreasing,→ stable,→ stable,100.0,✅ EXCELLENT,False,NONE,3.3,0.0,NONE
1779699141.048,77.3,90.1,32.4,1542.0,44.9,13.78,31.8,32.3,31.6,32.0,optimal,optimal,optimal,optimal,optimal,optimal,→ stable,→ stable,→ stable,100.0,✅ EXCELLENT,False,NONE,2.9,0.0,NONE
1779699142.049,78.9,88.7,31.9,1454.0,46.0,13.77,32.2,31.8,31.9,31.7,optimal,optimal,optimal,optimal,optimal,optimal,↓ decreasing,→ stable,→ stable,100.0,✅ EXCELLENT,False,NONE,3.5,0.8,NONE
1779699143.05,79.9,91.0,32.2,1516.0,44.8,13.81,32.1,32.2,31.8,31.9,optimal,optimal,optimal,optimal,optimal,optimal,→ stable,→ stable,→ stable,100.0,✅ EXCELLENT,False,NONE,3.2,0.0,NONE
1779699144.05,81.0,89.3,32.1,1490.0,44.6,13.83,32.3,31.9,31.9,32.0,optimal,optimal,optimal,optimal,optimal,optimal,→ stable,→ stable,→ stable,100.0,✅ EXCELLENT,False,NONE,3.4,0.2,NONE
1779699145.051,78.2,89.3,32.0,1529.0,45.5,13.82,31.8,32.0,31.8,32.0,optimal,optimal,optimal,optimal,optimal,optimal,→ stable,→ stable,→ stable,100.0,✅ EXCELLENT,False,NONE,3.4,0.2,NONE
1779699146.052,80.0,89.7,32.1,1464.0,44.1,13.77,31.8,31.6,32.4,32.0,optimal,optimal,optimal,optimal,optimal,optimal,→ stable,→ stable,→ stable,100.0,✅ EXCELLENT,False,NONE,3.3,0.0,NONE
1779699147.052,77.8,90.1,31.7,1487.0,44.3,13.78,32.0,31.8,31.9,32.1,optimal,optimal,optimal,optimal,optimal,optimal,→ stable,→ stable,→ stable,100.0,✅ EXCELLENT,False,NONE,3.7,0.0,NONE
1779699148.054,83.0,91.0,31.8,1486.0,44.4,13.78,31.7,32.1,32.0,31.9,optimal,optimal,optimal,optimal,optimal,optimal,↑ increasing,→ stable,→ stable,100.0,✅ EXCELLENT,False,NONE,3.8,0.0,NONE
1779699149.054,77.8,91.0,31.8,1494.0,45.6,13.81,32.2,31.8,31.8,32.4,optimal,optimal,optimal,optimal,optimal,optimal,→ stable,→ stable,→ stable,100.0,✅ EXCELLENT,False,NONE,3.6,0.0,NONE
1779699150.056,78.5,90.5,32.3,1504.0,45.7,13.85,31.9,31.9,31.9,32.4,optimal,optimal,optimal,optimal,optimal,optimal,→ stable,→ stable,→ stable,100.0,✅ EXCELLENT,False,NONE,3.0,0.0,NONE
1779699151.057,79.7,89.5,32.2,1463.0,45.6,13.81,31.6,31.8,31.9,32.3,optimal,optimal,optimal,optimal,optimal,optimal,→ stable,→ stable,→ stable,100.0,✅ EXCELLENT,False,NONE,3.2,0.1,NONE
1779699152.058,78.4,90.2,31.7,1474.0,44.9,13.76,31.9,32.1,32.2,32.0,optimal,optimal,optimal,optimal,optimal,optimal,↑ increasing,→ stable,→ stable,100.0,✅ EXCELLENT,False,NONE,3.7,0.0,NONE
1779699153.058,78.0,88.6,31.8,1509.0,45.5,13.84,32.3,32.4,31.9,31.9,optimal,optimal,optimal,optimal,optimal,optimal,→ stable,→ stable,→ stable,100.0,✅ EXCELLENT,False,NONE,3.6,1.0,NONE
1779699154.059,80.5,88.7,32.0,1462.0,45.0,13.79,32.1,31.9,31.6,32.2,optimal,optimal,optimal,optimal,optimal,optimal,→ stable,→ stable,→ stable,100.0,✅ EXCELLENT,False,NONE,3.5,0.8,NONE
1779699155.06,77.3,90.0,32.0,1505.0,44.5,13.77,31.7,32.0,32.2,31.7,optimal,optimal,optimal,optimal,optimal,optimal,→ stable,→ stable,→ stable,100.0,✅ EXCELLENT,False,NONE,3.3,0.0,NONE
1779699156.061,78.8,88.7,31.7,1536.0,45.0,13.8,31.9,32.2,31.9,31.8,optimal,optimal,optimal,optimal,optimal,optimal,→ stable,→ stable,→ stable,100.0,✅ EXCELLENT,False,NONE,3.7,0.8,NONE
1779699157.061,82.4,88.6,32.0,1469.0,45.7,13.8,31.6,31.8,31.8,32.1,optimal,optimal,optimal,optimal,optimal,optimal,↑ increasing,→ stable,→ stable,100.0,✅ EXCELLENT,False,NONE,3.5,1.0,NONE
1779699158.062,82.7,89.1,32.2,1451.0,45.6,13.84,31.9,32.0,32.2,32.2,optimal,optimal,optimal,optimal,optimal,optimal,→ stable,→ stable,→ stable,100.0,✅ EXCELLENT,False,NONE,3.3,0.4,NONE
1779699159.063,81.1,88.7,31.9,1490.0,45.3,13.77,31.6,32.1,31.8,32.0,optimal,optimal,optimal,optimal,optimal,optimal,↑ increasing,↓ decreasing,→ stable,100.0,✅ EXCELLENT,False,NONE,3.6,0.8,NONE
1779699160.064,79.8,88.5,31.6,1511.0,44.3,13.83,32.1,32.3,32.2,32.4,optimal,optimal,optimal,optimal,optimal,optimal,↑ increasing,↓ decreasing,→ stable,100.0,✅ EXCELLENT,False,NONE,3.9,1.1,NONE
1779699161.064,77.1,90.5,31.9,1480.0,45.6,13.77,31.9,31.9,32.0,32.0,optimal,optimal,optimal,optimal,optimal,optimal,→ stable,↓ decreasing,→ stable,100.0,✅ EXCELLENT,False,NONE,3.4,0.0,NONE
1779699162.064,78.8,90.3,31.6,1525.0,44.6,13.84,32.0,32.3,31.7,32.0,optimal,optimal,optimal,optimal,optimal,optimal,→ stable,↓ decreasing,→ stable,100.0,✅ EXCELLENT,False,NONE,3.8,0.0,NONE
1779699163.065,79.0,91.4,31.6,1493.0,45.6,13.84,32.3,31.7,32.0,31.8,optimal,optimal,optimal,optimal,optimal,optimal,↑ increasing,→ stable,→ stable,100.0,✅ EXCELLENT,False,NONE,3.8,0.0,NONE
1779699164.066,78.5,91.0,32.4,1465.0,45.0,13.77,32.2,32.0,31.9,32.3,optimal,optimal,optimal,optimal,optimal,optimal,→ stable,→ stable,→ stable,100.0,✅ EXCELLENT,False,NONE,2.9,0.0,NONE
1779699165.067,82.8,91.2,31.7,1542.0,45.4,13.78,32.0,32.4,32.1,32.1,optimal,optimal,optimal,optimal,optimal,optimal,↑ increasing,→ stable,→ stable,100.0,✅ EXCELLENT,False,NONE,3.9,0.0,NONE
1779699166.067,79.5,91.4,32.2,1527.0,46.0,13.84,31.7,32.2,32.3,32.2,optimal,optimal,optimal,optimal,optimal,optimal,↑ increasing,→ stable,→ stable,100.0,✅ EXCELLENT,False,NONE,3.2,0.0,NONE
1779699167.068,80.3,88.9,31.6,1496.0,44.9,13.77,32.1,32.2,31.8,32.3,optimal,optimal,optimal,optimal,optimal,optimal,↑ increasing,→ stable,→ stable,100.0,✅ EXCELLENT,False,NONE,3.9,0.6,NONE
1779699168.07,80.0,91.3,32.3,1502.0,45.4,13.79,32.2,32.0,31.8,32.4,optimal,optimal,optimal,optimal,optimal,optimal,→ stable,↑ increasing,→ stable,100.0,✅ EXCELLENT,False,NONE,3.1,0.0,NONE
1779699169.071,81.0,90.7,31.6,1529.0,45.3,13.81,31.8,32.0,32.3,32.4,optimal,optimal,optimal,optimal,optimal,optimal,→ stable,↑ increasing,→ stable,100.0,✅ EXCELLENT,False,NONE,3.9,0.0,NONE
1779699170.071,81.4,90.5,32.1,1469.0,44.3,13.82,32.1,31.6,32.1,32.2,optimal,optimal,optimal,optimal,optimal,optimal,→ stable,↑ increasing,→ stable,100.0,✅ EXCELLENT,False,NONE,3.4,0.0,NONE
1779699171.073,80.8,89.4,32.1,1511.0,44.2,13.84,32.2,32.0,32.3,32.2,optimal,optimal,optimal,optimal,optimal,optimal,↑ increasing,↑ increasing,→ stable,100.0,✅ EXCELLENT,False,NONE,3.3,0.2,NONE
1779699172.074,81.3,90.2,31.6,1453.0,44.0,13.83,32.1,32.2,32.3,32.1,optimal,optimal,optimal,optimal,optimal,optimal,↑ increasing,↑ increasing,→ stable,100.0,✅ EXCELLENT,False,NONE,3.9,0.0,NONE
1779699173.075,78.3,91.0,31.9,1514.0,45.1,13.76,31.8,32.3,31.8,32.3,optimal,optimal,optimal,optimal,optimal,optimal,↑ increasing,↑ increasing,→ stable,100.0,✅ EXCELLENT,False,NONE,3.5,0.0,NONE
1779699174.075,78.8,89.9,31.9,1462.0,45.2,13.76,31.9,32.3,32.0,32.2,optimal,optimal,optimal,optimal,optimal,optimal,↑ increasing,↑ increasing,→ stable,100.0,✅ EXCELLENT,False,NONE,3.5,0.0,NONE
1779699175.076,81.9,88.7,31.7,1453.0,44.2,13.82,32.2,32.0,31.7,31.6,optimal,optimal,optimal,optimal,optimal,optimal,→ stable,→ stable,→ stable,100.0,✅ EXCELLENT,False,NONE,3.9,0.8,NONE
1779699176.077,79.3,90.7,32.0,1487.0,45.4,13.84,32.2,32.3,32.1,31.7,optimal,optimal,optimal,optimal,optimal,optimal,→ stable,→ stable,→ stable,100.0,✅ EXCELLENT,False,NONE,3.4,0.0,NONE
1779699177.078,80.6,89.5,32.1,1478.0,45.0,13.83,31.6,31.8,31.8,32.3,optimal,optimal,optimal,optimal,optimal,optimal,→ stable,→ stable,→ stable,100.0,✅ EXCELLENT,False,NONE,3.3,0.1,NONE
1779699178.079,77.1,89.8,32.0,1523.0,44.2,13.79,32.1,32.4,32.3,31.7,optimal,optimal,optimal,optimal,optimal,optimal,→ stable,→ stable,→ stable,100.0,✅ EXCELLENT,False,NONE,3.3,0.0,NONE
1779699179.081,81.8,89.9,32.3,1504.0,44.1,13.79,32.0,32.0,31.7,32.2,optimal,optimal,optimal,optimal,optimal,optimal,→ stable,↓ decreasing,→ stable,100.0,✅ EXCELLENT,False,NONE,3.2,0.0,NONE
1779699180.082,78.6,91.2,31.6,1525.0,44.3,13.83,31.7,32.2,31.8,31.9,optimal,optimal,optimal,optimal,optimal,optimal,→ stable,↓ decreasing,→ stable,100.0,✅ EXCELLENT,False,NONE,3.8,0.0,NONE
1779699181.083,82.2,90.3,31.7,1511.0,45.6,13.79,32.1,32.2,32.3,32.3,optimal,optimal,optimal,optimal,optimal,optimal,→ stable,→ stable,→ stable,100.0,✅ EXCELLENT,False,NONE,3.9,0.0,NONE
1779699182.084,81.5,90.8,31.6,1508.0,45.8,13.83,31.9,31.9,32.3,32.1,optimal,optimal,optimal,optimal,optimal,optimal,→ stable,→ stable,→ stable,100.0,✅ EXCELLENT,False,NONE,4.0,0.0,NONE
1779699183.085,79.9,91.1,31.7,1528.0,44.0,13.83,32.0,31.9,31.9,32.0,optimal,optimal,optimal,optimal,optimal,optimal,→ stable,→ stable,→ stable,100.0,✅ EXCELLENT,False,NONE,3.8,0.0,NONE
1779699184.085,78.6,90.1,31.7,1462.0,45.1,13.83,31.8,32.0,32.2,31.8,optimal,optimal,optimal,optimal,optimal,optimal,→ stable,→ stable,→ stable,100.0,✅ EXCELLENT,False,NONE,3.7,0.0,NONE
1779699185.086,81.4,88.9,32.4,1481.0,45.2,13.76,32.2,32.3,32.0,32.1,optimal,optimal,optimal,optimal,optimal,optimal,→ stable,→ stable,→ stable,100.0,✅ EXCELLENT,False,NONE,3.0,0.6,NONE
1779699186.087,81.0,90.9,32.3,1455.0,45.4,13.82,32.1,32.2,32.2,31.9,optimal,optimal,optimal,optimal,optimal,optimal,→ stable,→ stable,→ stable,100.0,✅ EXCELLENT,False,NONE,3.1,0.0,NONE
1779699187.088,82.0,89.1,31.9,1550.0,44.0,13.78,31.9,32.3,32.0,32.1,optimal,optimal,optimal,optimal,optimal,optimal,→ stable,→ stable,→ stable,100.0,✅ EXCELLENT,False,NONE,3.6,0.4,NONE
1779699188.089,77.4,88.5,31.9,1542.0,44.9,13.77,32.3,32.2,32.3,32.0,optimal,optimal,optimal,optimal,optimal,optimal,→ stable,→ stable,→ stable,100.0,✅ EXCELLENT,False,NONE,3.4,1.1,NONE
1779699189.09,81.8,88.9,31.8,1515.0,45.2,13.76,32.1,32.1,32.3,31.7,optimal,optimal,optimal,optimal,optimal,optimal,→ stable,→ stable,→ stable,100.0,✅ EXCELLENT,False,NONE,3.7,0.6,NONE
1779699190.091,81.4,88.8,32.2,1499.0,44.6,13.84,31.7,32.3,31.9,32.1,optimal,optimal,optimal,optimal,optimal,optimal,↑ increasing,→ stable,→ stable,100.0,✅ EXCELLENT,False,NONE,3.3,0.7,NONE
1779699191.092,80.0,91.1,32.0,1497.0,44.6,13.83,32.2,31.7,32.3,32.0,optimal,optimal,optimal,optimal,optimal,optimal,↑ increasing,→ stable,→ stable,100.0,✅ EXCELLENT,False,NONE,3.4,0.0,NONE
1779699192.092,82.0,89.9,31.7,1474.0,44.2,13.81,32.3,32.0,32.2,31.8,optimal,optimal,optimal,optimal,optimal,optimal,↑ increasing,→ stable,→ stable,100.0,✅ EXCELLENT,False,NONE,3.9,0.0,NONE
1779699193.092,79.7,89.0,32.0,1502.0,44.6,13.84,32.3,32.4,32.1,32.1,optimal,optimal,optimal,optimal,optimal,optimal,→ stable,↓ decreasing,→ stable,100.0,✅ EXCELLENT,False,NONE,3.4,0.5,NONE
1779699194.093,83.0,90.7,31.7,1506.0,45.2,13.75,32.2,31.9,32.0,32.2,optimal,optimal,optimal,optimal,optimal,optimal,↑ increasing,↓ decreasing,→ stable,100.0,✅ EXCELLENT,False,NONE,3.9,0.0,NONE
1779699195.093,81.5,91.1,31.8,1453.0,45.1,13.83,31.8,32.4,31.7,31.9,optimal,optimal,optimal,optimal,optimal,optimal,↑ increasing,→ stable,→ stable,100.0,✅ EXCELLENT,False,NONE,3.7,0.0,NONE
1779699196.094,78.1,90.6,32.0,1496.0,45.1,13.78,32.0,31.8,32.1,31.7,optimal,optimal,optimal,optimal,optimal,optimal,→ stable,→ stable,→ stable,100.0,✅ EXCELLENT,False,NONE,3.3,0.0,NONE
1779699197.095,79.9,90.6,32.0,1510.0,44.1,13.77,31.9,32.2,31.8,31.6,optimal,optimal,optimal,optimal,optimal,optimal,→ stable,→ stable,→ stable,100.0,✅ EXCELLENT,False,NONE,3.4,0.0,NONE
1779699198.096,80.0,89.0,32.4,1540.0,45.3,13.81,32.1,32.3,32.4,31.9,optimal,optimal,optimal,optimal,optimal,optimal,→ stable,→ stable,→ stable,100.0,✅ EXCELLENT,False,NONE,3.0,0.5,NONE
1779699199.096,80.6,90.6,31.9,1452.0,44.3,13.83,31.6,32.2,31.7,31.8,optimal,optimal,optimal,optimal,optimal,optimal,→ stable,→ stable,→ stable,100.0,✅ EXCELLENT,False,NONE,3.6,0.0,NONE
1779699200.097,78.0,91.4,32.0,1479.0,44.2,13.77,32.3,31.7,31.9,32.3,optimal,optimal,optimal,optimal,optimal,optimal,→ stable,↑ increasing,→ stable,100.0,✅ EXCELLENT,False,NONE,3.3,0.0,NONE
1779699201.098,80.0,88.6,32.1,1477.0,44.9,13.76,32.1,31.9,31.8,32.4,optimal,optimal,optimal,optimal,optimal,optimal,→ stable,→ stable,→ stable,100.0,✅ EXCELLENT,False,NONE,3.3,1.0,NONE
1779699202.099,78.2,91.2,31.8,1462.0,45.1,13.79,31.9,32.2,32.3,32.3,optimal,optimal,optimal,optimal,optimal,optimal,↓ decreasing,↑ increasing,→ stable,100.0,✅ EXCELLENT,False,NONE,3.6,0.0,NONE
1779699203.1,78.5,89.0,31.6,1529.0,44.3,13.85,31.8,31.9,31.7,31.7,optimal,optimal,optimal,optimal,optimal,optimal,↓ decreasing,↑ increasing,→ stable,100.0,✅ EXCELLENT,False,NONE,3.8,0.5,NONE
1779699204.101,82.2,88.6,31.9,1522.0,44.9,13.77,31.9,32.3,32.1,31.9,optimal,optimal,optimal,optimal,optimal,optimal,↓ decreasing,→ stable,→ stable,100.0,✅ EXCELLENT,False,NONE,3.6,1.0,NONE
1779699205.102,78.5,89.5,32.3,1489.0,44.3,13.84,31.6,31.7,32.1,31.7,optimal,optimal,optimal,optimal,optimal,optimal,↓ decreasing,→ stable,→ stable,100.0,✅ EXCELLENT,False,NONE,3.0,0.1,NONE
1779699206.103,78.8,89.9,31.9,1452.0,44.5,13.79,32.3,31.7,32.0,31.8,optimal,optimal,optimal,optimal,optimal,optimal,↓ decreasing,→ stable,→ stable,100.0,✅ EXCELLENT,False,NONE,3.5,0.0,NONE
1779699207.104,78.2,90.1,32.2,1542.0,45.9,13.76,31.7,32.2,32.1,31.7,optimal,optimal,optimal,optimal,optimal,optimal,↓ decreasing,→ stable,→ stable,100.0,✅ EXCELLENT,False,NONE,3.1,0.0,NONE
1779699208.105,80.2,90.6,31.8,1503.0,44.4,13.84,32.0,32.0,32.1,32.2,optimal,optimal,optimal,optimal,optimal,optimal,↓ decreasing,→ stable,→ stable,100.0,✅ EXCELLENT,False,NONE,3.7,0.0,NONE
1779699209.106,79.2,88.7,32.2,1464.0,45.2,13.85,31.8,31.9,31.9,31.8,optimal,optimal,optimal,optimal,optimal,optimal,↓ decreasing,→ stable,→ stable,100.0,✅ EXCELLENT,False,NONE,3.2,0.8,NONE
1779699210.105,77.8,90.2,32.3,1510.0,44.5,13.79,31.9,32.3,31.9,32.2,optimal,optimal,optimal,optimal,optimal,optimal,↓ decreasing,↓ decreasing,→ stable,100.0,✅ EXCELLENT,False,NONE,3.0,0.0,NONE
1779699211.107,77.3,88.5,32.2,1506.0,44.3,13.77,31.9,31.8,32.4,31.7,optimal,optimal,optimal,optimal,optimal,optimal,↓ decreasing,↓ decreasing,→ stable,100.0,✅ EXCELLENT,False,NONE,3.1,1.1,NONE
1779699212.108,77.1,89.7,32.0,1525.0,45.6,13.77,31.8,32.2,31.6,31.7,optimal,optimal,optimal,optimal,optimal,optimal,↓ decreasing,↓ decreasing,→ stable,100.0,✅ EXCELLENT,False,NONE,3.3,0.0,NONE
1779699213.109,82.7,88.8,31.9,1462.0,44.4,13.79,32.0,32.4,31.7,32.2,optimal,optimal,optimal,optimal,optimal,optimal,↓ decreasing,↓ decreasing,→ stable,100.0,✅ EXCELLENT,False,NONE,3.7,0.7,NONE
1779699214.11,79.1,90.7,32.2,1535.0,44.6,13.85,31.9,32.0,32.2,32.2,optimal,optimal,optimal,optimal,optimal,optimal,↓ decreasing,→ stable,→ stable,100.0,✅ EXCELLENT,False,NONE,3.2,0.0,NONE
1779699215.111,80.5,90.3,32.2,1470.0,45.0,13.85,32.4,31.6,31.9,32.0,optimal,optimal,optimal,optimal,optimal,optimal,→ stable,→ stable,→ stable,100.0,✅ EXCELLENT,False,NONE,3.2,0.0,NONE
1779699216.111,78.3,90.1,31.9,1516.0,44.4,13.81,31.9,31.7,32.2,32.2,optimal,optimal,optimal,optimal,optimal,optimal,→ stable,→ stable,→ stable,100.0,✅ EXCELLENT,False,NONE,3.5,0.0,NONE
1779699217.112,77.9,90.2,32.2,1452.0,44.3,13.81,32.1,32.2,31.6,32.2,optimal,optimal,optimal,optimal,optimal,optimal,→ stable,→ stable,→ stable,100.0,✅ EXCELLENT,False,NONE,3.1,0.0,NONE
1779699218.113,81.2,88.8,32.2,1454.0,45.9,13.8,32.0,31.6,32.2,32.2,optimal,optimal,optimal,optimal,optimal,optimal,→ stable,→ stable,→ stable,100.0,✅ EXCELLENT,False,NONE,3.2,0.7,NONE
1779699219.114,81.4,88.8,31.7,1504.0,44.2,13.76,32.1,32.3,31.8,32.0,optimal,optimal,optimal,optimal,optimal,optimal,→ stable,→ stable,→ stable,100.0,✅ EXCELLENT,False,NONE,3.8,0.7,NONE
1779699220.114,79.5,88.9,32.1,1506.0,44.4,13.75,32.4,31.9,31.9,31.9,optimal,optimal,optimal,optimal,optimal,optimal,→ stable,→ stable,→ stable,100.0,✅ EXCELLENT,False,NONE,3.3,0.6,NONE
1779699221.115,79.0,91.1,31.7,1485.0,44.8,13.78,31.7,32.3,31.9,32.4,optimal,optimal,optimal,optimal,optimal,optimal,↑ increasing,→ stable,→ stable,100.0,✅ EXCELLENT,False,NONE,3.7,0.0,NONE
1779699222.116,77.0,90.4,31.7,1522.0,44.1,13.75,32.2,31.7,31.6,32.3,optimal,optimal,optimal,optimal,optimal,optimal,↑ increasing,→ stable,→ stable,100.0,✅ EXCELLENT,False,NONE,3.6,0.0,NONE
1779699223.117,80.9,89.6,32.2,1475.0,44.6,13.76,31.8,32.0,32.1,31.7,optimal,optimal,optimal,optimal,optimal,optimal,→ stable,→ stable,→ stable,100.0,✅ EXCELLENT,False,NONE,3.2,0.1,NONE
1779699224.118,81.5,88.7,32.0,1544.0,45.5,13.8,31.8,32.1,32.1,32.3,optimal,optimal,optimal,optimal,optimal,optimal,↑ increasing,→ stable,→ stable,100.0,✅ EXCELLENT,False,NONE,3.5,0.8,NONE
1779699225.119,80.0,90.6,31.7,1519.0,45.6,13.79,31.8,32.1,32.1,32.2,optimal,optimal,optimal,optimal,optimal,optimal,↑ increasing,→ stable,→ stable,100.0,✅ EXCELLENT,False,NONE,3.8,0.0,NONE
1779699226.119,80.6,91.3,32.3,1511.0,45.0,13.84,32.1,32.2,32.2,31.8,optimal,optimal,optimal,optimal,optimal,optimal,↑ increasing,→ stable,→ stable,100.0,✅ EXCELLENT,False,NONE,3.1,0.0,NONE
1779699227.12,78.8,90.2,32.1,1543.0,44.3,13.83,32.4,32.1,32.0,32.0,optimal,optimal,optimal,optimal,optimal,optimal,↑ increasing,→ stable,→ stable,100.0,✅ EXCELLENT,False,NONE,3.3,0.0,NONE
1779699228.12,81.0,89.1,31.7,1490.0,44.4,13.84,32.2,32.2,31.7,32.0,optimal,optimal,optimal,optimal,optimal,optimal,↑ increasing,→ stable,→ stable,100.0,✅ EXCELLENT,False,NONE,3.8,0.4,NONE
1779699229.121,77.4,89.4,32.2,1519.0,45.7,13.76,31.9,32.3,32.0,32.0,optimal,optimal,optimal,optimal,optimal,optimal,→ stable,→ stable,→ stable,100.0,✅ EXCELLENT,False,NONE,3.1,0.2,NONE
1779699230.122,79.8,89.4,31.7,1523.0,44.3,13.77,32.1,32.0,32.0,31.8,optimal,optimal,optimal,optimal,optimal,optimal,→ stable,→ stable,→ stable,100.0,✅ EXCELLENT,False,NONE,3.8,0.2,NONE
1779699231.123,81.0,89.2,31.8,1520.0,45.9,13.78,31.9,31.9,32.0,32.2,optimal,optimal,optimal,optimal,optimal,optimal,→ stable,→ stable,→ stable,100.0,✅ EXCELLENT,False,NONE,3.7,0.3,NONE
1779699232.124,78.0,89.9,32.0,1502.0,45.0,13.82,32.1,31.7,32.3,31.6,optimal,optimal,optimal,optimal,optimal,optimal,→ stable,→ stable,→ stable,100.0,✅ EXCELLENT,False,NONE,3.3,0.0,NONE
1779699233.124,77.1,89.4,31.9,1472.0,45.9,13.85,31.6,31.7,32.1,32.1,optimal,optimal,optimal,optimal,optimal,optimal,→ stable,→ stable,→ stable,100.0,✅ EXCELLENT,False,NONE,3.4,0.2,NONE
1779699234.125,79.2,89.9,32.2,1503.0,45.9,13.79,32.2,31.7,31.9,32.2,optimal,optimal,optimal,optimal,optimal,optimal,→ stable,→ stable,→ stable,100.0,✅ EXCELLENT,False,NONE,3.2,0.0,NONE
1779699235.126,82.7,89.7,31.9,1483.0,44.7,13.84,32.3,31.6,31.9,31.8,optimal,optimal,optimal,optimal,optimal,optimal,→ stable,→ stable,→ stable,100.0,✅ EXCELLENT,False,NONE,3.7,0.0,NONE
1779699236.127,82.5,90.6,31.8,1494.0,44.7,13.81,32.2,32.3,32.3,32.0,optimal,optimal,optimal,optimal,optimal,optimal,→ stable,→ stable,→ stable,100.0,✅ EXCELLENT,False,NONE,3.8,0.0,NONE
1779699237.128,82.9,88.9,32.3,1508.0,45.9,13.83,31.8,31.9,32.1,32.1,optimal,optimal,optimal,optimal,optimal,optimal,→ stable,→ stable,→ stable,100.0,✅ EXCELLENT,False,NONE,3.2,0.6,NONE
1779699238.128,79.0,90.2,32.0,1460.0,44.8,13.8,32.1,31.7,32.0,31.8,optimal,optimal,optimal,optimal,optimal,optimal,→ stable,→ stable,→ stable,100.0,✅ EXCELLENT,False,NONE,3.4,0.0,NONE
1779699239.129,78.3,89.5,31.9,1487.0,45.9,13.76,31.7,31.7,31.7,31.8,optimal,optimal,optimal,optimal,optimal,optimal,→ stable,→ stable,→ stable,100.0,✅ EXCELLENT,False,NONE,3.5,0.1,NONE
1779699240.129,81.4,90.9,32.0,1519.0,44.3,13.84,31.7,31.9,32.2,32.3,optimal,optimal,optimal,optimal,optimal,optimal,↑ increasing,→ stable,→ stable,100.0,✅ EXCELLENT,False,NONE,3.5,0.0,NONE
1779699241.131,82.3,90.8,31.6,1479.0,44.3,13.75,31.8,32.0,31.9,31.6,optimal,optimal,optimal,optimal,optimal,optimal,↑ increasing,→ stable,→ stable,100.0,✅ EXCELLENT,False,NONE,4.0,0.0,NONE
1779699242.131,81.9,91.2,31.7,1515.0,44.9,13.79,31.6,31.9,31.7,32.0,optimal,optimal,optimal,optimal,optimal,optimal,↑ increasing,→ stable,→ stable,100.0,✅ EXCELLENT,False,NONE,3.9,0.0,NONE
1779699243.132,79.6,89.2,32.0,1505.0,45.4,13.8,32.4,32.1,32.0,32.3,optimal,optimal,optimal,optimal,optimal,optimal,↑ increasing,→ stable,→ stable,100.0,✅ EXCELLENT,False,NONE,3.4,0.3,NONE
1779699244.132,79.3,90.9,31.7,1475.0,44.1,13.84,32.0,32.2,31.7,32.1,optimal,optimal,optimal,optimal,optimal,optimal,↑ increasing,→ stable,→ stable,100.0,✅ EXCELLENT,False,NONE,3.7,0.0,NONE
1779699245.133,79.6,89.1,31.6,1534.0,44.9,13.84,31.9,32.1,32.0,32.3,optimal,optimal,optimal,optimal,optimal,optimal,↑ increasing,→ stable,→ stable,100.0,✅ EXCELLENT,False,NONE,3.9,0.4,NONE
1779699246.134,77.7,89.9,31.7,1520.0,44.2,13.85,32.1,32.4,31.7,31.9,optimal,optimal,optimal,optimal,optimal,optimal,→ stable,→ stable,→ stable,100.0,✅ EXCELLENT,False,NONE,3.7,0.0,NONE
1779699247.134,81.6,88.6,31.9,1456.0,45.5,13.84,31.7,31.7,32.1,32.4,optimal,optimal,optimal,optimal,optimal,optimal,→ stable,→ stable,→ stable,100.0,✅ EXCELLENT,False,NONE,3.6,1.0,NONE
1779699248.135,77.9,90.4,31.7,1522.0,44.4,13.76,32.1,31.9,32.3,31.8,optimal,optimal,optimal,optimal,optimal,optimal,→ stable,→ stable,→ stable,100.0,✅ EXCELLENT,False,NONE,3.7,0.0,NONE
1779699249.136,81.0,89.4,32.2,1502.0,44.6,13.79,31.6,32.4,31.9,32.0,optimal,optimal,optimal,optimal,optimal,optimal,→ stable,→ stable,→ stable,100.0,✅ EXCELLENT,False,NONE,3.2,0.2,NONE
1779699250.136,78.6,89.3,31.7,1521.0,45.2,13.76,32.3,32.2,32.4,32.0,optimal,optimal,optimal,optimal,optimal,optimal,→ stable,→ stable,→ stable,100.0,✅ EXCELLENT,False,NONE,3.7,0.2,NONE
1779699251.136,82.8,89.9,31.6,1498.0,45.1,13.75,31.6,31.7,31.8,31.9,optimal,optimal,optimal,optimal,optimal,optimal,→ stable,→ stable,→ stable,100.0,✅ EXCELLENT,False,NONE,4.0,0.0,NONE
1779699252.138,78.2,89.3,31.9,1455.0,45.9,13.75,32.3,32.3,32.2,32.1,optimal,optimal,optimal,optimal,optimal,optimal,↓ decreasing,↓ decreasing,→ stable,100.0,✅ EXCELLENT,False,NONE,3.5,0.2,NONE
1779699253.139,79.7,89.8,31.7,1458.0,45.2,13.79,32.3,31.7,32.4,31.8,optimal,optimal,optimal,optimal,optimal,optimal,↓ decreasing,→ stable,→ stable,100.0,✅ EXCELLENT,False,NONE,3.8,0.0,NONE
1779699254.14,80.3,90.1,31.9,1492.0,45.2,13.83,31.8,32.1,32.2,32.0,optimal,optimal,optimal,optimal,optimal,optimal,↓ decreasing,↓ decreasing,→ stable,100.0,✅ EXCELLENT,False,NONE,3.6,0.0,NONE
1779699255.141,77.5,91.3,31.7,1492.0,45.3,13.78,32.4,32.3,31.7,32.1,optimal,optimal,optimal,optimal,optimal,optimal,↓ decreasing,→ stable,→ stable,100.0,✅ EXCELLENT,False,NONE,3.7,0.0,NONE
1779699256.141,80.0,90.8,32.2,1451.0,44.3,13.76,31.7,31.8,32.0,32.3,optimal,optimal,optimal,optimal,optimal,optimal,→ stable,→ stable,→ stable,100.0,✅ EXCELLENT,False,NONE,3.2,0.0,NONE
1779699257.143,77.0,91.0,32.0,1472.0,45.5,13.79,31.6,31.6,31.8,31.8,optimal,optimal,optimal,optimal,optimal,optimal,↓ decreasing,→ stable,→ stable,100.0,✅ EXCELLENT,False,NONE,3.3,0.0,NONE
1779699258.143,80.7,91.4,32.4,1549.0,45.5,13.85,32.0,32.3,32.4,32.0,optimal,optimal,optimal,optimal,optimal,optimal,→ stable,→ stable,→ stable,100.0,✅ EXCELLENT,False,NONE,3.0,0.0,NONE
1779699259.144,79.9,91.4,32.3,1543.0,45.1,13.82,31.8,31.9,32.1,32.0,optimal,optimal,optimal,optimal,optimal,optimal,↓ decreasing,→ stable,→ stable,100.0,✅ EXCELLENT,False,NONE,3.1,0.0,NONE
1779699260.145,80.4,89.7,31.8,1550.0,45.3,13.81,32.0,31.8,31.6,31.8,optimal,optimal,optimal,optimal,optimal,optimal,→ stable,↑ increasing,→ stable,100.0,✅ EXCELLENT,False,NONE,3.7,0.0,NONE
1779699261.146,81.0,88.6,31.9,1452.0,45.1,13.76,32.2,31.8,31.9,31.8,optimal,optimal,optimal,optimal,optimal,optimal,↓ decreasing,↑ increasing,→ stable,100.0,✅ EXCELLENT,False,NONE,3.6,1.0,NONE
1779699262.146,80.4,91.3,32.0,1486.0,44.6,13.78,31.7,32.3,32.2,32.0,optimal,optimal,optimal,optimal,optimal,optimal,→ stable,↑ increasing,→ stable,100.0,✅ EXCELLENT,False,NONE,3.4,0.0,NONE
1779699263.146,78.3,88.7,32.1,1539.0,45.5,13.77,32.1,31.9,32.1,31.8,optimal,optimal,optimal,optimal,optimal,optimal,→ stable,↑ increasing,→ stable,100.0,✅ EXCELLENT,False,NONE,3.2,0.8,NONE
1779699264.147,82.5,89.6,31.7,1542.0,45.7,13.76,31.7,32.0,31.8,31.7,optimal,optimal,optimal,optimal,optimal,optimal,→ stable,↑ increasing,→ stable,100.0,✅ EXCELLENT,False,NONE,3.9,0.1,NONE
1779699265.148,78.8,90.4,31.7,1476.0,44.3,13.75,32.2,32.4,32.3,32.1,optimal,optimal,optimal,optimal,optimal,optimal,→ stable,→ stable,→ stable,100.0,✅ EXCELLENT,False,NONE,3.7,0.0,NONE
1779699266.149,82.9,88.8,31.6,1468.0,44.8,13.8,32.1,32.1,32.0,32.2,optimal,optimal,optimal,optimal,optimal,optimal,→ stable,→ stable,→ stable,100.0,✅ EXCELLENT,False,NONE,4.0,0.7,NONE
1779699267.15,78.2,88.8,32.2,1540.0,44.2,13.75,32.2,31.6,31.6,31.8,optimal,optimal,optimal,optimal,optimal,optimal,↑ increasing,→ stable,→ stable,100.0,✅ EXCELLENT,False,NONE,3.1,0.7,NONE
1779699268.15,81.3,88.9,32.1,1479.0,45.5,13.76,32.1,32.2,32.4,31.7,optimal,optimal,optimal,optimal,optimal,optimal,↑ increasing,↓ decreasing,→ stable,100.0,✅ EXCELLENT,False,NONE,3.4,0.6,NONE
1779699269.151,81.2,89.9,31.6,1538.0,44.3,13.85,32.4,31.7,31.9,31.7,optimal,optimal,optimal,optimal,optimal,optimal,↑ increasing,↓ decreasing,→ stable,100.0,✅ EXCELLENT,False,NONE,3.9,0.0,NONE
1779699270.152,79.8,90.4,32.2,1526.0,45.6,13.82,32.0,32.3,31.9,32.2,optimal,optimal,optimal,optimal,optimal,optimal,↑ increasing,↓ decreasing,→ stable,100.0,✅ EXCELLENT,False,NONE,3.2,0.0,NONE
1779699271.153,77.6,90.2,31.7,1490.0,44.4,13.82,32.3,31.6,32.1,31.8,optimal,optimal,optimal,optimal,optimal,optimal,↑ increasing,↓ decreasing,→ stable,100.0,✅ EXCELLENT,False,NONE,3.7,0.0,NONE
1779699272.154,78.0,91.0,31.7,1465.0,46.0,13.75,32.0,32.1,32.1,32.0,optimal,optimal,optimal,optimal,optimal,optimal,→ stable,↓ decreasing,→ stable,100.0,✅ EXCELLENT,False,NONE,3.7,0.0,NONE
1779699273.155,81.5,90.0,32.2,1476.0,44.7,13.79,31.6,32.1,31.6,31.9,optimal,optimal,optimal,optimal,optimal,optimal,↑ increasing,↓ decreasing,→ stable,100.0,✅ EXCELLENT,False,NONE,3.3,0.0,NONE
1779699274.156,77.0,90.4,32.0,1550.0,44.1,13.82,31.7,32.3,32.0,32.3,optimal,optimal,optimal,optimal,optimal,optimal,→ stable,→ stable,→ stable,100.0,✅ EXCELLENT,False,NONE,3.3,0.0,NONE
1779699275.157,81.0,90.2,32.1,1540.0,44.9,13.79,32.1,31.7,31.6,32.2,optimal,optimal,optimal,optimal,optimal,optimal,→ stable,→ stable,→ stable,100.0,✅ EXCELLENT,False,NONE,3.4,0.0,NONE
1779699276.158,80.7,88.8,31.9,1537.0,44.1,13.84,32.0,32.3,31.8,31.6,optimal,optimal,optimal,optimal,optimal,optimal,↓ decreasing,→ stable,→ stable,100.0,✅ EXCELLENT,False,NONE,3.6,0.7,NONE
1779699277.159,81.1,91.4,31.8,1482.0,44.6,13.78,32.3,32.3,32.3,31.9,optimal,optimal,optimal,optimal,optimal,optimal,→ stable,→ stable,→ stable,100.0,✅ EXCELLENT,False,NONE,3.7,0.0,NONE
1779699278.16,80.0,89.4,32.4,1470.0,45.7,13.83,31.6,32.3,31.9,31.6,optimal,optimal,optimal,optimal,optimal,optimal,↓ decreasing,↑ increasing,→ stable,100.0,✅ EXCELLENT,False,NONE,3.0,0.2,NONE
1779699279.161,81.8,91.2,32.1,1514.0,45.0,13.81,31.7,31.8,31.8,32.1,optimal,optimal,optimal,optimal,optimal,optimal,↓ decreasing,↑ increasing,→ stable,100.0,✅ EXCELLENT,False,NONE,3.4,0.0,NONE
1779699280.162,80.9,89.2,32.1,1472.0,45.2,13.81,31.9,32.1,32.1,32.2,optimal,optimal,optimal,optimal,optimal,optimal,→ stable,↑ increasing,→ stable,100.0,✅ EXCELLENT,False,NONE,3.4,0.3,NONE
1779699281.162,81.5,91.0,31.6,1482.0,45.6,13.77,31.6,31.9,31.8,32.0,optimal,optimal,optimal,optimal,optimal,optimal,→ stable,↑ increasing,→ stable,100.0,✅ EXCELLENT,False,NONE,4.0,0.0,NONE
1779699282.163,81.5,90.0,31.7,1504.0,44.5,13.81,31.9,32.2,31.9,31.7,optimal,optimal,optimal,optimal,optimal,optimal,↑ increasing,→ stable,→ stable,100.0,✅ EXCELLENT,False,NONE,3.8,0.0,NONE
1779699283.163,77.7,90.2,32.2,1494.0,44.6,13.76,31.8,31.9,32.1,31.7,optimal,optimal,optimal,optimal,optimal,optimal,→ stable,→ stable,→ stable,100.0,✅ EXCELLENT,False,NONE,3.1,0.0,NONE
1779699284.164,79.7,90.2,31.7,1461.0,45.9,13.82,32.1,32.3,31.7,31.7,optimal,optimal,optimal,optimal,optimal,optimal,↑ increasing,→ stable,→ stable,100.0,✅ EXCELLENT,False,NONE,3.8,0.0,NONE
1779699285.164,79.6,88.8,31.9,1457.0,45.0,13.81,31.7,32.3,31.7,32.2,optimal,optimal,optimal,optimal,optimal,optimal,↑ increasing,→ stable,→ stable,100.0,✅ EXCELLENT,False,NONE,3.5,0.7,NONE
1779699286.166,82.0,89.8,32.2,1473.0,44.5,13.79,32.1,32.4,31.7,32.1,optimal,optimal,optimal,optimal,optimal,optimal,↑ increasing,→ stable,→ stable,100.0,✅ EXCELLENT,False,NONE,3.3,0.0,NONE
1779699287.167,81.7,91.2,31.9,1530.0,45.7,13.82,31.7,32.0,31.8,32.0,optimal,optimal,optimal,optimal,optimal,optimal,↑ increasing,→ stable,→ stable,100.0,✅ EXCELLENT,False,NONE,3.6,0.0,NONE
1779699288.168,81.3,89.6,32.0,1459.0,44.3,13.81,31.9,31.7,31.7,32.3,optimal,optimal,optimal,optimal,optimal,optimal,↑ increasing,→ stable,→ stable,100.0,✅ EXCELLENT,False,NONE,3.5,0.1,NONE
1779699289.169,80.5,89.3,32.2,1528.0,45.3,13.76,32.1,32.0,31.9,32.4,optimal,optimal,optimal,optimal,optimal,optimal,↑ increasing,→ stable,→ stable,100.0,✅ EXCELLENT,False,NONE,3.2,0.2,NONE
1779699290.17,82.9,90.9,32.2,1469.0,44.8,13.82,32.0,31.7,32.1,32.2,optimal,optimal,optimal,optimal,optimal,optimal,↑ increasing,→ stable,→ stable,100.0,✅ EXCELLENT,False,NONE,3.3,0.0,NONE
1779699291.171,77.1,90.3,31.8,1546.0,44.5,13.79,32.1,32.0,32.3,32.0,optimal,optimal,optimal,optimal,optimal,optimal,→ stable,→ stable,→ stable,100.0,✅ EXCELLENT,False,NONE,3.5,0.0,NONE
1779699292.171,79.1,91.1,32.1,1451.0,45.5,13.77,32.2,31.7,31.7,32.4,optimal,optimal,optimal,optimal,optimal,optimal,↓ decreasing,→ stable,→ stable,100.0,✅ EXCELLENT,False,NONE,3.3,0.0,NONE
1779699293.172,77.7,89.3,31.9,1507.0,44.6,13.8,31.8,32.4,31.6,32.3,optimal,optimal,optimal,optimal,optimal,optimal,→ stable,→ stable,→ stable,100.0,✅ EXCELLENT,False,NONE,3.4,0.2,NONE
1779699294.173,78.7,91.1,31.7,1521.0,45.6,13.75,32.3,31.9,31.9,32.4,optimal,optimal,optimal,optimal,optimal,optimal,↓ decreasing,→ stable,→ stable,100.0,✅ EXCELLENT,False,NONE,3.7,0.0,NONE
1779699295.174,78.2,90.7,32.1,1533.0,44.4,13.82,32.2,32.3,32.1,31.6,optimal,optimal,optimal,optimal,optimal,optimal,↓ decreasing,→ stable,→ stable,100.0,✅ EXCELLENT,False,NONE,3.2,0.0,NONE
1779699296.175,82.7,89.6,32.1,1504.0,44.0,13.84,32.0,32.2,32.2,32.4,optimal,optimal,optimal,optimal,optimal,optimal,↓ decreasing,→ stable,→ stable,100.0,✅ EXCELLENT,False,NONE,3.4,0.1,NONE
1779699297.176,79.4,90.6,31.6,1483.0,44.6,13.75,32.4,31.6,31.7,32.4,optimal,optimal,optimal,optimal,optimal,optimal,↓ decreasing,→ stable,→ stable,100.0,✅ EXCELLENT,False,NONE,3.9,0.0,NONE
1779699298.177,77.6,90.5,31.7,1515.0,44.9,13.82,31.8,32.3,31.8,32.0,optimal,optimal,optimal,optimal,optimal,optimal,↓ decreasing,→ stable,→ stable,100.0,✅ EXCELLENT,False,NONE,3.7,0.0,NONE
1779699299.177,82.8,88.6,32.3,1483.0,44.8,13.79,31.7,32.1,31.8,32.3,optimal,optimal,optimal,optimal,optimal,optimal,↓ decreasing,→ stable,→ stable,100.0,✅ EXCELLENT,False,NONE,3.2,1.0,NONE
1779699300.178,82.5,91.3,32.2,1472.0,45.0,13.78,31.8,31.6,32.3,31.8,optimal,optimal,optimal,optimal,optimal,optimal,↓ decreasing,→ stable,→ stable,100.0,✅ EXCELLENT,False,NONE,3.3,0.0,NONE
1779699301.179,79.8,89.9,32.2,1500.0,44.6,13.8,31.9,31.7,31.7,31.8,optimal,optimal,optimal,optimal,optimal,optimal,↓ decreasing,→ stable,→ stable,100.0,✅ EXCELLENT,False,NONE,3.2,0.0,NONE
1779699302.179,77.3,89.4,32.1,1499.0,45.4,13.77,31.7,32.1,31.9,31.9,optimal,optimal,optimal,optimal,optimal,optimal,→ stable,→ stable,→ stable,100.0,✅ EXCELLENT,False,NONE,3.2,0.2,NONE
1779699303.18,80.9,89.5,31.7,1499.0,44.5,13.76,31.6,32.2,32.0,32.4,optimal,optimal,optimal,optimal,optimal,optimal,→ stable,→ stable,→ stable,100.0,✅ EXCELLENT,False,NONE,3.8,0.1,NONE
1779699304.181,80.4,90.6,31.8,1497.0,45.0,13.8,32.4,32.0,32.4,31.7,optimal,optimal,optimal,optimal,optimal,optimal,→ stable,→ stable,→ stable,100.0,✅ EXCELLENT,False,NONE,3.7,0.0,NONE
1779699305.182,82.4,88.6,31.9,1463.0,45.0,13.82,32.3,32.0,31.7,32.0,optimal,optimal,optimal,optimal,optimal,optimal,↑ increasing,→ stable,→ stable,100.0,✅ EXCELLENT,False,NONE,3.6,1.0,NONE
1779699306.182,81.7,89.2,32.2,1455.0,44.8,13.77,31.6,32.0,32.3,32.0,optimal,optimal,optimal,optimal,optimal,optimal,→ stable,→ stable,→ stable,100.0,✅ EXCELLENT,False,NONE,3.3,0.3,NONE
1779699307.183,79.5,90.0,32.1,1453.0,44.9,13.81,32.2,31.8,32.1,31.9,optimal,optimal,optimal,optimal,optimal,optimal,↑ increasing,→ stable,→ stable,100.0,✅ EXCELLENT,False,NONE,3.3,0.0,NONE
1779699308.183,77.8,90.6,32.3,1521.0,45.3,13.85,31.7,32.1,31.9,32.1,optimal,optimal,optimal,optimal,optimal,optimal,↑ increasing,↓ decreasing,→ stable,100.0,✅ EXCELLENT,False,NONE,3.0,0.0,NONE
1779699309.183,82.6,89.0,32.1,1531.0,45.8,13.79,31.9,32.0,32.2,32.3,optimal,optimal,optimal,optimal,optimal,optimal,↑ increasing,→ stable,→ stable,100.0,✅ EXCELLENT,False,NONE,3.4,0.5,NONE
1779699310.184,82.8,89.0,32.0,1546.0,44.2,13.83,32.4,31.9,32.0,32.2,optimal,optimal,optimal,optimal,optimal,optimal,↑ increasing,↓ decreasing,→ stable,100.0,✅ EXCELLENT,False,NONE,3.5,0.5,NONE
1779699311.185,80.2,90.8,31.9,1461.0,45.8,13.75,31.9,31.7,32.1,32.2,optimal,optimal,optimal,optimal,optimal,optimal,↑ increasing,↓ decreasing,→ stable,100.0,✅ EXCELLENT,False,NONE,3.6,0.0,NONE
1779699312.186,80.6,90.5,32.1,1501.0,45.3,13.76,32.2,31.7,32.2,31.8,optimal,optimal,optimal,optimal,optimal,optimal,↑ increasing,→ stable,→ stable,100.0,✅ EXCELLENT,False,NONE,3.3,0.0,NONE
1779699313.187,81.8,89.6,31.7,1460.0,45.3,13.85,31.8,31.8,31.7,31.6,optimal,optimal,optimal,optimal,optimal,optimal,↑ increasing,→ stable,→ stable,100.0,✅ EXCELLENT,False,NONE,3.9,0.1,NONE
1779699314.188,80.2,89.2,31.9,1529.0,45.0,13.78,32.3,32.0,32.0,31.7,optimal,optimal,optimal,optimal,optimal,optimal,↑ increasing,→ stable,→ stable,100.0,✅ EXCELLENT,False,NONE,3.6,0.3,NONE
1779699315.188,79.5,90.7,31.6,1507.0,44.9,13.76,31.6,32.4,31.9,31.7,optimal,optimal,optimal,optimal,optimal,optimal,→ stable,→ stable,→ stable,100.0,✅ EXCELLENT,False,NONE,3.9,0.0,NONE
1779699316.191,82.9,88.8,31.7,1514.0,45.0,13.81,32.3,31.7,32.2,32.4,optimal,optimal,optimal,optimal,optimal,optimal,→ stable,→ stable,→ stable,100.0,✅ EXCELLENT,False,NONE,3.9,0.7,NONE
1779699317.192,77.9,90.0,32.3,1484.0,45.2,13.78,32.1,32.1,31.8,31.7,optimal,optimal,optimal,optimal,optimal,optimal,→ stable,→ stable,→ stable,100.0,✅ EXCELLENT,False,NONE,3.0,0.0,NONE
1779699318.192,79.6,89.7,31.7,1527.0,45.1,13.76,32.1,32.1,32.2,32.4,optimal,optimal,optimal,optimal,optimal,optimal,→ stable,→ stable,→ stable,100.0,✅ EXCELLENT,False,NONE,3.8,0.0,NONE
1779699319.193,82.0,90.2,31.9,1472.0,44.9,13.77,32.4,31.9,31.7,31.8,optimal,optimal,optimal,optimal,optimal,optimal,→ stable,→ stable,→ stable,100.0,✅ EXCELLENT,False,NONE,3.6,0.0,NONE
1779699320.193,78.5,89.4,31.7,1484.0,44.8,13.76,32.1,31.8,32.4,31.8,optimal,optimal,optimal,optimal,optimal,optimal,→ stable,→ stable,→ stable,100.0,✅ EXCELLENT,False,NONE,3.7,0.2,NONE
1779699321.194,81.1,88.9,31.9,1483.0,45.0,13.84,31.8,32.0,31.9,31.6,optimal,optimal,optimal,optimal,optimal,optimal,→ stable,→ stable,→ stable,100.0,✅ EXCELLENT,False,NONE,3.6,0.6,NONE
1779699322.194,82.2,89.0,31.8,1504.0,45.6,13.77,32.0,31.7,31.7,31.8,optimal,optimal,optimal,optimal,optimal,optimal,→ stable,→ stable,→ stable,100.0,✅ EXCELLENT,False,NONE,3.8,0.5,NONE
1779699323.195,77.8,90.6,32.3,1516.0,44.6,13.8,32.0,31.8,32.0,32.3,optimal,optimal,optimal,optimal,optimal,optimal,↓ decreasing,→ stable,→ stable,100.0,✅ EXCELLENT,False,NONE,3.0,0.0,NONE
1779699324.195,80.3,89.3,32.0,1538.0,44.6,13.79,31.7,31.9,32.0,32.1,optimal,optimal,optimal,optimal,optimal,optimal,↓ decreasing,→ stable,→ stable,100.0,✅ EXCELLENT,False,NONE,3.4,0.2,NONE
1779699325.195,80.3,90.5,31.7,1454.0,44.4,13.79,31.7,32.2,32.3,31.7,optimal,optimal,optimal,optimal,optimal,optimal,→ stable,→ stable,→ stable,100.0,✅ EXCELLENT,False,NONE,3.8,0.0,NONE
1779699326.196,79.4,88.5,32.1,1531.0,45.5,13.75,32.2,31.8,31.9,31.8,optimal,optimal,optimal,optimal,optimal,optimal,↓ decreasing,→ stable,→ stable,100.0,✅ EXCELLENT,False,NONE,3.3,1.1,NONE
1779699327.196,82.1,90.2,31.9,1479.0,44.5,13.76,31.6,32.3,31.8,31.8,optimal,optimal,optimal,optimal,optimal,optimal,→ stable,→ stable,→ stable,100.0,✅ EXCELLENT,False,NONE,3.6,0.0,NONE
1779699328.196,81.1,90.7,32.3,1485.0,44.4,13.84,32.4,31.6,31.8,31.6,optimal,optimal,optimal,optimal,optimal,optimal,→ stable,→ stable,→ stable,100.0,✅ EXCELLENT,False,NONE,3.1,0.0,NONE
1779699329.197,79.8,90.4,31.6,1452.0,45.0,13.76,31.7,32.0,31.7,32.1,optimal,optimal,optimal,optimal,optimal,optimal,→ stable,→ stable,→ stable,100.0,✅ EXCELLENT,False,NONE,3.9,0.0,NONE
1779699330.198,81.3,90.5,31.9,1477.0,44.7,13.8,31.9,32.0,32.2,32.3,optimal,optimal,optimal,optimal,optimal,optimal,→ stable,→ stable,→ stable,100.0,✅ EXCELLENT,False,NONE,3.6,0.0,NONE
1779699331.198,81.1,88.7,32.2,1466.0,44.5,13.82,32.3,31.6,31.6,31.8,optimal,optimal,optimal,optimal,optimal,optimal,→ stable,→ stable,→ stable,100.0,✅ EXCELLENT,False,NONE,3.2,0.8,NONE
1779699332.199,80.9,88.6,32.1,1531.0,45.6,13.79,32.3,32.0,31.7,32.3,optimal,optimal,optimal,optimal,optimal,optimal,→ stable,→ stable,→ stable,100.0,✅ EXCELLENT,False,NONE,3.4,1.0,NONE
1779699333.2,82.1,90.4,32.4,1453.0,44.3,13.78,31.8,32.2,31.9,32.3,optimal,optimal,optimal,optimal,optimal,optimal,↑ increasing,→ stable,→ stable,100.0,✅ EXCELLENT,False,NONE,3.0,0.0,NONE
1779699334.201,80.7,91.0,31.9,1488.0,45.3,13.82,31.6,32.0,31.9,31.8,optimal,optimal,optimal,optimal,optimal,optimal,↑ increasing,→ stable,→ stable,100.0,✅ EXCELLENT,False,NONE,3.6,0.0,NONE
1779699335.202,78.2,91.2,31.7,1497.0,45.0,13.77,31.7,32.3,32.1,31.9,optimal,optimal,optimal,optimal,optimal,optimal,→ stable,→ stable,→ stable,100.0,✅ EXCELLENT,False,NONE,3.7,0.0,NONE
1779699336.203,81.5,89.8,32.0,1471.0,45.5,13.79,31.8,31.8,31.7,32.2,optimal,optimal,optimal,optimal,optimal,optimal,↑ increasing,↑ increasing,→ stable,100.0,✅ EXCELLENT,False,NONE,3.5,0.0,NONE
1779699337.204,82.0,89.1,31.8,1508.0,45.9,13.84,31.8,32.2,32.4,32.1,optimal,optimal,optimal,optimal,optimal,optimal,↑ increasing,→ stable,→ stable,100.0,✅ EXCELLENT,False,NONE,3.7,0.4,NONE
1779699338.205,82.8,91.3,31.9,1472.0,44.2,13.83,31.9,32.2,31.9,31.7,optimal,optimal,optimal,optimal,optimal,optimal,↑ increasing,→ stable,→ stable,100.0,✅ EXCELLENT,False,NONE,3.7,0.0,NONE
1779699339.207,81.3,89.1,32.4,1455.0,44.2,13.82,31.9,32.3,32.3,32.4,optimal,optimal,optimal,optimal,optimal,optimal,↑ increasing,→ stable,→ stable,100.0,✅ EXCELLENT,False,NONE,3.0,0.4,NONE
1779699340.208,79.9,91.2,31.9,1458.0,44.4,13.77,32.3,31.9,32.2,32.2,optimal,optimal,optimal,optimal,optimal,optimal,↑ increasing,→ stable,→ stable,100.0,✅ EXCELLENT,False,NONE,3.5,0.0,NONE
1779699341.209,79.9,89.0,31.6,1514.0,45.1,13.79,31.8,31.6,31.9,31.8,optimal,optimal,optimal,optimal,optimal,optimal,→ stable,→ stable,→ stable,100.0,✅ EXCELLENT,False,NONE,3.9,0.5,NONE
1779699342.21,80.7,90.5,31.7,1502.0,45.2,13.76,31.9,31.7,31.9,31.9,optimal,optimal,optimal,optimal,optimal,optimal,→ stable,→ stable,→ stable,100.0,✅ EXCELLENT,False,NONE,3.8,0.0,NONE
1779699343.211,78.9,89.2,31.9,1499.0,44.4,13.85,32.2,32.1,32.2,32.3,optimal,optimal,optimal,optimal,optimal,optimal,→ stable,→ stable,→ stable,100.0,✅ EXCELLENT,False,NONE,3.5,0.3,NONE
1779699344.211,81.8,89.3,31.9,1527.0,45.3,13.8,31.7,31.8,32.3,31.6,optimal,optimal,optimal,optimal,optimal,optimal,→ stable,→ stable,→ stable,100.0,✅ EXCELLENT,False,NONE,3.6,0.2,NONE
1779699345.212,81.1,89.1,31.6,1497.0,44.6,13.84,31.9,32.0,31.6,31.9,optimal,optimal,optimal,optimal,optimal,optimal,→ stable,→ stable,→ stable,100.0,✅ EXCELLENT,False,NONE,3.9,0.4,NONE
1779699346.212,81.2,88.9,32.1,1527.0,44.9,13.81,32.2,31.7,32.3,31.9,optimal,optimal,optimal,optimal,optimal,optimal,→ stable,→ stable,→ stable,100.0,✅ EXCELLENT,False,NONE,3.4,0.6,NONE
1779699347.213,78.2,90.8,32.0,1477.0,44.4,13.78,32.2,31.7,31.6,31.6,optimal,optimal,optimal,optimal,optimal,optimal,→ stable,→ stable,→ stable,100.0,✅ EXCELLENT,False,NONE,3.4,0.0,NONE
1779699348.214,81.4,90.3,32.2,1493.0,45.8,13.81,31.6,32.3,32.1,32.2,optimal,optimal,optimal,optimal,optimal,optimal,↓ decreasing,→ stable,→ stable,100.0,✅ EXCELLENT,False,NONE,3.3,0.0,NONE
1779699349.214,80.6,89.7,32.0,1489.0,44.8,13.84,32.1,31.9,32.4,31.9,optimal,optimal,optimal,optimal,optimal,optimal,↓ decreasing,→ stable,→ stable,100.0,✅ EXCELLENT,False,NONE,3.5,0.0,NONE
1779699350.216,77.8,90.5,31.9,1465.0,45.5,13.78,32.3,32.0,32.2,32.1,optimal,optimal,optimal,optimal,optimal,optimal,↓ decreasing,→ stable,→ stable,100.0,✅ EXCELLENT,False,NONE,3.4,0.0,NONE
1779699351.217,82.7,90.1,31.6,1463.0,45.0,13.84,32.1,31.9,32.2,32.3,optimal,optimal,optimal,optimal,optimal,optimal,→ stable,→ stable,→ stable,100.0,✅ EXCELLENT,False,NONE,4.0,0.0,NONE
1779699352.218,78.6,90.8,32.2,1546.0,45.6,13.78,31.8,32.0,31.8,31.9,optimal,optimal,optimal,optimal,optimal,optimal,↓ decreasing,→ stable,→ stable,100.0,✅ EXCELLENT,False,NONE,3.1,0.0,NONE
1779699353.219,82.3,89.7,31.8,1505.0,44.6,13.77,31.8,32.2,31.9,32.1,optimal,optimal,optimal,optimal,optimal,optimal,→ stable,→ stable,→ stable,100.0,✅ EXCELLENT,False,NONE,3.8,0.0,NONE
1779699354.219,81.7,89.0,32.3,1498.0,45.4,13.77,32.3,31.7,31.8,31.7,optimal,optimal,optimal,optimal,optimal,optimal,→ stable,→ stable,→ stable,100.0,✅ EXCELLENT,False,NONE,3.2,0.5,NONE
1779699355.221,82.2,88.8,31.7,1465.0,44.4,13.77,31.6,31.7,31.8,32.4,optimal,optimal,optimal,optimal,optimal,optimal,→ stable,→ stable,→ stable,100.0,✅ EXCELLENT,False,NONE,3.9,0.7,NONE
1779699356.222,80.5,90.3,32.1,1530.0,44.0,13.82,31.7,32.3,31.7,32.1,optimal,optimal,optimal,optimal,optimal,optimal,→ stable,→ stable,→ stable,100.0,✅ EXCELLENT,False,NONE,3.3,0.0,NONE
1779699357.223,80.6,90.5,32.0,1546.0,44.6,13.84,32.3,32.3,32.0,32.2,optimal,optimal,optimal,optimal,optimal,optimal,→ stable,→ stable,→ stable,100.0,✅ EXCELLENT,False,NONE,3.5,0.0,NONE
1779699358.224,79.1,89.1,32.3,1545.0,44.5,13.76,32.1,31.9,32.3,32.1,optimal,optimal,optimal,optimal,optimal,optimal,→ stable,→ stable,→ stable,100.0,✅ EXCELLENT,False,NONE,3.1,0.4,NONE
1779699359.225,80.5,89.7,32.2,1487.0,45.0,13.78,31.7,31.8,31.7,32.1,optimal,optimal,optimal,optimal,optimal,optimal,→ stable,→ stable,→ stable,100.0,✅ EXCELLENT,False,NONE,3.2,0.0,NONE
1779699360.225,80.0,89.2,32.0,1547.0,45.2,13.79,32.2,31.8,31.9,31.6,optimal,optimal,optimal,optimal,optimal,optimal,↑ increasing,→ stable,→ stable,100.0,✅ EXCELLENT,False,NONE,3.4,0.3,NONE
1779699361.227,80.8,88.7,32.4,1496.0,45.8,13.85,32.3,32.4,32.3,31.7,optimal,optimal,optimal,optimal,optimal,optimal,→ stable,→ stable,→ stable,100.0,✅ EXCELLENT,False,NONE,3.0,0.8,NONE
1779699362.227,77.8,90.3,31.9,1521.0,45.5,13.77,32.1,32.3,32.3,32.3,optimal,optimal,optimal,optimal,optimal,optimal,→ stable,→ stable,→ stable,100.0,✅ EXCELLENT,False,NONE,3.4,0.0,NONE
1779699363.228,80.9,90.1,31.7,1451.0,44.7,13.85,31.7,32.0,31.8,31.6,optimal,optimal,optimal,optimal,optimal,optimal,→ stable,→ stable,→ stable,100.0,✅ EXCELLENT,False,NONE,3.8,0.0,NONE
1779699364.229,79.4,88.9,32.0,1478.0,44.2,13.75,31.8,32.2,32.0,32.3,optimal,optimal,optimal,optimal,optimal,optimal,→ stable,→ stable,→ stable,100.0,✅ EXCELLENT,False,NONE,3.4,0.6,NONE
1779699365.23,81.7,91.2,31.8,1539.0,45.7,13.78,32.2,31.7,32.2,32.3,optimal,optimal,optimal,optimal,optimal,optimal,↓ decreasing,→ stable,→ stable,100.0,✅ EXCELLENT,False,NONE,3.7,0.0,NONE
1779699366.231,79.6,91.3,32.3,1523.0,45.4,13.8,32.0,31.9,32.4,31.9,optimal,optimal,optimal,optimal,optimal,optimal,↓ decreasing,→ stable,→ stable,100.0,✅ EXCELLENT,False,NONE,3.1,0.0,NONE
1779699367.232,77.9,90.7,32.0,1513.0,45.4,13.77,31.9,31.8,32.3,31.7,optimal,optimal,optimal,optimal,optimal,optimal,↓ decreasing,→ stable,→ stable,100.0,✅ EXCELLENT,False,NONE,3.3,0.0,NONE
1779699368.233,78.2,91.2,31.7,1521.0,45.7,13.82,31.7,32.2,32.1,31.9,optimal,optimal,optimal,optimal,optimal,optimal,↓ decreasing,→ stable,→ stable,100.0,✅ EXCELLENT,False,NONE,3.7,0.0,NONE
1779699369.234,81.3,89.6,32.3,1544.0,44.7,13.81,31.8,32.3,32.3,31.6,optimal,optimal,optimal,optimal,optimal,optimal,↓ decreasing,→ stable,→ stable,100.0,✅ EXCELLENT,False,NONE,3.1,0.1,NONE
1779699370.235,78.4,90.6,31.9,1501.0,44.9,13.78,32.2,32.0,32.3,31.7,optimal,optimal,optimal,optimal,optimal,optimal,↓ decreasing,↑ increasing,→ stable,100.0,✅ EXCELLENT,False,NONE,3.5,0.0,NONE
1779699371.236,77.3,91.1,32.1,1460.0,45.3,13.81,32.1,32.2,31.8,31.8,optimal,optimal,optimal,optimal,optimal,optimal,↓ decreasing,↑ increasing,→ stable,100.0,✅ EXCELLENT,False,NONE,3.2,0.0,NONE
1779699372.237,78.0,89.4,32.2,1499.0,44.9,13.84,31.7,32.0,31.8,31.9,optimal,optimal,optimal,optimal,optimal,optimal,↓ decreasing,↑ increasing,→ stable,100.0,✅ EXCELLENT,False,NONE,3.1,0.2,NONE
1779699373.238,82.2,89.7,31.8,1501.0,44.5,13.75,31.8,32.4,32.1,32.0,optimal,optimal,optimal,optimal,optimal,optimal,↓ decreasing,↑ increasing,→ stable,100.0,✅ EXCELLENT,False,NONE,3.8,0.0,NONE
1779699374.239,82.5,89.0,32.0,1536.0,44.1,13.78,32.4,31.7,31.8,32.1,optimal,optimal,optimal,optimal,optimal,optimal,→ stable,↑ increasing,→ stable,100.0,✅ EXCELLENT,False,NONE,3.5,0.5,NONE
1779699375.241,82.6,89.0,32.0,1543.0,45.0,13.79,31.7,32.2,31.9,32.3,optimal,optimal,optimal,optimal,optimal,optimal,→ stable,→ stable,→ stable,100.0,✅ EXCELLENT,False,NONE,3.5,0.5,NONE
1779699376.243,79.1,88.9,32.1,1522.0,45.6,13.75,31.9,32.2,31.7,32.0,optimal,optimal,optimal,optimal,optimal,optimal,→ stable,→ stable,→ stable,100.0,✅ EXCELLENT,False,NONE,3.3,0.6,NONE
1779699377.243,82.2,88.5,31.8,1494.0,44.4,13.8,31.9,31.7,31.8,32.4,optimal,optimal,optimal,optimal,optimal,optimal,→ stable,→ stable,→ stable,100.0,✅ EXCELLENT,False,NONE,3.8,1.1,NONE
1779699378.244,82.9,88.6,31.9,1528.0,44.7,13.75,31.6,32.1,32.4,32.3,optimal,optimal,optimal,optimal,optimal,optimal,↑ increasing,↓ decreasing,→ stable,100.0,✅ EXCELLENT,False,NONE,3.7,1.0,NONE
1779699379.245,82.6,90.4,32.4,1451.0,44.4,13.81,32.4,31.7,32.1,32.0,optimal,optimal,optimal,optimal,optimal,optimal,↑ increasing,↓ decreasing,→ stable,100.0,✅ EXCELLENT,False,NONE,3.1,0.0,NONE
1779699380.246,81.9,90.3,32.4,1528.0,44.8,13.84,32.4,32.0,32.1,31.9,optimal,optimal,optimal,optimal,optimal,optimal,↑ increasing,↓ decreasing,→ stable,100.0,✅ EXCELLENT,False,NONE,3.0,0.0,NONE
1779699381.247,79.9,89.3,32.2,1527.0,44.1,13.76,32.0,31.7,32.2,31.6,optimal,optimal,optimal,optimal,optimal,optimal,↑ increasing,↓ decreasing,→ stable,100.0,✅ EXCELLENT,False,NONE,3.2,0.2,NONE
1779699382.247,83.0,88.8,32.0,1462.0,44.2,13.81,32.3,32.1,31.9,32.4,optimal,optimal,optimal,optimal,optimal,optimal,↑ increasing,↓ decreasing,→ stable,100.0,✅ EXCELLENT,False,NONE,3.6,0.7,NONE
1779699383.248,81.6,91.2,32.2,1501.0,45.1,13.82,31.7,32.1,31.6,31.9,optimal,optimal,optimal,optimal,optimal,optimal,↑ increasing,↓ decreasing,→ stable,100.0,✅ EXCELLENT,False,NONE,3.3,0.0,NONE
1779699384.249,79.1,88.5,31.9,1476.0,45.2,13.77,31.8,31.9,31.7,32.1,optimal,optimal,optimal,optimal,optimal,optimal,↑ increasing,↓ decreasing,→ stable,100.0,✅ EXCELLENT,False,NONE,3.5,1.1,NONE
1779699385.249,77.7,88.8,31.9,1522.0,45.9,13.81,32.3,32.1,31.6,31.8,optimal,optimal,optimal,optimal,optimal,optimal,↑ increasing,↓ decreasing,→ stable,100.0,✅ EXCELLENT,False,NONE,3.4,0.7,NONE
1779699386.249,77.6,90.6,31.9,1539.0,45.7,13.81,32.2,32.3,32.4,32.2,optimal,optimal,optimal,optimal,optimal,optimal,↑ increasing,→ stable,→ stable,100.0,✅ EXCELLENT,False,NONE,3.4,0.0,NONE
1779699387.25,80.5,88.8,31.9,1459.0,45.4,13.8,32.0,31.9,32.2,32.1,optimal,optimal,optimal,optimal,optimal,optimal,→ stable,→ stable,→ stable,100.0,✅ EXCELLENT,False,NONE,3.6,0.7,NONE
1779699388.25,81.9,89.7,31.7,1465.0,45.5,13.78,32.4,32.4,31.7,32.4,optimal,optimal,optimal,optimal,optimal,optimal,→ stable,→ stable,→ stable,100.0,✅ EXCELLENT,False,NONE,3.9,0.0,NONE
1779699389.25,81.7,89.8,31.7,1479.0,45.1,13.77,31.7,32.2,31.7,32.2,optimal,optimal,optimal,optimal,optimal,optimal,→ stable,→ stable,→ stable,100.0,✅ EXCELLENT,False,NONE,3.9,0.0,NONE
1779699390.25,81.5,90.6,32.0,1456.0,45.3,13.82,31.9,32.3,31.8,31.7,optimal,optimal,optimal,optimal,optimal,optimal,↓ decreasing,→ stable,→ stable,100.0,✅ EXCELLENT,False,NONE,3.5,0.0,NONE
1779699391.25,77.5,91.2,32.1,1465.0,45.5,13.82,31.8,31.8,32.3,32.1,optimal,optimal,optimal,optimal,optimal,optimal,↓ decreasing,→ stable,→ stable,100.0,✅ EXCELLENT,False,NONE,3.2,0.0,NONE
1779699392.25,82.0,90.5,31.7,1467.0,46.0,13.8,32.1,32.0,31.7,31.7,optimal,optimal,optimal,optimal,optimal,optimal,↓ decreasing,↑ increasing,→ stable,100.0,✅ EXCELLENT,False,NONE,3.9,0.0,NONE
1779699393.251,77.6,90.3,31.9,1518.0,45.5,13.81,32.3,31.8,32.0,32.4,optimal,optimal,optimal,optimal,optimal,optimal,↓ decreasing,→ stable,→ stable,100.0,✅ EXCELLENT,False,NONE,3.4,0.0,NONE
1779699394.252,78.4,89.0,31.9,1487.0,45.9,13.82,32.2,32.1,32.1,31.6,optimal,optimal,optimal,optimal,optimal,optimal,↓ decreasing,↑ increasing,→ stable,100.0,✅ EXCELLENT,False,NONE,3.5,0.5,NONE
1779699395.253,79.2,89.1,32.1,1486.0,45.0,13.77,32.0,32.3,32.3,31.7,optimal,optimal,optimal,optimal,optimal,optimal,↓ decreasing,↑ increasing,→ stable,100.0,✅ EXCELLENT,False,NONE,3.3,0.4,NONE
1779699396.254,78.2,89.7,32.3,1539.0,45.8,13.83,31.8,32.1,32.1,32.3,optimal,optimal,optimal,optimal,optimal,optimal,↓ decreasing,→ stable,→ stable,100.0,✅ EXCELLENT,False,NONE,3.0,0.0,NONE
1779699397.255,80.9,90.6,32.2,1489.0,44.2,13.83,31.8,31.9,32.4,32.2,optimal,optimal,optimal,optimal,optimal,optimal,↓ decreasing,↑ increasing,→ stable,100.0,✅ EXCELLENT,False,NONE,3.2,0.0,NONE
1779699398.256,77.1,88.8,32.1,1457.0,45.7,13.84,32.3,32.2,31.6,32.2,optimal,optimal,optimal,optimal,optimal,optimal,↓ decreasing,→ stable,→ stable,100.0,✅ EXCELLENT,False,NONE,3.2,0.7,NONE
1779699399.258,79.8,88.9,32.3,1459.0,45.1,13.79,32.0,32.2,32.1,31.8,optimal,optimal,optimal,optimal,optimal,optimal,↓ decreasing,→ stable,→ stable,100.0,✅ EXCELLENT,False,NONE,3.1,0.6,NONE
1779699400.259,78.8,89.1,32.1,1508.0,45.5,13.82,31.9,32.0,31.9,31.8,optimal,optimal,optimal,optimal,optimal,optimal,↓ decreasing,→ stable,→ stable,100.0,✅ EXCELLENT,False,NONE,3.3,0.4,NONE
1779699401.26,77.0,88.8,32.1,1505.0,45.0,13.78,32.4,32.0,32.4,32.2,optimal,optimal,optimal,optimal,optimal,optimal,↓ decreasing,→ stable,→ stable,100.0,✅ EXCELLENT,False,NONE,3.2,0.7,NONE
1779699402.261,78.1,88.8,31.8,1517.0,44.6,13.78,32.1,31.8,32.1,32.0,optimal,optimal,optimal,optimal,optimal,optimal,↓ decreasing,↓ decreasing,→ stable,100.0,✅ EXCELLENT,False,NONE,3.6,0.7,NONE
1779699403.261,78.1,90.9,32.3,1511.0,45.9,13.83,32.3,31.6,31.9,32.3,optimal,optimal,optimal,optimal,optimal,optimal,↓ decreasing,↓ decreasing,→ stable,100.0,✅ EXCELLENT,False,NONE,3.0,0.0,NONE
1779699404.262,79.2,90.7,31.8,1455.0,44.2,13.78,31.7,31.8,32.0,32.4,optimal,optimal,optimal,optimal,optimal,optimal,↓ decreasing,→ stable,→ stable,100.0,✅ EXCELLENT,False,NONE,3.6,0.0,NONE
1779699405.263,78.7,89.7,31.7,1541.0,44.5,13.83,31.7,32.4,31.9,32.4,optimal,optimal,optimal,optimal,optimal,optimal,↓ decreasing,→ stable,→ stable,100.0,✅ EXCELLENT,False,NONE,3.7,0.0,NONE
1779699406.264,78.5,91.1,32.2,1533.0,45.3,13.83,31.8,32.0,32.2,32.2,optimal,optimal,optimal,optimal,optimal,optimal,↓ decreasing,→ stable,→ stable,100.0,✅ EXCELLENT,False,NONE,3.1,0.0,NONE
1779699407.265,81.3,88.7,32.4,1504.0,45.1,13.78,31.8,31.6,31.7,32.1,optimal,optimal,optimal,optimal,optimal,optimal,↓ decreasing,→ stable,→ stable,100.0,✅ EXCELLENT,False,NONE,3.0,0.8,NONE
1779699408.265,82.2,88.6,31.8,1517.0,44.6,13.77,32.3,32.2,32.4,31.9,optimal,optimal,optimal,optimal,optimal,optimal,→ stable,→ stable,→ stable,100.0,✅ EXCELLENT,False,NONE,3.8,1.0,NONE
1779699409.266,82.7,90.7,32.3,1506.0,44.2,13.77,32.1,31.6,32.4,32.2,optimal,optimal,optimal,optimal,optimal,optimal,→ stable,→ stable,→ stable,100.0,✅ EXCELLENT,False,NONE,3.2,0.0,NONE
1779699410.267,79.1,90.4,31.9,1500.0,44.9,13.8,32.4,31.7,32.0,31.7,optimal,optimal,optimal,optimal,optimal,optimal,↑ increasing,→ stable,→ stable,100.0,✅ EXCELLENT,False,NONE,3.5,0.0,NONE
1779699411.268,78.5,90.9,32.4,1525.0,44.6,13.76,32.0,32.2,31.8,31.8,optimal,optimal,optimal,optimal,optimal,optimal,↑ increasing,↑ increasing,→ stable,100.0,✅ EXCELLENT,False,NONE,2.9,0.0,NONE
1779699412.269,80.9,89.6,32.3,1523.0,44.4,13.79,31.9,32.2,32.0,31.7,optimal,optimal,optimal,optimal,optimal,optimal,↑ increasing,↑ increasing,→ stable,100.0,✅ EXCELLENT,False,NONE,3.1,0.1,NONE
1779699413.27,77.1,89.4,32.1,1531.0,45.0,13.83,32.3,31.7,31.7,32.2,optimal,optimal,optimal,optimal,optimal,optimal,↑ increasing,↑ increasing,→ stable,100.0,✅ EXCELLENT,False,NONE,3.2,0.2,NONE
1779699414.271,81.2,89.9,31.8,1461.0,44.9,13.78,31.7,32.4,32.3,32.4,optimal,optimal,optimal,optimal,optimal,optimal,↑ increasing,→ stable,→ stable,100.0,✅ EXCELLENT,False,NONE,3.7,0.0,NONE
1779699415.272,80.5,89.6,31.7,1539.0,44.7,13.82,32.3,31.8,31.8,32.2,optimal,optimal,optimal,optimal,optimal,optimal,↑ increasing,→ stable,→ stable,100.0,✅ EXCELLENT,False,NONE,3.8,0.1,NONE
1779699416.274,77.4,90.5,32.0,1478.0,45.8,13.76,31.7,32.2,32.3,31.7,optimal,optimal,optimal,optimal,optimal,optimal,↑ increasing,→ stable,→ stable,100.0,✅ EXCELLENT,False,NONE,3.3,0.0,NONE
1779699417.276,77.2,89.7,32.1,1517.0,44.4,13.76,31.7,32.2,31.8,31.8,optimal,optimal,optimal,optimal,optimal,optimal,↑ increasing,→ stable,→ stable,100.0,✅ EXCELLENT,False,NONE,3.2,0.0,NONE
1779699418.277,80.7,89.4,31.8,1452.0,44.3,13.8,32.3,31.7,32.2,31.8,optimal,optimal,optimal,optimal,optimal,optimal,→ stable,→ stable,→ stable,100.0,✅ EXCELLENT,False,NONE,3.7,0.2,NONE
1779699419.277,79.6,90.1,32.2,1484.0,44.1,13.8,31.6,32.2,32.0,31.9,optimal,optimal,optimal,optimal,optimal,optimal,→ stable,→ stable,→ stable,100.0,✅ EXCELLENT,False,NONE,3.2,0.0,NONE
1779699420.278,82.1,91.4,32.2,1546.0,44.4,13.81,32.3,32.3,31.9,32.1,optimal,optimal,optimal,optimal,optimal,optimal,→ stable,→ stable,→ stable,100.0,✅ EXCELLENT,False,NONE,3.3,0.0,NONE
1779699421.279,78.7,89.2,32.2,1535.0,45.9,13.76,31.6,32.3,31.8,31.9,optimal,optimal,optimal,optimal,optimal,optimal,→ stable,→ stable,→ stable,100.0,✅ EXCELLENT,False,NONE,3.1,0.3,NONE
1779699422.28,80.7,89.5,31.7,1530.0,45.4,13.83,32.3,32.2,31.8,32.2,optimal,optimal,optimal,optimal,optimal,optimal,→ stable,→ stable,→ stable,100.0,✅ EXCELLENT,False,NONE,3.8,0.1,NONE
1779699423.28,81.3,89.8,32.2,1522.0,44.9,13.84,32.1,32.0,31.6,32.4,optimal,optimal,optimal,optimal,optimal,optimal,→ stable,→ stable,→ stable,100.0,✅ EXCELLENT,False,NONE,3.3,0.0,NONE
1779699424.281,79.2,91.2,31.8,1515.0,44.5,13.78,32.2,31.8,32.2,32.3,optimal,optimal,optimal,optimal,optimal,optimal,→ stable,→ stable,→ stable,100.0,✅ EXCELLENT,False,NONE,3.6,0.0,NONE
1779699425.282,80.4,88.5,32.3,1494.0,45.3,13.78,32.0,32.1,32.1,32.4,optimal,optimal,optimal,optimal,optimal,optimal,→ stable,→ stable,→ stable,100.0,✅ EXCELLENT,False,NONE,3.1,1.1,NONE
1779699426.283,80.6,88.8,31.9,1478.0,44.5,13.82,31.8,32.3,31.6,32.3,optimal,optimal,optimal,optimal,optimal,optimal,→ stable,→ stable,→ stable,100.0,✅ EXCELLENT,False,NONE,3.6,0.7,NONE
1779699427.283,81.4,88.5,32.2,1464.0,45.1,13.78,32.1,31.7,32.1,32.2,optimal,optimal,optimal,optimal,optimal,optimal,↑ increasing,→ stable,→ stable,100.0,✅ EXCELLENT,False,NONE,3.3,1.1,NONE
1779699428.284,78.4,91.5,31.7,1496.0,45.7,13.78,32.3,31.8,31.9,32.3,optimal,optimal,optimal,optimal,optimal,optimal,↑ increasing,→ stable,→ stable,100.0,✅ EXCELLENT,False,NONE,3.7,0.0,NONE
1779699429.285,78.7,90.0,32.1,1493.0,44.7,13.84,32.0,31.7,32.0,31.9,optimal,optimal,optimal,optimal,optimal,optimal,↑ increasing,→ stable,→ stable,100.0,✅ EXCELLENT,False,NONE,3.3,0.0,NONE
1779699430.286,79.0,89.8,32.0,1515.0,45.2,13.83,32.2,32.2,32.1,31.8,optimal,optimal,optimal,optimal,optimal,optimal,→ stable,→ stable,→ stable,100.0,✅ EXCELLENT,False,NONE,3.4,0.0,NONE
1779699431.287,81.1,90.5,32.2,1467.0,45.1,13.82,32.0,32.1,32.3,32.1,optimal,optimal,optimal,optimal,optimal,optimal,↑ increasing,→ stable,→ stable,100.0,✅ EXCELLENT,False,NONE,3.2,0.0,NONE
1779699432.288,77.6,90.2,31.7,1512.0,45.8,13.8,31.7,31.7,31.8,32.0,optimal,optimal,optimal,optimal,optimal,optimal,→ stable,→ stable,→ stable,100.0,✅ EXCELLENT,False,NONE,3.7,0.0,NONE
1779699433.288,81.5,89.8,32.3,1453.0,45.2,13.83,32.1,32.4,32.1,31.7,optimal,optimal,optimal,optimal,optimal,optimal,→ stable,→ stable,→ stable,100.0,✅ EXCELLENT,False,NONE,3.1,0.0,NONE
1779699434.289,77.6,90.3,32.0,1521.0,44.3,13.84,31.6,32.1,32.4,31.8,optimal,optimal,optimal,optimal,optimal,optimal,→ stable,→ stable,→ stable,100.0,✅ EXCELLENT,False,NONE,3.3,0.0,NONE
1779699435.29,82.9,89.6,32.1,1488.0,45.4,13.78,32.2,31.9,32.3,32.3,optimal,optimal,optimal,optimal,optimal,optimal,→ stable,→ stable,→ stable,100.0,✅ EXCELLENT,False,NONE,3.4,0.1,NONE
1779699436.291,78.2,90.3,32.3,1468.0,45.7,13.8,31.8,32.2,31.7,32.1,optimal,optimal,optimal,optimal,optimal,optimal,→ stable,→ stable,→ stable,100.0,✅ EXCELLENT,False,NONE,3.0,0.0,NONE
1779699437.292,78.7,90.2,31.8,1538.0,45.4,13.77,32.0,32.4,32.0,31.7,optimal,optimal,optimal,optimal,optimal,optimal,↓ decreasing,↑ increasing,→ stable,100.0,✅ EXCELLENT,False,NONE,3.6,0.0,NONE
1779699438.294,77.3,90.6,32.3,1493.0,44.8,13.82,31.9,32.3,32.0,32.3,optimal,optimal,optimal,optimal,optimal,optimal,↓ decreasing,→ stable,→ stable,100.0,✅ EXCELLENT,False,NONE,3.0,0.0,NONE
1779699439.295,82.8,88.9,31.8,1519.0,44.7,13.84,32.2,31.9,32.1,32.2,optimal,optimal,optimal,optimal,optimal,optimal,→ stable,→ stable,→ stable,100.0,✅ EXCELLENT,False,NONE,3.8,0.6,NONE
1779699440.295,82.1,88.5,31.7,1478.0,45.3,13.76,32.3,32.0,31.9,32.0,optimal,optimal,optimal,optimal,optimal,optimal,→ stable,→ stable,→ stable,100.0,✅ EXCELLENT,False,NONE,3.9,1.1,NONE
1779699441.296,82.0,90.3,31.7,1497.0,44.5,13.81,32.1,32.1,31.9,32.0,optimal,optimal,optimal,optimal,optimal,optimal,→ stable,→ stable,→ stable,100.0,✅ EXCELLENT,False,NONE,3.9,0.0,NONE
1779699442.295,80.0,89.3,32.0,1454.0,45.1,13.77,32.2,32.3,31.9,31.8,optimal,optimal,optimal,optimal,optimal,optimal,↑ increasing,→ stable,→ stable,100.0,✅ EXCELLENT,False,NONE,3.4,0.2,NONE
1779699443.296,82.0,89.6,32.4,1520.0,44.5,13.81,32.3,31.9,32.0,31.9,optimal,optimal,optimal,optimal,optimal,optimal,↑ increasing,→ stable,→ stable,100.0,✅ EXCELLENT,False,NONE,3.0,0.1,NONE
1779699444.297,81.6,90.9,31.9,1500.0,44.4,13.78,32.2,32.3,32.3,32.0,optimal,optimal,optimal,optimal,optimal,optimal,↑ increasing,→ stable,→ stable,100.0,✅ EXCELLENT,False,NONE,3.6,0.0,NONE
1779699445.298,78.2,88.8,32.0,1454.0,44.3,13.83,31.7,32.4,32.0,31.6,optimal,optimal,optimal,optimal,optimal,optimal,→ stable,→ stable,→ stable,100.0,✅ EXCELLENT,False,NONE,3.4,0.7,NONE
1779699446.299,79.9,90.1,32.2,1464.0,45.5,13.84,32.3,31.7,31.6,32.1,optimal,optimal,optimal,optimal,optimal,optimal,↑ increasing,→ stable,→ stable,100.0,✅ EXCELLENT,False,NONE,3.2,0.0,NONE
1779699447.3,78.4,91.2,32.4,1450.0,45.9,13.78,32.1,31.7,31.7,32.2,optimal,optimal,optimal,optimal,optimal,optimal,↑ increasing,→ stable,→ stable,100.0,✅ EXCELLENT,False,NONE,2.9,0.0,NONE
1779699448.3,77.5,88.9,32.0,1476.0,44.8,13.84,32.2,31.9,31.9,31.8,optimal,optimal,optimal,optimal,optimal,optimal,↑ increasing,→ stable,→ stable,100.0,✅ EXCELLENT,False,NONE,3.3,0.6,NONE
1779699449.301,77.5,90.9,31.7,1461.0,45.5,13.78,31.6,31.9,31.9,31.8,optimal,optimal,optimal,optimal,optimal,optimal,→ stable,→ stable,→ stable,100.0,✅ EXCELLENT,False,NONE,3.7,0.0,NONE
1779699450.301,80.3,89.1,31.9,1467.0,45.4,13.82,32.0,32.3,31.7,31.8,optimal,optimal,optimal,optimal,optimal,optimal,→ stable,→ stable,→ stable,100.0,✅ EXCELLENT,False,NONE,3.6,0.4,NONE
1779699451.302,81.0,90.9,31.8,1479.0,44.0,13.81,32.4,32.3,31.9,31.9,optimal,optimal,optimal,optimal,optimal,optimal,→ stable,→ stable,→ stable,100.0,✅ EXCELLENT,False,NONE,3.7,0.0,NONE
1779699452.302,77.2,90.7,31.7,1517.0,45.4,13.76,32.2,32.0,32.2,32.4,optimal,optimal,optimal,optimal,optimal,optimal,↓ decreasing,→ stable,→ stable,100.0,✅ EXCELLENT,False,NONE,3.6,0.0,NONE
1779699453.302,81.3,91.2,32.2,1481.0,44.5,13.79,32.1,31.9,31.8,32.2,optimal,optimal,optimal,optimal,optimal,optimal,↓ decreasing,↑ increasing,→ stable,100.0,✅ EXCELLENT,False,NONE,3.3,0.0,NONE
1779699454.303,80.8,91.0,31.8,1485.0,44.6,13.84,32.0,31.6,32.1,31.6,optimal,optimal,optimal,optimal,optimal,optimal,↓ decreasing,→ stable,→ stable,100.0,✅ EXCELLENT,False,NONE,3.7,0.0,NONE
1779699455.304,80.4,91.5,32.0,1470.0,45.6,13.83,32.0,32.0,32.3,32.3,optimal,optimal,optimal,optimal,optimal,optimal,↓ decreasing,↑ increasing,→ stable,100.0,✅ EXCELLENT,False,NONE,3.4,0.0,NONE
1779699456.305,78.1,89.3,32.1,1510.0,45.6,13.81,32.0,31.7,32.0,32.4,optimal,optimal,optimal,optimal,optimal,optimal,↓ decreasing,↑ increasing,→ stable,100.0,✅ EXCELLENT,False,NONE,3.2,0.2,NONE
1779699457.306,79.8,89.8,31.7,1518.0,44.2,13.75,32.0,32.2,32.0,31.8,optimal,optimal,optimal,optimal,optimal,optimal,↓ decreasing,↑ increasing,→ stable,100.0,✅ EXCELLENT,False,NONE,3.8,0.0,NONE
1779699458.307,82.4,91.1,31.7,1532.0,45.4,13.78,32.1,32.1,31.9,31.9,optimal,optimal,optimal,optimal,optimal,optimal,↓ decreasing,↑ increasing,→ stable,100.0,✅ EXCELLENT,False,NONE,3.9,0.0,NONE
1779699459.307,82.0,89.0,32.0,1476.0,44.1,13.76,32.3,31.9,32.2,32.2,optimal,optimal,optimal,optimal,optimal,optimal,→ stable,↑ increasing,→ stable,100.0,✅ EXCELLENT,False,NONE,3.5,0.5,NONE
1779699460.308,77.2,90.1,32.1,1471.0,44.7,13.78,31.7,31.8,32.2,32.2,optimal,optimal,optimal,optimal,optimal,optimal,→ stable,↑ increasing,→ stable,100.0,✅ EXCELLENT,False,NONE,3.2,0.0,NONE
1779699461.309,78.2,89.6,32.0,1480.0,45.5,13.79,32.3,32.0,31.7,32.1,optimal,optimal,optimal,optimal,optimal,optimal,→ stable,→ stable,→ stable,100.0,✅ EXCELLENT,False,NONE,3.4,0.1,NONE
1779699462.31,77.1,90.2,32.0,1498.0,45.0,13.77,32.3,31.6,31.8,32.1,optimal,optimal,optimal,optimal,optimal,optimal,→ stable,→ stable,→ stable,100.0,✅ EXCELLENT,False,NONE,3.3,0.0,NONE
1779699463.31,82.7,89.1,32.2,1456.0,45.3,13.82,31.7,31.9,32.3,32.0,optimal,optimal,optimal,optimal,optimal,optimal,↑ increasing,→ stable,→ stable,100.0,✅ EXCELLENT,False,NONE,3.3,0.4,NONE
1779699464.311,82.6,89.0,32.1,1509.0,44.4,13.8,31.9,31.8,31.6,31.9,optimal,optimal,optimal,optimal,optimal,optimal,↑ increasing,→ stable,→ stable,100.0,✅ EXCELLENT,False,NONE,3.4,0.5,NONE
1779699465.312,80.4,90.2,32.2,1533.0,44.8,13.82,31.7,31.8,32.1,31.8,optimal,optimal,optimal,optimal,optimal,optimal,↑ increasing,↓ decreasing,→ stable,100.0,✅ EXCELLENT,False,NONE,3.2,0.0,NONE
1779699466.312,80.6,89.9,32.0,1490.0,44.5,13.85,31.8,32.4,31.7,32.0,optimal,optimal,optimal,optimal,optimal,optimal,↑ increasing,↓ decreasing,→ stable,100.0,✅ EXCELLENT,False,NONE,3.5,0.0,NONE
1779699467.312,79.3,89.9,32.2,1481.0,45.6,13.79,32.4,31.9,31.7,32.0,optimal,optimal,optimal,optimal,optimal,optimal,↑ increasing,↓ decreasing,→ stable,100.0,✅ EXCELLENT,False,NONE,3.2,0.0,NONE
1779699468.314,81.3,89.5,31.9,1541.0,44.6,13.76,31.9,32.3,31.9,32.0,optimal,optimal,optimal,optimal,optimal,optimal,→ stable,↓ decreasing,→ stable,100.0,✅ EXCELLENT,False,NONE,3.6,0.1,NONE
1779699469.315,78.7,90.1,32.4,1468.0,45.8,13.79,32.3,32.3,31.9,32.3,optimal,optimal,optimal,optimal,optimal,optimal,↓ decreasing,↓ decreasing,→ stable,100.0,✅ EXCELLENT,False,NONE,2.9,0.0,NONE
1779699470.315,82.2,91.3,32.3,1493.0,45.5,13.84,32.0,31.6,32.1,31.9,optimal,optimal,optimal,optimal,optimal,optimal,→ stable,↓ decreasing,→ stable,100.0,✅ EXCELLENT,False,NONE,3.2,0.0,NONE
1779699471.316,81.4,89.7,31.6,1543.0,45.6,13.75,31.9,31.8,32.3,31.9,optimal,optimal,optimal,optimal,optimal,optimal,↑ increasing,→ stable,→ stable,100.0,✅ EXCELLENT,False,NONE,4.0,0.0,NONE
1779699472.317,79.2,89.7,31.9,1472.0,44.1,13.84,31.7,32.4,32.0,32.0,optimal,optimal,optimal,optimal,optimal,optimal,↑ increasing,→ stable,→ stable,100.0,✅ EXCELLENT,False,NONE,3.5,0.0,NONE
1779699473.318,78.0,91.5,31.8,1548.0,46.0,13.75,32.2,32.0,32.0,32.2,optimal,optimal,optimal,optimal,optimal,optimal,→ stable,→ stable,→ stable,100.0,✅ EXCELLENT,False,NONE,3.6,0.0,NONE
1779699474.319,81.8,88.5,32.1,1456.0,44.6,13.83,32.2,32.4,31.8,32.4,optimal,optimal,optimal,optimal,optimal,optimal,→ stable,→ stable,→ stable,100.0,✅ EXCELLENT,False,NONE,3.4,1.1,NONE
1779699475.32,81.0,89.1,31.8,1520.0,44.4,13.84,31.7,31.9,31.7,31.8,optimal,optimal,optimal,optimal,optimal,optimal,→ stable,→ stable,→ stable,100.0,✅ EXCELLENT,False,NONE,3.7,0.4,NONE
1779699476.32,82.2,89.4,31.8,1539.0,44.2,13.83,32.3,32.0,32.0,31.9,optimal,optimal,optimal,optimal,optimal,optimal,→ stable,→ stable,→ stable,100.0,✅ EXCELLENT,False,NONE,3.8,0.2,NONE
1779699477.321,77.7,90.7,32.3,1451.0,45.1,13.78,31.6,31.7,31.9,32.4,optimal,optimal,optimal,optimal,optimal,optimal,→ stable,→ stable,→ stable,100.0,✅ EXCELLENT,False,NONE,3.0,0.0,NONE
1779699478.322,81.4,91.0,31.8,1466.0,45.2,13.81,32.3,31.6,31.8,32.3,optimal,optimal,optimal,optimal,optimal,optimal,→ stable,→ stable,→ stable,100.0,✅ EXCELLENT,False,NONE,3.7,0.0,NONE
1779699479.322,81.8,89.6,31.6,1530.0,45.8,13.82,32.2,32.0,31.9,31.9,optimal,optimal,optimal,optimal,optimal,optimal,↑ increasing,→ stable,→ stable,100.0,✅ EXCELLENT,False,NONE,4.0,0.1,NONE
1779699480.321,77.7,89.3,32.2,1462.0,44.7,13.77,32.0,32.1,32.2,32.2,optimal,optimal,optimal,optimal,optimal,optimal,→ stable,→ stable,→ stable,100.0,✅ EXCELLENT,False,NONE,3.1,0.2,NONE
1779699481.323,78.2,91.1,32.3,1530.0,45.9,13.78,31.9,31.6,32.1,31.8,optimal,optimal,optimal,optimal,optimal,optimal,↓ decreasing,→ stable,→ stable,100.0,✅ EXCELLENT,False,NONE,3.0,0.0,NONE
1779699482.325,82.9,90.7,31.6,1495.0,44.0,13.84,32.1,32.0,32.2,31.8,optimal,optimal,optimal,optimal,optimal,optimal,↓ decreasing,→ stable,→ stable,100.0,✅ EXCELLENT,False,NONE,4.0,0.0,NONE
1779699483.326,78.0,91.3,31.7,1487.0,45.7,13.82,32.3,32.2,32.3,32.4,optimal,optimal,optimal,optimal,optimal,optimal,→ stable,→ stable,→ stable,100.0,✅ EXCELLENT,False,NONE,3.7,0.0,NONE
1779699484.327,80.2,88.9,31.6,1483.0,45.2,13.83,32.1,32.0,32.1,32.0,optimal,optimal,optimal,optimal,optimal,optimal,→ stable,→ stable,→ stable,100.0,✅ EXCELLENT,False,NONE,3.9,0.6,NONE
1779699485.328,82.5,90.4,32.3,1453.0,44.9,13.78,32.1,32.2,32.1,32.1,optimal,optimal,optimal,optimal,optimal,optimal,→ stable,→ stable,→ stable,100.0,✅ EXCELLENT,False,NONE,3.2,0.0,NONE
1779699486.329,81.6,91.4,32.2,1485.0,45.5,13.85,31.8,32.2,32.2,32.0,optimal,optimal,optimal,optimal,optimal,optimal,→ stable,↑ increasing,→ stable,100.0,✅ EXCELLENT,False,NONE,3.3,0.0,NONE
1779699487.33,81.5,90.6,32.3,1488.0,44.5,13.84,31.8,31.7,32.1,32.0,optimal,optimal,optimal,optimal,optimal,optimal,→ stable,→ stable,→ stable,100.0,✅ EXCELLENT,False,NONE,3.1,0.0,NONE
1779699488.331,81.2,91.3,31.7,1536.0,44.1,13.75,32.1,31.9,31.7,31.6,optimal,optimal,optimal,optimal,optimal,optimal,→ stable,→ stable,→ stable,100.0,✅ EXCELLENT,False,NONE,3.8,0.0,NONE
1779699489.331,80.2,90.1,32.4,1508.0,45.8,13.8,31.6,32.4,31.7,31.9,optimal,optimal,optimal,optimal,optimal,optimal,→ stable,→ stable,→ stable,100.0,✅ EXCELLENT,False,NONE,3.0,0.0,NONE
1779699490.331,80.5,89.4,32.3,1493.0,45.8,13.85,32.2,32.3,32.1,31.8,optimal,optimal,optimal,optimal,optimal,optimal,→ stable,↑ increasing,→ stable,100.0,✅ EXCELLENT,False,NONE,3.1,0.2,NONE
1779699491.332,81.2,91.4,31.8,1534.0,44.3,13.81,32.0,31.8,31.9,31.6,optimal,optimal,optimal,optimal,optimal,optimal,↑ increasing,↑ increasing,→ stable,100.0,✅ EXCELLENT,False,NONE,3.7,0.0,NONE
1779699492.333,79.1,91.3,31.6,1480.0,45.1,13.82,32.3,31.8,32.2,31.8,optimal,optimal,optimal,optimal,optimal,optimal,→ stable,↑ increasing,→ stable,100.0,✅ EXCELLENT,False,NONE,3.8,0.0,NONE
1779699493.334,79.6,89.3,32.1,1515.0,44.5,13.84,32.1,31.6,31.6,32.4,optimal,optimal,optimal,optimal,optimal,optimal,→ stable,→ stable,→ stable,100.0,✅ EXCELLENT,False,NONE,3.3,0.2,NONE
1779699494.335,77.1,89.0,32.0,1526.0,45.7,13.76,31.7,31.9,32.0,32.0,optimal,optimal,optimal,optimal,optimal,optimal,→ stable,→ stable,→ stable,100.0,✅ EXCELLENT,False,NONE,3.3,0.5,NONE
1779699495.335,81.3,91.0,32.0,1476.0,44.8,13.79,32.1,31.7,31.8,32.0,optimal,optimal,optimal,optimal,optimal,optimal,→ stable,→ stable,→ stable,100.0,✅ EXCELLENT,False,NONE,3.5,0.0,NONE
1779699496.335,78.5,88.8,31.6,1478.0,46.0,13.77,31.8,31.7,32.0,32.3,optimal,optimal,optimal,optimal,optimal,optimal,→ stable,→ stable,→ stable,100.0,✅ EXCELLENT,False,NONE,3.8,0.7,NONE
1779699497.337,79.3,89.0,32.2,1548.0,45.2,13.83,31.9,32.2,32.1,32.3,optimal,optimal,optimal,optimal,optimal,optimal,↓ decreasing,→ stable,→ stable,100.0,✅ EXCELLENT,False,NONE,3.2,0.5,NONE
1779699498.338,81.6,90.0,32.0,1463.0,44.4,13.79,32.2,31.7,31.8,32.0,optimal,optimal,optimal,optimal,optimal,optimal,↓ decreasing,↓ decreasing,→ stable,100.0,✅ EXCELLENT,False,NONE,3.5,0.0,NONE
1779699499.339,77.8,90.9,32.2,1483.0,45.6,13.75,31.8,32.0,31.8,32.0,optimal,optimal,optimal,optimal,optimal,optimal,↓ decreasing,→ stable,→ stable,100.0,✅ EXCELLENT,False,NONE,3.1,0.0,NONE
1779699500.34,81.5,90.0,32.4,1487.0,44.3,13.76,32.1,31.8,31.6,32.3,optimal,optimal,optimal,optimal,optimal,optimal,↓ decreasing,→ stable,→ stable,100.0,✅ EXCELLENT,False,NONE,3.0,0.0,NONE
1779699501.341,79.9,89.9,32.2,1466.0,45.6,13.84,32.0,31.9,32.3,31.9,optimal,optimal,optimal,optimal,optimal,optimal,↓ decreasing,↓ decreasing,→ stable,100.0,✅ EXCELLENT,False,NONE,3.2,0.0,NONE
1779699502.342,81.6,88.7,31.8,1521.0,44.9,13.84,32.3,32.1,31.8,31.8,optimal,optimal,optimal,optimal,optimal,optimal,↓ decreasing,↓ decreasing,→ stable,100.0,✅ EXCELLENT,False,NONE,3.7,0.8,NONE
1779699503.342,77.9,89.5,31.9,1462.0,44.7,13.83,32.1,31.6,31.7,32.3,optimal,optimal,optimal,optimal,optimal,optimal,↓ decreasing,↓ decreasing,→ stable,100.0,✅ EXCELLENT,False,NONE,3.4,0.1,NONE
1779699504.343,78.5,90.4,32.0,1514.0,45.2,13.85,31.9,31.8,31.9,32.3,optimal,optimal,optimal,optimal,optimal,optimal,↓ decreasing,↓ decreasing,→ stable,100.0,✅ EXCELLENT,False,NONE,3.4,0.0,NONE
1779699505.344,81.8,88.8,32.0,1522.0,45.9,13.82,31.9,32.3,31.7,31.7,optimal,optimal,optimal,optimal,optimal,optimal,→ stable,↓ decreasing,→ stable,100.0,✅ EXCELLENT,False,NONE,3.5,0.7,NONE
1779699506.345,78.8,89.8,31.7,1470.0,45.2,13.82,32.3,32.2,31.6,32.0,optimal,optimal,optimal,optimal,optimal,optimal,→ stable,↓ decreasing,→ stable,100.0,✅ EXCELLENT,False,NONE,3.7,0.0,NONE
1779699507.346,82.5,89.8,31.7,1494.0,44.1,13.76,32.3,32.3,32.4,32.2,optimal,optimal,optimal,optimal,optimal,optimal,→ stable,→ stable,→ stable,100.0,✅ EXCELLENT,False,NONE,3.9,0.0,NONE
1779699508.346,79.1,89.5,31.7,1547.0,45.7,13.85,31.9,32.3,31.6,31.8,optimal,optimal,optimal,optimal,optimal,optimal,→ stable,→ stable,→ stable,100.0,✅ EXCELLENT,False,NONE,3.7,0.1,NONE
1779699509.346,78.7,89.6,31.7,1523.0,45.3,13.79,31.7,31.6,32.3,31.9,optimal,optimal,optimal,optimal,optimal,optimal,→ stable,→ stable,→ stable,100.0,✅ EXCELLENT,False,NONE,3.7,0.1,NONE
1779699510.348,80.0,91.4,31.9,1490.0,45.6,13.76,32.1,31.8,32.3,32.3,optimal,optimal,optimal,optimal,optimal,optimal,→ stable,→ stable,→ stable,100.0,✅ EXCELLENT,False,NONE,3.5,0.0,NONE
1779699511.348,77.9,91.4,32.2,1548.0,44.2,13.83,32.0,32.4,31.8,32.2,optimal,optimal,optimal,optimal,optimal,optimal,→ stable,→ stable,→ stable,100.0,✅ EXCELLENT,False,NONE,3.1,0.0,NONE
1779699512.349,82.7,90.6,32.2,1511.0,44.5,13.81,32.0,32.0,32.4,32.1,optimal,optimal,optimal,optimal,optimal,optimal,→ stable,→ stable,→ stable,100.0,✅ EXCELLENT,False,NONE,3.3,0.0,NONE
1779699513.35,80.8,90.0,31.7,1459.0,44.6,13.75,31.7,31.9,32.2,31.9,optimal,optimal,optimal,optimal,optimal,optimal,→ stable,→ stable,→ stable,100.0,✅ EXCELLENT,False,NONE,3.8,0.0,NONE
1779699514.351,82.1,88.9,31.6,1487.0,45.8,13.8,31.8,31.6,32.1,32.3,optimal,optimal,optimal,optimal,optimal,optimal,↑ increasing,→ stable,→ stable,100.0,✅ EXCELLENT,False,NONE,4.0,0.6,NONE
1779699515.351,82.4,89.9,32.4,1482.0,44.1,13.76,31.8,32.0,32.2,32.0,optimal,optimal,optimal,optimal,optimal,optimal,↑ increasing,→ stable,→ stable,100.0,✅ EXCELLENT,False,NONE,3.1,0.0,NONE
1779699516.352,78.2,90.3,31.8,1483.0,46.0,13.79,32.1,32.4,32.1,31.9,optimal,optimal,optimal,optimal,optimal,optimal,↑ increasing,→ stable,→ stable,100.0,✅ EXCELLENT,False,NONE,3.6,0.0,NONE
1779699517.353,80.3,91.5,32.4,1489.0,45.6,13.85,31.8,32.2,32.2,32.2,optimal,optimal,optimal,optimal,optimal,optimal,→ stable,↑ increasing,→ stable,100.0,✅ EXCELLENT,False,NONE,3.0,0.0,NONE
1779699518.354,77.9,88.8,32.2,1522.0,44.9,13.76,31.6,32.0,32.1,31.7,optimal,optimal,optimal,optimal,optimal,optimal,→ stable,↑ increasing,→ stable,100.0,✅ EXCELLENT,False,NONE,3.1,0.7,NONE
1779699519.354,80.6,91.1,31.8,1495.0,45.7,13.81,31.7,32.0,32.1,31.7,optimal,optimal,optimal,optimal,optimal,optimal,→ stable,↑ increasing,→ stable,100.0,✅ EXCELLENT,False,NONE,3.7,0.0,NONE
1779699520.355,77.5,90.8,31.9,1507.0,45.3,13.82,31.8,32.1,31.7,32.2,optimal,optimal,optimal,optimal,optimal,optimal,→ stable,↑ increasing,→ stable,100.0,✅ EXCELLENT,False,NONE,3.4,0.0,NONE
1779699521.355,81.7,89.4,31.8,1516.0,45.6,13.76,31.8,32.1,31.8,31.9,optimal,optimal,optimal,optimal,optimal,optimal,↑ increasing,→ stable,→ stable,100.0,✅ EXCELLENT,False,NONE,3.7,0.2,NONE
1779699522.355,79.1,90.5,31.9,1450.0,45.2,13.83,32.0,32.0,32.4,32.2,optimal,optimal,optimal,optimal,optimal,optimal,→ stable,→ stable,→ stable,100.0,✅ EXCELLENT,False,NONE,3.5,0.0,NONE
1779699523.355,80.9,89.3,32.0,1475.0,44.9,13.75,32.3,32.1,32.1,31.9,optimal,optimal,optimal,optimal,optimal,optimal,→ stable,→ stable,→ stable,100.0,✅ EXCELLENT,False,NONE,3.5,0.2,NONE
1779699524.356,78.2,91.1,31.9,1518.0,45.9,13.77,31.9,32.1,32.3,31.7,optimal,optimal,optimal,optimal,optimal,optimal,↓ decreasing,→ stable,→ stable,100.0,✅ EXCELLENT,False,NONE,3.5,0.0,NONE
1779699525.357,78.0,89.4,32.2,1533.0,45.7,13.83,31.9,32.1,32.2,32.4,optimal,optimal,optimal,optimal,optimal,optimal,↓ decreasing,→ stable,→ stable,100.0,✅ EXCELLENT,False,NONE,3.1,0.2,NONE
1779699526.357,78.2,88.7,31.8,1465.0,44.0,13.79,31.7,31.9,32.2,32.3,optimal,optimal,optimal,optimal,optimal,optimal,↓ decreasing,→ stable,→ stable,100.0,✅ EXCELLENT,False,NONE,3.6,0.8,NONE
1779699527.359,82.2,90.6,32.3,1515.0,45.0,13.78,32.4,31.9,32.2,31.9,optimal,optimal,optimal,optimal,optimal,optimal,↓ decreasing,→ stable,→ stable,100.0,✅ EXCELLENT,False,NONE,3.2,0.0,NONE
1779699528.36,79.4,91.0,31.7,1490.0,45.4,13.78,32.2,32.0,31.7,32.0,optimal,optimal,optimal,optimal,optimal,optimal,↓ decreasing,→ stable,→ stable,100.0,✅ EXCELLENT,False,NONE,3.7,0.0,NONE
1779699529.361,79.8,88.7,32.0,1472.0,45.8,13.81,31.6,32.0,32.1,31.9,optimal,optimal,optimal,optimal,optimal,optimal,↓ decreasing,→ stable,→ stable,100.0,✅ EXCELLENT,False,NONE,3.4,0.8,NONE
1779699530.361,81.0,91.3,31.8,1537.0,45.9,13.82,32.3,32.0,31.9,32.0,optimal,optimal,optimal,optimal,optimal,optimal,→ stable,→ stable,→ stable,100.0,✅ EXCELLENT,False,NONE,3.7,0.0,NONE
1779699531.363,78.4,88.9,31.8,1490.0,44.0,13.77,31.8,31.7,32.1,32.2,optimal,optimal,optimal,optimal,optimal,optimal,↓ decreasing,→ stable,→ stable,100.0,✅ EXCELLENT,False,NONE,3.6,0.6,NONE
1779699532.364,81.0,90.6,32.4,1492.0,45.6,13.83,31.7,31.8,32.2,32.3,optimal,optimal,optimal,optimal,optimal,optimal,→ stable,→ stable,→ stable,100.0,✅ EXCELLENT,False,NONE,3.0,0.0,NONE
1779699533.364,79.5,90.3,32.4,1549.0,44.5,13.84,31.8,32.0,32.2,32.1,optimal,optimal,optimal,optimal,optimal,optimal,→ stable,→ stable,→ stable,100.0,✅ EXCELLENT,False,NONE,3.0,0.0,NONE
1779699534.364,81.3,90.1,32.4,1485.0,44.4,13.8,32.2,31.7,32.0,31.8,optimal,optimal,optimal,optimal,optimal,optimal,→ stable,→ stable,→ stable,100.0,✅ EXCELLENT,False,NONE,3.0,0.0,NONE
1779699535.365,77.6,91.4,31.7,1491.0,44.5,13.81,32.2,32.3,31.9,31.9,optimal,optimal,optimal,optimal,optimal,optimal,↑ increasing,→ stable,→ stable,100.0,✅ EXCELLENT,False,NONE,3.7,0.0,NONE
1779699536.365,82.2,90.1,32.0,1540.0,45.1,13.81,32.3,32.0,32.0,32.2,optimal,optimal,optimal,optimal,optimal,optimal,↑ increasing,→ stable,→ stable,100.0,✅ EXCELLENT,False,NONE,3.5,0.0,NONE
1779699537.366,82.7,89.0,32.0,1479.0,44.8,13.77,32.1,31.9,31.8,31.9,optimal,optimal,optimal,optimal,optimal,optimal,↑ increasing,→ stable,→ stable,100.0,✅ EXCELLENT,False,NONE,3.5,0.5,NONE
1779699538.367,80.9,88.8,32.1,1483.0,45.5,13.79,31.7,32.0,32.4,32.2,optimal,optimal,optimal,optimal,optimal,optimal,↑ increasing,→ stable,→ stable,100.0,✅ EXCELLENT,False,NONE,3.4,0.7,NONE
1779699539.367,82.6,89.7,32.4,1457.0,44.7,13.84,31.9,31.6,32.4,32.2,optimal,optimal,optimal,optimal,optimal,optimal,↑ increasing,→ stable,→ stable,100.0,✅ EXCELLENT,False,NONE,3.1,0.0,NONE
1779699540.368,82.2,88.6,32.0,1505.0,44.7,13.83,32.1,32.1,31.6,31.7,optimal,optimal,optimal,optimal,optimal,optimal,↑ increasing,→ stable,→ stable,100.0,✅ EXCELLENT,False,NONE,3.5,1.0,NONE
1779699541.369,80.5,90.5,32.0,1514.0,44.2,13.83,31.6,31.6,31.7,31.7,optimal,optimal,optimal,optimal,optimal,optimal,↑ increasing,→ stable,→ stable,100.0,✅ EXCELLENT,False,NONE,3.5,0.0,NONE
1779699542.37,77.3,88.8,32.1,1540.0,45.6,13.8,32.2,31.7,32.0,31.8,optimal,optimal,optimal,optimal,optimal,optimal,↑ increasing,→ stable,→ stable,100.0,✅ EXCELLENT,False,NONE,3.2,0.7,NONE
1779699543.371,79.5,88.9,31.6,1502.0,45.5,13.83,31.9,31.6,31.8,32.2,optimal,optimal,optimal,optimal,optimal,optimal,↑ increasing,→ stable,→ stable,100.0,✅ EXCELLENT,False,NONE,3.9,0.6,NONE
1779699544.37,79.6,89.7,32.3,1517.0,44.1,13.79,31.8,32.1,31.9,31.9,optimal,optimal,optimal,optimal,optimal,optimal,↑ increasing,→ stable,→ stable,100.0,✅ EXCELLENT,False,NONE,3.1,0.0,NONE
1779699545.371,81.6,90.0,31.9,1525.0,44.7,13.8,32.3,32.1,31.8,31.7,optimal,optimal,optimal,optimal,optimal,optimal,↑ increasing,↓ decreasing,→ stable,100.0,✅ EXCELLENT,False,NONE,3.6,0.0,NONE
1779699546.372,81.8,91.1,31.9,1510.0,44.0,13.77,31.7,32.2,31.7,32.0,optimal,optimal,optimal,optimal,optimal,optimal,↑ increasing,↓ decreasing,→ stable,100.0,✅ EXCELLENT,False,NONE,3.6,0.0,NONE
1779699547.373,80.5,91.2,32.2,1542.0,45.0,13.78,32.2,32.3,32.1,32.3,optimal,optimal,optimal,optimal,optimal,optimal,→ stable,→ stable,→ stable,100.0,✅ EXCELLENT,False,NONE,3.2,0.0,NONE
1779699548.373,80.2,91.4,31.9,1540.0,44.4,13.82,31.9,32.3,32.0,32.3,optimal,optimal,optimal,optimal,optimal,optimal,→ stable,→ stable,→ stable,100.0,✅ EXCELLENT,False,NONE,3.6,0.0,NONE
1779699549.375,77.0,90.5,32.4,1474.0,44.3,13.82,31.7,32.3,31.9,31.7,optimal,optimal,optimal,optimal,optimal,optimal,↓ decreasing,→ stable,→ stable,100.0,✅ EXCELLENT,False,NONE,2.9,0.0,NONE
1779699550.376,81.4,90.7,31.8,1547.0,44.9,13.8,31.9,31.6,32.2,32.2,optimal,optimal,optimal,optimal,optimal,optimal,↓ decreasing,↑ increasing,→ stable,100.0,✅ EXCELLENT,False,NONE,3.7,0.0,NONE
1779699551.377,78.3,90.4,31.9,1463.0,45.5,13.85,32.4,31.8,32.2,31.7,optimal,optimal,optimal,optimal,optimal,optimal,↓ decreasing,→ stable,→ stable,100.0,✅ EXCELLENT,False,NONE,3.5,0.0,NONE
1779699552.377,78.1,90.1,32.3,1510.0,44.5,13.84,32.1,31.7,32.2,31.8,optimal,optimal,optimal,optimal,optimal,optimal,↓ decreasing,↑ increasing,→ stable,100.0,✅ EXCELLENT,False,NONE,3.0,0.0,NONE
1779699553.377,82.1,90.4,31.9,1492.0,45.2,13.85,32.3,31.7,31.7,32.4,optimal,optimal,optimal,optimal,optimal,optimal,↓ decreasing,↑ increasing,→ stable,100.0,✅ EXCELLENT,False,NONE,3.6,0.0,NONE
1779699554.378,81.0,89.3,32.2,1496.0,44.4,13.76,31.7,32.2,31.6,31.8,optimal,optimal,optimal,optimal,optimal,optimal,→ stable,↑ increasing,→ stable,100.0,✅ EXCELLENT,False,NONE,3.2,0.2,NONE
1779699555.378,79.7,90.2,32.2,1472.0,45.2,13.8,32.4,32.3,32.0,32.1,optimal,optimal,optimal,optimal,optimal,optimal,↓ decreasing,↑ increasing,→ stable,100.0,✅ EXCELLENT,False,NONE,3.2,0.0,NONE
1779699556.379,77.4,90.6,31.7,1491.0,45.2,13.79,32.2,31.6,31.7,32.2,optimal,optimal,optimal,optimal,optimal,optimal,↓ decreasing,↑ increasing,→ stable,100.0,✅ EXCELLENT,False,NONE,3.6,0.0,NONE
1779699557.38,81.0,89.9,31.7,1479.0,46.0,13.79,31.7,31.7,32.1,31.9,optimal,optimal,optimal,optimal,optimal,optimal,↓ decreasing,↑ increasing,→ stable,100.0,✅ EXCELLENT,False,NONE,3.8,0.0,NONE
1779699558.381,79.6,90.8,32.1,1459.0,44.7,13.85,31.8,32.4,32.0,31.8,optimal,optimal,optimal,optimal,optimal,optimal,↓ decreasing,→ stable,→ stable,100.0,✅ EXCELLENT,False,NONE,3.3,0.0,NONE
1779699559.382,78.3,88.9,32.4,1490.0,44.4,13.75,31.8,32.3,31.8,32.2,optimal,optimal,optimal,optimal,optimal,optimal,→ stable,→ stable,→ stable,100.0,✅ EXCELLENT,False,NONE,2.9,0.6,NONE
1779699560.382,81.6,90.1,31.7,1522.0,44.9,13.84,31.8,32.1,31.9,32.2,optimal,optimal,optimal,optimal,optimal,optimal,→ stable,→ stable,→ stable,100.0,✅ EXCELLENT,False,NONE,3.8,0.0,NONE
1779699561.383,78.2,88.9,32.1,1477.0,45.4,13.85,32.2,32.3,31.9,31.7,optimal,optimal,optimal,optimal,optimal,optimal,→ stable,→ stable,→ stable,100.0,✅ EXCELLENT,False,NONE,3.2,0.6,NONE
1779699562.383,79.4,90.9,32.4,1512.0,45.0,13.79,31.6,32.2,32.2,31.9,optimal,optimal,optimal,optimal,optimal,optimal,→ stable,→ stable,→ stable,100.0,✅ EXCELLENT,False,NONE,2.9,0.0,NONE
1779699563.383,81.7,91.3,31.8,1484.0,45.1,13.78,32.3,32.2,32.1,32.0,optimal,optimal,optimal,optimal,optimal,optimal,→ stable,→ stable,→ stable,100.0,✅ EXCELLENT,False,NONE,3.7,0.0,NONE
1779699564.383,77.9,88.9,31.7,1499.0,45.2,13.84,32.2,32.2,32.1,32.0,optimal,optimal,optimal,optimal,optimal,optimal,↓ decreasing,→ stable,→ stable,100.0,✅ EXCELLENT,False,NONE,3.7,0.6,NONE
1779699565.384,79.6,91.1,32.4,1455.0,45.3,13.79,32.1,32.4,31.9,31.6,optimal,optimal,optimal,optimal,optimal,optimal,↓ decreasing,→ stable,→ stable,100.0,✅ EXCELLENT,False,NONE,3.0,0.0,NONE
1779699566.384,81.6,89.4,32.0,1459.0,44.2,13.85,32.4,31.7,32.3,31.9,optimal,optimal,optimal,optimal,optimal,optimal,→ stable,→ stable,→ stable,100.0,✅ EXCELLENT,False,NONE,3.5,0.2,NONE
1779699567.384,82.1,90.0,31.9,1471.0,44.9,13.76,32.0,32.1,31.8,32.3,optimal,optimal,optimal,optimal,optimal,optimal,→ stable,→ stable,→ stable,100.0,✅ EXCELLENT,False,NONE,3.6,0.0,NONE
1779699568.385,80.4,90.6,31.6,1466.0,44.6,13.83,32.1,31.8,31.9,32.0,optimal,optimal,optimal,optimal,optimal,optimal,↑ increasing,→ stable,→ stable,100.0,✅ EXCELLENT,False,NONE,3.9,0.0,NONE
1779699569.386,78.2,88.6,32.2,1532.0,45.7,13.77,32.3,32.1,32.3,32.0,optimal,optimal,optimal,optimal,optimal,optimal,→ stable,→ stable,→ stable,100.0,✅ EXCELLENT,False,NONE,3.1,1.0,NONE
1779699570.387,83.0,90.3,31.8,1539.0,45.6,13.84,32.2,31.7,31.8,32.3,optimal,optimal,optimal,optimal,optimal,optimal,→ stable,→ stable,→ stable,100.0,✅ EXCELLENT,False,NONE,3.8,0.0,NONE
1779699571.388,80.2,89.7,32.1,1482.0,45.9,13.82,32.1,32.3,32.3,31.7,optimal,optimal,optimal,optimal,optimal,optimal,↑ increasing,→ stable,→ stable,100.0,✅ EXCELLENT,False,NONE,3.3,0.0,NONE
1779699572.389,81.9,90.2,32.4,1500.0,45.8,13.81,31.7,31.9,32.1,31.8,optimal,optimal,optimal,optimal,optimal,optimal,↑ increasing,→ stable,→ stable,100.0,✅ EXCELLENT,False,NONE,3.0,0.0,NONE
1779699573.39,83.0,90.1,31.6,1475.0,45.9,13.78,32.3,31.6,31.9,31.8,optimal,optimal,optimal,optimal,optimal,optimal,↑ increasing,→ stable,→ stable,100.0,✅ EXCELLENT,False,NONE,4.0,0.0,NONE
1779699574.391,77.7,90.7,31.9,1502.0,44.0,13.8,31.9,31.7,32.1,32.3,optimal,optimal,optimal,optimal,optimal,optimal,↑ increasing,→ stable,→ stable,100.0,✅ EXCELLENT,False,NONE,3.4,0.0,NONE
1779699575.392,82.7,90.6,31.9,1550.0,45.0,13.79,32.2,31.8,32.0,31.7,optimal,optimal,optimal,optimal,optimal,optimal,↑ increasing,→ stable,→ stable,100.0,✅ EXCELLENT,False,NONE,3.7,0.0,NONE
1779699576.393,78.1,90.8,32.2,1532.0,44.2,13.77,31.9,32.0,32.0,31.8,optimal,optimal,optimal,optimal,optimal,optimal,↑ increasing,→ stable,→ stable,100.0,✅ EXCELLENT,False,NONE,3.1,0.0,NONE
1779699577.394,82.9,88.6,32.2,1538.0,44.3,13.81,32.0,31.9,31.9,32.3,optimal,optimal,optimal,optimal,optimal,optimal,↑ increasing,→ stable,→ stable,100.0,✅ EXCELLENT,False,NONE,3.3,1.0,NONE
1779699578.395,77.5,91.3,32.0,1512.0,44.6,13.85,32.3,32.3,32.2,32.1,optimal,optimal,optimal,optimal,optimal,optimal,→ stable,→ stable,→ stable,100.0,✅ EXCELLENT,False,NONE,3.3,0.0,NONE
1779699579.396,80.8,89.8,32.0,1457.0,44.2,13.84,31.9,32.2,31.8,31.7,optimal,optimal,optimal,optimal,optimal,optimal,↑ increasing,→ stable,→ stable,100.0,✅ EXCELLENT,False,NONE,3.5,0.0,NONE
1779699580.397,79.8,89.8,32.3,1542.0,44.2,13.83,31.8,32.3,31.9,32.3,optimal,optimal,optimal,optimal,optimal,optimal,→ stable,→ stable,→ stable,100.0,✅ EXCELLENT,False,NONE,3.1,0.0,NONE
1779699581.398,77.3,90.0,31.7,1520.0,44.4,13.77,31.7,32.3,31.9,32.4,optimal,optimal,optimal,optimal,optimal,optimal,→ stable,→ stable,→ stable,100.0,✅ EXCELLENT,False,NONE,3.6,0.0,NONE
1779699582.398,81.9,89.2,32.3,1457.0,45.4,13.78,31.8,31.7,32.2,31.8,optimal,optimal,optimal,optimal,optimal,optimal,→ stable,→ stable,→ stable,100.0,✅ EXCELLENT,False,NONE,3.2,0.3,NONE
1779699583.399,82.7,90.5,31.6,1461.0,45.8,13.75,31.9,32.2,32.1,31.8,optimal,optimal,optimal,optimal,optimal,optimal,↓ decreasing,→ stable,→ stable,100.0,✅ EXCELLENT,False,NONE,4.0,0.0,NONE
1779699584.4,82.5,91.4,31.6,1515.0,44.5,13.85,31.8,32.0,32.4,31.7,optimal,optimal,optimal,optimal,optimal,optimal,→ stable,→ stable,→ stable,100.0,✅ EXCELLENT,False,NONE,4.0,0.0,NONE
1779699585.401,78.6,91.1,32.0,1463.0,44.8,13.77,32.2,32.0,31.7,32.3,optimal,optimal,optimal,optimal,optimal,optimal,↓ decreasing,→ stable,→ stable,100.0,✅ EXCELLENT,False,NONE,3.4,0.0,NONE
1779699586.402,80.8,88.6,32.0,1545.0,45.9,13.84,32.0,32.0,32.2,31.9,optimal,optimal,optimal,optimal,optimal,optimal,→ stable,→ stable,→ stable,100.0,✅ EXCELLENT,False,NONE,3.5,1.0,NONE
1779699587.403,82.7,88.8,32.0,1527.0,44.1,13.84,32.3,32.1,31.8,32.0,optimal,optimal,optimal,optimal,optimal,optimal,→ stable,→ stable,→ stable,100.0,✅ EXCELLENT,False,NONE,3.5,0.7,NONE
1779699588.404,80.6,89.2,32.0,1515.0,44.3,13.79,31.8,32.2,32.4,32.0,optimal,optimal,optimal,optimal,optimal,optimal,→ stable,→ stable,→ stable,100.0,✅ EXCELLENT,False,NONE,3.5,0.3,NONE
1779699589.405,79.9,91.1,32.4,1463.0,45.8,13.81,31.9,31.8,32.2,32.3,optimal,optimal,optimal,optimal,optimal,optimal,→ stable,→ stable,→ stable,100.0,✅ EXCELLENT,False,NONE,3.0,0.0,NONE
1779699590.404,77.3,90.5,32.3,1478.0,44.1,13.82,32.1,32.0,32.2,32.2,optimal,optimal,optimal,optimal,optimal,optimal,→ stable,→ stable,→ stable,100.0,✅ EXCELLENT,False,NONE,3.0,0.0,NONE
1779699591.404,81.8,89.2,32.3,1530.0,45.6,13.82,31.7,32.0,31.9,31.8,optimal,optimal,optimal,optimal,optimal,optimal,↑ increasing,→ stable,→ stable,100.0,✅ EXCELLENT,False,NONE,3.2,0.3,NONE
1779699592.405,77.3,90.0,31.7,1508.0,44.0,13.83,32.3,32.0,31.9,31.6,optimal,optimal,optimal,optimal,optimal,optimal,→ stable,→ stable,→ stable,100.0,✅ EXCELLENT,False,NONE,3.6,0.0,NONE
1779699593.406,80.4,89.4,31.9,1465.0,45.5,13.83,31.7,32.0,31.9,32.2,optimal,optimal,optimal,optimal,optimal,optimal,→ stable,→ stable,→ stable,100.0,✅ EXCELLENT,False,NONE,3.6,0.2,NONE
1779699594.407,79.2,90.7,32.3,1504.0,45.9,13.75,32.0,32.1,32.1,31.7,optimal,optimal,optimal,optimal,optimal,optimal,↓ decreasing,→ stable,→ stable,100.0,✅ EXCELLENT,False,NONE,3.1,0.0,NONE
1779699595.408,77.1,90.0,32.2,1513.0,44.8,13.75,32.3,31.7,32.3,31.9,optimal,optimal,optimal,optimal,optimal,optimal,→ stable,→ stable,→ stable,100.0,✅ EXCELLENT,False,NONE,3.1,0.0,NONE
1779699596.409,82.3,88.6,32.3,1484.0,44.5,13.84,32.0,31.9,31.9,32.0,optimal,optimal,optimal,optimal,optimal,optimal,↓ decreasing,→ stable,→ stable,100.0,✅ EXCELLENT,False,NONE,3.2,1.0,NONE
1779699597.41,79.8,91.2,31.8,1468.0,44.5,13.82,32.1,32.2,31.7,31.9,optimal,optimal,optimal,optimal,optimal,optimal,↓ decreasing,→ stable,→ stable,100.0,✅ EXCELLENT,False,NONE,3.6,0.0,NONE
1779699598.412,81.2,88.6,32.3,1535.0,45.1,13.78,32.3,32.2,32.1,31.7,optimal,optimal,optimal,optimal,optimal,optimal,↓ decreasing,→ stable,→ stable,100.0,✅ EXCELLENT,False,NONE,3.1,1.0,NONE
1779699599.413,82.7,90.0,32.2,1511.0,45.5,13.79,32.3,32.0,32.0,31.7,optimal,optimal,optimal,optimal,optimal,optimal,↓ decreasing,→ stable,→ stable,100.0,✅ EXCELLENT,False,NONE,3.3,0.0,NONE
1779699600.414,79.3,90.4,32.0,1508.0,44.0,13.78,31.9,32.4,32.0,32.0,optimal,optimal,optimal,optimal,optimal,optimal,→ stable,→ stable,→ stable,100.0,✅ EXCELLENT,False,NONE,3.4,0.0,NONE
1779699601.414,82.2,89.5,32.2,1480.0,46.0,13.8,32.0,32.0,31.8,32.4,optimal,optimal,optimal,optimal,optimal,optimal,↓ decreasing,→ stable,→ stable,100.0,✅ EXCELLENT,False,NONE,3.3,0.1,NONE
1779699602.415,82.3,88.6,32.1,1538.0,44.4,13.77,31.9,32.1,31.8,31.9,optimal,optimal,optimal,optimal,optimal,optimal,→ stable,→ stable,→ stable,100.0,✅ EXCELLENT,False,NONE,3.4,1.0,NONE
1779699603.416,78.3,90.3,31.8,1505.0,45.9,13.81,31.8,32.2,32.2,32.3,optimal,optimal,optimal,optimal,optimal,optimal,→ stable,→ stable,→ stable,100.0,✅ EXCELLENT,False,NONE,3.6,0.0,NONE
1779699604.417,77.5,89.5,32.3,1458.0,44.9,13.8,32.2,32.3,32.0,31.9,optimal,optimal,optimal,optimal,optimal,optimal,→ stable,→ stable,→ stable,100.0,✅ EXCELLENT,False,NONE,3.0,0.1,NONE
1779699605.418,81.7,90.2,32.2,1473.0,45.8,13.81,32.1,32.2,32.0,32.2,optimal,optimal,optimal,optimal,optimal,optimal,↑ increasing,→ stable,→ stable,100.0,✅ EXCELLENT,False,NONE,3.3,0.0,NONE
1779699606.417,82.5,88.8,32.4,1495.0,45.8,13.81,31.8,31.9,31.9,32.4,optimal,optimal,optimal,optimal,optimal,optimal,↑ increasing,→ stable,→ stable,100.0,✅ EXCELLENT,False,NONE,3.1,0.7,NONE
1779699607.418,82.1,90.2,31.9,1494.0,45.3,13.82,31.6,31.6,31.8,31.9,optimal,optimal,optimal,optimal,optimal,optimal,↑ increasing,→ stable,→ stable,100.0,✅ EXCELLENT,False,NONE,3.6,0.0,NONE
1779699608.419,80.5,91.4,32.1,1515.0,45.1,13.8,32.3,32.1,32.0,32.0,optimal,optimal,optimal,optimal,optimal,optimal,↑ increasing,→ stable,→ stable,100.0,✅ EXCELLENT,False,NONE,3.3,0.0,NONE
1779699609.419,81.5,89.4,32.1,1547.0,44.4,13.81,32.1,31.6,31.6,31.8,optimal,optimal,optimal,optimal,optimal,optimal,↑ increasing,→ stable,→ stable,100.0,✅ EXCELLENT,False,NONE,3.4,0.2,NONE
1779699610.42,81.6,90.3,31.8,1499.0,45.7,13.78,32.0,32.2,31.9,31.7,optimal,optimal,optimal,optimal,optimal,optimal,↑ increasing,→ stable,→ stable,100.0,✅ EXCELLENT,False,NONE,3.7,0.0,NONE
1779699611.421,81.2,89.4,32.0,1504.0,45.9,13.76,32.0,32.3,32.0,31.8,optimal,optimal,optimal,optimal,optimal,optimal,↑ increasing,→ stable,→ stable,100.0,✅ EXCELLENT,False,NONE,3.5,0.2,NONE
1779699612.422,80.3,89.2,32.2,1500.0,44.7,13.77,31.8,31.7,32.3,32.0,optimal,optimal,optimal,optimal,optimal,optimal,→ stable,→ stable,→ stable,100.0,✅ EXCELLENT,False,NONE,3.2,0.3,NONE
1779699613.423,79.2,90.5,32.3,1494.0,45.9,13.78,31.7,31.9,32.2,32.1,optimal,optimal,optimal,optimal,optimal,optimal,→ stable,→ stable,→ stable,100.0,✅ EXCELLENT,False,NONE,3.1,0.0,NONE
1779699614.424,79.5,91.0,31.9,1544.0,44.4,13.76,31.7,32.0,32.2,32.0,optimal,optimal,optimal,optimal,optimal,optimal,↑ increasing,→ stable,→ stable,100.0,✅ EXCELLENT,False,NONE,3.5,0.0,NONE
1779699615.425,82.2,89.1,32.0,1471.0,45.3,13.83,32.2,32.2,31.7,32.3,optimal,optimal,optimal,optimal,optimal,optimal,→ stable,→ stable,→ stable,100.0,✅ EXCELLENT,False,NONE,3.5,0.4,NONE
1779699616.426,79.9,89.5,31.8,1547.0,46.0,13.8,31.9,32.0,32.4,31.7,optimal,optimal,optimal,optimal,optimal,optimal,→ stable,→ stable,→ stable,100.0,✅ EXCELLENT,False,NONE,3.7,0.1,NONE
1779699617.427,81.1,89.4,32.3,1465.0,45.7,13.78,32.0,32.1,31.9,32.3,optimal,optimal,optimal,optimal,optimal,optimal,→ stable,→ stable,→ stable,100.0,✅ EXCELLENT,False,NONE,3.1,0.2,NONE
1779699618.428,77.5,88.5,32.0,1461.0,44.2,13.8,32.2,31.6,31.7,32.3,optimal,optimal,optimal,optimal,optimal,optimal,↓ decreasing,→ stable,→ stable,100.0,✅ EXCELLENT,False,NONE,3.3,1.1,NONE
1779699619.429,80.8,88.6,32.2,1458.0,45.3,13.78,32.3,31.7,32.3,31.7,optimal,optimal,optimal,optimal,optimal,optimal,→ stable,→ stable,→ stable,100.0,✅ EXCELLENT,False,NONE,3.2,1.0,NONE
1779699620.43,77.0,89.5,32.3,1471.0,44.3,13.77,32.0,31.7,31.6,32.3,optimal,optimal,optimal,optimal,optimal,optimal,↓ decreasing,→ stable,→ stable,100.0,✅ EXCELLENT,False,NONE,3.0,0.1,NONE
1779699621.431,81.9,89.8,32.1,1520.0,46.0,13.83,31.6,32.1,31.8,31.9,optimal,optimal,optimal,optimal,optimal,optimal,↓ decreasing,→ stable,→ stable,100.0,✅ EXCELLENT,False,NONE,3.4,0.0,NONE
1779699622.432,82.9,89.7,32.1,1549.0,45.1,13.84,32.3,32.0,32.4,32.0,optimal,optimal,optimal,optimal,optimal,optimal,↓ decreasing,→ stable,→ stable,100.0,✅ EXCELLENT,False,NONE,3.4,0.0,NONE
1779699623.432,80.2,91.2,32.0,1494.0,44.6,13.84,31.6,31.9,32.2,32.3,optimal,optimal,optimal,optimal,optimal,optimal,↓ decreasing,→ stable,→ stable,100.0,✅ EXCELLENT,False,NONE,3.4,0.0,NONE
1779699624.434,80.3,90.9,31.7,1485.0,44.6,13.77,32.0,32.4,31.9,31.9,optimal,optimal,optimal,optimal,optimal,optimal,↓ decreasing,→ stable,→ stable,100.0,✅ EXCELLENT,False,NONE,3.8,0.0,NONE
1779699625.435,82.1,89.4,31.7,1545.0,44.8,13.82,31.6,31.6,31.9,31.7,optimal,optimal,optimal,optimal,optimal,optimal,↓ decreasing,→ stable,→ stable,100.0,✅ EXCELLENT,False,NONE,3.9,0.2,NONE
1779699626.435,77.5,89.4,32.3,1549.0,44.2,13.8,32.4,32.2,32.1,31.8,optimal,optimal,optimal,optimal,optimal,optimal,↓ decreasing,→ stable,→ stable,100.0,✅ EXCELLENT,False,NONE,3.0,0.2,NONE
1779699627.436,82.2,88.9,32.2,1457.0,44.8,13.81,32.0,31.8,31.8,32.1,optimal,optimal,optimal,optimal,optimal,optimal,→ stable,→ stable,→ stable,100.0,✅ EXCELLENT,False,NONE,3.3,0.6,NONE
1779699628.436,79.1,90.5,32.3,1468.0,45.0,13.83,32.1,32.3,32.3,32.1,optimal,optimal,optimal,optimal,optimal,optimal,→ stable,→ stable,→ stable,100.0,✅ EXCELLENT,False,NONE,3.1,0.0,NONE
1779699629.437,79.5,89.3,31.6,1532.0,44.5,13.77,32.0,32.0,32.2,32.0,optimal,optimal,optimal,optimal,optimal,optimal,→ stable,→ stable,→ stable,100.0,✅ EXCELLENT,False,NONE,3.9,0.2,NONE
1779699630.438,77.2,90.7,31.7,1528.0,45.0,13.79,32.1,32.2,31.7,31.7,optimal,optimal,optimal,optimal,optimal,optimal,→ stable,↑ increasing,→ stable,100.0,✅ EXCELLENT,False,NONE,3.6,0.0,NONE
1779699631.439,81.2,91.0,32.1,1546.0,44.3,13.78,31.9,32.0,32.1,31.7,optimal,optimal,optimal,optimal,optimal,optimal,→ stable,↑ increasing,→ stable,100.0,✅ EXCELLENT,False,NONE,3.4,0.0,NONE
1779699632.441,78.2,89.6,32.3,1497.0,45.8,13.77,31.7,31.7,31.6,32.0,optimal,optimal,optimal,optimal,optimal,optimal,→ stable,↑ increasing,→ stable,100.0,✅ EXCELLENT,False,NONE,3.0,0.1,NONE
1779699633.442,81.5,88.7,32.0,1507.0,45.9,13.75,31.9,31.6,32.1,32.0,optimal,optimal,optimal,optimal,optimal,optimal,→ stable,→ stable,→ stable,100.0,✅ EXCELLENT,False,NONE,3.5,0.8,NONE
1779699634.442,80.3,90.1,31.8,1459.0,45.0,13.76,31.9,31.7,32.4,31.6,optimal,optimal,optimal,optimal,optimal,optimal,→ stable,→ stable,→ stable,100.0,✅ EXCELLENT,False,NONE,3.7,0.0,NONE
1779699635.443,79.6,90.6,32.4,1508.0,44.9,13.79,31.7,32.0,31.7,32.1,optimal,optimal,optimal,optimal,optimal,optimal,↓ decreasing,→ stable,→ stable,100.0,✅ EXCELLENT,False,NONE,3.0,0.0,NONE
1779699636.444,77.8,90.7,32.2,1506.0,45.4,13.83,31.7,32.4,32.1,31.9,optimal,optimal,optimal,optimal,optimal,optimal,→ stable,→ stable,→ stable,100.0,✅ EXCELLENT,False,NONE,3.1,0.0,NONE
1779699637.445,81.3,90.3,31.7,1456.0,45.3,13.84,31.7,32.3,32.2,32.2,optimal,optimal,optimal,optimal,optimal,optimal,↓ decreasing,↑ increasing,→ stable,100.0,✅ EXCELLENT,False,NONE,3.8,0.0,NONE
1779699638.446,79.0,89.6,31.7,1484.0,44.7,13.77,31.7,32.3,32.1,31.9,optimal,optimal,optimal,optimal,optimal,optimal,↓ decreasing,→ stable,→ stable,100.0,✅ EXCELLENT,False,NONE,3.7,0.1,NONE
1779699639.447,81.7,91.0,31.9,1505.0,45.7,13.76,32.0,32.0,31.6,31.8,optimal,optimal,optimal,optimal,optimal,optimal,→ stable,→ stable,→ stable,100.0,✅ EXCELLENT,False,NONE,3.6,0.0,NONE
1779699640.449,82.4,89.0,31.8,1525.0,45.2,13.79,31.6,31.9,32.4,31.8,optimal,optimal,optimal,optimal,optimal,optimal,→ stable,→ stable,→ stable,100.0,✅ EXCELLENT,False,NONE,3.8,0.5,NONE
1779699641.45,82.2,90.4,31.9,1547.0,45.5,13.8,32.1,32.3,31.9,31.7,optimal,optimal,optimal,optimal,optimal,optimal,→ stable,→ stable,→ stable,100.0,✅ EXCELLENT,False,NONE,3.6,0.0,NONE
1779699642.451,81.0,89.9,31.6,1537.0,45.7,13.8,31.8,32.0,32.1,31.8,optimal,optimal,optimal,optimal,optimal,optimal,↑ increasing,→ stable,→ stable,100.0,✅ EXCELLENT,False,NONE,3.9,0.0,NONE
1779699643.452,81.8,91.4,32.1,1470.0,44.9,13.81,32.0,31.8,31.8,32.0,optimal,optimal,optimal,optimal,optimal,optimal,↑ increasing,→ stable,→ stable,100.0,✅ EXCELLENT,False,NONE,3.4,0.0,NONE
1779699644.453,78.6,89.9,31.9,1521.0,44.5,13.81,32.3,31.7,31.8,31.8,optimal,optimal,optimal,optimal,optimal,optimal,↑ increasing,↑ increasing,→ stable,100.0,✅ EXCELLENT,False,NONE,3.5,0.0,NONE
1779699645.454,80.7,91.3,31.8,1461.0,44.0,13.78,32.4,31.8,31.8,31.7,optimal,optimal,optimal,optimal,optimal,optimal,↑ increasing,→ stable,→ stable,100.0,✅ EXCELLENT,False,NONE,3.7,0.0,NONE
1779699646.455,80.9,90.7,32.0,1467.0,44.7,13.76,31.7,32.1,31.8,32.4,optimal,optimal,optimal,optimal,optimal,optimal,↑ increasing,→ stable,→ stable,100.0,✅ EXCELLENT,False,NONE,3.5,0.0,NONE
1779699647.456,79.4,90.9,31.7,1508.0,45.5,13.75,31.7,31.6,32.2,32.1,optimal,optimal,optimal,optimal,optimal,optimal,↑ increasing,→ stable,→ stable,100.0,✅ EXCELLENT,False,NONE,3.7,0.0,NONE
1779699648.457,79.8,91.1,31.7,1478.0,44.6,13.77,32.3,32.0,32.3,31.8,optimal,optimal,optimal,optimal,optimal,optimal,↑ increasing,→ stable,→ stable,100.0,✅ EXCELLENT,False,NONE,3.8,0.0,NONE
1779699649.458,79.1,88.7,31.8,1493.0,44.6,13.83,32.2,32.3,31.8,32.2,optimal,optimal,optimal,optimal,optimal,optimal,↑ increasing,→ stable,→ stable,100.0,✅ EXCELLENT,False,NONE,3.6,0.8,NONE
1779699650.459,80.5,90.6,32.1,1497.0,44.7,13.77,31.8,32.1,32.2,32.4,optimal,optimal,optimal,optimal,optimal,optimal,→ stable,→ stable,→ stable,100.0,✅ EXCELLENT,False,NONE,3.3,0.0,NONE
1779699651.46,79.5,89.9,32.0,1494.0,45.7,13.76,32.0,32.1,32.0,32.0,optimal,optimal,optimal,optimal,optimal,optimal,→ stable,→ stable,→ stable,100.0,✅ EXCELLENT,False,NONE,3.4,0.0,NONE
1779699652.46,80.2,90.1,32.1,1490.0,45.2,13.81,31.8,31.8,32.0,31.6,optimal,optimal,optimal,optimal,optimal,optimal,↓ decreasing,→ stable,→ stable,100.0,✅ EXCELLENT,False,NONE,3.3,0.0,NONE
1779699653.462,79.3,90.3,32.1,1526.0,45.6,13.83,31.7,32.4,31.8,32.1,optimal,optimal,optimal,optimal,optimal,optimal,↓ decreasing,→ stable,→ stable,100.0,✅ EXCELLENT,False,NONE,3.3,0.0,NONE
1779699654.463,81.9,88.5,32.0,1499.0,45.6,13.84,32.2,32.0,31.7,32.0,optimal,optimal,optimal,optimal,optimal,optimal,→ stable,→ stable,→ stable,100.0,✅ EXCELLENT,False,NONE,3.5,1.1,NONE
1779699655.463,78.8,91.5,31.8,1472.0,44.6,13.85,31.7,31.7,32.3,32.3,optimal,optimal,optimal,optimal,optimal,optimal,↓ decreasing,→ stable,→ stable,100.0,✅ EXCELLENT,False,NONE,3.6,0.0,NONE
1779699656.463,77.0,88.9,32.1,1466.0,45.9,13.78,32.4,32.1,31.9,32.1,optimal,optimal,optimal,optimal,optimal,optimal,↓ decreasing,→ stable,→ stable,100.0,✅ EXCELLENT,False,NONE,3.2,0.6,NONE
1779699657.464,77.8,91.4,31.8,1497.0,44.6,13.83,32.0,32.3,31.8,32.1,optimal,optimal,optimal,optimal,optimal,optimal,↓ decreasing,→ stable,→ stable,100.0,✅ EXCELLENT,False,NONE,3.6,0.0,NONE
1779699658.465,78.9,91.0,31.8,1479.0,45.2,13.85,31.7,31.8,31.8,32.3,optimal,optimal,optimal,optimal,optimal,optimal,↓ decreasing,→ stable,→ stable,100.0,✅ EXCELLENT,False,NONE,3.6,0.0,NONE
1779699659.465,82.6,89.9,32.0,1473.0,45.1,13.85,31.9,31.8,32.1,31.8,optimal,optimal,optimal,optimal,optimal,optimal,↓ decreasing,→ stable,→ stable,100.0,✅ EXCELLENT,False,NONE,3.5,0.0,NONE
1779699660.465,80.0,91.5,32.1,1538.0,44.2,13.78,31.7,32.2,31.6,31.9,optimal,optimal,optimal,optimal,optimal,optimal,↓ decreasing,→ stable,→ stable,100.0,✅ EXCELLENT,False,NONE,3.3,0.0,NONE
1779699661.466,81.1,88.6,32.3,1494.0,44.9,13.78,31.9,31.8,32.2,31.7,optimal,optimal,optimal,optimal,optimal,optimal,→ stable,→ stable,→ stable,100.0,✅ EXCELLENT,False,NONE,3.1,1.0,NONE
1779699662.467,81.3,88.6,32.0,1537.0,45.6,13.78,32.0,32.1,31.8,32.4,optimal,optimal,optimal,optimal,optimal,optimal,→ stable,→ stable,→ stable,100.0,✅ EXCELLENT,False,NONE,3.5,1.0,NONE
1779699663.468,81.7,89.0,31.6,1520.0,44.7,13.82,31.8,32.0,31.9,31.9,optimal,optimal,optimal,optimal,optimal,optimal,→ stable,→ stable,→ stable,100.0,✅ EXCELLENT,False,NONE,4.0,0.5,NONE
1779699664.469,77.9,89.3,32.3,1453.0,45.8,13.82,32.4,32.3,31.8,32.2,optimal,optimal,optimal,optimal,optimal,optimal,→ stable,→ stable,→ stable,100.0,✅ EXCELLENT,False,NONE,3.0,0.2,NONE
1779699665.47,80.5,91.3,31.8,1475.0,45.4,13.78,32.0,31.7,32.0,31.7,optimal,optimal,optimal,optimal,optimal,optimal,→ stable,→ stable,→ stable,100.0,✅ EXCELLENT,False,NONE,3.7,0.0,NONE
1779699666.471,81.1,89.7,32.0,1467.0,44.1,13.8,31.9,32.0,32.2,32.1,optimal,optimal,optimal,optimal,optimal,optimal,↑ increasing,→ stable,→ stable,100.0,✅ EXCELLENT,False,NONE,3.5,0.0,NONE
1779699667.472,77.5,88.9,31.7,1462.0,45.4,13.82,31.6,32.2,31.7,31.6,optimal,optimal,optimal,optimal,optimal,optimal,↑ increasing,→ stable,→ stable,100.0,✅ EXCELLENT,False,NONE,3.7,0.6,NONE
1779699668.473,82.3,90.1,31.8,1479.0,44.6,13.84,32.0,32.3,32.4,31.9,optimal,optimal,optimal,optimal,optimal,optimal,↑ increasing,→ stable,→ stable,100.0,✅ EXCELLENT,False,NONE,3.8,0.0,NONE
1779699669.474,79.2,90.4,32.3,1530.0,44.4,13.8,32.2,31.9,32.3,32.2,optimal,optimal,optimal,optimal,optimal,optimal,↑ increasing,→ stable,→ stable,100.0,✅ EXCELLENT,False,NONE,3.1,0.0,NONE
1779699670.475,82.2,89.2,31.9,1514.0,45.8,13.81,31.7,32.0,32.1,31.8,optimal,optimal,optimal,optimal,optimal,optimal,↑ increasing,↓ decreasing,→ stable,100.0,✅ EXCELLENT,False,NONE,3.6,0.3,NONE
1779699671.476,77.3,90.0,31.6,1528.0,44.9,13.83,32.1,32.1,32.1,31.8,optimal,optimal,optimal,optimal,optimal,optimal,→ stable,↓ decreasing,→ stable,100.0,✅ EXCELLENT,False,NONE,3.8,0.0,NONE
1779699672.477,79.0,90.6,32.2,1454.0,45.5,13.8,32.2,31.7,32.2,32.4,optimal,optimal,optimal,optimal,optimal,optimal,→ stable,→ stable,→ stable,100.0,✅ EXCELLENT,False,NONE,3.2,0.0,NONE
1779699673.478,82.2,89.6,32.2,1506.0,44.8,13.79,32.1,31.8,31.7,31.7,optimal,optimal,optimal,optimal,optimal,optimal,→ stable,→ stable,→ stable,100.0,✅ EXCELLENT,False,NONE,3.3,0.1,NONE
1779699674.479,82.0,91.4,31.9,1450.0,45.1,13.81,32.4,32.1,32.2,32.1,optimal,optimal,optimal,optimal,optimal,optimal,↑ increasing,→ stable,→ stable,100.0,✅ EXCELLENT,False,NONE,3.6,0.0,NONE
1779699675.48,80.8,89.4,31.8,1537.0,45.6,13.76,31.9,32.3,32.1,32.1,optimal,optimal,optimal,optimal,optimal,optimal,→ stable,→ stable,→ stable,100.0,✅ EXCELLENT,False,NONE,3.7,0.2,NONE
1779699676.481,81.7,90.1,32.1,1497.0,44.3,13.82,31.8,31.9,32.2,31.8,optimal,optimal,optimal,optimal,optimal,optimal,→ stable,→ stable,→ stable,100.0,✅ EXCELLENT,False,NONE,3.4,0.0,NONE
1779699677.482,81.0,90.3,32.0,1525.0,44.6,13.8,32.0,32.0,32.2,32.2,optimal,optimal,optimal,optimal,optimal,optimal,↑ increasing,→ stable,→ stable,100.0,✅ EXCELLENT,False,NONE,3.5,0.0,NONE
1779699678.483,81.9,89.9,31.8,1507.0,45.4,13.76,31.7,32.0,31.6,32.3,optimal,optimal,optimal,optimal,optimal,optimal,→ stable,→ stable,→ stable,100.0,✅ EXCELLENT,False,NONE,3.7,0.0,NONE
1779699679.484,78.9,89.3,31.9,1481.0,45.8,13.83,32.1,31.9,31.7,32.0,optimal,optimal,optimal,optimal,optimal,optimal,→ stable,→ stable,→ stable,100.0,✅ EXCELLENT,False,NONE,3.5,0.2,NONE
1779699680.485,81.3,90.3,31.9,1465.0,45.3,13.79,31.8,31.8,31.8,32.0,optimal,optimal,optimal,optimal,optimal,optimal,→ stable,↑ increasing,→ stable,100.0,✅ EXCELLENT,False,NONE,3.6,0.0,NONE
1779699681.485,82.4,89.5,32.4,1529.0,44.7,13.78,32.2,31.7,32.4,32.2,optimal,optimal,optimal,optimal,optimal,optimal,↑ increasing,→ stable,→ stable,100.0,✅ EXCELLENT,False,NONE,3.1,0.1,NONE
1779699682.486,78.6,90.4,31.9,1462.0,44.1,13.77,31.8,32.1,31.9,31.9,optimal,optimal,optimal,optimal,optimal,optimal,↑ increasing,→ stable,→ stable,100.0,✅ EXCELLENT,False,NONE,3.5,0.0,NONE
1779699683.487,79.3,89.0,32.4,1503.0,45.6,13.76,31.9,32.3,32.2,32.3,optimal,optimal,optimal,optimal,optimal,optimal,↑ increasing,→ stable,→ stable,100.0,✅ EXCELLENT,False,NONE,2.9,0.5,NONE
1779699684.488,81.4,89.1,31.8,1496.0,45.1,13.8,31.9,31.7,31.7,32.2,optimal,optimal,optimal,optimal,optimal,optimal,→ stable,→ stable,→ stable,100.0,✅ EXCELLENT,False,NONE,3.7,0.4,NONE
1779699685.489,80.8,90.5,32.4,1507.0,44.5,13.79,32.0,32.2,32.2,32.0,optimal,optimal,optimal,optimal,optimal,optimal,→ stable,→ stable,→ stable,100.0,✅ EXCELLENT,False,NONE,3.0,0.0,NONE
1779699686.489,77.8,88.8,32.0,1542.0,45.8,13.85,32.1,32.1,31.7,31.9,optimal,optimal,optimal,optimal,optimal,optimal,→ stable,→ stable,→ stable,100.0,✅ EXCELLENT,False,NONE,3.3,0.7,NONE
1779699687.489,81.7,90.9,32.4,1504.0,45.5,13.75,31.8,31.8,31.9,32.2,optimal,optimal,optimal,optimal,optimal,optimal,→ stable,→ stable,→ stable,100.0,✅ EXCELLENT,False,NONE,3.0,0.0,NONE
1779699688.49,80.7,89.9,32.1,1472.0,45.9,13.82,31.9,31.8,32.3,31.7,optimal,optimal,optimal,optimal,optimal,optimal,→ stable,→ stable,→ stable,100.0,✅ EXCELLENT,False,NONE,3.3,0.0,NONE
1779699689.49,80.8,89.6,32.0,1517.0,45.9,13.76,31.9,32.2,31.7,32.3,optimal,optimal,optimal,optimal,optimal,optimal,→ stable,→ stable,→ stable,100.0,✅ EXCELLENT,False,NONE,3.5,0.1,NONE
1779699690.491,77.6,89.2,31.8,1537.0,45.8,13.77,32.2,31.7,31.8,32.2,optimal,optimal,optimal,optimal,optimal,optimal,→ stable,→ stable,→ stable,100.0,✅ EXCELLENT,False,NONE,3.5,0.3,NONE
1779699691.492,77.6,89.0,31.8,1456.0,45.8,13.76,31.8,32.0,31.9,32.4,optimal,optimal,optimal,optimal,optimal,optimal,↓ decreasing,→ stable,→ stable,100.0,✅ EXCELLENT,False,NONE,3.5,0.5,NONE
1779699692.492,80.2,90.8,32.1,1456.0,44.4,13.79,32.2,31.8,32.0,32.0,optimal,optimal,optimal,optimal,optimal,optimal,↓ decreasing,→ stable,→ stable,100.0,✅ EXCELLENT,False,NONE,3.3,0.0,NONE
1779699693.493,78.6,90.5,31.9,1517.0,45.1,13.83,31.9,32.4,31.7,32.1,optimal,optimal,optimal,optimal,optimal,optimal,↓ decreasing,→ stable,→ stable,100.0,✅ EXCELLENT,False,NONE,3.5,0.0,NONE
1779699694.494,81.7,89.5,32.2,1539.0,44.4,13.78,31.8,32.2,31.9,32.3,optimal,optimal,optimal,optimal,optimal,optimal,↓ decreasing,→ stable,→ stable,100.0,✅ EXCELLENT,False,NONE,3.3,0.1,NONE
1779699695.495,79.9,90.7,32.0,1536.0,44.8,13.77,32.0,31.9,32.0,31.8,optimal,optimal,optimal,optimal,optimal,optimal,↓ decreasing,→ stable,→ stable,100.0,✅ EXCELLENT,False,NONE,3.4,0.0,NONE
1779699696.496,82.0,90.3,32.2,1503.0,44.1,13.81,32.0,31.7,31.6,31.9,optimal,optimal,optimal,optimal,optimal,optimal,→ stable,→ stable,→ stable,100.0,✅ EXCELLENT,False,NONE,3.3,0.0,NONE
1779699697.497,78.1,89.3,31.6,1466.0,44.2,13.83,31.8,32.1,32.0,31.8,optimal,optimal,optimal,optimal,optimal,optimal,↓ decreasing,→ stable,→ stable,100.0,✅ EXCELLENT,False,NONE,3.8,0.2,NONE
1779699698.498,78.0,90.3,32.3,1509.0,44.2,13.78,32.2,31.9,31.8,32.3,optimal,optimal,optimal,optimal,optimal,optimal,↓ decreasing,→ stable,→ stable,100.0,✅ EXCELLENT,False,NONE,3.0,0.0,NONE
1779699699.499,82.7,90.4,32.1,1464.0,45.4,13.79,31.7,32.3,32.0,32.3,optimal,optimal,optimal,optimal,optimal,optimal,↓ decreasing,→ stable,→ stable,100.0,✅ EXCELLENT,False,NONE,3.4,0.0,NONE
1779699700.5,81.9,90.1,32.3,1470.0,44.3,13.82,32.3,31.7,32.1,32.1,optimal,optimal,optimal,optimal,optimal,optimal,→ stable,→ stable,→ stable,100.0,✅ EXCELLENT,False,NONE,3.2,0.0,NONE
1779699701.501,81.6,89.1,31.7,1538.0,44.7,13.79,32.1,32.0,32.0,31.8,optimal,optimal,optimal,optimal,optimal,optimal,↑ increasing,→ stable,→ stable,100.0,✅ EXCELLENT,False,NONE,3.8,0.4,NONE
1779699702.502,77.6,89.0,32.3,1463.0,45.2,13.81,32.3,32.3,32.4,31.7,optimal,optimal,optimal,optimal,optimal,optimal,→ stable,→ stable,→ stable,100.0,✅ EXCELLENT,False,NONE,3.0,0.5,NONE
1779699703.503,78.8,90.0,32.1,1489.0,44.1,13.82,31.6,31.9,31.7,31.9,optimal,optimal,optimal,optimal,optimal,optimal,↑ increasing,→ stable,→ stable,100.0,✅ EXCELLENT,False,NONE,3.3,0.0,NONE
1779699704.504,82.9,89.5,32.2,1514.0,44.5,13.79,31.8,32.4,31.7,31.8,optimal,optimal,optimal,optimal,optimal,optimal,↑ increasing,→ stable,→ stable,100.0,✅ EXCELLENT,False,NONE,3.3,0.1,NONE
1779699705.505,77.5,91.4,31.8,1501.0,45.8,13.8,32.0,31.8,31.6,32.2,optimal,optimal,optimal,optimal,optimal,optimal,→ stable,→ stable,→ stable,100.0,✅ EXCELLENT,False,NONE,3.5,0.0,NONE
1779699706.506,78.8,89.1,31.7,1483.0,45.7,13.82,31.8,32.2,31.8,31.9,optimal,optimal,optimal,optimal,optimal,optimal,→ stable,→ stable,→ stable,100.0,✅ EXCELLENT,False,NONE,3.7,0.4,NONE
1779699707.507,82.7,88.6,32.3,1471.0,44.6,13.8,32.3,31.7,31.6,32.0,optimal,optimal,optimal,optimal,optimal,optimal,↑ increasing,→ stable,→ stable,100.0,✅ EXCELLENT,False,NONE,3.2,1.0,NONE
1779699708.507,78.3,89.3,31.8,1495.0,45.0,13.79,32.1,31.7,31.7,32.1,optimal,optimal,optimal,optimal,optimal,optimal,↑ increasing,→ stable,→ stable,100.0,✅ EXCELLENT,False,NONE,3.6,0.2,NONE
1779699709.508,81.1,89.7,31.9,1514.0,45.7,13.76,32.3,31.7,32.3,32.0,optimal,optimal,optimal,optimal,optimal,optimal,→ stable,→ stable,→ stable,100.0,✅ EXCELLENT,False,NONE,3.6,0.0,NONE
1779699710.509,79.6,88.8,32.3,1544.0,45.2,13.84,31.9,31.7,32.1,31.8,optimal,optimal,optimal,optimal,optimal,optimal,→ stable,↓ decreasing,→ stable,100.0,✅ EXCELLENT,False,NONE,3.1,0.7,NONE
1779699711.51,80.1,89.0,31.7,1463.0,44.3,13.81,32.2,31.9,32.2,31.7,optimal,optimal,optimal,optimal,optimal,optimal,↓ decreasing,↓ decreasing,→ stable,100.0,✅ EXCELLENT,False,NONE,3.8,0.5,NONE
1779699712.511,78.2,89.4,31.6,1461.0,45.3,13.81,31.9,32.0,32.3,32.2,optimal,optimal,optimal,optimal,optimal,optimal,→ stable,→ stable,→ stable,100.0,✅ EXCELLENT,False,NONE,3.8,0.2,NONE
1779699713.512,80.0,90.7,32.3,1545.0,45.8,13.84,32.0,32.2,31.9,31.8,optimal,optimal,optimal,optimal,optimal,optimal,→ stable,→ stable,→ stable,100.0,✅ EXCELLENT,False,NONE,3.1,0.0,NONE
1779699714.513,81.7,89.5,32.2,1549.0,45.4,13.76,31.9,31.9,32.2,31.8,optimal,optimal,optimal,optimal,optimal,optimal,↓ decreasing,→ stable,→ stable,100.0,✅ EXCELLENT,False,NONE,3.3,0.1,NONE
1779699715.514,78.9,89.7,32.1,1499.0,45.5,13.82,32.3,32.1,32.1,31.7,optimal,optimal,optimal,optimal,optimal,optimal,→ stable,↓ decreasing,→ stable,100.0,✅ EXCELLENT,False,NONE,3.3,0.0,NONE
1779699716.514,81.7,89.0,32.0,1472.0,44.8,13.84,31.7,32.1,32.3,32.0,optimal,optimal,optimal,optimal,optimal,optimal,→ stable,→ stable,→ stable,100.0,✅ EXCELLENT,False,NONE,3.5,0.5,NONE
1779699717.515,82.0,91.1,32.2,1535.0,45.4,13.83,32.0,31.8,32.2,32.0,optimal,optimal,optimal,optimal,optimal,optimal,→ stable,→ stable,→ stable,100.0,✅ EXCELLENT,False,NONE,3.3,0.0,NONE
1779699718.516,80.5,90.3,32.3,1481.0,44.3,13.82,31.6,31.9,32.0,31.9,optimal,optimal,optimal,optimal,optimal,optimal,→ stable,→ stable,→ stable,100.0,✅ EXCELLENT,False,NONE,3.1,0.0,NONE
1779699719.517,77.9,88.7,32.3,1450.0,44.5,13.77,31.8,32.1,31.9,32.0,optimal,optimal,optimal,optimal,optimal,optimal,→ stable,→ stable,→ stable,100.0,✅ EXCELLENT,False,NONE,3.0,0.8,NONE
1779699720.517,78.6,89.5,32.0,1467.0,45.3,13.8,31.8,31.7,31.9,32.2,optimal,optimal,optimal,optimal,optimal,optimal,→ stable,→ stable,→ stable,100.0,✅ EXCELLENT,False,NONE,3.4,0.1,NONE
1779699721.518,77.3,91.3,32.1,1451.0,45.3,13.83,31.8,31.8,31.9,32.1,optimal,optimal,optimal,optimal,optimal,optimal,→ stable,→ stable,→ stable,100.0,✅ EXCELLENT,False,NONE,3.2,0.0,NONE
1779699722.52,78.6,89.9,31.9,1532.0,44.4,13.8,32.3,31.7,32.4,32.1,optimal,optimal,optimal,optimal,optimal,optimal,→ stable,→ stable,→ stable,100.0,✅ EXCELLENT,False,NONE,3.5,0.0,NONE
1779699723.521,77.2,90.5,31.6,1538.0,44.7,13.84,32.3,32.4,32.0,32.1,optimal,optimal,optimal,optimal,optimal,optimal,→ stable,→ stable,→ stable,100.0,✅ EXCELLENT,False,NONE,3.7,0.0,NONE
1779699724.522,82.4,89.6,31.7,1473.0,44.7,13.79,31.7,31.6,32.3,32.1,optimal,optimal,optimal,optimal,optimal,optimal,→ stable,→ stable,→ stable,100.0,✅ EXCELLENT,False,NONE,3.9,0.1,NONE
1779699725.523,77.5,88.5,32.3,1541.0,45.2,13.77,32.2,32.1,32.0,31.7,optimal,optimal,optimal,optimal,optimal,optimal,↓ decreasing,→ stable,→ stable,100.0,✅ EXCELLENT,False,NONE,3.0,1.1,NONE
1779699726.524,79.1,89.3,32.3,1533.0,45.4,13.82,31.8,32.1,31.9,32.3,optimal,optimal,optimal,optimal,optimal,optimal,↓ decreasing,→ stable,→ stable,100.0,✅ EXCELLENT,False,NONE,3.1,0.2,NONE
1779699727.525,78.3,88.6,32.0,1532.0,45.1,13.83,32.4,32.3,32.3,32.0,optimal,optimal,optimal,optimal,optimal,optimal,↓ decreasing,→ stable,→ stable,100.0,✅ EXCELLENT,False,NONE,3.4,1.0,NONE
1779699728.526,81.3,90.0,31.9,1521.0,45.0,13.77,31.9,32.1,31.6,32.4,optimal,optimal,optimal,optimal,optimal,optimal,↓ decreasing,→ stable,→ stable,100.0,✅ EXCELLENT,False,NONE,3.6,0.0,NONE
1779699729.526,78.7,91.4,31.8,1500.0,44.0,13.8,32.0,32.2,31.9,32.3,optimal,optimal,optimal,optimal,optimal,optimal,↓ decreasing,→ stable,→ stable,100.0,✅ EXCELLENT,False,NONE,3.6,0.0,NONE
1779699730.527,78.5,90.5,32.1,1525.0,45.9,13.79,31.7,31.6,31.9,32.1,optimal,optimal,optimal,optimal,optimal,optimal,↓ decreasing,→ stable,→ stable,100.0,✅ EXCELLENT,False,NONE,3.3,0.0,NONE
1779699731.528,82.6,91.0,32.0,1547.0,44.7,13.82,32.0,32.4,32.1,32.1,optimal,optimal,optimal,optimal,optimal,optimal,→ stable,→ stable,→ stable,100.0,✅ EXCELLENT,False,NONE,3.5,0.0,NONE
1779699732.528,81.9,89.4,31.8,1525.0,44.1,13.81,31.7,32.0,32.3,32.1,optimal,optimal,optimal,optimal,optimal,optimal,→ stable,→ stable,→ stable,100.0,✅ EXCELLENT,False,NONE,3.7,0.2,NONE
1779699733.529,81.5,89.0,32.4,1450.0,44.9,13.77,31.9,31.7,32.3,32.1,optimal,optimal,optimal,optimal,optimal,optimal,↑ increasing,→ stable,→ stable,100.0,✅ EXCELLENT,False,NONE,3.0,0.5,NONE
1779699734.53,82.2,90.3,31.7,1462.0,44.9,13.84,32.3,31.8,31.8,31.6,optimal,optimal,optimal,optimal,optimal,optimal,↑ increasing,→ stable,→ stable,100.0,✅ EXCELLENT,False,NONE,3.9,0.0,NONE
1779699735.531,77.6,88.9,32.2,1492.0,44.7,13.84,32.1,32.1,32.3,32.0,optimal,optimal,optimal,optimal,optimal,optimal,↑ increasing,→ stable,→ stable,100.0,✅ EXCELLENT,False,NONE,3.1,0.6,NONE
1779699736.531,81.3,90.3,32.0,1524.0,44.6,13.78,32.1,32.2,31.7,31.8,optimal,optimal,optimal,optimal,optimal,optimal,↑ increasing,→ stable,→ stable,100.0,✅ EXCELLENT,False,NONE,3.5,0.0,NONE
1779699737.532,77.3,89.6,32.3,1545.0,44.4,13.82,31.9,32.0,32.1,32.0,optimal,optimal,optimal,optimal,optimal,optimal,↑ increasing,→ stable,→ stable,100.0,✅ EXCELLENT,False,NONE,3.0,0.1,NONE
1779699738.533,81.6,89.7,31.8,1472.0,44.2,13.8,32.2,32.4,32.1,32.0,optimal,optimal,optimal,optimal,optimal,optimal,↑ increasing,→ stable,→ stable,100.0,✅ EXCELLENT,False,NONE,3.7,0.0,NONE
1779699739.533,79.7,90.0,31.7,1544.0,45.5,13.77,31.8,32.2,31.8,32.0,optimal,optimal,optimal,optimal,optimal,optimal,↑ increasing,→ stable,→ stable,100.0,✅ EXCELLENT,False,NONE,3.8,0.0,NONE
1779699740.533,78.2,90.7,31.7,1540.0,45.9,13.85,32.2,32.0,31.7,32.1,optimal,optimal,optimal,optimal,optimal,optimal,↑ increasing,→ stable,→ stable,100.0,✅ EXCELLENT,False,NONE,3.7,0.0,NONE
1779699741.535,81.2,89.7,32.2,1537.0,44.2,13.77,31.8,31.8,31.6,32.4,optimal,optimal,optimal,optimal,optimal,optimal,↑ increasing,→ stable,→ stable,100.0,✅ EXCELLENT,False,NONE,3.2,0.0,NONE
1779699742.537,78.1,90.1,31.7,1526.0,44.9,13.82,32.1,31.9,31.8,31.8,optimal,optimal,optimal,optimal,optimal,optimal,→ stable,→ stable,→ stable,100.0,✅ EXCELLENT,False,NONE,3.7,0.0,NONE
1779699743.537,81.1,88.6,31.6,1491.0,45.8,13.82,31.9,31.6,32.3,31.7,optimal,optimal,optimal,optimal,optimal,optimal,→ stable,→ stable,→ stable,100.0,✅ EXCELLENT,False,NONE,3.9,1.0,NONE
1779699744.538,79.6,88.9,31.7,1521.0,45.8,13.81,32.3,32.4,31.8,31.7,optimal,optimal,optimal,optimal,optimal,optimal,↓ decreasing,→ stable,→ stable,100.0,✅ EXCELLENT,False,NONE,3.8,0.6,NONE
1779699745.539,79.2,89.2,32.2,1522.0,44.1,13.78,32.1,31.9,32.4,31.7,optimal,optimal,optimal,optimal,optimal,optimal,→ stable,→ stable,→ stable,100.0,✅ EXCELLENT,False,NONE,3.2,0.3,NONE
1779699746.54,79.9,89.3,32.2,1503.0,45.0,13.82,31.8,31.7,31.7,32.1,optimal,optimal,optimal,optimal,optimal,optimal,↓ decreasing,→ stable,→ stable,100.0,✅ EXCELLENT,False,NONE,3.2,0.2,NONE
1779699747.54,79.7,90.8,32.1,1459.0,44.8,13.77,31.8,31.6,32.4,31.9,optimal,optimal,optimal,optimal,optimal,optimal,→ stable,→ stable,→ stable,100.0,✅ EXCELLENT,False,NONE,3.3,0.0,NONE
1779699748.541,81.6,91.5,32.2,1512.0,44.2,13.8,31.6,31.8,32.2,32.1,optimal,optimal,optimal,optimal,optimal,optimal,→ stable,→ stable,→ stable,100.0,✅ EXCELLENT,False,NONE,3.3,0.0,NONE
1779699749.542,80.7,89.8,32.1,1545.0,45.2,13.82,32.1,32.0,32.1,31.9,optimal,optimal,optimal,optimal,optimal,optimal,→ stable,→ stable,→ stable,100.0,✅ EXCELLENT,False,NONE,3.3,0.0,NONE
1779699750.543,81.0,91.2,32.2,1516.0,44.1,13.78,32.4,32.1,31.9,31.7,optimal,optimal,optimal,optimal,optimal,optimal,→ stable,→ stable,→ stable,100.0,✅ EXCELLENT,False,NONE,3.2,0.0,NONE
1779699751.544,77.7,89.8,31.8,1480.0,44.4,13.76,32.1,31.8,31.7,31.7,optimal,optimal,optimal,optimal,optimal,optimal,→ stable,→ stable,→ stable,100.0,✅ EXCELLENT,False,NONE,3.6,0.0,NONE
1779699752.545,82.3,90.6,31.8,1507.0,45.2,13.8,32.3,32.4,32.2,31.8,optimal,optimal,optimal,optimal,optimal,optimal,→ stable,→ stable,→ stable,100.0,✅ EXCELLENT,False,NONE,3.8,0.0,NONE
1779699753.546,80.1,89.9,32.4,1519.0,44.1,13.82,32.3,31.9,31.9,32.3,optimal,optimal,optimal,optimal,optimal,optimal,→ stable,→ stable,→ stable,100.0,✅ EXCELLENT,False,NONE,3.0,0.0,NONE
1779699754.547,77.6,91.1,32.1,1510.0,45.8,13.78,32.2,32.3,31.9,32.2,optimal,optimal,optimal,optimal,optimal,optimal,→ stable,↑ increasing,→ stable,100.0,✅ EXCELLENT,False,NONE,3.2,0.0,NONE
1779699755.548,80.1,89.4,31.7,1533.0,44.3,13.85,32.1,31.9,32.0,31.9,optimal,optimal,optimal,optimal,optimal,optimal,→ stable,↑ increasing,→ stable,100.0,✅ EXCELLENT,False,NONE,3.8,0.2,NONE
1779699756.549,80.3,89.5,31.7,1465.0,44.9,13.79,31.7,31.8,31.9,31.6,optimal,optimal,optimal,optimal,optimal,optimal,↑ increasing,↑ increasing,→ stable,100.0,✅ EXCELLENT,False,NONE,3.8,0.1,NONE
1779699757.549,78.7,88.9,32.3,1466.0,45.7,13.76,32.0,32.3,31.9,32.0,optimal,optimal,optimal,optimal,optimal,optimal,→ stable,→ stable,→ stable,100.0,✅ EXCELLENT,False,NONE,3.0,0.6,NONE
1779699758.55,81.8,89.5,31.9,1547.0,44.8,13.79,31.8,31.9,31.9,32.3,optimal,optimal,optimal,optimal,optimal,optimal,→ stable,→ stable,→ stable,100.0,✅ EXCELLENT,False,NONE,3.6,0.1,NONE
1779699759.549,77.4,91.0,31.7,1498.0,45.5,13.78,32.2,31.7,32.3,31.8,optimal,optimal,optimal,optimal,optimal,optimal,→ stable,→ stable,→ stable,100.0,✅ EXCELLENT,False,NONE,3.6,0.0,NONE
1779699760.55,80.8,90.5,32.1,1518.0,45.6,13.82,31.6,32.2,32.4,31.8,optimal,optimal,optimal,optimal,optimal,optimal,↓ decreasing,→ stable,→ stable,100.0,✅ EXCELLENT,False,NONE,3.3,0.0,NONE
1779699761.551,80.6,89.2,32.2,1542.0,45.0,13.81,31.6,32.4,32.2,31.7,optimal,optimal,optimal,optimal,optimal,optimal,→ stable,→ stable,→ stable,100.0,✅ EXCELLENT,False,NONE,3.2,0.3,NONE
1779699762.551,82.6,89.0,32.0,1526.0,45.2,13.78,31.6,32.2,32.3,32.4,optimal,optimal,optimal,optimal,optimal,optimal,→ stable,→ stable,→ stable,100.0,✅ EXCELLENT,False,NONE,3.5,0.5,NONE
1779699763.552,81.8,90.2,31.8,1454.0,45.5,13.84,31.7,31.7,32.0,32.0,optimal,optimal,optimal,optimal,optimal,optimal,→ stable,→ stable,→ stable,100.0,✅ EXCELLENT,False,NONE,3.7,0.0,NONE
1779699764.553,77.4,89.4,32.2,1521.0,45.3,13.78,32.1,32.1,31.6,32.4,optimal,optimal,optimal,optimal,optimal,optimal,→ stable,↓ decreasing,→ stable,100.0,✅ EXCELLENT,False,NONE,3.1,0.2,NONE
1779699765.553,79.0,91.3,31.8,1538.0,45.5,13.83,32.1,31.9,32.0,31.9,optimal,optimal,optimal,optimal,optimal,optimal,→ stable,→ stable,→ stable,100.0,✅ EXCELLENT,False,NONE,3.6,0.0,NONE
1779699766.553,77.8,89.8,32.1,1488.0,44.1,13.83,32.3,32.3,32.3,32.1,optimal,optimal,optimal,optimal,optimal,optimal,→ stable,→ stable,→ stable,100.0,✅ EXCELLENT,False,NONE,3.2,0.0,NONE
1779699767.554,79.0,88.7,32.1,1549.0,44.2,13.83,32.1,32.0,32.2,32.0,optimal,optimal,optimal,optimal,optimal,optimal,→ stable,→ stable,→ stable,100.0,✅ EXCELLENT,False,NONE,3.3,0.8,NONE
1779699768.555,82.4,90.7,32.0,1495.0,44.4,13.85,32.1,31.6,32.2,32.0,optimal,optimal,optimal,optimal,optimal,optimal,→ stable,→ stable,→ stable,100.0,✅ EXCELLENT,False,NONE,3.5,0.0,NONE
1779699769.555,81.4,91.1,31.9,1549.0,45.9,13.79,32.0,31.7,31.6,31.9,optimal,optimal,optimal,optimal,optimal,optimal,↑ increasing,→ stable,→ stable,100.0,✅ EXCELLENT,False,NONE,3.6,0.0,NONE
1779699770.556,81.4,90.2,31.9,1466.0,45.4,13.85,31.8,31.9,31.9,31.7,optimal,optimal,optimal,optimal,optimal,optimal,↑ increasing,→ stable,→ stable,100.0,✅ EXCELLENT,False,NONE,3.6,0.0,NONE
1779699771.556,81.7,90.9,32.3,1462.0,44.2,13.85,32.4,32.4,32.2,32.0,optimal,optimal,optimal,optimal,optimal,optimal,→ stable,→ stable,→ stable,100.0,✅ EXCELLENT,False,NONE,3.2,0.0,NONE
1779699772.556,78.5,88.5,32.0,1477.0,45.1,13.78,32.3,32.4,31.7,31.7,optimal,optimal,optimal,optimal,optimal,optimal,→ stable,→ stable,→ stable,100.0,✅ EXCELLENT,False,NONE,3.4,1.1,NONE
1779699773.557,79.5,88.9,31.7,1542.0,44.7,13.79,31.7,32.1,31.8,32.0,optimal,optimal,optimal,optimal,optimal,optimal,→ stable,→ stable,→ stable,100.0,✅ EXCELLENT,False,NONE,3.7,0.6,NONE
1779699774.558,79.7,88.7,32.0,1457.0,44.7,13.78,32.4,32.0,32.1,31.7,optimal,optimal,optimal,optimal,optimal,optimal,→ stable,→ stable,→ stable,100.0,✅ EXCELLENT,False,NONE,3.4,0.8,NONE
1779699775.559,81.0,91.4,31.9,1494.0,45.2,13.78,31.8,31.7,31.8,32.2,optimal,optimal,optimal,optimal,optimal,optimal,→ stable,→ stable,→ stable,100.0,✅ EXCELLENT,False,NONE,3.6,0.0,NONE
1779699776.56,81.6,89.7,31.9,1481.0,45.5,13.81,32.0,31.8,32.2,31.7,optimal,optimal,optimal,optimal,optimal,optimal,↑ increasing,→ stable,→ stable,100.0,✅ EXCELLENT,False,NONE,3.6,0.0,NONE
1779699777.561,79.7,91.1,31.9,1510.0,44.3,13.76,31.8,32.1,32.0,31.8,optimal,optimal,optimal,optimal,optimal,optimal,↑ increasing,→ stable,→ stable,100.0,✅ EXCELLENT,False,NONE,3.5,0.0,NONE
1779699778.561,77.5,90.4,31.6,1533.0,45.3,13.8,32.3,31.7,32.3,32.3,optimal,optimal,optimal,optimal,optimal,optimal,→ stable,→ stable,→ stable,100.0,✅ EXCELLENT,False,NONE,3.8,0.0,NONE
1779699779.562,82.6,89.3,32.2,1544.0,44.7,13.84,31.7,31.8,32.1,32.1,optimal,optimal,optimal,optimal,optimal,optimal,→ stable,→ stable,→ stable,100.0,✅ EXCELLENT,False,NONE,3.3,0.2,NONE
1779699780.563,77.4,88.5,32.1,1513.0,45.7,13.83,32.3,32.1,31.7,32.3,optimal,optimal,optimal,optimal,optimal,optimal,→ stable,→ stable,→ stable,100.0,✅ EXCELLENT,False,NONE,3.2,1.1,NONE
1779699781.564,81.7,89.8,31.9,1533.0,44.6,13.85,32.3,31.8,32.2,31.6,optimal,optimal,optimal,optimal,optimal,optimal,↓ decreasing,→ stable,→ stable,100.0,✅ EXCELLENT,False,NONE,3.6,0.0,NONE
1779699782.565,77.6,90.9,31.9,1547.0,45.2,13.76,32.2,31.8,32.0,32.2,optimal,optimal,optimal,optimal,optimal,optimal,→ stable,→ stable,→ stable,100.0,✅ EXCELLENT,False,NONE,3.4,0.0,NONE
1779699783.567,78.6,91.3,31.8,1493.0,44.1,13.77,31.9,32.3,31.9,32.4,optimal,optimal,optimal,optimal,optimal,optimal,→ stable,→ stable,→ stable,100.0,✅ EXCELLENT,False,NONE,3.6,0.0,NONE
1779699784.567,77.3,90.2,31.6,1462.0,44.5,13.83,32.1,32.4,31.6,31.8,optimal,optimal,optimal,optimal,optimal,optimal,↓ decreasing,→ stable,→ stable,100.0,✅ EXCELLENT,False,NONE,3.8,0.0,NONE
1779699785.568,78.4,89.4,32.3,1463.0,45.9,13.8,31.9,31.7,31.7,32.0,optimal,optimal,optimal,optimal,optimal,optimal,↓ decreasing,→ stable,→ stable,100.0,✅ EXCELLENT,False,NONE,3.0,0.2,NONE
1779699786.569,78.0,91.1,31.9,1485.0,44.8,13.76,31.8,31.6,32.4,32.4,optimal,optimal,optimal,optimal,optimal,optimal,↓ decreasing,→ stable,→ stable,100.0,✅ EXCELLENT,False,NONE,3.5,0.0,NONE
1779699787.57,83.0,88.6,32.1,1516.0,45.4,13.77,32.0,31.6,31.8,31.8,optimal,optimal,optimal,optimal,optimal,optimal,↓ decreasing,→ stable,→ stable,100.0,✅ EXCELLENT,False,NONE,3.4,1.0,NONE
1779699788.57,81.1,90.2,32.0,1528.0,44.2,13.78,31.7,32.3,32.2,31.7,optimal,optimal,optimal,optimal,optimal,optimal,↓ decreasing,→ stable,→ stable,100.0,✅ EXCELLENT,False,NONE,3.5,0.0,NONE
1779699789.572,80.7,91.3,31.8,1488.0,45.2,13.84,32.1,31.7,31.6,32.3,optimal,optimal,optimal,optimal,optimal,optimal,↓ decreasing,→ stable,→ stable,100.0,✅ EXCELLENT,False,NONE,3.7,0.0,NONE
1779699790.573,78.8,91.5,32.2,1511.0,44.9,13.83,32.2,31.9,32.2,32.1,optimal,optimal,optimal,optimal,optimal,optimal,→ stable,↑ increasing,→ stable,100.0,✅ EXCELLENT,False,NONE,3.2,0.0,NONE
1779699791.574,78.9,89.3,32.3,1534.0,45.7,13.83,31.8,32.1,32.3,31.9,optimal,optimal,optimal,optimal,optimal,optimal,↓ decreasing,↑ increasing,→ stable,100.0,✅ EXCELLENT,False,NONE,3.0,0.2,NONE
1779699792.575,79.9,88.7,31.9,1546.0,44.9,13.79,31.8,32.1,32.3,31.8,optimal,optimal,optimal,optimal,optimal,optimal,→ stable,→ stable,→ stable,100.0,✅ EXCELLENT,False,NONE,3.5,0.8,NONE
1779699793.576,82.7,90.3,32.3,1518.0,45.4,13.81,32.4,32.1,32.1,31.7,optimal,optimal,optimal,optimal,optimal,optimal,→ stable,→ stable,→ stable,100.0,✅ EXCELLENT,False,NONE,3.2,0.0,NONE
1779699794.577,79.6,91.1,32.0,1513.0,44.4,13.79,31.9,31.8,32.0,32.3,optimal,optimal,optimal,optimal,optimal,optimal,↑ increasing,→ stable,→ stable,100.0,✅ EXCELLENT,False,NONE,3.4,0.0,NONE
1779699795.578,77.7,89.8,32.4,1463.0,45.8,13.83,31.7,31.8,32.3,32.2,optimal,optimal,optimal,optimal,optimal,optimal,↑ increasing,→ stable,→ stable,100.0,✅ EXCELLENT,False,NONE,2.9,0.0,NONE
1779699796.579,80.6,88.9,32.2,1497.0,46.0,13.76,31.8,31.9,31.9,31.9,optimal,optimal,optimal,optimal,optimal,optimal,↑ increasing,→ stable,→ stable,100.0,✅ EXCELLENT,False,NONE,3.2,0.6,NONE
1779699797.58,80.7,91.4,32.1,1456.0,45.4,13.84,32.2,31.7,31.8,31.9,optimal,optimal,optimal,optimal,optimal,optimal,↑ increasing,→ stable,→ stable,100.0,✅ EXCELLENT,False,NONE,3.3,0.0,NONE
1779699798.581,79.0,91.4,31.6,1507.0,45.6,13.8,32.3,32.2,31.7,31.7,optimal,optimal,optimal,optimal,optimal,optimal,→ stable,→ stable,→ stable,100.0,✅ EXCELLENT,False,NONE,3.8,0.0,NONE
1779699799.581,77.9,90.1,32.2,1522.0,45.0,13.8,31.7,32.2,31.7,32.4,optimal,optimal,optimal,optimal,optimal,optimal,→ stable,→ stable,→ stable,100.0,✅ EXCELLENT,False,NONE,3.1,0.0,NONE
1779699800.582,79.7,90.1,32.0,1455.0,45.6,13.76,32.1,32.2,32.3,31.9,optimal,optimal,optimal,optimal,optimal,optimal,→ stable,→ stable,→ stable,100.0,✅ EXCELLENT,False,NONE,3.4,0.0,NONE
1779699801.582,80.1,90.6,32.3,1514.0,45.1,13.78,32.0,32.0,31.8,32.2,optimal,optimal,optimal,optimal,optimal,optimal,↑ increasing,→ stable,→ stable,100.0,✅ EXCELLENT,False,NONE,3.1,0.0,NONE
1779699802.583,81.3,90.5,31.7,1513.0,44.5,13.83,32.1,31.8,32.3,31.9,optimal,optimal,optimal,optimal,optimal,optimal,→ stable,→ stable,→ stable,100.0,✅ EXCELLENT,False,NONE,3.8,0.0,NONE
1779699803.584,80.8,90.5,32.3,1476.0,45.3,13.75,32.3,31.6,31.8,32.1,optimal,optimal,optimal,optimal,optimal,optimal,→ stable,→ stable,→ stable,100.0,✅ EXCELLENT,False,NONE,3.1,0.0,NONE
1779699804.585,77.0,91.3,31.9,1527.0,45.0,13.84,31.7,32.4,32.3,32.1,optimal,optimal,optimal,optimal,optimal,optimal,↓ decreasing,→ stable,→ stable,100.0,✅ EXCELLENT,False,NONE,3.4,0.0,NONE
1779699805.586,81.0,88.8,32.3,1491.0,44.7,13.76,32.2,32.2,31.7,32.2,optimal,optimal,optimal,optimal,optimal,optimal,→ stable,→ stable,→ stable,100.0,✅ EXCELLENT,False,NONE,3.1,0.7,NONE
1779699806.586,77.7,89.3,31.7,1512.0,45.7,13.78,31.8,32.0,31.7,31.7,optimal,optimal,optimal,optimal,optimal,optimal,↓ decreasing,→ stable,→ stable,100.0,✅ EXCELLENT,False,NONE,3.7,0.2,NONE
1779699807.587,82.3,91.4,31.9,1519.0,44.7,13.81,32.1,32.0,32.1,31.9,optimal,optimal,optimal,optimal,optimal,optimal,→ stable,→ stable,→ stable,100.0,✅ EXCELLENT,False,NONE,3.6,0.0,NONE
1779699808.588,79.6,89.0,32.2,1459.0,45.8,13.82,31.9,31.7,32.0,32.3,optimal,optimal,optimal,optimal,optimal,optimal,→ stable,→ stable,→ stable,100.0,✅ EXCELLENT,False,NONE,3.2,0.5,NONE
1779699809.589,81.2,90.2,31.7,1467.0,44.9,13.8,31.7,31.8,31.8,32.4,optimal,optimal,optimal,optimal,optimal,optimal,→ stable,→ stable,→ stable,100.0,✅ EXCELLENT,False,NONE,3.8,0.0,NONE
1779699810.589,77.2,89.8,32.0,1468.0,45.5,13.84,32.3,31.6,32.2,32.0,optimal,optimal,optimal,optimal,optimal,optimal,→ stable,→ stable,→ stable,100.0,✅ EXCELLENT,False,NONE,3.3,0.0,NONE
1779699811.59,80.4,90.5,32.3,1542.0,44.6,13.76,32.2,31.9,32.3,31.8,optimal,optimal,optimal,optimal,optimal,optimal,→ stable,→ stable,→ stable,100.0,✅ EXCELLENT,False,NONE,3.1,0.0,NONE
1779699812.591,77.5,89.9,32.0,1510.0,45.0,13.76,32.3,31.6,32.2,31.9,optimal,optimal,optimal,optimal,optimal,optimal,→ stable,→ stable,→ stable,100.0,✅ EXCELLENT,False,NONE,3.3,0.0,NONE
1779699813.592,79.4,90.8,32.1,1465.0,45.6,13.76,31.8,32.1,32.3,31.7,optimal,optimal,optimal,optimal,optimal,optimal,→ stable,→ stable,→ stable,100.0,✅ EXCELLENT,False,NONE,3.3,0.0,NONE
1779699814.593,80.6,90.9,32.1,1474.0,45.2,13.79,32.2,32.0,32.3,32.0,optimal,optimal,optimal,optimal,optimal,optimal,→ stable,→ stable,→ stable,100.0,✅ EXCELLENT,False,NONE,3.3,0.0,NONE
1779699815.593,81.5,91.1,31.9,1455.0,45.0,13.81,31.7,32.1,31.8,31.7,optimal,optimal,optimal,optimal,optimal,optimal,→ stable,→ stable,→ stable,100.0,✅ EXCELLENT,False,NONE,3.6,0.0,NONE
1779699816.593,80.1,89.0,31.9,1537.0,45.2,13.82,32.2,32.1,31.9,32.1,optimal,optimal,optimal,optimal,optimal,optimal,→ stable,→ stable,→ stable,100.0,✅ EXCELLENT,False,NONE,3.5,0.5,NONE
1779699817.593,83.0,90.6,32.3,1471.0,45.0,13.77,31.9,32.2,32.1,32.0,optimal,optimal,optimal,optimal,optimal,optimal,→ stable,→ stable,→ stable,100.0,✅ EXCELLENT,False,NONE,3.2,0.0,NONE
1779699818.594,81.2,89.9,31.8,1508.0,44.5,13.79,32.2,32.2,31.8,32.4,optimal,optimal,optimal,optimal,optimal,optimal,→ stable,→ stable,→ stable,100.0,✅ EXCELLENT,False,NONE,3.7,0.0,NONE
1779699819.595,77.5,88.9,32.0,1522.0,44.3,13.76,31.7,31.9,31.8,32.1,optimal,optimal,optimal,optimal,optimal,optimal,→ stable,→ stable,→ stable,100.0,✅ EXCELLENT,False,NONE,3.3,0.6,NONE
1779699820.596,77.0,89.4,31.8,1474.0,44.8,13.76,32.1,32.4,32.0,32.0,optimal,optimal,optimal,optimal,optimal,optimal,→ stable,→ stable,→ stable,100.0,✅ EXCELLENT,False,NONE,3.5,0.2,NONE
1779699821.596,77.9,90.0,32.0,1537.0,45.4,13.79,31.9,32.3,31.6,31.7,optimal,optimal,optimal,optimal,optimal,optimal,→ stable,→ stable,→ stable,100.0,✅ EXCELLENT,False,NONE,3.3,0.0,NONE
1779699822.597,78.3,90.6,32.0,1524.0,45.0,13.83,32.1,32.0,32.3,31.8,optimal,optimal,optimal,optimal,optimal,optimal,→ stable,→ stable,→ stable,100.0,✅ EXCELLENT,False,NONE,3.4,0.0,NONE
1779699823.598,81.3,89.7,31.8,1537.0,44.6,13.75,31.8,32.0,32.2,31.7,optimal,optimal,optimal,optimal,optimal,optimal,↑ increasing,→ stable,→ stable,100.0,✅ EXCELLENT,False,NONE,3.7,0.0,NONE
1779699824.599,80.6,88.8,32.0,1473.0,45.3,13.82,32.1,32.0,31.8,31.7,optimal,optimal,optimal,optimal,optimal,optimal,→ stable,→ stable,→ stable,100.0,✅ EXCELLENT,False,NONE,3.5,0.7,NONE
1779699825.6,78.2,89.4,32.4,1460.0,45.0,13.8,31.6,31.8,32.0,31.7,optimal,optimal,optimal,optimal,optimal,optimal,→ stable,↓ decreasing,→ stable,100.0,✅ EXCELLENT,False,NONE,2.9,0.2,NONE
1779699826.6,77.7,89.9,31.6,1524.0,44.1,13.82,32.1,32.0,31.7,32.2,optimal,optimal,optimal,optimal,optimal,optimal,↓ decreasing,↓ decreasing,→ stable,100.0,✅ EXCELLENT,False,NONE,3.8,0.0,NONE
1779699827.601,77.8,90.1,31.9,1509.0,44.5,13.79,32.3,31.9,31.9,32.1,optimal,optimal,optimal,optimal,optimal,optimal,↓ decreasing,↓ decreasing,→ stable,100.0,✅ EXCELLENT,False,NONE,3.4,0.0,NONE
1779699828.601,78.4,89.1,32.3,1502.0,44.0,13.85,31.7,32.3,31.8,32.3,optimal,optimal,optimal,optimal,optimal,optimal,↓ decreasing,↓ decreasing,→ stable,100.0,✅ EXCELLENT,False,NONE,3.0,0.4,NONE
1779699829.603,79.3,90.9,32.2,1467.0,44.9,13.81,32.4,32.2,32.0,31.9,optimal,optimal,optimal,optimal,optimal,optimal,↓ decreasing,→ stable,→ stable,100.0,✅ EXCELLENT,False,NONE,3.2,0.0,NONE
1779699830.604,82.0,88.8,32.1,1522.0,45.0,13.84,32.0,31.9,32.0,32.0,optimal,optimal,optimal,optimal,optimal,optimal,↓ decreasing,→ stable,→ stable,100.0,✅ EXCELLENT,False,NONE,3.4,0.7,NONE
1779699831.605,82.4,91.2,32.1,1462.0,45.2,13.82,32.1,31.6,31.9,31.9,optimal,optimal,optimal,optimal,optimal,optimal,→ stable,→ stable,→ stable,100.0,✅ EXCELLENT,False,NONE,3.4,0.0,NONE
1779699832.606,77.5,89.4,32.3,1484.0,46.0,13.78,32.2,32.0,32.0,31.9,optimal,optimal,optimal,optimal,optimal,optimal,→ stable,→ stable,→ stable,100.0,✅ EXCELLENT,False,NONE,3.0,0.2,NONE
1779699833.607,80.6,89.1,31.9,1453.0,44.3,13.77,32.1,31.9,31.9,32.1,optimal,optimal,optimal,optimal,optimal,optimal,→ stable,→ stable,→ stable,100.0,✅ EXCELLENT,False,NONE,3.6,0.4,NONE
1779699834.608,82.8,89.4,32.2,1531.0,45.2,13.84,32.2,31.8,31.8,31.7,optimal,optimal,optimal,optimal,optimal,optimal,→ stable,→ stable,→ stable,100.0,✅ EXCELLENT,False,NONE,3.3,0.2,NONE
1779699835.609,78.3,89.1,32.3,1468.0,45.6,13.8,32.0,32.2,32.3,32.3,optimal,optimal,optimal,optimal,optimal,optimal,→ stable,→ stable,→ stable,100.0,✅ EXCELLENT,False,NONE,3.0,0.4,NONE
1779699836.609,77.4,89.8,31.8,1466.0,45.5,13.79,32.2,31.9,32.0,31.9,optimal,optimal,optimal,optimal,optimal,optimal,→ stable,→ stable,→ stable,100.0,✅ EXCELLENT,False,NONE,3.5,0.0,NONE
1779699837.609,79.9,89.6,32.2,1541.0,45.8,13.82,32.2,32.1,32.3,32.3,optimal,optimal,optimal,optimal,optimal,optimal,↑ increasing,→ stable,→ stable,100.0,✅ EXCELLENT,False,NONE,3.2,0.1,NONE
1779699838.609,78.4,89.5,32.3,1495.0,44.5,13.84,32.0,32.2,31.8,31.9,optimal,optimal,optimal,optimal,optimal,optimal,↑ increasing,→ stable,→ stable,100.0,✅ EXCELLENT,False,NONE,3.0,0.1,NONE
1779699839.61,80.8,89.4,32.2,1450.0,45.8,13.77,31.9,31.7,32.2,31.9,optimal,optimal,optimal,optimal,optimal,optimal,↑ increasing,→ stable,→ stable,100.0,✅ EXCELLENT,False,NONE,3.2,0.2,NONE
1779699840.611,77.8,90.5,32.0,1522.0,45.9,13.75,32.1,32.2,31.8,31.9,optimal,optimal,optimal,optimal,optimal,optimal,→ stable,→ stable,→ stable,100.0,✅ EXCELLENT,False,NONE,3.3,0.0,NONE
1779699841.611,80.5,89.4,32.2,1484.0,45.8,13.85,31.9,32.1,32.2,31.7,optimal,optimal,optimal,optimal,optimal,optimal,→ stable,→ stable,→ stable,100.0,✅ EXCELLENT,False,NONE,3.2,0.2,NONE
1779699842.612,80.2,88.7,32.2,1479.0,45.9,13.75,31.8,32.3,32.0,32.1,optimal,optimal,optimal,optimal,optimal,optimal,→ stable,→ stable,→ stable,100.0,✅ EXCELLENT,False,NONE,3.2,0.8,NONE
1779699843.613,82.4,89.5,32.0,1489.0,45.4,13.8,32.2,32.0,32.0,31.9,optimal,optimal,optimal,optimal,optimal,optimal,→ stable,→ stable,→ stable,100.0,✅ EXCELLENT,False,NONE,3.5,0.1,NONE
1779699844.614,77.6,88.5,32.3,1520.0,44.2,13.79,31.7,31.8,32.2,31.6,optimal,optimal,optimal,optimal,optimal,optimal,→ stable,→ stable,→ stable,100.0,✅ EXCELLENT,False,NONE,3.0,1.1,NONE
1779699845.615,77.8,89.1,32.1,1540.0,45.6,13.82,31.9,32.4,31.9,31.9,optimal,optimal,optimal,optimal,optimal,optimal,→ stable,→ stable,→ stable,100.0,✅ EXCELLENT,False,NONE,3.2,0.4,NONE
1779699846.615,77.5,90.8,32.3,1540.0,45.6,13.8,31.9,32.0,32.2,31.9,optimal,optimal,optimal,optimal,optimal,optimal,→ stable,→ stable,→ stable,100.0,✅ EXCELLENT,False,NONE,3.0,0.0,NONE
1779699847.616,78.9,89.9,32.3,1457.0,44.6,13.79,32.2,31.9,32.1,32.2,optimal,optimal,optimal,optimal,optimal,optimal,↓ decreasing,→ stable,→ stable,100.0,✅ EXCELLENT,False,NONE,3.0,0.0,NONE
1779699848.616,78.0,89.6,32.1,1524.0,45.7,13.8,32.2,32.1,31.8,32.0,optimal,optimal,optimal,optimal,optimal,optimal,↓ decreasing,→ stable,→ stable,100.0,✅ EXCELLENT,False,NONE,3.2,0.1,NONE
1779699849.617,80.3,90.4,31.7,1484.0,45.2,13.77,31.7,31.7,32.1,31.9,optimal,optimal,optimal,optimal,optimal,optimal,↓ decreasing,→ stable,→ stable,100.0,✅ EXCELLENT,False,NONE,3.8,0.0,NONE
1779699850.618,80.2,91.4,31.8,1504.0,45.5,13.79,31.8,32.2,32.1,32.1,optimal,optimal,optimal,optimal,optimal,optimal,→ stable,→ stable,→ stable,100.0,✅ EXCELLENT,False,NONE,3.7,0.0,NONE
1779699851.619,80.8,88.7,31.8,1512.0,44.1,13.83,31.8,32.3,32.3,31.7,optimal,optimal,optimal,optimal,optimal,optimal,→ stable,→ stable,→ stable,100.0,✅ EXCELLENT,False,NONE,3.7,0.8,NONE
1779699852.62,79.0,89.6,31.9,1493.0,45.2,13.8,31.9,32.2,31.6,32.2,optimal,optimal,optimal,optimal,optimal,optimal,→ stable,→ stable,→ stable,100.0,✅ EXCELLENT,False,NONE,3.5,0.1,NONE
1779699853.621,79.7,90.8,32.1,1519.0,45.6,13.78,32.0,32.2,31.8,32.3,optimal,optimal,optimal,optimal,optimal,optimal,↓ decreasing,→ stable,→ stable,100.0,✅ EXCELLENT,False,NONE,3.3,0.0,NONE
1779699854.622,78.4,89.2,32.3,1509.0,45.6,13.81,32.1,32.3,32.1,32.4,optimal,optimal,optimal,optimal,optimal,optimal,→ stable,↑ increasing,→ stable,100.0,✅ EXCELLENT,False,NONE,3.0,0.3,NONE
1779699855.623,81.2,88.7,31.9,1533.0,44.2,13.84,32.3,31.7,31.8,32.1,optimal,optimal,optimal,optimal,optimal,optimal,→ stable,↑ increasing,→ stable,100.0,✅ EXCELLENT,False,NONE,3.6,0.8,NONE
1779699856.624,77.1,88.8,31.6,1532.0,44.7,13.79,31.8,32.2,31.7,32.2,optimal,optimal,optimal,optimal,optimal,optimal,→ stable,→ stable,→ stable,100.0,✅ EXCELLENT,False,NONE,3.7,0.7,NONE
1779699857.624,79.2,90.1,32.0,1525.0,45.9,13.83,31.9,31.8,32.1,32.1,optimal,optimal,optimal,optimal,optimal,optimal,→ stable,→ stable,→ stable,100.0,✅ EXCELLENT,False,NONE,3.4,0.0,NONE
1779699858.625,81.0,90.4,32.0,1492.0,44.2,13.75,32.1,31.8,32.2,31.8,optimal,optimal,optimal,optimal,optimal,optimal,↑ increasing,→ stable,→ stable,100.0,✅ EXCELLENT,False,NONE,3.5,0.0,NONE
1779699859.626,77.2,88.9,31.6,1497.0,45.5,13.79,31.8,32.0,32.3,31.8,optimal,optimal,optimal,optimal,optimal,optimal,→ stable,→ stable,→ stable,100.0,✅ EXCELLENT,False,NONE,3.7,0.6,NONE
1779699860.627,82.0,88.9,32.0,1527.0,44.5,13.84,31.6,32.1,31.6,31.9,optimal,optimal,optimal,optimal,optimal,optimal,→ stable,→ stable,→ stable,100.0,✅ EXCELLENT,False,NONE,3.5,0.6,NONE
1779699861.628,81.9,90.4,32.0,1492.0,45.3,13.78,32.2,32.4,32.0,32.1,optimal,optimal,optimal,optimal,optimal,optimal,→ stable,→ stable,→ stable,100.0,✅ EXCELLENT,False,NONE,3.5,0.0,NONE
1779699862.629,82.5,90.4,31.8,1472.0,45.5,13.77,31.8,32.0,31.6,31.9,optimal,optimal,optimal,optimal,optimal,optimal,↑ increasing,→ stable,→ stable,100.0,✅ EXCELLENT,False,NONE,3.8,0.0,NONE
1779699863.63,81.2,88.8,32.1,1528.0,44.7,13.76,31.8,32.0,32.3,31.9,optimal,optimal,optimal,optimal,optimal,optimal,↑ increasing,→ stable,→ stable,100.0,✅ EXCELLENT,False,NONE,3.4,0.7,NONE
1779699864.631,78.7,90.5,32.2,1530.0,44.1,13.77,32.4,32.2,31.6,31.7,optimal,optimal,optimal,optimal,optimal,optimal,↑ increasing,→ stable,→ stable,100.0,✅ EXCELLENT,False,NONE,3.1,0.0,NONE
1779699865.632,78.2,90.3,31.8,1453.0,44.4,13.84,32.4,31.9,31.8,32.0,optimal,optimal,optimal,optimal,optimal,optimal,→ stable,→ stable,→ stable,100.0,✅ EXCELLENT,False,NONE,3.6,0.0,NONE
1779699866.633,82.3,90.9,32.2,1533.0,45.1,13.82,32.3,31.8,31.8,31.7,optimal,optimal,optimal,optimal,optimal,optimal,↑ increasing,→ stable,→ stable,100.0,✅ EXCELLENT,False,NONE,3.3,0.0,NONE
1779699867.634,82.4,90.7,31.8,1530.0,44.7,13.82,31.9,32.3,32.3,31.8,optimal,optimal,optimal,optimal,optimal,optimal,↑ increasing,→ stable,→ stable,100.0,✅ EXCELLENT,False,NONE,3.8,0.0,NONE
1779699868.635,82.4,91.3,32.0,1510.0,44.3,13.79,31.7,31.7,31.7,31.8,optimal,optimal,optimal,optimal,optimal,optimal,↑ increasing,→ stable,→ stable,100.0,✅ EXCELLENT,False,NONE,3.5,0.0,NONE
1779699869.636,79.0,89.5,31.9,1462.0,44.6,13.78,32.1,32.3,32.0,32.3,optimal,optimal,optimal,optimal,optimal,optimal,↑ increasing,↑ increasing,→ stable,100.0,✅ EXCELLENT,False,NONE,3.5,0.1,NONE
1779699870.636,77.4,88.9,32.3,1549.0,45.3,13.76,31.8,31.9,32.2,31.8,optimal,optimal,optimal,optimal,optimal,optimal,↑ increasing,↑ increasing,→ stable,100.0,✅ EXCELLENT,False,NONE,3.0,0.6,NONE
1779699871.636,79.1,89.4,31.9,1481.0,44.9,13.8,32.1,31.9,32.1,31.8,optimal,optimal,optimal,optimal,optimal,optimal,↑ increasing,→ stable,→ stable,100.0,✅ EXCELLENT,False,NONE,3.5,0.2,NONE
1779699872.637,77.6,90.5,32.1,1533.0,45.8,13.78,31.7,32.1,31.7,32.0,optimal,optimal,optimal,optimal,optimal,optimal,→ stable,→ stable,→ stable,100.0,✅ EXCELLENT,False,NONE,3.2,0.0,NONE
1779699873.637,80.5,90.2,32.2,1469.0,45.9,13.82,32.3,31.9,31.6,32.0,optimal,optimal,optimal,optimal,optimal,optimal,→ stable,↑ increasing,→ stable,100.0,✅ EXCELLENT,False,NONE,3.2,0.0,NONE
1779699874.637,77.6,88.7,32.1,1473.0,45.1,13.83,31.9,32.4,32.4,31.6,optimal,optimal,optimal,optimal,optimal,optimal,↓ decreasing,→ stable,→ stable,100.0,✅ EXCELLENT,False,NONE,3.2,0.8,NONE
1779699875.639,82.2,89.9,32.4,1545.0,45.8,13.78,32.2,32.1,31.6,31.7,optimal,optimal,optimal,optimal,optimal,optimal,→ stable,→ stable,→ stable,100.0,✅ EXCELLENT,False,NONE,3.1,0.0,NONE
1779699876.64,78.2,88.7,31.6,1522.0,44.8,13.85,31.6,31.9,32.3,32.2,optimal,optimal,optimal,optimal,optimal,optimal,↓ decreasing,→ stable,→ stable,100.0,✅ EXCELLENT,False,NONE,3.8,0.8,NONE
1779699877.641,82.6,90.1,31.9,1525.0,44.3,13.79,32.1,32.0,31.7,32.1,optimal,optimal,optimal,optimal,optimal,optimal,↓ decreasing,→ stable,→ stable,100.0,✅ EXCELLENT,False,NONE,3.7,0.0,NONE
1779699878.64,81.3,90.9,32.2,1485.0,45.1,13.78,32.3,32.0,31.8,31.9,optimal,optimal,optimal,optimal,optimal,optimal,↓ decreasing,→ stable,→ stable,100.0,✅ EXCELLENT,False,NONE,3.3,0.0,NONE
1779699879.641,80.7,89.0,32.4,1516.0,44.1,13.75,32.1,32.1,32.0,31.8,optimal,optimal,optimal,optimal,optimal,optimal,↓ decreasing,↓ decreasing,→ stable,100.0,✅ EXCELLENT,False,NONE,3.0,0.5,NONE
1779699880.641,81.5,88.6,32.4,1514.0,45.8,13.8,31.9,32.3,31.9,32.2,optimal,optimal,optimal,optimal,optimal,optimal,→ stable,↓ decreasing,→ stable,100.0,✅ EXCELLENT,False,NONE,3.0,1.0,NONE
1779699881.642,80.7,89.2,31.7,1451.0,45.6,13.85,31.9,31.9,32.0,32.0,optimal,optimal,optimal,optimal,optimal,optimal,→ stable,→ stable,→ stable,100.0,✅ EXCELLENT,False,NONE,3.8,0.3,NONE
1779699882.642,79.5,90.9,32.1,1500.0,44.6,13.79,32.1,32.2,31.9,31.6,optimal,optimal,optimal,optimal,optimal,optimal,↑ increasing,→ stable,→ stable,100.0,✅ EXCELLENT,False,NONE,3.3,0.0,NONE
1779699883.643,80.3,90.6,31.7,1527.0,44.8,13.78,32.1,32.3,32.1,31.6,optimal,optimal,optimal,optimal,optimal,optimal,↑ increasing,↓ decreasing,→ stable,100.0,✅ EXCELLENT,False,NONE,3.8,0.0,NONE
1779699884.643,79.4,89.1,31.8,1477.0,45.6,13.82,32.2,32.2,31.9,31.6,optimal,optimal,optimal,optimal,optimal,optimal,↑ increasing,→ stable,→ stable,100.0,✅ EXCELLENT,False,NONE,3.6,0.4,NONE
1779699885.644,79.6,90.5,32.1,1543.0,44.0,13.81,32.2,31.8,31.9,31.7,optimal,optimal,optimal,optimal,optimal,optimal,→ stable,→ stable,→ stable,100.0,✅ EXCELLENT,False,NONE,3.3,0.0,NONE
1779699886.644,78.3,89.3,32.2,1485.0,44.2,13.79,32.4,31.7,31.6,31.8,optimal,optimal,optimal,optimal,optimal,optimal,↑ increasing,→ stable,→ stable,100.0,✅ EXCELLENT,False,NONE,3.1,0.2,NONE
1779699887.645,78.0,88.7,32.1,1493.0,44.3,13.76,31.7,32.1,31.7,32.3,optimal,optimal,optimal,optimal,optimal,optimal,→ stable,→ stable,→ stable,100.0,✅ EXCELLENT,False,NONE,3.2,0.8,NONE
1779699888.646,82.7,89.1,32.0,1529.0,44.4,13.78,32.0,31.7,32.3,32.2,optimal,optimal,optimal,optimal,optimal,optimal,↑ increasing,→ stable,→ stable,100.0,✅ EXCELLENT,False,NONE,3.5,0.4,NONE
1779699889.646,78.3,90.7,32.2,1526.0,44.7,13.8,31.7,32.1,32.2,31.8,optimal,optimal,optimal,optimal,optimal,optimal,→ stable,→ stable,→ stable,100.0,✅ EXCELLENT,False,NONE,3.1,0.0,NONE
1779699890.647,82.9,89.9,31.9,1549.0,44.9,13.82,32.0,31.8,31.9,32.1,optimal,optimal,optimal,optimal,optimal,optimal,→ stable,→ stable,→ stable,100.0,✅ EXCELLENT,False,NONE,3.7,0.0,NONE
1779699891.648,82.2,89.2,32.3,1544.0,45.3,13.78,31.9,31.9,31.8,32.1,optimal,optimal,optimal,optimal,optimal,optimal,→ stable,→ stable,→ stable,100.0,✅ EXCELLENT,False,NONE,3.2,0.3,NONE
1779699892.649,80.8,89.7,32.3,1451.0,44.0,13.82,32.4,32.3,32.4,31.9,optimal,optimal,optimal,optimal,optimal,optimal,→ stable,→ stable,→ stable,100.0,✅ EXCELLENT,False,NONE,3.1,0.0,NONE
1779699893.65,79.8,91.4,31.9,1527.0,44.2,13.83,32.0,31.7,31.7,32.2,optimal,optimal,optimal,optimal,optimal,optimal,→ stable,→ stable,→ stable,100.0,✅ EXCELLENT,False,NONE,3.5,0.0,NONE
1779699894.651,80.3,91.0,32.3,1536.0,45.4,13.83,32.2,31.7,32.0,31.8,optimal,optimal,optimal,optimal,optimal,optimal,→ stable,→ stable,→ stable,100.0,✅ EXCELLENT,False,NONE,3.1,0.0,NONE
1779699895.651,81.8,90.4,32.3,1524.0,44.5,13.75,32.2,31.8,32.4,32.2,optimal,optimal,optimal,optimal,optimal,optimal,→ stable,→ stable,→ stable,100.0,✅ EXCELLENT,False,NONE,3.2,0.0,NONE
1779699896.652,82.1,89.0,32.1,1518.0,44.5,13.8,32.2,32.4,32.3,32.3,optimal,optimal,optimal,optimal,optimal,optimal,→ stable,→ stable,→ stable,100.0,✅ EXCELLENT,False,NONE,3.4,0.5,NONE
1779699897.653,79.0,89.3,32.3,1499.0,44.9,13.83,32.1,31.8,32.1,32.0,optimal,optimal,optimal,optimal,optimal,optimal,↑ increasing,→ stable,→ stable,100.0,✅ EXCELLENT,False,NONE,3.0,0.2,NONE
1779699898.654,77.5,89.5,32.2,1521.0,44.7,13.84,32.0,32.1,32.0,32.0,optimal,optimal,optimal,optimal,optimal,optimal,→ stable,↑ increasing,→ stable,100.0,✅ EXCELLENT,False,NONE,3.1,0.1,NONE
1779699899.655,81.4,89.6,32.0,1474.0,44.5,13.76,31.7,32.2,32.4,31.9,optimal,optimal,optimal,optimal,optimal,optimal,↑ increasing,→ stable,→ stable,100.0,✅ EXCELLENT,False,NONE,3.5,0.1,NONE
1779699900.655,77.4,90.9,32.2,1526.0,45.9,13.81,31.8,32.2,32.3,32.1,optimal,optimal,optimal,optimal,optimal,optimal,→ stable,→ stable,→ stable,100.0,✅ EXCELLENT,False,NONE,3.1,0.0,NONE
1779699901.655,77.0,89.7,32.1,1545.0,44.9,13.81,32.1,32.3,31.7,32.1,optimal,optimal,optimal,optimal,optimal,optimal,→ stable,→ stable,→ stable,100.0,✅ EXCELLENT,False,NONE,3.2,0.0,NONE
1779699902.656,82.4,90.5,31.6,1467.0,45.4,13.84,32.1,31.8,32.3,32.3,optimal,optimal,optimal,optimal,optimal,optimal,→ stable,→ stable,→ stable,100.0,✅ EXCELLENT,False,NONE,4.0,0.0,NONE
1779699903.656,79.5,88.9,31.9,1518.0,44.1,13.79,31.6,32.3,31.7,32.1,optimal,optimal,optimal,optimal,optimal,optimal,→ stable,→ stable,→ stable,100.0,✅ EXCELLENT,False,NONE,3.5,0.6,NONE
1779699904.657,78.8,90.7,32.3,1490.0,44.6,13.82,32.3,31.8,31.6,32.3,optimal,optimal,optimal,optimal,optimal,optimal,↓ decreasing,→ stable,→ stable,100.0,✅ EXCELLENT,False,NONE,3.0,0.0,NONE
1779699905.657,77.9,90.4,31.9,1542.0,45.8,13.81,32.0,32.2,32.1,31.8,optimal,optimal,optimal,optimal,optimal,optimal,↓ decreasing,→ stable,→ stable,100.0,✅ EXCELLENT,False,NONE,3.4,0.0,NONE
1779699906.657,82.9,89.2,32.3,1522.0,44.2,13.78,31.8,32.0,31.9,31.6,optimal,optimal,optimal,optimal,optimal,optimal,↓ decreasing,→ stable,→ stable,100.0,✅ EXCELLENT,False,NONE,3.2,0.3,NONE
1779699907.658,79.3,89.3,32.3,1533.0,45.6,13.79,32.1,32.4,32.4,32.2,optimal,optimal,optimal,optimal,optimal,optimal,↓ decreasing,→ stable,→ stable,100.0,✅ EXCELLENT,False,NONE,3.1,0.2,NONE
1779699908.658,80.6,89.1,32.3,1503.0,45.1,13.84,31.7,32.1,32.0,32.1,optimal,optimal,optimal,optimal,optimal,optimal,↓ decreasing,→ stable,→ stable,100.0,✅ EXCELLENT,False,NONE,3.1,0.4,NONE
1779699909.659,81.0,91.1,32.0,1514.0,46.0,13.83,32.4,31.8,32.2,31.7,optimal,optimal,optimal,optimal,optimal,optimal,↓ decreasing,→ stable,→ stable,100.0,✅ EXCELLENT,False,NONE,3.5,0.0,NONE
1779699910.66,80.6,91.3,31.9,1526.0,44.9,13.78,32.3,32.3,31.7,31.8,optimal,optimal,optimal,optimal,optimal,optimal,→ stable,→ stable,→ stable,100.0,✅ EXCELLENT,False,NONE,3.6,0.0,NONE
1779699911.662,80.1,91.2,31.8,1522.0,44.6,13.79,31.6,31.6,32.0,31.7,optimal,optimal,optimal,optimal,optimal,optimal,↑ increasing,→ stable,→ stable,100.0,✅ EXCELLENT,False,NONE,3.7,0.0,NONE
1779699912.662,79.3,89.6,32.1,1501.0,44.0,13.82,31.9,31.9,31.9,31.9,optimal,optimal,optimal,optimal,optimal,optimal,→ stable,→ stable,→ stable,100.0,✅ EXCELLENT,False,NONE,3.3,0.1,NONE
1779699913.663,80.2,91.4,31.8,1492.0,45.5,13.77,32.4,32.1,32.0,32.0,optimal,optimal,optimal,optimal,optimal,optimal,→ stable,→ stable,→ stable,100.0,✅ EXCELLENT,False,NONE,3.7,0.0,NONE
1779699914.664,78.1,88.9,31.8,1512.0,45.9,13.78,32.3,31.9,32.3,32.1,optimal,optimal,optimal,optimal,optimal,optimal,→ stable,→ stable,→ stable,100.0,✅ EXCELLENT,False,NONE,3.6,0.6,NONE
1779699915.665,82.7,89.9,32.3,1544.0,44.6,13.76,32.0,31.7,32.0,31.7,optimal,optimal,optimal,optimal,optimal,optimal,↑ increasing,→ stable,→ stable,100.0,✅ EXCELLENT,False,NONE,3.2,0.0,NONE
1779699916.666,81.2,89.6,31.8,1485.0,44.6,13.81,31.9,31.8,32.0,32.1,optimal,optimal,optimal,optimal,optimal,optimal,↑ increasing,→ stable,→ stable,100.0,✅ EXCELLENT,False,NONE,3.7,0.1,NONE
1779699917.667,79.5,90.2,32.3,1509.0,44.8,13.78,32.4,32.3,32.0,32.1,optimal,optimal,optimal,optimal,optimal,optimal,↑ increasing,→ stable,→ stable,100.0,✅ EXCELLENT,False,NONE,3.1,0.0,NONE
1779699918.667,79.4,89.4,31.8,1534.0,45.2,13.8,31.9,31.7,31.9,31.8,optimal,optimal,optimal,optimal,optimal,optimal,→ stable,→ stable,→ stable,100.0,✅ EXCELLENT,False,NONE,3.6,0.2,NONE
1779699919.668,80.9,91.5,31.9,1495.0,44.7,13.8,32.1,32.0,31.7,31.9,optimal,optimal,optimal,optimal,optimal,optimal,↑ increasing,→ stable,→ stable,100.0,✅ EXCELLENT,False,NONE,3.6,0.0,NONE
1779699920.669,78.6,90.1,31.8,1537.0,45.3,13.84,31.8,31.8,32.1,31.8,optimal,optimal,optimal,optimal,optimal,optimal,→ stable,→ stable,→ stable,100.0,✅ EXCELLENT,False,NONE,3.6,0.0,NONE
1779699921.67,80.6,91.2,32.1,1490.0,44.7,13.77,31.8,32.1,31.6,31.8,optimal,optimal,optimal,optimal,optimal,optimal,→ stable,→ stable,→ stable,100.0,✅ EXCELLENT,False,NONE,3.3,0.0,NONE
1779699922.67,78.2,90.7,31.6,1480.0,45.7,13.76,32.2,32.0,32.0,32.2,optimal,optimal,optimal,optimal,optimal,optimal,→ stable,→ stable,→ stable,100.0,✅ EXCELLENT,False,NONE,3.8,0.0,NONE
1779699923.671,82.4,90.1,32.0,1493.0,44.7,13.83,32.1,32.4,32.0,31.7,optimal,optimal,optimal,optimal,optimal,optimal,→ stable,→ stable,→ stable,100.0,✅ EXCELLENT,False,NONE,3.5,0.0,NONE
1779699924.67,82.5,90.9,32.2,1547.0,45.2,13.84,32.2,32.1,32.1,32.2,optimal,optimal,optimal,optimal,optimal,optimal,↑ increasing,→ stable,→ stable,100.0,✅ EXCELLENT,False,NONE,3.3,0.0,NONE
1779699925.671,81.9,90.4,32.0,1475.0,44.3,13.82,32.3,32.2,32.2,32.0,optimal,optimal,optimal,optimal,optimal,optimal,→ stable,→ stable,→ stable,100.0,✅ EXCELLENT,False,NONE,3.5,0.0,NONE
1779699926.671,79.7,90.1,31.6,1550.0,44.5,13.82,31.7,31.7,32.4,31.9,optimal,optimal,optimal,optimal,optimal,optimal,→ stable,→ stable,→ stable,100.0,✅ EXCELLENT,False,NONE,3.9,0.0,NONE
1779699927.672,77.4,91.5,31.9,1540.0,45.9,13.8,32.1,32.3,31.9,31.8,optimal,optimal,optimal,optimal,optimal,optimal,→ stable,→ stable,→ stable,100.0,✅ EXCELLENT,False,NONE,3.4,0.0,NONE
1779699928.673,80.6,91.3,32.1,1496.0,44.6,13.84,31.6,32.1,32.0,31.8,optimal,optimal,optimal,optimal,optimal,optimal,→ stable,↑ increasing,→ stable,100.0,✅ EXCELLENT,False,NONE,3.3,0.0,NONE
1779699929.674,82.3,89.9,32.0,1479.0,44.8,13.77,31.9,32.3,31.6,32.0,optimal,optimal,optimal,optimal,optimal,optimal,→ stable,→ stable,→ stable,100.0,✅ EXCELLENT,False,NONE,3.5,0.0,NONE
1779699930.675,82.2,90.6,32.4,1537.0,45.0,13.78,32.3,32.0,32.3,31.9,optimal,optimal,optimal,optimal,optimal,optimal,↑ increasing,→ stable,→ stable,100.0,✅ EXCELLENT,False,NONE,3.1,0.0,NONE
1779699931.676,78.6,90.3,31.8,1495.0,45.9,13.84,32.0,32.3,32.3,32.4,optimal,optimal,optimal,optimal,optimal,optimal,↑ increasing,→ stable,→ stable,100.0,✅ EXCELLENT,False,NONE,3.6,0.0,NONE
1779699932.677,81.5,88.8,31.8,1530.0,45.2,13.81,32.3,32.0,32.0,31.9,optimal,optimal,optimal,optimal,optimal,optimal,↑ increasing,→ stable,→ stable,100.0,✅ EXCELLENT,False,NONE,3.7,0.7,NONE
1779699933.678,78.3,91.2,32.1,1527.0,44.4,13.81,32.3,31.7,32.0,32.2,optimal,optimal,optimal,optimal,optimal,optimal,→ stable,→ stable,→ stable,100.0,✅ EXCELLENT,False,NONE,3.2,0.0,NONE
1779699934.68,82.3,90.0,32.4,1527.0,45.2,13.82,32.2,31.9,32.4,32.4,optimal,optimal,optimal,optimal,optimal,optimal,→ stable,→ stable,→ stable,100.0,✅ EXCELLENT,False,NONE,3.1,0.0,NONE
1779699935.681,78.1,88.8,31.8,1487.0,45.0,13.85,32.3,31.7,31.6,32.2,optimal,optimal,optimal,optimal,optimal,optimal,→ stable,→ stable,→ stable,100.0,✅ EXCELLENT,False,NONE,3.6,0.7,NONE
1779699936.682,81.4,90.6,32.1,1518.0,45.3,13.76,31.6,32.3,32.2,31.8,optimal,optimal,optimal,optimal,optimal,optimal,→ stable,→ stable,→ stable,100.0,✅ EXCELLENT,False,NONE,3.4,0.0,NONE
1779699937.683,77.9,90.9,32.1,1458.0,44.2,13.81,32.0,32.2,32.0,31.8,optimal,optimal,optimal,optimal,optimal,optimal,→ stable,→ stable,→ stable,100.0,✅ EXCELLENT,False,NONE,3.2,0.0,NONE
1779699938.684,80.6,89.6,32.0,1483.0,45.0,13.82,31.7,32.1,31.6,31.8,optimal,optimal,optimal,optimal,optimal,optimal,→ stable,↓ decreasing,→ stable,100.0,✅ EXCELLENT,False,NONE,3.5,0.1,NONE
1779699939.684,82.8,88.7,31.6,1532.0,44.1,13.78,31.7,32.0,32.1,32.0,optimal,optimal,optimal,optimal,optimal,optimal,→ stable,↓ decreasing,→ stable,100.0,✅ EXCELLENT,False,NONE,4.0,0.8,NONE
1779699940.685,81.2,90.3,32.0,1466.0,44.6,13.77,31.8,32.2,32.3,31.9,optimal,optimal,optimal,optimal,optimal,optimal,↓ decreasing,↓ decreasing,→ stable,100.0,✅ EXCELLENT,False,NONE,3.5,0.0,NONE
1779699941.686,79.9,89.5,32.3,1527.0,44.8,13.85,31.8,32.0,31.8,32.1,optimal,optimal,optimal,optimal,optimal,optimal,→ stable,↓ decreasing,→ stable,100.0,✅ EXCELLENT,False,NONE,3.1,0.1,NONE
1779699942.687,81.9,90.6,32.2,1472.0,44.4,13.78,32.3,32.0,31.9,32.3,optimal,optimal,optimal,optimal,optimal,optimal,→ stable,→ stable,→ stable,100.0,✅ EXCELLENT,False,NONE,3.3,0.0,NONE
1779699943.688,82.1,91.0,31.8,1548.0,45.9,13.84,32.2,31.8,32.2,31.9,optimal,optimal,optimal,optimal,optimal,optimal,→ stable,→ stable,→ stable,100.0,✅ EXCELLENT,False,NONE,3.8,0.0,NONE
1779699944.689,82.4,89.0,31.8,1528.0,45.8,13.81,32.4,31.9,32.3,32.3,optimal,optimal,optimal,optimal,optimal,optimal,→ stable,↓ decreasing,→ stable,100.0,✅ EXCELLENT,False,NONE,3.8,0.5,NONE
1779699945.689,77.4,89.9,32.2,1530.0,45.1,13.85,32.3,32.0,32.0,31.6,optimal,optimal,optimal,optimal,optimal,optimal,↑ increasing,→ stable,→ stable,100.0,✅ EXCELLENT,False,NONE,3.1,0.0,NONE
1779699946.689,82.3,91.1,31.9,1475.0,45.2,13.78,32.1,31.7,31.8,32.1,optimal,optimal,optimal,optimal,optimal,optimal,↑ increasing,→ stable,→ stable,100.0,✅ EXCELLENT,False,NONE,3.6,0.0,NONE
1779699947.69,78.1,90.6,32.1,1550.0,45.3,13.76,31.7,32.3,32.1,31.7,optimal,optimal,optimal,optimal,optimal,optimal,↑ increasing,→ stable,→ stable,100.0,✅ EXCELLENT,False,NONE,3.2,0.0,NONE
1779699948.691,82.1,89.9,31.7,1470.0,45.4,13.8,31.7,31.7,32.3,32.2,optimal,optimal,optimal,optimal,optimal,optimal,↑ increasing,→ stable,→ stable,100.0,✅ EXCELLENT,False,NONE,3.9,0.0,NONE
1779699949.692,82.7,91.3,31.9,1527.0,45.3,13.78,32.0,31.8,31.8,31.7,optimal,optimal,optimal,optimal,optimal,optimal,↑ increasing,→ stable,→ stable,100.0,✅ EXCELLENT,False,NONE,3.7,0.0,NONE
1779699950.692,81.6,90.6,32.3,1484.0,46.0,13.77,32.2,32.3,32.3,31.6,optimal,optimal,optimal,optimal,optimal,optimal,↑ increasing,→ stable,→ stable,100.0,✅ EXCELLENT,False,NONE,3.1,0.0,NONE
1779699951.693,80.3,88.5,31.8,1541.0,44.8,13.76,31.9,31.6,32.1,31.9,optimal,optimal,optimal,optimal,optimal,optimal,↑ increasing,→ stable,→ stable,100.0,✅ EXCELLENT,False,NONE,3.7,1.1,NONE
1779699952.694,79.2,89.3,31.7,1461.0,44.6,13.76,32.1,31.6,32.1,32.1,optimal,optimal,optimal,optimal,optimal,optimal,→ stable,→ stable,→ stable,100.0,✅ EXCELLENT,False,NONE,3.7,0.2,NONE
1779699953.695,81.1,88.7,31.9,1529.0,45.4,13.75,32.2,32.1,32.1,32.2,optimal,optimal,optimal,optimal,optimal,optimal,→ stable,→ stable,→ stable,100.0,✅ EXCELLENT,False,NONE,3.6,0.8,NONE
1779699954.696,80.7,89.7,31.8,1502.0,45.6,13.82,32.2,32.2,31.7,31.8,optimal,optimal,optimal,optimal,optimal,optimal,→ stable,→ stable,→ stable,100.0,✅ EXCELLENT,False,NONE,3.7,0.0,NONE
1779699955.697,79.0,90.9,32.2,1508.0,45.6,13.76,31.7,32.3,31.9,31.9,optimal,optimal,optimal,optimal,optimal,optimal,→ stable,→ stable,→ stable,100.0,✅ EXCELLENT,False,NONE,3.2,0.0,NONE
1779699956.698,78.9,91.4,32.1,1541.0,45.1,13.84,32.1,32.2,32.1,32.0,optimal,optimal,optimal,optimal,optimal,optimal,→ stable,→ stable,→ stable,100.0,✅ EXCELLENT,False,NONE,3.3,0.0,NONE
1779699957.698,82.5,90.8,31.7,1457.0,45.5,13.8,32.4,31.7,31.7,32.1,optimal,optimal,optimal,optimal,optimal,optimal,→ stable,→ stable,→ stable,100.0,✅ EXCELLENT,False,NONE,3.9,0.0,NONE
1779699958.698,77.1,90.0,31.9,1492.0,45.2,13.81,31.8,32.4,31.7,31.7,optimal,optimal,optimal,optimal,optimal,optimal,↓ decreasing,→ stable,→ stable,100.0,✅ EXCELLENT,False,NONE,3.4,0.0,NONE
1779699959.699,77.4,89.9,32.3,1496.0,44.3,13.85,31.9,32.0,32.2,32.0,optimal,optimal,optimal,optimal,optimal,optimal,↓ decreasing,→ stable,→ stable,100.0,✅ EXCELLENT,False,NONE,3.0,0.0,NONE
1779699960.699,80.0,90.0,32.1,1529.0,44.3,13.81,32.4,32.2,32.2,32.3,optimal,optimal,optimal,optimal,optimal,optimal,↓ decreasing,→ stable,→ stable,100.0,✅ EXCELLENT,False,NONE,3.3,0.0,NONE
1779699961.7,80.6,89.6,32.4,1515.0,45.2,13.78,32.2,31.8,32.2,31.7,optimal,optimal,optimal,optimal,optimal,optimal,↓ decreasing,→ stable,→ stable,100.0,✅ EXCELLENT,False,NONE,3.0,0.1,NONE
1779699962.701,77.5,91.0,32.0,1527.0,44.2,13.78,32.1,31.7,32.4,32.2,optimal,optimal,optimal,optimal,optimal,optimal,↓ decreasing,→ stable,→ stable,100.0,✅ EXCELLENT,False,NONE,3.3,0.0,NONE
1779699963.702,81.3,89.1,31.7,1460.0,44.9,13.84,32.2,32.3,31.9,32.3,optimal,optimal,optimal,optimal,optimal,optimal,↓ decreasing,→ stable,→ stable,100.0,✅ EXCELLENT,False,NONE,3.8,0.4,NONE
1779699964.703,78.8,89.8,31.7,1481.0,45.9,13.77,32.2,32.2,31.7,32.2,optimal,optimal,optimal,optimal,optimal,optimal,↓ decreasing,→ stable,→ stable,100.0,✅ EXCELLENT,False,NONE,3.7,0.0,NONE
1779699965.704,80.4,89.4,31.9,1468.0,44.6,13.84,32.1,31.9,31.9,32.3,optimal,optimal,optimal,optimal,optimal,optimal,↓ decreasing,→ stable,→ stable,100.0,✅ EXCELLENT,False,NONE,3.6,0.2,NONE
1779699966.704,78.8,89.6,32.3,1527.0,45.1,13.83,32.0,32.0,32.2,31.7,optimal,optimal,optimal,optimal,optimal,optimal,↓ decreasing,→ stable,→ stable,100.0,✅ EXCELLENT,False,NONE,3.0,0.1,NONE
1779699967.705,77.5,91.2,31.9,1501.0,45.1,13.75,32.0,32.4,31.8,32.2,optimal,optimal,optimal,optimal,optimal,optimal,↓ decreasing,→ stable,→ stable,100.0,✅ EXCELLENT,False,NONE,3.4,0.0,NONE
1779699968.705,80.0,90.6,31.7,1502.0,45.7,13.85,32.0,32.3,31.7,31.9,optimal,optimal,optimal,optimal,optimal,optimal,↓ decreasing,→ stable,→ stable,100.0,✅ EXCELLENT,False,NONE,3.8,0.0,NONE
1779699969.706,82.0,91.4,31.9,1523.0,45.8,13.8,32.4,32.3,32.2,32.2,optimal,optimal,optimal,optimal,optimal,optimal,→ stable,→ stable,→ stable,100.0,✅ EXCELLENT,False,NONE,3.6,0.0,NONE
1779699970.708,81.6,91.3,32.1,1511.0,44.6,13.78,31.8,32.3,31.7,31.7,optimal,optimal,optimal,optimal,optimal,optimal,→ stable,→ stable,→ stable,100.0,✅ EXCELLENT,False,NONE,3.4,0.0,NONE
1779699971.709,79.8,89.4,32.2,1466.0,44.2,13.8,32.0,32.0,32.3,31.9,optimal,optimal,optimal,optimal,optimal,optimal,→ stable,→ stable,→ stable,100.0,✅ EXCELLENT,False,NONE,3.2,0.2,NONE
1779699972.71,77.5,90.3,31.6,1485.0,44.4,13.78,32.1,32.3,32.2,32.2,optimal,optimal,optimal,optimal,optimal,optimal,→ stable,→ stable,→ stable,100.0,✅ EXCELLENT,False,NONE,3.8,0.0,NONE
1779699973.711,82.2,90.2,31.9,1459.0,45.9,13.81,31.9,32.0,32.0,32.2,optimal,optimal,optimal,optimal,optimal,optimal,→ stable,→ stable,→ stable,100.0,✅ EXCELLENT,False,NONE,3.6,0.0,NONE
1779699974.712,79.1,91.4,32.1,1519.0,44.3,13.78,32.3,32.0,31.7,32.1,optimal,optimal,optimal,optimal,optimal,optimal,↑ increasing,→ stable,→ stable,100.0,✅ EXCELLENT,False,NONE,3.3,0.0,NONE
1779699975.713,78.6,89.0,32.3,1549.0,44.6,13.82,31.7,32.0,31.7,31.8,optimal,optimal,optimal,optimal,optimal,optimal,→ stable,→ stable,→ stable,100.0,✅ EXCELLENT,False,NONE,3.0,0.5,NONE
1779699976.714,82.4,89.1,32.2,1507.0,45.6,13.81,32.3,31.8,31.9,32.0,optimal,optimal,optimal,optimal,optimal,optimal,↑ increasing,→ stable,→ stable,100.0,✅ EXCELLENT,False,NONE,3.3,0.4,NONE
1779699977.715,82.5,90.6,32.0,1507.0,45.5,13.79,32.1,32.2,32.1,31.7,optimal,optimal,optimal,optimal,optimal,optimal,↑ increasing,→ stable,→ stable,100.0,✅ EXCELLENT,False,NONE,3.5,0.0,NONE
1779699978.716,82.2,88.7,32.0,1461.0,45.2,13.78,31.6,31.7,31.7,32.1,optimal,optimal,optimal,optimal,optimal,optimal,↑ increasing,→ stable,→ stable,100.0,✅ EXCELLENT,False,NONE,3.5,0.8,NONE
1779699979.716,81.2,89.4,32.4,1533.0,45.4,13.81,32.1,32.1,31.7,31.9,optimal,optimal,optimal,optimal,optimal,optimal,↑ increasing,→ stable,→ stable,100.0,✅ EXCELLENT,False,NONE,3.0,0.2,NONE
1779699980.716,80.8,90.8,31.8,1479.0,45.9,13.81,32.2,31.6,32.3,32.1,optimal,optimal,optimal,optimal,optimal,optimal,↑ increasing,→ stable,→ stable,100.0,✅ EXCELLENT,False,NONE,3.7,0.0,NONE
1779699981.717,80.7,89.5,32.0,1480.0,45.4,13.78,32.2,31.7,31.9,31.8,optimal,optimal,optimal,optimal,optimal,optimal,↑ increasing,→ stable,→ stable,100.0,✅ EXCELLENT,False,NONE,3.5,0.1,NONE
1779699982.718,81.6,89.6,31.9,1537.0,45.6,13.84,32.1,31.8,31.8,32.3,optimal,optimal,optimal,optimal,optimal,optimal,↑ increasing,→ stable,→ stable,100.0,✅ EXCELLENT,False,NONE,3.6,0.1,NONE
1779699983.719,82.4,89.7,32.2,1485.0,44.8,13.8,32.3,32.3,31.7,31.9,optimal,optimal,optimal,optimal,optimal,optimal,↑ increasing,↓ decreasing,→ stable,100.0,✅ EXCELLENT,False,NONE,3.3,0.0,NONE
1779699984.72,81.2,89.8,31.9,1492.0,45.2,13.78,31.8,32.3,32.3,32.2,optimal,optimal,optimal,optimal,optimal,optimal,↑ increasing,↓ decreasing,→ stable,100.0,✅ EXCELLENT,False,NONE,3.6,0.0,NONE
1779699985.721,82.0,90.3,32.4,1546.0,44.3,13.8,32.4,32.2,32.2,32.3,optimal,optimal,optimal,optimal,optimal,optimal,↑ increasing,↓ decreasing,→ stable,100.0,✅ EXCELLENT,False,NONE,3.0,0.0,NONE
1779699986.721,82.7,90.8,31.9,1475.0,45.2,13.75,32.3,31.9,32.3,31.7,optimal,optimal,optimal,optimal,optimal,optimal,↑ increasing,→ stable,→ stable,100.0,✅ EXCELLENT,False,NONE,3.7,0.0,NONE
1779699987.722,78.5,90.1,31.9,1519.0,44.2,13.84,32.2,32.3,32.0,32.2,optimal,optimal,optimal,optimal,optimal,optimal,↑ increasing,→ stable,→ stable,100.0,✅ EXCELLENT,False,NONE,3.5,0.0,NONE
1779699988.723,78.8,89.6,32.4,1459.0,44.4,13.81,32.0,31.7,32.3,32.2,optimal,optimal,optimal,optimal,optimal,optimal,→ stable,→ stable,→ stable,100.0,✅ EXCELLENT,False,NONE,2.9,0.1,NONE
1779699989.724,82.5,91.4,32.3,1477.0,45.3,13.76,32.4,32.0,31.6,31.8,optimal,optimal,optimal,optimal,optimal,optimal,→ stable,→ stable,→ stable,100.0,✅ EXCELLENT,False,NONE,3.2,0.0,NONE
1779699990.726,78.7,88.9,32.1,1539.0,45.4,13.81,32.2,32.4,32.2,31.9,optimal,optimal,optimal,optimal,optimal,optimal,→ stable,→ stable,→ stable,100.0,✅ EXCELLENT,False,NONE,3.3,0.6,NONE
1779699991.727,79.1,90.8,31.9,1510.0,45.2,13.82,32.2,31.6,31.7,32.2,optimal,optimal,optimal,optimal,optimal,optimal,→ stable,→ stable,→ stable,100.0,✅ EXCELLENT,False,NONE,3.5,0.0,NONE
1779699992.728,79.0,90.8,32.3,1460.0,44.6,13.76,32.0,31.9,32.4,32.1,optimal,optimal,optimal,optimal,optimal,optimal,↓ decreasing,→ stable,→ stable,100.0,✅ EXCELLENT,False,NONE,3.0,0.0,NONE
1779699993.729,81.6,89.4,31.7,1461.0,45.9,13.77,32.1,32.0,32.2,31.9,optimal,optimal,optimal,optimal,optimal,optimal,↓ decreasing,→ stable,→ stable,100.0,✅ EXCELLENT,False,NONE,3.8,0.2,NONE
1779699994.73,79.1,90.5,31.8,1496.0,44.0,13.84,31.7,32.1,32.1,32.1,optimal,optimal,optimal,optimal,optimal,optimal,↓ decreasing,↑ increasing,→ stable,100.0,✅ EXCELLENT,False,NONE,3.6,0.0,NONE
1779699995.731,79.9,89.1,32.4,1493.0,45.5,13.84,32.4,31.8,32.1,31.7,optimal,optimal,optimal,optimal,optimal,optimal,↓ decreasing,→ stable,→ stable,100.0,✅ EXCELLENT,False,NONE,3.0,0.4,NONE
1779699996.732,78.7,90.0,32.1,1455.0,45.1,13.79,32.0,32.0,31.6,32.4,optimal,optimal,optimal,optimal,optimal,optimal,↓ decreasing,→ stable,→ stable,100.0,✅ EXCELLENT,False,NONE,3.3,0.0,NONE
1779699997.733,79.6,90.9,32.3,1533.0,45.4,13.79,32.4,32.2,32.0,32.0,optimal,optimal,optimal,optimal,optimal,optimal,↓ decreasing,→ stable,→ stable,100.0,✅ EXCELLENT,False,NONE,3.1,0.0,NONE
1779699998.734,81.0,91.0,32.0,1514.0,45.1,13.83,32.1,31.8,31.7,32.1,optimal,optimal,optimal,optimal,optimal,optimal,↓ decreasing,→ stable,→ stable,100.0,✅ EXCELLENT,False,NONE,3.5,0.0,NONE
1779699999.736,77.9,89.7,32.1,1538.0,44.2,13.83,32.0,32.2,32.3,32.2,optimal,optimal,optimal,optimal,optimal,optimal,↓ decreasing,→ stable,→ stable,100.0,✅ EXCELLENT,False,NONE,3.2,0.0,NONE
1779700000.736,80.1,88.8,32.1,1490.0,44.8,13.77,32.1,31.7,32.1,32.2,optimal,optimal,optimal,optimal,optimal,optimal,↓ decreasing,→ stable,→ stable,100.0,✅ EXCELLENT,False,NONE,3.3,0.7,NONE
1779700001.737,78.1,89.8,32.0,1529.0,45.4,13.8,32.1,32.3,32.4,31.7,optimal,optimal,optimal,optimal,optimal,optimal,↓ decreasing,→ stable,→ stable,100.0,✅ EXCELLENT,False,NONE,3.3,0.0,NONE
1779700002.738,77.7,89.3,31.6,1490.0,45.1,13.75,31.7,31.9,32.3,31.7,optimal,optimal,optimal,optimal,optimal,optimal,↓ decreasing,→ stable,→ stable,100.0,✅ EXCELLENT,False,NONE,3.8,0.2,NONE
1779700003.738,81.3,89.5,32.4,1532.0,45.5,13.81,31.9,31.9,32.1,32.2,optimal,optimal,optimal,optimal,optimal,optimal,↓ decreasing,→ stable,→ stable,100.0,✅ EXCELLENT,False,NONE,3.0,0.1,NONE
1779700004.739,80.2,89.5,32.2,1498.0,44.1,13.84,31.9,32.0,32.2,31.9,optimal,optimal,optimal,optimal,optimal,optimal,↓ decreasing,→ stable,→ stable,100.0,✅ EXCELLENT,False,NONE,3.2,0.1,NONE
1779700005.739,82.7,90.3,31.8,1491.0,44.8,13.75,32.4,31.9,32.0,32.0,optimal,optimal,optimal,optimal,optimal,optimal,→ stable,→ stable,→ stable,100.0,✅ EXCELLENT,False,NONE,3.8,0.0,NONE
1779700006.741,81.9,89.3,32.2,1471.0,45.6,13.82,31.6,32.2,32.3,31.9,optimal,optimal,optimal,optimal,optimal,optimal,→ stable,→ stable,→ stable,100.0,✅ EXCELLENT,False,NONE,3.3,0.2,NONE
1779700007.741,79.8,89.5,31.8,1511.0,45.4,13.82,31.8,32.4,31.8,31.8,optimal,optimal,optimal,optimal,optimal,optimal,→ stable,→ stable,→ stable,100.0,✅ EXCELLENT,False,NONE,3.6,0.1,NONE
1779700008.743,80.3,88.9,31.6,1470.0,45.9,13.8,31.6,32.2,32.4,31.8,optimal,optimal,optimal,optimal,optimal,optimal,→ stable,↓ decreasing,→ stable,100.0,✅ EXCELLENT,False,NONE,3.9,0.6,NONE
1779700009.744,79.1,90.7,31.9,1486.0,45.6,13.84,31.8,32.2,32.1,32.2,optimal,optimal,optimal,optimal,optimal,optimal,↑ increasing,↓ decreasing,→ stable,100.0,✅ EXCELLENT,False,NONE,3.5,0.0,NONE
1779700010.743,82.9,90.9,32.0,1498.0,45.6,13.78,32.1,32.2,31.9,31.7,optimal,optimal,optimal,optimal,optimal,optimal,↑ increasing,→ stable,→ stable,100.0,✅ EXCELLENT,False,NONE,3.6,0.0,NONE
1779700011.744,81.0,90.5,31.8,1511.0,44.8,13.8,31.7,31.7,32.3,31.8,optimal,optimal,optimal,optimal,optimal,optimal,↑ increasing,→ stable,→ stable,100.0,✅ EXCELLENT,False,NONE,3.7,0.0,NONE
1779700012.744,80.7,89.6,32.2,1546.0,45.9,13.77,32.1,32.2,32.0,31.8,optimal,optimal,optimal,optimal,optimal,optimal,↑ increasing,→ stable,→ stable,100.0,✅ EXCELLENT,False,NONE,3.2,0.1,NONE
1779700013.744,78.9,90.7,32.3,1452.0,44.9,13.85,31.8,32.3,32.2,31.7,optimal,optimal,optimal,optimal,optimal,optimal,↑ increasing,→ stable,→ stable,100.0,✅ EXCELLENT,False,NONE,3.0,0.0,NONE
1779700014.745,82.9,88.9,32.2,1508.0,45.9,13.79,32.1,32.1,32.2,32.1,optimal,optimal,optimal,optimal,optimal,optimal,↑ increasing,→ stable,→ stable,100.0,✅ EXCELLENT,False,NONE,3.3,0.6,NONE
1779700015.746,82.9,90.7,32.0,1456.0,44.8,13.76,31.8,32.2,32.4,32.3,optimal,optimal,optimal,optimal,optimal,optimal,↑ increasing,→ stable,→ stable,100.0,✅ EXCELLENT,False,NONE,3.6,0.0,NONE
1779700016.747,79.8,88.6,31.7,1510.0,44.5,13.77,32.1,32.3,31.9,32.0,optimal,optimal,optimal,optimal,optimal,optimal,↑ increasing,→ stable,→ stable,100.0,✅ EXCELLENT,False,NONE,3.8,1.0,NONE
1779700017.748,78.3,89.9,31.7,1506.0,45.0,13.85,31.8,32.4,31.8,32.2,optimal,optimal,optimal,optimal,optimal,optimal,↑ increasing,→ stable,→ stable,100.0,✅ EXCELLENT,False,NONE,3.7,0.0,NONE
1779700018.749,81.4,90.5,32.1,1476.0,45.7,13.81,32.1,32.1,31.7,32.0,optimal,optimal,optimal,optimal,optimal,optimal,↑ increasing,↑ increasing,→ stable,100.0,✅ EXCELLENT,False,NONE,3.4,0.0,NONE
1779700019.75,79.5,91.2,32.1,1458.0,44.8,13.82,31.7,31.6,31.9,32.3,optimal,optimal,optimal,optimal,optimal,optimal,↑ increasing,↑ increasing,→ stable,100.0,✅ EXCELLENT,False,NONE,3.3,0.0,NONE
1779700020.751,81.6,89.4,31.9,1486.0,44.0,13.85,32.0,32.1,32.0,31.7,optimal,optimal,optimal,optimal,optimal,optimal,→ stable,→ stable,→ stable,100.0,✅ EXCELLENT,False,NONE,3.6,0.2,NONE
1779700021.752,77.5,88.6,32.3,1532.0,44.5,13.82,32.3,31.7,32.1,32.2,optimal,optimal,optimal,optimal,optimal,optimal,→ stable,→ stable,→ stable,100.0,✅ EXCELLENT,False,NONE,3.0,1.0,NONE
1779700022.753,82.2,89.1,31.6,1539.0,44.2,13.78,32.2,32.2,32.3,32.0,optimal,optimal,optimal,optimal,optimal,optimal,→ stable,→ stable,→ stable,100.0,✅ EXCELLENT,False,NONE,4.0,0.4,NONE
1779700023.754,78.1,91.1,32.4,1518.0,45.3,13.76,31.7,32.0,32.1,31.8,optimal,optimal,optimal,optimal,optimal,optimal,→ stable,→ stable,→ stable,100.0,✅ EXCELLENT,False,NONE,2.9,0.0,NONE
1779700024.755,82.1,89.9,31.8,1527.0,44.3,13.8,32.4,31.6,32.1,32.1,optimal,optimal,optimal,optimal,optimal,optimal,↓ decreasing,→ stable,→ stable,100.0,✅ EXCELLENT,False,NONE,3.8,0.0,NONE
1779700025.756,80.5,89.7,31.6,1541.0,44.8,13.81,31.7,31.8,31.9,32.3,optimal,optimal,optimal,optimal,optimal,optimal,↓ decreasing,→ stable,→ stable,100.0,✅ EXCELLENT,False,NONE,3.9,0.0,NONE
1779700026.757,79.7,89.6,31.6,1533.0,44.9,13.81,32.1,32.2,31.8,32.1,optimal,optimal,optimal,optimal,optimal,optimal,↓ decreasing,→ stable,→ stable,100.0,✅ EXCELLENT,False,NONE,3.9,0.1,NONE
1779700027.759,78.6,90.5,32.1,1482.0,45.6,13.79,31.7,32.1,31.9,31.9,optimal,optimal,optimal,optimal,optimal,optimal,↓ decreasing,→ stable,→ stable,100.0,✅ EXCELLENT,False,NONE,3.3,0.0,NONE
1779700028.76,79.9,90.9,32.3,1548.0,45.9,13.76,32.3,32.1,31.7,31.8,optimal,optimal,optimal,optimal,optimal,optimal,↓ decreasing,→ stable,→ stable,100.0,✅ EXCELLENT,False,NONE,3.1,0.0,NONE
1779700029.76,77.6,89.9,31.9,1467.0,44.1,13.85,32.2,32.1,31.8,32.2,optimal,optimal,optimal,optimal,optimal,optimal,↓ decreasing,→ stable,→ stable,100.0,✅ EXCELLENT,False,NONE,3.4,0.0,NONE
1779700030.761,82.5,90.1,31.8,1522.0,45.8,13.84,32.2,32.0,32.0,31.8,optimal,optimal,optimal,optimal,optimal,optimal,↓ decreasing,→ stable,→ stable,100.0,✅ EXCELLENT,False,NONE,3.8,0.0,NONE
1779700031.761,78.9,91.5,31.8,1498.0,45.6,13.83,32.0,31.9,31.8,32.0,optimal,optimal,optimal,optimal,optimal,optimal,→ stable,→ stable,→ stable,100.0,✅ EXCELLENT,False,NONE,3.6,0.0,NONE
1779700032.762,82.4,90.8,32.0,1550.0,45.7,13.85,31.8,31.7,32.2,32.2,optimal,optimal,optimal,optimal,optimal,optimal,→ stable,↑ increasing,→ stable,100.0,✅ EXCELLENT,False,NONE,3.5,0.0,NONE
1779700033.763,82.7,88.6,32.1,1458.0,45.6,13.76,31.9,32.0,32.3,32.2,optimal,optimal,optimal,optimal,optimal,optimal,→ stable,→ stable,→ stable,100.0,✅ EXCELLENT,False,NONE,3.4,1.0,NONE
1779700034.764,81.5,89.7,31.7,1513.0,44.6,13.8,31.6,31.7,32.1,31.9,optimal,optimal,optimal,optimal,optimal,optimal,→ stable,→ stable,→ stable,100.0,✅ EXCELLENT,False,NONE,3.8,0.0,NONE
1779700035.765,80.7,90.3,31.7,1480.0,46.0,13.77,31.6,32.0,32.1,31.7,optimal,optimal,optimal,optimal,optimal,optimal,→ stable,→ stable,→ stable,100.0,✅ EXCELLENT,False,NONE,3.8,0.0,NONE
1779700036.765,80.4,91.4,32.4,1523.0,44.0,13.78,32.3,32.0,32.0,32.2,optimal,optimal,optimal,optimal,optimal,optimal,→ stable,→ stable,→ stable,100.0,✅ EXCELLENT,False,NONE,3.0,0.0,NONE
1779700037.765,80.7,89.6,31.6,1549.0,44.7,13.76,32.3,31.7,32.4,32.0,optimal,optimal,optimal,optimal,optimal,optimal,↑ increasing,→ stable,→ stable,100.0,✅ EXCELLENT,False,NONE,3.9,0.1,NONE
1779700038.767,81.1,90.1,31.8,1453.0,45.2,13.77,32.3,31.8,31.9,31.6,optimal,optimal,optimal,optimal,optimal,optimal,↑ increasing,→ stable,→ stable,100.0,✅ EXCELLENT,False,NONE,3.7,0.0,NONE
1779700039.768,82.0,89.9,32.0,1481.0,44.5,13.76,32.3,31.8,31.9,32.3,optimal,optimal,optimal,optimal,optimal,optimal,↑ increasing,→ stable,→ stable,100.0,✅ EXCELLENT,False,NONE,3.5,0.0,NONE
1779700040.768,82.5,89.5,32.3,1472.0,45.6,13.82,31.9,32.2,32.2,32.0,optimal,optimal,optimal,optimal,optimal,optimal,↑ increasing,→ stable,→ stable,100.0,✅ EXCELLENT,False,NONE,3.2,0.1,NONE
1779700041.769,78.5,90.1,31.9,1469.0,44.4,13.78,32.3,31.7,31.9,31.9,optimal,optimal,optimal,optimal,optimal,optimal,↑ increasing,→ stable,→ stable,100.0,✅ EXCELLENT,False,NONE,3.5,0.0,NONE
1779700042.769,77.7,91.0,31.7,1531.0,44.9,13.79,32.0,32.0,32.3,31.9,optimal,optimal,optimal,optimal,optimal,optimal,↑ increasing,→ stable,→ stable,100.0,✅ EXCELLENT,False,NONE,3.7,0.0,NONE
1779700043.771,80.9,90.5,32.0,1545.0,44.9,13.81,32.4,32.0,31.7,32.1,optimal,optimal,optimal,optimal,optimal,optimal,→ stable,→ stable,→ stable,100.0,✅ EXCELLENT,False,NONE,3.5,0.0,NONE
1779700044.772,81.7,90.2,32.1,1468.0,44.7,13.77,32.3,31.6,31.8,31.6,optimal,optimal,optimal,optimal,optimal,optimal,→ stable,→ stable,→ stable,100.0,✅ EXCELLENT,False,NONE,3.4,0.0,NONE
1779700045.773,79.1,91.3,31.9,1467.0,45.5,13.76,32.4,32.1,32.3,31.6,optimal,optimal,optimal,optimal,optimal,optimal,→ stable,→ stable,→ stable,100.0,✅ EXCELLENT,False,NONE,3.5,0.0,NONE
1779700046.774,77.1,91.1,32.2,1523.0,45.8,13.79,31.6,31.9,31.7,31.9,optimal,optimal,optimal,optimal,optimal,optimal,→ stable,→ stable,→ stable,100.0,✅ EXCELLENT,False,NONE,3.1,0.0,NONE
1779700047.775,77.5,89.5,32.1,1519.0,44.3,13.84,32.0,32.4,32.1,32.3,optimal,optimal,optimal,optimal,optimal,optimal,↓ decreasing,→ stable,→ stable,100.0,✅ EXCELLENT,False,NONE,3.2,0.1,NONE
1779700048.776,81.0,91.2,32.3,1493.0,45.0,13.76,31.8,31.9,31.7,31.8,optimal,optimal,optimal,optimal,optimal,optimal,↓ decreasing,→ stable,→ stable,100.0,✅ EXCELLENT,False,NONE,3.1,0.0,NONE
1779700049.777,79.8,90.4,32.1,1492.0,46.0,13.84,32.2,31.9,32.1,31.9,optimal,optimal,optimal,optimal,optimal,optimal,↓ decreasing,→ stable,→ stable,100.0,✅ EXCELLENT,False,NONE,3.3,0.0,NONE
1779700050.778,81.2,90.4,31.9,1462.0,45.7,13.83,32.3,31.8,31.7,31.9,optimal,optimal,optimal,optimal,optimal,optimal,↓ decreasing,→ stable,→ stable,100.0,✅ EXCELLENT,False,NONE,3.6,0.0,NONE
1779700051.779,80.7,91.5,31.9,1474.0,45.7,13.77,31.8,32.3,32.0,32.2,optimal,optimal,optimal,optimal,optimal,optimal,↓ decreasing,↑ increasing,→ stable,100.0,✅ EXCELLENT,False,NONE,3.6,0.0,NONE
1779700052.78,80.4,90.8,32.3,1494.0,45.7,13.81,31.9,31.9,32.2,32.1,optimal,optimal,optimal,optimal,optimal,optimal,↓ decreasing,↑ increasing,→ stable,100.0,✅ EXCELLENT,False,NONE,3.1,0.0,NONE
1779700053.781,81.7,90.3,32.3,1512.0,45.7,13.77,31.8,32.0,32.3,31.8,optimal,optimal,optimal,optimal,optimal,optimal,↓ decreasing,→ stable,→ stable,100.0,✅ EXCELLENT,False,NONE,3.2,0.0,NONE
1779700054.782,78.7,91.5,31.8,1482.0,44.3,13.76,32.1,32.4,32.3,32.2,optimal,optimal,optimal,optimal,optimal,optimal,↓ decreasing,↑ increasing,→ stable,100.0,✅ EXCELLENT,False,NONE,3.6,0.0,NONE
1779700055.783,81.9,90.5,31.8,1512.0,44.7,13.79,31.9,32.0,32.3,32.4,optimal,optimal,optimal,optimal,optimal,optimal,→ stable,→ stable,→ stable,100.0,✅ EXCELLENT,False,NONE,3.7,0.0,NONE
1779700056.784,81.8,88.6,31.6,1487.0,44.4,13.78,31.7,31.7,31.6,31.6,optimal,optimal,optimal,optimal,optimal,optimal,→ stable,→ stable,→ stable,100.0,✅ EXCELLENT,False,NONE,4.0,1.0,NONE
1779700057.785,79.6,89.3,31.9,1485.0,44.7,13.8,31.9,32.2,32.1,32.0,optimal,optimal,optimal,optimal,optimal,optimal,↑ increasing,→ stable,→ stable,100.0,✅ EXCELLENT,False,NONE,3.5,0.2,NONE
1779700058.785,77.3,90.1,32.2,1521.0,45.1,13.77,31.6,32.4,31.7,32.0,optimal,optimal,optimal,optimal,optimal,optimal,↑ increasing,→ stable,→ stable,100.0,✅ EXCELLENT,False,NONE,3.1,0.0,NONE
1779700059.786,81.8,89.3,31.7,1486.0,44.1,13.78,31.7,32.2,32.4,32.3,optimal,optimal,optimal,optimal,optimal,optimal,↑ increasing,→ stable,→ stable,100.0,✅ EXCELLENT,False,NONE,3.9,0.2,NONE
1779700060.786,80.2,90.6,31.7,1521.0,45.0,13.79,31.6,31.7,31.8,31.8,optimal,optimal,optimal,optimal,optimal,optimal,↑ increasing,→ stable,→ stable,100.0,✅ EXCELLENT,False,NONE,3.8,0.0,NONE
1779700061.787,80.9,90.1,31.8,1529.0,45.4,13.82,31.8,32.0,32.3,31.8,optimal,optimal,optimal,optimal,optimal,optimal,↑ increasing,↓ decreasing,→ stable,100.0,✅ EXCELLENT,False,NONE,3.7,0.0,NONE
1779700062.788,80.4,88.9,32.1,1478.0,45.0,13.85,31.9,31.7,32.2,32.0,optimal,optimal,optimal,optimal,optimal,optimal,→ stable,↓ decreasing,→ stable,100.0,✅ EXCELLENT,False,NONE,3.3,0.6,NONE
1779700063.789,77.2,90.4,31.6,1471.0,45.3,13.77,32.3,32.1,31.7,32.3,optimal,optimal,optimal,optimal,optimal,optimal,→ stable,↓ decreasing,→ stable,100.0,✅ EXCELLENT,False,NONE,3.7,0.0,NONE
1779700064.789,81.8,89.1,31.6,1542.0,44.1,13.82,32.2,32.2,32.3,31.9,optimal,optimal,optimal,optimal,optimal,optimal,↑ increasing,↓ decreasing,→ stable,100.0,✅ EXCELLENT,False,NONE,4.0,0.4,NONE
1779700065.79,78.0,90.6,32.0,1549.0,44.2,13.83,32.3,32.3,32.2,32.4,optimal,optimal,optimal,optimal,optimal,optimal,→ stable,↓ decreasing,→ stable,100.0,✅ EXCELLENT,False,NONE,3.3,0.0,NONE
1779700066.79,80.3,91.3,31.8,1508.0,45.5,13.75,32.2,32.3,32.0,32.2,optimal,optimal,optimal,optimal,optimal,optimal,↓ decreasing,→ stable,→ stable,100.0,✅ EXCELLENT,False,NONE,3.7,0.0,NONE
1779700067.79,80.9,91.4,31.6,1516.0,45.3,13.75,31.6,32.3,31.9,32.3,optimal,optimal,optimal,optimal,optimal,optimal,↓ decreasing,→ stable,→ stable,100.0,✅ EXCELLENT,False,NONE,3.9,0.0,NONE
1779700068.79,82.3,90.5,32.1,1482.0,45.0,13.78,32.3,32.2,32.4,32.1,optimal,optimal,optimal,optimal,optimal,optimal,→ stable,→ stable,→ stable,100.0,✅ EXCELLENT,False,NONE,3.4,0.0,NONE
1779700069.79,77.6,89.8,31.7,1479.0,44.3,13.82,31.9,31.7,32.1,32.0,optimal,optimal,optimal,optimal,optimal,optimal,↓ decreasing,→ stable,→ stable,100.0,✅ EXCELLENT,False,NONE,3.7,0.0,NONE
1779700070.791,80.7,89.9,31.7,1463.0,45.6,13.77,31.9,32.1,32.4,32.3,optimal,optimal,optimal,optimal,optimal,optimal,→ stable,→ stable,→ stable,100.0,✅ EXCELLENT,False,NONE,3.8,0.0,NONE
1779700071.792,77.3,89.3,31.8,1533.0,44.2,13.77,31.8,32.1,32.0,32.1,optimal,optimal,optimal,optimal,optimal,optimal,↓ decreasing,→ stable,→ stable,100.0,✅ EXCELLENT,False,NONE,3.5,0.2,NONE
1779700072.792,77.3,91.1,32.3,1491.0,45.2,13.83,31.6,32.2,32.4,31.8,optimal,optimal,optimal,optimal,optimal,optimal,↓ decreasing,→ stable,→ stable,100.0,✅ EXCELLENT,False,NONE,3.0,0.0,NONE
1779700073.792,78.3,91.2,31.8,1512.0,44.8,13.79,31.8,32.2,31.7,32.4,optimal,optimal,optimal,optimal,optimal,optimal,↓ decreasing,→ stable,→ stable,100.0,✅ EXCELLENT,False,NONE,3.6,0.0,NONE
1779700074.793,81.9,89.6,32.1,1464.0,45.5,13.79,32.2,31.7,31.9,31.7,optimal,optimal,optimal,optimal,optimal,optimal,↓ decreasing,↑ increasing,→ stable,100.0,✅ EXCELLENT,False,NONE,3.4,0.1,NONE
1779700075.794,77.2,90.0,31.9,1541.0,45.8,13.76,32.0,31.8,31.9,31.7,optimal,optimal,optimal,optimal,optimal,optimal,↓ decreasing,↑ increasing,→ stable,100.0,✅ EXCELLENT,False,NONE,3.4,0.0,NONE
1779700076.795,79.2,89.2,32.4,1510.0,45.8,13.78,31.8,31.7,31.8,32.3,optimal,optimal,optimal,optimal,optimal,optimal,→ stable,→ stable,→ stable,100.0,✅ EXCELLENT,False,NONE,2.9,0.3,NONE
1779700077.796,82.0,90.0,32.3,1521.0,45.3,13.82,31.9,32.3,31.7,32.1,optimal,optimal,optimal,optimal,optimal,optimal,→ stable,→ stable,→ stable,100.0,✅ EXCELLENT,False,NONE,3.2,0.0,NONE
1779700078.797,78.2,88.6,31.8,1511.0,45.1,13.76,31.7,31.8,32.1,32.2,optimal,optimal,optimal,optimal,optimal,optimal,↓ decreasing,→ stable,→ stable,100.0,✅ EXCELLENT,False,NONE,3.6,1.0,NONE
1779700079.798,81.6,89.3,32.3,1459.0,44.5,13.81,31.9,32.4,31.6,32.2,optimal,optimal,optimal,optimal,optimal,optimal,↓ decreasing,→ stable,→ stable,100.0,✅ EXCELLENT,False,NONE,3.1,0.2,NONE
1779700080.798,77.4,88.7,31.9,1506.0,44.0,13.81,32.0,32.0,31.9,31.8,optimal,optimal,optimal,optimal,optimal,optimal,↓ decreasing,→ stable,→ stable,100.0,✅ EXCELLENT,False,NONE,3.4,0.8,NONE
1779700081.799,78.5,90.9,31.8,1525.0,45.4,13.76,32.1,32.2,32.3,31.7,optimal,optimal,optimal,optimal,optimal,optimal,→ stable,→ stable,→ stable,100.0,✅ EXCELLENT,False,NONE,3.6,0.0,NONE
1779700082.8,81.9,90.0,31.7,1461.0,44.5,13.82,32.1,32.4,32.1,32.3,optimal,optimal,optimal,optimal,optimal,optimal,→ stable,↓ decreasing,→ stable,100.0,✅ EXCELLENT,False,NONE,3.9,0.0,NONE
1779700083.801,82.8,89.7,31.9,1537.0,45.5,13.81,31.9,31.6,31.9,32.0,optimal,optimal,optimal,optimal,optimal,optimal,↑ increasing,↓ decreasing,→ stable,100.0,✅ EXCELLENT,False,NONE,3.7,0.0,NONE
1779700084.802,80.2,89.6,31.7,1492.0,45.1,13.78,31.7,31.7,32.2,31.7,optimal,optimal,optimal,optimal,optimal,optimal,→ stable,↓ decreasing,→ stable,100.0,✅ EXCELLENT,False,NONE,3.8,0.1,NONE
1779700085.803,78.3,89.7,31.7,1505.0,45.0,13.78,32.1,31.7,31.8,31.6,optimal,optimal,optimal,optimal,optimal,optimal,↑ increasing,↓ decreasing,→ stable,100.0,✅ EXCELLENT,False,NONE,3.7,0.0,NONE
1779700086.804,79.4,89.4,31.7,1473.0,44.7,13.78,32.1,32.2,32.0,31.8,optimal,optimal,optimal,optimal,optimal,optimal,↑ increasing,↓ decreasing,→ stable,100.0,✅ EXCELLENT,False,NONE,3.7,0.2,NONE
1779700087.805,80.6,90.7,32.0,1481.0,45.0,13.82,32.1,32.0,32.0,32.0,optimal,optimal,optimal,optimal,optimal,optimal,↑ increasing,→ stable,→ stable,100.0,✅ EXCELLENT,False,NONE,3.5,0.0,NONE
1779700088.806,79.0,90.7,31.7,1453.0,44.8,13.8,31.8,31.7,32.3,31.7,optimal,optimal,optimal,optimal,optimal,optimal,↑ increasing,→ stable,→ stable,100.0,✅ EXCELLENT,False,NONE,3.7,0.0,NONE
1779700089.807,77.1,89.8,32.3,1497.0,44.3,13.77,31.9,32.1,31.9,31.8,optimal,optimal,optimal,optimal,optimal,optimal,→ stable,→ stable,→ stable,100.0,✅ EXCELLENT,False,NONE,3.0,0.0,NONE
1779700090.808,82.3,90.0,31.6,1535.0,45.6,13.82,31.7,31.8,31.7,32.3,optimal,optimal,optimal,optimal,optimal,optimal,↑ increasing,→ stable,→ stable,100.0,✅ EXCELLENT,False,NONE,4.0,0.0,NONE
1779700091.808,81.4,89.8,31.6,1465.0,44.5,13.83,32.4,31.9,32.1,31.7,optimal,optimal,optimal,optimal,optimal,optimal,↑ increasing,→ stable,→ stable,100.0,✅ EXCELLENT,False,NONE,4.0,0.0,NONE
1779700092.809,79.9,90.5,32.1,1550.0,44.1,13.76,31.7,32.3,31.9,32.1,optimal,optimal,optimal,optimal,optimal,optimal,→ stable,→ stable,→ stable,100.0,✅ EXCELLENT,False,NONE,3.3,0.0,NONE
1779700093.81,77.2,90.0,32.0,1544.0,44.3,13.8,31.9,31.6,32.1,32.3,optimal,optimal,optimal,optimal,optimal,optimal,↓ decreasing,→ stable,→ stable,100.0,✅ EXCELLENT,False,NONE,3.3,0.0,NONE
1779700094.811,81.7,90.0,31.9,1475.0,44.9,13.8,32.0,32.2,31.9,32.3,optimal,optimal,optimal,optimal,optimal,optimal,→ stable,→ stable,→ stable,100.0,✅ EXCELLENT,False,NONE,3.6,0.0,NONE
1779700095.812,77.8,91.1,32.0,1479.0,45.5,13.77,31.7,31.9,32.4,32.1,optimal,optimal,optimal,optimal,optimal,optimal,→ stable,↑ increasing,→ stable,100.0,✅ EXCELLENT,False,NONE,3.3,0.0,NONE
1779700096.813,80.7,89.0,32.3,1512.0,45.4,13.79,32.2,32.3,32.3,32.2,optimal,optimal,optimal,optimal,optimal,optimal,→ stable,↑ increasing,→ stable,100.0,✅ EXCELLENT,False,NONE,3.1,0.5,NONE
1779700097.813,81.7,90.4,32.0,1515.0,45.6,13.81,31.9,32.3,31.9,32.2,optimal,optimal,optimal,optimal,optimal,optimal,→ stable,→ stable,→ stable,100.0,✅ EXCELLENT,False,NONE,3.5,0.0,NONE
1779700098.815,79.1,89.9,32.3,1527.0,45.8,13.77,32.3,32.3,31.9,31.9,optimal,optimal,optimal,optimal,optimal,optimal,→ stable,→ stable,→ stable,100.0,✅ EXCELLENT,False,NONE,3.1,0.0,NONE
1779700099.816,80.5,89.5,31.9,1544.0,45.9,13.83,32.1,32.3,32.3,31.7,optimal,optimal,optimal,optimal,optimal,optimal,↑ increasing,→ stable,→ stable,100.0,✅ EXCELLENT,False,NONE,3.6,0.1,NONE
1779700100.817,82.1,89.2,32.4,1468.0,44.3,13.83,31.8,32.3,31.8,31.8,optimal,optimal,optimal,optimal,optimal,optimal,→ stable,→ stable,→ stable,100.0,✅ EXCELLENT,False,NONE,3.0,0.3,NONE
1779700101.818,79.8,90.2,31.7,1488.0,44.7,13.83,31.9,32.0,32.3,31.7,optimal,optimal,optimal,optimal,optimal,optimal,→ stable,→ stable,→ stable,100.0,✅ EXCELLENT,False,NONE,3.8,0.0,NONE
1779700102.819,77.9,89.1,32.4,1522.0,44.8,13.78,31.6,32.3,32.0,32.1,optimal,optimal,optimal,optimal,optimal,optimal,→ stable,→ stable,→ stable,100.0,✅ EXCELLENT,False,NONE,2.9,0.4,NONE
1779700103.82,81.5,90.9,32.2,1494.0,44.2,13.75,31.7,32.1,32.1,31.6,optimal,optimal,optimal,optimal,optimal,optimal,↑ increasing,→ stable,→ stable,100.0,✅ EXCELLENT,False,NONE,3.3,0.0,NONE
1779700104.82,82.2,91.2,31.6,1494.0,44.3,13.79,32.4,31.9,32.3,31.8,optimal,optimal,optimal,optimal,optimal,optimal,↑ increasing,→ stable,→ stable,100.0,✅ EXCELLENT,False,NONE,4.0,0.0,NONE
1779700105.821,78.9,89.8,31.7,1525.0,45.3,13.85,32.0,31.9,32.4,31.7,optimal,optimal,optimal,optimal,optimal,optimal,↑ increasing,→ stable,→ stable,100.0,✅ EXCELLENT,False,NONE,3.7,0.0,NONE
1779700106.822,79.3,90.0,32.3,1474.0,44.5,13.77,32.1,31.9,31.7,31.8,optimal,optimal,optimal,optimal,optimal,optimal,↑ increasing,→ stable,→ stable,100.0,✅ EXCELLENT,False,NONE,3.1,0.0,NONE
1779700107.823,82.1,88.8,32.0,1466.0,45.1,13.77,31.9,31.7,31.7,32.4,optimal,optimal,optimal,optimal,optimal,optimal,→ stable,→ stable,→ stable,100.0,✅ EXCELLENT,False,NONE,3.5,0.7,NONE
1779700108.824,82.1,88.9,31.7,1452.0,44.2,13.84,31.7,31.7,31.8,31.8,optimal,optimal,optimal,optimal,optimal,optimal,↑ increasing,→ stable,→ stable,100.0,✅ EXCELLENT,False,NONE,3.9,0.6,NONE
1779700109.824,81.9,89.7,32.4,1498.0,44.6,13.8,32.2,32.3,31.7,32.1,optimal,optimal,optimal,optimal,optimal,optimal,↑ increasing,→ stable,→ stable,100.0,✅ EXCELLENT,False,NONE,3.0,0.0,NONE
1779700110.825,82.1,90.6,31.8,1517.0,44.1,13.84,31.7,32.3,32.4,32.2,optimal,optimal,optimal,optimal,optimal,optimal,↑ increasing,→ stable,→ stable,100.0,✅ EXCELLENT,False,NONE,3.8,0.0,NONE
1779700111.825,80.5,89.8,32.3,1539.0,45.3,13.76,31.7,32.2,31.8,32.4,optimal,optimal,optimal,optimal,optimal,optimal,↑ increasing,→ stable,→ stable,100.0,✅ EXCELLENT,False,NONE,3.1,0.0,NONE
1779700112.826,78.0,89.4,32.0,1549.0,45.7,13.8,31.7,31.6,31.9,32.0,optimal,optimal,optimal,optimal,optimal,optimal,↑ increasing,→ stable,→ stable,100.0,✅ EXCELLENT,False,NONE,3.3,0.2,NONE
1779700113.827,82.3,89.3,32.1,1505.0,44.6,13.84,31.6,31.9,32.0,32.3,optimal,optimal,optimal,optimal,optimal,optimal,↑ increasing,→ stable,→ stable,100.0,✅ EXCELLENT,False,NONE,3.4,0.2,NONE
1779700114.828,79.2,90.1,32.2,1541.0,45.8,13.83,31.8,31.8,32.1,32.2,optimal,optimal,optimal,optimal,optimal,optimal,→ stable,→ stable,→ stable,100.0,✅ EXCELLENT,False,NONE,3.2,0.0,NONE
1779700115.83,82.7,90.9,32.1,1524.0,45.5,13.77,32.3,31.9,31.8,32.0,optimal,optimal,optimal,optimal,optimal,optimal,↑ increasing,→ stable,→ stable,100.0,✅ EXCELLENT,False,NONE,3.4,0.0,NONE
1779700116.831,80.9,89.5,31.8,1533.0,45.7,13.79,31.7,32.4,32.3,32.3,optimal,optimal,optimal,optimal,optimal,optimal,↑ increasing,→ stable,→ stable,100.0,✅ EXCELLENT,False,NONE,3.7,0.1,NONE
1779700117.832,80.2,89.8,32.2,1465.0,45.9,13.76,32.2,32.2,31.9,32.2,optimal,optimal,optimal,optimal,optimal,optimal,↑ increasing,→ stable,→ stable,100.0,✅ EXCELLENT,False,NONE,3.2,0.0,NONE
1779700118.831,78.6,90.6,32.1,1452.0,44.1,13.82,32.1,32.0,32.3,32.2,optimal,optimal,optimal,optimal,optimal,optimal,→ stable,→ stable,→ stable,100.0,✅ EXCELLENT,False,NONE,3.3,0.0,NONE
1779700119.832,78.8,90.3,31.8,1466.0,45.4,13.78,32.3,32.0,31.8,31.7,optimal,optimal,optimal,optimal,optimal,optimal,→ stable,→ stable,→ stable,100.0,✅ EXCELLENT,False,NONE,3.6,0.0,NONE
1779700120.833,81.7,90.6,31.8,1501.0,44.8,13.77,31.9,32.4,32.2,31.7,optimal,optimal,optimal,optimal,optimal,optimal,→ stable,→ stable,→ stable,100.0,✅ EXCELLENT,False,NONE,3.7,0.0,NONE
1779700121.834,78.5,89.4,31.9,1482.0,45.9,13.77,32.2,32.0,32.0,31.9,optimal,optimal,optimal,optimal,optimal,optimal,↓ decreasing,→ stable,→ stable,100.0,✅ EXCELLENT,False,NONE,3.5,0.2,NONE
1779700122.835,81.3,91.2,32.3,1469.0,45.6,13.83,32.1,32.4,31.6,31.7,optimal,optimal,optimal,optimal,optimal,optimal,→ stable,→ stable,→ stable,100.0,✅ EXCELLENT,False,NONE,3.1,0.0,NONE
1779700123.836,78.3,89.4,32.0,1453.0,44.6,13.81,31.9,31.9,31.8,31.8,optimal,optimal,optimal,optimal,optimal,optimal,↓ decreasing,→ stable,→ stable,100.0,✅ EXCELLENT,False,NONE,3.4,0.2,NONE
1779700124.836,81.6,90.5,31.9,1455.0,45.3,13.8,32.3,32.0,31.8,31.8,optimal,optimal,optimal,optimal,optimal,optimal,→ stable,↑ increasing,→ stable,100.0,✅ EXCELLENT,False,NONE,3.6,0.0,NONE
1779700125.837,80.0,91.5,32.1,1454.0,45.2,13.78,31.9,31.7,32.0,32.2,optimal,optimal,optimal,optimal,optimal,optimal,↓ decreasing,↑ increasing,→ stable,100.0,✅ EXCELLENT,False,NONE,3.3,0.0,NONE
1779700126.838,81.9,91.1,32.1,1468.0,44.5,13.76,31.8,32.3,32.4,32.2,optimal,optimal,optimal,optimal,optimal,optimal,↓ decreasing,↑ increasing,→ stable,100.0,✅ EXCELLENT,False,NONE,3.4,0.0,NONE
1779700127.838,79.3,90.2,32.0,1499.0,44.4,13.8,32.2,32.0,32.0,31.6,optimal,optimal,optimal,optimal,optimal,optimal,↓ decreasing,↑ increasing,→ stable,100.0,✅ EXCELLENT,False,NONE,3.4,0.0,NONE
1779700128.839,82.8,90.6,31.8,1493.0,45.9,13.82,32.2,31.7,31.7,31.8,optimal,optimal,optimal,optimal,optimal,optimal,→ stable,↑ increasing,→ stable,100.0,✅ EXCELLENT,False,NONE,3.8,0.0,NONE
1779700129.84,78.7,90.4,31.9,1522.0,44.1,13.77,32.3,32.0,31.7,32.0,optimal,optimal,optimal,optimal,optimal,optimal,→ stable,→ stable,→ stable,100.0,✅ EXCELLENT,False,NONE,3.5,0.0,NONE
1779700130.841,78.4,90.0,32.4,1517.0,45.6,13.77,31.7,32.3,32.2,32.2,optimal,optimal,optimal,optimal,optimal,optimal,→ stable,→ stable,→ stable,100.0,✅ EXCELLENT,False,NONE,2.9,0.0,NONE
1779700131.842,82.0,89.9,32.0,1482.0,46.0,13.84,31.9,31.9,32.0,31.8,optimal,optimal,optimal,optimal,optimal,optimal,→ stable,→ stable,→ stable,100.0,✅ EXCELLENT,False,NONE,3.5,0.0,NONE
1779700132.842,79.9,89.6,31.9,1495.0,44.4,13.76,31.6,32.2,32.2,32.3,optimal,optimal,optimal,optimal,optimal,optimal,→ stable,→ stable,→ stable,100.0,✅ EXCELLENT,False,NONE,3.5,0.1,NONE
1779700133.843,80.6,90.5,32.1,1487.0,45.6,13.78,32.4,32.3,31.7,31.8,optimal,optimal,optimal,optimal,optimal,optimal,→ stable,→ stable,→ stable,100.0,✅ EXCELLENT,False,NONE,3.3,0.0,NONE
1779700134.844,82.4,90.9,31.8,1513.0,44.6,13.76,32.1,32.0,31.8,31.7,optimal,optimal,optimal,optimal,optimal,optimal,→ stable,→ stable,→ stable,100.0,✅ EXCELLENT,False,NONE,3.8,0.0,NONE
1779700135.845,79.7,89.7,32.4,1481.0,44.8,13.78,31.8,32.1,32.2,31.7,optimal,optimal,optimal,optimal,optimal,optimal,↑ increasing,→ stable,→ stable,100.0,✅ EXCELLENT,False,NONE,3.0,0.0,NONE
1779700136.846,78.0,90.2,32.0,1495.0,44.4,13.77,31.8,31.8,32.2,32.2,optimal,optimal,optimal,optimal,optimal,optimal,→ stable,→ stable,→ stable,100.0,✅ EXCELLENT,False,NONE,3.3,0.0,NONE
1779700137.847,82.4,91.0,32.0,1474.0,44.6,13.75,31.7,31.9,31.9,32.2,optimal,optimal,optimal,optimal,optimal,optimal,→ stable,→ stable,→ stable,100.0,✅ EXCELLENT,False,NONE,3.5,0.0,NONE
1779700138.848,80.4,90.9,31.7,1543.0,44.0,13.79,32.0,32.3,32.1,31.6,optimal,optimal,optimal,optimal,optimal,optimal,→ stable,→ stable,→ stable,100.0,✅ EXCELLENT,False,NONE,3.8,0.0,NONE
1779700139.848,77.7,89.2,31.7,1501.0,45.3,13.84,31.7,32.2,32.1,31.6,optimal,optimal,optimal,optimal,optimal,optimal,→ stable,→ stable,→ stable,100.0,✅ EXCELLENT,False,NONE,3.7,0.3,NONE
1779700140.848,82.7,90.8,32.0,1453.0,45.1,13.76,32.4,32.2,31.8,31.7,optimal,optimal,optimal,optimal,optimal,optimal,→ stable,→ stable,→ stable,100.0,✅ EXCELLENT,False,NONE,3.5,0.0,NONE
1779700141.849,81.7,89.1,32.0,1526.0,44.7,13.83,32.4,31.6,31.9,31.9,optimal,optimal,optimal,optimal,optimal,optimal,→ stable,→ stable,→ stable,100.0,✅ EXCELLENT,False,NONE,3.5,0.4,NONE
1779700142.85,78.5,91.3,31.6,1530.0,45.4,13.76,31.7,31.6,31.7,32.1,optimal,optimal,optimal,optimal,optimal,optimal,→ stable,→ stable,→ stable,100.0,✅ EXCELLENT,False,NONE,3.8,0.0,NONE
1779700143.851,78.8,90.9,31.9,1527.0,45.9,13.78,31.7,32.3,32.3,31.8,optimal,optimal,optimal,optimal,optimal,optimal,→ stable,→ stable,→ stable,100.0,✅ EXCELLENT,False,NONE,3.5,0.0,NONE
1779700144.852,82.0,91.1,32.1,1531.0,44.4,13.75,32.0,31.7,31.8,32.2,optimal,optimal,optimal,optimal,optimal,optimal,→ stable,→ stable,→ stable,100.0,✅ EXCELLENT,False,NONE,3.4,0.0,NONE
1779700145.854,80.0,90.6,32.0,1512.0,45.9,13.81,32.3,31.9,32.3,31.7,optimal,optimal,optimal,optimal,optimal,optimal,→ stable,→ stable,→ stable,100.0,✅ EXCELLENT,False,NONE,3.4,0.0,NONE
1779700146.855,77.9,91.2,31.9,1467.0,45.1,13.85,31.7,32.3,31.9,32.1,optimal,optimal,optimal,optimal,optimal,optimal,→ stable,→ stable,→ stable,100.0,✅ EXCELLENT,False,NONE,3.4,0.0,NONE
1779700147.856,78.7,90.4,31.8,1521.0,45.5,13.83,32.2,31.8,32.3,31.8,optimal,optimal,optimal,optimal,optimal,optimal,↓ decreasing,→ stable,→ stable,100.0,✅ EXCELLENT,False,NONE,3.6,0.0,NONE
1779700148.857,78.6,90.7,31.9,1507.0,44.3,13.84,32.1,31.9,31.7,31.9,optimal,optimal,optimal,optimal,optimal,optimal,↓ decreasing,→ stable,→ stable,100.0,✅ EXCELLENT,False,NONE,3.5,0.0,NONE
1779700149.858,79.0,88.5,32.2,1550.0,44.6,13.83,32.0,32.1,32.0,31.8,optimal,optimal,optimal,optimal,optimal,optimal,→ stable,→ stable,→ stable,100.0,✅ EXCELLENT,False,NONE,3.2,1.1,NONE
1779700150.859,78.7,89.7,32.1,1498.0,44.3,13.84,32.3,32.1,32.3,31.8,optimal,optimal,optimal,optimal,optimal,optimal,↓ decreasing,→ stable,→ stable,100.0,✅ EXCELLENT,False,NONE,3.3,0.0,NONE
1779700151.859,79.6,89.4,32.2,1484.0,45.0,13.84,32.0,32.4,32.0,32.2,optimal,optimal,optimal,optimal,optimal,optimal,↓ decreasing,→ stable,→ stable,100.0,✅ EXCELLENT,False,NONE,3.2,0.2,NONE
1779700152.86,79.6,91.0,31.7,1530.0,44.3,13.76,32.0,31.8,32.3,32.1,optimal,optimal,optimal,optimal,optimal,optimal,↓ decreasing,→ stable,→ stable,100.0,✅ EXCELLENT,False,NONE,3.8,0.0,NONE
1779700153.861,81.4,89.5,32.0,1532.0,45.1,13.81,32.2,32.2,32.0,31.9,optimal,optimal,optimal,optimal,optimal,optimal,↓ decreasing,→ stable,→ stable,100.0,✅ EXCELLENT,False,NONE,3.5,0.1,NONE
1779700154.862,79.6,89.2,32.4,1548.0,45.8,13.84,31.9,31.9,32.0,32.3,optimal,optimal,optimal,optimal,optimal,optimal,↓ decreasing,→ stable,→ stable,100.0,✅ EXCELLENT,False,NONE,3.0,0.3,NONE
1779700155.863,80.1,91.3,32.2,1522.0,45.2,13.77,32.0,32.3,31.9,32.2,optimal,optimal,optimal,optimal,optimal,optimal,↓ decreasing,→ stable,→ stable,100.0,✅ EXCELLENT,False,NONE,3.2,0.0,NONE
1779700156.864,78.8,89.5,32.3,1492.0,45.6,13.82,32.0,31.7,31.9,32.2,optimal,optimal,optimal,optimal,optimal,optimal,↓ decreasing,↓ decreasing,→ stable,100.0,✅ EXCELLENT,False,NONE,3.0,0.1,NONE
1779700157.865,79.5,91.5,32.0,1461.0,44.8,13.82,32.0,32.1,32.0,31.8,optimal,optimal,optimal,optimal,optimal,optimal,→ stable,↓ decreasing,→ stable,100.0,✅ EXCELLENT,False,NONE,3.4,0.0,NONE
1779700158.866,78.9,90.4,32.1,1488.0,44.8,13.83,31.6,32.3,32.0,32.2,optimal,optimal,optimal,optimal,optimal,optimal,→ stable,↓ decreasing,→ stable,100.0,✅ EXCELLENT,False,NONE,3.3,0.0,NONE
1779700159.866,82.7,90.7,32.0,1487.0,44.0,13.81,31.8,31.7,32.3,31.8,optimal,optimal,optimal,optimal,optimal,optimal,→ stable,→ stable,→ stable,100.0,✅ EXCELLENT,False,NONE,3.5,0.0,NONE
1779700160.867,77.8,88.9,32.2,1514.0,44.1,13.78,32.2,32.0,32.1,32.4,optimal,optimal,optimal,optimal,optimal,optimal,→ stable,→ stable,→ stable,100.0,✅ EXCELLENT,False,NONE,3.1,0.6,NONE
1779700161.868,78.8,91.4,32.2,1457.0,44.4,13.85,32.1,32.2,31.8,32.0,optimal,optimal,optimal,optimal,optimal,optimal,↑ increasing,→ stable,→ stable,100.0,✅ EXCELLENT,False,NONE,3.2,0.0,NONE
1779700162.869,79.3,89.0,32.1,1525.0,44.6,13.77,31.7,32.3,31.7,31.9,optimal,optimal,optimal,optimal,optimal,optimal,→ stable,→ stable,→ stable,100.0,✅ EXCELLENT,False,NONE,3.3,0.5,NONE
1779700163.87,80.4,91.2,32.3,1540.0,44.7,13.83,32.2,32.4,31.7,32.1,optimal,optimal,optimal,optimal,optimal,optimal,→ stable,→ stable,→ stable,100.0,✅ EXCELLENT,False,NONE,3.1,0.0,NONE
1779700164.871,77.4,90.4,32.4,1497.0,44.2,13.81,32.0,32.0,31.8,32.4,optimal,optimal,optimal,optimal,optimal,optimal,→ stable,→ stable,→ stable,100.0,✅ EXCELLENT,False,NONE,2.9,0.0,NONE
1779700165.872,78.1,89.0,31.6,1522.0,45.2,13.77,31.9,32.3,32.3,31.8,optimal,optimal,optimal,optimal,optimal,optimal,→ stable,→ stable,→ stable,100.0,✅ EXCELLENT,False,NONE,3.8,0.5,NONE
1779700166.873,79.0,90.9,32.4,1478.0,45.0,13.78,31.9,32.3,32.2,32.2,optimal,optimal,optimal,optimal,optimal,optimal,→ stable,→ stable,→ stable,100.0,✅ EXCELLENT,False,NONE,2.9,0.0,NONE
1779700167.873,80.0,89.0,31.7,1458.0,45.3,13.83,32.3,32.0,32.3,32.0,optimal,optimal,optimal,optimal,optimal,optimal,→ stable,→ stable,→ stable,100.0,✅ EXCELLENT,False,NONE,3.8,0.5,NONE
1779700168.875,78.7,88.7,32.2,1466.0,45.1,13.77,31.9,31.8,31.6,32.0,optimal,optimal,optimal,optimal,optimal,optimal,→ stable,→ stable,→ stable,100.0,✅ EXCELLENT,False,NONE,3.1,0.8,NONE
1779700169.875,77.7,91.5,31.9,1527.0,45.5,13.84,31.8,32.0,32.4,31.7,optimal,optimal,optimal,optimal,optimal,optimal,↓ decreasing,→ stable,→ stable,100.0,✅ EXCELLENT,False,NONE,3.4,0.0,NONE
1779700170.876,78.0,91.5,32.1,1482.0,44.6,13.82,32.2,32.4,32.4,32.0,optimal,optimal,optimal,optimal,optimal,optimal,↓ decreasing,→ stable,→ stable,100.0,✅ EXCELLENT,False,NONE,3.2,0.0,NONE
1779700171.877,77.5,90.5,32.1,1549.0,45.2,13.84,31.9,32.1,32.1,32.1,optimal,optimal,optimal,optimal,optimal,optimal,↓ decreasing,→ stable,→ stable,100.0,✅ EXCELLENT,False,NONE,3.2,0.0,NONE
1779700172.877,79.9,91.3,32.3,1467.0,46.0,13.83,31.7,31.6,32.0,32.0,optimal,optimal,optimal,optimal,optimal,optimal,↓ decreasing,→ stable,→ stable,100.0,✅ EXCELLENT,False,NONE,3.1,0.0,NONE
1779700173.878,79.8,89.5,32.1,1510.0,44.2,13.78,31.9,32.1,31.9,31.8,optimal,optimal,optimal,optimal,optimal,optimal,↓ decreasing,→ stable,→ stable,100.0,✅ EXCELLENT,False,NONE,3.3,0.1,NONE
1779700174.88,78.9,89.1,32.3,1549.0,44.9,13.78,31.8,31.7,32.1,31.9,optimal,optimal,optimal,optimal,optimal,optimal,↓ decreasing,→ stable,→ stable,100.0,✅ EXCELLENT,False,NONE,3.0,0.4,NONE
1779700175.88,81.9,89.1,32.2,1499.0,44.2,13.78,32.2,31.9,31.6,31.7,optimal,optimal,optimal,optimal,optimal,optimal,→ stable,→ stable,→ stable,100.0,✅ EXCELLENT,False,NONE,3.3,0.4,NONE
1779700176.881,80.8,91.1,31.6,1509.0,44.9,13.81,32.1,32.3,32.2,31.8,optimal,optimal,optimal,optimal,optimal,optimal,→ stable,→ stable,→ stable,100.0,✅ EXCELLENT,False,NONE,3.9,0.0,NONE
1779700177.882,77.6,89.5,31.6,1455.0,44.3,13.78,32.4,31.7,32.0,31.9,optimal,optimal,optimal,optimal,optimal,optimal,→ stable,→ stable,→ stable,100.0,✅ EXCELLENT,False,NONE,3.8,0.1,NONE
1779700178.883,79.1,89.9,32.0,1546.0,45.1,13.83,32.4,32.3,31.8,32.1,optimal,optimal,optimal,optimal,optimal,optimal,→ stable,→ stable,→ stable,100.0,✅ EXCELLENT,False,NONE,3.4,0.0,NONE
1779700179.883,78.3,91.1,32.3,1452.0,44.5,13.79,31.8,32.2,32.2,32.1,optimal,optimal,optimal,optimal,optimal,optimal,→ stable,→ stable,→ stable,100.0,✅ EXCELLENT,False,NONE,3.0,0.0,NONE
1779700180.884,81.5,91.4,32.3,1462.0,45.2,13.79,32.0,32.1,32.4,31.7,optimal,optimal,optimal,optimal,optimal,optimal,↑ increasing,→ stable,→ stable,100.0,✅ EXCELLENT,False,NONE,3.1,0.0,NONE
1779700181.884,77.9,89.4,32.1,1481.0,45.1,13.75,32.4,31.8,32.4,31.8,optimal,optimal,optimal,optimal,optimal,optimal,↑ increasing,→ stable,→ stable,100.0,✅ EXCELLENT,False,NONE,3.2,0.2,NONE
1779700182.885,78.5,91.1,32.2,1536.0,45.2,13.84,31.8,31.6,32.3,31.6,optimal,optimal,optimal,optimal,optimal,optimal,↑ increasing,→ stable,→ stable,100.0,✅ EXCELLENT,False,NONE,3.1,0.0,NONE
1779700183.886,82.4,88.9,32.0,1478.0,45.3,13.83,32.0,32.0,32.0,31.8,optimal,optimal,optimal,optimal,optimal,optimal,↑ increasing,→ stable,→ stable,100.0,✅ EXCELLENT,False,NONE,3.5,0.6,NONE
1779700184.887,80.1,90.5,31.7,1458.0,44.0,13.82,31.6,31.8,32.2,31.8,optimal,optimal,optimal,optimal,optimal,optimal,↑ increasing,→ stable,→ stable,100.0,✅ EXCELLENT,False,NONE,3.8,0.0,NONE
1779700185.887,77.3,88.6,32.1,1543.0,45.4,13.85,32.0,32.0,32.1,31.7,optimal,optimal,optimal,optimal,optimal,optimal,→ stable,→ stable,→ stable,100.0,✅ EXCELLENT,False,NONE,3.2,1.0,NONE
1779700186.888,79.2,90.4,32.1,1453.0,45.8,13.78,32.1,31.7,31.7,31.9,optimal,optimal,optimal,optimal,optimal,optimal,→ stable,→ stable,→ stable,100.0,✅ EXCELLENT,False,NONE,3.3,0.0,NONE
1779700187.889,78.2,90.5,31.7,1476.0,45.6,13.81,32.3,32.0,32.2,31.9,optimal,optimal,optimal,optimal,optimal,optimal,→ stable,→ stable,→ stable,100.0,✅ EXCELLENT,False,NONE,3.7,0.0,NONE
1779700188.89,79.8,90.5,31.8,1531.0,45.7,13.77,32.2,32.3,31.6,31.8,optimal,optimal,optimal,optimal,optimal,optimal,→ stable,→ stable,→ stable,100.0,✅ EXCELLENT,False,NONE,3.6,0.0,NONE
1779700189.892,77.8,90.4,32.1,1521.0,45.2,13.81,32.1,31.8,32.3,32.1,optimal,optimal,optimal,optimal,optimal,optimal,→ stable,→ stable,→ stable,100.0,✅ EXCELLENT,False,NONE,3.2,0.0,NONE
1779700190.892,81.1,90.2,32.2,1530.0,44.3,13.8,32.2,32.4,32.4,32.2,optimal,optimal,optimal,optimal,optimal,optimal,→ stable,→ stable,→ stable,100.0,✅ EXCELLENT,False,NONE,3.2,0.0,NONE
1779700191.893,79.6,90.2,31.9,1502.0,44.7,13.77,31.7,31.7,32.3,32.1,optimal,optimal,optimal,optimal,optimal,optimal,→ stable,→ stable,→ stable,100.0,✅ EXCELLENT,False,NONE,3.5,0.0,NONE
1779700192.894,81.1,90.5,32.2,1459.0,45.0,13.76,32.3,32.1,31.8,31.7,optimal,optimal,optimal,optimal,optimal,optimal,→ stable,→ stable,→ stable,100.0,✅ EXCELLENT,False,NONE,3.2,0.0,NONE
1779700193.895,79.6,90.3,32.1,1541.0,46.0,13.8,31.8,32.4,32.2,32.0,optimal,optimal,optimal,optimal,optimal,optimal,→ stable,→ stable,→ stable,100.0,✅ EXCELLENT,False,NONE,3.3,0.0,NONE
1779700194.895,80.1,90.1,32.0,1494.0,44.6,13.83,31.6,32.0,32.1,31.8,optimal,optimal,optimal,optimal,optimal,optimal,→ stable,→ stable,→ stable,100.0,✅ EXCELLENT,False,NONE,3.4,0.0,NONE
1779700195.895,80.3,89.2,31.8,1507.0,45.0,13.84,31.7,32.0,32.0,31.8,optimal,optimal,optimal,optimal,optimal,optimal,→ stable,→ stable,→ stable,100.0,✅ EXCELLENT,False,NONE,3.7,0.3,NONE
1779700196.896,82.7,90.8,31.9,1521.0,44.5,13.81,31.9,31.7,31.8,31.9,optimal,optimal,optimal,optimal,optimal,optimal,↑ increasing,→ stable,→ stable,100.0,✅ EXCELLENT,False,NONE,3.7,0.0,NONE
1779700197.896,79.1,89.8,31.6,1472.0,44.9,13.77,32.0,32.2,31.6,32.3,optimal,optimal,optimal,optimal,optimal,optimal,↑ increasing,→ stable,→ stable,100.0,✅ EXCELLENT,False,NONE,3.8,0.0,NONE
1779700198.897,79.5,88.8,32.2,1547.0,45.0,13.83,32.3,31.8,32.3,31.7,optimal,optimal,optimal,optimal,optimal,optimal,↑ increasing,→ stable,→ stable,100.0,✅ EXCELLENT,False,NONE,3.2,0.7,NONE
1779700199.898,77.7,91.0,32.3,1487.0,45.4,13.8,31.8,31.9,31.9,32.1,optimal,optimal,optimal,optimal,optimal,optimal,↑ increasing,→ stable,→ stable,100.0,✅ EXCELLENT,False,NONE,3.0,0.0,NONE
1779700200.898,77.7,89.2,32.1,1518.0,44.4,13.8,31.8,32.2,31.6,32.3,optimal,optimal,optimal,optimal,optimal,optimal,↑ increasing,→ stable,→ stable,100.0,✅ EXCELLENT,False,NONE,3.2,0.3,NONE
1779700201.899,79.0,90.8,32.1,1542.0,44.8,13.78,31.7,32.1,31.6,32.4,optimal,optimal,optimal,optimal,optimal,optimal,→ stable,→ stable,→ stable,100.0,✅ EXCELLENT,False,NONE,3.3,0.0,NONE
1779700202.899,78.7,89.7,32.3,1480.0,45.0,13.81,31.9,32.0,31.6,32.3,optimal,optimal,optimal,optimal,optimal,optimal,→ stable,→ stable,→ stable,100.0,✅ EXCELLENT,False,NONE,3.0,0.0,NONE
1779700203.9,77.3,88.9,32.2,1473.0,44.7,13.75,32.2,32.1,32.2,31.7,optimal,optimal,optimal,optimal,optimal,optimal,→ stable,→ stable,→ stable,100.0,✅ EXCELLENT,False,NONE,3.1,0.6,NONE
1779700204.901,80.1,90.6,32.0,1499.0,45.3,13.78,32.3,31.7,32.0,32.2,optimal,optimal,optimal,optimal,optimal,optimal,→ stable,→ stable,→ stable,100.0,✅ EXCELLENT,False,NONE,3.4,0.0,NONE
1779700205.902,81.5,90.1,31.9,1503.0,44.4,13.82,31.7,32.1,32.4,31.8,optimal,optimal,optimal,optimal,optimal,optimal,→ stable,→ stable,→ stable,100.0,✅ EXCELLENT,False,NONE,3.6,0.0,NONE
1779700206.903,81.9,89.4,32.0,1537.0,44.6,13.82,31.8,32.0,31.7,32.0,optimal,optimal,optimal,optimal,optimal,optimal,↓ decreasing,→ stable,→ stable,100.0,✅ EXCELLENT,False,NONE,3.5,0.2,NONE
1779700207.903,82.9,90.0,32.2,1504.0,44.9,13.77,32.0,31.8,32.3,32.0,optimal,optimal,optimal,optimal,optimal,optimal,→ stable,→ stable,→ stable,100.0,✅ EXCELLENT,False,NONE,3.3,0.0,NONE
1779700208.904,81.5,90.0,31.7,1550.0,44.0,13.82,32.1,32.2,31.8,32.0,optimal,optimal,optimal,optimal,optimal,optimal,→ stable,→ stable,→ stable,100.0,✅ EXCELLENT,False,NONE,3.8,0.0,NONE
1779700209.904,80.2,90.8,31.8,1494.0,44.2,13.83,32.0,32.4,32.0,32.1,optimal,optimal,optimal,optimal,optimal,optimal,→ stable,→ stable,→ stable,100.0,✅ EXCELLENT,False,NONE,3.7,0.0,NONE
1779700210.905,82.6,91.3,31.8,1530.0,45.5,13.84,32.2,32.2,31.8,32.2,optimal,optimal,optimal,optimal,optimal,optimal,↑ increasing,→ stable,→ stable,100.0,✅ EXCELLENT,False,NONE,3.8,0.0,NONE
1779700211.906,77.1,89.7,32.3,1483.0,45.9,13.84,31.9,32.1,32.1,32.1,optimal,optimal,optimal,optimal,optimal,optimal,↑ increasing,→ stable,→ stable,100.0,✅ EXCELLENT,False,NONE,3.0,0.0,NONE
1779700212.907,82.6,91.3,31.8,1512.0,44.9,13.78,31.9,31.7,32.0,32.4,optimal,optimal,optimal,optimal,optimal,optimal,↑ increasing,→ stable,→ stable,100.0,✅ EXCELLENT,False,NONE,3.8,0.0,NONE
1779700213.908,82.0,89.4,31.9,1493.0,45.0,13.77,32.2,31.8,31.8,32.0,optimal,optimal,optimal,optimal,optimal,optimal,↑ increasing,→ stable,→ stable,100.0,✅ EXCELLENT,False,NONE,3.6,0.2,NONE
1779700214.909,80.6,89.9,31.9,1544.0,44.2,13.77,32.1,32.0,32.0,32.0,optimal,optimal,optimal,optimal,optimal,optimal,↑ increasing,→ stable,→ stable,100.0,✅ EXCELLENT,False,NONE,3.6,0.0,NONE
1779700215.91,79.7,89.7,32.0,1456.0,45.6,13.84,31.7,31.9,31.9,31.8,optimal,optimal,optimal,optimal,optimal,optimal,↑ increasing,→ stable,→ stable,100.0,✅ EXCELLENT,False,NONE,3.4,0.0,NONE
1779700216.91,77.7,88.8,32.3,1453.0,44.8,13.82,32.3,31.7,32.0,31.6,optimal,optimal,optimal,optimal,optimal,optimal,↑ increasing,→ stable,→ stable,100.0,✅ EXCELLENT,False,NONE,3.0,0.7,NONE
1779700217.911,78.0,90.7,31.7,1458.0,44.4,13.84,31.8,32.0,32.0,31.6,optimal,optimal,optimal,optimal,optimal,optimal,↑ increasing,→ stable,→ stable,100.0,✅ EXCELLENT,False,NONE,3.7,0.0,NONE
1779700218.912,79.5,89.1,32.0,1488.0,46.0,13.83,31.8,31.7,32.3,32.4,optimal,optimal,optimal,optimal,optimal,optimal,→ stable,→ stable,→ stable,100.0,✅ EXCELLENT,False,NONE,3.4,0.4,NONE
1779700219.914,82.7,91.2,32.3,1455.0,45.5,13.82,32.0,31.7,31.7,32.1,optimal,optimal,optimal,optimal,optimal,optimal,→ stable,→ stable,→ stable,100.0,✅ EXCELLENT,False,NONE,3.2,0.0,NONE
1779700220.915,77.2,89.7,31.7,1479.0,45.2,13.79,31.6,32.2,31.9,32.1,optimal,optimal,optimal,optimal,optimal,optimal,↓ decreasing,→ stable,→ stable,100.0,✅ EXCELLENT,False,NONE,3.6,0.0,NONE
1779700221.916,78.9,89.7,32.1,1547.0,45.8,13.78,32.2,32.0,32.0,32.3,optimal,optimal,optimal,optimal,optimal,optimal,→ stable,→ stable,→ stable,100.0,✅ EXCELLENT,False,NONE,3.3,0.0,NONE
1779700222.917,79.8,88.6,31.8,1540.0,45.5,13.77,32.3,32.3,32.2,31.6,optimal,optimal,optimal,optimal,optimal,optimal,↓ decreasing,↓ decreasing,→ stable,100.0,✅ EXCELLENT,False,NONE,3.6,1.0,NONE
1779700223.918,79.5,90.7,32.0,1521.0,45.6,13.78,32.0,32.2,31.7,31.8,optimal,optimal,optimal,optimal,optimal,optimal,↓ decreasing,→ stable,→ stable,100.0,✅ EXCELLENT,False,NONE,3.4,0.0,NONE
1779700224.919,80.2,90.2,32.2,1492.0,45.5,13.83,32.2,32.3,31.9,31.9,optimal,optimal,optimal,optimal,optimal,optimal,↓ decreasing,→ stable,→ stable,100.0,✅ EXCELLENT,False,NONE,3.2,0.0,NONE
1779700225.919,82.4,90.0,32.3,1482.0,45.0,13.75,31.7,32.1,31.8,32.2,optimal,optimal,optimal,optimal,optimal,optimal,↓ decreasing,→ stable,→ stable,100.0,✅ EXCELLENT,False,NONE,3.2,0.0,NONE
1779700226.92,80.2,91.3,32.0,1450.0,44.6,13.78,31.9,32.0,31.8,32.2,optimal,optimal,optimal,optimal,optimal,optimal,↓ decreasing,→ stable,→ stable,100.0,✅ EXCELLENT,False,NONE,3.4,0.0,NONE
1779700227.921,81.6,90.1,31.8,1501.0,44.8,13.82,31.9,31.8,32.2,31.9,optimal,optimal,optimal,optimal,optimal,optimal,→ stable,→ stable,→ stable,100.0,✅ EXCELLENT,False,NONE,3.7,0.0,NONE
1779700228.922,82.9,90.5,31.7,1508.0,45.0,13.78,31.6,32.2,32.4,32.2,optimal,optimal,optimal,optimal,optimal,optimal,↑ increasing,→ stable,→ stable,100.0,✅ EXCELLENT,False,NONE,3.9,0.0,NONE
1779700229.923,77.9,89.0,31.9,1451.0,44.3,13.79,31.7,31.8,31.9,31.7,optimal,optimal,optimal,optimal,optimal,optimal,→ stable,→ stable,→ stable,100.0,✅ EXCELLENT,False,NONE,3.4,0.5,NONE
1779700230.924,79.5,89.6,32.2,1470.0,45.3,13.77,31.7,32.4,31.7,32.0,optimal,optimal,optimal,optimal,optimal,optimal,↑ increasing,→ stable,→ stable,100.0,✅ EXCELLENT,False,NONE,3.2,0.1,NONE
1779700231.925,77.8,91.3,32.2,1477.0,45.4,13.81,32.3,31.9,31.7,31.7,optimal,optimal,optimal,optimal,optimal,optimal,→ stable,→ stable,→ stable,100.0,✅ EXCELLENT,False,NONE,3.1,0.0,NONE
1779700232.926,79.6,89.2,32.3,1486.0,45.3,13.77,31.8,31.8,32.3,31.6,optimal,optimal,optimal,optimal,optimal,optimal,↑ increasing,↑ increasing,→ stable,100.0,✅ EXCELLENT,False,NONE,3.1,0.3,NONE
1779700233.927,81.3,88.7,32.2,1492.0,44.6,13.77,32.1,31.8,31.7,31.7,optimal,optimal,optimal,optimal,optimal,optimal,↑ increasing,→ stable,→ stable,100.0,✅ EXCELLENT,False,NONE,3.3,0.8,NONE
1779700234.928,77.7,89.0,32.4,1451.0,44.6,13.76,32.1,32.4,32.3,32.3,optimal,optimal,optimal,optimal,optimal,optimal,↑ increasing,→ stable,→ stable,100.0,✅ EXCELLENT,False,NONE,2.9,0.5,NONE
1779700235.929,77.2,89.9,32.1,1481.0,44.8,13.82,31.8,31.7,31.6,31.7,optimal,optimal,optimal,optimal,optimal,optimal,→ stable,→ stable,→ stable,100.0,✅ EXCELLENT,False,NONE,3.2,0.0,NONE
1779700236.93,77.3,90.7,32.0,1497.0,45.9,13.79,32.3,32.1,32.1,32.3,optimal,optimal,optimal,optimal,optimal,optimal,↓ decreasing,→ stable,→ stable,100.0,✅ EXCELLENT,False,NONE,3.3,0.0,NONE
1779700237.931,79.4,90.4,32.1,1464.0,45.5,13.79,31.9,31.7,31.6,31.9,optimal,optimal,optimal,optimal,optimal,optimal,↓ decreasing,→ stable,→ stable,100.0,✅ EXCELLENT,False,NONE,3.3,0.0,NONE
1779700238.932,78.2,90.2,31.7,1498.0,44.8,13.76,32.2,32.0,31.7,32.4,optimal,optimal,optimal,optimal,optimal,optimal,↓ decreasing,→ stable,→ stable,100.0,✅ EXCELLENT,False,NONE,3.7,0.0,NONE
1779700239.933,78.3,89.4,31.7,1536.0,45.8,13.84,31.8,32.0,31.8,32.0,optimal,optimal,optimal,optimal,optimal,optimal,↓ decreasing,→ stable,→ stable,100.0,✅ EXCELLENT,False,NONE,3.7,0.2,NONE
1779700240.933,77.6,89.2,31.9,1516.0,45.6,13.77,31.8,31.7,32.1,31.7,optimal,optimal,optimal,optimal,optimal,optimal,↓ decreasing,→ stable,→ stable,100.0,✅ EXCELLENT,False,NONE,3.4,0.3,NONE
1779700241.934,78.8,91.0,31.6,1548.0,45.9,13.84,31.6,31.9,32.0,31.8,optimal,optimal,optimal,optimal,optimal,optimal,↓ decreasing,→ stable,→ stable,100.0,✅ EXCELLENT,False,NONE,3.8,0.0,NONE
1779700242.934,77.7,89.2,31.9,1542.0,45.0,13.81,32.3,32.3,32.0,31.9,optimal,optimal,optimal,optimal,optimal,optimal,↓ decreasing,→ stable,→ stable,100.0,✅ EXCELLENT,False,NONE,3.4,0.3,NONE
1779700243.935,78.1,88.9,31.7,1524.0,45.8,13.82,31.8,31.7,32.3,32.0,optimal,optimal,optimal,optimal,optimal,optimal,↓ decreasing,→ stable,→ stable,100.0,✅ EXCELLENT,False,NONE,3.7,0.6,NONE
1779700244.936,77.6,89.1,32.2,1486.0,44.4,13.77,32.3,32.1,32.2,32.1,optimal,optimal,optimal,optimal,optimal,optimal,↓ decreasing,→ stable,→ stable,100.0,✅ EXCELLENT,False,NONE,3.1,0.4,NONE
1779700245.937,79.0,88.6,31.8,1470.0,45.2,13.85,31.7,32.1,31.9,32.2,optimal,optimal,optimal,optimal,optimal,optimal,↓ decreasing,→ stable,→ stable,100.0,✅ EXCELLENT,False,NONE,3.6,1.0,NONE
1779700246.938,78.5,90.3,32.3,1530.0,45.6,13.82,32.3,32.3,32.3,32.2,optimal,optimal,optimal,optimal,optimal,optimal,↓ decreasing,→ stable,→ stable,100.0,✅ EXCELLENT,False,NONE,3.0,0.0,NONE
1779700247.939,80.6,88.6,31.8,1455.0,44.5,13.81,31.8,32.0,32.1,32.3,optimal,optimal,optimal,optimal,optimal,optimal,↓ decreasing,→ stable,→ stable,100.0,✅ EXCELLENT,False,NONE,3.7,1.0,NONE
1779700248.94,78.1,88.5,32.3,1538.0,45.2,13.82,32.4,32.3,32.0,32.2,optimal,optimal,optimal,optimal,optimal,optimal,→ stable,↓ decreasing,→ stable,100.0,✅ EXCELLENT,False,NONE,3.0,1.1,NONE
1779700249.939,82.2,89.0,31.7,1475.0,45.3,13.79,31.6,32.3,31.9,31.9,optimal,optimal,optimal,optimal,optimal,optimal,→ stable,↓ decreasing,→ stable,100.0,✅ EXCELLENT,False,NONE,3.9,0.5,NONE
1779700250.94,79.6,89.4,31.6,1496.0,45.6,13.79,31.7,32.1,32.1,32.3,optimal,optimal,optimal,optimal,optimal,optimal,↑ increasing,↓ decreasing,→ stable,100.0,✅ EXCELLENT,False,NONE,3.9,0.2,NONE
1779700251.941,80.2,90.0,31.9,1483.0,44.7,13.77,31.6,31.9,31.7,32.2,optimal,optimal,optimal,optimal,optimal,optimal,↑ increasing,↓ decreasing,→ stable,100.0,✅ EXCELLENT,False,NONE,3.6,0.0,NONE
1779700252.942,77.4,88.9,31.9,1505.0,45.3,13.79,31.9,31.8,31.9,32.3,optimal,optimal,optimal,optimal,optimal,optimal,↑ increasing,↓ decreasing,→ stable,100.0,✅ EXCELLENT,False,NONE,3.4,0.6,NONE
1779700253.943,79.5,89.5,31.6,1507.0,45.0,13.79,31.8,32.2,31.9,31.9,optimal,optimal,optimal,optimal,optimal,optimal,↑ increasing,↓ decreasing,→ stable,100.0,✅ EXCELLENT,False,NONE,3.9,0.1,NONE
1779700254.944,79.7,90.8,31.6,1504.0,45.5,13.81,32.2,31.7,32.0,31.6,optimal,optimal,optimal,optimal,optimal,optimal,↑ increasing,→ stable,→ stable,100.0,✅ EXCELLENT,False,NONE,3.9,0.0,NONE
1779700255.945,78.4,91.0,32.3,1517.0,44.8,13.77,31.7,32.3,31.7,32.3,optimal,optimal,optimal,optimal,optimal,optimal,↑ increasing,→ stable,→ stable,100.0,✅ EXCELLENT,False,NONE,3.0,0.0,NONE
1779700256.946,78.0,90.8,32.1,1544.0,44.3,13.81,32.1,32.1,32.3,32.3,optimal,optimal,optimal,optimal,optimal,optimal,↑ increasing,→ stable,→ stable,100.0,✅ EXCELLENT,False,NONE,3.2,0.0,NONE
1779700257.947,78.8,90.2,31.9,1536.0,45.3,13.84,31.9,31.7,32.2,32.0,optimal,optimal,optimal,optimal,optimal,optimal,↑ increasing,→ stable,→ stable,100.0,✅ EXCELLENT,False,NONE,3.5,0.0,NONE
1779700258.948,81.2,91.1,31.9,1516.0,45.9,13.8,32.3,32.2,31.8,32.3,optimal,optimal,optimal,optimal,optimal,optimal,↑ increasing,↑ increasing,→ stable,100.0,✅ EXCELLENT,False,NONE,3.6,0.0,NONE
1779700259.949,81.4,91.3,32.2,1521.0,45.3,13.76,32.0,32.3,32.3,32.1,optimal,optimal,optimal,optimal,optimal,optimal,↑ increasing,↑ increasing,→ stable,100.0,✅ EXCELLENT,False,NONE,3.3,0.0,NONE
1779700260.95,80.1,88.6,32.1,1467.0,45.2,13.79,32.0,32.0,32.3,32.4,optimal,optimal,optimal,optimal,optimal,optimal,→ stable,↑ increasing,→ stable,100.0,✅ EXCELLENT,False,NONE,3.3,1.0,NONE
1779700261.951,77.4,91.0,32.1,1482.0,45.1,13.76,32.1,32.0,32.4,32.0,optimal,optimal,optimal,optimal,optimal,optimal,→ stable,↑ increasing,→ stable,100.0,✅ EXCELLENT,False,NONE,3.2,0.0,NONE
1779700262.951,79.8,89.5,32.0,1549.0,45.7,13.85,32.2,31.8,32.3,32.0,optimal,optimal,optimal,optimal,optimal,optimal,→ stable,↑ increasing,→ stable,100.0,✅ EXCELLENT,False,NONE,3.4,0.1,NONE
1779700263.952,78.4,91.4,32.0,1532.0,44.8,13.76,31.7,31.7,31.6,32.4,optimal,optimal,optimal,optimal,optimal,optimal,→ stable,↑ increasing,→ stable,100.0,✅ EXCELLENT,False,NONE,3.4,0.0,NONE
1779700264.952,81.0,90.4,32.3,1485.0,45.2,13.78,31.8,32.2,31.7,31.7,optimal,optimal,optimal,optimal,optimal,optimal,→ stable,↑ increasing,→ stable,100.0,✅ EXCELLENT,False,NONE,3.1,0.0,NONE
1779700265.953,77.4,89.6,31.9,1478.0,45.0,13.83,32.1,32.3,32.2,32.1,optimal,optimal,optimal,optimal,optimal,optimal,→ stable,↑ increasing,→ stable,100.0,✅ EXCELLENT,False,NONE,3.4,0.1,NONE
1779700266.954,78.9,90.4,32.0,1540.0,44.8,13.85,32.1,32.1,31.8,31.6,optimal,optimal,optimal,optimal,optimal,optimal,→ stable,↑ increasing,→ stable,100.0,✅ EXCELLENT,False,NONE,3.4,0.0,NONE
1779700267.954,82.6,89.2,32.2,1526.0,44.5,13.75,32.1,32.3,32.4,31.8,optimal,optimal,optimal,optimal,optimal,optimal,↑ increasing,→ stable,→ stable,100.0,✅ EXCELLENT,False,NONE,3.3,0.3,NONE
1779700268.955,79.7,89.8,31.6,1507.0,44.5,13.79,31.8,32.2,31.7,31.9,optimal,optimal,optimal,optimal,optimal,optimal,→ stable,→ stable,→ stable,100.0,✅ EXCELLENT,False,NONE,3.9,0.0,NONE
1779700269.956,78.0,91.0,31.8,1470.0,45.2,13.8,31.8,32.0,31.9,32.1,optimal,optimal,optimal,optimal,optimal,optimal,→ stable,→ stable,→ stable,100.0,✅ EXCELLENT,False,NONE,3.6,0.0,NONE
1779700270.957,78.6,90.3,32.2,1473.0,45.1,13.8,31.9,32.2,31.8,31.8,optimal,optimal,optimal,optimal,optimal,optimal,→ stable,→ stable,→ stable,100.0,✅ EXCELLENT,False,NONE,3.1,0.0,NONE
1779700271.958,78.2,89.3,32.2,1544.0,44.5,13.75,32.2,32.4,32.2,31.6,optimal,optimal,optimal,optimal,optimal,optimal,→ stable,→ stable,→ stable,100.0,✅ EXCELLENT,False,NONE,3.1,0.2,NONE
1779700272.959,80.7,90.5,32.1,1506.0,44.2,13.75,32.1,32.0,31.7,31.6,optimal,optimal,optimal,optimal,optimal,optimal,→ stable,→ stable,→ stable,100.0,✅ EXCELLENT,False,NONE,3.3,0.0,NONE
1779700273.96,81.7,89.9,32.2,1519.0,44.1,13.85,32.1,32.3,31.9,32.0,optimal,optimal,optimal,optimal,optimal,optimal,→ stable,↓ decreasing,→ stable,100.0,✅ EXCELLENT,False,NONE,3.3,0.0,NONE
1779700274.961,77.4,90.9,32.4,1509.0,45.8,13.85,32.3,32.4,31.6,32.2,optimal,optimal,optimal,optimal,optimal,optimal,→ stable,→ stable,→ stable,100.0,✅ EXCELLENT,False,NONE,2.9,0.0,NONE
1779700275.962,79.0,89.0,32.2,1477.0,44.9,13.84,32.3,32.0,32.1,32.0,optimal,optimal,optimal,optimal,optimal,optimal,→ stable,→ stable,→ stable,100.0,✅ EXCELLENT,False,NONE,3.2,0.5,NONE
1779700276.962,81.1,89.5,32.4,1510.0,45.2,13.8,31.7,32.4,31.6,32.3,optimal,optimal,optimal,optimal,optimal,optimal,→ stable,→ stable,→ stable,100.0,✅ EXCELLENT,False,NONE,3.0,0.1,NONE
1779700277.962,81.2,88.6,31.6,1533.0,44.2,13.85,32.1,32.2,31.9,31.8,optimal,optimal,optimal,optimal,optimal,optimal,→ stable,→ stable,→ stable,100.0,✅ EXCELLENT,False,NONE,3.9,1.0,NONE
1779700278.962,82.6,91.2,32.3,1526.0,45.3,13.84,32.2,32.3,32.0,31.6,optimal,optimal,optimal,optimal,optimal,optimal,→ stable,→ stable,→ stable,100.0,✅ EXCELLENT,False,NONE,3.2,0.0,NONE
1779700279.963,82.8,90.3,32.4,1521.0,45.6,13.79,31.7,32.2,31.7,32.1,optimal,optimal,optimal,optimal,optimal,optimal,↑ increasing,→ stable,→ stable,100.0,✅ EXCELLENT,False,NONE,3.1,0.0,NONE
1779700280.964,80.4,89.9,32.1,1525.0,45.4,13.75,32.2,31.8,32.1,31.7,optimal,optimal,optimal,optimal,optimal,optimal,↑ increasing,→ stable,→ stable,100.0,✅ EXCELLENT,False,NONE,3.3,0.0,NONE
1779700281.965,81.5,89.8,32.0,1491.0,45.4,13.77,31.9,31.6,31.9,31.6,optimal,optimal,optimal,optimal,optimal,optimal,↑ increasing,→ stable,→ stable,100.0,✅ EXCELLENT,False,NONE,3.5,0.0,NONE
1779700282.966,78.6,88.7,31.8,1522.0,45.3,13.8,31.6,31.9,32.0,32.3,optimal,optimal,optimal,optimal,optimal,optimal,↑ increasing,→ stable,→ stable,100.0,✅ EXCELLENT,False,NONE,3.6,0.8,NONE
1779700283.967,81.7,88.7,32.2,1482.0,45.4,13.76,32.0,32.3,32.4,32.0,optimal,optimal,optimal,optimal,optimal,optimal,↑ increasing,→ stable,→ stable,100.0,✅ EXCELLENT,False,NONE,3.3,0.8,NONE
1779700284.967,79.1,89.6,32.2,1537.0,45.3,13.79,32.2,32.4,31.7,32.2,optimal,optimal,optimal,optimal,optimal,optimal,↑ increasing,↓ decreasing,→ stable,100.0,✅ EXCELLENT,False,NONE,3.2,0.1,NONE
1779700285.968,80.3,90.3,32.0,1480.0,45.1,13.84,31.8,32.2,31.8,32.1,optimal,optimal,optimal,optimal,optimal,optimal,↑ increasing,→ stable,→ stable,100.0,✅ EXCELLENT,False,NONE,3.4,0.0,NONE
1779700286.969,79.3,90.2,32.1,1478.0,45.2,13.78,31.6,32.2,32.2,32.1,optimal,optimal,optimal,optimal,optimal,optimal,↑ increasing,→ stable,→ stable,100.0,✅ EXCELLENT,False,NONE,3.3,0.0,NONE
1779700287.97,78.6,90.3,32.1,1454.0,44.5,13.78,32.2,32.2,32.3,32.0,optimal,optimal,optimal,optimal,optimal,optimal,↑ increasing,→ stable,→ stable,100.0,✅ EXCELLENT,False,NONE,3.3,0.0,NONE
1779700288.971,77.3,88.8,31.8,1535.0,44.4,13.82,31.7,32.4,32.2,32.3,optimal,optimal,optimal,optimal,optimal,optimal,→ stable,→ stable,→ stable,100.0,✅ EXCELLENT,False,NONE,3.5,0.7,NONE
1779700289.972,81.5,88.6,31.8,1532.0,44.1,13.76,31.8,31.8,32.4,31.9,optimal,optimal,optimal,optimal,optimal,optimal,→ stable,→ stable,→ stable,100.0,✅ EXCELLENT,False,NONE,3.7,1.0,NONE
1779700290.973,78.8,91.2,32.2,1500.0,45.0,13.77,32.2,31.6,32.1,32.0,optimal,optimal,optimal,optimal,optimal,optimal,↓ decreasing,→ stable,→ stable,100.0,✅ EXCELLENT,False,NONE,3.2,0.0,NONE
1779700291.974,82.7,90.2,32.1,1462.0,45.3,13.8,31.7,32.4,31.9,32.3,optimal,optimal,optimal,optimal,optimal,optimal,↓ decreasing,→ stable,→ stable,100.0,✅ EXCELLENT,False,NONE,3.4,0.0,NONE
1779700292.974,80.1,89.9,32.1,1482.0,45.2,13.84,31.7,31.7,32.2,32.2,optimal,optimal,optimal,optimal,optimal,optimal,↓ decreasing,→ stable,→ stable,100.0,✅ EXCELLENT,False,NONE,3.3,0.0,NONE
1779700293.974,77.8,89.9,32.4,1468.0,44.4,13.75,32.0,32.4,32.0,32.2,optimal,optimal,optimal,optimal,optimal,optimal,↓ decreasing,→ stable,→ stable,100.0,✅ EXCELLENT,False,NONE,2.9,0.0,NONE
1779700294.975,77.7,89.6,31.9,1521.0,45.7,13.75,31.7,31.9,32.3,31.7,optimal,optimal,optimal,optimal,optimal,optimal,↓ decreasing,→ stable,→ stable,100.0,✅ EXCELLENT,False,NONE,3.4,0.1,NONE
1779700295.976,78.9,89.1,31.9,1470.0,45.6,13.84,31.9,32.3,31.8,32.2,optimal,optimal,optimal,optimal,optimal,optimal,↓ decreasing,→ stable,→ stable,100.0,✅ EXCELLENT,False,NONE,3.5,0.4,NONE
1779700296.977,79.6,89.6,32.4,1462.0,44.3,13.8,32.2,31.7,31.7,32.2,optimal,optimal,optimal,optimal,optimal,optimal,↓ decreasing,→ stable,→ stable,100.0,✅ EXCELLENT,False,NONE,3.0,0.1,NONE
1779700297.977,81.5,90.1,31.9,1451.0,44.1,13.77,32.1,31.9,32.1,31.7,optimal,optimal,optimal,optimal,optimal,optimal,↓ decreasing,→ stable,→ stable,100.0,✅ EXCELLENT,False,NONE,3.6,0.0,NONE
1779700298.979,77.2,89.6,31.9,1504.0,44.5,13.8,32.2,31.9,32.0,31.9,optimal,optimal,optimal,optimal,optimal,optimal,→ stable,→ stable,→ stable,100.0,✅ EXCELLENT,False,NONE,3.4,0.1,NONE
1779700299.98,78.3,90.2,32.3,1452.0,45.8,13.85,31.6,32.1,32.4,32.1,optimal,optimal,optimal,optimal,optimal,optimal,↓ decreasing,→ stable,→ stable,100.0,✅ EXCELLENT,False,NONE,3.0,0.0,NONE
1779700300.981,80.8,91.2,32.0,1545.0,44.8,13.8,31.9,31.6,32.2,32.0,optimal,optimal,optimal,optimal,optimal,optimal,→ stable,→ stable,→ stable,100.0,✅ EXCELLENT,False,NONE,3.5,0.0,NONE
1779700301.982,81.9,89.3,31.7,1525.0,45.8,13.76,31.8,31.7,32.1,31.9,optimal,optimal,optimal,optimal,optimal,optimal,→ stable,→ stable,→ stable,100.0,✅ EXCELLENT,False,NONE,3.9,0.2,NONE
1779700302.982,80.4,91.3,32.1,1534.0,44.2,13.76,31.7,31.9,32.1,32.0,optimal,optimal,optimal,optimal,optimal,optimal,↓ decreasing,→ stable,→ stable,100.0,✅ EXCELLENT,False,NONE,3.3,0.0,NONE
1779700303.984,80.8,90.4,31.8,1501.0,45.6,13.77,31.9,31.7,32.4,31.7,optimal,optimal,optimal,optimal,optimal,optimal,→ stable,→ stable,→ stable,100.0,✅ EXCELLENT,False,NONE,3.7,0.0,NONE
1779700304.985,82.3,90.8,32.1,1534.0,44.2,13.76,32.4,31.6,32.2,31.9,optimal,optimal,optimal,optimal,optimal,optimal,↑ increasing,→ stable,→ stable,100.0,✅ EXCELLENT,False,NONE,3.4,0.0,NONE
1779700305.985,82.2,89.6,32.3,1479.0,45.0,13.83,31.9,32.2,32.1,31.8,optimal,optimal,optimal,optimal,optimal,optimal,↑ increasing,→ stable,→ stable,100.0,✅ EXCELLENT,False,NONE,3.2,0.1,NONE
1779700306.986,78.1,91.4,32.2,1459.0,44.5,13.78,32.2,32.0,31.7,32.3,optimal,optimal,optimal,optimal,optimal,optimal,↑ increasing,↑ increasing,→ stable,100.0,✅ EXCELLENT,False,NONE,3.1,0.0,NONE
1779700307.986,79.1,91.0,32.2,1481.0,44.4,13.75,31.6,32.1,31.8,32.2,optimal,optimal,optimal,optimal,optimal,optimal,↑ increasing,↑ increasing,→ stable,100.0,✅ EXCELLENT,False,NONE,3.2,0.0,NONE
1779700308.987,78.4,91.3,31.8,1539.0,45.9,13.77,31.8,32.2,32.0,31.7,optimal,optimal,optimal,optimal,optimal,optimal,↑ increasing,↑ increasing,→ stable,100.0,✅ EXCELLENT,False,NONE,3.6,0.0,NONE
1779700309.987,82.0,89.7,32.0,1519.0,45.5,13.8,31.8,31.6,32.4,32.4,optimal,optimal,optimal,optimal,optimal,optimal,↑ increasing,↑ increasing,→ stable,100.0,✅ EXCELLENT,False,NONE,3.5,0.0,NONE
1779700310.987,78.9,89.6,32.0,1493.0,45.6,13.83,32.2,32.2,32.2,32.3,optimal,optimal,optimal,optimal,optimal,optimal,↑ increasing,→ stable,→ stable,100.0,✅ EXCELLENT,False,NONE,3.4,0.1,NONE
1779700311.988,82.8,89.1,31.7,1491.0,44.6,13.83,31.8,32.3,32.4,32.1,optimal,optimal,optimal,optimal,optimal,optimal,↑ increasing,↑ increasing,→ stable,100.0,✅ EXCELLENT,False,NONE,3.9,0.4,NONE
1779700312.988,81.0,91.2,31.9,1476.0,44.3,13.81,32.0,32.4,31.9,31.9,optimal,optimal,optimal,optimal,optimal,optimal,↑ increasing,→ stable,→ stable,100.0,✅ EXCELLENT,False,NONE,3.6,0.0,NONE
1779700313.989,81.8,90.8,32.1,1532.0,44.7,13.83,32.1,32.3,32.0,32.1,optimal,optimal,optimal,optimal,optimal,optimal,↑ increasing,→ stable,→ stable,100.0,✅ EXCELLENT,False,NONE,3.4,0.0,NONE
1779700314.99,80.5,88.9,31.7,1516.0,44.6,13.77,31.6,31.7,31.6,32.3,optimal,optimal,optimal,optimal,optimal,optimal,→ stable,→ stable,→ stable,100.0,✅ EXCELLENT,False,NONE,3.8,0.6,NONE
1779700315.991,77.6,90.6,31.7,1459.0,45.0,13.85,31.9,31.8,31.9,31.6,optimal,optimal,optimal,optimal,optimal,optimal,→ stable,→ stable,→ stable,100.0,✅ EXCELLENT,False,NONE,3.7,0.0,NONE
1779700316.991,82.2,91.0,32.0,1480.0,44.7,13.77,32.2,32.0,32.3,32.2,optimal,optimal,optimal,optimal,optimal,optimal,→ stable,→ stable,→ stable,100.0,✅ EXCELLENT,False,NONE,3.5,0.0,NONE
1779700317.991,82.2,91.3,32.4,1489.0,44.1,13.76,32.2,31.7,32.0,32.1,optimal,optimal,optimal,optimal,optimal,optimal,↑ increasing,→ stable,→ stable,100.0,✅ EXCELLENT,False,NONE,3.1,0.0,NONE
1779700318.992,82.3,90.4,31.8,1472.0,45.6,13.76,32.4,31.7,32.0,31.6,optimal,optimal,optimal,optimal,optimal,optimal,↑ increasing,→ stable,→ stable,100.0,✅ EXCELLENT,False,NONE,3.8,0.0,NONE
1779700319.993,81.8,91.4,32.3,1542.0,44.4,13.8,32.2,32.0,31.7,32.1,optimal,optimal,optimal,optimal,optimal,optimal,↑ increasing,→ stable,→ stable,100.0,✅ EXCELLENT,False,NONE,3.2,0.0,NONE
1779700320.994,83.0,91.3,32.3,1492.0,45.2,13.77,31.7,32.0,32.3,31.7,optimal,optimal,optimal,optimal,optimal,optimal,↑ increasing,→ stable,→ stable,100.0,✅ EXCELLENT,False,NONE,3.2,0.0,NONE
1779700321.995,79.4,89.5,32.1,1538.0,45.5,13.77,31.7,31.6,32.3,31.8,optimal,optimal,optimal,optimal,optimal,optimal,↑ increasing,→ stable,→ stable,100.0,✅ EXCELLENT,False,NONE,3.3,0.1,NONE
1779700322.996,81.2,91.3,31.9,1499.0,44.1,13.78,32.3,32.1,32.3,32.3,optimal,optimal,optimal,optimal,optimal,optimal,↑ increasing,→ stable,→ stable,100.0,✅ EXCELLENT,False,NONE,3.6,0.0,NONE
1779700323.997,78.6,88.6,32.3,1529.0,45.1,13.8,31.8,31.8,32.0,31.6,optimal,optimal,optimal,optimal,optimal,optimal,→ stable,→ stable,→ stable,100.0,✅ EXCELLENT,False,NONE,3.0,1.0,NONE
1779700324.998,80.7,91.2,32.2,1502.0,45.2,13.77,32.0,31.9,31.6,32.3,optimal,optimal,optimal,optimal,optimal,optimal,→ stable,→ stable,→ stable,100.0,✅ EXCELLENT,False,NONE,3.2,0.0,NONE
1779700325.999,77.7,91.0,31.8,1497.0,45.0,13.76,32.1,31.8,32.2,32.0,optimal,optimal,optimal,optimal,optimal,optimal,↑ increasing,→ stable,→ stable,100.0,✅ EXCELLENT,False,NONE,3.6,0.0,NONE
1779700327.0,78.0,90.5,32.1,1509.0,44.2,13.76,31.7,32.2,32.2,32.3,optimal,optimal,optimal,optimal,optimal,optimal,→ stable,→ stable,→ stable,100.0,✅ EXCELLENT,False,NONE,3.2,0.0,NONE
1779700328.001,82.1,91.0,31.8,1489.0,45.2,13.82,32.1,32.1,32.2,31.9,optimal,optimal,optimal,optimal,optimal,optimal,→ stable,→ stable,→ stable,100.0,✅ EXCELLENT,False,NONE,3.8,0.0,NONE
1779700329.002,79.7,89.7,32.1,1501.0,44.1,13.81,32.2,32.3,31.9,31.9,optimal,optimal,optimal,optimal,optimal,optimal,↓ decreasing,→ stable,→ stable,100.0,✅ EXCELLENT,False,NONE,3.3,0.0,NONE
1779700330.002,79.1,89.1,32.3,1460.0,45.5,13.84,32.2,31.8,31.8,32.0,optimal,optimal,optimal,optimal,optimal,optimal,↓ decreasing,→ stable,→ stable,100.0,✅ EXCELLENT,False,NONE,3.1,0.4,NONE
1779700331.003,80.8,90.9,32.4,1505.0,46.0,13.82,31.7,31.9,31.7,31.8,optimal,optimal,optimal,optimal,optimal,optimal,↓ decreasing,→ stable,→ stable,100.0,✅ EXCELLENT,False,NONE,3.0,0.0,NONE
1779700332.004,78.6,91.4,31.9,1471.0,44.8,13.81,32.2,31.7,32.4,32.3,optimal,optimal,optimal,optimal,optimal,optimal,↓ decreasing,→ stable,→ stable,100.0,✅ EXCELLENT,False,NONE,3.5,0.0,NONE
1779700333.005,79.4,90.6,31.8,1536.0,44.1,13.85,31.7,32.2,32.0,31.9,optimal,optimal,optimal,optimal,optimal,optimal,↓ decreasing,→ stable,→ stable,100.0,✅ EXCELLENT,False,NONE,3.6,0.0,NONE
1779700334.006,80.3,90.4,31.9,1468.0,45.8,13.85,31.9,31.8,32.2,31.6,optimal,optimal,optimal,optimal,optimal,optimal,↓ decreasing,→ stable,→ stable,100.0,✅ EXCELLENT,False,NONE,3.6,0.0,NONE
1779700335.007,82.6,88.5,31.8,1484.0,44.5,13.81,32.0,32.2,32.1,32.4,optimal,optimal,optimal,optimal,optimal,optimal,↓ decreasing,→ stable,→ stable,100.0,✅ EXCELLENT,False,NONE,3.8,1.1,NONE
1779700336.008,79.4,89.1,31.8,1460.0,45.7,13.76,31.7,31.7,32.4,32.0,optimal,optimal,optimal,optimal,optimal,optimal,↓ decreasing,↓ decreasing,→ stable,100.0,✅ EXCELLENT,False,NONE,3.6,0.4,NONE
1779700337.009,80.2,89.2,32.2,1458.0,44.1,13.78,31.9,32.3,31.8,32.0,optimal,optimal,optimal,optimal,optimal,optimal,→ stable,↓ decreasing,→ stable,100.0,✅ EXCELLENT,False,NONE,3.2,0.3,NONE
1779700338.01,77.2,91.3,32.2,1526.0,44.3,13.76,31.8,31.8,32.2,32.2,optimal,optimal,optimal,optimal,optimal,optimal,↓ decreasing,↓ decreasing,→ stable,100.0,✅ EXCELLENT,False,NONE,3.1,0.0,NONE
1779700339.01,81.3,90.9,32.2,1486.0,44.6,13.83,32.2,32.2,32.2,32.1,optimal,optimal,optimal,optimal,optimal,optimal,→ stable,→ stable,→ stable,100.0,✅ EXCELLENT,False,NONE,3.3,0.0,NONE
1779700340.011,77.3,90.3,31.9,1527.0,45.7,13.84,32.4,32.1,31.8,32.2,optimal,optimal,optimal,optimal,optimal,optimal,→ stable,→ stable,→ stable,100.0,✅ EXCELLENT,False,NONE,3.4,0.0,NONE
1779700341.012,81.4,91.4,32.3,1525.0,44.8,13.79,32.0,32.0,31.8,31.7,optimal,optimal,optimal,optimal,optimal,optimal,→ stable,→ stable,→ stable,100.0,✅ EXCELLENT,False,NONE,3.1,0.0,NONE
1779700342.014,77.6,91.1,32.0,1510.0,44.5,13.83,32.4,32.1,31.6,31.9,optimal,optimal,optimal,optimal,optimal,optimal,→ stable,→ stable,→ stable,100.0,✅ EXCELLENT,False,NONE,3.3,0.0,NONE
1779700343.015,78.5,89.7,32.2,1488.0,45.1,13.84,31.9,32.0,32.4,31.9,optimal,optimal,optimal,optimal,optimal,optimal,→ stable,→ stable,→ stable,100.0,✅ EXCELLENT,False,NONE,3.1,0.0,NONE
1779700344.016,80.7,88.6,32.3,1525.0,44.8,13.82,31.9,31.7,31.9,32.0,optimal,optimal,optimal,optimal,optimal,optimal,→ stable,↓ decreasing,→ stable,100.0,✅ EXCELLENT,False,NONE,3.1,1.0,NONE
1779700345.017,78.3,89.7,31.7,1531.0,44.8,13.78,32.3,31.9,31.9,31.9,optimal,optimal,optimal,optimal,optimal,optimal,↓ decreasing,→ stable,→ stable,100.0,✅ EXCELLENT,False,NONE,3.7,0.0,NONE
1779700346.017,78.6,91.0,31.7,1489.0,44.9,13.75,31.7,32.3,31.7,31.7,optimal,optimal,optimal,optimal,optimal,optimal,↓ decreasing,→ stable,→ stable,100.0,✅ EXCELLENT,False,NONE,3.7,0.0,NONE
1779700347.018,82.8,88.9,32.3,1452.0,45.9,13.84,31.8,31.7,31.9,32.4,optimal,optimal,optimal,optimal,optimal,optimal,↓ decreasing,→ stable,→ stable,100.0,✅ EXCELLENT,False,NONE,3.2,0.6,NONE
1779700348.019,77.8,89.6,31.6,1525.0,44.5,13.82,32.0,32.2,31.9,31.9,optimal,optimal,optimal,optimal,optimal,optimal,→ stable,→ stable,→ stable,100.0,✅ EXCELLENT,False,NONE,3.8,0.1,NONE
1779700349.019,77.3,91.0,31.6,1489.0,44.4,13.79,32.2,32.4,32.0,32.1,optimal,optimal,optimal,optimal,optimal,optimal,↓ decreasing,→ stable,→ stable,100.0,✅ EXCELLENT,False,NONE,3.8,0.0,NONE
1779700350.02,82.5,90.2,32.3,1452.0,45.0,13.81,32.4,31.7,31.8,32.4,optimal,optimal,optimal,optimal,optimal,optimal,→ stable,→ stable,→ stable,100.0,✅ EXCELLENT,False,NONE,3.2,0.0,NONE
1779700351.021,82.7,89.3,31.8,1480.0,44.6,13.77,32.2,31.7,31.9,31.9,optimal,optimal,optimal,optimal,optimal,optimal,→ stable,→ stable,→ stable,100.0,✅ EXCELLENT,False,NONE,3.8,0.2,NONE
1779700352.022,79.7,90.2,31.8,1452.0,45.6,13.75,32.1,32.0,32.4,31.9,optimal,optimal,optimal,optimal,optimal,optimal,→ stable,→ stable,→ stable,100.0,✅ EXCELLENT,False,NONE,3.6,0.0,NONE
1779700353.023,81.4,89.6,31.7,1533.0,44.9,13.84,32.4,32.3,31.8,32.3,optimal,optimal,optimal,optimal,optimal,optimal,↑ increasing,→ stable,→ stable,100.0,✅ EXCELLENT,False,NONE,3.8,0.1,NONE
1779700354.024,80.8,90.8,31.6,1515.0,44.5,13.77,31.7,32.0,32.4,31.8,optimal,optimal,optimal,optimal,optimal,optimal,↑ increasing,→ stable,→ stable,100.0,✅ EXCELLENT,False,NONE,3.9,0.0,NONE
1779700355.024,77.8,88.6,32.2,1475.0,44.6,13.75,31.8,31.8,32.4,31.9,optimal,optimal,optimal,optimal,optimal,optimal,↑ increasing,→ stable,→ stable,100.0,✅ EXCELLENT,False,NONE,3.1,1.0,NONE
1779700356.025,80.4,90.7,31.7,1471.0,45.8,13.8,31.8,31.8,31.7,32.2,optimal,optimal,optimal,optimal,optimal,optimal,↑ increasing,→ stable,→ stable,100.0,✅ EXCELLENT,False,NONE,3.8,0.0,NONE
1779700357.026,79.9,89.9,31.7,1501.0,45.5,13.76,31.7,32.3,32.2,31.6,optimal,optimal,optimal,optimal,optimal,optimal,↑ increasing,→ stable,→ stable,100.0,✅ EXCELLENT,False,NONE,3.8,0.0,NONE
1779700358.026,78.6,88.9,31.8,1488.0,45.8,13.84,32.2,32.1,32.1,32.2,optimal,optimal,optimal,optimal,optimal,optimal,↑ increasing,→ stable,→ stable,100.0,✅ EXCELLENT,False,NONE,3.6,0.6,NONE
1779700359.028,77.4,90.0,31.9,1527.0,45.2,13.78,32.4,32.3,31.8,32.2,optimal,optimal,optimal,optimal,optimal,optimal,↑ increasing,→ stable,→ stable,100.0,✅ EXCELLENT,False,NONE,3.4,0.0,NONE
1779700360.029,81.3,91.1,32.1,1511.0,45.6,13.84,31.7,32.2,31.8,32.3,optimal,optimal,optimal,optimal,optimal,optimal,→ stable,→ stable,→ stable,100.0,✅ EXCELLENT,False,NONE,3.4,0.0,NONE
1779700361.03,81.3,90.8,32.1,1518.0,44.6,13.82,32.0,32.1,31.7,31.9,optimal,optimal,optimal,optimal,optimal,optimal,→ stable,→ stable,→ stable,100.0,✅ EXCELLENT,False,NONE,3.4,0.0,NONE
1779700362.031,77.4,90.0,31.9,1487.0,46.0,13.8,32.2,32.2,31.6,32.0,optimal,optimal,optimal,optimal,optimal,optimal,→ stable,→ stable,→ stable,100.0,✅ EXCELLENT,False,NONE,3.4,0.0,NONE
1779700363.032,82.0,89.2,32.2,1465.0,45.3,13.84,31.8,31.7,31.9,32.2,optimal,optimal,optimal,optimal,optimal,optimal,→ stable,→ stable,→ stable,100.0,✅ EXCELLENT,False,NONE,3.3,0.3,NONE
1779700364.034,79.9,90.0,32.2,1484.0,45.0,13.8,32.0,32.1,32.0,31.6,optimal,optimal,optimal,optimal,optimal,optimal,↓ decreasing,→ stable,→ stable,100.0,✅ EXCELLENT,False,NONE,3.2,0.0,NONE
1779700365.035,77.7,89.4,32.1,1487.0,44.7,13.79,32.1,32.0,32.3,31.8,optimal,optimal,optimal,optimal,optimal,optimal,↓ decreasing,→ stable,→ stable,100.0,✅ EXCELLENT,False,NONE,3.2,0.2,NONE
1779700366.036,78.5,89.1,32.2,1530.0,45.8,13.81,31.8,32.1,31.9,31.7,optimal,optimal,optimal,optimal,optimal,optimal,↓ decreasing,→ stable,→ stable,100.0,✅ EXCELLENT,False,NONE,3.1,0.4,NONE
1779700367.037,77.2,90.6,32.1,1467.0,45.1,13.83,32.0,32.1,32.1,31.7,optimal,optimal,optimal,optimal,optimal,optimal,↓ decreasing,→ stable,→ stable,100.0,✅ EXCELLENT,False,NONE,3.2,0.0,NONE
1779700368.038,79.4,91.3,31.9,1489.0,44.9,13.77,32.2,32.1,31.6,31.9,optimal,optimal,optimal,optimal,optimal,optimal,↓ decreasing,→ stable,→ stable,100.0,✅ EXCELLENT,False,NONE,3.5,0.0,NONE
1779700369.038,78.6,90.5,32.3,1542.0,45.0,13.83,31.6,32.4,31.8,32.3,optimal,optimal,optimal,optimal,optimal,optimal,↓ decreasing,→ stable,→ stable,100.0,✅ EXCELLENT,False,NONE,3.0,0.0,NONE
1779700370.039,81.3,89.6,32.3,1535.0,44.2,13.79,32.2,32.2,32.1,32.3,optimal,optimal,optimal,optimal,optimal,optimal,↓ decreasing,→ stable,→ stable,100.0,✅ EXCELLENT,False,NONE,3.1,0.1,NONE
1779700371.039,79.8,91.3,32.0,1499.0,45.2,13.84,32.3,31.7,31.7,31.7,optimal,optimal,optimal,optimal,optimal,optimal,↓ decreasing,→ stable,→ stable,100.0,✅ EXCELLENT,False,NONE,3.4,0.0,NONE
1779700372.04,80.2,88.7,31.9,1504.0,44.0,13.79,32.0,31.7,32.1,32.1,optimal,optimal,optimal,optimal,optimal,optimal,→ stable,→ stable,→ stable,100.0,✅ EXCELLENT,False,NONE,3.6,0.8,NONE
1779700373.042,80.3,88.8,32.0,1499.0,44.9,13.83,31.9,32.3,32.2,32.1,optimal,optimal,optimal,optimal,optimal,optimal,→ stable,→ stable,→ stable,100.0,✅ EXCELLENT,False,NONE,3.4,0.7,NONE
1779700374.042,82.0,89.4,32.3,1475.0,44.8,13.79,32.3,32.1,32.0,31.9,optimal,optimal,optimal,optimal,optimal,optimal,→ stable,→ stable,→ stable,100.0,✅ EXCELLENT,False,NONE,3.2,0.2,NONE
1779700375.043,78.2,88.6,31.7,1518.0,45.7,13.77,31.8,31.8,32.0,31.6,optimal,optimal,optimal,optimal,optimal,optimal,→ stable,→ stable,→ stable,100.0,✅ EXCELLENT,False,NONE,3.7,1.0,NONE
1779700376.043,78.5,91.3,32.2,1517.0,44.9,13.77,32.3,32.1,31.9,32.0,optimal,optimal,optimal,optimal,optimal,optimal,→ stable,→ stable,→ stable,100.0,✅ EXCELLENT,False,NONE,3.1,0.0,NONE
1779700377.044,82.3,89.6,31.7,1537.0,44.1,13.84,32.1,32.2,32.2,32.2,optimal,optimal,optimal,optimal,optimal,optimal,↑ increasing,→ stable,→ stable,100.0,✅ EXCELLENT,False,NONE,3.9,0.1,NONE
1779700378.045,82.8,89.6,31.9,1531.0,46.0,13.78,31.8,32.3,31.7,31.9,optimal,optimal,optimal,optimal,optimal,optimal,↑ increasing,→ stable,→ stable,100.0,✅ EXCELLENT,False,NONE,3.7,0.1,NONE
1779700379.046,80.4,90.9,32.1,1471.0,45.6,13.83,32.4,32.2,31.8,31.9,optimal,optimal,optimal,optimal,optimal,optimal,↑ increasing,→ stable,→ stable,100.0,✅ EXCELLENT,False,NONE,3.3,0.0,NONE
1779700380.047,80.9,88.8,32.1,1477.0,44.5,13.75,31.7,31.8,32.2,32.3,optimal,optimal,optimal,optimal,optimal,optimal,↑ increasing,→ stable,→ stable,100.0,✅ EXCELLENT,False,NONE,3.4,0.7,NONE
1779700381.048,79.5,89.4,31.7,1529.0,44.8,13.81,32.0,32.1,31.9,32.3,optimal,optimal,optimal,optimal,optimal,optimal,↑ increasing,↓ decreasing,→ stable,100.0,✅ EXCELLENT,False,NONE,3.7,0.2,NONE
1779700382.049,80.1,90.7,32.1,1503.0,45.5,13.77,32.1,31.7,31.6,31.8,optimal,optimal,optimal,optimal,optimal,optimal,↑ increasing,→ stable,→ stable,100.0,✅ EXCELLENT,False,NONE,3.3,0.0,NONE
1779700383.05,79.9,89.4,32.4,1454.0,44.2,13.79,32.2,32.2,32.1,31.8,optimal,optimal,optimal,optimal,optimal,optimal,↑ increasing,→ stable,→ stable,100.0,✅ EXCELLENT,False,NONE,3.0,0.2,NONE
1779700384.051,80.0,90.6,31.9,1471.0,45.4,13.81,32.0,31.7,32.3,31.6,optimal,optimal,optimal,optimal,optimal,optimal,↑ increasing,→ stable,→ stable,100.0,✅ EXCELLENT,False,NONE,3.5,0.0,NONE
1779700385.052,78.3,90.9,31.9,1494.0,45.9,13.84,31.8,32.1,32.0,32.0,optimal,optimal,optimal,optimal,optimal,optimal,↑ increasing,→ stable,→ stable,100.0,✅ EXCELLENT,False,NONE,3.5,0.0,NONE
1779700386.052,80.7,90.0,32.1,1500.0,45.0,13.79,32.3,32.3,31.8,31.7,optimal,optimal,optimal,optimal,optimal,optimal,↑ increasing,→ stable,→ stable,100.0,✅ EXCELLENT,False,NONE,3.3,0.0,NONE
1779700387.053,78.8,89.0,31.9,1464.0,45.1,13.81,32.2,31.8,31.9,31.6,optimal,optimal,optimal,optimal,optimal,optimal,→ stable,→ stable,→ stable,100.0,✅ EXCELLENT,False,NONE,3.5,0.5,NONE
1779700388.053,80.8,89.6,32.1,1494.0,45.4,13.83,31.6,31.8,32.1,32.2,optimal,optimal,optimal,optimal,optimal,optimal,→ stable,→ stable,→ stable,100.0,✅ EXCELLENT,False,NONE,3.3,0.1,NONE
1779700389.059,79.4,89.9,32.4,1482.0,45.2,13.79,32.3,31.8,32.3,32.1,optimal,optimal,optimal,optimal,optimal,optimal,↓ decreasing,→ stable,→ stable,100.0,✅ EXCELLENT,False,NONE,2.9,0.0,NONE
1779700390.06,82.4,90.9,32.1,1478.0,45.6,13.77,31.6,32.1,32.0,32.1,optimal,optimal,optimal,optimal,optimal,optimal,↓ decreasing,→ stable,→ stable,100.0,✅ EXCELLENT,False,NONE,3.4,0.0,NONE
1779700391.061,82.6,90.8,31.9,1541.0,44.4,13.81,32.0,32.1,31.9,31.8,optimal,optimal,optimal,optimal,optimal,optimal,→ stable,↑ increasing,→ stable,100.0,✅ EXCELLENT,False,NONE,3.7,0.0,NONE
1779700392.062,80.2,91.1,32.2,1492.0,44.5,13.84,31.8,31.6,32.1,31.8,optimal,optimal,optimal,optimal,optimal,optimal,→ stable,↑ increasing,→ stable,100.0,✅ EXCELLENT,False,NONE,3.2,0.0,NONE
1779700393.063,82.6,89.6,32.1,1483.0,45.2,13.78,31.7,32.4,31.8,32.0,optimal,optimal,optimal,optimal,optimal,optimal,→ stable,→ stable,→ stable,100.0,✅ EXCELLENT,False,NONE,3.4,0.1,NONE
1779700394.064,81.5,89.4,32.3,1457.0,44.9,13.82,31.7,32.2,31.8,31.6,optimal,optimal,optimal,optimal,optimal,optimal,→ stable,→ stable,→ stable,100.0,✅ EXCELLENT,False,NONE,3.1,0.2,NONE
1779700395.065,82.2,88.5,31.8,1541.0,44.7,13.76,32.0,32.4,32.1,32.1,optimal,optimal,optimal,optimal,optimal,optimal,↑ increasing,→ stable,→ stable,100.0,✅ EXCELLENT,False,NONE,3.8,1.1,NONE
1779700396.066,79.8,91.3,32.2,1480.0,45.6,13.76,31.7,31.8,31.6,32.2,optimal,optimal,optimal,optimal,optimal,optimal,↑ increasing,→ stable,→ stable,100.0,✅ EXCELLENT,False,NONE,3.2,0.0,NONE
1779700397.067,79.4,90.9,31.7,1516.0,45.3,13.8,32.2,31.9,32.0,32.0,optimal,optimal,optimal,optimal,optimal,optimal,↑ increasing,→ stable,→ stable,100.0,✅ EXCELLENT,False,NONE,3.7,0.0,NONE
1779700398.067,81.3,90.3,31.7,1517.0,44.3,13.77,31.8,32.4,32.2,32.3,optimal,optimal,optimal,optimal,optimal,optimal,↑ increasing,→ stable,→ stable,100.0,✅ EXCELLENT,False,NONE,3.8,0.0,NONE
1779700399.069,82.2,89.5,31.7,1473.0,45.7,13.84,31.7,31.7,31.7,32.3,optimal,optimal,optimal,optimal,optimal,optimal,↑ increasing,→ stable,→ stable,100.0,✅ EXCELLENT,False,NONE,3.9,0.1,NONE
1779700400.07,78.8,90.3,32.0,1505.0,44.2,13.82,31.9,31.9,31.6,32.1,optimal,optimal,optimal,optimal,optimal,optimal,↑ increasing,→ stable,→ stable,100.0,✅ EXCELLENT,False,NONE,3.4,0.0,NONE
1779700401.071,80.4,89.3,32.2,1520.0,44.6,13.84,32.4,32.4,31.8,31.7,optimal,optimal,optimal,optimal,optimal,optimal,↑ increasing,→ stable,→ stable,100.0,✅ EXCELLENT,False,NONE,3.2,0.2,NONE
1779700402.072,81.4,90.5,32.0,1484.0,45.3,13.85,31.9,32.1,32.0,32.2,optimal,optimal,optimal,optimal,optimal,optimal,↑ increasing,→ stable,→ stable,100.0,✅ EXCELLENT,False,NONE,3.5,0.0,NONE
1779700403.072,81.9,89.5,31.9,1517.0,45.1,13.75,32.1,32.2,32.3,31.6,optimal,optimal,optimal,optimal,optimal,optimal,→ stable,→ stable,→ stable,100.0,✅ EXCELLENT,False,NONE,3.6,0.1,NONE
1779700404.072,80.5,88.8,32.4,1516.0,44.9,13.84,32.3,32.2,31.7,31.8,optimal,optimal,optimal,optimal,optimal,optimal,→ stable,→ stable,→ stable,100.0,✅ EXCELLENT,False,NONE,3.0,0.7,NONE
1779700405.073,78.5,89.2,32.1,1465.0,44.8,13.84,32.0,32.2,31.9,31.8,optimal,optimal,optimal,optimal,optimal,optimal,↓ decreasing,→ stable,→ stable,100.0,✅ EXCELLENT,False,NONE,3.3,0.3,NONE
1779700406.073,80.6,90.7,32.1,1478.0,45.1,13.8,32.1,32.0,32.1,32.0,optimal,optimal,optimal,optimal,optimal,optimal,↓ decreasing,→ stable,→ stable,100.0,✅ EXCELLENT,False,NONE,3.3,0.0,NONE
1779700407.074,79.1,90.6,32.1,1506.0,46.0,13.84,32.4,32.0,32.2,32.0,optimal,optimal,optimal,optimal,optimal,optimal,↓ decreasing,→ stable,→ stable,100.0,✅ EXCELLENT,False,NONE,3.3,0.0,NONE
1779700408.074,82.5,91.0,32.1,1465.0,44.8,13.82,31.8,31.9,32.1,32.4,optimal,optimal,optimal,optimal,optimal,optimal,↓ decreasing,→ stable,→ stable,100.0,✅ EXCELLENT,False,NONE,3.4,0.0,NONE
1779700409.074,78.9,89.3,31.9,1478.0,44.7,13.75,32.0,32.3,31.7,31.8,optimal,optimal,optimal,optimal,optimal,optimal,↓ decreasing,→ stable,→ stable,100.0,✅ EXCELLENT,False,NONE,3.5,0.2,NONE
1779700410.075,81.7,90.8,32.3,1476.0,45.1,13.79,32.3,31.6,32.0,32.0,optimal,optimal,optimal,optimal,optimal,optimal,↓ decreasing,→ stable,→ stable,100.0,✅ EXCELLENT,False,NONE,3.2,0.0,NONE
1779700411.076,79.2,89.9,32.2,1464.0,44.6,13.81,31.9,32.2,31.9,32.3,optimal,optimal,optimal,optimal,optimal,optimal,→ stable,→ stable,→ stable,100.0,✅ EXCELLENT,False,NONE,3.2,0.0,NONE
1779700412.077,77.1,90.9,31.9,1539.0,44.9,13.78,32.1,31.9,31.7,32.0,optimal,optimal,optimal,optimal,optimal,optimal,↓ decreasing,→ stable,→ stable,100.0,✅ EXCELLENT,False,NONE,3.4,0.0,NONE
1779700413.078,79.2,90.1,32.0,1492.0,45.7,13.79,32.3,31.8,32.2,31.8,optimal,optimal,optimal,optimal,optimal,optimal,↓ decreasing,→ stable,→ stable,100.0,✅ EXCELLENT,False,NONE,3.4,0.0,NONE
1779700414.079,79.4,88.5,32.0,1523.0,45.9,13.77,32.2,32.1,32.0,32.0,optimal,optimal,optimal,optimal,optimal,optimal,↓ decreasing,→ stable,→ stable,100.0,✅ EXCELLENT,False,NONE,3.4,1.1,NONE
1779700415.079,81.2,91.3,32.2,1526.0,44.7,13.84,32.3,32.4,31.9,32.0,optimal,optimal,optimal,optimal,optimal,optimal,↓ decreasing,→ stable,→ stable,100.0,✅ EXCELLENT,False,NONE,3.2,0.0,NONE
1779700416.079,79.4,91.4,31.7,1482.0,45.3,13.82,31.8,32.0,31.8,32.3,optimal,optimal,optimal,optimal,optimal,optimal,↓ decreasing,→ stable,→ stable,100.0,✅ EXCELLENT,False,NONE,3.7,0.0,NONE
1779700417.08,80.0,90.6,32.1,1530.0,45.0,13.8,31.7,31.7,32.3,32.1,optimal,optimal,optimal,optimal,optimal,optimal,↓ decreasing,↑ increasing,→ stable,100.0,✅ EXCELLENT,False,NONE,3.3,0.0,NONE
1779700418.081,80.4,89.4,32.3,1475.0,45.5,13.77,32.1,32.0,31.6,31.7,optimal,optimal,optimal,optimal,optimal,optimal,↓ decreasing,→ stable,→ stable,100.0,✅ EXCELLENT,False,NONE,3.1,0.2,NONE
1779700419.082,77.8,90.6,32.3,1475.0,45.3,13.76,31.9,32.0,32.4,32.1,optimal,optimal,optimal,optimal,optimal,optimal,↓ decreasing,→ stable,→ stable,100.0,✅ EXCELLENT,False,NONE,3.0,0.0,NONE
1779700420.082,78.3,90.7,31.7,1524.0,45.4,13.79,31.9,31.8,31.6,32.1,optimal,optimal,optimal,optimal,optimal,optimal,↓ decreasing,→ stable,→ stable,100.0,✅ EXCELLENT,False,NONE,3.7,0.0,NONE
1779700421.082,82.3,89.5,32.2,1505.0,44.3,13.84,31.8,31.7,32.2,32.2,optimal,optimal,optimal,optimal,optimal,optimal,↓ decreasing,→ stable,→ stable,100.0,✅ EXCELLENT,False,NONE,3.3,0.1,NONE
1779700422.083,79.0,90.2,32.2,1490.0,44.6,13.76,32.0,32.3,32.1,32.3,optimal,optimal,optimal,optimal,optimal,optimal,→ stable,→ stable,→ stable,100.0,✅ EXCELLENT,False,NONE,3.2,0.0,NONE
1779700423.084,80.0,90.2,31.9,1452.0,45.5,13.76,32.1,32.2,32.1,31.9,optimal,optimal,optimal,optimal,optimal,optimal,→ stable,→ stable,→ stable,100.0,✅ EXCELLENT,False,NONE,3.5,0.0,NONE
1779700424.085,80.4,88.7,32.1,1502.0,45.5,13.82,32.3,31.8,32.3,32.2,optimal,optimal,optimal,optimal,optimal,optimal,→ stable,→ stable,→ stable,100.0,✅ EXCELLENT,False,NONE,3.3,0.8,NONE
1779700425.086,77.7,90.9,31.7,1541.0,45.3,13.82,32.3,32.2,31.6,32.4,optimal,optimal,optimal,optimal,optimal,optimal,→ stable,→ stable,→ stable,100.0,✅ EXCELLENT,False,NONE,3.7,0.0,NONE
1779700426.087,80.8,89.4,31.6,1548.0,45.7,13.78,31.7,32.3,32.2,32.1,optimal,optimal,optimal,optimal,optimal,optimal,→ stable,→ stable,→ stable,100.0,✅ EXCELLENT,False,NONE,3.9,0.2,NONE
1779700427.087,82.4,91.4,31.9,1517.0,45.6,13.77,32.3,32.1,32.4,32.0,optimal,optimal,optimal,optimal,optimal,optimal,→ stable,→ stable,→ stable,100.0,✅ EXCELLENT,False,NONE,3.6,0.0,NONE
1779700428.088,80.7,90.1,32.3,1501.0,44.4,13.8,32.2,32.0,31.8,32.2,optimal,optimal,optimal,optimal,optimal,optimal,→ stable,→ stable,→ stable,100.0,✅ EXCELLENT,False,NONE,3.1,0.0,NONE
1779700429.089,81.7,90.0,31.9,1513.0,44.3,13.78,32.3,31.8,32.2,32.1,optimal,optimal,optimal,optimal,optimal,optimal,↑ increasing,→ stable,→ stable,100.0,✅ EXCELLENT,False,NONE,3.6,0.0,NONE
1779700430.089,81.4,89.0,32.4,1513.0,44.8,13.77,32.3,31.6,31.9,32.3,optimal,optimal,optimal,optimal,optimal,optimal,↑ increasing,→ stable,→ stable,100.0,✅ EXCELLENT,False,NONE,3.0,0.5,NONE
1779700431.089,78.4,89.3,31.9,1516.0,45.1,13.85,31.6,31.7,31.9,31.9,optimal,optimal,optimal,optimal,optimal,optimal,↑ increasing,→ stable,→ stable,100.0,✅ EXCELLENT,False,NONE,3.5,0.2,NONE
1779700432.089,77.7,89.8,32.3,1534.0,44.1,13.77,31.9,31.8,32.2,32.1,optimal,optimal,optimal,optimal,optimal,optimal,→ stable,→ stable,→ stable,100.0,✅ EXCELLENT,False,NONE,3.0,0.0,NONE
1779700433.09,77.2,91.1,31.8,1521.0,45.2,13.78,31.6,31.8,32.2,31.8,optimal,optimal,optimal,optimal,optimal,optimal,→ stable,→ stable,→ stable,100.0,✅ EXCELLENT,False,NONE,3.5,0.0,NONE
1779700434.091,82.3,91.4,32.3,1494.0,45.7,13.79,32.4,32.2,32.0,32.3,optimal,optimal,optimal,optimal,optimal,optimal,→ stable,→ stable,→ stable,100.0,✅ EXCELLENT,False,NONE,3.2,0.0,NONE
1779700435.091,77.9,91.3,32.2,1535.0,45.2,13.78,32.2,32.3,32.2,32.0,optimal,optimal,optimal,optimal,optimal,optimal,↑ increasing,→ stable,→ stable,100.0,✅ EXCELLENT,False,NONE,3.1,0.0,NONE
1779700436.092,80.3,91.5,31.9,1458.0,44.6,13.77,31.8,32.0,31.7,32.0,optimal,optimal,optimal,optimal,optimal,optimal,→ stable,→ stable,→ stable,100.0,✅ EXCELLENT,False,NONE,3.6,0.0,NONE
1779700437.093,80.1,90.0,32.2,1471.0,45.3,13.8,32.3,31.6,32.2,32.4,optimal,optimal,optimal,optimal,optimal,optimal,→ stable,→ stable,→ stable,100.0,✅ EXCELLENT,False,NONE,3.2,0.0,NONE
1779700438.093,82.3,89.6,32.0,1521.0,45.8,13.83,31.6,31.9,31.9,32.0,optimal,optimal,optimal,optimal,optimal,optimal,→ stable,→ stable,→ stable,100.0,✅ EXCELLENT,False,NONE,3.5,0.1,NONE
1779700439.094,79.5,90.5,32.2,1498.0,44.4,13.84,32.0,31.8,32.1,31.6,optimal,optimal,optimal,optimal,optimal,optimal,↓ decreasing,→ stable,→ stable,100.0,✅ EXCELLENT,False,NONE,3.2,0.0,NONE
1779700440.095,82.6,89.4,32.4,1497.0,44.8,13.78,32.0,31.8,32.3,32.1,optimal,optimal,optimal,optimal,optimal,optimal,↓ decreasing,→ stable,→ stable,100.0,✅ EXCELLENT,False,NONE,3.1,0.2,NONE
1779700441.096,77.2,89.6,32.3,1503.0,44.2,13.79,31.8,32.2,31.6,32.1,optimal,optimal,optimal,optimal,optimal,optimal,↓ decreasing,→ stable,→ stable,100.0,✅ EXCELLENT,False,NONE,3.0,0.1,NONE
1779700442.097,79.3,89.2,31.9,1544.0,45.9,13.83,32.2,31.8,32.4,31.7,optimal,optimal,optimal,optimal,optimal,optimal,→ stable,→ stable,→ stable,100.0,✅ EXCELLENT,False,NONE,3.5,0.3,NONE
1779700443.098,78.4,90.9,32.1,1523.0,45.6,13.78,31.8,31.7,31.7,32.3,optimal,optimal,optimal,optimal,optimal,optimal,→ stable,→ stable,→ stable,100.0,✅ EXCELLENT,False,NONE,3.2,0.0,NONE
1779700444.099,77.7,90.1,31.7,1504.0,44.9,13.76,31.7,32.4,32.2,32.1,optimal,optimal,optimal,optimal,optimal,optimal,→ stable,→ stable,→ stable,100.0,✅ EXCELLENT,False,NONE,3.7,0.0,NONE
1779700445.1,82.3,88.9,32.2,1515.0,45.7,13.85,32.2,32.0,32.0,32.2,optimal,optimal,optimal,optimal,optimal,optimal,→ stable,→ stable,→ stable,100.0,✅ EXCELLENT,False,NONE,3.3,0.6,NONE
1779700446.101,81.6,91.0,32.1,1465.0,44.8,13.77,32.2,31.6,32.2,31.7,optimal,optimal,optimal,optimal,optimal,optimal,→ stable,↓ decreasing,→ stable,100.0,✅ EXCELLENT,False,NONE,3.4,0.0,NONE
1779700447.102,82.5,89.6,31.7,1531.0,44.7,13.82,31.7,32.2,32.1,31.9,optimal,optimal,optimal,optimal,optimal,optimal,↑ increasing,→ stable,→ stable,100.0,✅ EXCELLENT,False,NONE,3.9,0.1,NONE
1779700448.102,82.4,91.0,32.3,1466.0,44.3,13.82,32.0,32.3,32.3,31.8,optimal,optimal,optimal,optimal,optimal,optimal,→ stable,→ stable,→ stable,100.0,✅ EXCELLENT,False,NONE,3.2,0.0,NONE
1779700449.103,82.0,90.0,32.0,1488.0,45.2,13.77,32.4,32.0,31.7,32.3,optimal,optimal,optimal,optimal,optimal,optimal,↑ increasing,→ stable,→ stable,100.0,✅ EXCELLENT,False,NONE,3.5,0.0,NONE
1779700450.104,81.1,90.3,32.4,1469.0,45.2,13.79,31.9,31.9,32.3,32.2,optimal,optimal,optimal,optimal,optimal,optimal,↑ increasing,→ stable,→ stable,100.0,✅ EXCELLENT,False,NONE,3.0,0.0,NONE
1779700451.105,77.9,90.6,31.9,1498.0,44.0,13.81,31.8,32.0,31.7,31.9,optimal,optimal,optimal,optimal,optimal,optimal,↑ increasing,→ stable,→ stable,100.0,✅ EXCELLENT,False,NONE,3.4,0.0,NONE
1779700452.106,78.2,91.2,31.9,1547.0,45.0,13.79,31.8,31.9,32.4,31.7,optimal,optimal,optimal,optimal,optimal,optimal,↑ increasing,→ stable,→ stable,100.0,✅ EXCELLENT,False,NONE,3.5,0.0,NONE
1779700453.106,81.8,89.0,31.9,1479.0,45.5,13.85,31.8,31.9,31.6,32.3,optimal,optimal,optimal,optimal,optimal,optimal,↑ increasing,→ stable,→ stable,100.0,✅ EXCELLENT,False,NONE,3.6,0.5,NONE
1779700454.107,81.6,88.9,32.4,1528.0,44.7,13.79,32.0,32.3,32.1,32.2,optimal,optimal,optimal,optimal,optimal,optimal,↑ increasing,→ stable,→ stable,100.0,✅ EXCELLENT,False,NONE,3.0,0.6,NONE
1779700455.108,80.2,88.9,32.4,1497.0,44.5,13.83,32.1,32.1,32.3,32.2,optimal,optimal,optimal,optimal,optimal,optimal,↑ increasing,→ stable,→ stable,100.0,✅ EXCELLENT,False,NONE,3.0,0.6,NONE
1779700456.109,80.2,89.8,31.7,1519.0,45.7,13.76,32.1,32.4,32.1,32.3,optimal,optimal,optimal,optimal,optimal,optimal,↑ increasing,→ stable,→ stable,100.0,✅ EXCELLENT,False,NONE,3.8,0.0,NONE
1779700457.11,80.1,88.7,31.6,1531.0,44.1,13.76,32.4,31.6,31.7,32.3,optimal,optimal,optimal,optimal,optimal,optimal,→ stable,→ stable,→ stable,100.0,✅ EXCELLENT,False,NONE,3.9,0.8,NONE
1779700458.111,81.1,90.1,32.3,1504.0,44.3,13.81,32.3,31.7,32.2,31.6,optimal,optimal,optimal,optimal,optimal,optimal,→ stable,→ stable,→ stable,100.0,✅ EXCELLENT,False,NONE,3.1,0.0,NONE
1779700459.112,81.7,89.6,32.4,1505.0,44.4,13.83,31.8,31.9,32.0,31.6,optimal,optimal,optimal,optimal,optimal,optimal,→ stable,→ stable,→ stable,100.0,✅ EXCELLENT,False,NONE,3.0,0.1,NONE
1779700460.113,78.6,89.4,32.1,1458.0,45.0,13.78,31.9,32.2,31.8,32.1,optimal,optimal,optimal,optimal,optimal,optimal,→ stable,→ stable,→ stable,100.0,✅ EXCELLENT,False,NONE,3.3,0.2,NONE
1779700461.114,81.4,90.4,32.3,1492.0,44.4,13.85,31.9,32.0,32.2,32.0,optimal,optimal,optimal,optimal,optimal,optimal,→ stable,↓ decreasing,→ stable,100.0,✅ EXCELLENT,False,NONE,3.1,0.0,NONE
1779700462.115,78.6,90.3,31.6,1466.0,45.0,13.77,32.2,31.9,31.6,32.3,optimal,optimal,optimal,optimal,optimal,optimal,→ stable,↓ decreasing,→ stable,100.0,✅ EXCELLENT,False,NONE,3.8,0.0,NONE
1779700463.116,79.4,89.2,31.8,1526.0,45.2,13.82,32.2,32.2,32.1,31.7,optimal,optimal,optimal,optimal,optimal,optimal,→ stable,↓ decreasing,→ stable,100.0,✅ EXCELLENT,False,NONE,3.6,0.3,NONE
1779700464.117,82.5,89.5,31.8,1484.0,44.1,13.83,32.2,32.3,32.4,31.6,optimal,optimal,optimal,optimal,optimal,optimal,↓ decreasing,→ stable,→ stable,100.0,✅ EXCELLENT,False,NONE,3.8,0.1,NONE
1779700465.118,79.8,91.4,32.3,1514.0,45.8,13.79,32.4,32.3,31.8,31.6,optimal,optimal,optimal,optimal,optimal,optimal,↓ decreasing,→ stable,→ stable,100.0,✅ EXCELLENT,False,NONE,3.1,0.0,NONE
1779700466.119,78.0,89.5,31.7,1526.0,44.7,13.77,32.3,32.3,32.1,32.3,optimal,optimal,optimal,optimal,optimal,optimal,↓ decreasing,→ stable,→ stable,100.0,✅ EXCELLENT,False,NONE,3.7,0.1,NONE
1779700467.12,80.8,91.5,32.0,1459.0,44.9,13.85,31.9,32.4,31.7,32.0,optimal,optimal,optimal,optimal,optimal,optimal,→ stable,→ stable,→ stable,100.0,✅ EXCELLENT,False,NONE,3.5,0.0,NONE
1779700468.121,82.7,89.2,32.0,1458.0,45.0,13.82,32.0,31.8,32.3,31.7,optimal,optimal,optimal,optimal,optimal,optimal,→ stable,→ stable,→ stable,100.0,✅ EXCELLENT,False,NONE,3.5,0.3,NONE
1779700469.122,79.6,88.7,32.4,1512.0,44.8,13.84,32.2,31.9,32.0,32.3,optimal,optimal,optimal,optimal,optimal,optimal,→ stable,→ stable,→ stable,100.0,✅ EXCELLENT,False,NONE,3.0,0.8,NONE
1779700470.123,78.8,89.7,32.2,1472.0,44.6,13.83,31.8,31.9,31.6,32.2,optimal,optimal,optimal,optimal,optimal,optimal,→ stable,→ stable,→ stable,100.0,✅ EXCELLENT,False,NONE,3.2,0.0,NONE
1779700471.123,78.5,89.6,32.0,1469.0,44.6,13.76,31.9,31.6,32.3,31.6,optimal,optimal,optimal,optimal,optimal,optimal,↓ decreasing,→ stable,→ stable,100.0,✅ EXCELLENT,False,NONE,3.4,0.1,NONE
1779700472.123,77.1,90.2,32.3,1513.0,45.2,13.82,31.7,31.8,32.2,32.2,optimal,optimal,optimal,optimal,optimal,optimal,↓ decreasing,→ stable,→ stable,100.0,✅ EXCELLENT,False,NONE,3.0,0.0,NONE
1779700473.124,81.2,90.9,31.9,1550.0,45.3,13.82,32.0,32.0,32.0,32.1,optimal,optimal,optimal,optimal,optimal,optimal,→ stable,→ stable,→ stable,100.0,✅ EXCELLENT,False,NONE,3.6,0.0,NONE
1779700474.124,81.1,89.9,31.8,1497.0,44.6,13.8,32.4,31.9,31.6,32.4,optimal,optimal,optimal,optimal,optimal,optimal,↓ decreasing,→ stable,→ stable,100.0,✅ EXCELLENT,False,NONE,3.7,0.0,NONE
1779700475.125,82.2,89.3,31.8,1454.0,44.5,13.77,32.0,32.2,31.6,32.1,optimal,optimal,optimal,optimal,optimal,optimal,→ stable,→ stable,→ stable,100.0,✅ EXCELLENT,False,NONE,3.8,0.2,NONE
1779700476.126,79.4,90.1,32.0,1495.0,44.4,13.78,32.3,32.0,32.3,31.8,optimal,optimal,optimal,optimal,optimal,optimal,→ stable,→ stable,→ stable,100.0,✅ EXCELLENT,False,NONE,3.4,0.0,NONE
1779700477.127,78.9,88.9,31.6,1521.0,44.9,13.79,32.2,31.7,32.1,31.8,optimal,optimal,optimal,optimal,optimal,optimal,→ stable,→ stable,→ stable,100.0,✅ EXCELLENT,False,NONE,3.8,0.6,NONE
1779700478.127,79.8,91.2,31.6,1524.0,44.2,13.77,32.0,32.4,32.0,31.9,optimal,optimal,optimal,optimal,optimal,optimal,↓ decreasing,→ stable,→ stable,100.0,✅ EXCELLENT,False,NONE,3.9,0.0,NONE
1779700479.129,79.2,88.5,32.1,1469.0,44.0,13.75,31.8,32.2,32.1,32.0,optimal,optimal,optimal,optimal,optimal,optimal,↓ decreasing,→ stable,→ stable,100.0,✅ EXCELLENT,False,NONE,3.3,1.1,NONE
1779700480.13,79.9,90.0,31.9,1543.0,45.0,13.78,32.0,31.7,31.8,31.7,optimal,optimal,optimal,optimal,optimal,optimal,→ stable,→ stable,→ stable,100.0,✅ EXCELLENT,False,NONE,3.5,0.0,NONE
1779700481.131,79.2,90.8,32.2,1507.0,44.7,13.78,31.8,31.9,32.0,31.9,optimal,optimal,optimal,optimal,optimal,optimal,→ stable,→ stable,→ stable,100.0,✅ EXCELLENT,False,NONE,3.2,0.0,NONE
1779700482.132,79.8,90.6,32.1,1489.0,45.3,13.8,31.9,32.1,32.2,31.9,optimal,optimal,optimal,optimal,optimal,optimal,→ stable,→ stable,→ stable,100.0,✅ EXCELLENT,False,NONE,3.3,0.0,NONE
1779700483.133,77.1,89.3,32.1,1467.0,45.8,13.79,31.6,31.8,32.1,31.6,optimal,optimal,optimal,optimal,optimal,optimal,→ stable,→ stable,→ stable,100.0,✅ EXCELLENT,False,NONE,3.2,0.2,NONE
1779700484.134,79.4,91.3,31.9,1493.0,45.2,13.81,31.8,32.3,31.7,31.7,optimal,optimal,optimal,optimal,optimal,optimal,→ stable,→ stable,→ stable,100.0,✅ EXCELLENT,False,NONE,3.5,0.0,NONE
1779700485.135,79.7,89.4,31.9,1455.0,44.8,13.79,31.7,32.0,32.1,32.1,optimal,optimal,optimal,optimal,optimal,optimal,↓ decreasing,→ stable,→ stable,100.0,✅ EXCELLENT,False,NONE,3.5,0.2,NONE
1779700486.136,78.1,89.3,31.6,1487.0,44.3,13.79,32.4,31.7,31.8,31.8,optimal,optimal,optimal,optimal,optimal,optimal,↓ decreasing,→ stable,→ stable,100.0,✅ EXCELLENT,False,NONE,3.8,0.2,NONE
1779700487.137,82.6,89.3,31.6,1510.0,44.5,13.8,31.7,31.8,32.4,31.6,optimal,optimal,optimal,optimal,optimal,optimal,→ stable,→ stable,→ stable,100.0,✅ EXCELLENT,False,NONE,4.0,0.2,NONE
1779700488.137,81.1,91.2,31.9,1484.0,44.7,13.81,32.2,32.0,32.1,32.1,optimal,optimal,optimal,optimal,optimal,optimal,→ stable,→ stable,→ stable,100.0,✅ EXCELLENT,False,NONE,3.6,0.0,NONE
1779700489.138,77.6,91.4,31.9,1541.0,45.1,13.8,32.0,32.2,31.8,31.6,optimal,optimal,optimal,optimal,optimal,optimal,→ stable,→ stable,→ stable,100.0,✅ EXCELLENT,False,NONE,3.4,0.0,NONE
1779700490.139,80.0,90.2,31.8,1508.0,45.0,13.85,31.6,31.9,32.4,32.2,optimal,optimal,optimal,optimal,optimal,optimal,→ stable,→ stable,→ stable,100.0,✅ EXCELLENT,False,NONE,3.7,0.0,NONE
1779700491.139,80.5,89.5,31.8,1465.0,45.8,13.78,32.3,32.0,32.1,32.0,optimal,optimal,optimal,optimal,optimal,optimal,→ stable,→ stable,→ stable,100.0,✅ EXCELLENT,False,NONE,3.7,0.1,NONE
1779700492.14,80.0,89.1,32.2,1504.0,46.0,13.8,32.2,31.8,32.1,32.2,optimal,optimal,optimal,optimal,optimal,optimal,→ stable,→ stable,→ stable,100.0,✅ EXCELLENT,False,NONE,3.2,0.4,NONE
1779700493.14,81.3,89.9,32.1,1524.0,44.4,13.81,31.7,32.1,32.0,31.8,optimal,optimal,optimal,optimal,optimal,optimal,→ stable,→ stable,→ stable,100.0,✅ EXCELLENT,False,NONE,3.4,0.0,NONE
1779700494.14,77.6,91.0,31.8,1525.0,44.5,13.84,31.7,32.1,31.6,32.0,optimal,optimal,optimal,optimal,optimal,optimal,→ stable,→ stable,→ stable,100.0,✅ EXCELLENT,False,NONE,3.5,0.0,NONE
1779700495.141,81.3,89.2,32.3,1521.0,45.8,13.78,31.7,31.8,31.8,32.0,optimal,optimal,optimal,optimal,optimal,optimal,↑ increasing,→ stable,→ stable,100.0,✅ EXCELLENT,False,NONE,3.1,0.3,NONE
1779700496.142,82.8,91.2,32.0,1549.0,44.5,13.84,32.3,31.7,32.3,32.3,optimal,optimal,optimal,optimal,optimal,optimal,↑ increasing,→ stable,→ stable,100.0,✅ EXCELLENT,False,NONE,3.5,0.0,NONE
1779700497.143,78.0,89.3,32.1,1468.0,45.9,13.79,32.0,31.7,32.3,31.6,optimal,optimal,optimal,optimal,optimal,optimal,↑ increasing,→ stable,→ stable,100.0,✅ EXCELLENT,False,NONE,3.2,0.2,NONE
1779700498.143,80.0,89.2,32.3,1459.0,44.2,13.77,32.1,32.2,31.7,32.1,optimal,optimal,optimal,optimal,optimal,optimal,→ stable,→ stable,→ stable,100.0,✅ EXCELLENT,False,NONE,3.1,0.3,NONE
1779700499.143,78.4,91.3,31.7,1542.0,46.0,13.75,31.7,32.2,31.9,32.0,optimal,optimal,optimal,optimal,optimal,optimal,↑ increasing,→ stable,→ stable,100.0,✅ EXCELLENT,False,NONE,3.7,0.0,NONE
1779700500.144,80.2,89.7,32.2,1527.0,45.3,13.75,31.6,32.3,31.8,31.7,optimal,optimal,optimal,optimal,optimal,optimal,↑ increasing,→ stable,→ stable,100.0,✅ EXCELLENT,False,NONE,3.2,0.0,NONE
1779700501.145,77.7,90.1,32.4,1523.0,45.5,13.79,32.1,31.7,31.6,32.3,optimal,optimal,optimal,optimal,optimal,optimal,→ stable,→ stable,→ stable,100.0,✅ EXCELLENT,False,NONE,2.9,0.0,NONE
1779700502.145,82.8,90.9,31.6,1501.0,45.3,13.84,32.0,31.6,31.9,31.7,optimal,optimal,optimal,optimal,optimal,optimal,→ stable,→ stable,→ stable,100.0,✅ EXCELLENT,False,NONE,4.0,0.0,NONE
1779700503.146,77.2,89.1,32.1,1536.0,44.1,13.8,31.9,32.0,31.8,32.1,optimal,optimal,optimal,optimal,optimal,optimal,→ stable,→ stable,→ stable,100.0,✅ EXCELLENT,False,NONE,3.2,0.4,NONE
1779700504.147,80.5,89.4,32.1,1479.0,44.4,13.76,31.8,31.8,32.1,32.2,optimal,optimal,optimal,optimal,optimal,optimal,→ stable,→ stable,→ stable,100.0,✅ EXCELLENT,False,NONE,3.3,0.2,NONE
1779700505.147,79.3,91.5,32.0,1468.0,45.7,13.78,32.4,32.3,31.8,32.3,optimal,optimal,optimal,optimal,optimal,optimal,→ stable,→ stable,→ stable,100.0,✅ EXCELLENT,False,NONE,3.4,0.0,NONE
1779700506.148,82.1,88.9,31.9,1459.0,45.1,13.84,32.0,31.7,31.8,32.2,optimal,optimal,optimal,optimal,optimal,optimal,↓ decreasing,→ stable,→ stable,100.0,✅ EXCELLENT,False,NONE,3.6,0.6,NONE
1779700507.149,77.7,91.2,31.8,1548.0,44.3,13.81,31.9,31.9,32.3,32.2,optimal,optimal,optimal,optimal,optimal,optimal,→ stable,→ stable,→ stable,100.0,✅ EXCELLENT,False,NONE,3.6,0.0,NONE
1779700508.15,78.2,88.6,32.2,1479.0,45.8,13.81,32.4,31.7,32.4,32.3,optimal,optimal,optimal,optimal,optimal,optimal,→ stable,→ stable,→ stable,100.0,✅ EXCELLENT,False,NONE,3.1,1.0,NONE
1779700509.151,77.8,90.7,31.9,1462.0,45.3,13.8,32.0,31.6,32.2,32.3,optimal,optimal,optimal,optimal,optimal,optimal,↓ decreasing,→ stable,→ stable,100.0,✅ EXCELLENT,False,NONE,3.4,0.0,NONE
1779700510.152,80.0,91.4,32.1,1488.0,45.5,13.82,31.8,32.3,32.0,32.3,optimal,optimal,optimal,optimal,optimal,optimal,↓ decreasing,→ stable,→ stable,100.0,✅ EXCELLENT,False,NONE,3.3,0.0,NONE
1779700511.153,80.2,89.1,32.2,1474.0,44.6,13.79,32.0,31.9,32.1,32.0,optimal,optimal,optimal,optimal,optimal,optimal,→ stable,→ stable,→ stable,100.0,✅ EXCELLENT,False,NONE,3.2,0.4,NONE
1779700512.154,82.8,90.5,32.1,1453.0,45.8,13.78,31.6,32.3,32.3,31.8,optimal,optimal,optimal,optimal,optimal,optimal,→ stable,→ stable,→ stable,100.0,✅ EXCELLENT,False,NONE,3.4,0.0,NONE
1779700513.154,80.5,90.2,32.0,1488.0,44.0,13.78,31.8,31.7,31.7,32.2,optimal,optimal,optimal,optimal,optimal,optimal,→ stable,→ stable,→ stable,100.0,✅ EXCELLENT,False,NONE,3.5,0.0,NONE
1779700514.155,79.9,89.7,32.1,1493.0,45.1,13.76,31.7,32.4,31.7,32.1,optimal,optimal,optimal,optimal,optimal,optimal,→ stable,→ stable,→ stable,100.0,✅ EXCELLENT,False,NONE,3.3,0.0,NONE
1779700515.156,79.0,89.7,31.8,1505.0,44.9,13.83,32.1,32.2,31.9,32.2,optimal,optimal,optimal,optimal,optimal,optimal,→ stable,→ stable,→ stable,100.0,✅ EXCELLENT,False,NONE,3.6,0.0,NONE
1779700516.157,82.9,89.5,32.1,1489.0,45.8,13.85,32.0,32.2,32.3,32.3,optimal,optimal,optimal,optimal,optimal,optimal,→ stable,→ stable,→ stable,100.0,✅ EXCELLENT,False,NONE,3.4,0.1,NONE
1779700517.157,80.9,89.1,31.6,1496.0,45.6,13.81,31.6,31.8,31.9,32.2,optimal,optimal,optimal,optimal,optimal,optimal,↑ increasing,→ stable,→ stable,100.0,✅ EXCELLENT,False,NONE,3.9,0.4,NONE
1779700518.157,81.0,91.2,32.3,1524.0,45.2,13.85,32.3,32.1,31.9,32.0,optimal,optimal,optimal,optimal,optimal,optimal,↑ increasing,→ stable,→ stable,100.0,✅ EXCELLENT,False,NONE,3.1,0.0,NONE
1779700519.158,79.2,88.6,31.8,1489.0,44.5,13.83,32.0,32.2,32.3,31.8,optimal,optimal,optimal,optimal,optimal,optimal,↑ increasing,→ stable,→ stable,100.0,✅ EXCELLENT,False,NONE,3.6,1.0,NONE
1779700520.159,77.6,89.6,32.2,1522.0,44.6,13.81,32.1,32.3,32.3,31.9,optimal,optimal,optimal,optimal,optimal,optimal,↑ increasing,→ stable,→ stable,100.0,✅ EXCELLENT,False,NONE,3.1,0.1,NONE
1779700521.16,82.8,91.3,32.2,1473.0,44.0,13.8,32.1,31.7,31.7,31.8,optimal,optimal,optimal,optimal,optimal,optimal,↑ increasing,→ stable,→ stable,100.0,✅ EXCELLENT,False,NONE,3.3,0.0,NONE
1779700522.161,82.6,88.7,32.2,1507.0,44.1,13.79,32.3,32.0,31.9,31.9,optimal,optimal,optimal,optimal,optimal,optimal,↑ increasing,→ stable,→ stable,100.0,✅ EXCELLENT,False,NONE,3.3,0.8,NONE
1779700523.162,81.9,89.2,32.1,1527.0,44.1,13.79,31.8,32.3,31.9,32.4,optimal,optimal,optimal,optimal,optimal,optimal,↑ increasing,→ stable,→ stable,100.0,✅ EXCELLENT,False,NONE,3.4,0.3,NONE
1779700524.163,77.5,90.2,31.8,1528.0,45.9,13.84,32.4,32.0,31.9,32.0,optimal,optimal,optimal,optimal,optimal,optimal,↑ increasing,→ stable,→ stable,100.0,✅ EXCELLENT,False,NONE,3.5,0.0,NONE
1779700525.163,79.0,90.6,32.4,1464.0,44.7,13.77,32.1,32.2,31.8,32.3,optimal,optimal,optimal,optimal,optimal,optimal,↑ increasing,→ stable,→ stable,100.0,✅ EXCELLENT,False,NONE,2.9,0.0,NONE
1779700526.164,80.0,90.2,32.1,1533.0,45.1,13.79,32.3,32.2,31.9,32.1,optimal,optimal,optimal,optimal,optimal,optimal,→ stable,→ stable,→ stable,100.0,✅ EXCELLENT,False,NONE,3.3,0.0,NONE
1779700527.165,78.3,90.8,31.9,1524.0,45.6,13.76,32.3,32.3,32.4,31.7,optimal,optimal,optimal,optimal,optimal,optimal,→ stable,→ stable,→ stable,100.0,✅ EXCELLENT,False,NONE,3.5,0.0,NONE
1779700528.166,82.7,91.2,31.8,1466.0,44.7,13.8,32.3,32.4,31.6,32.2,optimal,optimal,optimal,optimal,optimal,optimal,→ stable,→ stable,→ stable,100.0,✅ EXCELLENT,False,NONE,3.8,0.0,NONE
1779700529.166,79.0,88.9,31.8,1512.0,45.4,13.83,32.2,32.1,31.9,31.9,optimal,optimal,optimal,optimal,optimal,optimal,→ stable,→ stable,→ stable,100.0,✅ EXCELLENT,False,NONE,3.6,0.6,NONE
1779700530.166,77.2,89.0,32.2,1489.0,44.7,13.82,31.8,31.7,32.2,32.1,optimal,optimal,optimal,optimal,optimal,optimal,→ stable,→ stable,→ stable,100.0,✅ EXCELLENT,False,NONE,3.1,0.5,NONE
1779700531.166,77.9,91.2,31.9,1453.0,45.8,13.81,32.0,32.0,32.0,31.9,optimal,optimal,optimal,optimal,optimal,optimal,↓ decreasing,→ stable,→ stable,100.0,✅ EXCELLENT,False,NONE,3.4,0.0,NONE
1779700532.167,77.2,89.3,32.3,1521.0,45.3,13.78,31.8,32.1,31.9,31.8,optimal,optimal,optimal,optimal,optimal,optimal,↓ decreasing,→ stable,→ stable,100.0,✅ EXCELLENT,False,NONE,3.0,0.2,NONE
1779700533.168,79.2,91.1,31.7,1550.0,45.7,13.76,31.8,32.0,31.7,32.2,optimal,optimal,optimal,optimal,optimal,optimal,↓ decreasing,↑ increasing,→ stable,100.0,✅ EXCELLENT,False,NONE,3.7,0.0,NONE
1779700534.169,80.0,91.3,32.4,1509.0,45.7,13.81,31.7,32.1,31.9,32.3,optimal,optimal,optimal,optimal,optimal,optimal,↓ decreasing,↑ increasing,→ stable,100.0,✅ EXCELLENT,False,NONE,3.0,0.0,NONE
1779700535.17,80.6,89.2,32.3,1479.0,44.1,13.81,31.6,32.2,32.0,31.9,optimal,optimal,optimal,optimal,optimal,optimal,↓ decreasing,→ stable,→ stable,100.0,✅ EXCELLENT,False,NONE,3.1,0.3,NONE
1779700536.171,81.0,90.4,32.1,1499.0,45.6,13.83,31.9,32.0,31.9,32.2,optimal,optimal,optimal,optimal,optimal,optimal,↓ decreasing,→ stable,→ stable,100.0,✅ EXCELLENT,False,NONE,3.4,0.0,NONE
1779700537.172,81.6,91.1,32.1,1471.0,44.7,13.79,31.8,32.2,32.0,32.0,optimal,optimal,optimal,optimal,optimal,optimal,→ stable,→ stable,→ stable,100.0,✅ EXCELLENT,False,NONE,3.4,0.0,NONE
1779700538.173,78.1,91.1,31.7,1545.0,44.8,13.78,32.4,32.0,32.0,32.3,optimal,optimal,optimal,optimal,optimal,optimal,↓ decreasing,→ stable,→ stable,100.0,✅ EXCELLENT,False,NONE,3.7,0.0,NONE
1779700539.173,78.0,89.6,31.7,1493.0,44.9,13.83,32.1,31.8,32.2,32.4,optimal,optimal,optimal,optimal,optimal,optimal,↓ decreasing,→ stable,→ stable,100.0,✅ EXCELLENT,False,NONE,3.7,0.1,NONE
1779700540.174,81.4,88.9,32.4,1466.0,44.5,13.76,32.2,32.3,31.9,31.7,optimal,optimal,optimal,optimal,optimal,optimal,↓ decreasing,→ stable,→ stable,100.0,✅ EXCELLENT,False,NONE,3.0,0.6,NONE
1779700541.175,79.9,89.3,32.1,1490.0,45.1,13.77,32.0,32.3,31.7,32.0,optimal,optimal,optimal,optimal,optimal,optimal,→ stable,→ stable,→ stable,100.0,✅ EXCELLENT,False,NONE,3.3,0.2,NONE
1779700542.176,77.7,90.0,32.4,1519.0,44.8,13.76,31.7,32.0,32.2,32.3,optimal,optimal,optimal,optimal,optimal,optimal,↑ increasing,→ stable,→ stable,100.0,✅ EXCELLENT,False,NONE,2.9,0.0,NONE
1779700543.176,78.3,89.0,32.2,1507.0,45.1,13.82,31.6,32.2,32.1,31.8,optimal,optimal,optimal,optimal,optimal,optimal,↑ increasing,→ stable,→ stable,100.0,✅ EXCELLENT,False,NONE,3.1,0.5,NONE
1779700544.177,82.6,90.3,32.3,1513.0,45.1,13.79,32.1,32.1,32.1,32.2,optimal,optimal,optimal,optimal,optimal,optimal,↑ increasing,→ stable,→ stable,100.0,✅ EXCELLENT,False,NONE,3.2,0.0,NONE
1779700545.178,82.1,90.9,31.9,1541.0,45.6,13.83,32.0,31.6,31.8,32.1,optimal,optimal,optimal,optimal,optimal,optimal,↑ increasing,→ stable,→ stable,100.0,✅ EXCELLENT,False,NONE,3.6,0.0,NONE
1779700546.178,77.6,90.3,32.0,1517.0,45.2,13.83,31.7,32.0,32.2,31.8,optimal,optimal,optimal,optimal,optimal,optimal,→ stable,→ stable,→ stable,100.0,✅ EXCELLENT,False,NONE,3.3,0.0,NONE
1779700547.179,77.1,90.7,32.3,1507.0,44.2,13.76,31.9,32.3,32.3,31.9,optimal,optimal,optimal,optimal,optimal,optimal,→ stable,→ stable,→ stable,100.0,✅ EXCELLENT,False,NONE,3.0,0.0,NONE
1779700548.18,79.7,90.9,32.2,1477.0,45.6,13.82,32.2,32.0,31.6,32.3,optimal,optimal,optimal,optimal,optimal,optimal,→ stable,→ stable,→ stable,100.0,✅ EXCELLENT,False,NONE,3.2,0.0,NONE
1779700549.182,80.3,89.7,31.8,1540.0,45.6,13.77,31.9,31.8,32.1,32.3,optimal,optimal,optimal,optimal,optimal,optimal,↑ increasing,→ stable,→ stable,100.0,✅ EXCELLENT,False,NONE,3.7,0.0,NONE
1779700550.183,82.0,89.3,31.7,1538.0,44.6,13.82,32.1,31.9,31.8,32.2,optimal,optimal,optimal,optimal,optimal,optimal,→ stable,→ stable,→ stable,100.0,✅ EXCELLENT,False,NONE,3.9,0.2,NONE
1779700551.184,80.7,89.1,32.1,1482.0,45.8,13.81,32.3,32.1,31.6,32.1,optimal,optimal,optimal,optimal,optimal,optimal,→ stable,→ stable,→ stable,100.0,✅ EXCELLENT,False,NONE,3.3,0.4,NONE
1779700552.186,80.3,89.1,32.0,1461.0,44.2,13.83,31.6,31.8,31.9,32.3,optimal,optimal,optimal,optimal,optimal,optimal,→ stable,→ stable,→ stable,100.0,✅ EXCELLENT,False,NONE,3.4,0.4,NONE
1779700553.187,78.2,90.5,31.8,1507.0,45.1,13.81,31.6,31.7,31.7,32.1,optimal,optimal,optimal,optimal,optimal,optimal,→ stable,→ stable,→ stable,100.0,✅ EXCELLENT,False,NONE,3.6,0.0,NONE
1779700554.188,80.5,89.7,31.7,1515.0,44.7,13.8,32.0,31.9,32.0,32.2,optimal,optimal,optimal,optimal,optimal,optimal,→ stable,→ stable,→ stable,100.0,✅ EXCELLENT,False,NONE,3.8,0.0,NONE
1779700555.188,80.7,90.2,31.8,1493.0,45.2,13.78,32.0,32.0,32.0,32.0,optimal,optimal,optimal,optimal,optimal,optimal,→ stable,→ stable,→ stable,100.0,✅ EXCELLENT,False,NONE,3.7,0.0,NONE
1779700556.188,82.0,90.5,32.0,1522.0,45.6,13.84,32.0,32.1,32.1,32.0,optimal,optimal,optimal,optimal,optimal,optimal,→ stable,→ stable,→ stable,100.0,✅ EXCELLENT,False,NONE,3.5,0.0,NONE
1779700557.189,82.0,88.5,31.9,1501.0,44.4,13.76,31.8,31.9,31.9,32.1,optimal,optimal,optimal,optimal,optimal,optimal,↑ increasing,→ stable,→ stable,100.0,✅ EXCELLENT,False,NONE,3.6,1.1,NONE
1779700558.19,79.7,88.5,31.9,1525.0,44.3,13.8,32.1,32.1,32.4,32.3,optimal,optimal,optimal,optimal,optimal,optimal,↑ increasing,→ stable,→ stable,100.0,✅ EXCELLENT,False,NONE,3.5,1.1,NONE
1779700559.19,81.3,88.7,32.2,1500.0,45.4,13.82,31.9,32.3,32.4,32.2,optimal,optimal,optimal,optimal,optimal,optimal,↑ increasing,↓ decreasing,→ stable,100.0,✅ EXCELLENT,False,NONE,3.3,0.8,NONE
1779700560.19,80.7,90.6,31.7,1467.0,44.6,13.84,31.8,32.3,32.2,32.1,optimal,optimal,optimal,optimal,optimal,optimal,↑ increasing,→ stable,→ stable,100.0,✅ EXCELLENT,False,NONE,3.8,0.0,NONE
1779700561.191,78.5,88.6,32.2,1510.0,45.1,13.77,32.2,31.8,31.7,32.3,optimal,optimal,optimal,optimal,optimal,optimal,↑ increasing,↓ decreasing,→ stable,100.0,✅ EXCELLENT,False,NONE,3.1,1.0,NONE
1779700562.191,81.6,90.9,32.4,1485.0,44.0,13.76,31.8,32.0,32.4,31.7,optimal,optimal,optimal,optimal,optimal,optimal,→ stable,→ stable,→ stable,100.0,✅ EXCELLENT,False,NONE,3.0,0.0,NONE
1779700563.191,81.3,88.8,32.2,1518.0,45.3,13.75,31.6,31.7,32.1,31.8,optimal,optimal,optimal,optimal,optimal,optimal,↑ increasing,↓ decreasing,→ stable,100.0,✅ EXCELLENT,False,NONE,3.3,0.7,NONE
1779700564.191,78.1,90.2,31.9,1507.0,45.9,13.82,32.3,32.1,31.8,32.2,optimal,optimal,optimal,optimal,optimal,optimal,↑ increasing,→ stable,→ stable,100.0,✅ EXCELLENT,False,NONE,3.5,0.0,NONE
1779700565.191,79.2,90.6,31.9,1490.0,45.8,13.79,32.2,32.0,31.8,31.8,optimal,optimal,optimal,optimal,optimal,optimal,↑ increasing,→ stable,→ stable,100.0,✅ EXCELLENT,False,NONE,3.5,0.0,NONE
1779700566.191,82.4,88.9,32.0,1459.0,46.0,13.83,31.7,32.3,32.0,32.0,optimal,optimal,optimal,optimal,optimal,optimal,→ stable,↓ decreasing,→ stable,100.0,✅ EXCELLENT,False,NONE,3.5,0.6,NONE
1779700567.191,78.4,89.6,32.0,1491.0,44.3,13.75,31.6,32.0,31.7,31.7,optimal,optimal,optimal,optimal,optimal,optimal,↓ decreasing,→ stable,→ stable,100.0,✅ EXCELLENT,False,NONE,3.4,0.1,NONE
1779700568.193,80.4,90.8,32.2,1486.0,45.6,13.77,31.6,32.1,32.1,32.0,optimal,optimal,optimal,optimal,optimal,optimal,→ stable,→ stable,→ stable,100.0,✅ EXCELLENT,False,NONE,3.2,0.0,NONE
1779700569.194,79.0,91.4,32.0,1489.0,45.9,13.83,32.1,32.3,32.3,31.7,optimal,optimal,optimal,optimal,optimal,optimal,↓ decreasing,↑ increasing,→ stable,100.0,✅ EXCELLENT,False,NONE,3.4,0.0,NONE
1779700570.193,82.3,90.7,32.1,1452.0,44.5,13.84,32.1,32.1,31.9,32.4,optimal,optimal,optimal,optimal,optimal,optimal,→ stable,↑ increasing,→ stable,100.0,✅ EXCELLENT,False,NONE,3.4,0.0,NONE
1779700571.194,80.2,91.1,32.2,1525.0,46.0,13.77,32.1,32.0,32.3,31.7,optimal,optimal,optimal,optimal,optimal,optimal,→ stable,↑ increasing,→ stable,100.0,✅ EXCELLENT,False,NONE,3.2,0.0,NONE
1779700572.195,77.8,89.4,32.2,1515.0,45.3,13.78,32.0,31.6,32.4,32.0,optimal,optimal,optimal,optimal,optimal,optimal,↓ decreasing,→ stable,→ stable,100.0,✅ EXCELLENT,False,NONE,3.1,0.2,NONE
1779700573.195,80.3,90.2,32.0,1455.0,44.3,13.75,32.0,32.3,32.0,31.8,optimal,optimal,optimal,optimal,optimal,optimal,↓ decreasing,↑ increasing,→ stable,100.0,✅ EXCELLENT,False,NONE,3.4,0.0,NONE
1779700574.195,80.5,90.1,32.2,1460.0,45.3,13.75,32.1,32.4,31.7,31.7,optimal,optimal,optimal,optimal,optimal,optimal,↓ decreasing,↑ increasing,→ stable,100.0,✅ EXCELLENT,False,NONE,3.2,0.0,NONE
1779700575.196,78.4,88.7,32.2,1505.0,45.7,13.77,32.0,31.7,32.0,31.6,optimal,optimal,optimal,optimal,optimal,optimal,→ stable,→ stable,→ stable,100.0,✅ EXCELLENT,False,NONE,3.1,0.8,NONE
1779700576.197,77.9,89.1,32.3,1487.0,44.8,13.8,31.8,32.0,31.9,32.2,optimal,optimal,optimal,optimal,optimal,optimal,↓ decreasing,↑ increasing,→ stable,100.0,✅ EXCELLENT,False,NONE,3.0,0.4,NONE
1779700577.197,81.9,89.7,32.4,1523.0,44.7,13.83,32.3,32.2,32.1,31.8,optimal,optimal,optimal,optimal,optimal,optimal,→ stable,↑ increasing,→ stable,100.0,✅ EXCELLENT,False,NONE,3.0,0.0,NONE
1779700578.198,77.9,91.2,32.4,1519.0,44.4,13.83,32.2,31.6,31.7,32.4,optimal,optimal,optimal,optimal,optimal,optimal,↓ decreasing,→ stable,→ stable,100.0,✅ EXCELLENT,False,NONE,2.9,0.0,NONE
1779700579.199,79.8,90.4,31.7,1460.0,44.9,13.78,31.8,32.3,32.0,32.2,optimal,optimal,optimal,optimal,optimal,optimal,→ stable,→ stable,→ stable,100.0,✅ EXCELLENT,False,NONE,3.8,0.0,NONE
1779700580.2,79.7,90.2,32.0,1528.0,45.4,13.84,32.3,32.2,32.0,31.9,optimal,optimal,optimal,optimal,optimal,optimal,↓ decreasing,→ stable,→ stable,100.0,✅ EXCELLENT,False,NONE,3.4,0.0,NONE
1779700581.2,78.5,90.0,31.7,1520.0,45.4,13.79,31.8,32.0,31.6,32.2,optimal,optimal,optimal,optimal,optimal,optimal,↓ decreasing,→ stable,→ stable,100.0,✅ EXCELLENT,False,NONE,3.7,0.0,NONE
1779700582.201,83.0,90.0,32.3,1477.0,44.7,13.82,32.2,32.1,31.8,31.8,optimal,optimal,optimal,optimal,optimal,optimal,→ stable,→ stable,→ stable,100.0,✅ EXCELLENT,False,NONE,3.2,0.0,NONE
1779700583.201,77.9,88.6,32.1,1492.0,44.1,13.8,32.1,32.3,31.9,32.4,optimal,optimal,optimal,optimal,optimal,optimal,→ stable,→ stable,→ stable,100.0,✅ EXCELLENT,False,NONE,3.2,1.0,NONE
1779700584.202,78.5,90.1,32.4,1532.0,45.0,13.82,31.8,31.7,32.4,32.4,optimal,optimal,optimal,optimal,optimal,optimal,↓ decreasing,→ stable,→ stable,100.0,✅ EXCELLENT,False,NONE,2.9,0.0,NONE
1779700585.202,79.5,89.8,32.1,1478.0,45.2,13.81,32.1,31.7,32.1,32.3,optimal,optimal,optimal,optimal,optimal,optimal,↓ decreasing,→ stable,→ stable,100.0,✅ EXCELLENT,False,NONE,3.3,0.0,NONE
1779700586.204,81.6,90.9,31.8,1485.0,45.0,13.75,32.2,32.0,32.1,31.9,optimal,optimal,optimal,optimal,optimal,optimal,→ stable,→ stable,→ stable,100.0,✅ EXCELLENT,False,NONE,3.7,0.0,NONE
1779700587.204,77.9,90.4,31.7,1515.0,44.0,13.77,32.2,31.7,32.1,32.0,optimal,optimal,optimal,optimal,optimal,optimal,→ stable,→ stable,→ stable,100.0,✅ EXCELLENT,False,NONE,3.7,0.0,NONE
1779700588.205,77.7,89.2,31.7,1503.0,44.7,13.76,31.7,32.2,31.9,32.3,optimal,optimal,optimal,optimal,optimal,optimal,→ stable,→ stable,→ stable,100.0,✅ EXCELLENT,False,NONE,3.7,0.3,NONE
1779700589.206,79.2,90.6,31.8,1534.0,44.3,13.81,31.8,31.7,32.0,31.8,optimal,optimal,optimal,optimal,optimal,optimal,→ stable,→ stable,→ stable,100.0,✅ EXCELLENT,False,NONE,3.6,0.0,NONE
1779700590.207,78.6,88.7,32.0,1459.0,45.9,13.81,31.9,31.8,32.3,32.3,optimal,optimal,optimal,optimal,optimal,optimal,→ stable,→ stable,→ stable,100.0,✅ EXCELLENT,False,NONE,3.4,0.8,NONE
1779700591.208,81.9,90.8,32.3,1462.0,44.9,13.75,31.7,31.8,31.7,31.8,optimal,optimal,optimal,optimal,optimal,optimal,→ stable,→ stable,→ stable,100.0,✅ EXCELLENT,False,NONE,3.2,0.0,NONE
1779700592.209,82.6,89.6,31.7,1475.0,44.2,13.78,31.8,32.3,31.7,32.2,optimal,optimal,optimal,optimal,optimal,optimal,→ stable,→ stable,→ stable,100.0,✅ EXCELLENT,False,NONE,3.9,0.1,NONE
1779700593.21,81.7,90.1,31.9,1481.0,44.9,13.77,32.1,32.2,31.6,32.2,optimal,optimal,optimal,optimal,optimal,optimal,→ stable,→ stable,→ stable,100.0,✅ EXCELLENT,False,NONE,3.6,0.0,NONE
1779700594.211,77.6,89.3,31.7,1467.0,45.7,13.77,31.6,32.3,32.1,32.3,optimal,optimal,optimal,optimal,optimal,optimal,→ stable,→ stable,→ stable,100.0,✅ EXCELLENT,False,NONE,3.7,0.2,NONE
1779700595.212,77.2,90.5,32.3,1543.0,44.6,13.81,31.7,32.1,32.1,31.7,optimal,optimal,optimal,optimal,optimal,optimal,→ stable,→ stable,→ stable,100.0,✅ EXCELLENT,False,NONE,3.0,0.0,NONE
1779700596.213,81.1,89.8,32.3,1524.0,45.7,13.82,32.3,31.9,31.9,31.7,optimal,optimal,optimal,optimal,optimal,optimal,→ stable,→ stable,→ stable,100.0,✅ EXCELLENT,False,NONE,3.1,0.0,NONE
1779700597.213,80.5,88.8,31.8,1463.0,45.8,13.84,32.4,31.8,31.9,31.9,optimal,optimal,optimal,optimal,optimal,optimal,→ stable,→ stable,→ stable,100.0,✅ EXCELLENT,False,NONE,3.7,0.7,NONE
1779700598.214,80.6,89.5,31.6,1534.0,45.3,13.8,32.3,32.0,32.0,32.1,optimal,optimal,optimal,optimal,optimal,optimal,↑ increasing,→ stable,→ stable,100.0,✅ EXCELLENT,False,NONE,3.9,0.1,NONE
1779700599.213,78.7,90.3,32.4,1475.0,44.2,13.79,32.0,32.3,31.9,32.0,optimal,optimal,optimal,optimal,optimal,optimal,↑ increasing,→ stable,→ stable,100.0,✅ EXCELLENT,False,NONE,2.9,0.0,NONE
1779700600.214,77.7,89.4,32.1,1477.0,45.1,13.83,32.1,32.2,31.8,32.4,optimal,optimal,optimal,optimal,optimal,optimal,↑ increasing,→ stable,→ stable,100.0,✅ EXCELLENT,False,NONE,3.2,0.2,NONE
1779700601.214,78.4,88.8,31.7,1515.0,45.6,13.79,31.8,31.6,32.3,31.8,optimal,optimal,optimal,optimal,optimal,optimal,→ stable,→ stable,→ stable,100.0,✅ EXCELLENT,False,NONE,3.7,0.7,NONE
1779700602.215,81.6,90.7,32.0,1490.0,44.5,13.85,32.4,32.0,32.0,31.7,optimal,optimal,optimal,optimal,optimal,optimal,→ stable,→ stable,→ stable,100.0,✅ EXCELLENT,False,NONE,3.5,0.0,NONE
1779700603.216,79.4,91.4,32.3,1517.0,44.3,13.77,31.6,31.6,32.1,31.7,optimal,optimal,optimal,optimal,optimal,optimal,↓ decreasing,→ stable,→ stable,100.0,✅ EXCELLENT,False,NONE,3.1,0.0,NONE
1779700604.217,82.6,89.2,31.8,1480.0,44.6,13.8,31.9,31.7,31.8,32.3,optimal,optimal,optimal,optimal,optimal,optimal,→ stable,→ stable,→ stable,100.0,✅ EXCELLENT,False,NONE,3.8,0.3,NONE
1779700605.218,78.7,89.5,32.2,1460.0,44.2,13.77,31.7,32.0,32.0,32.4,optimal,optimal,optimal,optimal,optimal,optimal,→ stable,→ stable,→ stable,100.0,✅ EXCELLENT,False,NONE,3.1,0.1,NONE
1779700606.218,80.6,90.6,32.1,1535.0,44.7,13.79,31.9,31.8,31.8,32.3,optimal,optimal,optimal,optimal,optimal,optimal,→ stable,→ stable,→ stable,100.0,✅ EXCELLENT,False,NONE,3.3,0.0,NONE
1779700607.219,77.9,89.0,31.8,1513.0,45.7,13.84,32.0,32.3,32.0,32.1,optimal,optimal,optimal,optimal,optimal,optimal,→ stable,→ stable,→ stable,100.0,✅ EXCELLENT,False,NONE,3.6,0.5,NONE
1779700608.219,79.6,89.6,32.2,1517.0,45.4,13.85,32.0,32.2,32.2,31.8,optimal,optimal,optimal,optimal,optimal,optimal,↓ decreasing,→ stable,→ stable,100.0,✅ EXCELLENT,False,NONE,3.2,0.1,NONE
1779700609.221,79.5,90.1,31.6,1496.0,46.0,13.81,31.9,32.3,31.8,31.8,optimal,optimal,optimal,optimal,optimal,optimal,→ stable,→ stable,→ stable,100.0,✅ EXCELLENT,False,NONE,3.9,0.0,NONE
1779700610.222,79.3,90.0,32.3,1492.0,45.9,13.84,31.8,31.8,31.9,32.0,optimal,optimal,optimal,optimal,optimal,optimal,→ stable,→ stable,→ stable,100.0,✅ EXCELLENT,False,NONE,3.1,0.0,NONE
1779700611.224,79.0,91.4,32.4,1465.0,45.8,13.82,32.0,31.9,32.3,31.8,optimal,optimal,optimal,optimal,optimal,optimal,→ stable,↑ increasing,→ stable,100.0,✅ EXCELLENT,False,NONE,2.9,0.0,NONE
1779700612.225,79.3,89.2,31.7,1520.0,44.6,13.83,31.8,32.0,32.4,32.0,optimal,optimal,optimal,optimal,optimal,optimal,→ stable,→ stable,→ stable,100.0,✅ EXCELLENT,False,NONE,3.7,0.3,NONE
1779700613.226,79.5,89.9,32.2,1466.0,45.4,13.79,32.1,32.2,31.8,32.3,optimal,optimal,optimal,optimal,optimal,optimal,→ stable,→ stable,→ stable,100.0,✅ EXCELLENT,False,NONE,3.2,0.0,NONE
1779700614.226,78.7,89.3,32.3,1502.0,45.0,13.84,32.0,31.6,31.8,32.1,optimal,optimal,optimal,optimal,optimal,optimal,↓ decreasing,→ stable,→ stable,100.0,✅ EXCELLENT,False,NONE,3.0,0.2,NONE
1779700615.228,80.3,91.1,32.3,1497.0,45.5,13.78,32.2,31.6,31.7,32.0,optimal,optimal,optimal,optimal,optimal,optimal,↓ decreasing,→ stable,→ stable,100.0,✅ EXCELLENT,False,NONE,3.1,0.0,NONE
1779700616.229,81.5,90.7,32.0,1521.0,44.6,13.8,32.1,31.9,32.3,31.8,optimal,optimal,optimal,optimal,optimal,optimal,→ stable,→ stable,→ stable,100.0,✅ EXCELLENT,False,NONE,3.5,0.0,NONE
1779700617.23,80.0,88.8,32.2,1468.0,44.2,13.79,31.9,32.1,32.4,31.7,optimal,optimal,optimal,optimal,optimal,optimal,→ stable,→ stable,→ stable,100.0,✅ EXCELLENT,False,NONE,3.2,0.7,NONE
1779700618.229,82.0,90.7,32.2,1506.0,44.8,13.78,31.9,32.3,31.9,32.3,optimal,optimal,optimal,optimal,optimal,optimal,→ stable,→ stable,→ stable,100.0,✅ EXCELLENT,False,NONE,3.3,0.0,NONE
1779700619.229,81.4,89.8,31.9,1510.0,45.2,13.82,31.6,32.2,32.3,32.2,optimal,optimal,optimal,optimal,optimal,optimal,→ stable,→ stable,→ stable,100.0,✅ EXCELLENT,False,NONE,3.6,0.0,NONE
1779700620.23,78.9,90.0,32.4,1512.0,45.4,13.76,31.7,31.8,31.8,32.0,optimal,optimal,optimal,optimal,optimal,optimal,→ stable,→ stable,→ stable,100.0,✅ EXCELLENT,False,NONE,2.9,0.0,NONE
1779700621.231,79.5,89.0,32.0,1530.0,45.1,13.75,32.2,32.2,31.6,31.7,optimal,optimal,optimal,optimal,optimal,optimal,→ stable,→ stable,→ stable,100.0,✅ EXCELLENT,False,NONE,3.4,0.5,NONE
1779700622.232,78.7,91.4,31.9,1476.0,45.1,13.85,32.2,32.4,32.1,31.7,optimal,optimal,optimal,optimal,optimal,optimal,→ stable,→ stable,→ stable,100.0,✅ EXCELLENT,False,NONE,3.5,0.0,NONE
1779700623.233,81.3,89.4,31.8,1516.0,44.7,13.79,31.8,32.4,31.6,32.0,optimal,optimal,optimal,optimal,optimal,optimal,↑ increasing,→ stable,→ stable,100.0,✅ EXCELLENT,False,NONE,3.7,0.2,NONE
1779700624.234,81.0,89.3,31.9,1469.0,45.5,13.78,32.1,32.3,31.8,32.2,optimal,optimal,optimal,optimal,optimal,optimal,↑ increasing,→ stable,→ stable,100.0,✅ EXCELLENT,False,NONE,3.6,0.2,NONE
1779700625.235,77.5,90.5,32.3,1534.0,45.8,13.83,31.9,31.8,31.7,31.6,optimal,optimal,optimal,optimal,optimal,optimal,↑ increasing,→ stable,→ stable,100.0,✅ EXCELLENT,False,NONE,3.0,0.0,NONE
1779700626.235,79.4,90.8,32.2,1504.0,45.7,13.84,32.1,32.4,32.2,31.8,optimal,optimal,optimal,optimal,optimal,optimal,↑ increasing,→ stable,→ stable,100.0,✅ EXCELLENT,False,NONE,3.2,0.0,NONE
1779700627.236,80.0,90.7,31.8,1496.0,44.7,13.77,32.3,32.2,31.9,32.0,optimal,optimal,optimal,optimal,optimal,optimal,→ stable,→ stable,→ stable,100.0,✅ EXCELLENT,False,NONE,3.7,0.0,NONE
1779700628.237,79.2,89.2,32.3,1513.0,44.8,13.82,31.8,32.1,31.8,32.1,optimal,optimal,optimal,optimal,optimal,optimal,→ stable,→ stable,→ stable,100.0,✅ EXCELLENT,False,NONE,3.1,0.3,NONE
1779700629.238,80.6,91.0,32.2,1504.0,45.4,13.77,31.8,31.7,31.8,32.3,optimal,optimal,optimal,optimal,optimal,optimal,→ stable,→ stable,→ stable,100.0,✅ EXCELLENT,False,NONE,3.2,0.0,NONE
1779700630.239,78.1,88.9,32.2,1484.0,45.2,13.83,31.9,31.9,32.0,32.2,optimal,optimal,optimal,optimal,optimal,optimal,↓ decreasing,→ stable,→ stable,100.0,✅ EXCELLENT,False,NONE,3.1,0.6,NONE
1779700631.24,78.4,89.2,32.3,1463.0,45.9,13.82,31.7,31.8,32.3,31.7,optimal,optimal,optimal,optimal,optimal,optimal,↓ decreasing,→ stable,→ stable,100.0,✅ EXCELLENT,False,NONE,3.0,0.3,NONE
1779700632.241,81.8,91.0,32.1,1489.0,45.6,13.78,32.0,31.9,31.7,32.2,optimal,optimal,optimal,optimal,optimal,optimal,→ stable,→ stable,→ stable,100.0,✅ EXCELLENT,False,NONE,3.4,0.0,NONE
1779700633.242,82.2,90.8,31.6,1464.0,44.7,13.82,32.3,32.1,31.9,32.2,optimal,optimal,optimal,optimal,optimal,optimal,→ stable,→ stable,→ stable,100.0,✅ EXCELLENT,False,NONE,4.0,0.0,NONE
1779700634.242,77.5,90.0,32.4,1509.0,45.1,13.77,32.3,31.9,32.3,31.7,optimal,optimal,optimal,optimal,optimal,optimal,↓ decreasing,→ stable,→ stable,100.0,✅ EXCELLENT,False,NONE,2.9,0.0,NONE
1779700635.243,80.1,90.2,32.3,1540.0,45.1,13.79,32.3,31.9,31.8,31.7,optimal,optimal,optimal,optimal,optimal,optimal,→ stable,→ stable,→ stable,100.0,✅ EXCELLENT,False,NONE,3.1,0.0,NONE
1779700636.244,80.2,89.6,32.3,1520.0,44.6,13.84,31.6,32.1,32.4,31.9,optimal,optimal,optimal,optimal,optimal,optimal,→ stable,→ stable,→ stable,100.0,✅ EXCELLENT,False,NONE,3.1,0.1,NONE
1779700637.245,82.7,88.7,32.1,1470.0,44.7,13.79,32.2,32.3,32.1,32.4,optimal,optimal,optimal,optimal,optimal,optimal,→ stable,→ stable,→ stable,100.0,✅ EXCELLENT,False,NONE,3.4,0.8,NONE
1779700638.246,77.2,91.4,31.9,1476.0,44.0,13.77,32.2,31.8,31.7,31.7,optimal,optimal,optimal,optimal,optimal,optimal,→ stable,→ stable,→ stable,100.0,✅ EXCELLENT,False,NONE,3.4,0.0,NONE
1779700639.247,81.3,89.3,31.6,1532.0,45.4,13.79,31.8,31.7,32.2,32.2,optimal,optimal,optimal,optimal,optimal,optimal,→ stable,→ stable,→ stable,100.0,✅ EXCELLENT,False,NONE,3.9,0.2,NONE
1779700640.248,78.9,90.7,31.7,1489.0,44.7,13.82,32.1,32.2,32.1,31.7,optimal,optimal,optimal,optimal,optimal,optimal,→ stable,→ stable,→ stable,100.0,✅ EXCELLENT,False,NONE,3.7,0.0,NONE
1779700641.248,79.5,89.0,32.1,1519.0,45.4,13.8,32.1,31.6,31.7,32.2,optimal,optimal,optimal,optimal,optimal,optimal,↑ increasing,→ stable,→ stable,100.0,✅ EXCELLENT,False,NONE,3.3,0.5,NONE
1779700642.248,80.6,88.9,31.9,1451.0,44.8,13.81,31.9,32.3,32.3,32.1,optimal,optimal,optimal,optimal,optimal,optimal,→ stable,→ stable,→ stable,100.0,✅ EXCELLENT,False,NONE,3.6,0.6,NONE
1779700643.249,81.7,90.8,31.6,1511.0,45.3,13.78,31.8,32.3,31.8,32.3,optimal,optimal,optimal,optimal,optimal,optimal,→ stable,→ stable,→ stable,100.0,✅ EXCELLENT,False,NONE,4.0,0.0,NONE
1779700644.249,77.6,89.8,32.4,1454.0,45.9,13.85,31.9,32.3,32.2,32.3,optimal,optimal,optimal,optimal,optimal,optimal,↑ increasing,→ stable,→ stable,100.0,✅ EXCELLENT,False,NONE,2.9,0.0,NONE
1779700645.25,79.0,91.4,31.9,1511.0,45.6,13.79,32.0,31.9,32.2,31.7,optimal,optimal,optimal,optimal,optimal,optimal,→ stable,→ stable,→ stable,100.0,✅ EXCELLENT,False,NONE,3.5,0.0,NONE
1779700646.25,81.5,91.4,31.8,1519.0,44.8,13.79,32.2,31.8,31.8,32.1,optimal,optimal,optimal,optimal,optimal,optimal,→ stable,→ stable,→ stable,100.0,✅ EXCELLENT,False,NONE,3.7,0.0,NONE
1779700647.252,80.7,90.7,32.3,1526.0,44.3,13.85,31.7,32.1,32.2,32.0,optimal,optimal,optimal,optimal,optimal,optimal,→ stable,→ stable,→ stable,100.0,✅ EXCELLENT,False,NONE,3.1,0.0,NONE
1779700648.254,80.1,89.4,31.7,1547.0,45.4,13.81,31.7,32.0,31.6,31.9,optimal,optimal,optimal,optimal,optimal,optimal,→ stable,→ stable,→ stable,100.0,✅ EXCELLENT,False,NONE,3.8,0.2,NONE
1779700649.255,78.8,89.0,31.8,1475.0,44.6,13.81,32.3,31.8,32.0,32.1,optimal,optimal,optimal,optimal,optimal,optimal,→ stable,→ stable,→ stable,100.0,✅ EXCELLENT,False,NONE,3.6,0.5,NONE
1779700650.256,80.4,90.4,31.9,1514.0,45.6,13.85,32.0,32.2,31.9,32.2,optimal,optimal,optimal,optimal,optimal,optimal,→ stable,→ stable,→ stable,100.0,✅ EXCELLENT,False,NONE,3.6,0.0,NONE
1779700651.257,77.8,90.3,32.0,1511.0,44.8,13.77,31.6,31.7,31.8,32.1,optimal,optimal,optimal,optimal,optimal,optimal,→ stable,→ stable,→ stable,100.0,✅ EXCELLENT,False,NONE,3.3,0.0,NONE
1779700652.258,78.9,91.0,32.1,1549.0,44.7,13.79,31.8,32.0,32.4,31.8,optimal,optimal,optimal,optimal,optimal,optimal,→ stable,↑ increasing,→ stable,100.0,✅ EXCELLENT,False,NONE,3.3,0.0,NONE
1779700653.259,78.6,89.3,31.6,1491.0,45.0,13.77,31.6,31.6,31.7,32.1,optimal,optimal,optimal,optimal,optimal,optimal,↓ decreasing,→ stable,→ stable,100.0,✅ EXCELLENT,False,NONE,3.8,0.2,NONE
1779700654.259,80.7,89.1,31.8,1495.0,45.4,13.76,32.2,32.1,32.0,31.6,optimal,optimal,optimal,optimal,optimal,optimal,→ stable,→ stable,→ stable,100.0,✅ EXCELLENT,False,NONE,3.7,0.4,NONE
1779700655.26,79.7,88.9,32.0,1525.0,44.6,13.78,32.2,32.4,31.7,32.2,optimal,optimal,optimal,optimal,optimal,optimal,→ stable,→ stable,→ stable,100.0,✅ EXCELLENT,False,NONE,3.4,0.6,NONE
1779700656.26,79.7,89.2,31.6,1481.0,44.8,13.79,32.1,31.9,32.4,32.1,optimal,optimal,optimal,optimal,optimal,optimal,→ stable,→ stable,→ stable,100.0,✅ EXCELLENT,False,NONE,3.9,0.3,NONE
1779700657.26,77.0,90.0,32.1,1479.0,45.0,13.76,32.3,31.8,32.2,31.7,optimal,optimal,optimal,optimal,optimal,optimal,↓ decreasing,↓ decreasing,→ stable,100.0,✅ EXCELLENT,False,NONE,3.2,0.0,NONE
1779700658.261,82.5,90.8,31.6,1461.0,45.1,13.79,32.0,32.2,31.9,32.0,optimal,optimal,optimal,optimal,optimal,optimal,↓ decreasing,→ stable,→ stable,100.0,✅ EXCELLENT,False,NONE,4.0,0.0,NONE
1779700659.262,81.4,89.9,32.3,1511.0,45.7,13.78,32.0,32.1,31.7,31.7,optimal,optimal,optimal,optimal,optimal,optimal,→ stable,→ stable,→ stable,100.0,✅ EXCELLENT,False,NONE,3.1,0.0,NONE
1779700660.263,81.2,90.2,32.2,1549.0,44.5,13.75,32.0,32.2,32.4,32.3,optimal,optimal,optimal,optimal,optimal,optimal,→ stable,→ stable,→ stable,100.0,✅ EXCELLENT,False,NONE,3.2,0.0,NONE
1779700661.264,78.6,89.1,32.4,1517.0,45.1,13.75,32.1,31.8,31.6,32.3,optimal,optimal,optimal,optimal,optimal,optimal,→ stable,→ stable,→ stable,100.0,✅ EXCELLENT,False,NONE,2.9,0.4,NONE
1779700662.264,81.0,89.9,31.9,1467.0,45.2,13.84,31.7,31.7,31.8,32.1,optimal,optimal,optimal,optimal,optimal,optimal,→ stable,↓ decreasing,→ stable,100.0,✅ EXCELLENT,False,NONE,3.6,0.0,NONE
1779700663.265,78.0,89.4,32.2,1515.0,45.6,13.75,32.3,31.9,31.9,32.3,optimal,optimal,optimal,optimal,optimal,optimal,↑ increasing,↓ decreasing,→ stable,100.0,✅ EXCELLENT,False,NONE,3.1,0.2,NONE
1779700664.266,80.1,88.5,32.1,1492.0,44.2,13.78,31.9,31.6,31.9,31.8,optimal,optimal,optimal,optimal,optimal,optimal,→ stable,↓ decreasing,→ stable,100.0,✅ EXCELLENT,False,NONE,3.3,1.1,NONE
1779700665.267,80.1,89.9,32.2,1470.0,45.4,13.78,31.7,32.1,32.0,32.3,optimal,optimal,optimal,optimal,optimal,optimal,→ stable,→ stable,→ stable,100.0,✅ EXCELLENT,False,NONE,3.2,0.0,NONE
1779700666.268,81.4,89.7,31.7,1473.0,45.4,13.76,32.0,32.2,31.7,32.1,optimal,optimal,optimal,optimal,optimal,optimal,↑ increasing,→ stable,→ stable,100.0,✅ EXCELLENT,False,NONE,3.8,0.0,NONE
1779700667.269,82.4,88.8,32.0,1480.0,44.3,13.83,31.9,32.0,31.7,32.2,optimal,optimal,optimal,optimal,optimal,optimal,↑ increasing,→ stable,→ stable,100.0,✅ EXCELLENT,False,NONE,3.5,0.7,NONE
1779700668.269,80.1,91.4,32.0,1453.0,44.0,13.81,32.4,32.3,31.9,31.9,optimal,optimal,optimal,optimal,optimal,optimal,↑ increasing,→ stable,→ stable,100.0,✅ EXCELLENT,False,NONE,3.4,0.0,NONE
1779700669.27,82.3,90.6,32.0,1545.0,44.0,13.84,32.0,32.3,32.3,31.8,optimal,optimal,optimal,optimal,optimal,optimal,↑ increasing,→ stable,→ stable,100.0,✅ EXCELLENT,False,NONE,3.5,0.0,NONE
1779700670.271,80.7,89.3,31.8,1462.0,44.2,13.76,32.0,32.1,32.1,31.8,optimal,optimal,optimal,optimal,optimal,optimal,↑ increasing,→ stable,→ stable,100.0,✅ EXCELLENT,False,NONE,3.7,0.2,NONE
1779700671.272,82.4,89.7,32.3,1528.0,44.2,13.76,31.8,32.2,32.2,31.6,optimal,optimal,optimal,optimal,optimal,optimal,↑ increasing,→ stable,→ stable,100.0,✅ EXCELLENT,False,NONE,3.2,0.0,NONE
1779700672.272,80.1,90.4,31.6,1504.0,44.8,13.75,32.2,32.1,32.0,31.9,optimal,optimal,optimal,optimal,optimal,optimal,↑ increasing,→ stable,→ stable,100.0,✅ EXCELLENT,False,NONE,3.9,0.0,NONE
1779700673.273,79.2,91.1,31.7,1481.0,44.8,13.75,32.2,32.3,31.7,32.2,optimal,optimal,optimal,optimal,optimal,optimal,↑ increasing,→ stable,→ stable,100.0,✅ EXCELLENT,False,NONE,3.7,0.0,NONE
1779700674.274,79.9,89.4,31.7,1486.0,44.3,13.82,31.7,32.3,31.9,32.2,optimal,optimal,optimal,optimal,optimal,optimal,↑ increasing,→ stable,→ stable,100.0,✅ EXCELLENT,False,NONE,3.8,0.2,NONE
1779700675.275,82.4,89.3,32.4,1535.0,45.8,13.75,32.3,32.3,31.6,32.0,optimal,optimal,optimal,optimal,optimal,optimal,↑ increasing,→ stable,→ stable,100.0,✅ EXCELLENT,False,NONE,3.1,0.2,NONE
1779700676.276,77.7,89.4,31.7,1485.0,44.0,13.81,31.9,31.7,31.8,32.2,optimal,optimal,optimal,optimal,optimal,optimal,↑ increasing,→ stable,→ stable,100.0,✅ EXCELLENT,False,NONE,3.7,0.2,NONE
1779700677.277,81.8,91.3,31.8,1464.0,44.6,13.79,31.8,31.7,31.9,32.0,optimal,optimal,optimal,optimal,optimal,optimal,→ stable,↑ increasing,→ stable,100.0,✅ EXCELLENT,False,NONE,3.7,0.0,NONE
1779700678.278,79.1,89.6,32.0,1467.0,45.4,13.76,32.4,32.4,31.6,32.2,optimal,optimal,optimal,optimal,optimal,optimal,→ stable,→ stable,→ stable,100.0,✅ EXCELLENT,False,NONE,3.4,0.1,NONE
1779700679.279,81.7,90.0,32.2,1516.0,45.8,13.82,32.2,32.1,32.1,32.4,optimal,optimal,optimal,optimal,optimal,optimal,→ stable,→ stable,→ stable,100.0,✅ EXCELLENT,False,NONE,3.3,0.0,NONE
1779700680.28,79.0,89.8,31.9,1540.0,44.6,13.79,31.8,32.2,31.7,31.8,optimal,optimal,optimal,optimal,optimal,optimal,→ stable,→ stable,→ stable,100.0,✅ EXCELLENT,False,NONE,3.5,0.0,NONE
1779700681.281,77.8,88.6,31.9,1538.0,45.2,13.76,31.7,32.4,31.9,32.1,optimal,optimal,optimal,optimal,optimal,optimal,↓ decreasing,→ stable,→ stable,100.0,✅ EXCELLENT,False,NONE,3.4,1.0,NONE
1779700682.281,82.5,89.1,32.0,1462.0,45.7,13.84,31.7,32.2,31.8,31.8,optimal,optimal,optimal,optimal,optimal,optimal,↓ decreasing,→ stable,→ stable,100.0,✅ EXCELLENT,False,NONE,3.5,0.4,NONE
1779700683.282,78.1,89.6,32.0,1506.0,44.9,13.84,32.2,32.2,32.1,31.9,optimal,optimal,optimal,optimal,optimal,optimal,↓ decreasing,→ stable,→ stable,100.0,✅ EXCELLENT,False,NONE,3.3,0.1,NONE
1779700684.283,79.8,90.1,31.7,1489.0,45.7,13.83,32.2,32.4,32.3,31.7,optimal,optimal,optimal,optimal,optimal,optimal,↓ decreasing,→ stable,→ stable,100.0,✅ EXCELLENT,False,NONE,3.8,0.0,NONE
1779700685.284,82.2,90.6,31.7,1508.0,45.3,13.81,32.0,31.7,31.6,31.9,optimal,optimal,optimal,optimal,optimal,optimal,↓ decreasing,→ stable,→ stable,100.0,✅ EXCELLENT,False,NONE,3.9,0.0,NONE
1779700686.284,82.3,89.2,31.8,1479.0,44.9,13.78,32.0,32.3,31.7,31.8,optimal,optimal,optimal,optimal,optimal,optimal,→ stable,→ stable,→ stable,100.0,✅ EXCELLENT,False,NONE,3.8,0.3,NONE
1779700687.286,78.4,89.7,31.7,1458.0,44.4,13.77,32.1,31.6,31.7,32.0,optimal,optimal,optimal,optimal,optimal,optimal,↓ decreasing,↓ decreasing,→ stable,100.0,✅ EXCELLENT,False,NONE,3.7,0.0,NONE
1779700688.287,82.2,90.4,32.3,1464.0,44.3,13.76,32.4,31.7,32.1,31.7,optimal,optimal,optimal,optimal,optimal,optimal,→ stable,→ stable,→ stable,100.0,✅ EXCELLENT,False,NONE,3.2,0.0,NONE
1779700689.288,78.0,90.6,31.9,1506.0,44.9,13.82,31.7,31.7,31.7,32.2,optimal,optimal,optimal,optimal,optimal,optimal,→ stable,→ stable,→ stable,100.0,✅ EXCELLENT,False,NONE,3.5,0.0,NONE
1779700690.289,82.1,89.5,31.7,1500.0,44.6,13.8,32.2,31.7,32.1,31.8,optimal,optimal,optimal,optimal,optimal,optimal,→ stable,→ stable,→ stable,100.0,✅ EXCELLENT,False,NONE,3.9,0.1,NONE
1779700691.29,81.4,88.9,31.6,1512.0,44.8,13.76,32.4,32.0,31.6,32.2,optimal,optimal,optimal,optimal,optimal,optimal,↑ increasing,→ stable,→ stable,100.0,✅ EXCELLENT,False,NONE,4.0,0.6,NONE
1779700692.292,80.2,88.6,31.9,1468.0,44.1,13.75,32.1,31.8,32.1,32.0,optimal,optimal,optimal,optimal,optimal,optimal,→ stable,→ stable,→ stable,100.0,✅ EXCELLENT,False,NONE,3.6,1.0,NONE
1779700693.293,81.1,91.3,31.6,1481.0,46.0,13.77,32.2,32.2,32.1,31.9,optimal,optimal,optimal,optimal,optimal,optimal,↑ increasing,→ stable,→ stable,100.0,✅ EXCELLENT,False,NONE,3.9,0.0,NONE
1779700694.294,81.7,90.5,32.0,1487.0,45.7,13.76,32.0,32.4,32.3,31.6,optimal,optimal,optimal,optimal,optimal,optimal,↑ increasing,→ stable,→ stable,100.0,✅ EXCELLENT,False,NONE,3.5,0.0,NONE
1779700695.295,81.3,88.9,32.3,1465.0,44.5,13.82,32.4,32.4,31.6,32.1,optimal,optimal,optimal,optimal,optimal,optimal,↑ increasing,→ stable,→ stable,100.0,✅ EXCELLENT,False,NONE,3.1,0.6,NONE
1779700696.296,80.1,88.6,32.3,1497.0,44.3,13.75,31.6,31.9,31.8,31.7,optimal,optimal,optimal,optimal,optimal,optimal,→ stable,→ stable,→ stable,100.0,✅ EXCELLENT,False,NONE,3.1,1.0,NONE
1779700697.297,81.1,89.5,31.6,1455.0,45.5,13.75,31.9,31.9,32.4,31.8,optimal,optimal,optimal,optimal,optimal,optimal,↑ increasing,→ stable,→ stable,100.0,✅ EXCELLENT,False,NONE,3.9,0.1,NONE
1779700698.298,78.1,88.8,31.9,1459.0,44.1,13.82,32.1,32.2,31.7,31.9,optimal,optimal,optimal,optimal,optimal,optimal,→ stable,→ stable,→ stable,100.0,✅ EXCELLENT,False,NONE,3.5,0.7,NONE
1779700699.299,77.6,91.3,32.1,1534.0,45.8,13.82,32.1,31.8,31.7,32.2,optimal,optimal,optimal,optimal,optimal,optimal,→ stable,→ stable,→ stable,100.0,✅ EXCELLENT,False,NONE,3.2,0.0,NONE
1779700700.3,81.9,90.4,31.7,1515.0,45.6,13.82,31.6,32.4,32.4,32.4,optimal,optimal,optimal,optimal,optimal,optimal,→ stable,→ stable,→ stable,100.0,✅ EXCELLENT,False,NONE,3.9,0.0,NONE
1779700701.301,77.5,89.3,31.6,1545.0,44.2,13.79,32.3,31.7,32.3,32.4,optimal,optimal,optimal,optimal,optimal,optimal,↓ decreasing,→ stable,→ stable,100.0,✅ EXCELLENT,False,NONE,3.8,0.2,NONE
1779700702.302,82.5,91.4,32.1,1527.0,44.6,13.85,31.8,32.0,32.0,32.3,optimal,optimal,optimal,optimal,optimal,optimal,→ stable,→ stable,→ stable,100.0,✅ EXCELLENT,False,NONE,3.4,0.0,NONE
1779700703.302,80.7,91.2,32.2,1452.0,44.2,13.8,31.7,32.3,31.9,31.9,optimal,optimal,optimal,optimal,optimal,optimal,↓ decreasing,→ stable,→ stable,100.0,✅ EXCELLENT,False,NONE,3.2,0.0,NONE
1779700704.303,82.6,91.1,31.9,1452.0,44.2,13.8,31.8,31.7,32.1,32.1,optimal,optimal,optimal,optimal,optimal,optimal,↓ decreasing,→ stable,→ stable,100.0,✅ EXCELLENT,False,NONE,3.7,0.0,NONE
1779700705.304,82.6,90.3,32.3,1464.0,45.2,13.8,31.6,32.4,32.2,31.9,optimal,optimal,optimal,optimal,optimal,optimal,→ stable,→ stable,→ stable,100.0,✅ EXCELLENT,False,NONE,3.2,0.0,NONE
1779700706.305,77.4,89.1,32.4,1493.0,45.5,13.78,32.3,31.9,31.9,32.3,optimal,optimal,optimal,optimal,optimal,optimal,→ stable,↑ increasing,→ stable,100.0,✅ EXCELLENT,False,NONE,2.9,0.4,NONE
1779700707.305,78.6,89.6,31.9,1483.0,44.7,13.83,32.1,32.3,32.2,32.0,optimal,optimal,optimal,optimal,optimal,optimal,↓ decreasing,↑ increasing,→ stable,100.0,✅ EXCELLENT,False,NONE,3.5,0.1,NONE
1779700708.306,82.5,89.6,32.1,1510.0,44.4,13.85,32.3,32.3,31.7,32.3,optimal,optimal,optimal,optimal,optimal,optimal,→ stable,↑ increasing,→ stable,100.0,✅ EXCELLENT,False,NONE,3.4,0.1,NONE
1779700709.307,81.9,91.3,31.8,1531.0,46.0,13.81,31.8,31.7,32.4,31.8,optimal,optimal,optimal,optimal,optimal,optimal,→ stable,↑ increasing,→ stable,100.0,✅ EXCELLENT,False,NONE,3.7,0.0,NONE
1779700710.308,78.5,90.0,32.2,1498.0,45.4,13.85,32.3,32.3,32.3,32.2,optimal,optimal,optimal,optimal,optimal,optimal,→ stable,↑ increasing,→ stable,100.0,✅ EXCELLENT,False,NONE,3.1,0.0,NONE
1779700711.308,80.6,90.4,32.1,1472.0,45.8,13.82,32.2,32.0,32.1,32.3,optimal,optimal,optimal,optimal,optimal,optimal,↑ increasing,↑ increasing,→ stable,100.0,✅ EXCELLENT,False,NONE,3.3,0.0,NONE
1779700712.309,82.2,89.0,32.0,1476.0,45.8,13.84,31.9,32.3,32.1,32.2,optimal,optimal,optimal,optimal,optimal,optimal,→ stable,→ stable,→ stable,100.0,✅ EXCELLENT,False,NONE,3.5,0.5,NONE
1779700713.309,78.0,90.0,32.0,1461.0,45.5,13.81,31.8,32.2,31.8,31.6,optimal,optimal,optimal,optimal,optimal,optimal,→ stable,→ stable,→ stable,100.0,✅ EXCELLENT,False,NONE,3.3,0.0,NONE
1779700714.309,81.4,89.2,31.8,1497.0,44.5,13.81,32.2,31.6,32.1,31.9,optimal,optimal,optimal,optimal,optimal,optimal,→ stable,→ stable,→ stable,100.0,✅ EXCELLENT,False,NONE,3.7,0.3,NONE
1779700715.311,78.8,90.5,32.4,1501.0,44.9,13.84,31.7,31.9,31.8,32.1,optimal,optimal,optimal,optimal,optimal,optimal,→ stable,→ stable,→ stable,100.0,✅ EXCELLENT,False,NONE,2.9,0.0,NONE
1779700716.312,78.5,91.1,31.6,1451.0,45.6,13.75,32.3,32.3,32.0,31.8,optimal,optimal,optimal,optimal,optimal,optimal,→ stable,→ stable,→ stable,100.0,✅ EXCELLENT,False,NONE,3.8,0.0,NONE
1779700717.313,78.2,89.6,31.9,1535.0,44.3,13.79,31.7,31.8,32.0,32.1,optimal,optimal,optimal,optimal,optimal,optimal,→ stable,→ stable,→ stable,100.0,✅ EXCELLENT,False,NONE,3.5,0.1,NONE
1779700718.314,79.7,90.4,31.9,1532.0,45.3,13.84,32.0,31.9,31.6,32.0,optimal,optimal,optimal,optimal,optimal,optimal,↓ decreasing,→ stable,→ stable,100.0,✅ EXCELLENT,False,NONE,3.5,0.0,NONE
1779700719.315,81.2,89.3,32.0,1490.0,44.5,13.8,32.1,31.8,32.4,32.0,optimal,optimal,optimal,optimal,optimal,optimal,↓ decreasing,→ stable,→ stable,100.0,✅ EXCELLENT,False,NONE,3.5,0.2,NONE
1779700720.316,80.6,89.9,32.2,1503.0,45.7,13.83,31.6,32.1,32.0,31.7,optimal,optimal,optimal,optimal,optimal,optimal,↓ decreasing,→ stable,→ stable,100.0,✅ EXCELLENT,False,NONE,3.2,0.0,NONE
1779700721.317,81.3,90.8,32.2,1542.0,44.6,13.82,32.4,31.8,32.3,32.0,optimal,optimal,optimal,optimal,optimal,optimal,↓ decreasing,→ stable,→ stable,100.0,✅ EXCELLENT,False,NONE,3.3,0.0,NONE
1779700722.319,81.3,90.2,31.8,1529.0,44.3,13.77,31.9,32.3,32.2,32.3,optimal,optimal,optimal,optimal,optimal,optimal,↓ decreasing,→ stable,→ stable,100.0,✅ EXCELLENT,False,NONE,3.7,0.0,NONE
1779700723.32,79.5,89.4,32.3,1502.0,45.9,13.75,32.2,31.8,32.3,32.3,optimal,optimal,optimal,optimal,optimal,optimal,→ stable,→ stable,→ stable,100.0,✅ EXCELLENT,False,NONE,3.1,0.2,NONE
1779700724.321,79.5,90.0,31.9,1497.0,45.8,13.76,31.9,32.4,32.0,32.2,optimal,optimal,optimal,optimal,optimal,optimal,↓ decreasing,→ stable,→ stable,100.0,✅ EXCELLENT,False,NONE,3.5,0.0,NONE
1779700725.322,80.1,89.4,32.3,1527.0,45.6,13.77,32.3,31.8,31.9,32.1,optimal,optimal,optimal,optimal,optimal,optimal,→ stable,→ stable,→ stable,100.0,✅ EXCELLENT,False,NONE,3.1,0.2,NONE
1779700726.323,81.3,88.9,32.1,1502.0,44.2,13.77,31.8,32.4,32.2,31.7,optimal,optimal,optimal,optimal,optimal,optimal,→ stable,→ stable,→ stable,100.0,✅ EXCELLENT,False,NONE,3.4,0.6,NONE
1779700727.324,79.3,88.7,31.6,1509.0,44.9,13.78,32.2,32.1,31.8,31.7,optimal,optimal,optimal,optimal,optimal,optimal,→ stable,→ stable,→ stable,100.0,✅ EXCELLENT,False,NONE,3.9,0.8,NONE
1779700728.325,82.3,89.5,32.2,1473.0,45.0,13.8,31.8,31.7,32.2,32.2,optimal,optimal,optimal,optimal,optimal,optimal,↑ increasing,↓ decreasing,→ stable,100.0,✅ EXCELLENT,False,NONE,3.3,0.1,NONE
1779700729.326,82.6,89.7,31.6,1485.0,44.7,13.85,31.7,31.9,31.9,32.1,optimal,optimal,optimal,optimal,optimal,optimal,↑ increasing,→ stable,→ stable,100.0,✅ EXCELLENT,False,NONE,4.0,0.0,NONE
1779700730.327,82.8,89.9,32.2,1468.0,44.5,13.78,32.1,32.2,31.7,32.3,optimal,optimal,optimal,optimal,optimal,optimal,↑ increasing,→ stable,→ stable,100.0,✅ EXCELLENT,False,NONE,3.3,0.0,NONE
1779700731.328,80.7,90.7,32.0,1489.0,44.4,13.81,31.6,32.1,32.1,31.9,optimal,optimal,optimal,optimal,optimal,optimal,↑ increasing,→ stable,→ stable,100.0,✅ EXCELLENT,False,NONE,3.5,0.0,NONE
1779700732.327,82.1,89.2,32.0,1453.0,45.7,13.77,31.7,32.1,32.0,31.9,optimal,optimal,optimal,optimal,optimal,optimal,↑ increasing,↓ decreasing,→ stable,100.0,✅ EXCELLENT,False,NONE,3.5,0.3,NONE
1779700733.333,79.8,89.6,32.3,1547.0,44.2,13.78,32.0,31.9,31.9,32.2,optimal,optimal,optimal,optimal,optimal,optimal,↑ increasing,→ stable,→ stable,100.0,✅ EXCELLENT,False,NONE,3.1,0.1,NONE
1779700734.333,82.2,89.3,31.9,1498.0,45.6,13.8,32.0,32.1,32.2,32.1,optimal,optimal,optimal,optimal,optimal,optimal,↑ increasing,↓ decreasing,→ stable,100.0,✅ EXCELLENT,False,NONE,3.6,0.2,NONE
1779700735.334,81.8,88.5,31.7,1530.0,45.5,13.84,31.7,31.9,31.6,32.1,optimal,optimal,optimal,optimal,optimal,optimal,↑ increasing,↓ decreasing,→ stable,100.0,✅ EXCELLENT,False,NONE,3.9,1.1,NONE
1779700736.335,80.4,90.2,32.2,1502.0,44.2,13.81,32.3,31.7,32.3,32.2,optimal,optimal,optimal,optimal,optimal,optimal,↑ increasing,→ stable,→ stable,100.0,✅ EXCELLENT,False,NONE,3.2,0.0,NONE
1779700737.336,80.1,89.0,31.8,1486.0,45.9,13.8,32.0,32.1,31.6,31.8,optimal,optimal,optimal,optimal,optimal,optimal,↑ increasing,→ stable,→ stable,100.0,✅ EXCELLENT,False,NONE,3.7,0.5,NONE
1779700738.336,78.8,89.4,32.0,1500.0,44.3,13.83,31.9,31.7,32.3,31.9,optimal,optimal,optimal,optimal,optimal,optimal,→ stable,→ stable,→ stable,100.0,✅ EXCELLENT,False,NONE,3.4,0.2,NONE
1779700739.337,78.1,91.2,32.1,1494.0,45.0,13.8,32.2,31.8,31.9,31.7,optimal,optimal,optimal,optimal,optimal,optimal,→ stable,→ stable,→ stable,100.0,✅ EXCELLENT,False,NONE,3.2,0.0,NONE
1779700740.338,81.4,90.0,31.7,1457.0,45.5,13.79,32.1,32.0,31.6,31.9,optimal,optimal,optimal,optimal,optimal,optimal,→ stable,→ stable,→ stable,100.0,✅ EXCELLENT,False,NONE,3.8,0.0,NONE
1779700741.339,83.0,89.6,32.3,1471.0,45.0,13.84,32.1,32.2,32.2,32.3,optimal,optimal,optimal,optimal,optimal,optimal,→ stable,→ stable,→ stable,100.0,✅ EXCELLENT,False,NONE,3.2,0.1,NONE
1779700742.34,83.0,88.7,31.8,1528.0,45.1,13.79,32.2,32.1,32.2,32.0,optimal,optimal,optimal,optimal,optimal,optimal,→ stable,→ stable,→ stable,100.0,✅ EXCELLENT,False,NONE,3.8,0.8,NONE
1779700743.341,79.5,90.5,32.1,1545.0,44.4,13.81,32.0,31.9,32.1,31.9,optimal,optimal,optimal,optimal,optimal,optimal,→ stable,→ stable,→ stable,100.0,✅ EXCELLENT,False,NONE,3.3,0.0,NONE
1779700744.342,82.0,89.8,32.2,1487.0,45.9,13.83,32.3,32.0,31.6,31.8,optimal,optimal,optimal,optimal,optimal,optimal,↓ decreasing,→ stable,→ stable,100.0,✅ EXCELLENT,False,NONE,3.3,0.0,NONE
1779700745.343,78.6,89.8,32.0,1546.0,44.4,13.81,32.4,32.0,31.7,32.1,optimal,optimal,optimal,optimal,optimal,optimal,↓ decreasing,→ stable,→ stable,100.0,✅ EXCELLENT,False,NONE,3.4,0.0,NONE
1779700746.343,78.5,89.4,32.3,1469.0,45.6,13.79,32.4,32.1,31.7,32.3,optimal,optimal,optimal,optimal,optimal,optimal,↓ decreasing,→ stable,→ stable,100.0,✅ EXCELLENT,False,NONE,3.0,0.2,NONE
1779700747.344,77.5,91.1,32.1,1464.0,45.1,13.85,32.3,31.9,32.0,32.4,optimal,optimal,optimal,optimal,optimal,optimal,↓ decreasing,→ stable,→ stable,100.0,✅ EXCELLENT,False,NONE,3.2,0.0,NONE
1779700748.345,79.8,91.5,32.2,1456.0,45.9,13.78,32.0,31.6,32.2,32.4,optimal,optimal,optimal,optimal,optimal,optimal,↓ decreasing,↑ increasing,→ stable,100.0,✅ EXCELLENT,False,NONE,3.2,0.0,NONE
1779700749.346,80.6,91.2,32.0,1478.0,44.4,13.78,31.6,32.0,31.8,32.0,optimal,optimal,optimal,optimal,optimal,optimal,→ stable,→ stable,→ stable,100.0,✅ EXCELLENT,False,NONE,3.5,0.0,NONE
1779700750.347,82.6,90.1,31.7,1462.0,45.1,13.77,31.7,31.7,32.0,31.8,optimal,optimal,optimal,optimal,optimal,optimal,→ stable,→ stable,→ stable,100.0,✅ EXCELLENT,False,NONE,3.9,0.0,NONE
1779700751.348,77.5,88.7,32.4,1491.0,44.1,13.83,32.3,32.0,31.8,32.3,optimal,optimal,optimal,optimal,optimal,optimal,↓ decreasing,→ stable,→ stable,100.0,✅ EXCELLENT,False,NONE,2.9,0.8,NONE
1779700752.349,82.7,91.2,32.0,1461.0,45.4,13.81,31.9,32.1,32.1,32.1,optimal,optimal,optimal,optimal,optimal,optimal,↓ decreasing,↑ increasing,→ stable,100.0,✅ EXCELLENT,False,NONE,3.5,0.0,NONE
1779700753.35,79.8,91.1,32.2,1513.0,46.0,13.84,31.6,31.9,32.2,31.6,optimal,optimal,optimal,optimal,optimal,optimal,↓ decreasing,↑ increasing,→ stable,100.0,✅ EXCELLENT,False,NONE,3.2,0.0,NONE
1779700754.351,80.3,90.7,32.1,1508.0,44.1,13.83,31.8,32.2,32.2,32.4,optimal,optimal,optimal,optimal,optimal,optimal,↓ decreasing,↑ increasing,→ stable,100.0,✅ EXCELLENT,False,NONE,3.3,0.0,NONE
1779700755.352,82.9,90.4,32.0,1470.0,44.1,13.82,31.7,32.3,31.7,31.8,optimal,optimal,optimal,optimal,optimal,optimal,→ stable,↑ increasing,→ stable,100.0,✅ EXCELLENT,False,NONE,3.6,0.0,NONE
1779700756.353,81.2,90.1,31.8,1456.0,44.2,13.76,32.1,31.9,31.9,32.1,optimal,optimal,optimal,optimal,optimal,optimal,→ stable,↑ increasing,→ stable,100.0,✅ EXCELLENT,False,NONE,3.7,0.0,NONE
1779700757.353,77.2,89.8,32.3,1480.0,44.7,13.77,32.4,32.0,32.0,32.4,optimal,optimal,optimal,optimal,optimal,optimal,→ stable,↑ increasing,→ stable,100.0,✅ EXCELLENT,False,NONE,3.0,0.0,NONE
1779700758.354,78.8,88.6,32.2,1524.0,45.1,13.85,32.3,31.8,31.7,31.9,optimal,optimal,optimal,optimal,optimal,optimal,→ stable,→ stable,→ stable,100.0,✅ EXCELLENT,False,NONE,3.2,1.0,NONE
1779700759.355,79.2,89.4,32.3,1484.0,44.1,13.76,32.3,32.1,31.9,32.0,optimal,optimal,optimal,optimal,optimal,optimal,→ stable,→ stable,→ stable,100.0,✅ EXCELLENT,False,NONE,3.1,0.2,NONE
1779700760.356,80.5,90.1,32.0,1478.0,45.4,13.79,32.0,32.1,31.6,31.8,optimal,optimal,optimal,optimal,optimal,optimal,→ stable,→ stable,→ stable,100.0,✅ EXCELLENT,False,NONE,3.5,0.0,NONE
1779700761.357,79.5,90.0,31.8,1511.0,44.7,13.8,32.3,31.8,32.1,32.0,optimal,optimal,optimal,optimal,optimal,optimal,→ stable,→ stable,→ stable,100.0,✅ EXCELLENT,False,NONE,3.6,0.0,NONE
1779700762.358,78.7,89.6,32.1,1507.0,45.3,13.77,32.1,32.3,31.8,31.6,optimal,optimal,optimal,optimal,optimal,optimal,→ stable,→ stable,→ stable,100.0,✅ EXCELLENT,False,NONE,3.3,0.1,NONE
1779700763.359,80.0,88.7,32.1,1467.0,44.9,13.78,31.7,31.7,32.0,32.1,optimal,optimal,optimal,optimal,optimal,optimal,→ stable,↓ decreasing,→ stable,100.0,✅ EXCELLENT,False,NONE,3.3,0.8,NONE
1779700764.36,79.1,89.7,32.3,1485.0,45.1,13.76,32.0,31.6,32.3,32.0,optimal,optimal,optimal,optimal,optimal,optimal,→ stable,↓ decreasing,→ stable,100.0,✅ EXCELLENT,False,NONE,3.1,0.0,NONE
1779700765.36,82.0,90.2,31.8,1475.0,44.6,13.76,32.1,32.2,32.0,31.7,optimal,optimal,optimal,optimal,optimal,optimal,↓ decreasing,↓ decreasing,→ stable,100.0,✅ EXCELLENT,False,NONE,3.7,0.0,NONE
1779700766.362,77.3,90.2,32.4,1515.0,45.0,13.79,31.6,31.8,32.1,32.3,optimal,optimal,optimal,optimal,optimal,optimal,↓ decreasing,↓ decreasing,→ stable,100.0,✅ EXCELLENT,False,NONE,2.9,0.0,NONE
1779700767.362,82.3,88.9,32.1,1487.0,44.4,13.78,31.6,31.7,32.2,31.8,optimal,optimal,optimal,optimal,optimal,optimal,↓ decreasing,↓ decreasing,→ stable,100.0,✅ EXCELLENT,False,NONE,3.4,0.6,NONE
1779700768.363,81.7,89.5,31.6,1512.0,45.2,13.76,31.6,32.1,32.2,32.2,optimal,optimal,optimal,optimal,optimal,optimal,→ stable,↓ decreasing,→ stable,100.0,✅ EXCELLENT,False,NONE,4.0,0.1,NONE
1779700769.363,79.6,90.7,32.1,1490.0,44.5,13.84,31.8,31.6,31.9,31.8,optimal,optimal,optimal,optimal,optimal,optimal,→ stable,→ stable,→ stable,100.0,✅ EXCELLENT,False,NONE,3.3,0.0,NONE
1779700770.363,78.0,91.2,31.8,1494.0,44.4,13.83,32.3,31.7,31.8,32.2,optimal,optimal,optimal,optimal,optimal,optimal,→ stable,→ stable,→ stable,100.0,✅ EXCELLENT,False,NONE,3.6,0.0,NONE
1779700771.364,81.2,91.3,32.1,1541.0,45.3,13.8,32.2,31.7,31.8,32.0,optimal,optimal,optimal,optimal,optimal,optimal,→ stable,→ stable,→ stable,100.0,✅ EXCELLENT,False,NONE,3.4,0.0,NONE
1779700772.365,81.8,88.6,31.8,1479.0,45.1,13.77,32.3,32.0,31.7,32.2,optimal,optimal,optimal,optimal,optimal,optimal,→ stable,→ stable,→ stable,100.0,✅ EXCELLENT,False,NONE,3.7,1.0,NONE
1779700773.366,78.2,89.5,32.1,1505.0,44.2,13.75,32.2,31.9,31.8,32.0,optimal,optimal,optimal,optimal,optimal,optimal,→ stable,→ stable,→ stable,100.0,✅ EXCELLENT,False,NONE,3.2,0.1,NONE
1779700774.367,77.5,90.1,32.0,1486.0,45.9,13.78,31.7,32.1,31.7,32.2,optimal,optimal,optimal,optimal,optimal,optimal,→ stable,→ stable,→ stable,100.0,✅ EXCELLENT,False,NONE,3.3,0.0,NONE
1779700775.368,79.7,90.1,31.9,1526.0,44.2,13.8,32.2,31.8,32.1,32.3,optimal,optimal,optimal,optimal,optimal,optimal,→ stable,→ stable,→ stable,100.0,✅ EXCELLENT,False,NONE,3.5,0.0,NONE
1779700776.369,79.3,91.3,32.2,1526.0,44.4,13.83,31.9,31.9,32.3,32.0,optimal,optimal,optimal,optimal,optimal,optimal,↑ increasing,→ stable,→ stable,100.0,✅ EXCELLENT,False,NONE,3.2,0.0,NONE
1779700777.37,78.3,90.8,32.2,1538.0,45.4,13.76,32.1,32.3,32.2,31.7,optimal,optimal,optimal,optimal,optimal,optimal,→ stable,↑ increasing,→ stable,100.0,✅ EXCELLENT,False,NONE,3.1,0.0,NONE
1779700778.37,79.6,90.8,32.4,1545.0,44.6,13.79,31.7,32.2,32.4,32.0,optimal,optimal,optimal,optimal,optimal,optimal,↓ decreasing,↑ increasing,→ stable,100.0,✅ EXCELLENT,False,NONE,3.0,0.0,NONE
1779700779.371,77.7,89.8,32.1,1460.0,45.2,13.84,31.8,31.7,32.0,32.0,optimal,optimal,optimal,optimal,optimal,optimal,↓ decreasing,↑ increasing,→ stable,100.0,✅ EXCELLENT,False,NONE,3.2,0.0,NONE
1779700780.371,78.8,88.7,31.7,1518.0,44.8,13.8,32.2,32.2,31.6,32.2,optimal,optimal,optimal,optimal,optimal,optimal,↓ decreasing,→ stable,→ stable,100.0,✅ EXCELLENT,False,NONE,3.7,0.8,NONE
1779700781.372,77.8,89.3,31.9,1526.0,45.2,13.82,31.7,32.3,32.2,32.4,optimal,optimal,optimal,optimal,optimal,optimal,↓ decreasing,→ stable,→ stable,100.0,✅ EXCELLENT,False,NONE,3.4,0.2,NONE
1779700782.372,81.5,89.1,32.4,1499.0,45.2,13.85,32.4,32.2,31.7,32.2,optimal,optimal,optimal,optimal,optimal,optimal,↓ decreasing,→ stable,→ stable,100.0,✅ EXCELLENT,False,NONE,3.0,0.4,NONE
1779700783.372,78.6,90.9,31.9,1522.0,44.7,13.83,32.2,32.4,31.9,31.9,optimal,optimal,optimal,optimal,optimal,optimal,↓ decreasing,→ stable,→ stable,100.0,✅ EXCELLENT,False,NONE,3.5,0.0,NONE
1779700784.373,77.2,88.8,32.3,1550.0,45.6,13.78,32.0,31.8,32.4,31.9,optimal,optimal,optimal,optimal,optimal,optimal,↓ decreasing,→ stable,→ stable,100.0,✅ EXCELLENT,False,NONE,3.0,0.7,NONE
1779700785.374,80.6,88.8,31.7,1530.0,44.3,13.78,32.3,31.9,32.4,32.1,optimal,optimal,optimal,optimal,optimal,optimal,↓ decreasing,→ stable,→ stable,100.0,✅ EXCELLENT,False,NONE,3.8,0.7,NONE
1779700786.375,78.6,90.6,31.7,1543.0,44.4,13.79,31.9,32.3,32.3,32.1,optimal,optimal,optimal,optimal,optimal,optimal,↓ decreasing,→ stable,→ stable,100.0,✅ EXCELLENT,False,NONE,3.7,0.0,NONE
1779700787.376,80.7,90.7,32.3,1474.0,44.7,13.76,32.3,32.0,32.0,31.9,optimal,optimal,optimal,optimal,optimal,optimal,→ stable,↓ decreasing,→ stable,100.0,✅ EXCELLENT,False,NONE,3.1,0.0,NONE
1779700788.377,81.6,91.2,31.9,1528.0,44.5,13.76,32.1,31.9,32.2,31.8,optimal,optimal,optimal,optimal,optimal,optimal,→ stable,↓ decreasing,→ stable,100.0,✅ EXCELLENT,False,NONE,3.6,0.0,NONE
1779700789.378,83.0,91.4,32.3,1474.0,45.6,13.83,31.7,32.3,32.3,31.9,optimal,optimal,optimal,optimal,optimal,optimal,↑ increasing,→ stable,→ stable,100.0,✅ EXCELLENT,False,NONE,3.2,0.0,NONE
1779700790.379,81.5,90.9,31.7,1465.0,45.8,13.81,32.2,32.1,31.6,31.7,optimal,optimal,optimal,optimal,optimal,optimal,↑ increasing,→ stable,→ stable,100.0,✅ EXCELLENT,False,NONE,3.8,0.0,NONE
1779700791.38,80.5,91.5,32.0,1452.0,44.2,13.79,31.7,31.8,32.3,32.4,optimal,optimal,optimal,optimal,optimal,optimal,↑ increasing,→ stable,→ stable,100.0,✅ EXCELLENT,False,NONE,3.5,0.0,NONE
1779700792.381,78.1,91.2,31.7,1484.0,45.5,13.79,31.6,32.2,31.7,31.9,optimal,optimal,optimal,optimal,optimal,optimal,↑ increasing,↑ increasing,→ stable,100.0,✅ EXCELLENT,False,NONE,3.7,0.0,NONE
1779700793.381,81.9,89.3,31.7,1463.0,45.4,13.82,31.7,31.7,31.8,32.0,optimal,optimal,optimal,optimal,optimal,optimal,↑ increasing,→ stable,→ stable,100.0,✅ EXCELLENT,False,NONE,3.9,0.2,NONE
1779700794.382,77.7,90.1,32.1,1504.0,44.1,13.79,32.3,32.4,32.2,31.6,optimal,optimal,optimal,optimal,optimal,optimal,↑ increasing,↑ increasing,→ stable,100.0,✅ EXCELLENT,False,NONE,3.2,0.0,NONE
1779700795.383,80.3,89.2,31.8,1451.0,44.1,13.82,32.2,32.2,32.3,31.8,optimal,optimal,optimal,optimal,optimal,optimal,↑ increasing,↑ increasing,→ stable,100.0,✅ EXCELLENT,False,NONE,3.7,0.3,NONE
1779700796.383,82.1,89.8,31.9,1498.0,46.0,13.81,32.2,32.0,32.1,32.1,optimal,optimal,optimal,optimal,optimal,optimal,↑ increasing,↑ increasing,→ stable,100.0,✅ EXCELLENT,False,NONE,3.6,0.0,NONE
1779700797.384,78.5,88.7,31.7,1526.0,45.7,13.76,31.7,32.0,32.2,31.8,optimal,optimal,optimal,optimal,optimal,optimal,↑ increasing,↑ increasing,→ stable,100.0,✅ EXCELLENT,False,NONE,3.7,0.8,NONE
1779700798.385,78.0,89.0,32.3,1528.0,44.6,13.82,31.7,32.0,32.3,32.3,optimal,optimal,optimal,optimal,optimal,optimal,↑ increasing,→ stable,→ stable,100.0,✅ EXCELLENT,False,NONE,3.0,0.5,NONE
1779700799.385,78.5,88.8,32.0,1478.0,45.8,13.78,31.9,32.3,31.9,32.0,optimal,optimal,optimal,optimal,optimal,optimal,→ stable,→ stable,→ stable,100.0,✅ EXCELLENT,False,NONE,3.4,0.7,NONE
1779700800.385,82.7,90.2,31.8,1488.0,44.2,13.8,31.9,32.2,32.0,32.1,optimal,optimal,optimal,optimal,optimal,optimal,→ stable,→ stable,→ stable,100.0,✅ EXCELLENT,False,NONE,3.8,0.0,NONE
1779700801.385,77.5,89.1,31.7,1508.0,45.3,13.83,31.6,31.8,32.3,32.0,optimal,optimal,optimal,optimal,optimal,optimal,↓ decreasing,↓ decreasing,→ stable,100.0,✅ EXCELLENT,False,NONE,3.7,0.4,NONE
1779700802.386,79.6,91.2,32.3,1522.0,44.4,13.82,31.8,32.3,31.7,31.7,optimal,optimal,optimal,optimal,optimal,optimal,→ stable,↓ decreasing,→ stable,100.0,✅ EXCELLENT,False,NONE,3.1,0.0,NONE
1779700803.387,77.3,88.6,32.0,1502.0,46.0,13.81,31.8,31.8,31.7,32.1,optimal,optimal,optimal,optimal,optimal,optimal,↓ decreasing,↓ decreasing,→ stable,100.0,✅ EXCELLENT,False,NONE,3.3,1.0,NONE
1779700804.388,77.8,90.7,31.7,1519.0,44.6,13.81,32.4,31.7,31.8,32.2,optimal,optimal,optimal,optimal,optimal,optimal,↓ decreasing,↓ decreasing,→ stable,100.0,✅ EXCELLENT,False,NONE,3.7,0.0,NONE
1779700805.388,82.3,88.9,31.6,1534.0,44.0,13.83,31.7,32.0,31.6,31.7,optimal,optimal,optimal,optimal,optimal,optimal,↓ decreasing,↓ decreasing,→ stable,100.0,✅ EXCELLENT,False,NONE,4.0,0.6,NONE
1779700806.389,78.7,89.2,32.1,1487.0,45.4,13.76,31.7,32.3,32.0,32.1,optimal,optimal,optimal,optimal,optimal,optimal,↓ decreasing,↓ decreasing,→ stable,100.0,✅ EXCELLENT,False,NONE,3.3,0.3,NONE
1779700807.39,78.9,90.8,32.3,1527.0,44.3,13.81,32.1,31.6,31.8,32.4,optimal,optimal,optimal,optimal,optimal,optimal,↓ decreasing,↓ decreasing,→ stable,100.0,✅ EXCELLENT,False,NONE,3.0,0.0,NONE
1779700808.391,82.1,91.3,31.7,1529.0,45.0,13.8,31.7,31.7,32.3,32.0,optimal,optimal,optimal,optimal,optimal,optimal,↓ decreasing,→ stable,→ stable,100.0,✅ EXCELLENT,False,NONE,3.9,0.0,NONE
1779700809.392,78.2,89.8,32.1,1519.0,45.7,13.8,32.0,32.3,32.1,31.9,optimal,optimal,optimal,optimal,optimal,optimal,→ stable,→ stable,→ stable,100.0,✅ EXCELLENT,False,NONE,3.2,0.0,NONE
1779700810.393,80.9,89.0,32.2,1460.0,44.2,13.83,31.9,32.3,32.0,31.9,optimal,optimal,optimal,optimal,optimal,optimal,→ stable,→ stable,→ stable,100.0,✅ EXCELLENT,False,NONE,3.2,0.5,NONE
1779700811.393,79.8,90.1,31.7,1494.0,44.2,13.83,31.9,31.7,32.0,32.2,optimal,optimal,optimal,optimal,optimal,optimal,→ stable,→ stable,→ stable,100.0,✅ EXCELLENT,False,NONE,3.8,0.0,NONE
1779700812.393,80.6,89.2,31.8,1466.0,45.0,13.79,31.9,32.3,31.7,32.2,optimal,optimal,optimal,optimal,optimal,optimal,→ stable,→ stable,→ stable,100.0,✅ EXCELLENT,False,NONE,3.7,0.3,NONE
1779700813.393,78.2,88.8,32.4,1469.0,45.3,13.8,32.3,32.1,31.8,32.0,optimal,optimal,optimal,optimal,optimal,optimal,↑ increasing,→ stable,→ stable,100.0,✅ EXCELLENT,False,NONE,2.9,0.7,NONE
1779700814.394,78.6,88.9,31.8,1465.0,44.4,13.84,31.6,32.0,32.0,32.3,optimal,optimal,optimal,optimal,optimal,optimal,↑ increasing,→ stable,→ stable,100.0,✅ EXCELLENT,False,NONE,3.6,0.6,NONE
1779700815.394,78.6,88.9,31.7,1474.0,45.4,13.78,31.6,32.2,32.2,31.7,optimal,optimal,optimal,optimal,optimal,optimal,→ stable,→ stable,→ stable,100.0,✅ EXCELLENT,False,NONE,3.7,0.6,NONE
1779700816.394,81.6,90.3,32.3,1535.0,45.1,13.75,32.1,32.0,32.3,32.3,optimal,optimal,optimal,optimal,optimal,optimal,↑ increasing,→ stable,→ stable,100.0,✅ EXCELLENT,False,NONE,3.1,0.0,NONE
1779700817.394,82.9,88.6,31.7,1491.0,45.3,13.82,32.2,31.9,32.1,32.2,optimal,optimal,optimal,optimal,optimal,optimal,↑ increasing,→ stable,→ stable,100.0,✅ EXCELLENT,False,NONE,3.9,1.0,NONE
1779700818.395,80.7,91.1,31.8,1509.0,45.5,13.78,32.0,31.7,32.4,31.9,optimal,optimal,optimal,optimal,optimal,optimal,→ stable,→ stable,→ stable,100.0,✅ EXCELLENT,False,NONE,3.7,0.0,NONE
1779700819.396,79.5,91.2,32.2,1462.0,44.7,13.8,32.0,32.3,32.1,31.8,optimal,optimal,optimal,optimal,optimal,optimal,↑ increasing,→ stable,→ stable,100.0,✅ EXCELLENT,False,NONE,3.2,0.0,NONE
1779700820.395,82.9,90.5,31.9,1507.0,44.4,13.77,31.6,31.8,31.8,31.7,optimal,optimal,optimal,optimal,optimal,optimal,↑ increasing,→ stable,→ stable,100.0,✅ EXCELLENT,False,NONE,3.7,0.0,NONE
1779700821.396,77.7,89.6,32.0,1469.0,44.8,13.8,32.3,32.0,31.9,32.3,optimal,optimal,optimal,optimal,optimal,optimal,↑ increasing,→ stable,→ stable,100.0,✅ EXCELLENT,False,NONE,3.3,0.1,NONE
1779700822.396,80.8,90.1,32.0,1486.0,45.2,13.78,31.9,31.9,32.2,32.3,optimal,optimal,optimal,optimal,optimal,optimal,→ stable,→ stable,→ stable,100.0,✅ EXCELLENT,False,NONE,3.5,0.0,NONE
1779700823.398,81.2,89.9,31.8,1502.0,45.5,13.85,32.2,32.2,31.7,31.7,optimal,optimal,optimal,optimal,optimal,optimal,↑ increasing,→ stable,→ stable,100.0,✅ EXCELLENT,False,NONE,3.7,0.0,NONE
1779700824.398,79.3,91.0,31.7,1526.0,45.5,13.81,32.2,32.4,31.8,31.8,optimal,optimal,optimal,optimal,optimal,optimal,↑ increasing,↑ increasing,→ stable,100.0,✅ EXCELLENT,False,NONE,3.7,0.0,NONE
1779700825.399,78.7,90.6,32.0,1486.0,44.5,13.84,32.0,31.7,32.1,31.9,optimal,optimal,optimal,optimal,optimal,optimal,↑ increasing,↑ increasing,→ stable,100.0,✅ EXCELLENT,False,NONE,3.4,0.0,NONE
1779700826.399,77.5,89.9,31.9,1550.0,45.8,13.82,32.2,31.8,31.9,32.3,optimal,optimal,optimal,optimal,optimal,optimal,→ stable,↑ increasing,→ stable,100.0,✅ EXCELLENT,False,NONE,3.4,0.0,NONE
1779700827.4,78.2,89.4,31.6,1470.0,45.1,13.79,31.9,32.0,31.6,32.0,optimal,optimal,optimal,optimal,optimal,optimal,→ stable,↑ increasing,→ stable,100.0,✅ EXCELLENT,False,NONE,3.8,0.2,NONE
1779700828.401,79.3,90.8,31.9,1472.0,44.3,13.82,32.2,32.1,32.3,31.8,optimal,optimal,optimal,optimal,optimal,optimal,→ stable,↑ increasing,→ stable,100.0,✅ EXCELLENT,False,NONE,3.5,0.0,NONE
1779700829.402,79.2,89.7,32.3,1488.0,44.3,13.83,32.4,32.1,31.8,31.7,optimal,optimal,optimal,optimal,optimal,optimal,↓ decreasing,↑ increasing,→ stable,100.0,✅ EXCELLENT,False,NONE,3.1,0.0,NONE
1779700830.402,77.9,89.1,32.0,1536.0,44.2,13.84,32.1,32.2,32.1,31.7,optimal,optimal,optimal,optimal,optimal,optimal,↓ decreasing,→ stable,→ stable,100.0,✅ EXCELLENT,False,NONE,3.3,0.4,NONE
1779700831.404,77.4,89.9,32.3,1477.0,44.6,13.83,31.7,31.9,31.9,32.2,optimal,optimal,optimal,optimal,optimal,optimal,↓ decreasing,→ stable,→ stable,100.0,✅ EXCELLENT,False,NONE,3.0,0.0,NONE
1779700832.405,82.7,90.7,32.2,1496.0,44.1,13.78,32.0,31.8,32.3,32.3,optimal,optimal,optimal,optimal,optimal,optimal,↓ decreasing,→ stable,→ stable,100.0,✅ EXCELLENT,False,NONE,3.3,0.0,NONE
1779700833.406,82.1,90.0,31.9,1549.0,44.4,13.8,32.0,31.9,31.9,32.3,optimal,optimal,optimal,optimal,optimal,optimal,↓ decreasing,→ stable,→ stable,100.0,✅ EXCELLENT,False,NONE,3.6,0.0,NONE
1779700834.407,81.4,91.1,32.1,1492.0,45.0,13.79,31.8,32.2,32.0,31.8,optimal,optimal,optimal,optimal,optimal,optimal,↓ decreasing,→ stable,→ stable,100.0,✅ EXCELLENT,False,NONE,3.4,0.0,NONE
1779700835.408,82.0,90.2,31.6,1474.0,44.5,13.76,32.4,31.9,31.7,32.1,optimal,optimal,optimal,optimal,optimal,optimal,↓ decreasing,→ stable,→ stable,100.0,✅ EXCELLENT,False,NONE,4.0,0.0,NONE
1779700836.409,81.2,89.6,31.9,1497.0,45.4,13.77,32.2,32.1,32.1,32.0,optimal,optimal,optimal,optimal,optimal,optimal,→ stable,→ stable,→ stable,100.0,✅ EXCELLENT,False,NONE,3.6,0.1,NONE
1779700837.41,80.3,88.8,31.9,1480.0,45.3,13.84,31.7,32.2,32.0,32.0,optimal,optimal,optimal,optimal,optimal,optimal,↑ increasing,→ stable,→ stable,100.0,✅ EXCELLENT,False,NONE,3.6,0.7,NONE
1779700838.41,81.2,90.1,32.0,1525.0,44.7,13.83,31.8,31.7,32.4,31.8,optimal,optimal,optimal,optimal,optimal,optimal,↑ increasing,→ stable,→ stable,100.0,✅ EXCELLENT,False,NONE,3.5,0.0,NONE
1779700839.41,80.8,89.0,32.0,1474.0,44.1,13.85,31.9,32.3,31.7,31.8,optimal,optimal,optimal,optimal,optimal,optimal,↑ increasing,→ stable,→ stable,100.0,✅ EXCELLENT,False,NONE,3.5,0.5,NONE
1779700840.411,81.2,89.3,32.3,1516.0,44.7,13.83,32.2,31.7,32.2,31.8,optimal,optimal,optimal,optimal,optimal,optimal,↑ increasing,→ stable,→ stable,100.0,✅ EXCELLENT,False,NONE,3.1,0.2,NONE
1779700841.412,77.2,89.2,32.2,1478.0,44.0,13.84,32.4,32.4,31.9,31.9,optimal,optimal,optimal,optimal,optimal,optimal,↑ increasing,→ stable,→ stable,100.0,✅ EXCELLENT,False,NONE,3.1,0.3,NONE
1779700842.413,82.8,88.9,31.9,1535.0,44.0,13.85,32.1,32.3,31.9,32.3,optimal,optimal,optimal,optimal,optimal,optimal,↑ increasing,→ stable,→ stable,100.0,✅ EXCELLENT,False,NONE,3.7,0.6,NONE
1779700843.412,77.6,89.2,32.3,1505.0,45.2,13.82,31.8,31.9,31.6,31.6,optimal,optimal,optimal,optimal,optimal,optimal,↑ increasing,↓ decreasing,→ stable,100.0,✅ EXCELLENT,False,NONE,3.0,0.3,NONE
1779700844.413,79.1,89.9,32.3,1519.0,44.8,13.78,32.2,31.7,32.2,31.8,optimal,optimal,optimal,optimal,optimal,optimal,↑ increasing,↓ decreasing,→ stable,100.0,✅ EXCELLENT,False,NONE,3.1,0.0,NONE
1779700845.414,82.3,89.0,32.2,1471.0,45.2,13.83,32.2,32.2,31.7,31.6,optimal,optimal,optimal,optimal,optimal,optimal,↑ increasing,↓ decreasing,→ stable,100.0,✅ EXCELLENT,False,NONE,3.3,0.5,NONE
1779700846.415,78.5,88.6,32.4,1485.0,45.6,13.84,32.4,32.0,31.6,32.4,optimal,optimal,optimal,optimal,optimal,optimal,→ stable,↓ decreasing,→ stable,100.0,✅ EXCELLENT,False,NONE,2.9,1.0,NONE
1779700847.416,79.1,88.9,32.2,1501.0,45.1,13.76,32.1,32.2,31.8,32.1,optimal,optimal,optimal,optimal,optimal,optimal,→ stable,↓ decreasing,→ stable,100.0,✅ EXCELLENT,False,NONE,3.2,0.6,NONE
1779700848.416,78.6,90.3,31.6,1495.0,44.8,13.83,31.7,31.7,32.2,32.3,optimal,optimal,optimal,optimal,optimal,optimal,↓ decreasing,↓ decreasing,→ stable,100.0,✅ EXCELLENT,False,NONE,3.8,0.0,NONE
1779700849.417,79.7,89.7,32.2,1532.0,45.5,13.76,31.8,31.8,32.2,32.0,optimal,optimal,optimal,optimal,optimal,optimal,↓ decreasing,↓ decreasing,→ stable,100.0,✅ EXCELLENT,False,NONE,3.2,0.0,NONE
1779700850.418,79.7,89.1,32.1,1453.0,44.1,13.82,31.7,31.7,31.8,32.2,optimal,optimal,optimal,optimal,optimal,optimal,↓ decreasing,↓ decreasing,→ stable,100.0,✅ EXCELLENT,False,NONE,3.3,0.4,NONE
1779700851.418,81.4,89.8,31.8,1469.0,45.1,13.85,31.9,31.6,32.0,32.4,optimal,optimal,optimal,optimal,optimal,optimal,↓ decreasing,→ stable,→ stable,100.0,✅ EXCELLENT,False,NONE,3.7,0.0,NONE
1779700852.419,77.4,89.7,32.2,1533.0,45.5,13.81,31.8,32.2,32.3,31.6,optimal,optimal,optimal,optimal,optimal,optimal,↓ decreasing,→ stable,→ stable,100.0,✅ EXCELLENT,False,NONE,3.1,0.0,NONE
1779700853.419,79.9,89.6,32.3,1476.0,44.6,13.78,32.0,32.1,32.4,31.6,optimal,optimal,optimal,optimal,optimal,optimal,↓ decreasing,→ stable,→ stable,100.0,✅ EXCELLENT,False,NONE,3.1,0.1,NONE
1779700854.42,78.9,91.5,31.7,1484.0,44.8,13.84,31.6,32.2,32.2,32.4,optimal,optimal,optimal,optimal,optimal,optimal,↓ decreasing,→ stable,→ stable,100.0,✅ EXCELLENT,False,NONE,3.7,0.0,NONE
1779700855.421,78.9,91.0,32.2,1494.0,44.5,13.81,31.9,31.9,32.1,32.4,optimal,optimal,optimal,optimal,optimal,optimal,↓ decreasing,↑ increasing,→ stable,100.0,✅ EXCELLENT,False,NONE,3.2,0.0,NONE
1779700856.422,78.9,91.1,31.7,1518.0,44.4,13.81,31.9,31.9,31.8,32.3,optimal,optimal,optimal,optimal,optimal,optimal,↓ decreasing,↑ increasing,→ stable,100.0,✅ EXCELLENT,False,NONE,3.7,0.0,NONE
1779700857.423,79.4,91.3,32.4,1542.0,45.8,13.75,32.0,32.2,32.1,32.0,optimal,optimal,optimal,optimal,optimal,optimal,↓ decreasing,↑ increasing,→ stable,100.0,✅ EXCELLENT,False,NONE,2.9,0.0,NONE
1779700858.424,79.4,90.6,31.6,1533.0,45.1,13.81,32.0,31.8,32.0,31.7,optimal,optimal,optimal,optimal,optimal,optimal,→ stable,↑ increasing,→ stable,100.0,✅ EXCELLENT,False,NONE,3.9,0.0,NONE
1779700859.425,78.6,89.7,31.7,1459.0,45.2,13.82,32.1,32.2,32.3,32.1,optimal,optimal,optimal,optimal,optimal,optimal,→ stable,↑ increasing,→ stable,100.0,✅ EXCELLENT,False,NONE,3.7,0.0,NONE
1779700860.426,80.5,89.0,31.9,1546.0,45.2,13.85,31.7,32.1,31.8,31.9,optimal,optimal,optimal,optimal,optimal,optimal,→ stable,↑ increasing,→ stable,100.0,✅ EXCELLENT,False,NONE,3.6,0.5,NONE
1779700861.427,82.7,90.1,32.1,1454.0,44.6,13.8,32.2,32.2,31.8,31.9,optimal,optimal,optimal,optimal,optimal,optimal,→ stable,↑ increasing,→ stable,100.0,✅ EXCELLENT,False,NONE,3.4,0.0,NONE
1779700862.428,79.2,90.2,32.0,1504.0,45.6,13.84,31.9,31.7,32.1,31.9,optimal,optimal,optimal,optimal,optimal,optimal,→ stable,↑ increasing,→ stable,100.0,✅ EXCELLENT,False,NONE,3.4,0.0,NONE
1779700863.429,80.3,90.7,32.0,1539.0,44.4,13.76,31.7,32.2,32.1,32.2,optimal,optimal,optimal,optimal,optimal,optimal,→ stable,↑ increasing,→ stable,100.0,✅ EXCELLENT,False,NONE,3.4,0.0,NONE
1779700864.43,77.1,89.3,32.2,1531.0,44.2,13.81,31.7,31.6,32.2,31.9,optimal,optimal,optimal,optimal,optimal,optimal,→ stable,↑ increasing,→ stable,100.0,✅ EXCELLENT,False,NONE,3.1,0.2,NONE
1779700865.431,79.1,88.9,31.8,1474.0,44.0,13.77,32.3,32.2,31.8,32.2,optimal,optimal,optimal,optimal,optimal,optimal,→ stable,→ stable,→ stable,100.0,✅ EXCELLENT,False,NONE,3.6,0.6,NONE
1779700866.432,77.9,91.2,32.0,1494.0,45.2,13.77,32.2,31.8,32.0,31.7,optimal,optimal,optimal,optimal,optimal,optimal,→ stable,→ stable,→ stable,100.0,✅ EXCELLENT,False,NONE,3.3,0.0,NONE
1779700867.433,81.7,90.5,32.2,1506.0,45.3,13.83,31.9,32.1,31.6,31.7,optimal,optimal,optimal,optimal,optimal,optimal,→ stable,→ stable,→ stable,100.0,✅ EXCELLENT,False,NONE,3.3,0.0,NONE
1779700868.434,82.4,90.7,32.1,1459.0,45.1,13.85,31.8,32.2,32.4,32.0,optimal,optimal,optimal,optimal,optimal,optimal,↑ increasing,→ stable,→ stable,100.0,✅ EXCELLENT,False,NONE,3.4,0.0,NONE
1779700869.435,82.4,90.5,32.4,1513.0,45.6,13.79,32.4,32.0,31.7,32.2,optimal,optimal,optimal,optimal,optimal,optimal,↑ increasing,→ stable,→ stable,100.0,✅ EXCELLENT,False,NONE,3.1,0.0,NONE
1779700870.435,81.8,89.6,32.1,1512.0,44.3,13.83,31.9,32.3,31.9,32.4,optimal,optimal,optimal,optimal,optimal,optimal,↑ increasing,→ stable,→ stable,100.0,✅ EXCELLENT,False,NONE,3.4,0.1,NONE
1779700871.436,81.8,91.2,32.1,1453.0,45.4,13.76,32.2,31.9,32.4,31.9,optimal,optimal,optimal,optimal,optimal,optimal,↑ increasing,→ stable,→ stable,100.0,✅ EXCELLENT,False,NONE,3.4,0.0,NONE
1779700872.437,78.3,89.3,32.3,1506.0,44.5,13.77,32.1,31.9,32.2,31.8,optimal,optimal,optimal,optimal,optimal,optimal,↑ increasing,→ stable,→ stable,100.0,✅ EXCELLENT,False,NONE,3.0,0.2,NONE
1779700873.438,78.3,90.6,32.0,1480.0,45.2,13.84,31.8,31.6,31.8,31.8,optimal,optimal,optimal,optimal,optimal,optimal,→ stable,→ stable,→ stable,100.0,✅ EXCELLENT,False,NONE,3.4,0.0,NONE
1779700874.438,82.6,88.6,32.4,1517.0,44.9,13.81,32.2,32.2,32.4,32.0,optimal,optimal,optimal,optimal,optimal,optimal,↑ increasing,→ stable,→ stable,100.0,✅ EXCELLENT,False,NONE,3.1,1.0,NONE
1779700875.439,80.1,88.8,31.9,1525.0,45.2,13.79,32.1,31.7,32.2,32.0,optimal,optimal,optimal,optimal,optimal,optimal,↑ increasing,→ stable,→ stable,100.0,✅ EXCELLENT,False,NONE,3.5,0.7,NONE
1779700876.439,82.5,91.2,31.6,1470.0,44.1,13.75,31.6,31.9,31.9,32.0,optimal,optimal,optimal,optimal,optimal,optimal,↑ increasing,→ stable,→ stable,100.0,✅ EXCELLENT,False,NONE,4.0,0.0,NONE
1779700877.441,79.7,89.8,31.7,1453.0,45.4,13.81,31.6,31.8,32.1,32.3,optimal,optimal,optimal,optimal,optimal,optimal,↑ increasing,→ stable,→ stable,100.0,✅ EXCELLENT,False,NONE,3.8,0.0,NONE
1779700878.441,82.1,88.7,31.7,1482.0,45.5,13.8,32.0,32.2,31.7,32.2,optimal,optimal,optimal,optimal,optimal,optimal,↑ increasing,→ stable,→ stable,100.0,✅ EXCELLENT,False,NONE,3.9,0.8,NONE
1779700879.443,82.9,88.7,32.3,1520.0,44.9,13.77,32.0,32.0,32.0,31.9,optimal,optimal,optimal,optimal,optimal,optimal,↑ increasing,→ stable,→ stable,100.0,✅ EXCELLENT,False,NONE,3.2,0.8,NONE
1779700880.444,79.7,91.0,32.4,1528.0,45.4,13.85,31.8,31.8,32.2,31.7,optimal,optimal,optimal,optimal,optimal,optimal,→ stable,→ stable,→ stable,100.0,✅ EXCELLENT,False,NONE,3.0,0.0,NONE
1779700881.444,77.1,90.2,31.7,1516.0,45.9,13.84,32.2,32.2,32.4,31.9,optimal,optimal,optimal,optimal,optimal,optimal,→ stable,↓ decreasing,→ stable,100.0,✅ EXCELLENT,False,NONE,3.6,0.0,NONE
1779700882.445,79.2,89.8,32.1,1494.0,45.3,13.78,32.2,31.9,32.2,32.3,optimal,optimal,optimal,optimal,optimal,optimal,→ stable,→ stable,→ stable,100.0,✅ EXCELLENT,False,NONE,3.3,0.0,NONE
1779700883.445,78.7,90.0,31.8,1535.0,45.2,13.8,32.0,31.9,32.0,32.1,optimal,optimal,optimal,optimal,optimal,optimal,→ stable,→ stable,→ stable,100.0,✅ EXCELLENT,False,NONE,3.6,0.0,NONE
1779700884.446,82.7,89.7,32.2,1513.0,44.4,13.77,32.3,31.8,32.4,32.3,optimal,optimal,optimal,optimal,optimal,optimal,→ stable,→ stable,→ stable,100.0,✅ EXCELLENT,False,NONE,3.3,0.0,NONE
1779700885.447,82.2,89.7,32.0,1451.0,45.2,13.76,32.0,31.7,31.8,32.0,optimal,optimal,optimal,optimal,optimal,optimal,→ stable,→ stable,→ stable,100.0,✅ EXCELLENT,False,NONE,3.5,0.0,NONE
1779700886.448,78.9,90.0,31.8,1489.0,44.4,13.76,32.4,31.6,31.8,32.3,optimal,optimal,optimal,optimal,optimal,optimal,↓ decreasing,→ stable,→ stable,100.0,✅ EXCELLENT,False,NONE,3.6,0.0,NONE
1779700887.449,77.1,91.1,32.0,1480.0,44.6,13.83,32.3,32.1,32.0,32.1,optimal,optimal,optimal,optimal,optimal,optimal,↓ decreasing,→ stable,→ stable,100.0,✅ EXCELLENT,False,NONE,3.3,0.0,NONE
1779700888.45,83.0,89.5,32.3,1548.0,45.8,13.79,31.8,32.4,32.1,31.7,optimal,optimal,optimal,optimal,optimal,optimal,↓ decreasing,→ stable,→ stable,100.0,✅ EXCELLENT,False,NONE,3.2,0.1,NONE
1779700889.451,78.3,91.5,32.3,1494.0,45.5,13.83,31.9,31.8,32.1,32.1,optimal,optimal,optimal,optimal,optimal,optimal,↓ decreasing,↑ increasing,→ stable,100.0,✅ EXCELLENT,False,NONE,3.0,0.0,NONE
1779700890.451,81.1,90.9,31.7,1459.0,45.4,13.82,32.0,32.3,32.1,31.8,optimal,optimal,optimal,optimal,optimal,optimal,↓ decreasing,→ stable,→ stable,100.0,✅ EXCELLENT,False,NONE,3.8,0.0,NONE
1779700891.453,82.8,89.5,31.6,1479.0,44.8,13.84,31.7,31.7,31.8,32.1,optimal,optimal,optimal,optimal,optimal,optimal,→ stable,→ stable,→ stable,100.0,✅ EXCELLENT,False,NONE,4.0,0.1,NONE
1779700892.454,81.0,90.2,32.2,1477.0,45.1,13.83,31.6,31.6,32.1,31.6,optimal,optimal,optimal,optimal,optimal,optimal,→ stable,→ stable,→ stable,100.0,✅ EXCELLENT,False,NONE,3.2,0.0,NONE
1779700893.455,81.6,90.3,31.9,1527.0,44.1,13.85,31.9,31.7,32.1,32.3,optimal,optimal,optimal,optimal,optimal,optimal,→ stable,↑ increasing,→ stable,100.0,✅ EXCELLENT,False,NONE,3.6,0.0,NONE
1779700894.456,80.3,90.5,32.4,1538.0,44.6,13.82,31.6,32.2,31.7,31.9,optimal,optimal,optimal,optimal,optimal,optimal,→ stable,↑ increasing,→ stable,100.0,✅ EXCELLENT,False,NONE,3.0,0.0,NONE
1779700895.457,78.8,91.4,31.8,1513.0,44.8,13.81,32.4,32.1,32.2,31.9,optimal,optimal,optimal,optimal,optimal,optimal,→ stable,↑ increasing,→ stable,100.0,✅ EXCELLENT,False,NONE,3.6,0.0,NONE
1779700896.457,78.3,90.4,31.8,1514.0,45.3,13.79,32.0,31.7,32.4,31.9,optimal,optimal,optimal,optimal,optimal,optimal,→ stable,↑ increasing,→ stable,100.0,✅ EXCELLENT,False,NONE,3.6,0.0,NONE
1779700897.458,78.9,90.2,32.3,1454.0,44.7,13.84,32.2,31.8,31.9,31.7,optimal,optimal,optimal,optimal,optimal,optimal,→ stable,↑ increasing,→ stable,100.0,✅ EXCELLENT,False,NONE,3.0,0.0,NONE
1779700898.458,78.4,88.7,32.1,1501.0,45.8,13.82,31.8,32.2,32.1,31.8,optimal,optimal,optimal,optimal,optimal,optimal,→ stable,→ stable,→ stable,100.0,✅ EXCELLENT,False,NONE,3.2,0.8,NONE
1779700899.459,82.4,90.1,32.0,1549.0,45.6,13.82,32.2,32.3,31.9,31.8,optimal,optimal,optimal,optimal,optimal,optimal,↑ increasing,→ stable,→ stable,100.0,✅ EXCELLENT,False,NONE,3.5,0.0,NONE
1779700900.46,79.3,89.2,32.3,1495.0,44.7,13.81,32.1,32.1,31.6,31.6,optimal,optimal,optimal,optimal,optimal,optimal,→ stable,→ stable,→ stable,100.0,✅ EXCELLENT,False,NONE,3.1,0.3,NONE
1779700901.461,82.2,91.2,32.1,1510.0,45.0,13.78,32.1,31.7,31.9,31.9,optimal,optimal,optimal,optimal,optimal,optimal,→ stable,→ stable,→ stable,100.0,✅ EXCELLENT,False,NONE,3.4,0.0,NONE
1779700902.461,82.2,89.2,32.0,1525.0,45.9,13.8,32.1,32.1,32.3,31.7,optimal,optimal,optimal,optimal,optimal,optimal,→ stable,→ stable,→ stable,100.0,✅ EXCELLENT,False,NONE,3.5,0.3,NONE
1779700903.462,82.1,89.5,31.9,1452.0,45.1,13.81,31.8,32.0,31.8,32.1,optimal,optimal,optimal,optimal,optimal,optimal,↓ decreasing,→ stable,→ stable,100.0,✅ EXCELLENT,False,NONE,3.6,0.1,NONE
1779700904.463,77.9,90.4,31.8,1458.0,45.3,13.76,31.6,32.3,32.2,32.0,optimal,optimal,optimal,optimal,optimal,optimal,↓ decreasing,→ stable,→ stable,100.0,✅ EXCELLENT,False,NONE,3.6,0.0,NONE
1779700905.463,78.4,91.0,31.6,1544.0,45.7,13.82,31.9,32.3,32.0,31.7,optimal,optimal,optimal,optimal,optimal,optimal,→ stable,→ stable,→ stable,100.0,✅ EXCELLENT,False,NONE,3.8,0.0,NONE
1779700906.463,79.2,90.4,32.1,1481.0,44.9,13.83,31.6,32.0,32.3,32.2,optimal,optimal,optimal,optimal,optimal,optimal,→ stable,↓ decreasing,→ stable,100.0,✅ EXCELLENT,False,NONE,3.3,0.0,NONE
1779700907.464,81.6,91.4,31.9,1541.0,45.6,13.78,32.3,32.3,32.0,32.3,optimal,optimal,optimal,optimal,optimal,optimal,→ stable,→ stable,→ stable,100.0,✅ EXCELLENT,False,NONE,3.6,0.0,NONE
1779700908.465,81.7,89.5,31.6,1477.0,45.1,13.84,31.9,31.9,32.2,32.0,optimal,optimal,optimal,optimal,optimal,optimal,↑ increasing,→ stable,→ stable,100.0,✅ EXCELLENT,False,NONE,4.0,0.1,NONE
1779700909.466,78.5,90.7,31.7,1494.0,44.4,13.78,32.2,31.8,31.7,32.1,optimal,optimal,optimal,optimal,optimal,optimal,→ stable,→ stable,→ stable,100.0,✅ EXCELLENT,False,NONE,3.7,0.0,NONE
1779700910.467,77.8,90.6,32.2,1472.0,44.4,13.82,32.0,32.3,32.0,31.7,optimal,optimal,optimal,optimal,optimal,optimal,→ stable,→ stable,→ stable,100.0,✅ EXCELLENT,False,NONE,3.1,0.0,NONE
1779700911.468,78.0,90.8,32.2,1544.0,44.4,13.78,32.0,31.6,32.3,31.8,optimal,optimal,optimal,optimal,optimal,optimal,→ stable,→ stable,→ stable,100.0,✅ EXCELLENT,False,NONE,3.1,0.0,NONE
1779700912.468,82.9,89.9,32.1,1463.0,45.8,13.83,32.2,31.9,32.4,32.1,optimal,optimal,optimal,optimal,optimal,optimal,→ stable,→ stable,→ stable,100.0,✅ EXCELLENT,False,NONE,3.4,0.0,NONE
1779700913.469,82.7,88.6,31.6,1506.0,45.5,13.79,31.6,32.3,31.7,31.7,optimal,optimal,optimal,optimal,optimal,optimal,→ stable,→ stable,→ stable,100.0,✅ EXCELLENT,False,NONE,4.0,1.0,NONE
1779700914.47,82.8,89.8,32.1,1490.0,45.5,13.84,32.2,32.4,32.2,31.8,optimal,optimal,optimal,optimal,optimal,optimal,→ stable,→ stable,→ stable,100.0,✅ EXCELLENT,False,NONE,3.4,0.0,NONE
1779700915.471,77.3,91.1,31.9,1503.0,44.2,13.79,32.3,31.6,32.1,31.8,optimal,optimal,optimal,optimal,optimal,optimal,→ stable,→ stable,→ stable,100.0,✅ EXCELLENT,False,NONE,3.4,0.0,NONE
1779700916.472,79.2,90.6,32.1,1540.0,45.9,13.78,31.9,31.8,32.2,31.7,optimal,optimal,optimal,optimal,optimal,optimal,→ stable,→ stable,→ stable,100.0,✅ EXCELLENT,False,NONE,3.3,0.0,NONE
1779700917.473,77.2,89.6,31.8,1499.0,45.3,13.81,32.0,31.7,31.7,31.8,optimal,optimal,optimal,optimal,optimal,optimal,↓ decreasing,→ stable,→ stable,100.0,✅ EXCELLENT,False,NONE,3.5,0.1,NONE
1779700918.474,80.8,91.4,31.9,1463.0,44.2,13.78,32.2,32.0,32.1,31.6,optimal,optimal,optimal,optimal,optimal,optimal,↓ decreasing,→ stable,→ stable,100.0,✅ EXCELLENT,False,NONE,3.6,0.0,NONE
1779700919.475,82.8,90.0,31.9,1536.0,45.2,13.8,31.9,32.0,32.4,32.4,optimal,optimal,optimal,optimal,optimal,optimal,→ stable,→ stable,→ stable,100.0,✅ EXCELLENT,False,NONE,3.7,0.0,NONE
1779700920.476,81.5,91.4,32.4,1492.0,44.4,13.8,31.8,31.8,32.2,32.0,optimal,optimal,optimal,optimal,optimal,optimal,→ stable,→ stable,→ stable,100.0,✅ EXCELLENT,False,NONE,3.0,0.0,NONE
1779700921.477,79.7,88.8,32.3,1526.0,45.4,13.81,31.7,32.3,32.4,32.3,optimal,optimal,optimal,optimal,optimal,optimal,↑ increasing,→ stable,→ stable,100.0,✅ EXCELLENT,False,NONE,3.1,0.7,NONE
1779700922.478,79.3,90.1,32.4,1526.0,44.0,13.83,31.7,31.7,32.0,32.4,optimal,optimal,optimal,optimal,optimal,optimal,↑ increasing,→ stable,→ stable,100.0,✅ EXCELLENT,False,NONE,2.9,0.0,NONE
1779700923.479,81.4,91.2,32.3,1455.0,45.2,13.77,32.3,31.8,31.6,32.0,optimal,optimal,optimal,optimal,optimal,optimal,→ stable,→ stable,→ stable,100.0,✅ EXCELLENT,False,NONE,3.1,0.0,NONE
1779700924.479,79.8,91.0,32.1,1504.0,44.1,13.85,32.2,32.3,32.0,32.3,optimal,optimal,optimal,optimal,optimal,optimal,→ stable,→ stable,→ stable,100.0,✅ EXCELLENT,False,NONE,3.3,0.0,NONE
1779700925.481,78.4,89.5,31.7,1467.0,45.2,13.77,32.0,31.7,32.4,32.1,optimal,optimal,optimal,optimal,optimal,optimal,→ stable,→ stable,→ stable,100.0,✅ EXCELLENT,False,NONE,3.7,0.1,NONE
1779700926.482,81.2,91.1,31.6,1465.0,45.2,13.79,32.4,32.3,31.8,32.1,optimal,optimal,optimal,optimal,optimal,optimal,→ stable,→ stable,→ stable,100.0,✅ EXCELLENT,False,NONE,3.9,0.0,NONE
1779700927.482,79.9,91.3,31.9,1469.0,45.9,13.76,32.4,31.9,31.8,31.7,optimal,optimal,optimal,optimal,optimal,optimal,↑ increasing,→ stable,→ stable,100.0,✅ EXCELLENT,False,NONE,3.5,0.0,NONE
1779700928.483,82.5,91.4,32.0,1487.0,44.0,13.76,32.2,31.8,32.1,32.3,optimal,optimal,optimal,optimal,optimal,optimal,↑ increasing,→ stable,→ stable,100.0,✅ EXCELLENT,False,NONE,3.5,0.0,NONE
1779700929.483,79.7,89.9,32.2,1481.0,45.8,13.81,32.3,32.3,32.3,32.1,optimal,optimal,optimal,optimal,optimal,optimal,→ stable,→ stable,→ stable,100.0,✅ EXCELLENT,False,NONE,3.2,0.0,NONE
1779700930.484,79.6,90.7,31.8,1486.0,44.5,13.77,32.1,31.6,31.9,32.4,optimal,optimal,optimal,optimal,optimal,optimal,→ stable,→ stable,→ stable,100.0,✅ EXCELLENT,False,NONE,3.6,0.0,NONE
1779700931.485,79.9,90.7,32.1,1547.0,45.5,13.84,32.1,31.6,31.9,32.2,optimal,optimal,optimal,optimal,optimal,optimal,↓ decreasing,↑ increasing,→ stable,100.0,✅ EXCELLENT,False,NONE,3.3,0.0,NONE
1779700932.486,78.3,88.8,32.3,1537.0,44.0,13.76,32.4,32.0,32.4,32.0,optimal,optimal,optimal,optimal,optimal,optimal,→ stable,→ stable,→ stable,100.0,✅ EXCELLENT,False,NONE,3.0,0.7,NONE
1779700933.487,79.0,91.3,31.7,1478.0,45.3,13.82,31.7,32.3,32.0,31.6,optimal,optimal,optimal,optimal,optimal,optimal,→ stable,→ stable,→ stable,100.0,✅ EXCELLENT,False,NONE,3.7,0.0,NONE
1779700934.487,81.8,90.7,31.8,1474.0,45.2,13.76,32.3,31.8,32.2,32.3,optimal,optimal,optimal,optimal,optimal,optimal,→ stable,→ stable,→ stable,100.0,✅ EXCELLENT,False,NONE,3.7,0.0,NONE
1779700935.488,82.7,90.7,31.9,1457.0,45.3,13.76,31.7,32.2,31.7,32.3,optimal,optimal,optimal,optimal,optimal,optimal,→ stable,→ stable,→ stable,100.0,✅ EXCELLENT,False,NONE,3.7,0.0,NONE
1779700936.489,82.0,89.8,32.4,1504.0,46.0,13.76,32.3,32.1,32.3,31.9,optimal,optimal,optimal,optimal,optimal,optimal,→ stable,→ stable,→ stable,100.0,✅ EXCELLENT,False,NONE,3.0,0.0,NONE
1779700937.49,81.6,90.7,32.0,1537.0,44.2,13.77,32.3,32.3,32.3,31.8,optimal,optimal,optimal,optimal,optimal,optimal,→ stable,→ stable,→ stable,100.0,✅ EXCELLENT,False,NONE,3.5,0.0,NONE
1779700938.49,82.7,90.3,31.7,1499.0,45.2,13.76,32.2,32.1,32.1,32.0,optimal,optimal,optimal,optimal,optimal,optimal,→ stable,→ stable,→ stable,100.0,✅ EXCELLENT,False,NONE,3.9,0.0,NONE
1779700939.491,79.1,90.9,32.3,1461.0,44.1,13.79,31.6,31.9,31.7,31.9,optimal,optimal,optimal,optimal,optimal,optimal,→ stable,→ stable,→ stable,100.0,✅ EXCELLENT,False,NONE,3.1,0.0,NONE
1779700940.491,81.9,91.1,32.2,1453.0,45.6,13.84,32.3,32.3,32.3,32.2,optimal,optimal,optimal,optimal,optimal,optimal,↑ increasing,→ stable,→ stable,100.0,✅ EXCELLENT,False,NONE,3.3,0.0,NONE
1779700941.492,80.7,91.0,31.9,1507.0,45.1,13.78,32.2,31.9,31.9,31.8,optimal,optimal,optimal,optimal,optimal,optimal,↑ increasing,→ stable,→ stable,100.0,✅ EXCELLENT,False,NONE,3.6,0.0,NONE
1779700942.493,82.0,89.4,32.2,1464.0,45.9,13.82,32.2,31.8,32.4,32.1,optimal,optimal,optimal,optimal,optimal,optimal,↑ increasing,→ stable,→ stable,100.0,✅ EXCELLENT,False,NONE,3.3,0.2,NONE
1779700943.494,80.3,90.9,32.1,1542.0,45.2,13.85,32.1,31.7,32.0,31.7,optimal,optimal,optimal,optimal,optimal,optimal,↑ increasing,→ stable,→ stable,100.0,✅ EXCELLENT,False,NONE,3.3,0.0,NONE
1779700944.494,82.3,90.8,32.4,1467.0,44.6,13.84,32.1,32.1,32.4,31.8,optimal,optimal,optimal,optimal,optimal,optimal,↑ increasing,→ stable,→ stable,100.0,✅ EXCELLENT,False,NONE,3.1,0.0,NONE
1779700945.495,79.6,91.0,31.8,1524.0,45.2,13.78,32.3,32.0,32.1,32.2,optimal,optimal,optimal,optimal,optimal,optimal,↑ increasing,→ stable,→ stable,100.0,✅ EXCELLENT,False,NONE,3.6,0.0,NONE
1779700946.495,81.8,88.7,32.3,1469.0,45.4,13.8,32.2,32.2,32.0,32.3,optimal,optimal,optimal,optimal,optimal,optimal,↑ increasing,→ stable,→ stable,100.0,✅ EXCELLENT,False,NONE,3.2,0.8,NONE
1779700947.496,81.1,91.0,31.9,1541.0,44.0,13.79,32.4,32.2,31.7,31.7,optimal,optimal,optimal,optimal,optimal,optimal,→ stable,→ stable,→ stable,100.0,✅ EXCELLENT,False,NONE,3.6,0.0,NONE
1779700948.496,78.6,89.5,31.8,1488.0,44.4,13.81,32.4,31.7,31.9,31.9,optimal,optimal,optimal,optimal,optimal,optimal,→ stable,→ stable,→ stable,100.0,✅ EXCELLENT,False,NONE,3.6,0.1,NONE
1779700949.497,80.9,91.3,32.0,1465.0,45.0,13.81,32.1,32.1,32.1,31.8,optimal,optimal,optimal,optimal,optimal,optimal,→ stable,→ stable,→ stable,100.0,✅ EXCELLENT,False,NONE,3.5,0.0,NONE
1779700950.498,82.1,90.8,31.8,1451.0,45.0,13.76,32.1,31.8,31.7,32.2,optimal,optimal,optimal,optimal,optimal,optimal,→ stable,→ stable,→ stable,100.0,✅ EXCELLENT,False,NONE,3.8,0.0,NONE
1779700951.498,77.7,88.8,32.2,1461.0,45.0,13.81,31.7,31.6,32.1,32.1,optimal,optimal,optimal,optimal,optimal,optimal,→ stable,→ stable,→ stable,100.0,✅ EXCELLENT,False,NONE,3.1,0.7,NONE
1779700952.499,80.7,90.2,31.6,1492.0,44.0,13.83,31.7,32.3,32.2,31.7,optimal,optimal,optimal,optimal,optimal,optimal,↓ decreasing,→ stable,→ stable,100.0,✅ EXCELLENT,False,NONE,3.9,0.0,NONE
1779700953.5,78.5,89.1,32.3,1500.0,44.5,13.76,32.3,31.9,32.2,32.3,optimal,optimal,optimal,optimal,optimal,optimal,↓ decreasing,→ stable,→ stable,100.0,✅ EXCELLENT,False,NONE,3.0,0.4,NONE
1779700954.5,80.6,89.5,32.0,1482.0,44.8,13.79,32.3,31.7,32.4,31.7,optimal,optimal,optimal,optimal,optimal,optimal,↓ decreasing,↓ decreasing,→ stable,100.0,✅ EXCELLENT,False,NONE,3.5,0.1,NONE
1779700955.501,81.1,89.7,32.1,1468.0,45.9,13.83,32.0,31.7,31.8,31.7,optimal,optimal,optimal,optimal,optimal,optimal,↓ decreasing,↓ decreasing,→ stable,100.0,✅ EXCELLENT,False,NONE,3.4,0.0,NONE
1779700956.502,79.3,89.6,31.8,1513.0,45.8,13.8,32.4,31.9,32.0,32.0,optimal,optimal,optimal,optimal,optimal,optimal,↓ decreasing,↓ decreasing,→ stable,100.0,✅ EXCELLENT,False,NONE,3.6,0.1,NONE
1779700957.503,78.7,91.1,31.6,1450.0,45.6,13.79,32.2,32.2,31.6,32.4,optimal,optimal,optimal,optimal,optimal,optimal,↓ decreasing,↓ decreasing,→ stable,100.0,✅ EXCELLENT,False,NONE,3.8,0.0,NONE
1779700958.504,78.8,89.9,32.2,1545.0,45.3,13.76,32.3,31.8,32.0,32.1,optimal,optimal,optimal,optimal,optimal,optimal,↓ decreasing,→ stable,→ stable,100.0,✅ EXCELLENT,False,NONE,3.2,0.0,NONE
1779700959.505,81.1,90.5,31.7,1478.0,45.5,13.8,31.7,31.8,32.3,32.2,optimal,optimal,optimal,optimal,optimal,optimal,↓ decreasing,↓ decreasing,→ stable,100.0,✅ EXCELLENT,False,NONE,3.8,0.0,NONE
1779700960.506,81.1,90.0,32.4,1478.0,45.6,13.8,32.3,31.8,31.9,32.0,optimal,optimal,optimal,optimal,optimal,optimal,↓ decreasing,↓ decreasing,→ stable,100.0,✅ EXCELLENT,False,NONE,3.0,0.0,NONE
1779700961.506,81.4,89.5,32.0,1461.0,45.3,13.82,31.9,32.2,32.1,32.1,optimal,optimal,optimal,optimal,optimal,optimal,↓ decreasing,→ stable,→ stable,100.0,✅ EXCELLENT,False,NONE,3.5,0.1,NONE
1779700962.507,81.6,90.3,32.2,1532.0,44.9,13.85,32.1,32.1,31.9,32.0,optimal,optimal,optimal,optimal,optimal,optimal,→ stable,→ stable,→ stable,100.0,✅ EXCELLENT,False,NONE,3.3,0.0,NONE
1779700963.508,79.8,90.3,31.6,1508.0,44.9,13.76,32.2,32.1,32.2,31.7,optimal,optimal,optimal,optimal,optimal,optimal,→ stable,→ stable,→ stable,100.0,✅ EXCELLENT,False,NONE,3.9,0.0,NONE
1779700964.509,79.9,89.4,32.1,1533.0,45.3,13.84,32.4,32.3,32.0,32.2,optimal,optimal,optimal,optimal,optimal,optimal,→ stable,→ stable,→ stable,100.0,✅ EXCELLENT,False,NONE,3.3,0.2,NONE
1779700965.51,82.3,90.1,32.1,1533.0,44.7,13.82,32.0,32.4,31.8,32.2,optimal,optimal,optimal,optimal,optimal,optimal,→ stable,→ stable,→ stable,100.0,✅ EXCELLENT,False,NONE,3.4,0.0,NONE
1779700966.511,79.0,90.3,32.3,1456.0,45.5,13.77,32.3,32.0,32.0,31.9,optimal,optimal,optimal,optimal,optimal,optimal,→ stable,→ stable,→ stable,100.0,✅ EXCELLENT,False,NONE,3.0,0.0,NONE
1779700967.512,77.3,89.1,31.8,1487.0,44.7,13.81,31.9,31.9,32.0,31.6,optimal,optimal,optimal,optimal,optimal,optimal,→ stable,→ stable,→ stable,100.0,✅ EXCELLENT,False,NONE,3.5,0.4,NONE
1779700968.513,79.6,91.4,32.0,1497.0,45.6,13.79,32.0,32.2,31.7,32.3,optimal,optimal,optimal,optimal,optimal,optimal,→ stable,→ stable,→ stable,100.0,✅ EXCELLENT,False,NONE,3.4,0.0,NONE
1779700969.514,78.2,89.5,31.7,1549.0,45.1,13.77,32.2,31.9,31.8,32.2,optimal,optimal,optimal,optimal,optimal,optimal,→ stable,→ stable,→ stable,100.0,✅ EXCELLENT,False,NONE,3.7,0.1,NONE
1779700970.515,80.5,89.0,32.2,1497.0,45.3,13.84,32.3,32.2,32.2,32.0,optimal,optimal,optimal,optimal,optimal,optimal,→ stable,→ stable,→ stable,100.0,✅ EXCELLENT,False,NONE,3.2,0.5,NONE
1779700971.516,79.9,90.3,32.1,1486.0,45.4,13.85,32.0,32.1,32.1,31.8,optimal,optimal,optimal,optimal,optimal,optimal,→ stable,→ stable,→ stable,100.0,✅ EXCELLENT,False,NONE,3.3,0.0,NONE
1779700972.517,77.7,89.4,32.0,1502.0,45.9,13.79,31.6,31.9,32.0,32.3,optimal,optimal,optimal,optimal,optimal,optimal,↓ decreasing,→ stable,→ stable,100.0,✅ EXCELLENT,False,NONE,3.3,0.2,NONE
1779700973.517,82.8,88.9,32.1,1500.0,45.5,13.82,31.7,32.0,31.8,31.9,optimal,optimal,optimal,optimal,optimal,optimal,↓ decreasing,→ stable,→ stable,100.0,✅ EXCELLENT,False,NONE,3.4,0.6,NONE
1779700974.517,77.4,90.4,32.0,1504.0,45.1,13.83,32.4,32.3,31.7,32.1,optimal,optimal,optimal,optimal,optimal,optimal,↓ decreasing,→ stable,→ stable,100.0,✅ EXCELLENT,False,NONE,3.3,0.0,NONE
1779700975.518,82.4,88.9,32.0,1496.0,45.3,13.76,32.1,32.2,32.2,32.0,optimal,optimal,optimal,optimal,optimal,optimal,↓ decreasing,→ stable,→ stable,100.0,✅ EXCELLENT,False,NONE,3.5,0.6,NONE
1779700976.519,78.4,90.5,31.8,1516.0,44.1,13.78,31.8,32.4,32.0,32.2,optimal,optimal,optimal,optimal,optimal,optimal,↓ decreasing,→ stable,→ stable,100.0,✅ EXCELLENT,False,NONE,3.6,0.0,NONE
1779700977.52,79.6,90.2,31.7,1497.0,44.6,13.83,32.4,32.0,32.0,32.1,optimal,optimal,optimal,optimal,optimal,optimal,↓ decreasing,→ stable,→ stable,100.0,✅ EXCELLENT,False,NONE,3.8,0.0,NONE
1779700978.521,78.8,91.5,31.9,1546.0,45.9,13.76,32.2,31.6,31.8,31.8,optimal,optimal,optimal,optimal,optimal,optimal,↓ decreasing,→ stable,→ stable,100.0,✅ EXCELLENT,False,NONE,3.5,0.0,NONE
1779700979.522,77.8,89.2,31.7,1494.0,45.6,13.82,31.9,31.8,32.3,32.4,optimal,optimal,optimal,optimal,optimal,optimal,→ stable,→ stable,→ stable,100.0,✅ EXCELLENT,False,NONE,3.7,0.3,NONE
1779700980.522,80.6,89.9,31.7,1531.0,44.9,13.78,31.7,31.8,31.8,32.2,optimal,optimal,optimal,optimal,optimal,optimal,→ stable,→ stable,→ stable,100.0,✅ EXCELLENT,False,NONE,3.8,0.0,NONE
1779700981.523,79.5,88.9,32.2,1495.0,45.9,13.77,32.2,31.9,32.0,32.3,optimal,optimal,optimal,optimal,optimal,optimal,→ stable,→ stable,→ stable,100.0,✅ EXCELLENT,False,NONE,3.2,0.6,NONE
1779700982.524,83.0,90.5,31.8,1499.0,44.9,13.79,32.0,32.1,31.6,32.2,optimal,optimal,optimal,optimal,optimal,optimal,↑ increasing,→ stable,→ stable,100.0,✅ EXCELLENT,False,NONE,3.8,0.0,NONE
1779700983.525,81.0,90.5,31.9,1500.0,44.1,13.82,32.3,32.0,32.0,32.2,optimal,optimal,optimal,optimal,optimal,optimal,→ stable,→ stable,→ stable,100.0,✅ EXCELLENT,False,NONE,3.6,0.0,NONE
1779700984.525,82.2,90.0,32.1,1508.0,44.5,13.75,31.7,31.8,31.8,31.7,optimal,optimal,optimal,optimal,optimal,optimal,↑ increasing,→ stable,→ stable,100.0,✅ EXCELLENT,False,NONE,3.4,0.0,NONE
1779700985.526,82.2,90.5,31.8,1480.0,44.6,13.77,32.3,32.0,32.2,32.4,optimal,optimal,optimal,optimal,optimal,optimal,↑ increasing,→ stable,→ stable,100.0,✅ EXCELLENT,False,NONE,3.8,0.0,NONE
1779700986.527,79.2,91.3,32.1,1475.0,44.9,13.77,32.3,32.4,31.9,32.1,optimal,optimal,optimal,optimal,optimal,optimal,↑ increasing,↑ increasing,→ stable,100.0,✅ EXCELLENT,False,NONE,3.3,0.0,NONE
1779700987.527,79.2,90.7,31.7,1531.0,45.4,13.81,32.0,31.8,31.7,32.1,optimal,optimal,optimal,optimal,optimal,optimal,↑ increasing,→ stable,→ stable,100.0,✅ EXCELLENT,False,NONE,3.7,0.0,NONE
1779700988.527,81.6,89.6,31.7,1457.0,45.9,13.77,31.8,32.2,32.3,31.8,optimal,optimal,optimal,optimal,optimal,optimal,↑ increasing,→ stable,→ stable,100.0,✅ EXCELLENT,False,NONE,3.8,0.1,NONE
1779700989.529,81.2,89.0,32.2,1530.0,44.6,13.81,32.3,32.0,31.8,31.9,optimal,optimal,optimal,optimal,optimal,optimal,↑ increasing,→ stable,→ stable,100.0,✅ EXCELLENT,False,NONE,3.2,0.5,NONE
1779700990.53,80.9,91.5,32.0,1530.0,45.0,13.84,32.2,32.0,32.1,31.9,optimal,optimal,optimal,optimal,optimal,optimal,↑ increasing,→ stable,→ stable,100.0,✅ EXCELLENT,False,NONE,3.5,0.0,NONE
1779700991.531,78.1,91.0,32.0,1526.0,44.1,13.79,32.3,32.2,32.2,32.0,optimal,optimal,optimal,optimal,optimal,optimal,↑ increasing,↑ increasing,→ stable,100.0,✅ EXCELLENT,False,NONE,3.3,0.0,NONE
1779700992.531,82.9,90.8,31.9,1530.0,45.5,13.77,32.1,32.4,31.8,32.4,optimal,optimal,optimal,optimal,optimal,optimal,↑ increasing,↑ increasing,→ stable,100.0,✅ EXCELLENT,False,NONE,3.7,0.0,NONE
1779700993.533,80.6,90.8,32.3,1532.0,44.4,13.85,31.8,32.3,32.3,32.1,optimal,optimal,optimal,optimal,optimal,optimal,↑ increasing,→ stable,→ stable,100.0,✅ EXCELLENT,False,NONE,3.1,0.0,NONE
1779700994.533,77.7,90.3,31.9,1515.0,45.2,13.77,32.0,32.3,32.1,32.0,optimal,optimal,optimal,optimal,optimal,optimal,→ stable,↑ increasing,→ stable,100.0,✅ EXCELLENT,False,NONE,3.4,0.0,NONE
1779700995.534,79.8,91.4,31.8,1479.0,44.2,13.78,32.1,31.7,32.1,31.8,optimal,optimal,optimal,optimal,optimal,optimal,→ stable,→ stable,→ stable,100.0,✅ EXCELLENT,False,NONE,3.6,0.0,NONE
1779700996.535,80.0,89.0,32.1,1481.0,44.9,13.79,31.8,31.9,32.0,32.4,optimal,optimal,optimal,optimal,optimal,optimal,→ stable,→ stable,→ stable,100.0,✅ EXCELLENT,False,NONE,3.3,0.5,NONE
1779700997.536,79.4,89.2,32.3,1495.0,44.1,13.77,32.2,32.3,31.8,31.7,optimal,optimal,optimal,optimal,optimal,optimal,→ stable,→ stable,→ stable,100.0,✅ EXCELLENT,False,NONE,3.1,0.3,NONE
1779700998.537,77.8,89.1,31.9,1512.0,45.3,13.82,32.4,31.8,32.2,32.0,optimal,optimal,optimal,optimal,optimal,optimal,↓ decreasing,→ stable,→ stable,100.0,✅ EXCELLENT,False,NONE,3.4,0.4,NONE
1779700999.537,82.0,89.7,32.0,1537.0,44.5,13.81,31.6,32.1,32.1,32.2,optimal,optimal,optimal,optimal,optimal,optimal,↓ decreasing,→ stable,→ stable,100.0,✅ EXCELLENT,False,NONE,3.5,0.0,NONE
1779701000.538,81.4,90.0,31.6,1489.0,45.2,13.81,31.9,32.2,31.8,32.0,optimal,optimal,optimal,optimal,optimal,optimal,↓ decreasing,→ stable,→ stable,100.0,✅ EXCELLENT,False,NONE,4.0,0.0,NONE
1779701001.539,79.6,89.0,32.1,1477.0,44.9,13.77,32.1,31.8,32.3,32.0,optimal,optimal,optimal,optimal,optimal,optimal,↓ decreasing,↓ decreasing,→ stable,100.0,✅ EXCELLENT,False,NONE,3.3,0.5,NONE
1779701002.54,81.2,90.2,32.2,1511.0,45.4,13.81,31.8,32.3,31.9,31.6,optimal,optimal,optimal,optimal,optimal,optimal,↓ decreasing,↓ decreasing,→ stable,100.0,✅ EXCELLENT,False,NONE,3.2,0.0,NONE
1779701003.54,77.6,90.0,32.2,1498.0,44.6,13.78,31.8,32.1,31.8,32.4,optimal,optimal,optimal,optimal,optimal,optimal,↓ decreasing,↓ decreasing,→ stable,100.0,✅ EXCELLENT,False,NONE,3.1,0.0,NONE
1779701004.541,79.1,89.6,31.9,1532.0,45.5,13.84,32.4,31.9,31.6,32.4,optimal,optimal,optimal,optimal,optimal,optimal,↓ decreasing,↓ decreasing,→ stable,100.0,✅ EXCELLENT,False,NONE,3.5,0.1,NONE
1779701005.542,81.1,90.3,31.6,1536.0,45.3,13.83,31.7,32.2,31.9,32.3,optimal,optimal,optimal,optimal,optimal,optimal,→ stable,↓ decreasing,→ stable,100.0,✅ EXCELLENT,False,NONE,3.9,0.0,NONE
1779701006.542,79.2,90.4,31.8,1511.0,45.3,13.77,32.3,31.7,32.3,32.0,optimal,optimal,optimal,optimal,optimal,optimal,→ stable,↓ decreasing,→ stable,100.0,✅ EXCELLENT,False,NONE,3.6,0.0,NONE
1779701007.543,81.4,91.0,31.7,1511.0,44.6,13.8,32.1,32.2,31.8,32.3,optimal,optimal,optimal,optimal,optimal,optimal,→ stable,→ stable,→ stable,100.0,✅ EXCELLENT,False,NONE,3.8,0.0,NONE
1779701008.544,80.3,89.6,32.3,1529.0,44.6,13.81,32.2,32.3,32.3,31.8,optimal,optimal,optimal,optimal,optimal,optimal,→ stable,→ stable,→ stable,100.0,✅ EXCELLENT,False,NONE,3.1,0.1,NONE
1779701009.544,80.1,91.1,32.1,1509.0,45.1,13.78,32.2,31.6,31.6,32.1,optimal,optimal,optimal,optimal,optimal,optimal,→ stable,→ stable,→ stable,100.0,✅ EXCELLENT,False,NONE,3.3,0.0,NONE
1779701010.544,81.4,90.0,32.3,1481.0,44.6,13.78,32.1,32.3,32.1,32.2,optimal,optimal,optimal,optimal,optimal,optimal,→ stable,→ stable,→ stable,100.0,✅ EXCELLENT,False,NONE,3.1,0.0,NONE
1779701011.545,78.8,90.4,32.4,1450.0,45.6,13.82,31.9,31.6,31.7,32.0,optimal,optimal,optimal,optimal,optimal,optimal,→ stable,→ stable,→ stable,100.0,✅ EXCELLENT,False,NONE,2.9,0.0,NONE
1779701012.546,79.9,89.1,32.3,1497.0,45.7,13.78,31.7,32.3,31.7,32.3,optimal,optimal,optimal,optimal,optimal,optimal,→ stable,→ stable,→ stable,100.0,✅ EXCELLENT,False,NONE,3.1,0.4,NONE
1779701013.547,77.8,89.4,32.4,1468.0,44.2,13.85,32.4,31.7,31.8,32.2,optimal,optimal,optimal,optimal,optimal,optimal,→ stable,→ stable,→ stable,100.0,✅ EXCELLENT,False,NONE,2.9,0.2,NONE
1779701014.548,81.9,91.3,32.2,1479.0,44.1,13.75,31.8,31.9,31.6,31.8,optimal,optimal,optimal,optimal,optimal,optimal,→ stable,↑ increasing,→ stable,100.0,✅ EXCELLENT,False,NONE,3.3,0.0,NONE
1779701015.549,82.8,90.1,31.9,1466.0,45.3,13.79,31.9,31.6,32.0,32.2,optimal,optimal,optimal,optimal,optimal,optimal,→ stable,↑ increasing,→ stable,100.0,✅ EXCELLENT,False,NONE,3.7,0.0,NONE
1779701016.549,79.1,88.8,32.1,1469.0,45.1,13.83,31.8,32.1,31.8,31.9,optimal,optimal,optimal,optimal,optimal,optimal,↑ increasing,→ stable,→ stable,100.0,✅ EXCELLENT,False,NONE,3.3,0.7,NONE
1779701017.55,78.6,89.8,32.3,1464.0,45.2,13.83,32.2,31.7,32.3,32.3,optimal,optimal,optimal,optimal,optimal,optimal,→ stable,→ stable,→ stable,100.0,✅ EXCELLENT,False,NONE,3.0,0.0,NONE
1779701018.551,77.4,88.5,32.1,1511.0,45.2,13.79,32.1,31.9,31.9,32.2,optimal,optimal,optimal,optimal,optimal,optimal,↓ decreasing,→ stable,→ stable,100.0,✅ EXCELLENT,False,NONE,3.2,1.1,NONE
1779701019.551,78.7,89.4,32.2,1492.0,44.7,13.75,31.8,31.6,31.7,32.2,optimal,optimal,optimal,optimal,optimal,optimal,→ stable,→ stable,→ stable,100.0,✅ EXCELLENT,False,NONE,3.1,0.2,NONE
1779701020.551,82.7,91.0,31.6,1532.0,45.5,13.76,31.6,31.6,32.1,32.3,optimal,optimal,optimal,optimal,optimal,optimal,→ stable,→ stable,→ stable,100.0,✅ EXCELLENT,False,NONE,4.0,0.0,NONE
1779701021.551,77.7,91.4,32.1,1500.0,44.1,13.77,32.3,31.9,31.9,31.9,optimal,optimal,optimal,optimal,optimal,optimal,→ stable,→ stable,→ stable,100.0,✅ EXCELLENT,False,NONE,3.2,0.0,NONE
1779701022.552,78.4,90.6,32.2,1512.0,44.8,13.82,32.3,32.0,31.8,31.8,optimal,optimal,optimal,optimal,optimal,optimal,→ stable,→ stable,→ stable,100.0,✅ EXCELLENT,False,NONE,3.1,0.0,NONE
1779701023.553,78.8,88.9,32.4,1460.0,44.6,13.79,32.2,31.8,31.9,31.8,optimal,optimal,optimal,optimal,optimal,optimal,→ stable,→ stable,→ stable,100.0,✅ EXCELLENT,False,NONE,2.9,0.6,NONE
1779701024.553,77.9,90.2,32.1,1532.0,44.4,13.84,31.9,32.3,32.2,31.7,optimal,optimal,optimal,optimal,optimal,optimal,↓ decreasing,→ stable,→ stable,100.0,✅ EXCELLENT,False,NONE,3.2,0.0,NONE
1779701025.554,81.1,89.0,32.3,1478.0,45.5,13.76,31.8,31.8,32.0,32.3,optimal,optimal,optimal,optimal,optimal,optimal,↓ decreasing,→ stable,→ stable,100.0,✅ EXCELLENT,False,NONE,3.1,0.5,NONE
1779701026.554,78.7,89.7,32.3,1548.0,45.7,13.77,31.7,31.6,32.2,31.8,optimal,optimal,optimal,optimal,optimal,optimal,↓ decreasing,→ stable,→ stable,100.0,✅ EXCELLENT,False,NONE,3.0,0.0,NONE
1779701027.554,77.4,90.3,32.2,1524.0,45.0,13.78,31.7,32.0,32.3,32.0,optimal,optimal,optimal,optimal,optimal,optimal,↓ decreasing,→ stable,→ stable,100.0,✅ EXCELLENT,False,NONE,3.1,0.0,NONE
1779701028.555,81.3,91.4,31.7,1492.0,45.2,13.83,32.2,32.3,31.9,32.0,optimal,optimal,optimal,optimal,optimal,optimal,↓ decreasing,→ stable,→ stable,100.0,✅ EXCELLENT,False,NONE,3.8,0.0,NONE
1779701029.556,79.4,89.1,32.2,1513.0,45.2,13.77,31.6,31.7,31.6,31.7,optimal,optimal,optimal,optimal,optimal,optimal,→ stable,→ stable,→ stable,100.0,✅ EXCELLENT,False,NONE,3.2,0.4,NONE
1779701030.557,81.3,91.1,32.3,1544.0,44.1,13.81,31.8,32.3,31.9,31.6,optimal,optimal,optimal,optimal,optimal,optimal,↓ decreasing,→ stable,→ stable,100.0,✅ EXCELLENT,False,NONE,3.1,0.0,NONE
1779701031.558,79.9,88.7,31.7,1517.0,45.8,13.78,32.1,32.1,31.7,32.1,optimal,optimal,optimal,optimal,optimal,optimal,→ stable,→ stable,→ stable,100.0,✅ EXCELLENT,False,NONE,3.8,0.8,NONE
1779701032.559,82.1,90.0,32.2,1525.0,44.8,13.81,32.0,31.8,32.4,31.9,optimal,optimal,optimal,optimal,optimal,optimal,→ stable,→ stable,→ stable,100.0,✅ EXCELLENT,False,NONE,3.3,0.0,NONE
1779701033.56,81.1,89.3,31.8,1476.0,45.5,13.75,32.2,32.0,32.4,32.2,optimal,optimal,optimal,optimal,optimal,optimal,→ stable,→ stable,→ stable,100.0,✅ EXCELLENT,False,NONE,3.7,0.2,NONE
1779701034.561,82.1,90.6,32.2,1489.0,46.0,13.79,31.8,32.0,31.8,31.9,optimal,optimal,optimal,optimal,optimal,optimal,↑ increasing,→ stable,→ stable,100.0,✅ EXCELLENT,False,NONE,3.3,0.0,NONE
1779701035.56,82.9,89.3,32.3,1537.0,45.4,13.76,32.0,32.0,31.7,32.4,optimal,optimal,optimal,optimal,optimal,optimal,↑ increasing,→ stable,→ stable,100.0,✅ EXCELLENT,False,NONE,3.2,0.2,NONE
1779701036.56,78.4,90.7,32.3,1480.0,45.5,13.8,31.8,31.7,31.7,31.6,optimal,optimal,optimal,optimal,optimal,optimal,↑ increasing,→ stable,→ stable,100.0,✅ EXCELLENT,False,NONE,3.0,0.0,NONE
1779701037.56,77.0,88.8,31.9,1473.0,45.9,13.76,31.8,32.1,32.0,31.8,optimal,optimal,optimal,optimal,optimal,optimal,↑ increasing,→ stable,→ stable,100.0,✅ EXCELLENT,False,NONE,3.4,0.7,NONE
1779701038.561,79.7,90.7,31.8,1537.0,44.9,13.77,31.6,31.6,32.4,31.7,optimal,optimal,optimal,optimal,optimal,optimal,↑ increasing,→ stable,→ stable,100.0,✅ EXCELLENT,False,NONE,3.6,0.0,NONE
1779701039.562,81.0,89.6,32.3,1517.0,45.5,13.77,32.0,31.7,32.0,31.8,optimal,optimal,optimal,optimal,optimal,optimal,↑ increasing,→ stable,→ stable,100.0,✅ EXCELLENT,False,NONE,3.1,0.1,NONE
1779701040.563,82.0,90.3,31.9,1536.0,44.1,13.84,32.0,32.2,32.1,32.1,optimal,optimal,optimal,optimal,optimal,optimal,↑ increasing,→ stable,→ stable,100.0,✅ EXCELLENT,False,NONE,3.6,0.0,NONE
1779701041.563,77.4,91.0,32.1,1513.0,44.2,13.83,31.6,32.1,31.7,32.4,optimal,optimal,optimal,optimal,optimal,optimal,↑ increasing,→ stable,→ stable,100.0,✅ EXCELLENT,False,NONE,3.2,0.0,NONE
1779701042.564,79.3,89.6,32.0,1452.0,45.3,13.81,32.3,31.8,32.2,31.7,optimal,optimal,optimal,optimal,optimal,optimal,→ stable,→ stable,→ stable,100.0,✅ EXCELLENT,False,NONE,3.4,0.1,NONE
1779701043.565,82.3,90.7,32.3,1473.0,44.8,13.76,32.2,31.7,32.0,32.0,optimal,optimal,optimal,optimal,optimal,optimal,→ stable,→ stable,→ stable,100.0,✅ EXCELLENT,False,NONE,3.2,0.0,NONE
1779701044.566,82.2,90.2,31.9,1547.0,45.8,13.77,32.1,31.8,32.4,32.0,optimal,optimal,optimal,optimal,optimal,optimal,→ stable,→ stable,→ stable,100.0,✅ EXCELLENT,False,NONE,3.6,0.0,NONE
1779701045.567,83.0,91.3,31.7,1514.0,45.4,13.75,31.7,32.3,32.2,32.0,optimal,optimal,optimal,optimal,optimal,optimal,→ stable,→ stable,→ stable,100.0,✅ EXCELLENT,False,NONE,3.9,0.0,NONE
1779701046.568,78.9,88.8,31.6,1519.0,45.2,13.79,31.7,32.0,32.1,31.9,optimal,optimal,optimal,optimal,optimal,optimal,→ stable,→ stable,→ stable,100.0,✅ EXCELLENT,False,NONE,3.8,0.7,NONE
1779701047.568,82.5,91.0,31.6,1549.0,45.8,13.78,32.1,31.6,31.9,31.7,optimal,optimal,optimal,optimal,optimal,optimal,→ stable,→ stable,→ stable,100.0,✅ EXCELLENT,False,NONE,4.0,0.0,NONE
1779701048.569,82.4,88.8,32.4,1450.0,44.2,13.81,32.2,31.9,32.3,31.8,optimal,optimal,optimal,optimal,optimal,optimal,↑ increasing,→ stable,→ stable,100.0,✅ EXCELLENT,False,NONE,3.1,0.7,NONE
1779701049.57,78.6,90.8,32.2,1541.0,44.9,13.85,31.8,31.6,31.8,32.1,optimal,optimal,optimal,optimal,optimal,optimal,→ stable,→ stable,→ stable,100.0,✅ EXCELLENT,False,NONE,3.1,0.0,NONE
1779701050.571,80.4,88.6,32.1,1542.0,45.5,13.78,32.0,31.7,32.4,32.1,optimal,optimal,optimal,optimal,optimal,optimal,→ stable,→ stable,→ stable,100.0,✅ EXCELLENT,False,NONE,3.3,1.0,NONE
1779701051.571,80.0,90.8,32.4,1522.0,44.0,13.82,32.0,32.0,31.7,31.7,optimal,optimal,optimal,optimal,optimal,optimal,↑ increasing,→ stable,→ stable,100.0,✅ EXCELLENT,False,NONE,3.0,0.0,NONE
1779701052.571,78.6,89.0,32.0,1521.0,44.2,13.76,31.9,31.7,32.2,31.7,optimal,optimal,optimal,optimal,optimal,optimal,↑ increasing,→ stable,→ stable,100.0,✅ EXCELLENT,False,NONE,3.4,0.5,NONE
1779701053.572,82.9,90.5,32.2,1539.0,44.3,13.81,32.4,32.0,32.1,32.3,optimal,optimal,optimal,optimal,optimal,optimal,↑ increasing,→ stable,→ stable,100.0,✅ EXCELLENT,False,NONE,3.3,0.0,NONE
1779701054.573,81.2,88.7,32.0,1468.0,44.9,13.83,32.0,32.0,31.8,31.8,optimal,optimal,optimal,optimal,optimal,optimal,↑ increasing,→ stable,→ stable,100.0,✅ EXCELLENT,False,NONE,3.5,0.8,NONE
1779701055.574,78.6,91.0,32.2,1462.0,45.2,13.8,32.3,31.7,32.1,31.9,optimal,optimal,optimal,optimal,optimal,optimal,→ stable,→ stable,→ stable,100.0,✅ EXCELLENT,False,NONE,3.1,0.0,NONE
1779701056.574,81.3,90.3,31.9,1516.0,44.7,13.84,32.2,32.1,31.6,31.7,optimal,optimal,optimal,optimal,optimal,optimal,→ stable,→ stable,→ stable,100.0,✅ EXCELLENT,False,NONE,3.6,0.0,NONE
1779701057.574,82.9,91.0,32.1,1504.0,44.3,13.84,31.7,32.0,32.0,31.7,optimal,optimal,optimal,optimal,optimal,optimal,→ stable,→ stable,→ stable,100.0,✅ EXCELLENT,False,NONE,3.4,0.0,NONE
1779701058.575,81.3,88.6,31.7,1460.0,45.4,13.84,32.0,31.9,32.3,31.9,optimal,optimal,optimal,optimal,optimal,optimal,↓ decreasing,→ stable,→ stable,100.0,✅ EXCELLENT,False,NONE,3.8,1.0,NONE
1779701059.576,80.1,91.3,32.4,1544.0,44.1,13.77,32.0,31.9,31.7,32.2,optimal,optimal,optimal,optimal,optimal,optimal,→ stable,→ stable,→ stable,100.0,✅ EXCELLENT,False,NONE,3.0,0.0,NONE
1779701060.577,81.8,89.1,32.3,1469.0,45.0,13.83,32.2,31.8,31.8,32.2,optimal,optimal,optimal,optimal,optimal,optimal,→ stable,→ stable,→ stable,100.0,✅ EXCELLENT,False,NONE,3.2,0.4,NONE
1779701061.577,79.0,90.0,31.7,1485.0,45.3,13.76,32.3,32.2,32.1,31.7,optimal,optimal,optimal,optimal,optimal,optimal,→ stable,→ stable,→ stable,100.0,✅ EXCELLENT,False,NONE,3.7,0.0,NONE
1779701062.578,78.8,88.6,32.0,1489.0,45.9,13.79,32.2,32.3,32.0,31.9,optimal,optimal,optimal,optimal,optimal,optimal,→ stable,→ stable,→ stable,100.0,✅ EXCELLENT,False,NONE,3.4,1.0,NONE
1779701063.579,77.2,91.0,32.1,1522.0,44.6,13.76,31.9,32.4,31.7,32.0,optimal,optimal,optimal,optimal,optimal,optimal,↓ decreasing,→ stable,→ stable,100.0,✅ EXCELLENT,False,NONE,3.2,0.0,NONE
1779701064.58,78.8,91.2,31.8,1530.0,45.9,13.77,31.7,32.3,32.2,31.8,optimal,optimal,optimal,optimal,optimal,optimal,↓ decreasing,→ stable,→ stable,100.0,✅ EXCELLENT,False,NONE,3.6,0.0,NONE
1779701065.581,81.8,89.8,31.8,1516.0,45.2,13.78,31.9,31.9,32.1,31.8,optimal,optimal,optimal,optimal,optimal,optimal,→ stable,→ stable,→ stable,100.0,✅ EXCELLENT,False,NONE,3.7,0.0,NONE
1779701066.582,79.0,89.5,31.7,1493.0,45.4,13.8,31.8,31.9,32.3,31.6,optimal,optimal,optimal,optimal,optimal,optimal,↓ decreasing,→ stable,→ stable,100.0,✅ EXCELLENT,False,NONE,3.7,0.1,NONE
1779701067.583,79.4,91.1,32.3,1472.0,44.6,13.85,32.2,31.9,31.7,32.3,optimal,optimal,optimal,optimal,optimal,optimal,↓ decreasing,→ stable,→ stable,100.0,✅ EXCELLENT,False,NONE,3.1,0.0,NONE
1779701068.583,80.7,89.0,32.0,1521.0,44.7,13.82,31.7,32.1,32.2,31.9,optimal,optimal,optimal,optimal,optimal,optimal,↓ decreasing,→ stable,→ stable,100.0,✅ EXCELLENT,False,NONE,3.5,0.5,NONE
1779701069.584,79.4,89.5,32.3,1471.0,45.1,13.83,32.2,32.1,31.9,32.0,optimal,optimal,optimal,optimal,optimal,optimal,↓ decreasing,→ stable,→ stable,100.0,✅ EXCELLENT,False,NONE,3.1,0.1,NONE
1779701070.584,78.6,91.0,32.4,1455.0,44.2,13.78,31.9,31.6,31.7,31.8,optimal,optimal,optimal,optimal,optimal,optimal,↓ decreasing,→ stable,→ stable,100.0,✅ EXCELLENT,False,NONE,2.9,0.0,NONE
1779701071.584,78.8,91.3,31.8,1499.0,44.0,13.84,32.3,32.3,32.3,31.7,optimal,optimal,optimal,optimal,optimal,optimal,↓ decreasing,→ stable,→ stable,100.0,✅ EXCELLENT,False,NONE,3.6,0.0,NONE
1779701072.586,80.6,90.6,32.2,1464.0,45.2,13.85,32.1,32.1,31.7,32.2,optimal,optimal,optimal,optimal,optimal,optimal,↓ decreasing,→ stable,→ stable,100.0,✅ EXCELLENT,False,NONE,3.2,0.0,NONE
1779701073.586,79.9,91.5,31.7,1541.0,45.6,13.78,32.3,32.0,32.1,32.3,optimal,optimal,optimal,optimal,optimal,optimal,↓ decreasing,→ stable,→ stable,100.0,✅ EXCELLENT,False,NONE,3.8,0.0,NONE
1779701074.587,80.0,89.0,32.1,1477.0,45.4,13.8,31.8,31.8,32.1,31.6,optimal,optimal,optimal,optimal,optimal,optimal,→ stable,→ stable,→ stable,100.0,✅ EXCELLENT,False,NONE,3.3,0.5,NONE
1779701075.587,80.6,91.3,31.8,1545.0,44.6,13.84,31.6,32.0,31.8,32.3,optimal,optimal,optimal,optimal,optimal,optimal,↓ decreasing,→ stable,→ stable,100.0,✅ EXCELLENT,False,NONE,3.7,0.0,NONE
1779701076.588,79.9,88.9,32.1,1487.0,44.9,13.79,31.8,31.8,32.0,31.9,optimal,optimal,optimal,optimal,optimal,optimal,→ stable,→ stable,→ stable,100.0,✅ EXCELLENT,False,NONE,3.3,0.6,NONE
1779701077.588,79.2,89.6,32.1,1518.0,44.6,13.8,32.1,31.8,31.9,31.6,optimal,optimal,optimal,optimal,optimal,optimal,→ stable,→ stable,→ stable,100.0,✅ EXCELLENT,False,NONE,3.3,0.1,NONE
1779701078.589,81.0,91.4,32.0,1519.0,44.5,13.79,31.7,32.0,32.3,32.0,optimal,optimal,optimal,optimal,optimal,optimal,→ stable,→ stable,→ stable,100.0,✅ EXCELLENT,False,NONE,3.5,0.0,NONE
1779701079.589,82.7,89.3,32.3,1512.0,45.4,13.83,31.9,32.1,31.9,32.3,optimal,optimal,optimal,optimal,optimal,optimal,↑ increasing,↑ increasing,→ stable,100.0,✅ EXCELLENT,False,NONE,3.2,0.2,NONE
1779701080.59,78.1,90.0,32.2,1530.0,45.4,13.83,31.7,31.7,31.9,31.8,optimal,optimal,optimal,optimal,optimal,optimal,↑ increasing,→ stable,→ stable,100.0,✅ EXCELLENT,False,NONE,3.1,0.0,NONE
1779701081.591,79.4,90.1,32.0,1533.0,44.1,13.83,32.4,32.2,32.4,31.8,optimal,optimal,optimal,optimal,optimal,optimal,↑ increasing,→ stable,→ stable,100.0,✅ EXCELLENT,False,NONE,3.4,0.0,NONE
1779701082.592,80.2,90.6,31.7,1473.0,44.0,13.79,32.3,32.2,31.8,32.1,optimal,optimal,optimal,optimal,optimal,optimal,↑ increasing,→ stable,→ stable,100.0,✅ EXCELLENT,False,NONE,3.8,0.0,NONE
1779701083.592,81.1,89.6,32.1,1533.0,45.6,13.77,31.9,32.3,32.1,32.3,optimal,optimal,optimal,optimal,optimal,optimal,↑ increasing,→ stable,→ stable,100.0,✅ EXCELLENT,False,NONE,3.4,0.1,NONE
1779701084.592,81.1,89.4,31.7,1472.0,45.8,13.8,31.8,31.7,31.7,31.8,optimal,optimal,optimal,optimal,optimal,optimal,↑ increasing,→ stable,→ stable,100.0,✅ EXCELLENT,False,NONE,3.8,0.2,NONE
1779701085.593,79.3,89.0,32.2,1500.0,45.9,13.76,31.7,31.6,32.4,32.0,optimal,optimal,optimal,optimal,optimal,optimal,→ stable,↓ decreasing,→ stable,100.0,✅ EXCELLENT,False,NONE,3.2,0.5,NONE
1779701086.593,82.6,90.8,31.7,1535.0,44.3,13.83,32.0,32.4,31.9,32.3,optimal,optimal,optimal,optimal,optimal,optimal,↑ increasing,→ stable,→ stable,100.0,✅ EXCELLENT,False,NONE,3.9,0.0,NONE
1779701087.595,79.5,90.2,32.0,1528.0,45.6,13.76,31.7,32.4,32.1,31.6,optimal,optimal,optimal,optimal,optimal,optimal,↑ increasing,→ stable,→ stable,100.0,✅ EXCELLENT,False,NONE,3.4,0.0,NONE
1779701088.595,81.8,91.0,32.1,1506.0,44.9,13.85,32.0,31.7,31.9,32.0,optimal,optimal,optimal,optimal,optimal,optimal,↑ increasing,→ stable,→ stable,100.0,✅ EXCELLENT,False,NONE,3.4,0.0,NONE
1779701089.596,79.9,89.9,31.6,1539.0,45.5,13.81,32.0,32.0,32.0,31.9,optimal,optimal,optimal,optimal,optimal,optimal,→ stable,→ stable,→ stable,100.0,✅ EXCELLENT,False,NONE,3.9,0.0,NONE
1779701090.597,80.7,89.0,32.3,1513.0,45.2,13.84,32.4,32.3,32.0,32.0,optimal,optimal,optimal,optimal,optimal,optimal,→ stable,→ stable,→ stable,100.0,✅ EXCELLENT,False,NONE,3.1,0.5,NONE
1779701091.597,77.3,89.7,32.1,1479.0,45.3,13.77,32.2,32.2,31.8,31.6,optimal,optimal,optimal,optimal,optimal,optimal,→ stable,→ stable,→ stable,100.0,✅ EXCELLENT,False,NONE,3.2,0.0,NONE
1779701092.599,78.2,90.7,32.2,1475.0,45.3,13.84,31.7,32.1,31.9,31.8,optimal,optimal,optimal,optimal,optimal,optimal,→ stable,→ stable,→ stable,100.0,✅ EXCELLENT,False,NONE,3.1,0.0,NONE
1779701093.6,77.8,91.3,31.8,1492.0,44.9,13.83,32.2,32.3,31.9,32.1,optimal,optimal,optimal,optimal,optimal,optimal,→ stable,→ stable,→ stable,100.0,✅ EXCELLENT,False,NONE,3.6,0.0,NONE
1779701094.601,77.1,90.3,31.6,1543.0,45.9,13.79,31.6,32.1,32.1,31.6,optimal,optimal,optimal,optimal,optimal,optimal,↓ decreasing,→ stable,→ stable,100.0,✅ EXCELLENT,False,NONE,3.7,0.0,NONE
1779701095.602,82.0,90.4,32.3,1548.0,44.7,13.75,31.7,31.6,32.3,32.1,optimal,optimal,optimal,optimal,optimal,optimal,↓ decreasing,↑ increasing,→ stable,100.0,✅ EXCELLENT,False,NONE,3.2,0.0,NONE
1779701096.602,81.5,89.2,32.2,1456.0,45.3,13.76,32.3,32.3,32.1,31.6,optimal,optimal,optimal,optimal,optimal,optimal,↓ decreasing,→ stable,→ stable,100.0,✅ EXCELLENT,False,NONE,3.3,0.3,NONE
1779701097.603,77.4,88.6,31.9,1461.0,44.9,13.77,32.0,31.7,32.0,31.9,optimal,optimal,optimal,optimal,optimal,optimal,↓ decreasing,→ stable,→ stable,100.0,✅ EXCELLENT,False,NONE,3.4,1.0,NONE
1779701098.604,79.3,90.6,31.6,1486.0,44.4,13.8,32.0,32.0,31.9,32.4,optimal,optimal,optimal,optimal,optimal,optimal,↓ decreasing,→ stable,→ stable,100.0,✅ EXCELLENT,False,NONE,3.9,0.0,NONE
1779701099.604,80.9,90.7,32.2,1537.0,45.3,13.78,32.0,31.9,32.3,31.8,optimal,optimal,optimal,optimal,optimal,optimal,↓ decreasing,→ stable,→ stable,100.0,✅ EXCELLENT,False,NONE,3.2,0.0,NONE
1779701100.605,77.4,89.6,31.8,1518.0,44.9,13.79,32.0,31.9,31.9,32.3,optimal,optimal,optimal,optimal,optimal,optimal,↓ decreasing,→ stable,→ stable,100.0,✅ EXCELLENT,False,NONE,3.5,0.1,NONE
1779701101.606,82.8,90.5,32.3,1450.0,44.2,13.84,32.3,32.4,32.3,31.6,optimal,optimal,optimal,optimal,optimal,optimal,↓ decreasing,→ stable,→ stable,100.0,✅ EXCELLENT,False,NONE,3.2,0.0,NONE
1779701102.607,79.4,89.8,32.0,1508.0,44.2,13.81,32.4,31.9,32.1,31.8,optimal,optimal,optimal,optimal,optimal,optimal,↓ decreasing,→ stable,→ stable,100.0,✅ EXCELLENT,False,NONE,3.4,0.0,NONE
1779701103.608,80.7,90.0,31.9,1466.0,45.3,13.84,32.4,32.2,32.2,32.4,optimal,optimal,optimal,optimal,optimal,optimal,→ stable,→ stable,→ stable,100.0,✅ EXCELLENT,False,NONE,3.6,0.0,NONE
1779701104.609,80.7,90.7,31.9,1546.0,44.3,13.79,31.9,31.9,32.3,31.8,optimal,optimal,optimal,optimal,optimal,optimal,↑ increasing,→ stable,→ stable,100.0,✅ EXCELLENT,False,NONE,3.6,0.0,NONE
1779701105.61,77.3,89.3,32.2,1546.0,45.2,13.82,31.7,31.9,31.9,32.2,optimal,optimal,optimal,optimal,optimal,optimal,→ stable,→ stable,→ stable,100.0,✅ EXCELLENT,False,NONE,3.1,0.2,NONE
1779701106.611,80.6,88.9,32.2,1539.0,45.1,13.81,32.3,32.1,31.8,32.2,optimal,optimal,optimal,optimal,optimal,optimal,→ stable,→ stable,→ stable,100.0,✅ EXCELLENT,False,NONE,3.2,0.6,NONE
1779701107.612,77.9,90.9,32.1,1521.0,44.0,13.76,32.4,31.8,32.3,31.6,optimal,optimal,optimal,optimal,optimal,optimal,→ stable,→ stable,→ stable,100.0,✅ EXCELLENT,False,NONE,3.2,0.0,NONE
1779701108.613,77.9,89.7,32.1,1478.0,44.1,13.82,31.6,32.2,32.1,32.4,optimal,optimal,optimal,optimal,optimal,optimal,→ stable,→ stable,→ stable,100.0,✅ EXCELLENT,False,NONE,3.2,0.0,NONE
1779701109.615,79.8,90.1,32.1,1480.0,45.9,13.78,32.0,32.3,31.8,32.3,optimal,optimal,optimal,optimal,optimal,optimal,→ stable,→ stable,→ stable,100.0,✅ EXCELLENT,False,NONE,3.3,0.0,NONE
1779701110.616,82.7,90.0,32.2,1550.0,45.0,13.75,31.8,31.8,31.7,32.3,optimal,optimal,optimal,optimal,optimal,optimal,↑ increasing,→ stable,→ stable,100.0,✅ EXCELLENT,False,NONE,3.3,0.0,NONE
1779701111.617,82.1,89.1,32.2,1460.0,44.4,13.76,31.9,31.8,31.8,31.6,optimal,optimal,optimal,optimal,optimal,optimal,→ stable,→ stable,→ stable,100.0,✅ EXCELLENT,False,NONE,3.3,0.4,NONE
1779701112.617,80.6,90.3,31.7,1541.0,44.7,13.81,31.8,32.3,32.3,31.8,optimal,optimal,optimal,optimal,optimal,optimal,→ stable,→ stable,→ stable,100.0,✅ EXCELLENT,False,NONE,3.8,0.0,NONE
1779701113.618,77.8,91.3,32.1,1492.0,45.2,13.77,32.0,32.1,32.1,31.7,optimal,optimal,optimal,optimal,optimal,optimal,→ stable,→ stable,→ stable,100.0,✅ EXCELLENT,False,NONE,3.2,0.0,NONE
1779701114.618,77.1,89.1,32.3,1460.0,45.6,13.84,32.2,31.6,31.7,31.6,optimal,optimal,optimal,optimal,optimal,optimal,↓ decreasing,→ stable,→ stable,100.0,✅ EXCELLENT,False,NONE,3.0,0.4,NONE
1779701115.62,82.7,89.0,32.2,1524.0,44.6,13.81,31.9,32.1,32.1,31.9,optimal,optimal,optimal,optimal,optimal,optimal,→ stable,→ stable,→ stable,100.0,✅ EXCELLENT,False,NONE,3.3,0.5,NONE
1779701116.62,80.5,90.3,31.9,1456.0,44.9,13.81,31.9,31.9,32.0,31.9,optimal,optimal,optimal,optimal,optimal,optimal,→ stable,→ stable,→ stable,100.0,✅ EXCELLENT,False,NONE,3.6,0.0,NONE
1779701117.62,79.9,89.0,31.8,1467.0,45.7,13.82,32.2,32.0,31.9,32.0,optimal,optimal,optimal,optimal,optimal,optimal,→ stable,→ stable,→ stable,100.0,✅ EXCELLENT,False,NONE,3.7,0.5,NONE
1779701118.621,82.2,90.8,31.7,1530.0,44.6,13.83,32.3,32.1,32.0,31.9,optimal,optimal,optimal,optimal,optimal,optimal,↑ increasing,→ stable,→ stable,100.0,✅ EXCELLENT,False,NONE,3.9,0.0,NONE
1779701119.622,77.4,89.6,31.8,1516.0,44.9,13.83,32.0,31.7,31.7,31.8,optimal,optimal,optimal,optimal,optimal,optimal,↑ increasing,→ stable,→ stable,100.0,✅ EXCELLENT,False,NONE,3.5,0.1,NONE
1779701120.623,82.6,91.1,31.8,1521.0,45.7,13.81,31.8,32.2,32.4,32.2,optimal,optimal,optimal,optimal,optimal,optimal,→ stable,→ stable,→ stable,100.0,✅ EXCELLENT,False,NONE,3.8,0.0,NONE
1779701121.623,81.8,89.7,31.6,1480.0,45.7,13.81,31.7,32.1,31.7,32.1,optimal,optimal,optimal,optimal,optimal,optimal,→ stable,→ stable,→ stable,100.0,✅ EXCELLENT,False,NONE,4.0,0.0,NONE
1779701122.623,77.3,88.8,32.1,1535.0,44.2,13.77,31.9,31.9,32.0,32.0,optimal,optimal,optimal,optimal,optimal,optimal,→ stable,→ stable,→ stable,100.0,✅ EXCELLENT,False,NONE,3.2,0.7,NONE
1779701123.624,79.5,89.7,32.4,1463.0,44.0,13.79,31.9,31.7,31.6,31.8,optimal,optimal,optimal,optimal,optimal,optimal,→ stable,→ stable,→ stable,100.0,✅ EXCELLENT,False,NONE,3.0,0.0,NONE
1779701124.626,80.5,91.4,31.7,1466.0,44.4,13.81,32.4,31.6,32.0,31.6,optimal,optimal,optimal,optimal,optimal,optimal,↑ increasing,→ stable,→ stable,100.0,✅ EXCELLENT,False,NONE,3.8,0.0,NONE
1779701125.626,82.6,90.5,31.8,1533.0,44.4,13.76,32.4,32.2,31.6,32.3,optimal,optimal,optimal,optimal,optimal,optimal,↑ increasing,→ stable,→ stable,100.0,✅ EXCELLENT,False,NONE,3.8,0.0,NONE
1779701126.627,83.0,89.2,31.8,1503.0,44.6,13.78,32.3,32.3,32.1,32.0,optimal,optimal,optimal,optimal,optimal,optimal,↑ increasing,→ stable,→ stable,100.0,✅ EXCELLENT,False,NONE,3.8,0.3,NONE
1779701127.628,82.0,89.6,32.2,1548.0,44.6,13.79,31.9,32.3,31.9,31.6,optimal,optimal,optimal,optimal,optimal,optimal,↑ increasing,→ stable,→ stable,100.0,✅ EXCELLENT,False,NONE,3.3,0.1,NONE
1779701128.628,79.4,91.4,32.0,1532.0,45.7,13.84,32.1,31.7,32.2,31.8,optimal,optimal,optimal,optimal,optimal,optimal,→ stable,→ stable,→ stable,100.0,✅ EXCELLENT,False,NONE,3.4,0.0,NONE
1779701129.63,79.9,90.2,31.7,1522.0,44.1,13.79,32.1,31.9,32.1,32.4,optimal,optimal,optimal,optimal,optimal,optimal,↑ increasing,→ stable,→ stable,100.0,✅ EXCELLENT,False,NONE,3.8,0.0,NONE
1779701130.631,80.3,90.7,32.4,1530.0,45.3,13.85,32.2,32.2,31.7,32.0,optimal,optimal,optimal,optimal,optimal,optimal,→ stable,→ stable,→ stable,100.0,✅ EXCELLENT,False,NONE,3.0,0.0,NONE
1779701131.632,79.3,90.7,32.0,1460.0,44.8,13.81,31.8,32.2,31.9,32.2,optimal,optimal,optimal,optimal,optimal,optimal,→ stable,→ stable,→ stable,100.0,✅ EXCELLENT,False,NONE,3.4,0.0,NONE
1779701132.633,77.8,91.4,32.2,1492.0,44.6,13.81,32.0,31.9,32.2,31.6,optimal,optimal,optimal,optimal,optimal,optimal,→ stable,↑ increasing,→ stable,100.0,✅ EXCELLENT,False,NONE,3.1,0.0,NONE
1779701133.635,78.8,90.7,31.6,1489.0,44.6,13.75,31.7,32.2,31.9,31.7,optimal,optimal,optimal,optimal,optimal,optimal,→ stable,↑ increasing,→ stable,100.0,✅ EXCELLENT,False,NONE,3.8,0.0,NONE
1779701134.635,79.4,89.4,31.8,1521.0,44.3,13.79,32.1,32.2,32.1,31.8,optimal,optimal,optimal,optimal,optimal,optimal,→ stable,→ stable,→ stable,100.0,✅ EXCELLENT,False,NONE,3.6,0.2,NONE
1779701135.635,77.2,89.0,32.4,1489.0,45.3,13.76,32.4,32.4,32.3,32.2,optimal,optimal,optimal,optimal,optimal,optimal,↓ decreasing,→ stable,→ stable,100.0,✅ EXCELLENT,False,NONE,2.9,0.5,NONE
1779701136.636,79.2,90.8,32.2,1467.0,45.4,13.79,31.8,31.8,31.8,31.8,optimal,optimal,optimal,optimal,optimal,optimal,↓ decreasing,→ stable,→ stable,100.0,✅ EXCELLENT,False,NONE,3.2,0.0,NONE
1779701137.636,81.1,88.9,31.6,1450.0,45.7,13.77,32.1,32.1,32.2,32.2,optimal,optimal,optimal,optimal,optimal,optimal,↓ decreasing,→ stable,→ stable,100.0,✅ EXCELLENT,False,NONE,3.9,0.6,NONE
1779701138.637,79.5,90.3,32.3,1519.0,44.1,13.85,31.6,31.7,32.2,31.8,optimal,optimal,optimal,optimal,optimal,optimal,↓ decreasing,→ stable,→ stable,100.0,✅ EXCELLENT,False,NONE,3.1,0.0,NONE
1779701139.638,78.0,88.6,32.0,1511.0,44.7,13.75,32.1,32.0,31.7,32.0,optimal,optimal,optimal,optimal,optimal,optimal,↓ decreasing,→ stable,→ stable,100.0,✅ EXCELLENT,False,NONE,3.3,1.0,NONE
1779701140.639,82.9,89.3,32.0,1514.0,45.4,13.75,31.8,32.3,32.2,32.1,optimal,optimal,optimal,optimal,optimal,optimal,↓ decreasing,→ stable,→ stable,100.0,✅ EXCELLENT,False,NONE,3.6,0.2,NONE
1779701141.639,78.6,91.0,32.0,1499.0,45.6,13.79,31.7,31.8,31.6,32.3,optimal,optimal,optimal,optimal,optimal,optimal,↓ decreasing,→ stable,→ stable,100.0,✅ EXCELLENT,False,NONE,3.4,0.0,NONE
1779701142.641,80.2,89.7,31.8,1454.0,44.2,13.77,31.9,32.3,31.7,32.4,optimal,optimal,optimal,optimal,optimal,optimal,↓ decreasing,↓ decreasing,→ stable,100.0,✅ EXCELLENT,False,NONE,3.7,0.0,NONE
1779701143.642,78.6,90.1,31.8,1472.0,45.6,13.78,32.0,31.8,31.7,32.3,optimal,optimal,optimal,optimal,optimal,optimal,↓ decreasing,↓ decreasing,→ stable,100.0,✅ EXCELLENT,False,NONE,3.6,0.0,NONE
1779701144.643,79.5,88.7,31.8,1533.0,45.1,13.77,32.0,31.8,32.4,32.2,optimal,optimal,optimal,optimal,optimal,optimal,↓ decreasing,↓ decreasing,→ stable,100.0,✅ EXCELLENT,False,NONE,3.6,0.8,NONE
1779701145.644,82.5,91.1,32.0,1542.0,45.6,13.77,31.8,31.8,31.8,32.2,optimal,optimal,optimal,optimal,optimal,optimal,→ stable,→ stable,→ stable,100.0,✅ EXCELLENT,False,NONE,3.5,0.0,NONE
1779701146.646,82.4,88.8,31.7,1477.0,46.0,13.75,32.1,32.0,31.8,32.0,optimal,optimal,optimal,optimal,optimal,optimal,↑ increasing,↓ decreasing,→ stable,100.0,✅ EXCELLENT,False,NONE,3.9,0.7,NONE
1779701147.647,79.6,88.6,32.2,1521.0,44.4,13.84,32.2,31.8,31.7,32.3,optimal,optimal,optimal,optimal,optimal,optimal,↑ increasing,↓ decreasing,→ stable,100.0,✅ EXCELLENT,False,NONE,3.2,1.0,NONE
1779701148.648,80.0,91.3,32.3,1461.0,45.6,13.83,32.3,31.9,31.9,31.7,optimal,optimal,optimal,optimal,optimal,optimal,↑ increasing,→ stable,→ stable,100.0,✅ EXCELLENT,False,NONE,3.1,0.0,NONE
1779701149.649,78.4,90.3,31.7,1547.0,44.6,13.77,32.3,32.3,32.0,31.9,optimal,optimal,optimal,optimal,optimal,optimal,↑ increasing,→ stable,→ stable,100.0,✅ EXCELLENT,False,NONE,3.7,0.0,NONE
1779701150.649,78.5,89.9,32.2,1542.0,45.3,13.8,32.1,32.4,32.0,31.9,optimal,optimal,optimal,optimal,optimal,optimal,↑ increasing,→ stable,→ stable,100.0,✅ EXCELLENT,False,NONE,3.1,0.0,NONE
1779701151.65,83.0,89.3,31.8,1529.0,45.4,13.75,32.4,32.1,32.3,32.2,optimal,optimal,optimal,optimal,optimal,optimal,↑ increasing,→ stable,→ stable,100.0,✅ EXCELLENT,False,NONE,3.8,0.2,NONE
1779701152.651,82.4,88.7,31.6,1470.0,44.8,13.78,32.3,32.2,31.7,32.2,optimal,optimal,optimal,optimal,optimal,optimal,↑ increasing,→ stable,→ stable,100.0,✅ EXCELLENT,False,NONE,4.0,0.8,NONE
1779701153.651,79.2,90.8,31.8,1480.0,44.8,13.75,32.1,31.9,31.8,32.0,optimal,optimal,optimal,optimal,optimal,optimal,↑ increasing,→ stable,→ stable,100.0,✅ EXCELLENT,False,NONE,3.6,0.0,NONE
1779701154.652,81.7,89.7,32.1,1512.0,44.6,13.78,31.6,32.0,32.3,31.8,optimal,optimal,optimal,optimal,optimal,optimal,↑ increasing,→ stable,→ stable,100.0,✅ EXCELLENT,False,NONE,3.4,0.0,NONE
1779701155.653,83.0,88.6,32.4,1534.0,44.4,13.83,32.2,32.2,31.7,31.7,optimal,optimal,optimal,optimal,optimal,optimal,↑ increasing,→ stable,→ stable,100.0,✅ EXCELLENT,False,NONE,3.1,1.0,NONE
1779701156.654,78.3,90.8,31.8,1468.0,45.3,13.78,32.2,31.8,32.4,32.2,optimal,optimal,optimal,optimal,optimal,optimal,→ stable,→ stable,→ stable,100.0,✅ EXCELLENT,False,NONE,3.6,0.0,NONE
1779701157.655,81.7,90.9,31.9,1482.0,44.8,13.82,31.7,31.8,32.0,32.4,optimal,optimal,optimal,optimal,optimal,optimal,→ stable,→ stable,→ stable,100.0,✅ EXCELLENT,False,NONE,3.6,0.0,NONE
1779701158.655,79.7,90.7,32.2,1461.0,45.7,13.79,32.2,31.9,31.9,31.8,optimal,optimal,optimal,optimal,optimal,optimal,→ stable,→ stable,→ stable,100.0,✅ EXCELLENT,False,NONE,3.2,0.0,NONE
1779701159.656,82.1,90.1,31.7,1546.0,45.7,13.81,31.7,31.8,31.8,31.7,optimal,optimal,optimal,optimal,optimal,optimal,↑ increasing,→ stable,→ stable,100.0,✅ EXCELLENT,False,NONE,3.9,0.0,NONE
1779701160.657,81.8,91.1,32.3,1451.0,44.9,13.83,32.2,31.7,32.1,32.3,optimal,optimal,optimal,optimal,optimal,optimal,↑ increasing,→ stable,→ stable,100.0,✅ EXCELLENT,False,NONE,3.2,0.0,NONE
1779701161.658,82.4,90.5,31.7,1514.0,45.2,13.84,32.1,32.3,31.9,31.9,optimal,optimal,optimal,optimal,optimal,optimal,↑ increasing,→ stable,→ stable,100.0,✅ EXCELLENT,False,NONE,3.9,0.0,NONE
1779701162.659,78.8,88.7,32.0,1499.0,44.8,13.82,32.0,32.1,31.7,31.7,optimal,optimal,optimal,optimal,optimal,optimal,→ stable,↑ increasing,→ stable,100.0,✅ EXCELLENT,False,NONE,3.4,0.8,NONE
1779701163.66,79.6,91.4,32.3,1508.0,44.2,13.76,32.3,32.4,31.9,32.0,optimal,optimal,optimal,optimal,optimal,optimal,→ stable,→ stable,→ stable,100.0,✅ EXCELLENT,False,NONE,3.1,0.0,NONE
1779701164.661,80.5,91.5,32.1,1484.0,44.9,13.77,32.2,31.8,31.7,32.2,optimal,optimal,optimal,optimal,optimal,optimal,→ stable,↑ increasing,→ stable,100.0,✅ EXCELLENT,False,NONE,3.3,0.0,NONE
1779701165.661,78.6,89.2,31.9,1539.0,44.2,13.84,31.9,32.1,32.3,32.1,optimal,optimal,optimal,optimal,optimal,optimal,→ stable,↑ increasing,→ stable,100.0,✅ EXCELLENT,False,NONE,3.5,0.3,NONE
1779701166.662,78.7,91.3,31.7,1506.0,45.8,13.79,31.7,32.1,31.7,32.0,optimal,optimal,optimal,optimal,optimal,optimal,→ stable,↑ increasing,→ stable,100.0,✅ EXCELLENT,False,NONE,3.7,0.0,NONE
1779701167.664,78.7,90.3,31.7,1489.0,45.4,13.8,31.7,32.3,32.4,32.3,optimal,optimal,optimal,optimal,optimal,optimal,↓ decreasing,→ stable,→ stable,100.0,✅ EXCELLENT,False,NONE,3.7,0.0,NONE
1779701168.665,80.7,91.4,32.1,1544.0,44.1,13.81,32.3,32.3,32.3,32.2,optimal,optimal,optimal,optimal,optimal,optimal,→ stable,↑ increasing,→ stable,100.0,✅ EXCELLENT,False,NONE,3.3,0.0,NONE
1779701169.666,79.3,88.8,31.6,1511.0,45.0,13.84,32.1,32.2,32.2,31.7,optimal,optimal,optimal,optimal,optimal,optimal,↓ decreasing,→ stable,→ stable,100.0,✅ EXCELLENT,False,NONE,3.9,0.7,NONE
1779701170.667,81.5,88.6,32.1,1487.0,45.7,13.75,31.9,31.8,31.9,31.7,optimal,optimal,optimal,optimal,optimal,optimal,↓ decreasing,→ stable,→ stable,100.0,✅ EXCELLENT,False,NONE,3.4,1.0,NONE
1779701171.668,79.0,89.1,31.8,1527.0,45.6,13.82,32.0,32.2,31.9,32.0,optimal,optimal,optimal,optimal,optimal,optimal,↓ decreasing,→ stable,→ stable,100.0,✅ EXCELLENT,False,NONE,3.6,0.4,NONE
1779701172.669,82.2,88.8,32.2,1534.0,45.7,13.81,32.0,31.9,32.3,32.1,optimal,optimal,optimal,optimal,optimal,optimal,↓ decreasing,→ stable,→ stable,100.0,✅ EXCELLENT,False,NONE,3.3,0.7,NONE
1779701173.669,78.9,89.6,32.0,1523.0,44.3,13.76,32.0,32.2,32.2,32.1,optimal,optimal,optimal,optimal,optimal,optimal,↓ decreasing,→ stable,→ stable,100.0,✅ EXCELLENT,False,NONE,3.4,0.1,NONE
1779701174.67,77.5,89.2,32.1,1481.0,45.1,13.78,32.3,31.7,31.9,31.7,optimal,optimal,optimal,optimal,optimal,optimal,↓ decreasing,↓ decreasing,→ stable,100.0,✅ EXCELLENT,False,NONE,3.2,0.3,NONE
1779701175.671,82.6,88.7,32.1,1543.0,44.6,13.79,32.0,32.0,32.4,31.9,optimal,optimal,optimal,optimal,optimal,optimal,→ stable,↓ decreasing,→ stable,100.0,✅ EXCELLENT,False,NONE,3.4,0.8,NONE
1779701176.672,80.1,89.6,32.0,1513.0,44.7,13.75,32.1,32.3,31.9,32.1,optimal,optimal,optimal,optimal,optimal,optimal,→ stable,↓ decreasing,→ stable,100.0,✅ EXCELLENT,False,NONE,3.4,0.1,NONE
1779701177.672,81.0,90.2,32.0,1502.0,44.3,13.85,32.0,32.0,31.7,31.7,optimal,optimal,optimal,optimal,optimal,optimal,→ stable,↓ decreasing,→ stable,100.0,✅ EXCELLENT,False,NONE,3.5,0.0,NONE
1779701178.672,82.1,88.5,31.8,1453.0,44.5,13.8,32.4,32.3,32.2,32.4,optimal,optimal,optimal,optimal,optimal,optimal,→ stable,↓ decreasing,→ stable,100.0,✅ EXCELLENT,False,NONE,3.8,1.1,NONE
1779701179.673,81.1,88.8,31.8,1480.0,44.5,13.8,32.4,32.0,32.0,31.6,optimal,optimal,optimal,optimal,optimal,optimal,↑ increasing,↓ decreasing,→ stable,100.0,✅ EXCELLENT,False,NONE,3.7,0.7,NONE
1779701180.673,78.5,91.0,31.9,1526.0,46.0,13.78,32.2,31.7,32.1,32.2,optimal,optimal,optimal,optimal,optimal,optimal,→ stable,↓ decreasing,→ stable,100.0,✅ EXCELLENT,False,NONE,3.5,0.0,NONE
1779701181.674,81.5,91.2,31.8,1533.0,44.1,13.75,32.4,31.9,31.9,31.8,optimal,optimal,optimal,optimal,optimal,optimal,↑ increasing,→ stable,→ stable,100.0,✅ EXCELLENT,False,NONE,3.7,0.0,NONE
1779701182.675,81.9,89.2,32.1,1488.0,44.1,13.77,32.1,32.1,32.4,32.2,optimal,optimal,optimal,optimal,optimal,optimal,↑ increasing,→ stable,→ stable,100.0,✅ EXCELLENT,False,NONE,3.4,0.3,NONE
1779701183.676,77.1,90.6,31.9,1523.0,44.2,13.82,32.2,32.0,32.3,31.9,optimal,optimal,optimal,optimal,optimal,optimal,↑ increasing,→ stable,→ stable,100.0,✅ EXCELLENT,False,NONE,3.4,0.0,NONE
1779701184.677,82.2,88.6,32.1,1475.0,44.6,13.8,32.2,31.7,31.8,31.7,optimal,optimal,optimal,optimal,optimal,optimal,↑ increasing,→ stable,→ stable,100.0,✅ EXCELLENT,False,NONE,3.4,1.0,NONE
1779701185.678,81.4,90.7,32.1,1498.0,44.6,13.81,32.2,32.2,32.1,31.7,optimal,optimal,optimal,optimal,optimal,optimal,↑ increasing,→ stable,→ stable,100.0,✅ EXCELLENT,False,NONE,3.4,0.0,NONE
1779701186.679,78.0,91.5,32.1,1490.0,44.3,13.79,31.9,32.1,32.2,32.3,optimal,optimal,optimal,optimal,optimal,optimal,→ stable,↑ increasing,→ stable,100.0,✅ EXCELLENT,False,NONE,3.2,0.0,NONE
1779701187.68,81.5,91.4,31.9,1506.0,44.2,13.82,31.6,31.7,31.8,31.8,optimal,optimal,optimal,optimal,optimal,optimal,→ stable,↑ increasing,→ stable,100.0,✅ EXCELLENT,False,NONE,3.6,0.0,NONE
1779701188.68,82.9,91.5,32.3,1484.0,45.5,13.82,32.3,32.1,32.1,31.7,optimal,optimal,optimal,optimal,optimal,optimal,→ stable,↑ increasing,→ stable,100.0,✅ EXCELLENT,False,NONE,3.2,0.0,NONE
1779701189.681,81.4,90.1,32.1,1462.0,45.3,13.8,31.9,31.6,31.6,32.0,optimal,optimal,optimal,optimal,optimal,optimal,→ stable,↑ increasing,→ stable,100.0,✅ EXCELLENT,False,NONE,3.4,0.0,NONE
1779701190.682,78.6,89.8,32.1,1550.0,44.0,13.79,31.8,31.7,31.7,31.9,optimal,optimal,optimal,optimal,optimal,optimal,→ stable,↑ increasing,→ stable,100.0,✅ EXCELLENT,False,NONE,3.3,0.0,NONE
1779701191.683,81.9,90.1,32.3,1540.0,44.4,13.78,32.0,32.2,31.7,32.4,optimal,optimal,optimal,optimal,optimal,optimal,→ stable,↑ increasing,→ stable,100.0,✅ EXCELLENT,False,NONE,3.2,0.0,NONE
1779701192.683,81.1,89.5,32.4,1521.0,44.8,13.8,32.0,32.3,31.7,31.7,optimal,optimal,optimal,optimal,optimal,optimal,→ stable,↑ increasing,→ stable,100.0,✅ EXCELLENT,False,NONE,3.0,0.1,NONE
1779701193.684,80.5,90.3,31.9,1502.0,44.3,13.81,32.3,32.3,31.7,31.9,optimal,optimal,optimal,optimal,optimal,optimal,↑ increasing,↑ increasing,→ stable,100.0,✅ EXCELLENT,False,NONE,3.6,0.0,NONE
1779701194.685,79.3,90.1,32.1,1470.0,45.9,13.75,32.2,32.1,32.2,31.6,optimal,optimal,optimal,optimal,optimal,optimal,→ stable,↑ increasing,→ stable,100.0,✅ EXCELLENT,False,NONE,3.3,0.0,NONE
1779701195.686,81.9,89.7,32.3,1468.0,45.4,13.76,32.4,31.8,32.0,31.7,optimal,optimal,optimal,optimal,optimal,optimal,→ stable,↑ increasing,→ stable,100.0,✅ EXCELLENT,False,NONE,3.2,0.0,NONE
1779701196.687,78.6,88.6,31.8,1485.0,45.3,13.79,32.4,32.1,31.7,31.9,optimal,optimal,optimal,optimal,optimal,optimal,→ stable,→ stable,→ stable,100.0,✅ EXCELLENT,False,NONE,3.6,1.0,NONE
1779701197.687,77.9,88.6,31.8,1548.0,45.5,13.76,31.6,32.2,31.9,32.1,optimal,optimal,optimal,optimal,optimal,optimal,→ stable,→ stable,→ stable,100.0,✅ EXCELLENT,False,NONE,3.6,1.0,NONE
1779701198.688,78.6,90.1,31.7,1520.0,44.8,13.8,32.1,32.0,32.4,32.3,optimal,optimal,optimal,optimal,optimal,optimal,↓ decreasing,↓ decreasing,→ stable,100.0,✅ EXCELLENT,False,NONE,3.7,0.0,NONE
1779701199.688,82.6,89.7,31.6,1470.0,45.1,13.85,32.3,32.1,32.0,32.3,optimal,optimal,optimal,optimal,optimal,optimal,↓ decreasing,↓ decreasing,→ stable,100.0,✅ EXCELLENT,False,NONE,4.0,0.0,NONE
1779701200.688,77.3,91.3,31.7,1470.0,44.9,13.82,31.7,32.0,32.0,31.9,optimal,optimal,optimal,optimal,optimal,optimal,↓ decreasing,↓ decreasing,→ stable,100.0,✅ EXCELLENT,False,NONE,3.6,0.0,NONE
1779701201.688,82.9,89.4,31.8,1468.0,44.4,13.81,32.0,32.2,32.3,32.2,optimal,optimal,optimal,optimal,optimal,optimal,↓ decreasing,↓ decreasing,→ stable,100.0,✅ EXCELLENT,False,NONE,3.8,0.2,NONE
1779701202.689,77.3,89.6,31.6,1500.0,46.0,13.85,32.4,32.2,31.9,31.6,optimal,optimal,optimal,optimal,optimal,optimal,↓ decreasing,↓ decreasing,→ stable,100.0,✅ EXCELLENT,False,NONE,3.8,0.1,NONE
1779701203.69,77.2,90.0,31.7,1479.0,44.9,13.79,31.8,31.9,31.8,31.9,optimal,optimal,optimal,optimal,optimal,optimal,↓ decreasing,↓ decreasing,→ stable,100.0,✅ EXCELLENT,False,NONE,3.6,0.0,NONE
1779701204.691,80.5,90.5,31.8,1498.0,44.8,13.77,31.8,32.1,32.2,32.2,optimal,optimal,optimal,optimal,optimal,optimal,↓ decreasing,↓ decreasing,→ stable,100.0,✅ EXCELLENT,False,NONE,3.7,0.0,NONE
1779701205.692,80.7,89.1,32.1,1473.0,44.7,13.81,32.0,32.1,31.6,32.0,optimal,optimal,optimal,optimal,optimal,optimal,↓ decreasing,↓ decreasing,→ stable,100.0,✅ EXCELLENT,False,NONE,3.3,0.4,NONE
1779701206.692,78.6,88.7,32.1,1479.0,44.9,13.82,31.8,31.7,32.1,32.2,optimal,optimal,optimal,optimal,optimal,optimal,↓ decreasing,→ stable,→ stable,100.0,✅ EXCELLENT,False,NONE,3.3,0.8,NONE
1779701207.693,81.9,89.1,31.7,1494.0,44.3,13.84,32.4,32.1,31.9,32.1,optimal,optimal,optimal,optimal,optimal,optimal,↓ decreasing,→ stable,→ stable,100.0,✅ EXCELLENT,False,NONE,3.9,0.4,NONE
1779701208.694,82.1,91.4,31.6,1504.0,45.7,13.76,32.3,32.0,31.6,32.2,optimal,optimal,optimal,optimal,optimal,optimal,→ stable,→ stable,→ stable,100.0,✅ EXCELLENT,False,NONE,4.0,0.0,NONE
1779701209.695,77.1,88.8,32.1,1466.0,44.5,13.81,32.0,32.1,31.8,32.2,optimal,optimal,optimal,optimal,optimal,optimal,↓ decreasing,→ stable,→ stable,100.0,✅ EXCELLENT,False,NONE,3.2,0.7,NONE
1779701210.696,77.1,89.8,31.7,1487.0,44.8,13.84,32.0,31.9,32.0,32.1,optimal,optimal,optimal,optimal,optimal,optimal,→ stable,→ stable,→ stable,100.0,✅ EXCELLENT,False,NONE,3.6,0.0,NONE
1779701211.697,77.1,90.3,31.7,1451.0,44.8,13.83,32.1,31.7,31.9,31.6,optimal,optimal,optimal,optimal,optimal,optimal,↓ decreasing,→ stable,→ stable,100.0,✅ EXCELLENT,False,NONE,3.6,0.0,NONE
1779701212.699,81.3,90.1,32.0,1535.0,44.2,13.81,32.4,32.3,32.3,31.8,optimal,optimal,optimal,optimal,optimal,optimal,→ stable,→ stable,→ stable,100.0,✅ EXCELLENT,False,NONE,3.5,0.0,NONE
1779701213.7,78.0,89.3,32.0,1537.0,45.2,13.78,31.7,31.8,31.7,32.0,optimal,optimal,optimal,optimal,optimal,optimal,→ stable,→ stable,→ stable,100.0,✅ EXCELLENT,False,NONE,3.3,0.2,NONE
1779701214.701,82.4,88.8,31.8,1539.0,44.5,13.78,31.7,31.7,31.8,32.0,optimal,optimal,optimal,optimal,optimal,optimal,→ stable,→ stable,→ stable,100.0,✅ EXCELLENT,False,NONE,3.8,0.7,NONE
1779701215.701,78.2,91.4,32.3,1520.0,45.0,13.78,31.7,32.1,32.2,32.3,optimal,optimal,optimal,optimal,optimal,optimal,→ stable,→ stable,→ stable,100.0,✅ EXCELLENT,False,NONE,3.0,0.0,NONE
1779701216.701,80.5,89.6,32.4,1545.0,45.8,13.8,31.8,32.2,31.7,32.1,optimal,optimal,optimal,optimal,optimal,optimal,→ stable,→ stable,→ stable,100.0,✅ EXCELLENT,False,NONE,3.0,0.1,NONE
1779701217.702,81.6,91.1,32.2,1535.0,44.3,13.81,31.7,32.3,31.7,32.0,optimal,optimal,optimal,optimal,optimal,optimal,→ stable,→ stable,→ stable,100.0,✅ EXCELLENT,False,NONE,3.3,0.0,NONE
1779701218.703,78.0,88.9,32.1,1480.0,44.8,13.76,31.7,32.4,31.8,32.0,optimal,optimal,optimal,optimal,optimal,optimal,↓ decreasing,→ stable,→ stable,100.0,✅ EXCELLENT,False,NONE,3.2,0.6,NONE
1779701219.703,81.3,89.4,32.3,1495.0,45.8,13.84,31.9,31.8,31.8,32.1,optimal,optimal,optimal,optimal,optimal,optimal,→ stable,→ stable,→ stable,100.0,✅ EXCELLENT,False,NONE,3.1,0.2,NONE
1779701220.704,81.6,91.3,31.7,1516.0,44.9,13.85,31.9,32.3,31.9,31.8,optimal,optimal,optimal,optimal,optimal,optimal,→ stable,→ stable,→ stable,100.0,✅ EXCELLENT,False,NONE,3.8,0.0,NONE
1779701221.704,78.9,89.6,32.0,1461.0,44.3,13.81,31.7,32.1,31.9,31.7,optimal,optimal,optimal,optimal,optimal,optimal,↑ increasing,→ stable,→ stable,100.0,✅ EXCELLENT,False,NONE,3.4,0.1,NONE
1779701222.705,78.8,90.8,32.2,1514.0,44.7,13.84,31.7,31.8,32.3,31.9,optimal,optimal,optimal,optimal,optimal,optimal,↑ increasing,→ stable,→ stable,100.0,✅ EXCELLENT,False,NONE,3.2,0.0,NONE
1779701223.705,78.1,91.0,32.3,1466.0,44.3,13.82,32.0,32.1,31.6,32.1,optimal,optimal,optimal,optimal,optimal,optimal,→ stable,→ stable,→ stable,100.0,✅ EXCELLENT,False,NONE,3.0,0.0,NONE
1779701224.706,79.9,89.7,31.8,1542.0,46.0,13.81,32.3,31.7,32.3,32.2,optimal,optimal,optimal,optimal,optimal,optimal,→ stable,↑ increasing,→ stable,100.0,✅ EXCELLENT,False,NONE,3.7,0.0,NONE
1779701225.707,79.7,90.6,32.3,1491.0,44.7,13.82,31.9,32.3,31.8,31.7,optimal,optimal,optimal,optimal,optimal,optimal,→ stable,→ stable,→ stable,100.0,✅ EXCELLENT,False,NONE,3.1,0.0,NONE
1779701226.708,81.8,89.6,31.8,1481.0,44.2,13.82,32.3,31.7,31.7,32.2,optimal,optimal,optimal,optimal,optimal,optimal,→ stable,→ stable,→ stable,100.0,✅ EXCELLENT,False,NONE,3.7,0.1,NONE
1779701227.709,79.3,89.4,31.7,1541.0,44.3,13.84,31.7,31.8,31.7,32.2,optimal,optimal,optimal,optimal,optimal,optimal,→ stable,→ stable,→ stable,100.0,✅ EXCELLENT,False,NONE,3.7,0.2,NONE
1779701228.71,81.3,89.8,32.1,1527.0,44.7,13.79,32.4,31.9,32.2,31.8,optimal,optimal,optimal,optimal,optimal,optimal,↑ increasing,→ stable,→ stable,100.0,✅ EXCELLENT,False,NONE,3.4,0.0,NONE
1779701229.711,78.7,89.0,32.1,1455.0,44.4,13.83,32.2,32.2,32.0,32.4,optimal,optimal,optimal,optimal,optimal,optimal,→ stable,→ stable,→ stable,100.0,✅ EXCELLENT,False,NONE,3.3,0.5,NONE
1779701230.712,77.9,90.2,32.3,1467.0,44.3,13.83,32.3,32.4,31.6,31.7,optimal,optimal,optimal,optimal,optimal,optimal,↓ decreasing,→ stable,→ stable,100.0,✅ EXCELLENT,False,NONE,3.0,0.0,NONE
1779701231.714,77.9,90.8,32.3,1532.0,44.2,13.79,32.2,31.6,31.7,31.7,optimal,optimal,optimal,optimal,optimal,optimal,↓ decreasing,→ stable,→ stable,100.0,✅ EXCELLENT,False,NONE,3.0,0.0,NONE
1779701232.714,77.9,90.2,31.6,1509.0,45.5,13.76,32.2,31.8,32.1,32.2,optimal,optimal,optimal,optimal,optimal,optimal,↓ decreasing,→ stable,→ stable,100.0,✅ EXCELLENT,False,NONE,3.8,0.0,NONE
1779701233.715,81.6,88.9,32.1,1501.0,44.1,13.76,31.6,31.8,32.1,31.9,optimal,optimal,optimal,optimal,optimal,optimal,→ stable,→ stable,→ stable,100.0,✅ EXCELLENT,False,NONE,3.4,0.6,NONE
1779701234.716,79.3,91.4,31.7,1477.0,44.4,13.8,31.6,31.8,32.1,32.1,optimal,optimal,optimal,optimal,optimal,optimal,→ stable,→ stable,→ stable,100.0,✅ EXCELLENT,False,NONE,3.7,0.0,NONE
1779701235.717,80.2,89.9,31.8,1462.0,45.4,13.79,32.3,32.4,32.1,32.2,optimal,optimal,optimal,optimal,optimal,optimal,→ stable,→ stable,→ stable,100.0,✅ EXCELLENT,False,NONE,3.7,0.0,NONE
1779701236.718,77.7,90.5,32.1,1504.0,44.3,13.76,32.1,31.7,31.7,32.2,optimal,optimal,optimal,optimal,optimal,optimal,↓ decreasing,→ stable,→ stable,100.0,✅ EXCELLENT,False,NONE,3.2,0.0,NONE
1779701237.719,79.4,90.2,32.2,1534.0,45.5,13.77,31.8,31.9,31.9,31.8,optimal,optimal,optimal,optimal,optimal,optimal,↓ decreasing,→ stable,→ stable,100.0,✅ EXCELLENT,False,NONE,3.2,0.0,NONE
1779701238.72,82.2,89.3,32.2,1491.0,44.5,13.78,32.3,32.3,32.0,31.7,optimal,optimal,optimal,optimal,optimal,optimal,↓ decreasing,→ stable,→ stable,100.0,✅ EXCELLENT,False,NONE,3.3,0.2,NONE
1779701239.721,81.3,90.7,32.4,1520.0,45.0,13.85,31.8,32.1,32.3,31.9,optimal,optimal,optimal,optimal,optimal,optimal,→ stable,→ stable,→ stable,100.0,✅ EXCELLENT,False,NONE,3.0,0.0,NONE
1779701240.722,77.0,91.1,32.1,1550.0,44.3,13.75,32.2,32.3,31.9,32.1,optimal,optimal,optimal,optimal,optimal,optimal,→ stable,→ stable,→ stable,100.0,✅ EXCELLENT,False,NONE,3.2,0.0,NONE
1779701241.723,82.1,91.2,32.1,1467.0,45.8,13.8,31.8,32.0,31.7,31.6,optimal,optimal,optimal,optimal,optimal,optimal,↑ increasing,→ stable,→ stable,100.0,✅ EXCELLENT,False,NONE,3.4,0.0,NONE
1779701242.724,79.6,89.6,31.8,1502.0,45.7,13.78,31.7,31.7,32.1,32.1,optimal,optimal,optimal,optimal,optimal,optimal,↑ increasing,→ stable,→ stable,100.0,✅ EXCELLENT,False,NONE,3.6,0.1,NONE
1779701243.725,77.9,89.6,32.3,1468.0,44.2,13.8,31.7,32.4,32.2,31.9,optimal,optimal,optimal,optimal,optimal,optimal,→ stable,↑ increasing,→ stable,100.0,✅ EXCELLENT,False,NONE,3.0,0.1,NONE
1779701244.726,79.3,91.2,32.1,1502.0,45.0,13.81,31.6,32.3,32.4,31.7,optimal,optimal,optimal,optimal,optimal,optimal,→ stable,→ stable,→ stable,100.0,✅ EXCELLENT,False,NONE,3.3,0.0,NONE
1779701245.727,82.0,88.7,31.9,1457.0,46.0,13.81,32.2,31.9,32.1,32.1,optimal,optimal,optimal,optimal,optimal,optimal,→ stable,→ stable,→ stable,100.0,✅ EXCELLENT,False,NONE,3.6,0.8,NONE
1779701246.728,78.8,89.9,31.7,1477.0,45.7,13.85,32.1,32.0,32.2,31.8,optimal,optimal,optimal,optimal,optimal,optimal,↑ increasing,→ stable,→ stable,100.0,✅ EXCELLENT,False,NONE,3.7,0.0,NONE
1779701247.729,79.3,90.9,32.0,1523.0,45.5,13.83,32.2,32.2,32.3,32.1,optimal,optimal,optimal,optimal,optimal,optimal,↑ increasing,→ stable,→ stable,100.0,✅ EXCELLENT,False,NONE,3.4,0.0,NONE
1779701248.73,82.1,90.8,32.3,1469.0,44.0,13.77,32.1,31.7,32.0,31.7,optimal,optimal,optimal,optimal,optimal,optimal,↑ increasing,→ stable,→ stable,100.0,✅ EXCELLENT,False,NONE,3.2,0.0,NONE
1779701249.731,82.2,91.1,32.1,1503.0,44.6,13.76,32.2,31.6,32.1,31.9,optimal,optimal,optimal,optimal,optimal,optimal,→ stable,→ stable,→ stable,100.0,✅ EXCELLENT,False,NONE,3.4,0.0,NONE
1779701250.732,82.4,88.7,32.1,1461.0,44.5,13.82,32.4,31.7,31.8,32.0,optimal,optimal,optimal,optimal,optimal,optimal,↑ increasing,→ stable,→ stable,100.0,✅ EXCELLENT,False,NONE,3.4,0.8,NONE
1779701251.733,78.0,89.3,32.3,1472.0,44.2,13.8,32.1,32.1,32.3,31.9,optimal,optimal,optimal,optimal,optimal,optimal,→ stable,→ stable,→ stable,100.0,✅ EXCELLENT,False,NONE,3.0,0.2,NONE
1779701252.734,80.2,89.1,32.1,1530.0,44.6,13.75,32.2,32.0,32.4,31.8,optimal,optimal,optimal,optimal,optimal,optimal,→ stable,→ stable,→ stable,100.0,✅ EXCELLENT,False,NONE,3.3,0.4,NONE
1779701253.735,82.5,89.6,31.6,1498.0,44.9,13.81,31.9,32.4,31.9,32.0,optimal,optimal,optimal,optimal,optimal,optimal,↑ increasing,→ stable,→ stable,100.0,✅ EXCELLENT,False,NONE,4.0,0.1,NONE
1779701254.736,77.8,91.1,32.2,1464.0,44.6,13.8,31.8,31.9,31.7,32.1,optimal,optimal,optimal,optimal,optimal,optimal,↑ increasing,→ stable,→ stable,100.0,✅ EXCELLENT,False,NONE,3.1,0.0,NONE
1779701255.736,80.3,88.7,31.8,1452.0,45.5,13.76,32.4,31.9,32.2,31.7,optimal,optimal,optimal,optimal,optimal,optimal,↑ increasing,→ stable,→ stable,100.0,✅ EXCELLENT,False,NONE,3.7,0.8,NONE
1779701256.737,81.6,89.7,31.6,1516.0,44.7,13.75,32.3,32.4,31.8,31.7,optimal,optimal,optimal,optimal,optimal,optimal,↑ increasing,→ stable,→ stable,100.0,✅ EXCELLENT,False,NONE,4.0,0.0,NONE
1779701257.738,81.7,90.3,32.1,1478.0,44.8,13.78,32.3,32.4,32.1,31.7,optimal,optimal,optimal,optimal,optimal,optimal,↑ increasing,→ stable,→ stable,100.0,✅ EXCELLENT,False,NONE,3.4,0.0,NONE
1779701258.739,79.5,90.0,31.6,1503.0,45.0,13.82,32.1,32.1,31.7,31.9,optimal,optimal,optimal,optimal,optimal,optimal,↑ increasing,↓ decreasing,→ stable,100.0,✅ EXCELLENT,False,NONE,3.9,0.0,NONE
1779701259.739,77.1,89.6,32.4,1492.0,44.1,13.85,31.7,31.7,32.3,32.2,optimal,optimal,optimal,optimal,optimal,optimal,→ stable,↓ decreasing,→ stable,100.0,✅ EXCELLENT,False,NONE,2.9,0.1,NONE
1779701260.74,80.9,89.6,32.0,1495.0,45.3,13.77,32.2,31.7,31.8,31.7,optimal,optimal,optimal,optimal,optimal,optimal,↓ decreasing,→ stable,→ stable,100.0,✅ EXCELLENT,False,NONE,3.5,0.1,NONE
1779701261.741,81.5,88.8,31.7,1521.0,45.7,13.76,32.1,31.8,32.0,31.7,optimal,optimal,optimal,optimal,optimal,optimal,→ stable,→ stable,→ stable,100.0,✅ EXCELLENT,False,NONE,3.8,0.7,NONE
1779701262.741,82.0,89.6,32.2,1535.0,45.9,13.79,32.1,32.1,32.1,32.3,optimal,optimal,optimal,optimal,optimal,optimal,→ stable,→ stable,→ stable,100.0,✅ EXCELLENT,False,NONE,3.3,0.1,NONE
1779701263.742,80.2,88.8,31.6,1502.0,44.9,13.75,31.7,32.3,32.2,32.1,optimal,optimal,optimal,optimal,optimal,optimal,→ stable,→ stable,→ stable,100.0,✅ EXCELLENT,False,NONE,3.9,0.7,NONE
1779701264.743,80.5,91.0,32.3,1464.0,44.4,13.79,32.3,31.7,32.2,31.8,optimal,optimal,optimal,optimal,optimal,optimal,→ stable,→ stable,→ stable,100.0,✅ EXCELLENT,False,NONE,3.1,0.0,NONE
1779701265.743,81.6,90.8,32.1,1473.0,45.0,13.78,32.3,32.0,31.7,31.8,optimal,optimal,optimal,optimal,optimal,optimal,→ stable,→ stable,→ stable,100.0,✅ EXCELLENT,False,NONE,3.4,0.0,NONE
1779701266.744,77.4,88.9,32.3,1503.0,44.9,13.79,31.8,32.0,32.3,32.2,optimal,optimal,optimal,optimal,optimal,optimal,→ stable,→ stable,→ stable,100.0,✅ EXCELLENT,False,NONE,3.0,0.6,NONE
1779701267.744,77.1,90.5,32.0,1502.0,45.2,13.84,32.4,32.4,32.0,32.2,optimal,optimal,optimal,optimal,optimal,optimal,↓ decreasing,→ stable,→ stable,100.0,✅ EXCELLENT,False,NONE,3.3,0.0,NONE
1779701268.744,78.9,89.5,31.6,1486.0,44.4,13.8,31.8,32.0,31.9,31.8,optimal,optimal,optimal,optimal,optimal,optimal,↓ decreasing,→ stable,→ stable,100.0,✅ EXCELLENT,False,NONE,3.8,0.1,NONE
1779701269.745,80.1,90.2,32.4,1487.0,44.8,13.81,32.3,32.3,32.3,31.8,optimal,optimal,optimal,optimal,optimal,optimal,→ stable,→ stable,→ stable,100.0,✅ EXCELLENT,False,NONE,3.0,0.0,NONE
1779701270.746,78.1,90.8,32.2,1521.0,45.2,13.82,31.7,32.1,32.3,32.4,optimal,optimal,optimal,optimal,optimal,optimal,→ stable,→ stable,→ stable,100.0,✅ EXCELLENT,False,NONE,3.1,0.0,NONE
1779701271.747,82.4,90.9,32.1,1529.0,44.1,13.8,31.8,32.4,32.4,32.2,optimal,optimal,optimal,optimal,optimal,optimal,→ stable,→ stable,→ stable,100.0,✅ EXCELLENT,False,NONE,3.4,0.0,NONE
1779701272.748,80.4,89.8,31.9,1517.0,45.0,13.79,31.8,32.2,32.0,31.7,optimal,optimal,optimal,optimal,optimal,optimal,↓ decreasing,→ stable,→ stable,100.0,✅ EXCELLENT,False,NONE,3.6,0.0,NONE
1779701273.749,82.5,90.7,32.1,1543.0,45.4,13.81,31.6,31.9,31.9,32.1,optimal,optimal,optimal,optimal,optimal,optimal,→ stable,↑ increasing,→ stable,100.0,✅ EXCELLENT,False,NONE,3.4,0.0,NONE
1779701274.749,77.7,89.0,32.0,1536.0,45.6,13.79,32.1,31.7,32.1,32.3,optimal,optimal,optimal,optimal,optimal,optimal,↓ decreasing,→ stable,→ stable,100.0,✅ EXCELLENT,False,NONE,3.3,0.5,NONE
1779701275.75,82.8,90.0,32.4,1477.0,45.9,13.79,32.2,32.4,32.2,32.2,optimal,optimal,optimal,optimal,optimal,optimal,↓ decreasing,→ stable,→ stable,100.0,✅ EXCELLENT,False,NONE,3.1,0.0,NONE
1779701276.751,77.4,88.6,32.0,1450.0,44.9,13.84,32.0,31.9,32.3,32.3,optimal,optimal,optimal,optimal,optimal,optimal,→ stable,→ stable,→ stable,100.0,✅ EXCELLENT,False,NONE,3.3,1.0,NONE
1779701277.751,78.5,89.4,32.0,1476.0,45.2,13.79,32.0,32.4,32.1,32.3,optimal,optimal,optimal,optimal,optimal,optimal,→ stable,→ stable,→ stable,100.0,✅ EXCELLENT,False,NONE,3.4,0.2,NONE
1779701278.751,81.9,91.2,32.4,1460.0,44.7,13.77,31.9,31.7,31.7,31.7,optimal,optimal,optimal,optimal,optimal,optimal,→ stable,→ stable,→ stable,100.0,✅ EXCELLENT,False,NONE,3.0,0.0,NONE
1779701279.751,82.6,88.7,32.3,1514.0,45.3,13.77,31.9,32.2,32.1,32.0,optimal,optimal,optimal,optimal,optimal,optimal,→ stable,→ stable,→ stable,100.0,✅ EXCELLENT,False,NONE,3.2,0.8,NONE
1779701280.752,81.0,91.1,32.2,1507.0,45.5,13.79,32.3,32.0,32.4,32.0,optimal,optimal,optimal,optimal,optimal,optimal,↑ increasing,→ stable,→ stable,100.0,✅ EXCELLENT,False,NONE,3.2,0.0,NONE
1779701281.753,80.0,90.6,32.2,1488.0,45.1,13.8,32.4,31.8,32.1,31.9,optimal,optimal,optimal,optimal,optimal,optimal,↑ increasing,→ stable,→ stable,100.0,✅ EXCELLENT,False,NONE,3.2,0.0,NONE
1779701282.754,82.9,88.6,31.6,1486.0,44.3,13.85,31.6,31.7,32.2,31.7,optimal,optimal,optimal,optimal,optimal,optimal,↑ increasing,→ stable,→ stable,100.0,✅ EXCELLENT,False,NONE,4.0,1.0,NONE
1779701283.755,79.6,89.1,32.2,1545.0,44.9,13.79,32.2,32.0,32.3,32.4,optimal,optimal,optimal,optimal,optimal,optimal,↑ increasing,↓ decreasing,→ stable,100.0,✅ EXCELLENT,False,NONE,3.2,0.4,NONE
1779701284.755,79.6,90.9,31.9,1549.0,44.7,13.79,32.0,32.1,32.1,31.6,optimal,optimal,optimal,optimal,optimal,optimal,↑ increasing,→ stable,→ stable,100.0,✅ EXCELLENT,False,NONE,3.5,0.0,NONE
1779701285.757,79.3,90.5,32.3,1545.0,45.1,13.83,32.0,32.3,31.6,32.2,optimal,optimal,optimal,optimal,optimal,optimal,↑ increasing,→ stable,→ stable,100.0,✅ EXCELLENT,False,NONE,3.1,0.0,NONE
1779701286.757,81.1,90.1,31.9,1480.0,44.8,13.84,31.9,32.3,31.8,32.0,optimal,optimal,optimal,optimal,optimal,optimal,↑ increasing,→ stable,→ stable,100.0,✅ EXCELLENT,False,NONE,3.6,0.0,NONE
1779701287.758,82.5,88.8,32.1,1480.0,45.9,13.84,32.1,31.9,31.8,32.3,optimal,optimal,optimal,optimal,optimal,optimal,↑ increasing,→ stable,→ stable,100.0,✅ EXCELLENT,False,NONE,3.4,0.7,NONE
1779701288.759,78.9,89.9,31.7,1541.0,45.0,13.84,31.6,31.6,32.2,31.9,optimal,optimal,optimal,optimal,optimal,optimal,↑ increasing,→ stable,→ stable,100.0,✅ EXCELLENT,False,NONE,3.7,0.0,NONE
1779701289.76,78.2,89.0,31.7,1545.0,45.5,13.83,31.9,31.9,32.3,32.1,optimal,optimal,optimal,optimal,optimal,optimal,→ stable,→ stable,→ stable,100.0,✅ EXCELLENT,False,NONE,3.7,0.5,NONE
1779701290.76,81.5,88.6,31.9,1520.0,44.7,13.79,31.7,31.9,32.2,32.1,optimal,optimal,optimal,optimal,optimal,optimal,→ stable,→ stable,→ stable,100.0,✅ EXCELLENT,False,NONE,3.6,1.0,NONE
1779701291.761,78.6,89.5,31.9,1540.0,44.5,13.79,31.9,32.3,31.9,31.8,optimal,optimal,optimal,optimal,optimal,optimal,→ stable,→ stable,→ stable,100.0,✅ EXCELLENT,False,NONE,3.5,0.1,NONE
1779701292.762,79.5,91.4,32.1,1486.0,44.2,13.84,31.8,31.8,31.7,32.1,optimal,optimal,optimal,optimal,optimal,optimal,↓ decreasing,→ stable,→ stable,100.0,✅ EXCELLENT,False,NONE,3.3,0.0,NONE
1779701293.762,79.4,89.2,31.9,1503.0,45.8,13.83,32.4,31.8,32.4,32.3,optimal,optimal,optimal,optimal,optimal,optimal,↓ decreasing,→ stable,→ stable,100.0,✅ EXCELLENT,False,NONE,3.5,0.3,NONE
1779701294.763,80.5,88.5,31.9,1533.0,45.7,13.78,32.2,32.3,31.8,31.9,optimal,optimal,optimal,optimal,optimal,optimal,↓ decreasing,→ stable,→ stable,100.0,✅ EXCELLENT,False,NONE,3.6,1.1,NONE
1779701295.765,78.4,88.8,32.4,1499.0,44.5,13.8,32.1,32.2,32.1,31.6,optimal,optimal,optimal,optimal,optimal,optimal,→ stable,→ stable,→ stable,100.0,✅ EXCELLENT,False,NONE,2.9,0.7,NONE
1779701296.765,82.2,91.1,32.3,1544.0,44.8,13.83,31.7,32.4,32.1,32.3,optimal,optimal,optimal,optimal,optimal,optimal,↓ decreasing,↓ decreasing,→ stable,100.0,✅ EXCELLENT,False,NONE,3.2,0.0,NONE
1779701297.766,78.8,91.1,32.4,1512.0,45.9,13.79,32.0,31.7,32.0,31.9,optimal,optimal,optimal,optimal,optimal,optimal,↓ decreasing,→ stable,→ stable,100.0,✅ EXCELLENT,False,NONE,2.9,0.0,NONE
1779701298.767,79.4,91.5,31.9,1489.0,45.8,13.82,31.9,32.3,31.9,31.9,optimal,optimal,optimal,optimal,optimal,optimal,↓ decreasing,→ stable,→ stable,100.0,✅ EXCELLENT,False,NONE,3.5,0.0,NONE
1779701299.767,77.3,91.3,32.3,1524.0,45.7,13.83,32.0,32.4,32.4,31.7,optimal,optimal,optimal,optimal,optimal,optimal,↓ decreasing,→ stable,→ stable,100.0,✅ EXCELLENT,False,NONE,3.0,0.0,NONE
1779701300.768,79.7,90.3,32.0,1511.0,45.4,13.77,31.6,31.6,31.8,32.4,optimal,optimal,optimal,optimal,optimal,optimal,↓ decreasing,↑ increasing,→ stable,100.0,✅ EXCELLENT,False,NONE,3.4,0.0,NONE
1779701301.769,80.1,89.4,32.3,1514.0,44.6,13.76,32.2,32.1,31.6,32.3,optimal,optimal,optimal,optimal,optimal,optimal,↓ decreasing,↑ increasing,→ stable,100.0,✅ EXCELLENT,False,NONE,3.1,0.2,NONE
1779701302.77,80.6,90.4,31.8,1463.0,44.8,13.79,31.6,32.0,31.7,32.1,optimal,optimal,optimal,optimal,optimal,optimal,→ stable,→ stable,→ stable,100.0,✅ EXCELLENT,False,NONE,3.7,0.0,NONE
1779701303.771,77.9,90.0,31.6,1462.0,45.4,13.82,31.8,32.3,31.9,31.8,optimal,optimal,optimal,optimal,optimal,optimal,→ stable,→ stable,→ stable,100.0,✅ EXCELLENT,False,NONE,3.8,0.0,NONE
1779701304.772,81.4,90.3,32.3,1466.0,44.1,13.76,32.1,32.2,31.7,31.7,optimal,optimal,optimal,optimal,optimal,optimal,→ stable,↑ increasing,→ stable,100.0,✅ EXCELLENT,False,NONE,3.1,0.0,NONE
1779701305.773,78.0,88.9,32.4,1518.0,44.6,13.85,31.9,32.4,31.7,32.1,optimal,optimal,optimal,optimal,optimal,optimal,→ stable,↑ increasing,→ stable,100.0,✅ EXCELLENT,False,NONE,2.9,0.6,NONE
1779701306.774,78.1,90.1,32.0,1458.0,44.2,13.82,31.9,32.1,32.0,31.9,optimal,optimal,optimal,optimal,optimal,optimal,↓ decreasing,↑ increasing,→ stable,100.0,✅ EXCELLENT,False,NONE,3.3,0.0,NONE
1779701307.775,78.1,89.9,32.3,1530.0,45.1,13.8,31.8,31.7,32.2,32.0,optimal,optimal,optimal,optimal,optimal,optimal,↓ decreasing,→ stable,→ stable,100.0,✅ EXCELLENT,False,NONE,3.0,0.0,NONE
1779701308.776,80.4,90.6,31.7,1518.0,44.4,13.77,31.8,31.7,32.3,31.8,optimal,optimal,optimal,optimal,optimal,optimal,→ stable,→ stable,→ stable,100.0,✅ EXCELLENT,False,NONE,3.8,0.0,NONE
1779701309.776,79.1,89.7,31.8,1506.0,44.0,13.78,32.0,32.2,32.4,32.4,optimal,optimal,optimal,optimal,optimal,optimal,→ stable,→ stable,→ stable,100.0,✅ EXCELLENT,False,NONE,3.6,0.0,NONE
1779701310.776,77.7,90.8,32.2,1532.0,44.8,13.76,31.7,32.2,32.3,32.0,optimal,optimal,optimal,optimal,optimal,optimal,→ stable,→ stable,→ stable,100.0,✅ EXCELLENT,False,NONE,3.1,0.0,NONE
1779701311.777,78.2,89.8,31.8,1524.0,44.2,13.78,31.9,32.0,32.0,32.0,optimal,optimal,optimal,optimal,optimal,optimal,↓ decreasing,→ stable,→ stable,100.0,✅ EXCELLENT,False,NONE,3.6,0.0,NONE
1779701312.778,82.4,90.5,32.3,1468.0,45.4,13.8,32.3,32.4,32.0,32.0,optimal,optimal,optimal,optimal,optimal,optimal,↓ decreasing,→ stable,→ stable,100.0,✅ EXCELLENT,False,NONE,3.2,0.0,NONE
1779701313.779,81.8,89.7,32.3,1550.0,44.0,13.8,32.0,31.8,32.2,31.8,optimal,optimal,optimal,optimal,optimal,optimal,→ stable,→ stable,→ stable,100.0,✅ EXCELLENT,False,NONE,3.2,0.0,NONE
1779701314.779,79.0,90.6,32.1,1534.0,45.2,13.85,32.1,32.1,31.7,31.9,optimal,optimal,optimal,optimal,optimal,optimal,→ stable,→ stable,→ stable,100.0,✅ EXCELLENT,False,NONE,3.3,0.0,NONE
1779701315.78,80.0,91.4,32.1,1457.0,45.1,13.79,31.9,32.1,32.2,32.0,optimal,optimal,optimal,optimal,optimal,optimal,→ stable,→ stable,→ stable,100.0,✅ EXCELLENT,False,NONE,3.3,0.0,NONE
1779701316.781,80.9,88.9,31.9,1472.0,44.8,13.78,31.8,32.1,31.8,31.8,optimal,optimal,optimal,optimal,optimal,optimal,↑ increasing,→ stable,→ stable,100.0,✅ EXCELLENT,False,NONE,3.6,0.6,NONE
1779701317.782,82.2,89.9,32.0,1468.0,45.4,13.77,32.0,31.9,31.9,31.6,optimal,optimal,optimal,optimal,optimal,optimal,↑ increasing,→ stable,→ stable,100.0,✅ EXCELLENT,False,NONE,3.5,0.0,NONE
1779701318.782,79.2,89.5,32.1,1522.0,45.9,13.79,32.1,32.2,32.0,32.4,optimal,optimal,optimal,optimal,optimal,optimal,↑ increasing,→ stable,→ stable,100.0,✅ EXCELLENT,False,NONE,3.3,0.1,NONE
1779701319.783,81.8,88.8,32.4,1548.0,45.2,13.76,31.7,31.9,31.7,32.3,optimal,optimal,optimal,optimal,optimal,optimal,↑ increasing,→ stable,→ stable,100.0,✅ EXCELLENT,False,NONE,3.0,0.7,NONE
1779701320.784,81.6,89.3,32.2,1537.0,45.3,13.77,31.9,31.9,32.1,32.0,optimal,optimal,optimal,optimal,optimal,optimal,↑ increasing,→ stable,→ stable,100.0,✅ EXCELLENT,False,NONE,3.3,0.2,NONE
1779701321.785,78.3,89.9,32.3,1513.0,44.9,13.77,32.3,31.7,31.9,32.2,optimal,optimal,optimal,optimal,optimal,optimal,↑ increasing,→ stable,→ stable,100.0,✅ EXCELLENT,False,NONE,3.0,0.0,NONE
1779701322.786,82.3,88.7,31.9,1535.0,44.2,13.85,32.0,32.0,32.1,32.1,optimal,optimal,optimal,optimal,optimal,optimal,↑ increasing,→ stable,→ stable,100.0,✅ EXCELLENT,False,NONE,3.6,0.8,NONE
1779701323.787,82.7,89.0,32.0,1478.0,44.1,13.83,32.4,32.0,31.8,32.0,optimal,optimal,optimal,optimal,optimal,optimal,↑ increasing,→ stable,→ stable,100.0,✅ EXCELLENT,False,NONE,3.5,0.5,NONE
1779701324.788,80.0,89.3,32.2,1512.0,44.3,13.84,32.1,32.3,32.1,32.2,optimal,optimal,optimal,optimal,optimal,optimal,↑ increasing,↓ decreasing,→ stable,100.0,✅ EXCELLENT,False,NONE,3.2,0.2,NONE
1779701325.788,79.5,91.2,32.4,1536.0,44.7,13.78,31.7,32.1,32.3,32.0,optimal,optimal,optimal,optimal,optimal,optimal,↑ increasing,↓ decreasing,→ stable,100.0,✅ EXCELLENT,False,NONE,3.0,0.0,NONE
1779701326.789,81.2,89.5,31.8,1545.0,44.4,13.85,32.0,32.3,31.9,32.1,optimal,optimal,optimal,optimal,optimal,optimal,↑ increasing,↓ decreasing,→ stable,100.0,✅ EXCELLENT,False,NONE,3.7,0.1,NONE
1779701327.79,79.8,90.0,31.7,1503.0,45.4,13.76,31.7,31.9,32.0,32.3,optimal,optimal,optimal,optimal,optimal,optimal,→ stable,↓ decreasing,→ stable,100.0,✅ EXCELLENT,False,NONE,3.8,0.0,NONE
1779701328.791,77.6,90.9,31.9,1532.0,45.5,13.76,31.6,31.9,31.9,32.0,optimal,optimal,optimal,optimal,optimal,optimal,→ stable,→ stable,→ stable,100.0,✅ EXCELLENT,False,NONE,3.4,0.0,NONE
1779701329.792,79.5,91.5,32.2,1491.0,44.7,13.83,31.6,32.2,31.9,32.3,optimal,optimal,optimal,optimal,optimal,optimal,→ stable,→ stable,→ stable,100.0,✅ EXCELLENT,False,NONE,3.2,0.0,NONE
1779701330.792,82.9,89.7,32.2,1491.0,45.1,13.8,32.2,32.0,32.4,32.2,optimal,optimal,optimal,optimal,optimal,optimal,→ stable,→ stable,→ stable,100.0,✅ EXCELLENT,False,NONE,3.3,0.0,NONE
1779701331.793,81.8,89.4,31.9,1532.0,44.7,13.77,31.9,32.1,32.1,31.9,optimal,optimal,optimal,optimal,optimal,optimal,→ stable,→ stable,→ stable,100.0,✅ EXCELLENT,False,NONE,3.6,0.2,NONE
1779701332.794,80.1,89.9,31.9,1534.0,45.4,13.77,32.2,32.2,32.1,32.2,optimal,optimal,optimal,optimal,optimal,optimal,→ stable,→ stable,→ stable,100.0,✅ EXCELLENT,False,NONE,3.5,0.0,NONE
1779701333.794,82.2,89.8,31.9,1460.0,44.6,13.83,31.6,31.8,32.1,31.8,optimal,optimal,optimal,optimal,optimal,optimal,→ stable,↑ increasing,→ stable,100.0,✅ EXCELLENT,False,NONE,3.6,0.0,NONE
1779701334.796,80.2,89.3,32.1,1472.0,45.1,13.75,31.9,32.3,31.6,31.8,optimal,optimal,optimal,optimal,optimal,optimal,→ stable,↑ increasing,→ stable,100.0,✅ EXCELLENT,False,NONE,3.3,0.2,NONE
1779701335.797,79.4,88.8,31.7,1535.0,46.0,13.82,32.0,32.0,32.1,32.2,optimal,optimal,optimal,optimal,optimal,optimal,→ stable,→ stable,→ stable,100.0,✅ EXCELLENT,False,NONE,3.7,0.7,NONE
1779701336.797,78.4,89.6,31.8,1517.0,45.8,13.78,32.2,31.6,31.7,32.2,optimal,optimal,optimal,optimal,optimal,optimal,↓ decreasing,→ stable,→ stable,100.0,✅ EXCELLENT,False,NONE,3.6,0.1,NONE
1779701337.798,78.0,89.8,31.6,1479.0,45.3,13.83,32.0,32.4,31.9,31.8,optimal,optimal,optimal,optimal,optimal,optimal,↓ decreasing,→ stable,→ stable,100.0,✅ EXCELLENT,False,NONE,3.8,0.0,NONE
1779701338.798,78.6,90.0,31.7,1460.0,45.8,13.79,32.4,31.8,31.9,31.7,optimal,optimal,optimal,optimal,optimal,optimal,→ stable,→ stable,→ stable,100.0,✅ EXCELLENT,False,NONE,3.7,0.0,NONE
1779701339.799,81.8,89.7,32.0,1510.0,44.9,13.82,32.3,31.8,32.3,32.0,optimal,optimal,optimal,optimal,optimal,optimal,→ stable,→ stable,→ stable,100.0,✅ EXCELLENT,False,NONE,3.5,0.0,NONE
1779701340.8,80.7,88.6,31.7,1516.0,45.3,13.78,31.9,32.2,31.7,32.3,optimal,optimal,optimal,optimal,optimal,optimal,→ stable,→ stable,→ stable,100.0,✅ EXCELLENT,False,NONE,3.8,1.0,NONE
1779701341.801,80.9,90.1,32.1,1483.0,44.1,13.79,31.8,31.9,32.2,31.8,optimal,optimal,optimal,optimal,optimal,optimal,↓ decreasing,→ stable,→ stable,100.0,✅ EXCELLENT,False,NONE,3.4,0.0,NONE
1779701342.802,79.3,90.9,32.2,1499.0,45.8,13.82,31.7,31.6,31.7,32.0,optimal,optimal,optimal,optimal,optimal,optimal,↓ decreasing,→ stable,→ stable,100.0,✅ EXCELLENT,False,NONE,3.2,0.0,NONE
1779701343.803,81.7,90.5,32.3,1478.0,45.3,13.76,31.7,31.7,31.7,31.9,optimal,optimal,optimal,optimal,optimal,optimal,↓ decreasing,→ stable,→ stable,100.0,✅ EXCELLENT,False,NONE,3.2,0.0,NONE
1779701344.804,82.3,90.6,31.6,1466.0,44.5,13.81,32.0,32.2,32.3,31.8,optimal,optimal,optimal,optimal,optimal,optimal,→ stable,→ stable,→ stable,100.0,✅ EXCELLENT,False,NONE,4.0,0.0,NONE
1779701345.805,82.5,89.4,31.9,1513.0,45.4,13.82,31.9,32.0,32.4,32.1,optimal,optimal,optimal,optimal,optimal,optimal,→ stable,→ stable,→ stable,100.0,✅ EXCELLENT,False,NONE,3.7,0.2,NONE
1779701346.806,77.4,88.6,31.7,1517.0,45.5,13.83,32.2,32.0,32.0,31.8,optimal,optimal,optimal,optimal,optimal,optimal,→ stable,→ stable,→ stable,100.0,✅ EXCELLENT,False,NONE,3.6,1.0,NONE
1779701347.807,82.4,88.5,31.7,1494.0,44.5,13.78,32.4,32.1,32.2,31.9,optimal,optimal,optimal,optimal,optimal,optimal,↑ increasing,→ stable,→ stable,100.0,✅ EXCELLENT,False,NONE,3.9,1.1,NONE
1779701348.808,80.8,88.8,32.3,1542.0,44.6,13.8,31.6,31.9,31.7,32.0,optimal,optimal,optimal,optimal,optimal,optimal,↑ increasing,→ stable,→ stable,100.0,✅ EXCELLENT,False,NONE,3.1,0.7,NONE
1779701349.809,77.7,89.3,32.3,1513.0,45.4,13.79,32.0,31.9,31.9,32.0,optimal,optimal,optimal,optimal,optimal,optimal,→ stable,→ stable,→ stable,100.0,✅ EXCELLENT,False,NONE,3.0,0.2,NONE
1779701350.81,81.1,91.0,31.9,1534.0,46.0,13.79,31.7,32.3,32.1,31.9,optimal,optimal,optimal,optimal,optimal,optimal,→ stable,→ stable,→ stable,100.0,✅ EXCELLENT,False,NONE,3.6,0.0,NONE
1779701351.812,78.1,90.6,31.8,1492.0,45.6,13.76,32.2,31.7,31.8,31.8,optimal,optimal,optimal,optimal,optimal,optimal,→ stable,→ stable,→ stable,100.0,✅ EXCELLENT,False,NONE,3.6,0.0,NONE
1779701352.813,82.6,88.6,32.0,1522.0,44.7,13.83,31.7,31.9,31.7,32.1,optimal,optimal,optimal,optimal,optimal,optimal,↑ increasing,→ stable,→ stable,100.0,✅ EXCELLENT,False,NONE,3.5,1.0,NONE
1779701353.815,80.3,90.4,31.8,1511.0,45.5,13.82,32.3,32.2,31.7,32.2,optimal,optimal,optimal,optimal,optimal,optimal,↑ increasing,→ stable,→ stable,100.0,✅ EXCELLENT,False,NONE,3.7,0.0,NONE
1779701354.816,77.8,89.3,32.2,1540.0,44.3,13.78,32.3,32.3,31.9,32.1,optimal,optimal,optimal,optimal,optimal,optimal,→ stable,→ stable,→ stable,100.0,✅ EXCELLENT,False,NONE,3.1,0.2,NONE
1779701355.817,78.7,90.7,31.6,1473.0,44.8,13.81,31.7,32.2,32.3,32.1,optimal,optimal,optimal,optimal,optimal,optimal,↓ decreasing,→ stable,→ stable,100.0,✅ EXCELLENT,False,NONE,3.8,0.0,NONE
1779701356.818,77.7,90.2,31.8,1536.0,45.9,13.76,32.3,31.9,31.6,31.8,optimal,optimal,optimal,optimal,optimal,optimal,↓ decreasing,→ stable,→ stable,100.0,✅ EXCELLENT,False,NONE,3.6,0.0,NONE
1779701357.819,82.3,89.6,32.4,1456.0,45.2,13.77,32.1,31.9,31.7,32.0,optimal,optimal,optimal,optimal,optimal,optimal,↓ decreasing,→ stable,→ stable,100.0,✅ EXCELLENT,False,NONE,3.1,0.1,NONE
1779701358.82,79.0,89.5,32.0,1492.0,44.7,13.81,31.9,31.9,31.9,32.2,optimal,optimal,optimal,optimal,optimal,optimal,↓ decreasing,→ stable,→ stable,100.0,✅ EXCELLENT,False,NONE,3.4,0.1,NONE
1779701359.821,80.6,88.8,32.0,1458.0,45.0,13.84,31.7,32.3,31.9,31.6,optimal,optimal,optimal,optimal,optimal,optimal,↓ decreasing,→ stable,→ stable,100.0,✅ EXCELLENT,False,NONE,3.5,0.7,NONE
1779701360.822,82.8,89.9,32.3,1542.0,44.3,13.78,32.4,31.6,31.8,32.1,optimal,optimal,optimal,optimal,optimal,optimal,↓ decreasing,→ stable,→ stable,100.0,✅ EXCELLENT,False,NONE,3.2,0.0,NONE
1779701361.823,82.7,90.3,32.3,1549.0,45.5,13.75,32.3,31.7,32.4,32.1,optimal,optimal,optimal,optimal,optimal,optimal,→ stable,→ stable,→ stable,100.0,✅ EXCELLENT,False,NONE,3.2,0.0,NONE
1779701362.824,80.9,90.6,31.8,1513.0,44.7,13.85,32.1,32.0,31.6,32.0,optimal,optimal,optimal,optimal,optimal,optimal,→ stable,→ stable,→ stable,100.0,✅ EXCELLENT,False,NONE,3.7,0.0,NONE
1779701363.825,78.1,89.5,31.9,1495.0,45.0,13.76,32.3,32.3,32.1,31.7,optimal,optimal,optimal,optimal,optimal,optimal,→ stable,→ stable,→ stable,100.0,✅ EXCELLENT,False,NONE,3.5,0.1,NONE
1779701364.826,77.2,90.1,32.2,1525.0,44.0,13.84,31.8,32.0,31.6,32.4,optimal,optimal,optimal,optimal,optimal,optimal,→ stable,→ stable,→ stable,100.0,✅ EXCELLENT,False,NONE,3.1,0.0,NONE
1779701365.827,81.3,89.6,31.6,1479.0,44.2,13.79,31.7,31.9,31.8,32.0,optimal,optimal,optimal,optimal,optimal,optimal,↑ increasing,→ stable,→ stable,100.0,✅ EXCELLENT,False,NONE,3.9,0.1,NONE
1779701366.828,77.8,91.2,32.0,1508.0,44.2,13.8,31.7,32.2,32.2,32.0,optimal,optimal,optimal,optimal,optimal,optimal,↑ increasing,→ stable,→ stable,100.0,✅ EXCELLENT,False,NONE,3.3,0.0,NONE
1779701367.828,79.2,89.8,31.9,1548.0,44.8,13.83,31.7,31.7,32.3,32.3,optimal,optimal,optimal,optimal,optimal,optimal,→ stable,→ stable,→ stable,100.0,✅ EXCELLENT,False,NONE,3.5,0.0,NONE
1779701368.829,79.2,91.1,31.6,1457.0,45.6,13.8,32.0,32.0,31.9,32.3,optimal,optimal,optimal,optimal,optimal,optimal,→ stable,→ stable,→ stable,100.0,✅ EXCELLENT,False,NONE,3.8,0.0,NONE
1779701369.83,79.6,88.9,31.7,1539.0,45.5,13.85,31.9,31.7,32.4,31.7,optimal,optimal,optimal,optimal,optimal,optimal,→ stable,→ stable,→ stable,100.0,✅ EXCELLENT,False,NONE,3.8,0.6,NONE
1779701370.83,77.2,89.2,32.2,1509.0,45.6,13.79,31.9,31.8,32.2,31.9,optimal,optimal,optimal,optimal,optimal,optimal,↓ decreasing,→ stable,→ stable,100.0,✅ EXCELLENT,False,NONE,3.1,0.3,NONE
1779701371.83,82.5,90.9,32.0,1460.0,45.8,13.8,32.3,31.7,31.7,32.4,optimal,optimal,optimal,optimal,optimal,optimal,↓ decreasing,→ stable,→ stable,100.0,✅ EXCELLENT,False,NONE,3.5,0.0,NONE
1779701372.831,79.5,90.0,32.4,1474.0,44.4,13.78,32.2,32.0,32.3,32.2,optimal,optimal,optimal,optimal,optimal,optimal,↓ decreasing,→ stable,→ stable,100.0,✅ EXCELLENT,False,NONE,3.0,0.0,NONE
1779701373.832,82.0,89.1,31.6,1475.0,45.4,13.84,32.2,31.8,31.7,32.3,optimal,optimal,optimal,optimal,optimal,optimal,↓ decreasing,→ stable,→ stable,100.0,✅ EXCELLENT,False,NONE,4.0,0.4,NONE
1779701374.833,81.4,89.3,32.0,1493.0,44.2,13.78,31.9,32.3,31.9,31.7,optimal,optimal,optimal,optimal,optimal,optimal,→ stable,→ stable,→ stable,100.0,✅ EXCELLENT,False,NONE,3.5,0.2,NONE
1779701375.834,80.9,89.0,32.0,1504.0,45.6,13.78,32.3,31.9,32.3,32.0,optimal,optimal,optimal,optimal,optimal,optimal,→ stable,→ stable,→ stable,100.0,✅ EXCELLENT,False,NONE,3.5,0.5,NONE
1779701376.835,80.5,89.1,31.9,1516.0,44.8,13.81,31.9,32.0,32.3,32.3,optimal,optimal,optimal,optimal,optimal,optimal,→ stable,→ stable,→ stable,100.0,✅ EXCELLENT,False,NONE,3.6,0.4,NONE
1779701377.836,79.0,90.7,31.6,1514.0,45.1,13.78,31.6,32.0,31.9,31.8,optimal,optimal,optimal,optimal,optimal,optimal,→ stable,→ stable,→ stable,100.0,✅ EXCELLENT,False,NONE,3.8,0.0,NONE
1779701378.837,77.3,90.6,32.0,1516.0,45.8,13.75,32.0,31.8,31.8,32.1,optimal,optimal,optimal,optimal,optimal,optimal,→ stable,→ stable,→ stable,100.0,✅ EXCELLENT,False,NONE,3.3,0.0,NONE
1779701379.838,78.6,89.6,32.2,1498.0,44.7,13.76,32.3,32.3,31.7,31.7,optimal,optimal,optimal,optimal,optimal,optimal,→ stable,→ stable,→ stable,100.0,✅ EXCELLENT,False,NONE,3.1,0.1,NONE
1779701380.839,82.0,90.8,32.2,1510.0,44.4,13.77,31.6,32.2,32.4,32.4,optimal,optimal,optimal,optimal,optimal,optimal,↑ increasing,→ stable,→ stable,100.0,✅ EXCELLENT,False,NONE,3.3,0.0,NONE
1779701381.84,77.1,90.4,32.3,1477.0,44.4,13.82,31.8,31.7,32.2,31.9,optimal,optimal,optimal,optimal,optimal,optimal,↑ increasing,→ stable,→ stable,100.0,✅ EXCELLENT,False,NONE,3.0,0.0,NONE
1779701382.841,80.1,90.2,31.7,1528.0,45.3,13.78,32.0,31.8,32.1,31.9,optimal,optimal,optimal,optimal,optimal,optimal,↑ increasing,→ stable,→ stable,100.0,✅ EXCELLENT,False,NONE,3.8,0.0,NONE
1779701383.842,80.9,89.9,32.2,1470.0,45.5,13.81,32.0,32.3,31.7,31.9,optimal,optimal,optimal,optimal,optimal,optimal,→ stable,→ stable,→ stable,100.0,✅ EXCELLENT,False,NONE,3.2,0.0,NONE
1779701384.843,77.8,89.5,32.4,1473.0,44.7,13.8,31.8,31.8,32.3,32.3,optimal,optimal,optimal,optimal,optimal,optimal,↓ decreasing,→ stable,→ stable,100.0,✅ EXCELLENT,False,NONE,2.9,0.1,NONE
1779701385.844,80.5,91.3,31.9,1480.0,45.7,13.75,31.6,32.4,31.8,32.2,optimal,optimal,optimal,optimal,optimal,optimal,↓ decreasing,→ stable,→ stable,100.0,✅ EXCELLENT,False,NONE,3.6,0.0,NONE
1779701386.845,81.7,91.0,31.8,1457.0,44.8,13.8,32.2,31.6,32.2,32.4,optimal,optimal,optimal,optimal,optimal,optimal,↓ decreasing,↑ increasing,→ stable,100.0,✅ EXCELLENT,False,NONE,3.7,0.0,NONE
1779701387.846,81.0,89.3,32.3,1456.0,44.9,13.81,31.9,31.8,31.7,32.2,optimal,optimal,optimal,optimal,optimal,optimal,→ stable,↑ increasing,→ stable,100.0,✅ EXCELLENT,False,NONE,3.1,0.2,NONE
1779701388.845,78.1,89.5,32.0,1473.0,44.3,13.84,31.6,31.6,31.7,31.6,optimal,optimal,optimal,optimal,optimal,optimal,→ stable,→ stable,→ stable,100.0,✅ EXCELLENT,False,NONE,3.3,0.1,NONE
1779701389.846,81.1,89.9,32.1,1518.0,45.1,13.76,31.8,31.9,32.0,31.9,optimal,optimal,optimal,optimal,optimal,optimal,→ stable,→ stable,→ stable,100.0,✅ EXCELLENT,False,NONE,3.4,0.0,NONE
1779701390.847,77.6,90.9,32.4,1463.0,45.3,13.79,31.8,32.1,31.9,32.1,optimal,optimal,optimal,optimal,optimal,optimal,↓ decreasing,→ stable,→ stable,100.0,✅ EXCELLENT,False,NONE,2.9,0.0,NONE
1779701391.848,81.3,90.5,32.1,1460.0,45.6,13.8,31.7,32.2,31.8,32.1,optimal,optimal,optimal,optimal,optimal,optimal,→ stable,→ stable,→ stable,100.0,✅ EXCELLENT,False,NONE,3.4,0.0,NONE
1779701392.849,81.3,89.8,32.2,1458.0,45.3,13.84,31.6,32.0,31.6,32.2,optimal,optimal,optimal,optimal,optimal,optimal,→ stable,→ stable,→ stable,100.0,✅ EXCELLENT,False,NONE,3.3,0.0,NONE
1779701393.85,78.4,90.9,32.3,1542.0,44.8,13.76,31.6,32.0,32.1,32.3,optimal,optimal,optimal,optimal,optimal,optimal,→ stable,→ stable,→ stable,100.0,✅ EXCELLENT,False,NONE,3.0,0.0,NONE
1779701394.85,80.2,91.0,32.0,1455.0,44.4,13.85,31.9,31.8,32.3,31.7,optimal,optimal,optimal,optimal,optimal,optimal,↑ increasing,→ stable,→ stable,100.0,✅ EXCELLENT,False,NONE,3.4,0.0,NONE
1779701395.851,82.2,89.6,32.2,1543.0,45.2,13.82,32.2,32.2,32.1,32.3,optimal,optimal,optimal,optimal,optimal,optimal,↑ increasing,→ stable,→ stable,100.0,✅ EXCELLENT,False,NONE,3.3,0.1,NONE
1779701396.851,78.1,89.7,32.3,1496.0,45.8,13.81,32.1,32.1,32.3,32.3,optimal,optimal,optimal,optimal,optimal,optimal,→ stable,→ stable,→ stable,100.0,✅ EXCELLENT,False,NONE,3.0,0.0,NONE
1779701397.852,80.9,89.1,32.0,1454.0,44.5,13.81,31.8,32.2,32.0,31.7,optimal,optimal,optimal,optimal,optimal,optimal,→ stable,→ stable,→ stable,100.0,✅ EXCELLENT,False,NONE,3.5,0.4,NONE
1779701398.854,79.8,90.6,32.2,1527.0,45.7,13.78,32.2,32.0,32.1,31.8,optimal,optimal,optimal,optimal,optimal,optimal,→ stable,→ stable,→ stable,100.0,✅ EXCELLENT,False,NONE,3.2,0.0,NONE
1779701399.855,79.7,90.7,31.9,1452.0,45.1,13.76,31.9,32.1,31.7,32.2,optimal,optimal,optimal,optimal,optimal,optimal,→ stable,→ stable,→ stable,100.0,✅ EXCELLENT,False,NONE,3.5,0.0,NONE
1779701400.856,78.0,91.2,31.6,1544.0,44.7,13.78,32.0,32.1,31.7,31.8,optimal,optimal,optimal,optimal,optimal,optimal,→ stable,→ stable,→ stable,100.0,✅ EXCELLENT,False,NONE,3.8,0.0,NONE
1779701401.857,77.1,89.4,32.4,1534.0,45.1,13.84,31.7,32.3,32.1,31.9,optimal,optimal,optimal,optimal,optimal,optimal,→ stable,→ stable,→ stable,100.0,✅ EXCELLENT,False,NONE,2.9,0.2,NONE
1779701402.858,82.0,88.9,31.8,1485.0,44.3,13.85,32.2,32.0,32.1,31.6,optimal,optimal,optimal,optimal,optimal,optimal,→ stable,→ stable,→ stable,100.0,✅ EXCELLENT,False,NONE,3.7,0.6,NONE
1779701403.858,81.8,90.6,32.3,1463.0,46.0,13.81,31.9,32.2,31.7,31.7,optimal,optimal,optimal,optimal,optimal,optimal,→ stable,→ stable,→ stable,100.0,✅ EXCELLENT,False,NONE,3.2,0.0,NONE
1779701404.859,80.8,89.8,31.9,1492.0,45.0,13.8,32.0,32.3,31.9,32.3,optimal,optimal,optimal,optimal,optimal,optimal,→ stable,→ stable,→ stable,100.0,✅ EXCELLENT,False,NONE,3.6,0.0,NONE
1779701405.86,79.7,89.7,32.2,1485.0,44.4,13.76,32.1,32.1,31.6,31.7,optimal,optimal,optimal,optimal,optimal,optimal,→ stable,→ stable,→ stable,100.0,✅ EXCELLENT,False,NONE,3.2,0.0,NONE
1779701406.861,82.9,91.2,31.8,1491.0,45.9,13.81,31.7,32.2,32.0,31.9,optimal,optimal,optimal,optimal,optimal,optimal,→ stable,→ stable,→ stable,100.0,✅ EXCELLENT,False,NONE,3.8,0.0,NONE
1779701407.862,80.4,89.2,31.8,1526.0,45.2,13.85,32.2,31.9,31.7,32.0,optimal,optimal,optimal,optimal,optimal,optimal,→ stable,→ stable,→ stable,100.0,✅ EXCELLENT,False,NONE,3.7,0.3,NONE
1779701408.863,78.2,90.3,32.0,1460.0,44.3,13.78,32.1,31.8,32.4,31.7,optimal,optimal,optimal,optimal,optimal,optimal,→ stable,→ stable,→ stable,100.0,✅ EXCELLENT,False,NONE,3.4,0.0,NONE
1779701409.864,81.0,89.2,32.4,1492.0,45.9,13.8,32.1,32.4,31.6,31.6,optimal,optimal,optimal,optimal,optimal,optimal,→ stable,→ stable,→ stable,100.0,✅ EXCELLENT,False,NONE,3.0,0.3,NONE
1779701410.865,77.7,91.1,31.8,1469.0,44.7,13.77,31.8,32.1,32.2,31.8,optimal,optimal,optimal,optimal,optimal,optimal,→ stable,→ stable,→ stable,100.0,✅ EXCELLENT,False,NONE,3.6,0.0,NONE
1779701411.866,82.1,90.9,31.7,1533.0,44.5,13.84,32.1,31.9,31.9,32.1,optimal,optimal,optimal,optimal,optimal,optimal,↑ increasing,→ stable,→ stable,100.0,✅ EXCELLENT,False,NONE,3.9,0.0,NONE
1779701412.867,81.1,91.0,31.9,1467.0,44.1,13.82,32.0,32.1,31.9,31.7,optimal,optimal,optimal,optimal,optimal,optimal,↑ increasing,→ stable,→ stable,100.0,✅ EXCELLENT,False,NONE,3.6,0.0,NONE
1779701413.868,81.8,90.7,31.9,1536.0,44.7,13.75,31.7,32.0,32.4,32.0,optimal,optimal,optimal,optimal,optimal,optimal,↑ increasing,→ stable,→ stable,100.0,✅ EXCELLENT,False,NONE,3.6,0.0,NONE
1779701414.868,82.9,89.4,32.0,1460.0,44.1,13.79,32.3,32.0,31.8,32.0,optimal,optimal,optimal,optimal,optimal,optimal,↑ increasing,→ stable,→ stable,100.0,✅ EXCELLENT,False,NONE,3.6,0.2,NONE
1779701415.869,82.0,88.7,32.1,1461.0,45.8,13.84,31.7,32.2,31.7,31.8,optimal,optimal,optimal,optimal,optimal,optimal,↑ increasing,→ stable,→ stable,100.0,✅ EXCELLENT,False,NONE,3.4,0.8,NONE
1779701416.87,78.3,91.2,31.8,1476.0,45.8,13.82,32.0,32.0,32.3,31.9,optimal,optimal,optimal,optimal,optimal,optimal,→ stable,→ stable,→ stable,100.0,✅ EXCELLENT,False,NONE,3.6,0.0,NONE
1779701417.872,79.0,89.6,31.8,1521.0,46.0,13.83,32.0,32.0,32.1,31.9,optimal,optimal,optimal,optimal,optimal,optimal,→ stable,→ stable,→ stable,100.0,✅ EXCELLENT,False,NONE,3.6,0.1,NONE
1779701418.873,78.8,89.9,31.9,1516.0,44.1,13.85,32.1,32.0,32.2,32.0,optimal,optimal,optimal,optimal,optimal,optimal,→ stable,→ stable,→ stable,100.0,✅ EXCELLENT,False,NONE,3.5,0.0,NONE
1779701419.873,79.0,88.8,32.3,1482.0,44.1,13.8,32.0,31.6,31.9,32.4,optimal,optimal,optimal,optimal,optimal,optimal,→ stable,→ stable,→ stable,100.0,✅ EXCELLENT,False,NONE,3.0,0.7,NONE
1779701420.874,77.3,88.9,31.7,1540.0,44.9,13.83,32.0,32.4,31.9,32.1,optimal,optimal,optimal,optimal,optimal,optimal,→ stable,→ stable,→ stable,100.0,✅ EXCELLENT,False,NONE,3.6,0.6,NONE
1779701421.874,80.1,90.1,32.1,1483.0,46.0,13.81,32.4,32.2,32.0,32.0,optimal,optimal,optimal,optimal,optimal,optimal,↓ decreasing,→ stable,→ stable,100.0,✅ EXCELLENT,False,NONE,3.3,0.0,NONE
1779701422.874,79.5,88.7,32.2,1535.0,45.4,13.83,31.8,31.9,32.4,32.2,optimal,optimal,optimal,optimal,optimal,optimal,↓ decreasing,↓ decreasing,→ stable,100.0,✅ EXCELLENT,False,NONE,3.2,0.8,NONE
1779701423.875,79.2,90.4,31.7,1514.0,45.3,13.79,31.6,31.9,32.4,31.9,optimal,optimal,optimal,optimal,optimal,optimal,↓ decreasing,↓ decreasing,→ stable,100.0,✅ EXCELLENT,False,NONE,3.7,0.0,NONE
1779701424.875,77.4,90.2,32.4,1461.0,44.5,13.81,31.9,31.9,32.1,31.7,optimal,optimal,optimal,optimal,optimal,optimal,↓ decreasing,↓ decreasing,→ stable,100.0,✅ EXCELLENT,False,NONE,2.9,0.0,NONE
1779701425.876,78.4,91.4,31.7,1512.0,45.4,13.81,31.9,32.1,32.2,32.2,optimal,optimal,optimal,optimal,optimal,optimal,↓ decreasing,→ stable,→ stable,100.0,✅ EXCELLENT,False,NONE,3.7,0.0,NONE
1779701426.877,77.5,89.5,31.9,1500.0,45.1,13.8,32.1,32.2,31.6,31.9,optimal,optimal,optimal,optimal,optimal,optimal,↓ decreasing,→ stable,→ stable,100.0,✅ EXCELLENT,False,NONE,3.4,0.1,NONE
1779701427.878,77.9,90.0,32.1,1464.0,44.1,13.84,31.7,32.2,32.3,31.9,optimal,optimal,optimal,optimal,optimal,optimal,↓ decreasing,→ stable,→ stable,100.0,✅ EXCELLENT,False,NONE,3.2,0.0,NONE
1779701428.878,80.1,90.9,32.2,1542.0,44.6,13.78,31.7,32.0,32.1,32.0,optimal,optimal,optimal,optimal,optimal,optimal,↓ decreasing,→ stable,→ stable,100.0,✅ EXCELLENT,False,NONE,3.2,0.0,NONE
1779701429.879,82.5,88.8,31.7,1507.0,44.2,13.83,31.7,32.0,32.4,32.2,optimal,optimal,optimal,optimal,optimal,optimal,↓ decreasing,→ stable,→ stable,100.0,✅ EXCELLENT,False,NONE,3.9,0.7,NONE
1779701430.88,77.3,90.0,32.2,1545.0,45.0,13.81,31.9,32.1,31.9,32.2,optimal,optimal,optimal,optimal,optimal,optimal,↓ decreasing,→ stable,→ stable,100.0,✅ EXCELLENT,False,NONE,3.1,0.0,NONE
1779701431.881,77.5,89.5,32.3,1509.0,44.8,13.77,32.4,32.2,32.0,32.2,optimal,optimal,optimal,optimal,optimal,optimal,↓ decreasing,→ stable,→ stable,100.0,✅ EXCELLENT,False,NONE,3.0,0.1,NONE
1779701432.882,79.3,91.0,31.9,1527.0,45.6,13.83,31.8,31.9,32.0,31.9,optimal,optimal,optimal,optimal,optimal,optimal,↓ decreasing,↑ increasing,→ stable,100.0,✅ EXCELLENT,False,NONE,3.5,0.0,NONE
1779701433.883,82.7,90.9,31.7,1532.0,44.9,13.78,32.0,31.8,31.6,31.7,optimal,optimal,optimal,optimal,optimal,optimal,↓ decreasing,↑ increasing,→ stable,100.0,✅ EXCELLENT,False,NONE,3.9,0.0,NONE
1779701434.884,77.4,91.3,32.0,1538.0,44.7,13.77,32.0,32.2,31.7,32.1,optimal,optimal,optimal,optimal,optimal,optimal,→ stable,↑ increasing,→ stable,100.0,✅ EXCELLENT,False,NONE,3.3,0.0,NONE
1779701435.885,80.9,88.9,32.2,1506.0,45.7,13.83,32.2,31.7,32.4,31.8,optimal,optimal,optimal,optimal,optimal,optimal,↑ increasing,→ stable,→ stable,100.0,✅ EXCELLENT,False,NONE,3.2,0.6,NONE
1779701436.886,79.1,90.9,32.2,1547.0,45.7,13.8,32.3,32.1,31.8,32.3,optimal,optimal,optimal,optimal,optimal,optimal,↑ increasing,→ stable,→ stable,100.0,✅ EXCELLENT,False,NONE,3.2,0.0,NONE
1779701437.887,79.6,89.6,32.2,1485.0,44.9,13.77,31.8,31.9,31.7,32.2,optimal,optimal,optimal,optimal,optimal,optimal,↑ increasing,→ stable,→ stable,100.0,✅ EXCELLENT,False,NONE,3.2,0.1,NONE
1779701438.888,79.1,88.9,31.7,1466.0,45.5,13.84,31.7,32.0,32.3,31.7,optimal,optimal,optimal,optimal,optimal,optimal,↑ increasing,→ stable,→ stable,100.0,✅ EXCELLENT,False,NONE,3.7,0.6,NONE
1779701439.888,82.6,90.2,32.2,1493.0,45.2,13.8,31.9,32.0,31.9,32.4,optimal,optimal,optimal,optimal,optimal,optimal,↑ increasing,→ stable,→ stable,100.0,✅ EXCELLENT,False,NONE,3.3,0.0,NONE
1779701440.889,77.1,89.3,31.9,1468.0,45.7,13.83,31.9,32.2,32.2,32.1,optimal,optimal,optimal,optimal,optimal,optimal,↑ increasing,→ stable,→ stable,100.0,✅ EXCELLENT,False,NONE,3.4,0.2,NONE
1779701441.89,79.9,89.0,31.7,1511.0,45.1,13.81,31.9,31.7,31.7,32.3,optimal,optimal,optimal,optimal,optimal,optimal,↑ increasing,→ stable,→ stable,100.0,✅ EXCELLENT,False,NONE,3.8,0.5,NONE
1779701442.891,78.5,88.7,31.9,1486.0,45.7,13.8,31.9,32.1,32.3,31.9,optimal,optimal,optimal,optimal,optimal,optimal,↑ increasing,→ stable,→ stable,100.0,✅ EXCELLENT,False,NONE,3.5,0.8,NONE
1779701443.891,78.6,89.5,31.9,1542.0,44.5,13.79,32.4,31.7,32.1,31.7,optimal,optimal,optimal,optimal,optimal,optimal,→ stable,↓ decreasing,→ stable,100.0,✅ EXCELLENT,False,NONE,3.5,0.1,NONE
1779701444.893,78.6,89.2,32.4,1517.0,45.9,13.76,32.0,32.2,32.1,32.3,optimal,optimal,optimal,optimal,optimal,optimal,→ stable,↓ decreasing,→ stable,100.0,✅ EXCELLENT,False,NONE,2.9,0.3,NONE
1779701445.894,77.5,90.8,31.8,1509.0,45.7,13.84,31.9,32.2,31.6,32.0,optimal,optimal,optimal,optimal,optimal,optimal,→ stable,→ stable,→ stable,100.0,✅ EXCELLENT,False,NONE,3.5,0.0,NONE
1779701446.895,80.8,90.0,32.2,1461.0,45.9,13.8,32.4,31.7,31.9,31.7,optimal,optimal,optimal,optimal,optimal,optimal,→ stable,↓ decreasing,→ stable,100.0,✅ EXCELLENT,False,NONE,3.2,0.0,NONE
1779701447.896,80.1,88.7,31.7,1464.0,45.3,13.84,32.2,32.2,32.0,32.0,optimal,optimal,optimal,optimal,optimal,optimal,→ stable,↓ decreasing,→ stable,100.0,✅ EXCELLENT,False,NONE,3.8,0.8,NONE
1779701448.896,81.3,89.9,32.1,1491.0,44.4,13.85,32.0,32.1,31.6,31.9,optimal,optimal,optimal,optimal,optimal,optimal,→ stable,→ stable,→ stable,100.0,✅ EXCELLENT,False,NONE,3.4,0.0,NONE
1779701449.897,77.4,89.2,31.7,1473.0,45.2,13.84,31.8,32.1,31.7,32.2,optimal,optimal,optimal,optimal,optimal,optimal,↓ decreasing,↓ decreasing,→ stable,100.0,✅ EXCELLENT,False,NONE,3.6,0.3,NONE
1779701450.898,81.1,88.6,32.0,1485.0,44.6,13.77,32.1,31.6,32.1,31.6,optimal,optimal,optimal,optimal,optimal,optimal,→ stable,↓ decreasing,→ stable,100.0,✅ EXCELLENT,False,NONE,3.5,1.0,NONE
1779701451.899,79.9,89.7,31.8,1482.0,45.1,13.85,32.3,32.0,32.3,32.0,optimal,optimal,optimal,optimal,optimal,optimal,→ stable,↓ decreasing,→ stable,100.0,✅ EXCELLENT,False,NONE,3.7,0.0,NONE
1779701452.9,78.7,91.2,32.0,1481.0,45.2,13.78,32.1,32.0,32.2,32.0,optimal,optimal,optimal,optimal,optimal,optimal,→ stable,→ stable,→ stable,100.0,✅ EXCELLENT,False,NONE,3.4,0.0,NONE
1779701453.9,79.5,90.5,31.7,1539.0,45.0,13.8,32.3,31.8,31.8,32.0,optimal,optimal,optimal,optimal,optimal,optimal,→ stable,→ stable,→ stable,100.0,✅ EXCELLENT,False,NONE,3.7,0.0,NONE
1779701454.901,80.2,90.5,32.3,1461.0,45.6,13.78,31.9,32.3,32.1,31.8,optimal,optimal,optimal,optimal,optimal,optimal,→ stable,→ stable,→ stable,100.0,✅ EXCELLENT,False,NONE,3.1,0.0,NONE
1779701455.901,77.3,88.7,32.0,1464.0,45.7,13.75,32.0,32.1,32.1,32.0,optimal,optimal,optimal,optimal,optimal,optimal,↑ increasing,→ stable,→ stable,100.0,✅ EXCELLENT,False,NONE,3.3,0.8,NONE
1779701456.902,77.9,91.0,31.9,1482.0,45.5,13.82,31.6,31.8,32.2,31.7,optimal,optimal,optimal,optimal,optimal,optimal,→ stable,→ stable,→ stable,100.0,✅ EXCELLENT,False,NONE,3.4,0.0,NONE
1779701457.903,79.3,89.3,32.3,1510.0,44.1,13.83,32.2,32.2,32.4,31.9,optimal,optimal,optimal,optimal,optimal,optimal,→ stable,→ stable,→ stable,100.0,✅ EXCELLENT,False,NONE,3.1,0.2,NONE
1779701458.904,82.1,90.3,32.2,1502.0,45.0,13.82,32.3,32.3,32.0,31.8,optimal,optimal,optimal,optimal,optimal,optimal,→ stable,→ stable,→ stable,100.0,✅ EXCELLENT,False,NONE,3.3,0.0,NONE
1779701459.905,79.0,90.8,31.8,1466.0,45.5,13.83,32.2,31.8,32.3,31.7,optimal,optimal,optimal,optimal,optimal,optimal,↑ increasing,↑ increasing,→ stable,100.0,✅ EXCELLENT,False,NONE,3.6,0.0,NONE
1779701460.906,80.4,88.6,32.0,1482.0,44.5,13.75,32.3,31.6,32.2,32.1,optimal,optimal,optimal,optimal,optimal,optimal,→ stable,↑ increasing,→ stable,100.0,✅ EXCELLENT,False,NONE,3.4,1.0,NONE
1779701461.907,81.3,90.0,32.3,1519.0,44.1,13.78,32.3,32.1,32.4,32.1,optimal,optimal,optimal,optimal,optimal,optimal,→ stable,↑ increasing,→ stable,100.0,✅ EXCELLENT,False,NONE,3.1,0.0,NONE
1779701462.907,77.0,90.1,32.0,1524.0,44.9,13.85,31.9,31.7,31.7,32.4,optimal,optimal,optimal,optimal,optimal,optimal,→ stable,→ stable,→ stable,100.0,✅ EXCELLENT,False,NONE,3.3,0.0,NONE
1779701463.908,78.8,90.6,32.2,1482.0,44.4,13.8,32.3,32.4,32.3,31.9,optimal,optimal,optimal,optimal,optimal,optimal,→ stable,→ stable,→ stable,100.0,✅ EXCELLENT,False,NONE,3.2,0.0,NONE
1779701464.909,78.5,89.9,32.3,1467.0,45.3,13.75,32.2,32.0,32.3,32.0,optimal,optimal,optimal,optimal,optimal,optimal,→ stable,→ stable,→ stable,100.0,✅ EXCELLENT,False,NONE,3.0,0.0,NONE
1779701465.909,79.3,89.2,31.8,1487.0,44.8,13.82,31.7,31.8,32.0,31.9,optimal,optimal,optimal,optimal,optimal,optimal,→ stable,→ stable,→ stable,100.0,✅ EXCELLENT,False,NONE,3.6,0.3,NONE
1779701466.909,79.1,91.1,32.3,1492.0,45.1,13.8,32.3,32.1,32.4,31.8,optimal,optimal,optimal,optimal,optimal,optimal,→ stable,→ stable,→ stable,100.0,✅ EXCELLENT,False,NONE,3.1,0.0,NONE
1779701467.909,78.7,91.5,32.0,1451.0,44.2,13.79,32.2,31.9,32.2,32.1,optimal,optimal,optimal,optimal,optimal,optimal,→ stable,→ stable,→ stable,100.0,✅ EXCELLENT,False,NONE,3.4,0.0,NONE
1779701468.909,82.8,89.5,32.2,1469.0,44.7,13.8,31.8,32.1,32.3,32.3,optimal,optimal,optimal,optimal,optimal,optimal,→ stable,→ stable,→ stable,100.0,✅ EXCELLENT,False,NONE,3.3,0.1,NONE
1779701469.91,81.8,89.7,32.2,1462.0,44.4,13.8,32.1,31.8,32.0,32.0,optimal,optimal,optimal,optimal,optimal,optimal,→ stable,→ stable,→ stable,100.0,✅ EXCELLENT,False,NONE,3.3,0.0,NONE
1779701470.911,77.5,90.2,32.1,1514.0,45.1,13.79,32.1,32.2,32.1,32.2,optimal,optimal,optimal,optimal,optimal,optimal,→ stable,→ stable,→ stable,100.0,✅ EXCELLENT,False,NONE,3.2,0.0,NONE
1779701471.912,78.3,89.3,32.4,1475.0,44.1,13.78,32.0,32.4,32.0,32.3,optimal,optimal,optimal,optimal,optimal,optimal,→ stable,→ stable,→ stable,100.0,✅ EXCELLENT,False,NONE,2.9,0.2,NONE
1779701472.913,77.3,88.7,31.8,1509.0,45.9,13.8,32.4,32.0,31.8,31.6,optimal,optimal,optimal,optimal,optimal,optimal,→ stable,→ stable,→ stable,100.0,✅ EXCELLENT,False,NONE,3.5,0.8,NONE
1779701473.914,79.3,89.5,31.9,1476.0,44.5,13.78,32.1,31.9,31.7,31.7,optimal,optimal,optimal,optimal,optimal,optimal,→ stable,→ stable,→ stable,100.0,✅ EXCELLENT,False,NONE,3.5,0.1,NONE
1779701474.914,78.0,90.9,31.8,1543.0,45.8,13.77,32.0,32.2,31.9,32.3,optimal,optimal,optimal,optimal,optimal,optimal,→ stable,→ stable,→ stable,100.0,✅ EXCELLENT,False,NONE,3.6,0.0,NONE
1779701475.915,82.3,89.0,32.2,1461.0,45.4,13.85,32.2,31.6,32.3,32.3,optimal,optimal,optimal,optimal,optimal,optimal,→ stable,→ stable,→ stable,100.0,✅ EXCELLENT,False,NONE,3.3,0.5,NONE
1779701476.916,81.9,88.5,32.3,1463.0,45.7,13.85,32.0,31.9,31.8,32.2,optimal,optimal,optimal,optimal,optimal,optimal,→ stable,→ stable,→ stable,100.0,✅ EXCELLENT,False,NONE,3.2,1.1,NONE
1779701477.916,78.7,90.7,32.0,1450.0,44.7,13.8,32.0,32.0,32.2,31.8,optimal,optimal,optimal,optimal,optimal,optimal,→ stable,↓ decreasing,→ stable,100.0,✅ EXCELLENT,False,NONE,3.4,0.0,NONE
1779701478.917,80.9,89.5,31.9,1521.0,44.7,13.75,31.8,32.0,31.9,32.3,optimal,optimal,optimal,optimal,optimal,optimal,→ stable,↓ decreasing,→ stable,100.0,✅ EXCELLENT,False,NONE,3.6,0.1,NONE
1779701479.918,78.7,90.4,31.7,1544.0,44.6,13.85,32.0,32.3,32.4,31.7,optimal,optimal,optimal,optimal,optimal,optimal,→ stable,→ stable,→ stable,100.0,✅ EXCELLENT,False,NONE,3.7,0.0,NONE
1779701480.919,79.0,89.3,31.8,1469.0,44.9,13.77,31.8,32.1,31.8,31.8,optimal,optimal,optimal,optimal,optimal,optimal,→ stable,↓ decreasing,→ stable,100.0,✅ EXCELLENT,False,NONE,3.6,0.2,NONE
1779701481.92,82.3,90.5,31.8,1547.0,45.0,13.81,32.3,32.0,31.9,31.8,optimal,optimal,optimal,optimal,optimal,optimal,↑ increasing,→ stable,→ stable,100.0,✅ EXCELLENT,False,NONE,3.8,0.0,NONE
1779701482.921,78.4,89.9,31.9,1478.0,45.3,13.76,31.7,31.7,31.7,32.3,optimal,optimal,optimal,optimal,optimal,optimal,↑ increasing,→ stable,→ stable,100.0,✅ EXCELLENT,False,NONE,3.5,0.0,NONE
1779701483.921,79.4,91.3,31.9,1513.0,45.4,13.8,32.0,31.8,32.0,32.0,optimal,optimal,optimal,optimal,optimal,optimal,↑ increasing,→ stable,→ stable,100.0,✅ EXCELLENT,False,NONE,3.5,0.0,NONE
1779701484.922,78.5,91.2,32.1,1522.0,45.8,13.76,32.3,32.1,31.9,32.2,optimal,optimal,optimal,optimal,optimal,optimal,↑ increasing,→ stable,→ stable,100.0,✅ EXCELLENT,False,NONE,3.3,0.0,NONE
1779701485.923,82.1,88.7,32.4,1526.0,45.0,13.77,31.7,32.3,32.0,32.4,optimal,optimal,optimal,optimal,optimal,optimal,→ stable,→ stable,→ stable,100.0,✅ EXCELLENT,False,NONE,3.0,0.8,NONE
1779701486.923,77.7,90.3,32.0,1495.0,45.3,13.84,31.8,31.7,32.3,31.9,optimal,optimal,optimal,optimal,optimal,optimal,→ stable,→ stable,→ stable,100.0,✅ EXCELLENT,False,NONE,3.3,0.0,NONE
1779701487.925,81.6,89.4,31.9,1492.0,45.3,13.8,31.9,32.0,32.2,32.0,optimal,optimal,optimal,optimal,optimal,optimal,→ stable,→ stable,→ stable,100.0,✅ EXCELLENT,False,NONE,3.6,0.2,NONE
1779701488.925,79.2,89.4,32.2,1531.0,44.4,13.8,31.8,31.7,31.9,32.3,optimal,optimal,optimal,optimal,optimal,optimal,→ stable,→ stable,→ stable,100.0,✅ EXCELLENT,False,NONE,3.2,0.2,NONE
1779701489.926,78.8,89.7,32.1,1506.0,44.9,13.81,31.9,31.9,32.2,32.3,optimal,optimal,optimal,optimal,optimal,optimal,→ stable,→ stable,→ stable,100.0,✅ EXCELLENT,False,NONE,3.3,0.0,NONE
1779701490.926,77.6,90.0,32.2,1515.0,45.1,13.81,32.1,32.3,31.7,31.7,optimal,optimal,optimal,optimal,optimal,optimal,→ stable,→ stable,→ stable,100.0,✅ EXCELLENT,False,NONE,3.1,0.0,NONE
1779701491.927,79.1,89.0,31.8,1530.0,44.0,13.78,31.9,31.9,32.2,32.4,optimal,optimal,optimal,optimal,optimal,optimal,↓ decreasing,→ stable,→ stable,100.0,✅ EXCELLENT,False,NONE,3.6,0.5,NONE
1779701492.928,77.5,90.7,31.9,1528.0,45.7,13.76,31.6,32.4,32.2,31.6,optimal,optimal,optimal,optimal,optimal,optimal,↓ decreasing,→ stable,→ stable,100.0,✅ EXCELLENT,False,NONE,3.4,0.0,NONE
1779701493.928,81.2,90.1,31.7,1455.0,45.5,13.81,31.9,31.7,32.0,32.1,optimal,optimal,optimal,optimal,optimal,optimal,↓ decreasing,→ stable,→ stable,100.0,✅ EXCELLENT,False,NONE,3.8,0.0,NONE
1779701494.928,81.9,90.8,31.9,1508.0,44.5,13.8,31.7,31.7,32.3,31.7,optimal,optimal,optimal,optimal,optimal,optimal,→ stable,→ stable,→ stable,100.0,✅ EXCELLENT,False,NONE,3.6,0.0,NONE
1779701495.929,81.8,90.7,31.8,1460.0,45.1,13.79,32.1,31.9,32.3,32.0,optimal,optimal,optimal,optimal,optimal,optimal,→ stable,→ stable,→ stable,100.0,✅ EXCELLENT,False,NONE,3.7,0.0,NONE
1779701496.93,79.6,90.1,31.7,1500.0,44.7,13.8,32.4,31.9,31.7,32.1,optimal,optimal,optimal,optimal,optimal,optimal,→ stable,→ stable,→ stable,100.0,✅ EXCELLENT,False,NONE,3.8,0.0,NONE
1779701497.931,80.9,89.7,31.7,1501.0,45.5,13.81,32.3,32.3,31.8,31.7,optimal,optimal,optimal,optimal,optimal,optimal,→ stable,→ stable,→ stable,100.0,✅ EXCELLENT,False,NONE,3.8,0.0,NONE
1779701498.932,82.3,90.5,31.8,1510.0,44.8,13.83,31.6,31.8,31.9,32.1,optimal,optimal,optimal,optimal,optimal,optimal,→ stable,→ stable,→ stable,100.0,✅ EXCELLENT,False,NONE,3.8,0.0,NONE
1779701499.932,77.4,88.7,32.3,1510.0,45.9,13.82,32.3,32.0,32.0,32.3,optimal,optimal,optimal,optimal,optimal,optimal,→ stable,→ stable,→ stable,100.0,✅ EXCELLENT,False,NONE,3.0,0.8,NONE
1779701500.932,81.2,90.4,31.8,1508.0,44.5,13.78,32.1,32.3,32.4,32.3,optimal,optimal,optimal,optimal,optimal,optimal,↑ increasing,→ stable,→ stable,100.0,✅ EXCELLENT,False,NONE,3.7,0.0,NONE
1779701501.932,82.7,90.3,31.7,1510.0,45.3,13.79,32.0,32.1,32.2,31.9,optimal,optimal,optimal,optimal,optimal,optimal,↑ increasing,→ stable,→ stable,100.0,✅ EXCELLENT,False,NONE,3.9,0.0,NONE
1779701502.934,80.2,89.0,31.8,1539.0,45.6,13.8,32.1,32.1,32.2,31.9,optimal,optimal,optimal,optimal,optimal,optimal,↑ increasing,→ stable,→ stable,100.0,✅ EXCELLENT,False,NONE,3.7,0.5,NONE
1779701503.935,79.3,89.6,31.8,1509.0,44.5,13.82,31.9,32.2,32.0,31.9,optimal,optimal,optimal,optimal,optimal,optimal,↑ increasing,→ stable,→ stable,100.0,✅ EXCELLENT,False,NONE,3.6,0.1,NONE
1779701504.937,79.6,89.8,31.8,1484.0,44.8,13.8,32.3,31.6,32.4,31.7,optimal,optimal,optimal,optimal,optimal,optimal,↑ increasing,→ stable,→ stable,100.0,✅ EXCELLENT,False,NONE,3.6,0.0,NONE
1779701505.937,80.9,91.2,32.3,1459.0,45.7,13.78,31.8,32.0,32.4,31.8,optimal,optimal,optimal,optimal,optimal,optimal,↑ increasing,→ stable,→ stable,100.0,✅ EXCELLENT,False,NONE,3.1,0.0,NONE
1779701506.938,80.4,90.0,31.9,1459.0,45.6,13.84,32.1,31.9,32.1,32.2,optimal,optimal,optimal,optimal,optimal,optimal,↑ increasing,→ stable,→ stable,100.0,✅ EXCELLENT,False,NONE,3.6,0.0,NONE
1779701507.94,78.4,90.3,32.0,1494.0,45.6,13.8,32.1,31.7,31.9,31.7,optimal,optimal,optimal,optimal,optimal,optimal,→ stable,→ stable,→ stable,100.0,✅ EXCELLENT,False,NONE,3.4,0.0,NONE
1779701508.942,81.5,89.8,32.2,1499.0,44.5,13.79,32.1,32.1,32.0,31.6,optimal,optimal,optimal,optimal,optimal,optimal,→ stable,→ stable,→ stable,100.0,✅ EXCELLENT,False,NONE,3.3,0.0,NONE
1779701509.943,82.8,90.8,32.4,1491.0,44.3,13.83,32.3,31.7,32.1,31.8,optimal,optimal,optimal,optimal,optimal,optimal,↑ increasing,→ stable,→ stable,100.0,✅ EXCELLENT,False,NONE,3.1,0.0,NONE
1779701510.944,77.5,91.2,32.2,1451.0,44.5,13.8,31.8,31.9,32.0,31.7,optimal,optimal,optimal,optimal,optimal,optimal,→ stable,→ stable,→ stable,100.0,✅ EXCELLENT,False,NONE,3.1,0.0,NONE
1779701511.945,81.6,88.9,31.8,1485.0,45.4,13.76,31.8,32.1,32.2,31.7,optimal,optimal,optimal,optimal,optimal,optimal,→ stable,→ stable,→ stable,100.0,✅ EXCELLENT,False,NONE,3.7,0.6,NONE
1779701512.946,82.4,89.2,31.8,1458.0,44.5,13.84,31.8,32.0,31.8,31.8,optimal,optimal,optimal,optimal,optimal,optimal,→ stable,→ stable,→ stable,100.0,✅ EXCELLENT,False,NONE,3.8,0.3,NONE
1779701513.946,81.3,90.9,31.9,1500.0,44.5,13.8,31.8,31.8,32.2,31.7,optimal,optimal,optimal,optimal,optimal,optimal,→ stable,→ stable,→ stable,100.0,✅ EXCELLENT,False,NONE,3.6,0.0,NONE
1779701514.947,82.3,90.0,32.3,1477.0,45.7,13.84,31.9,31.9,32.2,32.0,optimal,optimal,optimal,optimal,optimal,optimal,→ stable,→ stable,→ stable,100.0,✅ EXCELLENT,False,NONE,3.2,0.0,NONE
1779701515.948,81.6,88.6,32.2,1495.0,45.5,13.79,31.9,32.2,31.9,32.3,optimal,optimal,optimal,optimal,optimal,optimal,↑ increasing,→ stable,→ stable,100.0,✅ EXCELLENT,False,NONE,3.3,1.0,NONE
1779701516.949,81.9,90.1,32.1,1506.0,45.8,13.77,32.1,31.8,31.7,32.2,optimal,optimal,optimal,optimal,optimal,optimal,↑ increasing,→ stable,→ stable,100.0,✅ EXCELLENT,False,NONE,3.4,0.0,NONE
1779701517.95,78.6,91.2,32.3,1492.0,44.7,13.76,31.8,32.0,31.8,31.9,optimal,optimal,optimal,optimal,optimal,optimal,↑ increasing,→ stable,→ stable,100.0,✅ EXCELLENT,False,NONE,3.0,0.0,NONE
1779701518.951,81.1,90.8,32.4,1465.0,44.5,13.84,31.7,31.8,32.3,32.0,optimal,optimal,optimal,optimal,optimal,optimal,↑ increasing,→ stable,→ stable,100.0,✅ EXCELLENT,False,NONE,3.0,0.0,NONE
1779701519.952,78.6,90.8,31.9,1467.0,45.5,13.78,31.9,32.2,31.8,31.9,optimal,optimal,optimal,optimal,optimal,optimal,→ stable,→ stable,→ stable,100.0,✅ EXCELLENT,False,NONE,3.5,0.0,NONE
1779701520.953,78.4,90.4,32.0,1538.0,45.2,13.8,32.1,32.3,31.8,31.6,optimal,optimal,optimal,optimal,optimal,optimal,→ stable,→ stable,→ stable,100.0,✅ EXCELLENT,False,NONE,3.4,0.0,NONE
1779701521.954,77.7,89.2,32.2,1525.0,45.0,13.82,31.9,31.9,32.0,31.7,optimal,optimal,optimal,optimal,optimal,optimal,→ stable,→ stable,→ stable,100.0,✅ EXCELLENT,False,NONE,3.1,0.3,NONE
1779701522.955,77.3,90.9,31.8,1454.0,44.3,13.78,31.6,32.2,31.8,32.2,optimal,optimal,optimal,optimal,optimal,optimal,↓ decreasing,→ stable,→ stable,100.0,✅ EXCELLENT,False,NONE,3.5,0.0,NONE
1779701523.955,79.0,89.5,32.3,1523.0,44.3,13.79,32.4,32.2,31.7,31.9,optimal,optimal,optimal,optimal,optimal,optimal,↓ decreasing,→ stable,→ stable,100.0,✅ EXCELLENT,False,NONE,3.0,0.1,NONE
1779701524.955,80.2,90.9,32.2,1496.0,45.8,13.75,31.6,32.1,31.8,31.8,optimal,optimal,optimal,optimal,optimal,optimal,↓ decreasing,→ stable,→ stable,100.0,✅ EXCELLENT,False,NONE,3.2,0.0,NONE
1779701525.956,81.4,89.2,31.7,1452.0,46.0,13.77,31.7,31.9,31.9,32.1,optimal,optimal,optimal,optimal,optimal,optimal,↓ decreasing,→ stable,→ stable,100.0,✅ EXCELLENT,False,NONE,3.8,0.3,NONE
1779701526.957,77.9,91.3,32.1,1531.0,45.0,13.77,31.8,31.8,32.0,32.2,optimal,optimal,optimal,optimal,optimal,optimal,↓ decreasing,→ stable,→ stable,100.0,✅ EXCELLENT,False,NONE,3.2,0.0,NONE
1779701527.959,79.9,89.0,32.3,1493.0,45.5,13.76,31.7,31.9,32.3,32.4,optimal,optimal,optimal,optimal,optimal,optimal,↓ decreasing,→ stable,→ stable,100.0,✅ EXCELLENT,False,NONE,3.1,0.5,NONE
1779701528.959,82.9,89.1,32.1,1531.0,44.8,13.84,32.3,31.7,31.9,32.2,optimal,optimal,optimal,optimal,optimal,optimal,↓ decreasing,→ stable,→ stable,100.0,✅ EXCELLENT,False,NONE,3.4,0.4,NONE
1779701529.96,79.2,90.0,31.8,1531.0,45.6,13.8,31.9,32.2,32.2,32.3,optimal,optimal,optimal,optimal,optimal,optimal,↓ decreasing,→ stable,→ stable,100.0,✅ EXCELLENT,False,NONE,3.6,0.0,NONE
1779701530.96,81.4,90.9,31.9,1515.0,45.1,13.8,32.1,31.8,32.2,32.2,optimal,optimal,optimal,optimal,optimal,optimal,↓ decreasing,→ stable,→ stable,100.0,✅ EXCELLENT,False,NONE,3.6,0.0,NONE
1779701531.961,81.9,89.5,31.9,1516.0,45.7,13.76,32.0,31.8,31.9,31.7,optimal,optimal,optimal,optimal,optimal,optimal,→ stable,→ stable,→ stable,100.0,✅ EXCELLENT,False,NONE,3.6,0.1,NONE
1779701532.963,80.1,90.6,32.1,1513.0,45.6,13.76,32.3,32.3,31.7,31.8,optimal,optimal,optimal,optimal,optimal,optimal,↑ increasing,→ stable,→ stable,100.0,✅ EXCELLENT,False,NONE,3.3,0.0,NONE
1779701533.964,80.6,90.7,31.6,1487.0,45.9,13.82,32.2,32.1,32.1,32.0,optimal,optimal,optimal,optimal,optimal,optimal,↑ increasing,→ stable,→ stable,100.0,✅ EXCELLENT,False,NONE,3.9,0.0,NONE
1779701534.965,78.5,89.9,32.3,1477.0,45.4,13.76,31.8,31.6,31.7,32.0,optimal,optimal,optimal,optimal,optimal,optimal,↑ increasing,→ stable,→ stable,100.0,✅ EXCELLENT,False,NONE,3.0,0.0,NONE
1779701535.966,79.7,89.3,31.9,1453.0,45.1,13.75,32.1,31.8,31.7,31.8,optimal,optimal,optimal,optimal,optimal,optimal,↑ increasing,→ stable,→ stable,100.0,✅ EXCELLENT,False,NONE,3.5,0.2,NONE
1779701536.967,80.1,88.7,32.2,1535.0,45.6,13.79,32.3,32.2,31.8,32.3,optimal,optimal,optimal,optimal,optimal,optimal,↑ increasing,↓ decreasing,→ stable,100.0,✅ EXCELLENT,False,NONE,3.2,0.8,NONE
1779701537.967,79.5,89.9,31.8,1479.0,45.3,13.84,31.8,32.0,32.1,31.7,optimal,optimal,optimal,optimal,optimal,optimal,↑ increasing,→ stable,→ stable,100.0,✅ EXCELLENT,False,NONE,3.6,0.0,NONE
1779701538.968,79.6,88.9,31.9,1539.0,45.9,13.83,32.4,31.6,31.7,31.9,optimal,optimal,optimal,optimal,optimal,optimal,↑ increasing,→ stable,→ stable,100.0,✅ EXCELLENT,False,NONE,3.5,0.6,NONE
1779701539.969,78.8,90.3,31.9,1456.0,44.2,13.79,32.0,32.3,32.2,31.6,optimal,optimal,optimal,optimal,optimal,optimal,↑ increasing,→ stable,→ stable,100.0,✅ EXCELLENT,False,NONE,3.5,0.0,NONE
1779701540.97,80.9,88.9,31.8,1454.0,44.8,13.81,32.0,32.1,32.0,32.4,optimal,optimal,optimal,optimal,optimal,optimal,→ stable,→ stable,→ stable,100.0,✅ EXCELLENT,False,NONE,3.7,0.6,NONE
1779701541.971,79.7,89.4,32.1,1478.0,44.0,13.82,32.0,32.1,31.7,31.7,optimal,optimal,optimal,optimal,optimal,optimal,→ stable,→ stable,→ stable,100.0,✅ EXCELLENT,False,NONE,3.3,0.2,NONE
1779701542.971,77.2,90.1,32.1,1496.0,44.7,13.77,31.7,32.1,32.1,32.2,optimal,optimal,optimal,optimal,optimal,optimal,↓ decreasing,→ stable,→ stable,100.0,✅ EXCELLENT,False,NONE,3.2,0.0,NONE
1779701543.973,78.7,89.5,32.1,1473.0,45.6,13.79,32.0,32.2,31.8,31.8,optimal,optimal,optimal,optimal,optimal,optimal,↓ decreasing,↓ decreasing,→ stable,100.0,✅ EXCELLENT,False,NONE,3.3,0.1,NONE
1779701544.974,82.1,90.8,32.0,1502.0,44.7,13.85,31.9,32.4,31.6,32.4,optimal,optimal,optimal,optimal,optimal,optimal,↓ decreasing,→ stable,→ stable,100.0,✅ EXCELLENT,False,NONE,3.5,0.0,NONE
1779701545.975,82.2,90.5,31.9,1451.0,45.6,13.82,32.0,32.2,32.1,31.9,optimal,optimal,optimal,optimal,optimal,optimal,→ stable,→ stable,→ stable,100.0,✅ EXCELLENT,False,NONE,3.6,0.0,NONE
1779701546.976,80.5,90.7,32.1,1536.0,45.5,13.78,32.2,32.2,31.9,32.1,optimal,optimal,optimal,optimal,optimal,optimal,↓ decreasing,→ stable,→ stable,100.0,✅ EXCELLENT,False,NONE,3.3,0.0,NONE
1779701547.977,77.7,89.6,31.8,1494.0,44.6,13.75,31.7,31.7,31.9,31.7,optimal,optimal,optimal,optimal,optimal,optimal,↓ decreasing,→ stable,→ stable,100.0,✅ EXCELLENT,False,NONE,3.6,0.1,NONE
1779701548.977,78.8,91.1,31.9,1543.0,44.5,13.82,32.1,31.7,32.2,32.1,optimal,optimal,optimal,optimal,optimal,optimal,→ stable,→ stable,→ stable,100.0,✅ EXCELLENT,False,NONE,3.5,0.0,NONE
1779701549.979,78.3,89.5,32.3,1518.0,44.7,13.81,31.6,32.1,31.8,31.7,optimal,optimal,optimal,optimal,optimal,optimal,→ stable,→ stable,→ stable,100.0,✅ EXCELLENT,False,NONE,3.0,0.1,NONE
1779701550.979,78.5,90.5,32.2,1490.0,44.2,13.82,32.3,32.3,31.7,32.3,optimal,optimal,optimal,optimal,optimal,optimal,↓ decreasing,→ stable,→ stable,100.0,✅ EXCELLENT,False,NONE,3.1,0.0,NONE
1779701551.98,81.4,89.0,31.8,1457.0,44.0,13.82,32.2,31.9,31.9,32.1,optimal,optimal,optimal,optimal,optimal,optimal,→ stable,→ stable,→ stable,100.0,✅ EXCELLENT,False,NONE,3.7,0.5,NONE
1779701552.981,80.8,90.6,31.9,1533.0,44.4,13.84,31.7,32.2,31.9,32.4,optimal,optimal,optimal,optimal,optimal,optimal,→ stable,↑ increasing,→ stable,100.0,✅ EXCELLENT,False,NONE,3.6,0.0,NONE
1779701553.982,77.8,90.0,32.1,1531.0,45.7,13.79,32.1,32.4,31.8,31.8,optimal,optimal,optimal,optimal,optimal,optimal,↑ increasing,↑ increasing,→ stable,100.0,✅ EXCELLENT,False,NONE,3.2,0.0,NONE
1779701554.982,78.4,89.0,31.8,1518.0,44.5,13.83,32.0,32.0,32.0,32.1,optimal,optimal,optimal,optimal,optimal,optimal,→ stable,→ stable,→ stable,100.0,✅ EXCELLENT,False,NONE,3.6,0.5,NONE
1779701555.983,81.3,91.3,32.4,1455.0,44.2,13.84,31.7,32.0,32.0,31.8,optimal,optimal,optimal,optimal,optimal,optimal,↓ decreasing,→ stable,→ stable,100.0,✅ EXCELLENT,False,NONE,3.0,0.0,NONE
1779701556.983,78.0,90.9,31.8,1490.0,44.2,13.78,32.0,31.8,31.9,31.9,optimal,optimal,optimal,optimal,optimal,optimal,↓ decreasing,→ stable,→ stable,100.0,✅ EXCELLENT,False,NONE,3.6,0.0,NONE
1779701557.983,79.4,91.3,32.1,1492.0,44.0,13.79,32.2,31.7,32.3,32.1,optimal,optimal,optimal,optimal,optimal,optimal,→ stable,→ stable,→ stable,100.0,✅ EXCELLENT,False,NONE,3.3,0.0,NONE
1779701558.984,79.4,90.9,31.9,1536.0,45.2,13.77,32.0,32.3,31.8,32.4,optimal,optimal,optimal,optimal,optimal,optimal,→ stable,→ stable,→ stable,100.0,✅ EXCELLENT,False,NONE,3.5,0.0,NONE
1779701559.985,77.2,90.3,31.8,1541.0,45.7,13.76,32.2,32.1,32.4,32.2,optimal,optimal,optimal,optimal,optimal,optimal,→ stable,→ stable,→ stable,100.0,✅ EXCELLENT,False,NONE,3.5,0.0,NONE
1779701560.985,82.0,89.7,32.0,1534.0,44.9,13.83,32.0,32.2,31.9,31.8,optimal,optimal,optimal,optimal,optimal,optimal,→ stable,→ stable,→ stable,100.0,✅ EXCELLENT,False,NONE,3.5,0.0,NONE
1779701561.986,81.6,89.7,32.1,1501.0,44.7,13.78,32.1,32.2,31.7,32.1,optimal,optimal,optimal,optimal,optimal,optimal,→ stable,→ stable,→ stable,100.0,✅ EXCELLENT,False,NONE,3.4,0.0,NONE
1779701562.986,77.2,91.5,32.0,1457.0,45.6,13.75,32.1,31.8,32.2,31.8,optimal,optimal,optimal,optimal,optimal,optimal,↓ decreasing,→ stable,→ stable,100.0,✅ EXCELLENT,False,NONE,3.3,0.0,NONE
1779701563.988,78.2,91.2,32.0,1459.0,44.2,13.77,31.9,31.7,31.9,32.1,optimal,optimal,optimal,optimal,optimal,optimal,↓ decreasing,→ stable,→ stable,100.0,✅ EXCELLENT,False,NONE,3.4,0.0,NONE
1779701564.989,81.9,88.6,32.0,1529.0,45.2,13.84,31.6,32.1,31.8,31.6,optimal,optimal,optimal,optimal,optimal,optimal,→ stable,→ stable,→ stable,100.0,✅ EXCELLENT,False,NONE,3.5,1.0,NONE
1779701565.99,79.2,91.1,32.4,1497.0,45.2,13.85,31.9,32.4,31.8,31.9,optimal,optimal,optimal,optimal,optimal,optimal,→ stable,→ stable,→ stable,100.0,✅ EXCELLENT,False,NONE,2.9,0.0,NONE
1779701566.991,79.7,89.8,31.7,1482.0,45.0,13.84,31.9,32.2,32.4,31.9,optimal,optimal,optimal,optimal,optimal,optimal,→ stable,→ stable,→ stable,100.0,✅ EXCELLENT,False,NONE,3.8,0.0,NONE
1779701567.992,81.3,89.1,32.3,1518.0,44.6,13.78,31.6,32.0,32.0,31.7,optimal,optimal,optimal,optimal,optimal,optimal,→ stable,→ stable,→ stable,100.0,✅ EXCELLENT,False,NONE,3.1,0.4,NONE
1779701568.993,79.8,91.5,31.7,1451.0,45.5,13.81,32.3,32.2,31.8,31.7,optimal,optimal,optimal,optimal,optimal,optimal,→ stable,→ stable,→ stable,100.0,✅ EXCELLENT,False,NONE,3.8,0.0,NONE
1779701569.994,78.1,89.0,32.1,1532.0,46.0,13.78,32.3,32.3,32.1,32.2,optimal,optimal,optimal,optimal,optimal,optimal,↑ increasing,→ stable,→ stable,100.0,✅ EXCELLENT,False,NONE,3.2,0.5,NONE
1779701570.995,81.6,89.4,31.7,1485.0,45.0,13.82,31.9,32.2,32.1,32.0,optimal,optimal,optimal,optimal,optimal,optimal,→ stable,→ stable,→ stable,100.0,✅ EXCELLENT,False,NONE,3.8,0.2,NONE
1779701571.996,80.0,89.2,32.3,1490.0,45.7,13.78,31.9,32.3,31.7,31.7,optimal,optimal,optimal,optimal,optimal,optimal,→ stable,→ stable,→ stable,100.0,✅ EXCELLENT,False,NONE,3.1,0.3,NONE
1779701572.997,78.6,88.6,32.2,1525.0,44.8,13.84,31.8,31.8,32.2,31.8,optimal,optimal,optimal,optimal,optimal,optimal,↑ increasing,↓ decreasing,→ stable,100.0,✅ EXCELLENT,False,NONE,3.1,1.0,NONE
1779701573.997,79.7,91.5,32.2,1549.0,44.1,13.78,31.9,31.6,31.7,32.4,optimal,optimal,optimal,optimal,optimal,optimal,↑ increasing,↓ decreasing,→ stable,100.0,✅ EXCELLENT,False,NONE,3.2,0.0,NONE
1779701574.997,79.8,89.3,32.4,1519.0,45.9,13.78,32.0,31.9,31.7,31.7,optimal,optimal,optimal,optimal,optimal,optimal,→ stable,↓ decreasing,→ stable,100.0,✅ EXCELLENT,False,NONE,3.0,0.2,NONE
1779701575.997,82.9,90.3,32.0,1467.0,45.5,13.82,32.1,31.9,32.4,32.3,optimal,optimal,optimal,optimal,optimal,optimal,↑ increasing,↓ decreasing,→ stable,100.0,✅ EXCELLENT,False,NONE,3.6,0.0,NONE
1779701576.998,80.9,91.2,32.3,1514.0,45.6,13.83,31.7,31.9,32.1,31.7,optimal,optimal,optimal,optimal,optimal,optimal,↑ increasing,→ stable,→ stable,100.0,✅ EXCELLENT,False,NONE,3.1,0.0,NONE
1779701577.998,77.4,89.3,32.2,1473.0,45.8,13.78,32.3,32.2,31.7,32.0,optimal,optimal,optimal,optimal,optimal,optimal,→ stable,→ stable,→ stable,100.0,✅ EXCELLENT,False,NONE,3.1,0.2,NONE
1779701578.998,82.6,90.5,32.1,1520.0,45.4,13.79,32.0,31.7,32.1,31.8,optimal,optimal,optimal,optimal,optimal,optimal,→ stable,→ stable,→ stable,100.0,✅ EXCELLENT,False,NONE,3.4,0.0,NONE
1779701579.998,78.6,90.3,31.9,1517.0,45.9,13.84,32.0,31.9,31.7,31.9,optimal,optimal,optimal,optimal,optimal,optimal,→ stable,→ stable,→ stable,100.0,✅ EXCELLENT,False,NONE,3.5,0.0,NONE
1779701580.999,78.1,88.9,32.1,1511.0,44.8,13.8,32.3,31.9,31.9,31.7,optimal,optimal,optimal,optimal,optimal,optimal,→ stable,→ stable,→ stable,100.0,✅ EXCELLENT,False,NONE,3.2,0.6,NONE
1779701582.0,81.6,88.5,32.3,1511.0,45.3,13.82,31.6,32.4,32.0,31.7,optimal,optimal,optimal,optimal,optimal,optimal,→ stable,→ stable,→ stable,100.0,✅ EXCELLENT,False,NONE,3.1,1.1,NONE
1779701583.001,82.8,91.4,31.6,1473.0,45.2,13.85,31.7,31.7,31.7,31.8,optimal,optimal,optimal,optimal,optimal,optimal,↑ increasing,→ stable,→ stable,100.0,✅ EXCELLENT,False,NONE,4.0,0.0,NONE
1779701584.001,78.9,88.7,31.9,1481.0,44.7,13.79,32.2,31.9,31.8,32.0,optimal,optimal,optimal,optimal,optimal,optimal,→ stable,→ stable,→ stable,100.0,✅ EXCELLENT,False,NONE,3.5,0.8,NONE
1779701585.001,78.8,90.2,31.9,1513.0,46.0,13.8,31.7,32.0,32.0,32.0,optimal,optimal,optimal,optimal,optimal,optimal,→ stable,→ stable,→ stable,100.0,✅ EXCELLENT,False,NONE,3.5,0.0,NONE
1779701586.003,82.6,88.9,31.8,1522.0,44.6,13.75,32.1,31.7,31.9,31.7,optimal,optimal,optimal,optimal,optimal,optimal,→ stable,→ stable,→ stable,100.0,✅ EXCELLENT,False,NONE,3.8,0.6,NONE
1779701587.004,77.4,91.3,32.1,1541.0,44.6,13.79,31.7,31.9,31.6,31.9,optimal,optimal,optimal,optimal,optimal,optimal,→ stable,→ stable,→ stable,100.0,✅ EXCELLENT,False,NONE,3.2,0.0,NONE
1779701588.005,81.5,90.7,31.9,1450.0,44.0,13.82,31.8,32.4,31.9,32.2,optimal,optimal,optimal,optimal,optimal,optimal,→ stable,→ stable,→ stable,100.0,✅ EXCELLENT,False,NONE,3.6,0.0,NONE
1779701589.006,82.7,88.5,31.8,1500.0,44.6,13.78,32.3,32.0,32.0,32.2,optimal,optimal,optimal,optimal,optimal,optimal,→ stable,→ stable,→ stable,100.0,✅ EXCELLENT,False,NONE,3.8,1.1,NONE
1779701590.007,80.5,91.1,32.1,1525.0,44.3,13.78,32.4,32.4,32.0,31.7,optimal,optimal,optimal,optimal,optimal,optimal,→ stable,→ stable,→ stable,100.0,✅ EXCELLENT,False,NONE,3.3,0.0,NONE
1779701591.008,78.2,89.2,32.1,1456.0,45.7,13.79,31.6,31.8,31.8,32.2,optimal,optimal,optimal,optimal,optimal,optimal,↑ increasing,→ stable,→ stable,100.0,✅ EXCELLENT,False,NONE,3.2,0.3,NONE
1779701592.009,78.1,91.1,31.9,1475.0,46.0,13.78,31.7,32.2,31.6,32.2,optimal,optimal,optimal,optimal,optimal,optimal,→ stable,→ stable,→ stable,100.0,✅ EXCELLENT,False,NONE,3.5,0.0,NONE
1779701593.01,80.6,90.3,32.0,1517.0,45.5,13.85,32.0,31.9,31.8,32.3,optimal,optimal,optimal,optimal,optimal,optimal,↓ decreasing,→ stable,→ stable,100.0,✅ EXCELLENT,False,NONE,3.5,0.0,NONE
1779701594.01,80.9,88.9,32.2,1511.0,44.1,13.76,32.1,32.3,31.8,32.2,optimal,optimal,optimal,optimal,optimal,optimal,→ stable,→ stable,→ stable,100.0,✅ EXCELLENT,False,NONE,3.2,0.6,NONE
1779701595.011,81.4,90.2,31.6,1498.0,45.9,13.76,32.1,32.3,32.3,32.3,optimal,optimal,optimal,optimal,optimal,optimal,→ stable,→ stable,→ stable,100.0,✅ EXCELLENT,False,NONE,4.0,0.0,NONE
1779701596.012,79.5,90.8,32.3,1507.0,45.3,13.76,32.2,32.3,31.9,32.1,optimal,optimal,optimal,optimal,optimal,optimal,→ stable,→ stable,→ stable,100.0,✅ EXCELLENT,False,NONE,3.1,0.0,NONE
1779701597.013,80.2,88.7,32.2,1537.0,45.5,13.8,31.9,31.8,32.2,32.0,optimal,optimal,optimal,optimal,optimal,optimal,→ stable,→ stable,→ stable,100.0,✅ EXCELLENT,False,NONE,3.2,0.8,NONE
1779701598.013,81.0,91.2,32.3,1529.0,45.8,13.83,31.6,32.3,32.0,32.4,optimal,optimal,optimal,optimal,optimal,optimal,→ stable,→ stable,→ stable,100.0,✅ EXCELLENT,False,NONE,3.1,0.0,NONE
1779701599.014,81.4,88.8,32.4,1516.0,44.5,13.77,32.1,32.1,32.2,31.8,optimal,optimal,optimal,optimal,optimal,optimal,→ stable,→ stable,→ stable,100.0,✅ EXCELLENT,False,NONE,3.0,0.7,NONE
1779701600.015,79.3,89.1,32.4,1520.0,44.3,13.76,31.7,32.3,32.1,31.6,optimal,optimal,optimal,optimal,optimal,optimal,→ stable,→ stable,→ stable,100.0,✅ EXCELLENT,False,NONE,2.9,0.4,NONE
1779701601.016,81.4,89.3,31.8,1473.0,45.0,13.85,31.9,31.9,31.7,32.3,optimal,optimal,optimal,optimal,optimal,optimal,→ stable,→ stable,→ stable,100.0,✅ EXCELLENT,False,NONE,3.7,0.2,NONE
1779701602.017,80.0,89.4,32.0,1477.0,44.7,13.76,32.3,32.2,32.3,32.2,optimal,optimal,optimal,optimal,optimal,optimal,→ stable,→ stable,→ stable,100.0,✅ EXCELLENT,False,NONE,3.4,0.2,NONE
1779701603.018,82.3,90.4,32.2,1463.0,44.4,13.8,32.2,31.9,32.0,31.7,optimal,optimal,optimal,optimal,optimal,optimal,↑ increasing,→ stable,→ stable,100.0,✅ EXCELLENT,False,NONE,3.3,0.0,NONE
1779701604.02,81.7,90.3,32.4,1511.0,45.5,13.84,31.6,31.9,32.1,32.4,optimal,optimal,optimal,optimal,optimal,optimal,↑ increasing,→ stable,→ stable,100.0,✅ EXCELLENT,False,NONE,3.0,0.0,NONE
1779701605.02,79.6,89.8,32.0,1479.0,44.8,13.84,32.4,31.6,31.6,31.9,optimal,optimal,optimal,optimal,optimal,optimal,→ stable,→ stable,→ stable,100.0,✅ EXCELLENT,False,NONE,3.4,0.0,NONE
1779701606.021,81.1,89.3,32.0,1532.0,45.5,13.8,32.3,31.8,31.8,32.3,optimal,optimal,optimal,optimal,optimal,optimal,↑ increasing,↓ decreasing,→ stable,100.0,✅ EXCELLENT,False,NONE,3.5,0.2,NONE
1779701607.022,78.3,90.1,32.0,1531.0,45.8,13.83,32.3,32.0,32.3,31.9,optimal,optimal,optimal,optimal,optimal,optimal,→ stable,→ stable,→ stable,100.0,✅ EXCELLENT,False,NONE,3.4,0.0,NONE
1779701608.024,78.6,90.8,32.1,1532.0,45.0,13.81,31.8,31.8,31.7,32.2,optimal,optimal,optimal,optimal,optimal,optimal,→ stable,→ stable,→ stable,100.0,✅ EXCELLENT,False,NONE,3.3,0.0,NONE
1779701609.024,77.3,90.4,32.0,1515.0,44.2,13.8,31.9,31.7,31.7,31.7,optimal,optimal,optimal,optimal,optimal,optimal,→ stable,→ stable,→ stable,100.0,✅ EXCELLENT,False,NONE,3.3,0.0,NONE
1779701610.026,77.8,91.3,31.6,1531.0,45.4,13.77,31.7,31.9,32.2,32.3,optimal,optimal,optimal,optimal,optimal,optimal,→ stable,→ stable,→ stable,100.0,✅ EXCELLENT,False,NONE,3.8,0.0,NONE
1779701611.026,81.2,90.9,32.2,1451.0,45.3,13.81,31.8,32.0,31.6,32.1,optimal,optimal,optimal,optimal,optimal,optimal,↓ decreasing,→ stable,→ stable,100.0,✅ EXCELLENT,False,NONE,3.2,0.0,NONE
1779701612.027,81.8,89.6,31.7,1533.0,46.0,13.82,31.9,31.9,32.4,31.6,optimal,optimal,optimal,optimal,optimal,optimal,↓ decreasing,↑ increasing,→ stable,100.0,✅ EXCELLENT,False,NONE,3.9,0.1,NONE
1779701613.028,77.4,91.0,32.3,1536.0,44.1,13.79,32.0,32.0,31.9,32.3,optimal,optimal,optimal,optimal,optimal,optimal,↓ decreasing,↑ increasing,→ stable,100.0,✅ EXCELLENT,False,NONE,3.0,0.0,NONE
1779701614.029,77.7,91.2,32.0,1487.0,44.4,13.78,31.6,32.1,32.0,32.3,optimal,optimal,optimal,optimal,optimal,optimal,↓ decreasing,↑ increasing,→ stable,100.0,✅ EXCELLENT,False,NONE,3.3,0.0,NONE
1779701615.03,82.0,88.9,31.6,1487.0,44.3,13.79,32.3,31.6,32.2,31.7,optimal,optimal,optimal,optimal,optimal,optimal,↓ decreasing,↑ increasing,→ stable,100.0,✅ EXCELLENT,False,NONE,4.0,0.6,NONE
1779701616.031,81.4,90.5,31.7,1479.0,45.0,13.8,31.8,32.0,32.3,31.8,optimal,optimal,optimal,optimal,optimal,optimal,↓ decreasing,↑ increasing,→ stable,100.0,✅ EXCELLENT,False,NONE,3.8,0.0,NONE
1779701617.031,78.4,90.4,31.9,1543.0,45.6,13.78,31.8,31.6,32.0,32.1,optimal,optimal,optimal,optimal,optimal,optimal,↓ decreasing,↑ increasing,→ stable,100.0,✅ EXCELLENT,False,NONE,3.5,0.0,NONE
1779701618.032,78.9,88.7,32.4,1497.0,45.4,13.77,32.2,31.7,32.0,31.8,optimal,optimal,optimal,optimal,optimal,optimal,↓ decreasing,↑ increasing,→ stable,100.0,✅ EXCELLENT,False,NONE,2.9,0.8,NONE
1779701619.033,78.5,90.0,32.2,1517.0,44.2,13.78,32.1,31.9,32.0,31.9,optimal,optimal,optimal,optimal,optimal,optimal,→ stable,→ stable,→ stable,100.0,✅ EXCELLENT,False,NONE,3.1,0.0,NONE
1779701620.034,82.3,89.8,32.3,1512.0,45.6,13.77,32.0,31.6,32.0,32.0,optimal,optimal,optimal,optimal,optimal,optimal,→ stable,→ stable,→ stable,100.0,✅ EXCELLENT,False,NONE,3.2,0.0,NONE
1779701621.035,77.8,91.1,31.9,1523.0,45.4,13.84,32.4,32.2,31.6,31.6,optimal,optimal,optimal,optimal,optimal,optimal,→ stable,→ stable,→ stable,100.0,✅ EXCELLENT,False,NONE,3.4,0.0,NONE
1779701622.036,79.0,89.6,32.3,1496.0,44.9,13.84,32.3,32.3,31.8,31.6,optimal,optimal,optimal,optimal,optimal,optimal,↓ decreasing,→ stable,→ stable,100.0,✅ EXCELLENT,False,NONE,3.0,0.1,NONE
1779701623.036,77.6,90.2,31.7,1477.0,45.3,13.82,32.1,31.7,31.9,32.3,optimal,optimal,optimal,optimal,optimal,optimal,→ stable,→ stable,→ stable,100.0,✅ EXCELLENT,False,NONE,3.7,0.0,NONE
1779701624.036,80.0,90.5,32.0,1549.0,44.7,13.78,32.0,32.1,31.7,31.7,optimal,optimal,optimal,optimal,optimal,optimal,↑ increasing,→ stable,→ stable,100.0,✅ EXCELLENT,False,NONE,3.4,0.0,NONE
1779701625.037,80.9,88.9,31.7,1456.0,44.1,13.79,32.2,32.0,31.9,31.8,optimal,optimal,optimal,optimal,optimal,optimal,→ stable,→ stable,→ stable,100.0,✅ EXCELLENT,False,NONE,3.8,0.6,NONE
1779701626.038,82.4,88.9,32.0,1491.0,45.8,13.8,32.0,32.3,32.4,32.0,optimal,optimal,optimal,optimal,optimal,optimal,→ stable,↓ decreasing,→ stable,100.0,✅ EXCELLENT,False,NONE,3.5,0.6,NONE
1779701627.039,82.6,91.1,32.0,1488.0,45.6,13.85,32.1,32.0,31.8,32.0,optimal,optimal,optimal,optimal,optimal,optimal,↑ increasing,↓ decreasing,→ stable,100.0,✅ EXCELLENT,False,NONE,3.5,0.0,NONE
1779701628.04,78.4,89.3,32.2,1455.0,45.5,13.84,32.0,32.2,31.9,32.4,optimal,optimal,optimal,optimal,optimal,optimal,↑ increasing,→ stable,→ stable,100.0,✅ EXCELLENT,False,NONE,3.1,0.2,NONE
1779701629.041,80.2,90.7,31.7,1546.0,44.2,13.78,31.7,31.9,31.9,31.9,optimal,optimal,optimal,optimal,optimal,optimal,↑ increasing,→ stable,→ stable,100.0,✅ EXCELLENT,False,NONE,3.8,0.0,NONE
1779701630.041,80.5,91.5,31.7,1494.0,45.2,13.78,32.1,32.2,31.6,32.2,optimal,optimal,optimal,optimal,optimal,optimal,→ stable,→ stable,→ stable,100.0,✅ EXCELLENT,False,NONE,3.8,0.0,NONE
1779701631.042,82.7,89.6,32.0,1506.0,45.3,13.83,31.9,32.1,31.6,32.2,optimal,optimal,optimal,optimal,optimal,optimal,↑ increasing,→ stable,→ stable,100.0,✅ EXCELLENT,False,NONE,3.5,0.1,NONE
1779701632.043,81.4,90.0,31.9,1464.0,45.9,13.8,32.4,31.9,31.8,32.3,optimal,optimal,optimal,optimal,optimal,optimal,↑ increasing,→ stable,→ stable,100.0,✅ EXCELLENT,False,NONE,3.6,0.0,NONE
1779701633.044,77.2,89.4,32.0,1488.0,44.2,13.85,32.1,31.7,31.7,32.1,optimal,optimal,optimal,optimal,optimal,optimal,↑ increasing,→ stable,→ stable,100.0,✅ EXCELLENT,False,NONE,3.3,0.2,NONE
1779701634.045,82.5,89.2,31.7,1549.0,44.0,13.79,32.3,32.2,32.1,32.0,optimal,optimal,optimal,optimal,optimal,optimal,↑ increasing,→ stable,→ stable,100.0,✅ EXCELLENT,False,NONE,3.9,0.3,NONE
1779701635.045,82.5,91.4,32.0,1527.0,45.0,13.84,32.0,31.7,32.0,32.3,optimal,optimal,optimal,optimal,optimal,optimal,↑ increasing,→ stable,→ stable,100.0,✅ EXCELLENT,False,NONE,3.5,0.0,NONE
1779701636.046,82.1,90.3,32.2,1483.0,45.9,13.84,32.2,32.2,32.3,31.8,optimal,optimal,optimal,optimal,optimal,optimal,↑ increasing,→ stable,→ stable,100.0,✅ EXCELLENT,False,NONE,3.3,0.0,NONE
1779701637.046,77.6,89.0,32.3,1456.0,45.4,13.8,32.3,32.2,31.7,31.9,optimal,optimal,optimal,optimal,optimal,optimal,↑ increasing,→ stable,→ stable,100.0,✅ EXCELLENT,False,NONE,3.0,0.5,NONE
1779701638.046,78.4,89.0,31.7,1521.0,44.1,13.75,32.1,31.7,31.8,32.0,optimal,optimal,optimal,optimal,optimal,optimal,↑ increasing,→ stable,→ stable,100.0,✅ EXCELLENT,False,NONE,3.7,0.5,NONE
1779701639.047,77.4,91.0,31.9,1493.0,44.1,13.81,32.3,32.1,31.8,32.1,optimal,optimal,optimal,optimal,optimal,optimal,→ stable,→ stable,→ stable,100.0,✅ EXCELLENT,False,NONE,3.4,0.0,NONE
1779701640.048,82.9,90.3,31.7,1482.0,45.6,13.83,31.7,32.1,32.3,32.0,optimal,optimal,optimal,optimal,optimal,optimal,↑ increasing,→ stable,→ stable,100.0,✅ EXCELLENT,False,NONE,3.9,0.0,NONE
1779701641.048,78.5,89.7,32.3,1506.0,44.2,13.85,32.2,32.0,31.7,32.2,optimal,optimal,optimal,optimal,optimal,optimal,→ stable,→ stable,→ stable,100.0,✅ EXCELLENT,False,NONE,3.0,0.0,NONE
1779701642.049,78.5,89.2,31.6,1516.0,46.0,13.79,32.3,31.7,32.2,31.8,optimal,optimal,optimal,optimal,optimal,optimal,↓ decreasing,→ stable,→ stable,100.0,✅ EXCELLENT,False,NONE,3.8,0.3,NONE
1779701643.05,77.6,89.5,31.9,1531.0,44.8,13.81,32.0,32.3,32.2,32.3,optimal,optimal,optimal,optimal,optimal,optimal,↓ decreasing,→ stable,→ stable,100.0,✅ EXCELLENT,False,NONE,3.4,0.1,NONE
1779701644.05,79.2,89.5,32.3,1508.0,45.4,13.76,31.6,31.9,32.2,32.0,optimal,optimal,optimal,optimal,optimal,optimal,↓ decreasing,→ stable,→ stable,100.0,✅ EXCELLENT,False,NONE,3.1,0.1,NONE
1779701645.051,80.8,91.2,31.7,1549.0,45.8,13.81,31.8,31.9,32.3,32.2,optimal,optimal,optimal,optimal,optimal,optimal,↓ decreasing,→ stable,→ stable,100.0,✅ EXCELLENT,False,NONE,3.8,0.0,NONE
1779701646.052,81.1,89.3,32.2,1503.0,46.0,13.78,31.8,32.4,31.7,31.7,optimal,optimal,optimal,optimal,optimal,optimal,↓ decreasing,→ stable,→ stable,100.0,✅ EXCELLENT,False,NONE,3.2,0.2,NONE
1779701647.053,81.2,91.1,32.0,1496.0,44.3,13.83,32.2,31.8,31.6,32.2,optimal,optimal,optimal,optimal,optimal,optimal,↓ decreasing,→ stable,→ stable,100.0,✅ EXCELLENT,False,NONE,3.5,0.0,NONE
1779701648.053,81.7,89.5,32.1,1470.0,45.3,13.8,31.6,32.3,32.3,32.3,optimal,optimal,optimal,optimal,optimal,optimal,↓ decreasing,→ stable,→ stable,100.0,✅ EXCELLENT,False,NONE,3.4,0.1,NONE
1779701649.054,81.9,90.3,32.2,1528.0,45.0,13.77,32.3,32.1,32.1,31.9,optimal,optimal,optimal,optimal,optimal,optimal,→ stable,→ stable,→ stable,100.0,✅ EXCELLENT,False,NONE,3.3,0.0,NONE
1779701650.055,81.2,91.0,31.6,1484.0,44.6,13.77,32.3,32.0,31.8,31.7,optimal,optimal,optimal,optimal,optimal,optimal,→ stable,→ stable,→ stable,100.0,✅ EXCELLENT,False,NONE,3.9,0.0,NONE
1779701651.056,81.4,89.0,32.0,1468.0,45.7,13.77,31.8,31.8,31.6,31.8,optimal,optimal,optimal,optimal,optimal,optimal,→ stable,→ stable,→ stable,100.0,✅ EXCELLENT,False,NONE,3.5,0.5,NONE
1779701652.057,78.7,90.7,32.0,1513.0,44.9,13.8,31.9,31.9,32.0,32.0,optimal,optimal,optimal,optimal,optimal,optimal,↑ increasing,→ stable,→ stable,100.0,✅ EXCELLENT,False,NONE,3.4,0.0,NONE
1779701653.058,81.1,91.2,32.1,1530.0,44.7,13.82,32.1,31.7,32.0,32.2,optimal,optimal,optimal,optimal,optimal,optimal,↑ increasing,→ stable,→ stable,100.0,✅ EXCELLENT,False,NONE,3.4,0.0,NONE
1779701654.058,79.9,91.1,31.9,1461.0,44.2,13.77,31.6,32.3,31.9,32.2,optimal,optimal,optimal,optimal,optimal,optimal,↑ increasing,↑ increasing,→ stable,100.0,✅ EXCELLENT,False,NONE,3.5,0.0,NONE
1779701655.06,82.9,89.8,31.8,1513.0,44.4,13.85,32.4,31.7,32.2,32.1,optimal,optimal,optimal,optimal,optimal,optimal,↑ increasing,→ stable,→ stable,100.0,✅ EXCELLENT,False,NONE,3.8,0.0,NONE
1779701656.06,77.6,90.9,32.3,1464.0,45.2,13.83,31.6,31.6,31.7,31.9,optimal,optimal,optimal,optimal,optimal,optimal,↑ increasing,↑ increasing,→ stable,100.0,✅ EXCELLENT,False,NONE,3.0,0.0,NONE
1779701657.061,77.4,90.3,32.2,1546.0,44.0,13.76,31.9,32.2,31.9,31.7,optimal,optimal,optimal,optimal,optimal,optimal,↑ increasing,→ stable,→ stable,100.0,✅ EXCELLENT,False,NONE,3.1,0.0,NONE
1779701658.062,80.1,88.5,31.9,1535.0,44.5,13.8,32.4,31.9,31.8,32.3,optimal,optimal,optimal,optimal,optimal,optimal,→ stable,→ stable,→ stable,100.0,✅ EXCELLENT,False,NONE,3.5,1.1,NONE
1779701659.062,80.0,88.8,32.3,1514.0,44.4,13.83,31.7,32.2,31.7,32.2,optimal,optimal,optimal,optimal,optimal,optimal,→ stable,→ stable,→ stable,100.0,✅ EXCELLENT,False,NONE,3.1,0.7,NONE
1779701660.064,82.7,91.0,32.0,1500.0,44.4,13.77,32.1,31.9,32.3,32.0,optimal,optimal,optimal,optimal,optimal,optimal,→ stable,→ stable,→ stable,100.0,✅ EXCELLENT,False,NONE,3.5,0.0,NONE
1779701661.064,82.3,91.0,32.3,1481.0,45.5,13.79,31.9,32.3,32.0,32.3,optimal,optimal,optimal,optimal,optimal,optimal,→ stable,→ stable,→ stable,100.0,✅ EXCELLENT,False,NONE,3.2,0.0,NONE
1779701662.065,81.5,88.8,32.2,1461.0,45.6,13.75,32.2,32.3,32.4,31.8,optimal,optimal,optimal,optimal,optimal,optimal,→ stable,→ stable,→ stable,100.0,✅ EXCELLENT,False,NONE,3.3,0.7,NONE
1779701663.064,79.2,90.0,31.8,1521.0,45.6,13.76,32.0,31.8,32.3,31.8,optimal,optimal,optimal,optimal,optimal,optimal,→ stable,→ stable,→ stable,100.0,✅ EXCELLENT,False,NONE,3.6,0.0,NONE
1779701664.065,77.5,90.5,31.8,1529.0,44.9,13.82,32.2,31.7,32.2,31.6,optimal,optimal,optimal,optimal,optimal,optimal,↓ decreasing,→ stable,→ stable,100.0,✅ EXCELLENT,False,NONE,3.5,0.0,NONE
1779701665.066,78.9,88.7,32.0,1474.0,45.8,13.76,31.7,31.8,32.0,32.0,optimal,optimal,optimal,optimal,optimal,optimal,↓ decreasing,→ stable,→ stable,100.0,✅ EXCELLENT,False,NONE,3.4,0.8,NONE
1779701666.066,77.6,91.3,31.8,1451.0,45.6,13.8,31.9,32.0,32.0,31.6,optimal,optimal,optimal,optimal,optimal,optimal,↓ decreasing,↓ decreasing,→ stable,100.0,✅ EXCELLENT,False,NONE,3.5,0.0,NONE
1779701667.067,81.3,90.1,32.4,1512.0,44.7,13.82,31.9,32.1,31.8,31.6,optimal,optimal,optimal,optimal,optimal,optimal,→ stable,↓ decreasing,→ stable,100.0,✅ EXCELLENT,False,NONE,3.0,0.0,NONE
1779701668.068,77.5,91.1,31.7,1458.0,45.4,13.83,32.1,32.2,32.3,32.1,optimal,optimal,optimal,optimal,optimal,optimal,→ stable,→ stable,→ stable,100.0,✅ EXCELLENT,False,NONE,3.7,0.0,NONE
1779701669.069,81.8,90.5,31.9,1466.0,45.1,13.81,32.3,32.3,31.9,31.9,optimal,optimal,optimal,optimal,optimal,optimal,→ stable,→ stable,→ stable,100.0,✅ EXCELLENT,False,NONE,3.6,0.0,NONE
1779701670.069,79.2,91.3,32.3,1549.0,44.6,13.82,32.1,31.7,32.4,32.0,optimal,optimal,optimal,optimal,optimal,optimal,→ stable,→ stable,→ stable,100.0,✅ EXCELLENT,False,NONE,3.1,0.0,NONE
1779701671.071,78.4,90.9,32.2,1453.0,45.5,13.79,31.9,32.1,32.0,32.1,optimal,optimal,optimal,optimal,optimal,optimal,↓ decreasing,→ stable,→ stable,100.0,✅ EXCELLENT,False,NONE,3.1,0.0,NONE
1779701672.072,80.4,89.7,32.2,1502.0,44.9,13.79,32.0,32.2,31.7,32.1,optimal,optimal,optimal,optimal,optimal,optimal,↓ decreasing,→ stable,→ stable,100.0,✅ EXCELLENT,False,NONE,3.2,0.0,NONE
1779701673.074,82.1,91.1,31.6,1452.0,45.5,13.83,31.8,32.2,32.2,31.7,optimal,optimal,optimal,optimal,optimal,optimal,↓ decreasing,→ stable,→ stable,100.0,✅ EXCELLENT,False,NONE,4.0,0.0,NONE
1779701674.076,78.1,88.9,32.1,1511.0,44.1,13.79,31.7,31.6,32.1,32.4,optimal,optimal,optimal,optimal,optimal,optimal,↓ decreasing,→ stable,→ stable,100.0,✅ EXCELLENT,False,NONE,3.2,0.6,NONE
1779701675.077,79.1,90.3,32.2,1508.0,44.0,13.84,31.8,32.2,32.0,31.7,optimal,optimal,optimal,optimal,optimal,optimal,→ stable,↑ increasing,→ stable,100.0,✅ EXCELLENT,False,NONE,3.2,0.0,NONE
1779701676.078,80.9,89.6,32.2,1457.0,44.1,13.82,31.8,32.1,31.9,31.8,optimal,optimal,optimal,optimal,optimal,optimal,→ stable,→ stable,→ stable,100.0,✅ EXCELLENT,False,NONE,3.2,0.1,NONE
1779701677.078,78.8,90.3,32.1,1506.0,45.9,13.84,32.2,31.7,32.0,32.2,optimal,optimal,optimal,optimal,optimal,optimal,→ stable,→ stable,→ stable,100.0,✅ EXCELLENT,False,NONE,3.3,0.0,NONE
1779701678.079,77.1,91.3,32.2,1475.0,45.7,13.81,32.0,32.1,31.8,32.1,optimal,optimal,optimal,optimal,optimal,optimal,→ stable,→ stable,→ stable,100.0,✅ EXCELLENT,False,NONE,3.1,0.0,NONE
1779701679.079,82.3,91.4,32.2,1508.0,45.5,13.8,32.1,31.8,31.9,31.6,optimal,optimal,optimal,optimal,optimal,optimal,→ stable,→ stable,→ stable,100.0,✅ EXCELLENT,False,NONE,3.3,0.0,NONE
1779701680.08,82.5,89.7,31.9,1494.0,44.8,13.8,32.3,31.7,32.1,31.7,optimal,optimal,optimal,optimal,optimal,optimal,→ stable,→ stable,→ stable,100.0,✅ EXCELLENT,False,NONE,3.7,0.0,NONE
1779701681.08,78.3,89.3,31.8,1509.0,44.0,13.8,32.0,32.3,31.8,31.8,optimal,optimal,optimal,optimal,optimal,optimal,↑ increasing,→ stable,→ stable,100.0,✅ EXCELLENT,False,NONE,3.6,0.2,NONE
1779701682.08,80.5,89.4,32.1,1453.0,45.6,13.81,32.3,31.7,31.8,32.2,optimal,optimal,optimal,optimal,optimal,optimal,↑ increasing,→ stable,→ stable,100.0,✅ EXCELLENT,False,NONE,3.3,0.2,NONE
1779701683.081,78.5,90.8,32.3,1528.0,44.4,13.82,31.8,31.6,31.6,32.4,optimal,optimal,optimal,optimal,optimal,optimal,→ stable,→ stable,→ stable,100.0,✅ EXCELLENT,False,NONE,3.0,0.0,NONE
1779701684.082,82.2,91.5,32.1,1450.0,45.2,13.76,32.1,32.1,32.3,32.1,optimal,optimal,optimal,optimal,optimal,optimal,→ stable,→ stable,→ stable,100.0,✅ EXCELLENT,False,NONE,3.4,0.0,NONE
1779701685.082,81.6,90.7,31.8,1547.0,44.1,13.78,32.2,31.6,32.0,32.2,optimal,optimal,optimal,optimal,optimal,optimal,↑ increasing,→ stable,→ stable,100.0,✅ EXCELLENT,False,NONE,3.7,0.0,NONE
1779701686.083,77.7,89.1,31.7,1548.0,45.3,13.8,32.1,31.8,32.2,31.6,optimal,optimal,optimal,optimal,optimal,optimal,→ stable,→ stable,→ stable,100.0,✅ EXCELLENT,False,NONE,3.7,0.4,NONE
1779701687.084,78.2,89.6,32.1,1507.0,45.5,13.77,32.2,31.6,32.1,32.2,optimal,optimal,optimal,optimal,optimal,optimal,→ stable,→ stable,→ stable,100.0,✅ EXCELLENT,False,NONE,3.2,0.1,NONE
1779701688.085,80.5,89.5,32.3,1519.0,45.5,13.84,32.4,32.2,31.6,31.8,optimal,optimal,optimal,optimal,optimal,optimal,↑ increasing,→ stable,→ stable,100.0,✅ EXCELLENT,False,NONE,3.1,0.1,NONE
1779701689.086,81.7,89.4,32.0,1500.0,45.9,13.79,31.8,32.0,32.2,32.2,optimal,optimal,optimal,optimal,optimal,optimal,↑ increasing,↓ decreasing,→ stable,100.0,✅ EXCELLENT,False,NONE,3.5,0.2,NONE
1779701690.087,81.0,88.8,31.8,1485.0,44.6,13.83,31.6,32.1,32.3,32.1,optimal,optimal,optimal,optimal,optimal,optimal,→ stable,↓ decreasing,→ stable,100.0,✅ EXCELLENT,False,NONE,3.7,0.7,NONE
1779701691.088,81.3,88.5,32.0,1548.0,45.1,13.77,32.2,32.4,31.7,32.4,optimal,optimal,optimal,optimal,optimal,optimal,→ stable,→ stable,→ stable,100.0,✅ EXCELLENT,False,NONE,3.5,1.1,NONE
1779701692.088,77.9,89.5,32.0,1526.0,44.1,13.78,31.6,31.8,31.7,32.0,optimal,optimal,optimal,optimal,optimal,optimal,→ stable,→ stable,→ stable,100.0,✅ EXCELLENT,False,NONE,3.3,0.1,NONE
1779701693.088,79.1,90.0,31.8,1543.0,44.4,13.8,32.3,31.9,31.9,32.4,optimal,optimal,optimal,optimal,optimal,optimal,↑ increasing,→ stable,→ stable,100.0,✅ EXCELLENT,False,NONE,3.6,0.0,NONE
1779701694.089,80.5,88.7,32.0,1465.0,44.8,13.8,32.1,32.2,31.9,32.3,optimal,optimal,optimal,optimal,optimal,optimal,→ stable,↓ decreasing,→ stable,100.0,✅ EXCELLENT,False,NONE,3.5,0.8,NONE
1779701695.089,83.0,89.7,31.9,1533.0,45.5,13.84,32.3,31.7,32.2,32.3,optimal,optimal,optimal,optimal,optimal,optimal,→ stable,↓ decreasing,→ stable,100.0,✅ EXCELLENT,False,NONE,3.7,0.0,NONE
1779701696.091,78.5,91.3,31.6,1547.0,45.9,13.78,32.0,31.8,31.8,31.7,optimal,optimal,optimal,optimal,optimal,optimal,→ stable,↓ decreasing,→ stable,100.0,✅ EXCELLENT,False,NONE,3.8,0.0,NONE
1779701697.092,79.7,89.1,32.0,1483.0,44.3,13.75,31.9,31.7,32.3,31.8,optimal,optimal,optimal,optimal,optimal,optimal,→ stable,↓ decreasing,→ stable,100.0,✅ EXCELLENT,False,NONE,3.4,0.4,NONE
1779701698.093,81.0,90.0,32.1,1466.0,45.3,13.84,31.7,31.9,32.3,32.1,optimal,optimal,optimal,optimal,optimal,optimal,→ stable,↓ decreasing,→ stable,100.0,✅ EXCELLENT,False,NONE,3.4,0.0,NONE
1779701699.093,78.0,88.8,31.7,1452.0,46.0,13.76,32.4,32.1,32.1,32.2,optimal,optimal,optimal,optimal,optimal,optimal,→ stable,→ stable,→ stable,100.0,✅ EXCELLENT,False,NONE,3.7,0.7,NONE
1779701700.094,80.3,89.5,31.6,1453.0,44.9,13.75,32.3,31.8,32.3,32.1,optimal,optimal,optimal,optimal,optimal,optimal,→ stable,→ stable,→ stable,100.0,✅ EXCELLENT,False,NONE,3.9,0.1,NONE
1779701701.094,79.1,91.0,31.6,1464.0,44.1,13.76,32.0,32.1,32.3,31.9,optimal,optimal,optimal,optimal,optimal,optimal,↓ decreasing,→ stable,→ stable,100.0,✅ EXCELLENT,False,NONE,3.8,0.0,NONE
1779701702.096,79.0,89.7,32.1,1513.0,45.2,13.79,31.7,32.0,31.7,31.9,optimal,optimal,optimal,optimal,optimal,optimal,→ stable,→ stable,→ stable,100.0,✅ EXCELLENT,False,NONE,3.3,0.0,NONE
1779701703.097,78.0,91.0,32.0,1498.0,45.1,13.83,31.8,31.8,32.0,32.3,optimal,optimal,optimal,optimal,optimal,optimal,→ stable,→ stable,→ stable,100.0,✅ EXCELLENT,False,NONE,3.3,0.0,NONE
1779701704.097,78.7,91.1,32.1,1488.0,45.5,13.76,32.2,32.0,32.0,31.6,optimal,optimal,optimal,optimal,optimal,optimal,→ stable,↑ increasing,→ stable,100.0,✅ EXCELLENT,False,NONE,3.3,0.0,NONE
1779701705.097,79.2,89.2,32.1,1462.0,44.4,13.84,32.4,32.1,32.1,32.1,optimal,optimal,optimal,optimal,optimal,optimal,↓ decreasing,↑ increasing,→ stable,100.0,✅ EXCELLENT,False,NONE,3.3,0.3,NONE
1779701706.098,79.7,90.7,31.7,1534.0,44.9,13.82,31.6,32.3,32.3,31.9,optimal,optimal,optimal,optimal,optimal,optimal,↓ decreasing,↑ increasing,→ stable,100.0,✅ EXCELLENT,False,NONE,3.8,0.0,NONE
1779701707.103,82.1,90.7,31.8,1478.0,44.6,13.85,31.7,32.0,32.3,32.4,optimal,optimal,optimal,optimal,optimal,optimal,↓ decreasing,↑ increasing,→ stable,100.0,✅ EXCELLENT,False,NONE,3.8,0.0,NONE
1779701708.104,82.7,90.2,31.9,1528.0,44.5,13.83,31.7,31.9,31.7,31.9,optimal,optimal,optimal,optimal,optimal,optimal,↓ decreasing,↑ increasing,→ stable,100.0,✅ EXCELLENT,False,NONE,3.7,0.0,NONE
1779701709.104,81.6,89.7,32.1,1521.0,45.9,13.83,31.9,32.1,32.0,32.2,optimal,optimal,optimal,optimal,optimal,optimal,→ stable,↑ increasing,→ stable,100.0,✅ EXCELLENT,False,NONE,3.4,0.0,NONE
1779701710.105,81.9,88.6,32.2,1458.0,45.6,13.76,31.7,32.2,31.9,31.7,optimal,optimal,optimal,optimal,optimal,optimal,→ stable,↑ increasing,→ stable,100.0,✅ EXCELLENT,False,NONE,3.3,1.0,NONE
1779701711.106,80.6,91.0,32.0,1501.0,45.5,13.78,31.6,31.8,32.0,32.0,optimal,optimal,optimal,optimal,optimal,optimal,↑ increasing,→ stable,→ stable,100.0,✅ EXCELLENT,False,NONE,3.5,0.0,NONE
1779701712.107,80.8,89.6,31.9,1478.0,44.9,13.8,31.7,32.0,31.6,31.6,optimal,optimal,optimal,optimal,optimal,optimal,↑ increasing,→ stable,→ stable,100.0,✅ EXCELLENT,False,NONE,3.6,0.1,NONE
1779701713.108,81.9,90.0,32.2,1525.0,45.7,13.78,32.0,31.6,32.0,31.7,optimal,optimal,optimal,optimal,optimal,optimal,↑ increasing,→ stable,→ stable,100.0,✅ EXCELLENT,False,NONE,3.3,0.0,NONE
1779701714.108,80.4,90.0,31.7,1530.0,45.1,13.78,32.3,32.1,32.3,31.9,optimal,optimal,optimal,optimal,optimal,optimal,↑ increasing,→ stable,→ stable,100.0,✅ EXCELLENT,False,NONE,3.8,0.0,NONE
1779701715.109,77.2,91.3,31.7,1461.0,44.2,13.76,31.7,32.0,31.9,31.9,optimal,optimal,optimal,optimal,optimal,optimal,↑ increasing,→ stable,→ stable,100.0,✅ EXCELLENT,False,NONE,3.6,0.0,NONE
1779701716.111,81.5,90.4,31.6,1504.0,45.5,13.78,32.2,31.9,32.1,31.6,optimal,optimal,optimal,optimal,optimal,optimal,↑ increasing,→ stable,→ stable,100.0,✅ EXCELLENT,False,NONE,4.0,0.0,NONE
1779701717.111,79.5,89.2,32.0,1471.0,44.4,13.82,31.9,31.8,32.4,32.4,optimal,optimal,optimal,optimal,optimal,optimal,↑ increasing,→ stable,→ stable,100.0,✅ EXCELLENT,False,NONE,3.4,0.3,NONE
1779701718.112,77.9,90.0,32.2,1515.0,44.8,13.78,32.1,31.9,31.9,31.8,optimal,optimal,optimal,optimal,optimal,optimal,↑ increasing,→ stable,→ stable,100.0,✅ EXCELLENT,False,NONE,3.1,0.0,NONE
1779701719.113,80.6,90.2,31.7,1471.0,44.4,13.81,32.4,31.6,32.0,32.0,optimal,optimal,optimal,optimal,optimal,optimal,→ stable,→ stable,→ stable,100.0,✅ EXCELLENT,False,NONE,3.8,0.0,NONE
1779701720.114,82.2,90.5,31.8,1491.0,44.3,13.76,31.8,31.8,32.2,32.0,optimal,optimal,optimal,optimal,optimal,optimal,→ stable,→ stable,→ stable,100.0,✅ EXCELLENT,False,NONE,3.8,0.0,NONE
1779701721.115,77.9,90.0,31.8,1496.0,45.3,13.82,31.8,32.3,31.6,31.8,optimal,optimal,optimal,optimal,optimal,optimal,→ stable,→ stable,→ stable,100.0,✅ EXCELLENT,False,NONE,3.6,0.0,NONE
1779701722.116,82.3,89.3,31.7,1483.0,45.1,13.8,31.8,31.6,32.2,32.0,optimal,optimal,optimal,optimal,optimal,optimal,→ stable,→ stable,→ stable,100.0,✅ EXCELLENT,False,NONE,3.9,0.2,NONE
1779701723.117,82.9,90.9,32.0,1506.0,45.0,13.84,31.9,31.8,32.1,31.7,optimal,optimal,optimal,optimal,optimal,optimal,↓ decreasing,→ stable,→ stable,100.0,✅ EXCELLENT,False,NONE,3.6,0.0,NONE
1779701724.117,77.2,90.3,32.0,1479.0,44.4,13.75,32.0,31.9,32.0,32.2,optimal,optimal,optimal,optimal,optimal,optimal,↓ decreasing,→ stable,→ stable,100.0,✅ EXCELLENT,False,NONE,3.3,0.0,NONE
1779701725.118,78.8,91.3,31.6,1496.0,44.7,13.84,32.1,32.0,32.3,31.8,optimal,optimal,optimal,optimal,optimal,optimal,↓ decreasing,→ stable,→ stable,100.0,✅ EXCELLENT,False,NONE,3.8,0.0,NONE
1779701726.119,79.1,90.9,32.2,1503.0,45.3,13.82,31.9,32.2,32.3,32.2,optimal,optimal,optimal,optimal,optimal,optimal,↓ decreasing,→ stable,→ stable,100.0,✅ EXCELLENT,False,NONE,3.2,0.0,NONE
1779701727.12,79.7,89.2,32.4,1512.0,45.2,13.82,32.2,32.4,32.2,32.2,optimal,optimal,optimal,optimal,optimal,optimal,↓ decreasing,→ stable,→ stable,100.0,✅ EXCELLENT,False,NONE,3.0,0.3,NONE
1779701728.12,78.3,89.3,31.8,1462.0,44.5,13.83,32.0,31.7,31.7,31.8,optimal,optimal,optimal,optimal,optimal,optimal,→ stable,→ stable,→ stable,100.0,✅ EXCELLENT,False,NONE,3.6,0.2,NONE
1779701729.122,81.3,89.1,32.3,1470.0,44.6,13.75,32.0,31.7,31.8,31.7,optimal,optimal,optimal,optimal,optimal,optimal,→ stable,→ stable,→ stable,100.0,✅ EXCELLENT,False,NONE,3.1,0.4,NONE
1779701730.123,81.9,90.1,32.2,1478.0,45.0,13.78,32.3,32.3,32.2,32.3,optimal,optimal,optimal,optimal,optimal,optimal,→ stable,→ stable,→ stable,100.0,✅ EXCELLENT,False,NONE,3.3,0.0,NONE
1779701731.123,80.1,91.2,31.6,1494.0,45.1,13.8,32.2,31.6,31.9,31.8,optimal,optimal,optimal,optimal,optimal,optimal,→ stable,→ stable,→ stable,100.0,✅ EXCELLENT,False,NONE,3.9,0.0,NONE
1779701732.124,79.6,89.8,32.3,1531.0,45.9,13.77,32.3,31.9,32.2,32.0,optimal,optimal,optimal,optimal,optimal,optimal,→ stable,→ stable,→ stable,100.0,✅ EXCELLENT,False,NONE,3.1,0.0,NONE
1779701733.125,81.3,89.0,32.3,1500.0,45.6,13.78,32.3,32.1,32.1,31.6,optimal,optimal,optimal,optimal,optimal,optimal,↓ decreasing,→ stable,→ stable,100.0,✅ EXCELLENT,False,NONE,3.1,0.5,NONE
1779701734.126,77.1,90.4,32.2,1534.0,45.3,13.78,31.9,32.1,31.7,32.1,optimal,optimal,optimal,optimal,optimal,optimal,→ stable,→ stable,→ stable,100.0,✅ EXCELLENT,False,NONE,3.1,0.0,NONE
1779701735.126,78.2,88.9,31.9,1541.0,44.9,13.83,31.9,32.3,31.9,32.2,optimal,optimal,optimal,optimal,optimal,optimal,→ stable,→ stable,→ stable,100.0,✅ EXCELLENT,False,NONE,3.5,0.6,NONE
1779701736.126,80.8,90.2,31.7,1528.0,44.2,13.79,32.1,32.1,32.2,32.3,optimal,optimal,optimal,optimal,optimal,optimal,→ stable,↓ decreasing,→ stable,100.0,✅ EXCELLENT,False,NONE,3.8,0.0,NONE
1779701737.126,78.7,90.5,32.2,1514.0,46.0,13.79,32.3,32.0,32.4,32.2,optimal,optimal,optimal,optimal,optimal,optimal,→ stable,→ stable,→ stable,100.0,✅ EXCELLENT,False,NONE,3.1,0.0,NONE
1779701738.127,78.1,91.4,31.9,1483.0,44.5,13.77,32.2,32.2,32.0,32.3,optimal,optimal,optimal,optimal,optimal,optimal,→ stable,→ stable,→ stable,100.0,✅ EXCELLENT,False,NONE,3.5,0.0,NONE
1779701739.128,80.3,90.0,32.3,1550.0,44.2,13.84,31.9,31.6,31.8,32.3,optimal,optimal,optimal,optimal,optimal,optimal,→ stable,→ stable,→ stable,100.0,✅ EXCELLENT,False,NONE,3.1,0.0,NONE
1779701740.128,81.3,90.3,32.0,1505.0,45.2,13.76,32.1,32.3,31.9,31.7,optimal,optimal,optimal,optimal,optimal,optimal,→ stable,→ stable,→ stable,100.0,✅ EXCELLENT,False,NONE,3.5,0.0,NONE
1779701741.13,79.7,89.1,31.6,1483.0,45.0,13.82,32.3,32.3,32.4,32.3,optimal,optimal,optimal,optimal,optimal,optimal,↓ decreasing,→ stable,→ stable,100.0,✅ EXCELLENT,False,NONE,3.9,0.4,NONE
1779701742.131,78.2,89.8,32.0,1511.0,44.1,13.78,31.6,31.7,31.9,31.6,optimal,optimal,optimal,optimal,optimal,optimal,↓ decreasing,→ stable,→ stable,100.0,✅ EXCELLENT,False,NONE,3.4,0.0,NONE
1779701743.131,81.4,89.1,32.0,1548.0,45.2,13.78,31.7,31.8,31.7,32.4,optimal,optimal,optimal,optimal,optimal,optimal,→ stable,→ stable,→ stable,100.0,✅ EXCELLENT,False,NONE,3.5,0.4,NONE
1779701744.132,80.3,91.0,31.7,1550.0,45.8,13.76,31.7,32.1,31.7,31.9,optimal,optimal,optimal,optimal,optimal,optimal,→ stable,→ stable,→ stable,100.0,✅ EXCELLENT,False,NONE,3.8,0.0,NONE
1779701745.133,77.1,89.3,32.2,1474.0,45.8,13.83,31.8,31.9,32.3,32.3,optimal,optimal,optimal,optimal,optimal,optimal,→ stable,→ stable,→ stable,100.0,✅ EXCELLENT,False,NONE,3.1,0.2,NONE
1779701746.134,79.8,90.2,32.1,1514.0,44.2,13.81,32.1,31.9,31.7,32.1,optimal,optimal,optimal,optimal,optimal,optimal,→ stable,→ stable,→ stable,100.0,✅ EXCELLENT,False,NONE,3.3,0.0,NONE
1779701747.135,81.7,88.9,31.7,1538.0,44.5,13.82,32.4,32.3,31.9,31.9,optimal,optimal,optimal,optimal,optimal,optimal,→ stable,→ stable,→ stable,100.0,✅ EXCELLENT,False,NONE,3.9,0.6,NONE
1779701748.136,81.9,89.8,32.1,1469.0,44.4,13.83,31.9,31.9,31.7,32.3,optimal,optimal,optimal,optimal,optimal,optimal,→ stable,→ stable,→ stable,100.0,✅ EXCELLENT,False,NONE,3.4,0.0,NONE
1779701749.137,82.5,89.0,32.3,1479.0,44.1,13.81,32.4,32.3,31.8,32.0,optimal,optimal,optimal,optimal,optimal,optimal,↑ increasing,→ stable,→ stable,100.0,✅ EXCELLENT,False,NONE,3.2,0.5,NONE
1779701750.138,82.7,90.2,31.7,1550.0,44.9,13.78,32.1,31.8,31.7,31.9,optimal,optimal,optimal,optimal,optimal,optimal,↑ increasing,↓ decreasing,→ stable,100.0,✅ EXCELLENT,False,NONE,3.9,0.0,NONE
1779701751.139,77.0,90.1,32.1,1512.0,46.0,13.82,32.0,32.1,31.9,31.9,optimal,optimal,optimal,optimal,optimal,optimal,↑ increasing,→ stable,→ stable,100.0,✅ EXCELLENT,False,NONE,3.2,0.0,NONE
1779701752.14,81.1,88.6,31.8,1510.0,45.0,13.76,32.2,31.7,32.2,32.4,optimal,optimal,optimal,optimal,optimal,optimal,↑ increasing,→ stable,→ stable,100.0,✅ EXCELLENT,False,NONE,3.7,1.0,NONE
1779701753.141,83.0,90.6,31.7,1532.0,45.5,13.84,31.7,31.7,32.3,31.7,optimal,optimal,optimal,optimal,optimal,optimal,↑ increasing,→ stable,→ stable,100.0,✅ EXCELLENT,False,NONE,3.9,0.0,NONE
1779701754.142,81.6,89.7,31.9,1528.0,44.5,13.83,31.7,32.0,32.2,31.6,optimal,optimal,optimal,optimal,optimal,optimal,↑ increasing,→ stable,→ stable,100.0,✅ EXCELLENT,False,NONE,3.6,0.0,NONE
1779701755.143,79.9,90.3,32.1,1521.0,45.9,13.77,32.3,31.9,32.2,32.0,optimal,optimal,optimal,optimal,optimal,optimal,↑ increasing,→ stable,→ stable,100.0,✅ EXCELLENT,False,NONE,3.3,0.0,NONE
1779701756.144,81.3,89.9,31.9,1472.0,45.6,13.83,32.1,31.9,31.7,32.3,optimal,optimal,optimal,optimal,optimal,optimal,↑ increasing,→ stable,→ stable,100.0,✅ EXCELLENT,False,NONE,3.6,0.0,NONE
1779701757.144,77.9,90.0,32.0,1508.0,44.4,13.83,32.2,32.3,31.7,32.0,optimal,optimal,optimal,optimal,optimal,optimal,↑ increasing,→ stable,→ stable,100.0,✅ EXCELLENT,False,NONE,3.3,0.0,NONE
1779701758.145,77.6,89.0,32.1,1533.0,45.5,13.78,31.9,31.9,32.4,31.7,optimal,optimal,optimal,optimal,optimal,optimal,→ stable,→ stable,→ stable,100.0,✅ EXCELLENT,False,NONE,3.2,0.5,NONE
1779701759.146,80.7,90.5,32.3,1547.0,45.8,13.77,32.2,31.8,31.9,31.8,optimal,optimal,optimal,optimal,optimal,optimal,→ stable,→ stable,→ stable,100.0,✅ EXCELLENT,False,NONE,3.1,0.0,NONE
1779701760.146,80.7,91.4,32.2,1464.0,45.5,13.79,32.2,31.9,32.1,31.6,optimal,optimal,optimal,optimal,optimal,optimal,→ stable,→ stable,→ stable,100.0,✅ EXCELLENT,False,NONE,3.2,0.0,NONE
1779701761.147,81.1,88.9,31.9,1518.0,44.8,13.82,32.2,31.8,31.7,31.9,optimal,optimal,optimal,optimal,optimal,optimal,→ stable,→ stable,→ stable,100.0,✅ EXCELLENT,False,NONE,3.6,0.6,NONE
1779701762.148,82.9,90.4,32.0,1464.0,45.8,13.76,31.8,32.3,31.8,31.9,optimal,optimal,optimal,optimal,optimal,optimal,→ stable,→ stable,→ stable,100.0,✅ EXCELLENT,False,NONE,3.6,0.0,NONE
1779701763.149,82.9,89.8,31.6,1474.0,44.3,13.82,32.1,31.8,32.2,32.4,optimal,optimal,optimal,optimal,optimal,optimal,→ stable,→ stable,→ stable,100.0,✅ EXCELLENT,False,NONE,4.0,0.0,NONE
1779701764.149,80.1,89.2,32.3,1457.0,45.7,13.84,32.1,31.7,32.0,31.8,optimal,optimal,optimal,optimal,optimal,optimal,→ stable,→ stable,→ stable,100.0,✅ EXCELLENT,False,NONE,3.1,0.3,NONE
1779701765.149,81.2,91.2,32.1,1528.0,45.2,13.77,32.0,31.9,32.1,31.8,optimal,optimal,optimal,optimal,optimal,optimal,→ stable,→ stable,→ stable,100.0,✅ EXCELLENT,False,NONE,3.4,0.0,NONE
1779701766.149,78.7,89.9,31.8,1482.0,44.3,13.85,32.1,32.2,32.1,32.2,optimal,optimal,optimal,optimal,optimal,optimal,↓ decreasing,→ stable,→ stable,100.0,✅ EXCELLENT,False,NONE,3.6,0.0,NONE
1779701767.151,78.6,89.4,32.1,1535.0,44.5,13.77,32.3,31.9,31.9,31.6,optimal,optimal,optimal,optimal,optimal,optimal,→ stable,→ stable,→ stable,100.0,✅ EXCELLENT,False,NONE,3.3,0.2,NONE
1779701768.152,82.6,91.4,32.1,1454.0,45.0,13.84,32.3,31.9,32.0,31.6,optimal,optimal,optimal,optimal,optimal,optimal,→ stable,→ stable,→ stable,100.0,✅ EXCELLENT,False,NONE,3.4,0.0,NONE
1779701769.152,78.3,91.1,31.8,1483.0,44.9,13.77,31.7,32.2,32.0,32.1,optimal,optimal,optimal,optimal,optimal,optimal,→ stable,→ stable,→ stable,100.0,✅ EXCELLENT,False,NONE,3.6,0.0,NONE
1779701770.152,78.8,89.0,31.7,1548.0,44.4,13.84,31.6,31.7,32.1,31.7,optimal,optimal,optimal,optimal,optimal,optimal,→ stable,→ stable,→ stable,100.0,✅ EXCELLENT,False,NONE,3.7,0.5,NONE
1779701771.153,81.6,91.3,31.7,1508.0,45.2,13.8,31.8,31.9,32.1,31.9,optimal,optimal,optimal,optimal,optimal,optimal,→ stable,→ stable,→ stable,100.0,✅ EXCELLENT,False,NONE,3.8,0.0,NONE
1779701772.154,82.4,89.8,32.0,1476.0,45.4,13.79,32.2,31.7,32.2,31.7,optimal,optimal,optimal,optimal,optimal,optimal,→ stable,→ stable,→ stable,100.0,✅ EXCELLENT,False,NONE,3.5,0.0,NONE
1779701773.155,78.8,90.6,31.6,1454.0,45.2,13.76,32.4,32.2,32.4,32.0,optimal,optimal,optimal,optimal,optimal,optimal,↓ decreasing,→ stable,→ stable,100.0,✅ EXCELLENT,False,NONE,3.8,0.0,NONE
1779701774.156,82.4,91.2,31.9,1473.0,45.4,13.76,31.9,31.7,31.7,31.7,optimal,optimal,optimal,optimal,optimal,optimal,→ stable,↑ increasing,→ stable,100.0,✅ EXCELLENT,False,NONE,3.6,0.0,NONE
1779701775.157,81.8,90.8,32.2,1537.0,44.5,13.79,32.3,32.3,31.8,32.0,optimal,optimal,optimal,optimal,optimal,optimal,→ stable,→ stable,→ stable,100.0,✅ EXCELLENT,False,NONE,3.3,0.0,NONE
1779701776.158,81.2,88.6,31.6,1515.0,44.4,13.79,31.6,32.2,32.1,32.2,optimal,optimal,optimal,optimal,optimal,optimal,→ stable,→ stable,→ stable,100.0,✅ EXCELLENT,False,NONE,3.9,1.0,NONE
1779701777.159,77.2,89.6,32.4,1453.0,44.8,13.76,32.3,32.0,32.2,31.9,optimal,optimal,optimal,optimal,optimal,optimal,→ stable,→ stable,→ stable,100.0,✅ EXCELLENT,False,NONE,2.9,0.1,NONE
1779701778.16,81.8,90.1,32.2,1540.0,45.9,13.8,31.9,32.4,32.1,32.3,optimal,optimal,optimal,optimal,optimal,optimal,↓ decreasing,→ stable,→ stable,100.0,✅ EXCELLENT,False,NONE,3.3,0.0,NONE
1779701779.161,81.0,90.6,32.1,1456.0,45.1,13.76,32.3,31.7,32.1,32.2,optimal,optimal,optimal,optimal,optimal,optimal,→ stable,→ stable,→ stable,100.0,✅ EXCELLENT,False,NONE,3.4,0.0,NONE
1779701780.162,81.8,89.3,31.9,1536.0,44.1,13.75,32.0,31.7,32.4,32.3,optimal,optimal,optimal,optimal,optimal,optimal,→ stable,→ stable,→ stable,100.0,✅ EXCELLENT,False,NONE,3.6,0.2,NONE
1779701781.163,82.7,90.2,32.0,1524.0,44.6,13.85,32.2,31.9,31.9,32.0,optimal,optimal,optimal,optimal,optimal,optimal,↑ increasing,→ stable,→ stable,100.0,✅ EXCELLENT,False,NONE,3.5,0.0,NONE
1779701782.163,78.8,90.1,31.8,1455.0,45.4,13.78,32.1,32.4,32.3,32.2,optimal,optimal,optimal,optimal,optimal,optimal,→ stable,→ stable,→ stable,100.0,✅ EXCELLENT,False,NONE,3.6,0.0,NONE
1779701783.164,81.5,89.4,32.1,1508.0,45.7,13.79,31.8,32.0,32.4,32.0,optimal,optimal,optimal,optimal,optimal,optimal,↑ increasing,→ stable,→ stable,100.0,✅ EXCELLENT,False,NONE,3.4,0.2,NONE
1779701784.164,80.9,89.9,31.6,1519.0,44.0,13.75,32.1,31.7,32.2,32.2,optimal,optimal,optimal,optimal,optimal,optimal,↑ increasing,↓ decreasing,→ stable,100.0,✅ EXCELLENT,False,NONE,3.9,0.0,NONE
1779701785.164,82.2,89.8,32.4,1514.0,44.6,13.76,31.7,32.1,31.7,31.9,optimal,optimal,optimal,optimal,optimal,optimal,↑ increasing,↓ decreasing,→ stable,100.0,✅ EXCELLENT,False,NONE,3.1,0.0,NONE
1779701786.165,82.0,89.9,32.0,1493.0,45.5,13.8,31.9,32.2,32.1,32.1,optimal,optimal,optimal,optimal,optimal,optimal,→ stable,→ stable,→ stable,100.0,✅ EXCELLENT,False,NONE,3.5,0.0,NONE
1779701787.166,81.1,90.3,31.8,1454.0,44.2,13.8,31.9,31.8,31.8,32.0,optimal,optimal,optimal,optimal,optimal,optimal,↑ increasing,→ stable,→ stable,100.0,✅ EXCELLENT,False,NONE,3.7,0.0,NONE
1779701788.167,79.1,90.3,32.3,1522.0,45.4,13.82,31.7,31.7,31.6,32.0,optimal,optimal,optimal,optimal,optimal,optimal,↑ increasing,→ stable,→ stable,100.0,✅ EXCELLENT,False,NONE,3.1,0.0,NONE
1779701789.168,80.5,90.4,31.7,1458.0,45.8,13.76,32.1,32.3,31.6,31.7,optimal,optimal,optimal,optimal,optimal,optimal,→ stable,→ stable,→ stable,100.0,✅ EXCELLENT,False,NONE,3.8,0.0,NONE
1779701790.169,79.6,91.0,31.8,1514.0,44.0,13.77,31.9,32.0,32.0,32.1,optimal,optimal,optimal,optimal,optimal,optimal,→ stable,→ stable,→ stable,100.0,✅ EXCELLENT,False,NONE,3.6,0.0,NONE
1779701791.17,78.3,90.6,32.0,1501.0,45.7,13.76,31.6,32.3,32.0,32.2,optimal,optimal,optimal,optimal,optimal,optimal,↓ decreasing,→ stable,→ stable,100.0,✅ EXCELLENT,False,NONE,3.4,0.0,NONE
1779701792.171,79.2,89.8,32.3,1525.0,45.9,13.83,32.2,32.2,32.2,31.8,optimal,optimal,optimal,optimal,optimal,optimal,→ stable,→ stable,→ stable,100.0,✅ EXCELLENT,False,NONE,3.1,0.0,NONE
1779701793.172,82.9,88.6,32.2,1550.0,44.5,13.76,32.0,32.2,31.9,32.3,optimal,optimal,optimal,optimal,optimal,optimal,→ stable,→ stable,→ stable,100.0,✅ EXCELLENT,False,NONE,3.3,1.0,NONE
1779701794.172,78.9,90.7,31.7,1543.0,44.6,13.8,31.9,32.3,32.0,31.8,optimal,optimal,optimal,optimal,optimal,optimal,→ stable,→ stable,→ stable,100.0,✅ EXCELLENT,False,NONE,3.7,0.0,NONE
1779701795.173,80.8,88.8,31.8,1458.0,45.8,13.79,32.0,32.2,31.8,32.0,optimal,optimal,optimal,optimal,optimal,optimal,↓ decreasing,→ stable,→ stable,100.0,✅ EXCELLENT,False,NONE,3.7,0.7,NONE
1779701796.174,79.7,90.3,32.1,1542.0,45.4,13.85,32.1,31.6,31.9,32.4,optimal,optimal,optimal,optimal,optimal,optimal,↓ decreasing,→ stable,→ stable,100.0,✅ EXCELLENT,False,NONE,3.3,0.0,NONE
1779701797.175,82.8,90.8,31.8,1482.0,45.3,13.78,31.7,32.1,32.1,32.2,optimal,optimal,optimal,optimal,optimal,optimal,↓ decreasing,→ stable,→ stable,100.0,✅ EXCELLENT,False,NONE,3.8,0.0,NONE
1779701798.176,82.6,91.1,32.0,1476.0,44.5,13.76,31.8,31.7,32.3,32.3,optimal,optimal,optimal,optimal,optimal,optimal,↓ decreasing,→ stable,→ stable,100.0,✅ EXCELLENT,False,NONE,3.5,0.0,NONE
1779701799.177,82.6,90.7,32.0,1459.0,44.4,13.75,31.8,31.6,32.1,32.3,optimal,optimal,optimal,optimal,optimal,optimal,→ stable,→ stable,→ stable,100.0,✅ EXCELLENT,False,NONE,3.5,0.0,NONE
1779701800.178,80.8,90.7,31.9,1512.0,44.9,13.76,32.0,32.1,32.2,31.8,optimal,optimal,optimal,optimal,optimal,optimal,→ stable,→ stable,→ stable,100.0,✅ EXCELLENT,False,NONE,3.6,0.0,NONE
1779701801.179,78.0,89.7,32.4,1491.0,45.1,13.77,32.4,32.4,32.0,32.2,optimal,optimal,optimal,optimal,optimal,optimal,→ stable,→ stable,→ stable,100.0,✅ EXCELLENT,False,NONE,2.9,0.0,NONE
1779701802.179,79.7,91.0,31.9,1547.0,44.6,13.84,31.8,31.9,32.2,32.2,optimal,optimal,optimal,optimal,optimal,optimal,→ stable,→ stable,→ stable,100.0,✅ EXCELLENT,False,NONE,3.5,0.0,NONE
1779701803.178,81.9,90.9,32.1,1536.0,44.9,13.78,31.8,32.2,32.3,31.7,optimal,optimal,optimal,optimal,optimal,optimal,→ stable,→ stable,→ stable,100.0,✅ EXCELLENT,False,NONE,3.4,0.0,NONE
1779701804.179,82.2,88.7,32.2,1454.0,44.2,13.82,31.8,32.2,32.1,31.9,optimal,optimal,optimal,optimal,optimal,optimal,↑ increasing,→ stable,→ stable,100.0,✅ EXCELLENT,False,NONE,3.3,0.8,NONE
1779701805.18,81.6,91.3,32.4,1482.0,45.3,13.84,32.0,32.1,31.7,32.1,optimal,optimal,optimal,optimal,optimal,optimal,↑ increasing,→ stable,→ stable,100.0,✅ EXCELLENT,False,NONE,3.0,0.0,NONE
1779701806.181,82.5,89.5,32.0,1546.0,45.8,13.83,32.1,31.8,32.3,32.2,optimal,optimal,optimal,optimal,optimal,optimal,↑ increasing,→ stable,→ stable,100.0,✅ EXCELLENT,False,NONE,3.5,0.1,NONE
1779701807.182,80.5,89.4,32.4,1544.0,45.2,13.8,31.6,32.1,31.8,31.9,optimal,optimal,optimal,optimal,optimal,optimal,↑ increasing,→ stable,→ stable,100.0,✅ EXCELLENT,False,NONE,3.0,0.2,NONE
1779701808.182,81.5,91.4,32.0,1515.0,44.3,13.83,31.8,31.6,32.4,32.2,optimal,optimal,optimal,optimal,optimal,optimal,↑ increasing,→ stable,→ stable,100.0,✅ EXCELLENT,False,NONE,3.5,0.0,NONE
1779701809.182,77.8,88.5,32.2,1460.0,44.8,13.78,31.8,31.7,32.0,32.0,optimal,optimal,optimal,optimal,optimal,optimal,→ stable,→ stable,→ stable,100.0,✅ EXCELLENT,False,NONE,3.1,1.1,NONE
1779701810.183,77.8,91.2,31.9,1525.0,45.4,13.82,31.6,32.3,31.8,32.0,optimal,optimal,optimal,optimal,optimal,optimal,↓ decreasing,→ stable,→ stable,100.0,✅ EXCELLENT,False,NONE,3.4,0.0,NONE
1779701811.184,79.2,90.9,31.9,1460.0,44.7,13.83,31.8,31.7,32.1,31.9,optimal,optimal,optimal,optimal,optimal,optimal,→ stable,→ stable,→ stable,100.0,✅ EXCELLENT,False,NONE,3.5,0.0,NONE
1779701812.185,82.0,89.4,32.2,1472.0,45.3,13.77,31.7,32.3,31.9,32.2,optimal,optimal,optimal,optimal,optimal,optimal,→ stable,→ stable,→ stable,100.0,✅ EXCELLENT,False,NONE,3.3,0.2,NONE
1779701813.186,82.0,89.3,32.0,1491.0,45.7,13.79,31.7,31.7,31.6,32.1,optimal,optimal,optimal,optimal,optimal,optimal,→ stable,↓ decreasing,→ stable,100.0,✅ EXCELLENT,False,NONE,3.5,0.2,NONE
1779701814.187,80.8,90.1,32.3,1457.0,45.2,13.83,31.7,32.0,32.2,32.2,optimal,optimal,optimal,optimal,optimal,optimal,↓ decreasing,→ stable,→ stable,100.0,✅ EXCELLENT,False,NONE,3.1,0.0,NONE
1779701815.188,78.7,90.0,31.9,1513.0,44.4,13.82,32.0,32.0,32.3,31.7,optimal,optimal,optimal,optimal,optimal,optimal,↓ decreasing,↓ decreasing,→ stable,100.0,✅ EXCELLENT,False,NONE,3.5,0.0,NONE
1779701816.188,79.8,89.4,32.2,1470.0,45.2,13.8,32.1,31.7,32.2,32.0,optimal,optimal,optimal,optimal,optimal,optimal,↓ decreasing,→ stable,→ stable,100.0,✅ EXCELLENT,False,NONE,3.2,0.2,NONE
1779701817.188,82.7,90.3,32.0,1517.0,44.8,13.81,31.9,32.1,32.2,31.7,optimal,optimal,optimal,optimal,optimal,optimal,↓ decreasing,→ stable,→ stable,100.0,✅ EXCELLENT,False,NONE,3.5,0.0,NONE
1779701818.189,78.8,88.9,32.1,1464.0,44.9,13.84,32.4,32.1,32.0,32.2,optimal,optimal,optimal,optimal,optimal,optimal,↓ decreasing,↓ decreasing,→ stable,100.0,✅ EXCELLENT,False,NONE,3.3,0.6,NONE
1779701819.19,78.6,90.6,31.7,1523.0,44.2,13.81,32.3,32.4,32.0,32.4,optimal,optimal,optimal,optimal,optimal,optimal,↓ decreasing,→ stable,→ stable,100.0,✅ EXCELLENT,False,NONE,3.7,0.0,NONE
1779701820.19,80.7,90.7,31.7,1470.0,44.4,13.8,31.9,32.2,31.7,32.1,optimal,optimal,optimal,optimal,optimal,optimal,→ stable,→ stable,→ stable,100.0,✅ EXCELLENT,False,NONE,3.8,0.0,NONE
1779701821.19,80.6,89.3,31.6,1506.0,45.9,13.83,31.9,31.8,31.9,31.6,optimal,optimal,optimal,optimal,optimal,optimal,→ stable,→ stable,→ stable,100.0,✅ EXCELLENT,False,NONE,3.9,0.2,NONE
1779701822.192,77.7,89.6,31.7,1531.0,45.2,13.77,31.9,32.0,31.8,32.1,optimal,optimal,optimal,optimal,optimal,optimal,↓ decreasing,→ stable,→ stable,100.0,✅ EXCELLENT,False,NONE,3.7,0.1,NONE
1779701823.193,80.6,90.0,32.3,1538.0,45.5,13.84,32.3,32.2,31.9,31.8,optimal,optimal,optimal,optimal,optimal,optimal,↓ decreasing,→ stable,→ stable,100.0,✅ EXCELLENT,False,NONE,3.1,0.0,NONE
1779701824.194,81.4,89.7,31.8,1527.0,45.3,13.85,32.2,31.7,31.7,31.7,optimal,optimal,optimal,optimal,optimal,optimal,↓ decreasing,→ stable,→ stable,100.0,✅ EXCELLENT,False,NONE,3.7,0.0,NONE
1779701825.194,77.7,90.8,31.7,1491.0,44.8,13.75,31.8,32.3,32.0,32.0,optimal,optimal,optimal,optimal,optimal,optimal,→ stable,→ stable,→ stable,100.0,✅ EXCELLENT,False,NONE,3.7,0.0,NONE
1779701826.195,81.5,89.7,32.4,1482.0,44.9,13.81,32.3,31.7,32.2,32.0,optimal,optimal,optimal,optimal,optimal,optimal,→ stable,→ stable,→ stable,100.0,✅ EXCELLENT,False,NONE,3.0,0.0,NONE
1779701827.195,78.2,89.3,31.9,1456.0,45.0,13.77,32.2,31.9,31.7,31.6,optimal,optimal,optimal,optimal,optimal,optimal,↓ decreasing,→ stable,→ stable,100.0,✅ EXCELLENT,False,NONE,3.5,0.2,NONE
1779701828.196,82.6,88.6,31.8,1468.0,45.5,13.79,32.3,31.7,31.9,32.4,optimal,optimal,optimal,optimal,optimal,optimal,→ stable,→ stable,→ stable,100.0,✅ EXCELLENT,False,NONE,3.8,1.0,NONE
1779701829.197,80.2,90.7,32.3,1504.0,44.3,13.77,31.7,31.6,31.6,31.7,optimal,optimal,optimal,optimal,optimal,optimal,→ stable,→ stable,→ stable,100.0,✅ EXCELLENT,False,NONE,3.1,0.0,NONE
1779701830.198,82.9,91.0,32.1,1527.0,45.4,13.79,31.9,31.8,32.0,32.2,optimal,optimal,optimal,optimal,optimal,optimal,→ stable,→ stable,→ stable,100.0,✅ EXCELLENT,False,NONE,3.4,0.0,NONE
1779701831.198,80.1,89.4,32.0,1472.0,44.8,13.81,31.7,32.3,31.8,32.3,optimal,optimal,optimal,optimal,optimal,optimal,→ stable,→ stable,→ stable,100.0,✅ EXCELLENT,False,NONE,3.4,0.2,NONE
1779701832.199,79.2,90.2,32.2,1511.0,45.7,13.77,31.7,32.2,31.6,31.7,optimal,optimal,optimal,optimal,optimal,optimal,→ stable,→ stable,→ stable,100.0,✅ EXCELLENT,False,NONE,3.2,0.0,NONE
1779701833.2,80.0,90.7,32.3,1465.0,44.1,13.8,31.6,31.6,31.6,31.9,optimal,optimal,optimal,optimal,optimal,optimal,→ stable,→ stable,→ stable,100.0,✅ EXCELLENT,False,NONE,3.1,0.0,NONE
1779701834.201,79.4,89.8,32.2,1490.0,44.1,13.83,32.0,32.2,32.2,32.0,optimal,optimal,optimal,optimal,optimal,optimal,→ stable,→ stable,→ stable,100.0,✅ EXCELLENT,False,NONE,3.2,0.0,NONE
1779701835.202,82.5,89.1,32.1,1527.0,45.5,13.78,32.2,32.1,31.9,32.1,optimal,optimal,optimal,optimal,optimal,optimal,↑ increasing,→ stable,→ stable,100.0,✅ EXCELLENT,False,NONE,3.4,0.4,NONE
1779701836.203,77.2,88.8,32.2,1506.0,45.5,13.84,31.8,31.8,31.9,31.9,optimal,optimal,optimal,optimal,optimal,optimal,→ stable,→ stable,→ stable,100.0,✅ EXCELLENT,False,NONE,3.1,0.7,NONE
1779701837.203,77.1,89.1,32.0,1489.0,45.7,13.75,31.6,31.7,31.9,32.3,optimal,optimal,optimal,optimal,optimal,optimal,↑ increasing,→ stable,→ stable,100.0,✅ EXCELLENT,False,NONE,3.3,0.4,NONE
1779701838.204,82.3,89.0,31.9,1549.0,45.8,13.79,31.6,32.2,31.7,32.1,optimal,optimal,optimal,optimal,optimal,optimal,→ stable,→ stable,→ stable,100.0,✅ EXCELLENT,False,NONE,3.6,0.5,NONE
1779701839.204,82.0,91.4,32.2,1498.0,45.1,13.82,31.9,31.8,32.3,32.2,optimal,optimal,optimal,optimal,optimal,optimal,→ stable,→ stable,→ stable,100.0,✅ EXCELLENT,False,NONE,3.3,0.0,NONE
1779701840.205,80.3,88.7,32.3,1451.0,45.2,13.76,32.0,31.8,31.9,32.3,optimal,optimal,optimal,optimal,optimal,optimal,→ stable,→ stable,→ stable,100.0,✅ EXCELLENT,False,NONE,3.1,0.8,NONE
1779701841.205,77.3,90.1,32.1,1548.0,44.3,13.76,31.8,31.7,32.3,32.3,optimal,optimal,optimal,optimal,optimal,optimal,↓ decreasing,→ stable,→ stable,100.0,✅ EXCELLENT,False,NONE,3.2,0.0,NONE
1779701842.206,82.9,88.8,31.6,1522.0,45.3,13.77,32.3,31.6,31.7,32.2,optimal,optimal,optimal,optimal,optimal,optimal,→ stable,→ stable,→ stable,100.0,✅ EXCELLENT,False,NONE,4.0,0.7,NONE
1779701843.207,80.7,89.3,32.2,1486.0,45.9,13.83,32.0,32.1,32.3,31.9,optimal,optimal,optimal,optimal,optimal,optimal,→ stable,↓ decreasing,→ stable,100.0,✅ EXCELLENT,False,NONE,3.2,0.2,NONE
1779701844.207,79.2,90.7,31.9,1461.0,45.7,13.85,31.7,31.8,31.9,32.0,optimal,optimal,optimal,optimal,optimal,optimal,→ stable,↓ decreasing,→ stable,100.0,✅ EXCELLENT,False,NONE,3.5,0.0,NONE
1779701845.208,83.0,89.3,31.6,1509.0,44.3,13.83,32.2,31.7,32.2,32.1,optimal,optimal,optimal,optimal,optimal,optimal,→ stable,→ stable,→ stable,100.0,✅ EXCELLENT,False,NONE,4.0,0.2,NONE
1779701846.208,81.7,90.2,32.0,1489.0,45.9,13.81,31.8,31.8,31.9,32.3,optimal,optimal,optimal,optimal,optimal,optimal,→ stable,→ stable,→ stable,100.0,✅ EXCELLENT,False,NONE,3.5,0.0,NONE
1779701847.209,78.8,90.6,32.2,1505.0,45.5,13.79,31.9,31.8,31.6,31.9,optimal,optimal,optimal,optimal,optimal,optimal,↑ increasing,→ stable,→ stable,100.0,✅ EXCELLENT,False,NONE,3.2,0.0,NONE
1779701848.21,80.5,91.0,32.1,1473.0,44.0,13.81,32.0,32.1,32.0,32.1,optimal,optimal,optimal,optimal,optimal,optimal,↑ increasing,→ stable,→ stable,100.0,✅ EXCELLENT,False,NONE,3.3,0.0,NONE
1779701849.21,82.9,89.5,32.0,1522.0,45.7,13.84,32.2,31.9,31.9,31.9,optimal,optimal,optimal,optimal,optimal,optimal,→ stable,→ stable,→ stable,100.0,✅ EXCELLENT,False,NONE,3.6,0.1,NONE
1779701850.211,78.5,91.0,32.2,1519.0,44.4,13.83,32.2,32.3,31.9,32.3,optimal,optimal,optimal,optimal,optimal,optimal,↑ increasing,→ stable,→ stable,100.0,✅ EXCELLENT,False,NONE,3.1,0.0,NONE
1779701851.212,78.3,90.2,31.9,1472.0,45.2,13.85,31.9,32.3,31.8,31.9,optimal,optimal,optimal,optimal,optimal,optimal,↑ increasing,→ stable,→ stable,100.0,✅ EXCELLENT,False,NONE,3.5,0.0,NONE
1779701852.213,81.6,91.3,32.4,1519.0,45.8,13.78,31.7,32.4,32.0,32.2,optimal,optimal,optimal,optimal,optimal,optimal,→ stable,↑ increasing,→ stable,100.0,✅ EXCELLENT,False,NONE,3.0,0.0,NONE
1779701853.214,80.1,91.0,31.8,1488.0,44.7,13.77,32.3,32.0,32.2,32.0,optimal,optimal,optimal,optimal,optimal,optimal,→ stable,↑ increasing,→ stable,100.0,✅ EXCELLENT,False,NONE,3.7,0.0,NONE
1779701854.215,82.9,89.9,32.3,1459.0,44.7,13.85,32.1,31.9,32.1,31.9,optimal,optimal,optimal,optimal,optimal,optimal,↑ increasing,↑ increasing,→ stable,100.0,✅ EXCELLENT,False,NONE,3.2,0.0,NONE
1779701855.216,78.4,90.9,32.0,1476.0,44.5,13.8,31.7,31.7,31.9,31.7,optimal,optimal,optimal,optimal,optimal,optimal,→ stable,↑ increasing,→ stable,100.0,✅ EXCELLENT,False,NONE,3.4,0.0,NONE
1779701856.217,77.2,91.4,31.8,1487.0,45.1,13.78,32.3,32.2,32.1,31.7,optimal,optimal,optimal,optimal,optimal,optimal,↓ decreasing,↑ increasing,→ stable,100.0,✅ EXCELLENT,False,NONE,3.5,0.0,NONE
1779701857.218,77.0,90.2,31.9,1475.0,45.5,13.81,32.2,31.6,31.9,31.9,optimal,optimal,optimal,optimal,optimal,optimal,↓ decreasing,↑ increasing,→ stable,100.0,✅ EXCELLENT,False,NONE,3.4,0.0,NONE
1779701858.219,79.8,89.6,32.3,1531.0,44.6,13.8,32.0,31.7,32.3,31.6,optimal,optimal,optimal,optimal,optimal,optimal,↓ decreasing,→ stable,→ stable,100.0,✅ EXCELLENT,False,NONE,3.1,0.1,NONE
1779701859.22,81.1,89.4,32.3,1531.0,44.3,13.79,31.8,31.6,32.0,31.7,optimal,optimal,optimal,optimal,optimal,optimal,↓ decreasing,↑ increasing,→ stable,100.0,✅ EXCELLENT,False,NONE,3.1,0.2,NONE
1779701860.221,82.4,89.8,32.4,1495.0,45.8,13.83,32.3,32.0,32.2,32.2,optimal,optimal,optimal,optimal,optimal,optimal,↓ decreasing,→ stable,→ stable,100.0,✅ EXCELLENT,False,NONE,3.1,0.0,NONE
1779701861.222,82.7,90.8,32.1,1539.0,45.4,13.82,31.7,31.7,31.8,32.0,optimal,optimal,optimal,optimal,optimal,optimal,→ stable,→ stable,→ stable,100.0,✅ EXCELLENT,False,NONE,3.4,0.0,NONE
1779701862.223,78.5,88.8,32.4,1538.0,44.7,13.83,32.0,31.7,32.3,32.0,optimal,optimal,optimal,optimal,optimal,optimal,↓ decreasing,→ stable,→ stable,100.0,✅ EXCELLENT,False,NONE,2.9,0.7,NONE
1779701863.223,78.2,88.6,31.8,1484.0,44.2,13.8,31.9,32.1,32.3,31.8,optimal,optimal,optimal,optimal,optimal,optimal,↓ decreasing,↓ decreasing,→ stable,100.0,✅ EXCELLENT,False,NONE,3.6,1.0,NONE
1779701864.225,77.3,90.6,32.0,1503.0,45.8,13.84,32.4,31.8,32.0,31.9,optimal,optimal,optimal,optimal,optimal,optimal,↓ decreasing,→ stable,→ stable,100.0,✅ EXCELLENT,False,NONE,3.3,0.0,NONE
1779701865.225,77.2,89.5,31.9,1510.0,44.2,13.83,31.8,31.7,32.1,31.6,optimal,optimal,optimal,optimal,optimal,optimal,↓ decreasing,↓ decreasing,→ stable,100.0,✅ EXCELLENT,False,NONE,3.4,0.1,NONE
1779701866.226,81.2,91.4,32.0,1543.0,44.4,13.82,31.6,31.6,31.9,32.2,optimal,optimal,optimal,optimal,optimal,optimal,→ stable,↓ decreasing,→ stable,100.0,✅ EXCELLENT,False,NONE,3.5,0.0,NONE
1779701867.228,77.4,90.5,31.6,1516.0,45.6,13.81,31.7,31.7,31.8,32.1,optimal,optimal,optimal,optimal,optimal,optimal,→ stable,↓ decreasing,→ stable,100.0,✅ EXCELLENT,False,NONE,3.8,0.0,NONE
1779701868.229,82.9,90.6,32.1,1501.0,45.0,13.85,32.2,31.8,31.9,32.0,optimal,optimal,optimal,optimal,optimal,optimal,→ stable,→ stable,→ stable,100.0,✅ EXCELLENT,False,NONE,3.4,0.0,NONE
1779701869.229,82.6,89.6,31.7,1527.0,44.6,13.82,32.4,31.7,32.2,31.6,optimal,optimal,optimal,optimal,optimal,optimal,↑ increasing,→ stable,→ stable,100.0,✅ EXCELLENT,False,NONE,3.9,0.1,NONE
1779701870.229,80.2,89.4,31.7,1483.0,45.0,13.85,32.2,31.9,32.3,31.7,optimal,optimal,optimal,optimal,optimal,optimal,→ stable,→ stable,→ stable,100.0,✅ EXCELLENT,False,NONE,3.8,0.2,NONE
1779701871.23,79.1,88.8,32.4,1536.0,45.7,13.78,32.1,31.7,32.0,31.8,optimal,optimal,optimal,optimal,optimal,optimal,↓ decreasing,↓ decreasing,→ stable,100.0,✅ EXCELLENT,False,NONE,2.9,0.7,NONE
1779701872.231,77.2,90.0,31.6,1500.0,44.1,13.81,31.7,32.3,31.6,32.3,optimal,optimal,optimal,optimal,optimal,optimal,↓ decreasing,→ stable,→ stable,100.0,✅ EXCELLENT,False,NONE,3.7,0.0,NONE
1779701873.232,80.5,90.8,32.0,1485.0,45.9,13.79,32.1,32.2,32.0,32.0,optimal,optimal,optimal,optimal,optimal,optimal,→ stable,→ stable,→ stable,100.0,✅ EXCELLENT,False,NONE,3.5,0.0,NONE
1779701874.232,77.8,88.8,32.2,1540.0,45.9,13.82,32.1,32.2,31.8,32.4,optimal,optimal,optimal,optimal,optimal,optimal,→ stable,→ stable,→ stable,100.0,✅ EXCELLENT,False,NONE,3.1,0.7,NONE
1779701875.234,78.6,91.0,31.7,1467.0,45.2,13.76,31.6,32.1,32.2,31.6,optimal,optimal,optimal,optimal,optimal,optimal,↑ increasing,→ stable,→ stable,100.0,✅ EXCELLENT,False,NONE,3.7,0.0,NONE
1779701876.235,80.2,90.6,32.4,1537.0,44.5,13.76,32.3,32.2,32.2,32.3,optimal,optimal,optimal,optimal,optimal,optimal,→ stable,→ stable,→ stable,100.0,✅ EXCELLENT,False,NONE,3.0,0.0,NONE
1779701877.235,78.6,90.8,31.8,1469.0,44.4,13.84,31.7,31.7,32.1,32.4,optimal,optimal,optimal,optimal,optimal,optimal,→ stable,→ stable,→ stable,100.0,✅ EXCELLENT,False,NONE,3.6,0.0,NONE
1779701878.236,79.1,89.2,31.9,1463.0,45.4,13.79,31.8,31.7,31.7,31.8,optimal,optimal,optimal,optimal,optimal,optimal,→ stable,→ stable,→ stable,100.0,✅ EXCELLENT,False,NONE,3.5,0.3,NONE
1779701879.237,82.4,91.2,31.6,1508.0,45.9,13.81,32.3,32.3,32.1,31.7,optimal,optimal,optimal,optimal,optimal,optimal,↓ decreasing,→ stable,→ stable,100.0,✅ EXCELLENT,False,NONE,4.0,0.0,NONE
1779701880.238,79.6,89.5,31.8,1523.0,45.5,13.77,32.3,31.8,32.3,31.8,optimal,optimal,optimal,optimal,optimal,optimal,↓ decreasing,→ stable,→ stable,100.0,✅ EXCELLENT,False,NONE,3.6,0.1,NONE
1779701881.239,81.1,88.9,31.8,1475.0,45.4,13.76,32.2,31.6,32.1,31.9,optimal,optimal,optimal,optimal,optimal,optimal,→ stable,→ stable,→ stable,100.0,✅ EXCELLENT,False,NONE,3.7,0.6,NONE
1779701882.239,79.4,90.6,31.8,1496.0,44.7,13.85,32.3,32.2,31.7,31.9,optimal,optimal,optimal,optimal,optimal,optimal,→ stable,→ stable,→ stable,100.0,✅ EXCELLENT,False,NONE,3.6,0.0,NONE
1779701883.239,80.1,89.3,32.4,1524.0,45.6,13.81,31.6,32.2,31.7,31.9,optimal,optimal,optimal,optimal,optimal,optimal,→ stable,→ stable,→ stable,100.0,✅ EXCELLENT,False,NONE,3.0,0.2,NONE
1779701884.239,82.4,89.6,32.4,1477.0,45.0,13.84,31.8,31.8,32.1,32.3,optimal,optimal,optimal,optimal,optimal,optimal,↑ increasing,→ stable,→ stable,100.0,✅ EXCELLENT,False,NONE,3.1,0.1,NONE
1779701885.24,78.8,89.7,31.8,1479.0,45.4,13.81,32.3,32.3,31.7,32.3,optimal,optimal,optimal,optimal,optimal,optimal,→ stable,→ stable,→ stable,100.0,✅ EXCELLENT,False,NONE,3.6,0.0,NONE
1779701886.241,82.1,91.4,32.2,1525.0,44.5,13.84,32.1,31.9,31.6,31.8,optimal,optimal,optimal,optimal,optimal,optimal,↑ increasing,→ stable,→ stable,100.0,✅ EXCELLENT,False,NONE,3.3,0.0,NONE
1779701887.242,79.7,89.2,32.2,1480.0,44.6,13.78,31.9,31.8,32.0,31.6,optimal,optimal,optimal,optimal,optimal,optimal,↑ increasing,→ stable,→ stable,100.0,✅ EXCELLENT,False,NONE,3.2,0.3,NONE
1779701888.243,79.8,89.2,31.7,1536.0,44.7,13.83,31.9,32.0,32.2,31.7,optimal,optimal,optimal,optimal,optimal,optimal,↑ increasing,→ stable,→ stable,100.0,✅ EXCELLENT,False,NONE,3.8,0.3,NONE
1779701889.244,81.9,89.2,31.9,1530.0,44.1,13.81,31.8,32.3,32.3,32.2,optimal,optimal,optimal,optimal,optimal,optimal,↑ increasing,→ stable,→ stable,100.0,✅ EXCELLENT,False,NONE,3.6,0.3,NONE
1779701890.244,77.3,89.1,32.0,1484.0,44.9,13.82,32.2,32.2,31.6,31.7,optimal,optimal,optimal,optimal,optimal,optimal,↑ increasing,→ stable,→ stable,100.0,✅ EXCELLENT,False,NONE,3.3,0.4,NONE
1779701891.246,78.3,90.9,32.1,1481.0,45.2,13.78,31.7,32.3,31.8,32.0,optimal,optimal,optimal,optimal,optimal,optimal,→ stable,→ stable,→ stable,100.0,✅ EXCELLENT,False,NONE,3.2,0.0,NONE
1779701892.246,81.6,89.9,31.7,1476.0,45.4,13.77,32.2,31.7,31.7,32.1,optimal,optimal,optimal,optimal,optimal,optimal,→ stable,→ stable,→ stable,100.0,✅ EXCELLENT,False,NONE,3.8,0.0,NONE
1779701893.247,78.9,89.2,31.9,1481.0,45.6,13.81,31.9,32.3,32.4,31.8,optimal,optimal,optimal,optimal,optimal,optimal,→ stable,→ stable,→ stable,100.0,✅ EXCELLENT,False,NONE,3.5,0.3,NONE
1779701894.248,81.3,90.8,31.9,1514.0,45.6,13.81,31.8,32.3,31.7,32.3,optimal,optimal,optimal,optimal,optimal,optimal,→ stable,→ stable,→ stable,100.0,✅ EXCELLENT,False,NONE,3.6,0.0,NONE
1779701895.249,79.1,89.6,32.2,1488.0,45.0,13.84,32.3,32.4,32.1,32.4,optimal,optimal,optimal,optimal,optimal,optimal,→ stable,→ stable,→ stable,100.0,✅ EXCELLENT,False,NONE,3.2,0.1,NONE
1779701896.25,78.6,90.2,32.0,1482.0,44.7,13.8,32.1,31.8,31.7,32.2,optimal,optimal,optimal,optimal,optimal,optimal,↓ decreasing,→ stable,→ stable,100.0,✅ EXCELLENT,False,NONE,3.4,0.0,NONE
1779701897.251,81.3,90.3,31.7,1494.0,44.8,13.81,31.6,32.0,32.3,32.0,optimal,optimal,optimal,optimal,optimal,optimal,↓ decreasing,→ stable,→ stable,100.0,✅ EXCELLENT,False,NONE,3.8,0.0,NONE
1779701898.252,81.5,88.5,31.9,1522.0,44.4,13.77,32.3,31.9,31.9,32.3,optimal,optimal,optimal,optimal,optimal,optimal,↓ decreasing,→ stable,→ stable,100.0,✅ EXCELLENT,False,NONE,3.6,1.1,NONE
1779701899.252,79.9,91.4,32.0,1484.0,45.5,13.85,31.7,32.0,32.1,31.9,optimal,optimal,optimal,optimal,optimal,optimal,↓ decreasing,→ stable,→ stable,100.0,✅ EXCELLENT,False,NONE,3.4,0.0,NONE
1779701900.253,80.5,90.0,31.7,1480.0,44.9,13.85,31.9,32.4,32.1,32.0,optimal,optimal,optimal,optimal,optimal,optimal,→ stable,→ stable,→ stable,100.0,✅ EXCELLENT,False,NONE,3.8,0.0,NONE
1779701901.254,77.0,89.8,32.2,1469.0,44.6,13.81,32.3,31.7,32.2,32.1,optimal,optimal,optimal,optimal,optimal,optimal,→ stable,→ stable,→ stable,100.0,✅ EXCELLENT,False,NONE,3.1,0.0,NONE
1779701902.254,82.6,90.2,31.8,1506.0,45.6,13.79,32.2,32.0,32.1,32.3,optimal,optimal,optimal,optimal,optimal,optimal,→ stable,→ stable,→ stable,100.0,✅ EXCELLENT,False,NONE,3.8,0.0,NONE
1779701903.255,79.4,91.0,31.9,1479.0,45.6,13.79,32.4,31.9,31.8,31.9,optimal,optimal,optimal,optimal,optimal,optimal,→ stable,→ stable,→ stable,100.0,✅ EXCELLENT,False,NONE,3.5,0.0,NONE
1779701904.256,81.0,90.1,32.3,1462.0,45.5,13.76,31.7,31.9,32.3,32.2,optimal,optimal,optimal,optimal,optimal,optimal,→ stable,→ stable,→ stable,100.0,✅ EXCELLENT,False,NONE,3.1,0.0,NONE
1779701905.257,80.7,89.4,31.9,1462.0,44.6,13.82,32.0,32.0,31.9,32.1,optimal,optimal,optimal,optimal,optimal,optimal,→ stable,→ stable,→ stable,100.0,✅ EXCELLENT,False,NONE,3.6,0.2,NONE
1779701906.258,77.8,90.0,32.1,1545.0,44.7,13.76,31.7,31.7,32.4,31.8,optimal,optimal,optimal,optimal,optimal,optimal,↑ increasing,→ stable,→ stable,100.0,✅ EXCELLENT,False,NONE,3.2,0.0,NONE
1779701907.259,78.3,91.4,31.8,1495.0,46.0,13.85,32.2,31.9,32.4,31.7,optimal,optimal,optimal,optimal,optimal,optimal,→ stable,→ stable,→ stable,100.0,✅ EXCELLENT,False,NONE,3.6,0.0,NONE
1779701908.26,77.7,88.6,32.1,1542.0,44.9,13.77,32.1,32.3,31.9,32.4,optimal,optimal,optimal,optimal,optimal,optimal,→ stable,→ stable,→ stable,100.0,✅ EXCELLENT,False,NONE,3.2,1.0,NONE
1779701909.26,78.4,90.6,32.4,1525.0,44.6,13.81,32.0,32.3,32.3,31.6,optimal,optimal,optimal,optimal,optimal,optimal,→ stable,→ stable,→ stable,100.0,✅ EXCELLENT,False,NONE,2.9,0.0,NONE
1779701910.26,79.8,90.3,32.1,1544.0,44.2,13.85,31.7,32.0,31.8,31.9,optimal,optimal,optimal,optimal,optimal,optimal,↓ decreasing,→ stable,→ stable,100.0,✅ EXCELLENT,False,NONE,3.3,0.0,NONE
1779701911.262,79.2,89.0,32.2,1542.0,44.1,13.79,31.8,31.9,32.2,31.8,optimal,optimal,optimal,optimal,optimal,optimal,→ stable,→ stable,→ stable,100.0,✅ EXCELLENT,False,NONE,3.2,0.5,NONE
1779701912.264,80.5,90.3,31.9,1461.0,44.4,13.81,32.2,32.0,32.1,32.1,optimal,optimal,optimal,optimal,optimal,optimal,↓ decreasing,→ stable,→ stable,100.0,✅ EXCELLENT,False,NONE,3.6,0.0,NONE
1779701913.265,80.3,88.7,31.8,1461.0,45.4,13.8,32.2,32.1,32.1,31.9,optimal,optimal,optimal,optimal,optimal,optimal,↓ decreasing,→ stable,→ stable,100.0,✅ EXCELLENT,False,NONE,3.7,0.8,NONE
1779701914.266,79.3,90.2,32.4,1475.0,45.2,13.85,32.3,31.9,32.0,31.9,optimal,optimal,optimal,optimal,optimal,optimal,↓ decreasing,→ stable,→ stable,100.0,✅ EXCELLENT,False,NONE,2.9,0.0,NONE
1779701915.267,82.8,91.1,32.2,1469.0,44.4,13.76,31.6,31.9,31.8,31.6,optimal,optimal,optimal,optimal,optimal,optimal,↓ decreasing,→ stable,→ stable,100.0,✅ EXCELLENT,False,NONE,3.3,0.0,NONE
1779701916.268,82.0,89.1,32.1,1485.0,44.8,13.82,32.2,31.9,31.9,32.1,optimal,optimal,optimal,optimal,optimal,optimal,→ stable,→ stable,→ stable,100.0,✅ EXCELLENT,False,NONE,3.4,0.4,NONE
1779701917.268,82.6,91.0,31.7,1526.0,44.6,13.84,31.7,32.2,31.9,32.0,optimal,optimal,optimal,optimal,optimal,optimal,→ stable,→ stable,→ stable,100.0,✅ EXCELLENT,False,NONE,3.9,0.0,NONE
1779701918.269,77.9,88.5,32.3,1503.0,44.4,13.81,32.0,32.0,32.2,31.8,optimal,optimal,optimal,optimal,optimal,optimal,↑ increasing,→ stable,→ stable,100.0,✅ EXCELLENT,False,NONE,3.0,1.1,NONE
1779701919.27,81.4,91.4,31.9,1483.0,46.0,13.82,32.1,32.3,31.8,32.3,optimal,optimal,optimal,optimal,optimal,optimal,↑ increasing,→ stable,→ stable,100.0,✅ EXCELLENT,False,NONE,3.6,0.0,NONE
1779701920.272,80.0,90.6,31.6,1530.0,45.2,13.8,31.7,31.8,32.4,31.7,optimal,optimal,optimal,optimal,optimal,optimal,↑ increasing,→ stable,→ stable,100.0,✅ EXCELLENT,False,NONE,3.9,0.0,NONE
1779701921.273,77.0,88.8,32.0,1548.0,45.7,13.76,32.0,32.4,32.4,31.9,optimal,optimal,optimal,optimal,optimal,optimal,↑ increasing,→ stable,→ stable,100.0,✅ EXCELLENT,False,NONE,3.3,0.7,NONE
1779701922.273,82.9,88.7,32.4,1505.0,45.2,13.78,32.2,32.0,31.8,32.1,optimal,optimal,optimal,optimal,optimal,optimal,↑ increasing,→ stable,→ stable,100.0,✅ EXCELLENT,False,NONE,3.1,0.8,NONE
1779701923.274,81.6,89.1,32.3,1462.0,44.5,13.78,32.3,32.3,32.3,32.1,optimal,optimal,optimal,optimal,optimal,optimal,↑ increasing,→ stable,→ stable,100.0,✅ EXCELLENT,False,NONE,3.1,0.4,NONE
1779701924.275,77.9,91.1,31.6,1501.0,44.2,13.77,32.2,32.3,32.0,32.1,optimal,optimal,optimal,optimal,optimal,optimal,↑ increasing,→ stable,→ stable,100.0,✅ EXCELLENT,False,NONE,3.8,0.0,NONE
1779701925.276,81.8,89.5,31.9,1545.0,45.8,13.75,32.3,32.2,32.1,31.9,optimal,optimal,optimal,optimal,optimal,optimal,↑ increasing,→ stable,→ stable,100.0,✅ EXCELLENT,False,NONE,3.6,0.1,NONE
1779701926.276,80.8,89.5,32.4,1476.0,45.4,13.81,31.7,31.9,31.7,31.9,optimal,optimal,optimal,optimal,optimal,optimal,↑ increasing,→ stable,→ stable,100.0,✅ EXCELLENT,False,NONE,3.0,0.1,NONE
1779701927.277,79.1,90.0,31.6,1522.0,44.1,13.81,31.8,31.7,31.8,31.9,optimal,optimal,optimal,optimal,optimal,optimal,→ stable,→ stable,→ stable,100.0,✅ EXCELLENT,False,NONE,3.8,0.0,NONE
1779701928.278,81.3,89.4,32.2,1499.0,44.8,13.79,31.8,32.3,32.0,32.3,optimal,optimal,optimal,optimal,optimal,optimal,→ stable,→ stable,→ stable,100.0,✅ EXCELLENT,False,NONE,3.3,0.2,NONE
1779701929.279,80.3,90.9,32.0,1538.0,45.6,13.84,32.3,32.2,32.1,31.8,optimal,optimal,optimal,optimal,optimal,optimal,→ stable,→ stable,→ stable,100.0,✅ EXCELLENT,False,NONE,3.4,0.0,NONE
1779701930.28,79.1,90.0,32.4,1520.0,45.1,13.81,31.9,31.6,32.1,31.9,optimal,optimal,optimal,optimal,optimal,optimal,→ stable,→ stable,→ stable,100.0,✅ EXCELLENT,False,NONE,2.9,0.0,NONE
1779701931.281,82.5,90.5,31.8,1529.0,44.6,13.76,32.1,31.8,31.7,31.8,optimal,optimal,optimal,optimal,optimal,optimal,→ stable,→ stable,→ stable,100.0,✅ EXCELLENT,False,NONE,3.8,0.0,NONE
1779701932.282,81.6,90.3,32.3,1467.0,44.8,13.81,31.7,31.9,31.9,31.7,optimal,optimal,optimal,optimal,optimal,optimal,→ stable,→ stable,→ stable,100.0,✅ EXCELLENT,False,NONE,3.1,0.0,NONE
1779701933.283,79.3,89.6,31.9,1524.0,44.4,13.82,32.3,31.9,31.9,32.0,optimal,optimal,optimal,optimal,optimal,optimal,→ stable,→ stable,→ stable,100.0,✅ EXCELLENT,False,NONE,3.5,0.1,NONE
1779701934.283,81.8,89.5,32.0,1527.0,44.0,13.79,32.3,31.8,32.2,31.8,optimal,optimal,optimal,optimal,optimal,optimal,→ stable,→ stable,→ stable,100.0,✅ EXCELLENT,False,NONE,3.5,0.1,NONE
1779701935.283,82.7,90.6,32.1,1498.0,44.5,13.76,31.7,31.9,32.2,31.8,optimal,optimal,optimal,optimal,optimal,optimal,→ stable,→ stable,→ stable,100.0,✅ EXCELLENT,False,NONE,3.4,0.0,NONE
1779701936.285,82.3,88.8,31.9,1526.0,44.6,13.8,31.8,31.9,32.3,32.1,optimal,optimal,optimal,optimal,optimal,optimal,↑ increasing,→ stable,→ stable,100.0,✅ EXCELLENT,False,NONE,3.6,0.7,NONE
1779701937.286,78.9,91.1,31.8,1479.0,45.4,13.81,32.2,32.0,32.3,31.9,optimal,optimal,optimal,optimal,optimal,optimal,↑ increasing,→ stable,→ stable,100.0,✅ EXCELLENT,False,NONE,3.6,0.0,NONE
1779701938.286,79.7,91.1,32.3,1534.0,44.9,13.83,32.1,32.3,32.0,31.7,optimal,optimal,optimal,optimal,optimal,optimal,→ stable,→ stable,→ stable,100.0,✅ EXCELLENT,False,NONE,3.1,0.0,NONE
1779701939.287,79.2,91.3,31.6,1541.0,45.0,13.78,32.1,31.9,32.1,32.1,optimal,optimal,optimal,optimal,optimal,optimal,→ stable,↑ increasing,→ stable,100.0,✅ EXCELLENT,False,NONE,3.8,0.0,NONE
1779701940.288,81.2,90.1,32.2,1493.0,44.4,13.77,32.0,32.3,32.0,32.2,optimal,optimal,optimal,optimal,optimal,optimal,↑ increasing,↑ increasing,→ stable,100.0,✅ EXCELLENT,False,NONE,3.2,0.0,NONE
1779701941.289,80.6,91.1,32.2,1476.0,44.8,13.81,31.8,31.8,32.1,31.7,optimal,optimal,optimal,optimal,optimal,optimal,→ stable,→ stable,→ stable,100.0,✅ EXCELLENT,False,NONE,3.2,0.0,NONE
1779701942.29,81.7,90.3,31.9,1483.0,45.6,13.84,32.2,32.0,32.3,32.1,optimal,optimal,optimal,optimal,optimal,optimal,→ stable,→ stable,→ stable,100.0,✅ EXCELLENT,False,NONE,3.6,0.0,NONE
1779701943.291,77.0,88.6,31.8,1521.0,44.6,13.84,31.9,32.0,32.3,32.2,optimal,optimal,optimal,optimal,optimal,optimal,→ stable,→ stable,→ stable,100.0,✅ EXCELLENT,False,NONE,3.5,1.0,NONE
1779701944.292,80.1,91.4,31.7,1490.0,45.5,13.8,32.0,32.2,32.3,32.0,optimal,optimal,optimal,optimal,optimal,optimal,→ stable,↑ increasing,→ stable,100.0,✅ EXCELLENT,False,NONE,3.8,0.0,NONE
1779701945.291,81.5,89.9,32.0,1518.0,45.5,13.79,32.2,32.3,32.1,32.3,optimal,optimal,optimal,optimal,optimal,optimal,↓ decreasing,→ stable,→ stable,100.0,✅ EXCELLENT,False,NONE,3.5,0.0,NONE
1779701946.292,77.3,90.4,32.2,1459.0,45.5,13.78,31.8,32.1,31.9,32.0,optimal,optimal,optimal,optimal,optimal,optimal,↓ decreasing,↑ increasing,→ stable,100.0,✅ EXCELLENT,False,NONE,3.1,0.0,NONE
1779701947.292,82.0,88.8,31.7,1487.0,44.9,13.78,31.8,32.2,31.9,31.6,optimal,optimal,optimal,optimal,optimal,optimal,↓ decreasing,→ stable,→ stable,100.0,✅ EXCELLENT,False,NONE,3.9,0.7,NONE
1779701948.293,77.3,89.0,32.1,1470.0,44.3,13.8,32.2,31.7,31.9,31.6,optimal,optimal,optimal,optimal,optimal,optimal,↓ decreasing,→ stable,→ stable,100.0,✅ EXCELLENT,False,NONE,3.2,0.5,NONE
1779701949.294,82.3,91.2,32.2,1499.0,46.0,13.77,31.8,31.8,31.9,32.4,optimal,optimal,optimal,optimal,optimal,optimal,↓ decreasing,→ stable,→ stable,100.0,✅ EXCELLENT,False,NONE,3.3,0.0,NONE
1779701950.295,78.5,90.7,31.8,1495.0,45.6,13.83,32.0,31.8,31.7,32.4,optimal,optimal,optimal,optimal,optimal,optimal,↓ decreasing,→ stable,→ stable,100.0,✅ EXCELLENT,False,NONE,3.6,0.0,NONE
1779701951.295,82.3,89.3,31.7,1523.0,44.4,13.81,32.1,32.1,31.8,32.2,optimal,optimal,optimal,optimal,optimal,optimal,↓ decreasing,→ stable,→ stable,100.0,✅ EXCELLENT,False,NONE,3.9,0.2,NONE
1779701952.295,82.7,89.6,32.1,1460.0,44.6,13.79,32.3,32.3,32.1,32.0,optimal,optimal,optimal,optimal,optimal,optimal,↓ decreasing,→ stable,→ stable,100.0,✅ EXCELLENT,False,NONE,3.4,0.1,NONE
1779701953.295,77.7,91.3,32.1,1503.0,45.6,13.75,31.6,31.8,31.6,31.9,optimal,optimal,optimal,optimal,optimal,optimal,→ stable,→ stable,→ stable,100.0,✅ EXCELLENT,False,NONE,3.2,0.0,NONE
1779701954.296,80.3,89.4,31.6,1465.0,44.5,13.79,31.9,32.3,31.7,31.6,optimal,optimal,optimal,optimal,optimal,optimal,→ stable,→ stable,→ stable,100.0,✅ EXCELLENT,False,NONE,3.9,0.2,NONE
1779701955.297,78.7,91.4,31.6,1503.0,45.6,13.81,31.8,31.9,31.7,31.7,optimal,optimal,optimal,optimal,optimal,optimal,→ stable,→ stable,→ stable,100.0,✅ EXCELLENT,False,NONE,3.8,0.0,NONE
1779701956.297,81.4,90.2,31.6,1543.0,44.1,13.82,32.0,32.3,32.2,31.9,optimal,optimal,optimal,optimal,optimal,optimal,↑ increasing,→ stable,→ stable,100.0,✅ EXCELLENT,False,NONE,4.0,0.0,NONE
1779701957.298,79.3,89.5,32.0,1484.0,44.9,13.75,31.6,32.4,32.1,32.1,optimal,optimal,optimal,optimal,optimal,optimal,→ stable,→ stable,→ stable,100.0,✅ EXCELLENT,False,NONE,3.4,0.1,NONE
1779701958.299,81.9,91.1,31.9,1501.0,44.8,13.79,31.8,31.8,31.8,31.9,optimal,optimal,optimal,optimal,optimal,optimal,↑ increasing,→ stable,→ stable,100.0,✅ EXCELLENT,False,NONE,3.6,0.0,NONE
1779701959.299,78.0,90.0,32.1,1549.0,45.5,13.79,32.3,31.7,32.0,32.3,optimal,optimal,optimal,optimal,optimal,optimal,→ stable,→ stable,→ stable,100.0,✅ EXCELLENT,False,NONE,3.2,0.0,NONE
1779701960.3,81.5,89.5,31.7,1547.0,44.6,13.8,31.7,32.0,32.3,31.8,optimal,optimal,optimal,optimal,optimal,optimal,↑ increasing,→ stable,→ stable,100.0,✅ EXCELLENT,False,NONE,3.8,0.1,NONE
1779701961.301,78.9,90.4,32.3,1499.0,44.5,13.85,32.2,32.4,32.1,31.7,optimal,optimal,optimal,optimal,optimal,optimal,→ stable,→ stable,→ stable,100.0,✅ EXCELLENT,False,NONE,3.0,0.0,NONE
1779701962.302,78.4,89.6,32.3,1454.0,44.0,13.82,32.2,32.0,31.8,32.2,optimal,optimal,optimal,optimal,optimal,optimal,→ stable,→ stable,→ stable,100.0,✅ EXCELLENT,False,NONE,3.0,0.1,NONE
1779701963.302,79.8,88.5,31.7,1477.0,45.5,13.77,31.6,32.2,32.3,32.1,optimal,optimal,optimal,optimal,optimal,optimal,→ stable,→ stable,→ stable,100.0,✅ EXCELLENT,False,NONE,3.8,1.1,NONE
1779701964.303,82.9,89.3,32.1,1484.0,45.3,13.78,31.9,32.0,32.2,31.9,optimal,optimal,optimal,optimal,optimal,optimal,→ stable,→ stable,→ stable,100.0,✅ EXCELLENT,False,NONE,3.4,0.2,NONE
1779701965.303,79.2,89.6,32.3,1519.0,44.3,13.78,32.2,32.2,32.0,31.8,optimal,optimal,optimal,optimal,optimal,optimal,→ stable,→ stable,→ stable,100.0,✅ EXCELLENT,False,NONE,3.1,0.1,NONE
1779701966.303,82.8,91.2,31.9,1527.0,45.8,13.81,31.7,32.0,31.9,31.7,optimal,optimal,optimal,optimal,optimal,optimal,→ stable,→ stable,→ stable,100.0,✅ EXCELLENT,False,NONE,3.7,0.0,NONE
1779701967.303,82.9,89.2,31.8,1506.0,44.9,13.85,32.3,32.2,32.2,31.7,optimal,optimal,optimal,optimal,optimal,optimal,↑ increasing,→ stable,→ stable,100.0,✅ EXCELLENT,False,NONE,3.8,0.3,NONE
1779701968.303,81.6,89.7,32.1,1522.0,44.2,13.84,32.3,32.4,31.9,32.0,optimal,optimal,optimal,optimal,optimal,optimal,→ stable,↓ decreasing,→ stable,100.0,✅ EXCELLENT,False,NONE,3.4,0.0,NONE
1779701969.304,78.0,89.2,32.0,1539.0,45.8,13.76,32.3,32.3,31.7,32.0,optimal,optimal,optimal,optimal,optimal,optimal,↑ increasing,↓ decreasing,→ stable,100.0,✅ EXCELLENT,False,NONE,3.3,0.3,NONE
1779701970.305,79.9,90.6,32.3,1541.0,45.7,13.79,31.6,32.3,32.1,32.1,optimal,optimal,optimal,optimal,optimal,optimal,→ stable,→ stable,→ stable,100.0,✅ EXCELLENT,False,NONE,3.1,0.0,NONE
1779701971.306,77.7,89.4,31.9,1463.0,44.2,13.79,31.9,31.6,32.3,31.7,optimal,optimal,optimal,optimal,optimal,optimal,→ stable,↓ decreasing,→ stable,100.0,✅ EXCELLENT,False,NONE,3.4,0.2,NONE
1779701972.307,81.2,91.4,31.6,1550.0,44.9,13.75,32.2,31.9,32.3,32.0,optimal,optimal,optimal,optimal,optimal,optimal,↑ increasing,→ stable,→ stable,100.0,✅ EXCELLENT,False,NONE,3.9,0.0,NONE
1779701973.308,78.4,90.8,31.9,1506.0,45.7,13.82,32.4,32.1,31.8,31.9,optimal,optimal,optimal,optimal,optimal,optimal,↑ increasing,→ stable,→ stable,100.0,✅ EXCELLENT,False,NONE,3.5,0.0,NONE
1779701974.309,78.8,89.1,32.1,1547.0,44.9,13.81,31.9,32.1,32.1,31.7,optimal,optimal,optimal,optimal,optimal,optimal,→ stable,→ stable,→ stable,100.0,✅ EXCELLENT,False,NONE,3.3,0.4,NONE
1779701975.309,79.4,89.8,32.3,1486.0,44.9,13.76,32.4,32.1,31.7,32.1,optimal,optimal,optimal,optimal,optimal,optimal,→ stable,→ stable,→ stable,100.0,✅ EXCELLENT,False,NONE,3.1,0.0,NONE
1779701976.31,82.4,91.3,31.7,1491.0,45.3,13.77,32.3,31.8,32.3,32.3,optimal,optimal,optimal,optimal,optimal,optimal,→ stable,→ stable,→ stable,100.0,✅ EXCELLENT,False,NONE,3.9,0.0,NONE
1779701977.31,79.1,88.6,31.9,1473.0,45.0,13.8,32.3,32.4,32.0,31.9,optimal,optimal,optimal,optimal,optimal,optimal,↓ decreasing,→ stable,→ stable,100.0,✅ EXCELLENT,False,NONE,3.5,1.0,NONE
1779701978.312,79.1,90.5,32.1,1480.0,45.4,13.78,32.1,32.1,31.9,31.7,optimal,optimal,optimal,optimal,optimal,optimal,↓ decreasing,→ stable,→ stable,100.0,✅ EXCELLENT,False,NONE,3.3,0.0,NONE
1779701979.312,82.9,90.6,32.3,1451.0,44.2,13.82,31.9,31.8,31.7,32.4,optimal,optimal,optimal,optimal,optimal,optimal,↓ decreasing,↑ increasing,→ stable,100.0,✅ EXCELLENT,False,NONE,3.2,0.0,NONE
1779701980.313,78.2,89.6,31.8,1453.0,45.3,13.8,31.7,32.0,31.9,32.0,optimal,optimal,optimal,optimal,optimal,optimal,↓ decreasing,→ stable,→ stable,100.0,✅ EXCELLENT,False,NONE,3.6,0.1,NONE
1779701981.314,82.8,91.3,32.3,1512.0,45.4,13.76,32.4,31.7,32.2,32.2,optimal,optimal,optimal,optimal,optimal,optimal,→ stable,↑ increasing,→ stable,100.0,✅ EXCELLENT,False,NONE,3.2,0.0,NONE
1779701982.315,82.3,89.2,32.1,1518.0,44.2,13.76,31.8,31.9,32.1,32.3,optimal,optimal,optimal,optimal,optimal,optimal,→ stable,→ stable,→ stable,100.0,✅ EXCELLENT,False,NONE,3.4,0.3,NONE
1779701983.316,77.9,90.4,32.1,1544.0,44.6,13.77,31.9,31.9,32.0,32.2,optimal,optimal,optimal,optimal,optimal,optimal,→ stable,→ stable,→ stable,100.0,✅ EXCELLENT,False,NONE,3.2,0.0,NONE
1779701984.317,79.9,90.5,32.1,1504.0,44.3,13.78,31.7,32.0,32.3,32.2,optimal,optimal,optimal,optimal,optimal,optimal,→ stable,→ stable,→ stable,100.0,✅ EXCELLENT,False,NONE,3.3,0.0,NONE
1779701985.318,79.7,89.5,32.4,1483.0,44.6,13.78,31.9,32.3,31.7,31.9,optimal,optimal,optimal,optimal,optimal,optimal,→ stable,→ stable,→ stable,100.0,✅ EXCELLENT,False,NONE,3.0,0.1,NONE
1779701986.319,82.1,89.0,32.2,1467.0,44.6,13.84,32.1,32.0,32.4,32.2,optimal,optimal,optimal,optimal,optimal,optimal,→ stable,→ stable,→ stable,100.0,✅ EXCELLENT,False,NONE,3.3,0.5,NONE
1779701987.319,79.8,90.8,32.3,1483.0,44.2,13.76,31.9,31.7,31.7,32.1,optimal,optimal,optimal,optimal,optimal,optimal,↑ increasing,→ stable,→ stable,100.0,✅ EXCELLENT,False,NONE,3.1,0.0,NONE
1779701988.32,79.3,91.1,31.7,1517.0,44.2,13.81,31.6,31.9,32.1,31.9,optimal,optimal,optimal,optimal,optimal,optimal,↑ increasing,→ stable,→ stable,100.0,✅ EXCELLENT,False,NONE,3.7,0.0,NONE
1779701989.32,82.3,90.9,31.9,1516.0,44.8,13.85,31.8,32.2,32.2,31.8,optimal,optimal,optimal,optimal,optimal,optimal,↑ increasing,→ stable,→ stable,100.0,✅ EXCELLENT,False,NONE,3.6,0.0,NONE
1779701990.321,81.8,90.6,32.1,1485.0,44.2,13.81,31.9,31.6,32.4,32.3,optimal,optimal,optimal,optimal,optimal,optimal,↑ increasing,→ stable,→ stable,100.0,✅ EXCELLENT,False,NONE,3.4,0.0,NONE
1779701991.322,82.2,90.0,32.0,1460.0,44.3,13.75,32.3,32.0,32.3,32.0,optimal,optimal,optimal,optimal,optimal,optimal,→ stable,→ stable,→ stable,100.0,✅ EXCELLENT,False,NONE,3.5,0.0,NONE
1779701992.324,82.9,90.7,32.3,1494.0,44.7,13.84,31.9,32.1,31.9,32.2,optimal,optimal,optimal,optimal,optimal,optimal,→ stable,→ stable,→ stable,100.0,✅ EXCELLENT,False,NONE,3.2,0.0,NONE
1779701993.324,82.8,89.3,32.1,1494.0,44.3,13.83,32.0,31.9,31.9,32.0,optimal,optimal,optimal,optimal,optimal,optimal,↑ increasing,→ stable,→ stable,100.0,✅ EXCELLENT,False,NONE,3.4,0.2,NONE
1779701994.324,81.7,89.7,31.9,1459.0,44.4,13.8,31.8,31.8,32.2,31.7,optimal,optimal,optimal,optimal,optimal,optimal,↑ increasing,→ stable,→ stable,100.0,✅ EXCELLENT,False,NONE,3.6,0.0,NONE
1779701995.325,80.9,88.5,31.8,1462.0,45.6,13.83,31.8,31.8,31.8,32.3,optimal,optimal,optimal,optimal,optimal,optimal,↑ increasing,→ stable,→ stable,100.0,✅ EXCELLENT,False,NONE,3.7,1.1,NONE
1779701996.325,77.9,90.1,32.2,1544.0,45.1,13.84,32.2,31.7,32.1,31.8,optimal,optimal,optimal,optimal,optimal,optimal,↑ increasing,→ stable,→ stable,100.0,✅ EXCELLENT,False,NONE,3.1,0.0,NONE
1779701997.327,83.0,89.2,31.9,1458.0,44.8,13.76,32.2,31.8,31.7,31.8,optimal,optimal,optimal,optimal,optimal,optimal,↑ increasing,→ stable,→ stable,100.0,✅ EXCELLENT,False,NONE,3.7,0.3,NONE
1779701998.327,78.3,89.7,32.4,1530.0,45.9,13.76,31.7,32.4,31.7,31.8,optimal,optimal,optimal,optimal,optimal,optimal,↑ increasing,→ stable,→ stable,100.0,✅ EXCELLENT,False,NONE,2.9,0.0,NONE
1779701999.328,81.8,90.3,32.1,1507.0,45.5,13.83,32.0,31.8,32.4,31.7,optimal,optimal,optimal,optimal,optimal,optimal,↑ increasing,→ stable,→ stable,100.0,✅ EXCELLENT,False,NONE,3.4,0.0,NONE
1779702000.33,82.2,89.2,31.7,1489.0,44.1,13.82,31.7,31.6,32.1,32.0,optimal,optimal,optimal,optimal,optimal,optimal,↑ increasing,↓ decreasing,→ stable,100.0,✅ EXCELLENT,False,NONE,3.9,0.3,NONE
1779702001.331,80.9,89.5,31.7,1535.0,45.9,13.81,31.8,32.3,32.4,31.7,optimal,optimal,optimal,optimal,optimal,optimal,↑ increasing,↓ decreasing,→ stable,100.0,✅ EXCELLENT,False,NONE,3.8,0.1,NONE
1779702002.332,77.3,91.5,32.4,1478.0,44.6,13.75,31.8,31.8,32.4,32.2,optimal,optimal,optimal,optimal,optimal,optimal,→ stable,↓ decreasing,→ stable,100.0,✅ EXCELLENT,False,NONE,2.9,0.0,NONE
1779702003.333,77.7,90.6,32.2,1498.0,45.5,13.78,31.6,32.3,32.4,31.7,optimal,optimal,optimal,optimal,optimal,optimal,↓ decreasing,→ stable,→ stable,100.0,✅ EXCELLENT,False,NONE,3.1,0.0,NONE
1779702004.334,82.2,89.6,31.9,1488.0,44.2,13.84,31.7,32.4,32.1,31.8,optimal,optimal,optimal,optimal,optimal,optimal,↓ decreasing,→ stable,→ stable,100.0,✅ EXCELLENT,False,NONE,3.6,0.1,NONE
1779702005.335,78.7,90.2,31.8,1535.0,44.3,13.81,32.3,31.9,31.9,32.2,optimal,optimal,optimal,optimal,optimal,optimal,↓ decreasing,→ stable,→ stable,100.0,✅ EXCELLENT,False,NONE,3.6,0.0,NONE
1779702006.336,82.0,89.8,31.6,1517.0,44.8,13.82,31.8,31.9,31.9,31.9,optimal,optimal,optimal,optimal,optimal,optimal,↓ decreasing,→ stable,→ stable,100.0,✅ EXCELLENT,False,NONE,4.0,0.0,NONE
1779702007.337,83.0,91.0,32.2,1545.0,44.4,13.78,31.7,32.1,32.0,32.0,optimal,optimal,optimal,optimal,optimal,optimal,↓ decreasing,→ stable,→ stable,100.0,✅ EXCELLENT,False,NONE,3.3,0.0,NONE
1779702008.338,79.4,89.4,31.9,1453.0,44.2,13.77,32.2,32.1,32.1,32.2,optimal,optimal,optimal,optimal,optimal,optimal,↓ decreasing,→ stable,→ stable,100.0,✅ EXCELLENT,False,NONE,3.5,0.2,NONE
1779702009.338,80.1,89.8,31.8,1487.0,45.1,13.82,31.7,31.6,32.3,32.1,optimal,optimal,optimal,optimal,optimal,optimal,↓ decreasing,→ stable,→ stable,100.0,✅ EXCELLENT,False,NONE,3.7,0.0,NONE
1779702010.339,80.5,88.8,32.0,1537.0,44.8,13.78,31.9,31.9,31.9,31.7,optimal,optimal,optimal,optimal,optimal,optimal,↓ decreasing,→ stable,→ stable,100.0,✅ EXCELLENT,False,NONE,3.5,0.7,NONE
1779702011.34,82.0,89.5,32.1,1512.0,45.6,13.84,32.0,31.7,31.7,31.6,optimal,optimal,optimal,optimal,optimal,optimal,↓ decreasing,→ stable,→ stable,100.0,✅ EXCELLENT,False,NONE,3.4,0.1,NONE
1779702012.341,78.4,90.6,31.6,1461.0,45.3,13.8,32.2,31.7,31.6,31.9,optimal,optimal,optimal,optimal,optimal,optimal,→ stable,→ stable,→ stable,100.0,✅ EXCELLENT,False,NONE,3.8,0.0,NONE
1779702013.341,80.3,90.2,31.7,1476.0,45.8,13.76,32.0,32.3,32.0,32.1,optimal,optimal,optimal,optimal,optimal,optimal,→ stable,→ stable,→ stable,100.0,✅ EXCELLENT,False,NONE,3.8,0.0,NONE
1779702014.341,80.8,90.5,32.3,1506.0,44.3,13.85,32.2,31.7,32.1,32.0,optimal,optimal,optimal,optimal,optimal,optimal,→ stable,→ stable,→ stable,100.0,✅ EXCELLENT,False,NONE,3.1,0.0,NONE
1779702015.342,78.9,91.0,32.4,1531.0,45.4,13.83,32.1,32.0,31.7,32.0,optimal,optimal,optimal,optimal,optimal,optimal,↑ increasing,→ stable,→ stable,100.0,✅ EXCELLENT,False,NONE,2.9,0.0,NONE
1779702016.343,80.6,89.6,31.9,1541.0,44.5,13.81,31.8,32.4,31.9,32.2,optimal,optimal,optimal,optimal,optimal,optimal,→ stable,→ stable,→ stable,100.0,✅ EXCELLENT,False,NONE,3.6,0.1,NONE
1779702017.343,78.7,90.5,32.1,1481.0,45.3,13.83,31.6,31.8,31.7,31.8,optimal,optimal,optimal,optimal,optimal,optimal,→ stable,→ stable,→ stable,100.0,✅ EXCELLENT,False,NONE,3.3,0.0,NONE
1779702018.344,78.8,89.3,32.2,1456.0,44.3,13.83,31.8,32.3,32.4,32.3,optimal,optimal,optimal,optimal,optimal,optimal,↓ decreasing,→ stable,→ stable,100.0,✅ EXCELLENT,False,NONE,3.2,0.2,NONE
1779702019.344,81.5,88.7,32.0,1503.0,44.9,13.81,32.3,32.4,32.0,31.7,optimal,optimal,optimal,optimal,optimal,optimal,→ stable,→ stable,→ stable,100.0,✅ EXCELLENT,False,NONE,3.5,0.8,NONE
1779702020.344,82.3,90.5,32.1,1527.0,45.6,13.82,31.9,31.9,31.8,32.3,optimal,optimal,optimal,optimal,optimal,optimal,→ stable,→ stable,→ stable,100.0,✅ EXCELLENT,False,NONE,3.4,0.0,NONE
1779702021.345,81.0,90.3,32.3,1491.0,45.5,13.81,31.9,31.8,31.7,32.0,optimal,optimal,optimal,optimal,optimal,optimal,→ stable,→ stable,→ stable,100.0,✅ EXCELLENT,False,NONE,3.1,0.0,NONE
1779702022.346,77.7,90.0,32.4,1550.0,44.0,13.75,32.2,31.8,32.0,32.2,optimal,optimal,optimal,optimal,optimal,optimal,→ stable,→ stable,→ stable,100.0,✅ EXCELLENT,False,NONE,2.9,0.0,NONE
1779702023.347,78.4,88.6,31.8,1461.0,45.1,13.79,31.6,32.3,32.1,31.9,optimal,optimal,optimal,optimal,optimal,optimal,↓ decreasing,→ stable,→ stable,100.0,✅ EXCELLENT,False,NONE,3.6,1.0,NONE
1779702024.348,79.2,89.8,31.7,1534.0,44.9,13.79,31.9,31.8,31.8,31.8,optimal,optimal,optimal,optimal,optimal,optimal,↓ decreasing,→ stable,→ stable,100.0,✅ EXCELLENT,False,NONE,3.7,0.0,NONE
1779702025.349,79.9,90.4,32.0,1491.0,44.8,13.78,31.8,31.7,32.2,32.3,optimal,optimal,optimal,optimal,optimal,optimal,↓ decreasing,→ stable,→ stable,100.0,✅ EXCELLENT,False,NONE,3.4,0.0,NONE
1779702026.35,77.8,89.0,32.4,1494.0,44.6,13.76,31.7,31.9,31.9,31.9,optimal,optimal,optimal,optimal,optimal,optimal,↓ decreasing,→ stable,→ stable,100.0,✅ EXCELLENT,False,NONE,2.9,0.5,NONE
1779702027.351,82.6,91.3,31.9,1515.0,44.5,13.77,32.1,32.0,32.1,32.0,optimal,optimal,optimal,optimal,optimal,optimal,→ stable,→ stable,→ stable,100.0,✅ EXCELLENT,False,NONE,3.7,0.0,NONE
1779702028.351,81.2,90.4,32.2,1491.0,44.8,13.8,32.1,32.0,32.1,32.0,optimal,optimal,optimal,optimal,optimal,optimal,→ stable,→ stable,→ stable,100.0,✅ EXCELLENT,False,NONE,3.2,0.0,NONE
1779702029.351,77.0,89.2,31.9,1483.0,44.2,13.78,31.8,32.3,32.2,32.1,optimal,optimal,optimal,optimal,optimal,optimal,→ stable,→ stable,→ stable,100.0,✅ EXCELLENT,False,NONE,3.4,0.3,NONE
1779702030.351,81.7,90.1,32.3,1485.0,44.4,13.83,32.3,31.8,31.7,32.1,optimal,optimal,optimal,optimal,optimal,optimal,↓ decreasing,→ stable,→ stable,100.0,✅ EXCELLENT,False,NONE,3.2,0.0,NONE
1779702031.353,78.8,89.9,31.9,1468.0,44.8,13.79,31.8,32.1,31.9,31.8,optimal,optimal,optimal,optimal,optimal,optimal,↓ decreasing,→ stable,→ stable,100.0,✅ EXCELLENT,False,NONE,3.5,0.0,NONE
1779702032.354,79.1,90.4,32.4,1452.0,45.4,13.84,31.9,31.9,31.8,32.4,optimal,optimal,optimal,optimal,optimal,optimal,→ stable,→ stable,→ stable,100.0,✅ EXCELLENT,False,NONE,2.9,0.0,NONE
1779702033.355,80.9,89.3,31.9,1516.0,45.7,13.82,32.2,32.2,32.1,31.8,optimal,optimal,optimal,optimal,optimal,optimal,→ stable,→ stable,→ stable,100.0,✅ EXCELLENT,False,NONE,3.6,0.2,NONE
1779702034.356,78.4,90.3,31.9,1459.0,44.8,13.79,31.9,32.0,31.8,32.0,optimal,optimal,optimal,optimal,optimal,optimal,→ stable,→ stable,→ stable,100.0,✅ EXCELLENT,False,NONE,3.5,0.0,NONE
1779702035.356,77.7,90.9,32.2,1490.0,45.2,13.79,31.8,32.2,31.9,31.9,optimal,optimal,optimal,optimal,optimal,optimal,→ stable,→ stable,→ stable,100.0,✅ EXCELLENT,False,NONE,3.1,0.0,NONE
1779702036.357,80.8,89.5,32.2,1532.0,45.8,13.82,32.0,32.2,31.8,32.0,optimal,optimal,optimal,optimal,optimal,optimal,→ stable,→ stable,→ stable,100.0,✅ EXCELLENT,False,NONE,3.2,0.1,NONE
1779702037.358,77.2,89.1,32.0,1547.0,44.6,13.77,32.2,32.1,31.7,32.4,optimal,optimal,optimal,optimal,optimal,optimal,↓ decreasing,→ stable,→ stable,100.0,✅ EXCELLENT,False,NONE,3.3,0.4,NONE
1779702038.358,77.5,89.3,31.7,1517.0,45.3,13.82,32.0,31.6,32.2,31.8,optimal,optimal,optimal,optimal,optimal,optimal,↓ decreasing,→ stable,→ stable,100.0,✅ EXCELLENT,False,NONE,3.7,0.2,NONE
1779702039.358,77.9,90.7,31.7,1451.0,45.7,13.75,32.1,31.8,32.2,31.6,optimal,optimal,optimal,optimal,optimal,optimal,↓ decreasing,→ stable,→ stable,100.0,✅ EXCELLENT,False,NONE,3.7,0.0,NONE
1779702040.358,79.1,88.8,31.8,1503.0,44.2,13.78,31.9,32.2,31.6,32.2,optimal,optimal,optimal,optimal,optimal,optimal,↓ decreasing,→ stable,→ stable,100.0,✅ EXCELLENT,False,NONE,3.6,0.7,NONE
1779702041.359,79.9,90.5,32.1,1515.0,44.6,13.81,32.0,32.4,32.0,32.0,optimal,optimal,optimal,optimal,optimal,optimal,↓ decreasing,→ stable,→ stable,100.0,✅ EXCELLENT,False,NONE,3.3,0.0,NONE
1779702042.36,82.6,88.7,32.2,1460.0,44.7,13.75,32.4,32.3,32.3,31.7,optimal,optimal,optimal,optimal,optimal,optimal,→ stable,→ stable,→ stable,100.0,✅ EXCELLENT,False,NONE,3.3,0.8,NONE
1779702043.36,82.2,90.2,32.0,1505.0,45.4,13.76,32.0,32.0,31.9,32.3,optimal,optimal,optimal,optimal,optimal,optimal,→ stable,→ stable,→ stable,100.0,✅ EXCELLENT,False,NONE,3.5,0.0,NONE
1779702044.361,78.1,88.6,31.8,1489.0,45.9,13.82,32.2,32.4,31.9,31.7,optimal,optimal,optimal,optimal,optimal,optimal,→ stable,→ stable,→ stable,100.0,✅ EXCELLENT,False,NONE,3.6,1.0,NONE
1779702045.362,77.4,89.6,32.2,1471.0,45.2,13.84,32.0,31.8,32.3,31.8,optimal,optimal,optimal,optimal,optimal,optimal,→ stable,↓ decreasing,→ stable,100.0,✅ EXCELLENT,False,NONE,3.1,0.1,NONE
1779702046.363,77.8,89.0,31.7,1456.0,44.0,13.83,32.4,32.0,32.3,32.1,optimal,optimal,optimal,optimal,optimal,optimal,↓ decreasing,↓ decreasing,→ stable,100.0,✅ EXCELLENT,False,NONE,3.7,0.5,NONE
1779702047.364,82.9,88.7,32.4,1518.0,45.1,13.81,31.9,32.1,31.9,31.6,optimal,optimal,optimal,optimal,optimal,optimal,→ stable,→ stable,→ stable,100.0,✅ EXCELLENT,False,NONE,3.1,0.8,NONE
1779702048.365,81.8,89.8,31.8,1503.0,45.6,13.78,31.9,31.7,31.9,32.3,optimal,optimal,optimal,optimal,optimal,optimal,↑ increasing,→ stable,→ stable,100.0,✅ EXCELLENT,False,NONE,3.7,0.0,NONE
1779702049.366,79.0,91.4,31.7,1455.0,44.8,13.81,32.1,31.7,32.3,32.2,optimal,optimal,optimal,optimal,optimal,optimal,↑ increasing,→ stable,→ stable,100.0,✅ EXCELLENT,False,NONE,3.7,0.0,NONE
1779702050.367,82.2,91.1,32.0,1472.0,46.0,13.78,31.9,32.0,32.1,32.1,optimal,optimal,optimal,optimal,optimal,optimal,↑ increasing,→ stable,→ stable,100.0,✅ EXCELLENT,False,NONE,3.5,0.0,NONE
1779702051.368,78.9,89.1,31.8,1534.0,45.9,13.78,31.7,31.7,31.7,31.7,optimal,optimal,optimal,optimal,optimal,optimal,↑ increasing,→ stable,→ stable,100.0,✅ EXCELLENT,False,NONE,3.6,0.4,NONE
1779702052.369,80.0,89.7,31.9,1550.0,44.7,13.82,31.9,31.8,31.6,31.9,optimal,optimal,optimal,optimal,optimal,optimal,↑ increasing,→ stable,→ stable,100.0,✅ EXCELLENT,False,NONE,3.5,0.0,NONE
1779702053.37,77.4,89.5,31.9,1478.0,45.9,13.82,32.2,32.2,32.2,32.3,optimal,optimal,optimal,optimal,optimal,optimal,→ stable,→ stable,→ stable,100.0,✅ EXCELLENT,False,NONE,3.4,0.1,NONE
1779702054.371,79.9,89.4,32.1,1513.0,44.4,13.76,32.1,32.2,31.8,32.1,optimal,optimal,optimal,optimal,optimal,optimal,→ stable,→ stable,→ stable,100.0,✅ EXCELLENT,False,NONE,3.3,0.2,NONE
1779702055.372,82.3,90.1,31.7,1451.0,44.7,13.79,31.6,32.2,31.9,32.2,optimal,optimal,optimal,optimal,optimal,optimal,↑ increasing,→ stable,→ stable,100.0,✅ EXCELLENT,False,NONE,3.9,0.0,NONE
1779702056.371,77.1,90.0,32.2,1451.0,44.5,13.81,31.9,32.1,32.1,32.3,optimal,optimal,optimal,optimal,optimal,optimal,↑ increasing,→ stable,→ stable,100.0,✅ EXCELLENT,False,NONE,3.1,0.0,NONE
1779702057.371,80.5,88.7,31.9,1514.0,44.9,13.83,32.2,32.1,32.0,32.3,optimal,optimal,optimal,optimal,optimal,optimal,→ stable,→ stable,→ stable,100.0,✅ EXCELLENT,False,NONE,3.6,0.8,NONE
1779702058.371,80.2,90.6,31.8,1538.0,44.1,13.75,32.2,32.1,31.6,32.3,optimal,optimal,optimal,optimal,optimal,optimal,→ stable,→ stable,→ stable,100.0,✅ EXCELLENT,False,NONE,3.7,0.0,NONE
1779702059.372,78.7,91.0,31.8,1464.0,44.9,13.79,32.3,31.6,31.7,31.7,optimal,optimal,optimal,optimal,optimal,optimal,→ stable,→ stable,→ stable,100.0,✅ EXCELLENT,False,NONE,3.6,0.0,NONE
1779702060.373,81.3,90.7,31.8,1481.0,46.0,13.83,32.3,31.8,32.3,31.7,optimal,optimal,optimal,optimal,optimal,optimal,↓ decreasing,→ stable,→ stable,100.0,✅ EXCELLENT,False,NONE,3.7,0.0,NONE
1779702061.374,80.7,90.9,31.7,1531.0,45.9,13.76,32.2,31.7,32.3,31.7,optimal,optimal,optimal,optimal,optimal,optimal,→ stable,→ stable,→ stable,100.0,✅ EXCELLENT,False,NONE,3.8,0.0,NONE
1779702062.376,81.7,89.0,32.0,1516.0,44.3,13.76,31.7,32.0,32.0,32.1,optimal,optimal,optimal,optimal,optimal,optimal,→ stable,→ stable,→ stable,100.0,✅ EXCELLENT,False,NONE,3.5,0.5,NONE
1779702063.377,79.5,91.4,31.9,1539.0,44.4,13.82,32.4,32.0,31.6,32.3,optimal,optimal,optimal,optimal,optimal,optimal,↑ increasing,↑ increasing,→ stable,100.0,✅ EXCELLENT,False,NONE,3.5,0.0,NONE
1779702064.378,79.5,90.1,31.7,1458.0,45.6,13.83,31.7,31.7,31.9,31.8,optimal,optimal,optimal,optimal,optimal,optimal,→ stable,↑ increasing,→ stable,100.0,✅ EXCELLENT,False,NONE,3.7,0.0,NONE
1779702065.378,77.8,88.5,31.7,1502.0,45.9,13.83,32.0,32.4,32.0,32.1,optimal,optimal,optimal,optimal,optimal,optimal,↓ decreasing,→ stable,→ stable,100.0,✅ EXCELLENT,False,NONE,3.7,1.1,NONE
1779702066.379,82.4,88.8,32.1,1534.0,45.1,13.83,32.4,31.8,32.3,31.7,optimal,optimal,optimal,optimal,optimal,optimal,→ stable,→ stable,→ stable,100.0,✅ EXCELLENT,False,NONE,3.4,0.7,NONE
1779702067.38,79.0,89.7,32.3,1520.0,45.7,13.78,32.3,31.8,32.0,31.9,optimal,optimal,optimal,optimal,optimal,optimal,→ stable,→ stable,→ stable,100.0,✅ EXCELLENT,False,NONE,3.0,0.0,NONE
1779702068.381,82.1,89.7,32.2,1518.0,44.7,13.77,32.2,32.4,32.3,32.1,optimal,optimal,optimal,optimal,optimal,optimal,↑ increasing,→ stable,→ stable,100.0,✅ EXCELLENT,False,NONE,3.3,0.0,NONE
1779702069.382,81.4,88.9,32.3,1533.0,44.2,13.81,31.8,32.1,31.7,31.9,optimal,optimal,optimal,optimal,optimal,optimal,↑ increasing,→ stable,→ stable,100.0,✅ EXCELLENT,False,NONE,3.1,0.6,NONE
1779702070.383,78.6,88.5,31.9,1459.0,45.6,13.79,31.7,31.7,32.1,32.3,optimal,optimal,optimal,optimal,optimal,optimal,↑ increasing,→ stable,→ stable,100.0,✅ EXCELLENT,False,NONE,3.5,1.1,NONE
1779702071.383,78.7,90.5,32.4,1520.0,45.1,13.84,32.3,32.2,31.9,32.4,optimal,optimal,optimal,optimal,optimal,optimal,→ stable,↓ decreasing,→ stable,100.0,✅ EXCELLENT,False,NONE,2.9,0.0,NONE
1779702072.384,78.6,89.5,31.6,1466.0,44.9,13.79,31.9,32.1,32.1,31.8,optimal,optimal,optimal,optimal,optimal,optimal,→ stable,→ stable,→ stable,100.0,✅ EXCELLENT,False,NONE,3.8,0.1,NONE
1779702073.385,78.5,91.2,31.6,1546.0,45.4,13.81,32.1,32.3,31.6,32.1,optimal,optimal,optimal,optimal,optimal,optimal,↓ decreasing,↓ decreasing,→ stable,100.0,✅ EXCELLENT,False,NONE,3.8,0.0,NONE
1779702074.386,78.4,91.0,32.2,1539.0,45.7,13.84,32.3,32.1,31.7,32.3,optimal,optimal,optimal,optimal,optimal,optimal,↓ decreasing,↓ decreasing,→ stable,100.0,✅ EXCELLENT,False,NONE,3.1,0.0,NONE
1779702075.387,80.2,90.2,31.9,1488.0,44.1,13.81,32.0,32.1,32.2,32.2,optimal,optimal,optimal,optimal,optimal,optimal,→ stable,→ stable,→ stable,100.0,✅ EXCELLENT,False,NONE,3.6,0.0,NONE
1779702076.388,82.4,91.4,32.0,1473.0,44.1,13.78,31.9,32.2,32.0,32.1,optimal,optimal,optimal,optimal,optimal,optimal,→ stable,→ stable,→ stable,100.0,✅ EXCELLENT,False,NONE,3.5,0.0,NONE
1779702077.388,77.7,91.3,32.2,1460.0,45.5,13.8,32.2,32.0,32.1,31.8,optimal,optimal,optimal,optimal,optimal,optimal,→ stable,→ stable,→ stable,100.0,✅ EXCELLENT,False,NONE,3.1,0.0,NONE
1779702078.389,81.2,91.0,31.8,1533.0,45.8,13.77,32.1,32.0,32.3,32.2,optimal,optimal,optimal,optimal,optimal,optimal,↓ decreasing,→ stable,→ stable,100.0,✅ EXCELLENT,False,NONE,3.7,0.0,NONE
1779702079.39,77.2,89.4,32.4,1538.0,45.4,13.79,31.7,31.9,32.0,32.3,optimal,optimal,optimal,optimal,optimal,optimal,↓ decreasing,↑ increasing,→ stable,100.0,✅ EXCELLENT,False,NONE,2.9,0.2,NONE
1779702080.39,78.6,88.7,31.8,1527.0,45.7,13.75,31.7,32.1,31.6,31.8,optimal,optimal,optimal,optimal,optimal,optimal,↓ decreasing,↑ increasing,→ stable,100.0,✅ EXCELLENT,False,NONE,3.6,0.8,NONE
1779702081.39,79.1,90.8,32.4,1473.0,44.2,13.83,31.8,31.8,31.8,31.8,optimal,optimal,optimal,optimal,optimal,optimal,↓ decreasing,↑ increasing,→ stable,100.0,✅ EXCELLENT,False,NONE,2.9,0.0,NONE
1779702082.39,80.5,90.9,32.2,1450.0,45.7,13.84,31.9,32.2,32.0,31.8,optimal,optimal,optimal,optimal,optimal,optimal,→ stable,↑ increasing,→ stable,100.0,✅ EXCELLENT,False,NONE,3.2,0.0,NONE
1779702083.391,78.0,89.6,31.8,1517.0,44.7,13.85,31.8,31.6,32.2,32.1,optimal,optimal,optimal,optimal,optimal,optimal,→ stable,↑ increasing,→ stable,100.0,✅ EXCELLENT,False,NONE,3.6,0.1,NONE
1779702084.392,78.9,89.8,31.7,1457.0,45.1,13.81,31.9,31.9,32.1,32.1,optimal,optimal,optimal,optimal,optimal,optimal,→ stable,↑ increasing,→ stable,100.0,✅ EXCELLENT,False,NONE,3.7,0.0,NONE
1779702085.393,79.3,89.7,32.2,1499.0,44.9,13.82,32.3,31.6,32.2,31.9,optimal,optimal,optimal,optimal,optimal,optimal,→ stable,→ stable,→ stable,100.0,✅ EXCELLENT,False,NONE,3.2,0.0,NONE
1779702086.394,77.9,88.8,31.7,1472.0,45.7,13.84,32.2,31.6,32.0,31.9,optimal,optimal,optimal,optimal,optimal,optimal,↓ decreasing,→ stable,→ stable,100.0,✅ EXCELLENT,False,NONE,3.7,0.7,NONE
1779702087.395,81.8,88.7,31.7,1536.0,44.8,13.83,32.0,31.7,32.4,31.8,optimal,optimal,optimal,optimal,optimal,optimal,→ stable,→ stable,→ stable,100.0,✅ EXCELLENT,False,NONE,3.9,0.8,NONE
1779702088.396,82.3,88.6,31.8,1480.0,45.6,13.82,31.7,31.8,31.8,32.1,optimal,optimal,optimal,optimal,optimal,optimal,→ stable,↓ decreasing,→ stable,100.0,✅ EXCELLENT,False,NONE,3.8,1.0,NONE
1779702089.398,80.2,91.2,32.0,1467.0,44.5,13.76,31.9,32.0,32.3,31.8,optimal,optimal,optimal,optimal,optimal,optimal,↑ increasing,↓ decreasing,→ stable,100.0,✅ EXCELLENT,False,NONE,3.4,0.0,NONE
1779702090.399,78.7,90.9,31.9,1481.0,44.7,13.82,32.2,32.3,32.3,31.7,optimal,optimal,optimal,optimal,optimal,optimal,↑ increasing,↓ decreasing,→ stable,100.0,✅ EXCELLENT,False,NONE,3.5,0.0,NONE
1779702091.398,79.8,89.0,32.2,1488.0,45.0,13.83,31.6,31.8,32.1,31.9,optimal,optimal,optimal,optimal,optimal,optimal,↑ increasing,↓ decreasing,→ stable,100.0,✅ EXCELLENT,False,NONE,3.2,0.5,NONE
1779702092.398,81.4,90.3,32.0,1482.0,44.8,13.83,31.9,31.9,32.2,32.0,optimal,optimal,optimal,optimal,optimal,optimal,→ stable,↓ decreasing,→ stable,100.0,✅ EXCELLENT,False,NONE,3.5,0.0,NONE
1779702093.399,77.6,88.9,32.2,1512.0,45.1,13.77,31.9,32.1,31.6,32.1,optimal,optimal,optimal,optimal,optimal,optimal,→ stable,↓ decreasing,→ stable,100.0,✅ EXCELLENT,False,NONE,3.1,0.6,NONE
1779702094.4,82.8,89.1,31.7,1473.0,44.5,13.78,32.0,32.1,31.8,32.0,optimal,optimal,optimal,optimal,optimal,optimal,↑ increasing,↓ decreasing,→ stable,100.0,✅ EXCELLENT,False,NONE,3.9,0.4,NONE
1779702095.401,80.1,90.1,31.9,1455.0,44.2,13.85,32.1,32.3,31.8,32.3,optimal,optimal,optimal,optimal,optimal,optimal,↑ increasing,↓ decreasing,→ stable,100.0,✅ EXCELLENT,False,NONE,3.5,0.0,NONE
1779702096.4,79.8,90.4,31.7,1479.0,45.4,13.82,32.2,31.7,31.8,31.7,optimal,optimal,optimal,optimal,optimal,optimal,↑ increasing,→ stable,→ stable,100.0,✅ EXCELLENT,False,NONE,3.8,0.0,NONE
1779702097.401,81.5,90.0,31.7,1464.0,44.3,13.78,32.2,31.7,32.4,31.7,optimal,optimal,optimal,optimal,optimal,optimal,↑ increasing,→ stable,→ stable,100.0,✅ EXCELLENT,False,NONE,3.8,0.0,NONE
1779702098.402,79.3,90.7,32.1,1477.0,44.7,13.83,32.0,32.1,32.2,32.4,optimal,optimal,optimal,optimal,optimal,optimal,↑ increasing,↑ increasing,→ stable,100.0,✅ EXCELLENT,False,NONE,3.3,0.0,NONE
1779702099.403,79.5,88.5,31.6,1547.0,45.4,13.8,32.1,31.7,32.2,31.6,optimal,optimal,optimal,optimal,optimal,optimal,→ stable,→ stable,→ stable,100.0,✅ EXCELLENT,False,NONE,3.9,1.1,NONE
1779702100.403,80.0,90.6,32.3,1526.0,44.3,13.81,32.0,32.0,32.4,32.1,optimal,optimal,optimal,optimal,optimal,optimal,↑ increasing,→ stable,→ stable,100.0,✅ EXCELLENT,False,NONE,3.1,0.0,NONE
1779702101.404,81.6,91.5,32.2,1494.0,45.3,13.76,32.1,31.6,31.6,32.1,optimal,optimal,optimal,optimal,optimal,optimal,↑ increasing,→ stable,→ stable,100.0,✅ EXCELLENT,False,NONE,3.3,0.0,NONE
1779702102.405,77.1,88.9,32.3,1490.0,45.2,13.77,31.9,32.1,31.6,32.0,optimal,optimal,optimal,optimal,optimal,optimal,→ stable,→ stable,→ stable,100.0,✅ EXCELLENT,False,NONE,3.0,0.6,NONE
1779702103.406,79.0,91.0,31.6,1533.0,45.1,13.83,32.3,32.1,32.1,31.7,optimal,optimal,optimal,optimal,optimal,optimal,→ stable,→ stable,→ stable,100.0,✅ EXCELLENT,False,NONE,3.8,0.0,NONE
1779702104.406,82.9,89.8,31.8,1464.0,44.2,13.85,31.8,31.8,32.3,31.8,optimal,optimal,optimal,optimal,optimal,optimal,→ stable,↑ increasing,→ stable,100.0,✅ EXCELLENT,False,NONE,3.8,0.0,NONE
1779702105.406,78.5,91.1,31.9,1538.0,45.2,13.81,32.2,32.0,32.3,32.3,optimal,optimal,optimal,optimal,optimal,optimal,→ stable,↑ increasing,→ stable,100.0,✅ EXCELLENT,False,NONE,3.5,0.0,NONE
1779702106.407,82.6,91.3,31.9,1514.0,44.5,13.83,32.3,32.3,31.7,31.8,optimal,optimal,optimal,optimal,optimal,optimal,→ stable,↑ increasing,→ stable,100.0,✅ EXCELLENT,False,NONE,3.7,0.0,NONE
1779702107.408,78.5,91.3,31.6,1508.0,44.1,13.8,32.0,31.7,32.4,32.0,optimal,optimal,optimal,optimal,optimal,optimal,↓ decreasing,↑ increasing,→ stable,100.0,✅ EXCELLENT,False,NONE,3.8,0.0,NONE
1779702108.409,79.2,89.9,31.8,1487.0,44.7,13.76,31.8,32.4,32.2,31.6,optimal,optimal,optimal,optimal,optimal,optimal,→ stable,→ stable,→ stable,100.0,✅ EXCELLENT,False,NONE,3.6,0.0,NONE
1779702109.41,78.3,89.3,32.2,1513.0,45.5,13.75,32.1,31.6,32.3,32.3,optimal,optimal,optimal,optimal,optimal,optimal,→ stable,↑ increasing,→ stable,100.0,✅ EXCELLENT,False,NONE,3.1,0.2,NONE
1779702110.411,78.6,88.7,31.8,1483.0,44.3,13.81,32.1,31.9,32.0,31.8,optimal,optimal,optimal,optimal,optimal,optimal,↓ decreasing,↑ increasing,→ stable,100.0,✅ EXCELLENT,False,NONE,3.6,0.8,NONE
1779702111.412,80.8,89.1,32.1,1496.0,45.8,13.8,31.8,32.1,32.0,32.0,optimal,optimal,optimal,optimal,optimal,optimal,↓ decreasing,→ stable,→ stable,100.0,✅ EXCELLENT,False,NONE,3.3,0.4,NONE
1779702112.413,77.9,89.5,31.6,1536.0,44.3,13.77,32.1,32.4,32.1,31.6,optimal,optimal,optimal,optimal,optimal,optimal,→ stable,→ stable,→ stable,100.0,✅ EXCELLENT,False,NONE,3.8,0.1,NONE
1779702113.414,81.9,91.0,31.9,1517.0,45.4,13.81,32.1,31.7,31.7,31.6,optimal,optimal,optimal,optimal,optimal,optimal,→ stable,→ stable,→ stable,100.0,✅ EXCELLENT,False,NONE,3.6,0.0,NONE
1779702114.414,82.9,91.0,32.1,1471.0,45.1,13.8,32.3,31.8,32.3,32.4,optimal,optimal,optimal,optimal,optimal,optimal,→ stable,→ stable,→ stable,100.0,✅ EXCELLENT,False,NONE,3.4,0.0,NONE
1779702115.415,81.5,91.0,32.1,1450.0,45.5,13.79,32.1,32.4,32.3,32.0,optimal,optimal,optimal,optimal,optimal,optimal,→ stable,→ stable,→ stable,100.0,✅ EXCELLENT,False,NONE,3.4,0.0,NONE
1779702116.417,81.5,89.1,31.7,1489.0,44.1,13.76,32.2,32.0,32.3,32.1,optimal,optimal,optimal,optimal,optimal,optimal,→ stable,→ stable,→ stable,100.0,✅ EXCELLENT,False,NONE,3.8,0.4,NONE
1779702117.417,79.8,90.9,32.3,1471.0,45.7,13.84,32.0,32.4,32.3,31.9,optimal,optimal,optimal,optimal,optimal,optimal,→ stable,↓ decreasing,→ stable,100.0,✅ EXCELLENT,False,NONE,3.1,0.0,NONE
1779702118.418,82.1,91.5,32.1,1462.0,44.9,13.82,32.0,31.9,32.1,31.8,optimal,optimal,optimal,optimal,optimal,optimal,↑ increasing,→ stable,→ stable,100.0,✅ EXCELLENT,False,NONE,3.4,0.0,NONE
1779702119.419,82.5,91.4,32.1,1544.0,46.0,13.81,32.0,32.1,32.0,32.1,optimal,optimal,optimal,optimal,optimal,optimal,↑ increasing,→ stable,→ stable,100.0,✅ EXCELLENT,False,NONE,3.4,0.0,NONE
1779702120.421,81.7,89.1,31.6,1451.0,45.3,13.8,32.1,32.1,31.8,31.7,optimal,optimal,optimal,optimal,optimal,optimal,↑ increasing,→ stable,→ stable,100.0,✅ EXCELLENT,False,NONE,4.0,0.4,NONE
1779702121.422,78.0,90.0,31.8,1451.0,44.1,13.82,32.4,32.4,32.2,32.1,optimal,optimal,optimal,optimal,optimal,optimal,↑ increasing,→ stable,→ stable,100.0,✅ EXCELLENT,False,NONE,3.6,0.0,NONE
1779702122.423,82.3,91.3,31.8,1493.0,46.0,13.81,32.2,32.1,31.7,32.3,optimal,optimal,optimal,optimal,optimal,optimal,↑ increasing,↑ increasing,→ stable,100.0,✅ EXCELLENT,False,NONE,3.8,0.0,NONE
1779702123.423,81.9,90.9,32.3,1511.0,45.2,13.79,31.7,32.1,31.7,31.6,optimal,optimal,optimal,optimal,optimal,optimal,↑ increasing,↑ increasing,→ stable,100.0,✅ EXCELLENT,False,NONE,3.2,0.0,NONE
1779702124.424,81.0,89.8,31.8,1486.0,46.0,13.84,31.8,32.4,32.2,31.8,optimal,optimal,optimal,optimal,optimal,optimal,↑ increasing,→ stable,→ stable,100.0,✅ EXCELLENT,False,NONE,3.7,0.0,NONE
1779702125.425,82.1,89.1,31.7,1454.0,44.4,13.8,31.8,31.9,31.8,32.4,optimal,optimal,optimal,optimal,optimal,optimal,↑ increasing,→ stable,→ stable,100.0,✅ EXCELLENT,False,NONE,3.9,0.4,NONE
1779702126.426,82.3,89.9,31.7,1472.0,45.7,13.77,31.8,32.4,32.3,31.7,optimal,optimal,optimal,optimal,optimal,optimal,↑ increasing,→ stable,→ stable,100.0,✅ EXCELLENT,False,NONE,3.9,0.0,NONE
1779702127.426,79.6,90.8,31.9,1548.0,45.0,13.81,32.2,31.9,31.6,32.0,optimal,optimal,optimal,optimal,optimal,optimal,↑ increasing,→ stable,→ stable,100.0,✅ EXCELLENT,False,NONE,3.5,0.0,NONE
1779702128.427,80.1,89.4,31.6,1544.0,44.7,13.79,31.8,31.9,32.3,32.1,optimal,optimal,optimal,optimal,optimal,optimal,↑ increasing,→ stable,→ stable,100.0,✅ EXCELLENT,False,NONE,3.9,0.2,NONE
1779702129.427,80.3,88.8,31.9,1483.0,45.5,13.78,32.4,31.7,32.4,32.2,optimal,optimal,optimal,optimal,optimal,optimal,→ stable,→ stable,→ stable,100.0,✅ EXCELLENT,False,NONE,3.6,0.7,NONE
1779702130.428,82.2,89.0,31.6,1483.0,45.4,13.82,31.6,31.6,31.8,31.8,optimal,optimal,optimal,optimal,optimal,optimal,→ stable,→ stable,→ stable,100.0,✅ EXCELLENT,False,NONE,4.0,0.5,NONE
1779702131.429,79.7,91.2,32.1,1478.0,44.5,13.84,32.0,32.1,31.9,31.7,optimal,optimal,optimal,optimal,optimal,optimal,→ stable,→ stable,→ stable,100.0,✅ EXCELLENT,False,NONE,3.3,0.0,NONE
1779702132.43,82.8,90.6,31.8,1529.0,44.4,13.79,32.1,31.9,31.6,32.0,optimal,optimal,optimal,optimal,optimal,optimal,→ stable,↓ decreasing,→ stable,100.0,✅ EXCELLENT,False,NONE,3.8,0.0,NONE
1779702133.43,78.3,89.9,32.1,1463.0,45.7,13.84,31.8,32.0,31.9,32.2,optimal,optimal,optimal,optimal,optimal,optimal,↓ decreasing,↓ decreasing,→ stable,100.0,✅ EXCELLENT,False,NONE,3.2,0.0,NONE
1779702134.431,82.6,90.5,31.9,1523.0,45.4,13.8,31.9,32.2,32.4,31.6,optimal,optimal,optimal,optimal,optimal,optimal,→ stable,↓ decreasing,→ stable,100.0,✅ EXCELLENT,False,NONE,3.7,0.0,NONE
1779702135.432,80.9,91.2,32.1,1492.0,45.3,13.78,32.4,31.6,31.9,31.6,optimal,optimal,optimal,optimal,optimal,optimal,→ stable,→ stable,→ stable,100.0,✅ EXCELLENT,False,NONE,3.4,0.0,NONE
1779702136.432,80.0,89.3,31.7,1482.0,44.1,13.76,31.8,32.2,32.1,32.4,optimal,optimal,optimal,optimal,optimal,optimal,↓ decreasing,→ stable,→ stable,100.0,✅ EXCELLENT,False,NONE,3.8,0.2,NONE
1779702137.433,81.9,90.1,31.7,1497.0,44.2,13.76,31.8,32.0,32.0,31.7,optimal,optimal,optimal,optimal,optimal,optimal,→ stable,→ stable,→ stable,100.0,✅ EXCELLENT,False,NONE,3.9,0.0,NONE
1779702138.434,77.5,88.9,31.6,1463.0,45.1,13.77,31.9,31.9,31.6,31.8,optimal,optimal,optimal,optimal,optimal,optimal,↓ decreasing,→ stable,→ stable,100.0,✅ EXCELLENT,False,NONE,3.8,0.6,NONE
1779702139.435,80.7,91.3,31.7,1516.0,44.3,13.76,32.0,31.9,32.1,32.1,optimal,optimal,optimal,optimal,optimal,optimal,→ stable,→ stable,→ stable,100.0,✅ EXCELLENT,False,NONE,3.8,0.0,NONE
1779702140.436,79.0,90.2,32.2,1539.0,45.5,13.82,31.7,31.9,32.3,32.1,optimal,optimal,optimal,optimal,optimal,optimal,↓ decreasing,→ stable,→ stable,100.0,✅ EXCELLENT,False,NONE,3.2,0.0,NONE
1779702141.437,81.7,89.5,32.0,1525.0,45.2,13.78,32.2,31.7,31.7,31.8,optimal,optimal,optimal,optimal,optimal,optimal,↓ decreasing,→ stable,→ stable,100.0,✅ EXCELLENT,False,NONE,3.5,0.1,NONE
1779702142.438,79.6,90.8,31.6,1494.0,44.4,13.78,31.6,31.9,32.2,31.8,optimal,optimal,optimal,optimal,optimal,optimal,↓ decreasing,→ stable,→ stable,100.0,✅ EXCELLENT,False,NONE,3.9,0.0,NONE
1779702143.439,83.0,91.2,32.0,1473.0,44.3,13.76,31.9,32.2,32.4,32.1,optimal,optimal,optimal,optimal,optimal,optimal,→ stable,→ stable,→ stable,100.0,✅ EXCELLENT,False,NONE,3.6,0.0,NONE
1779702144.44,80.6,90.2,31.7,1544.0,45.1,13.75,32.3,31.8,32.0,32.2,optimal,optimal,optimal,optimal,optimal,optimal,↓ decreasing,→ stable,→ stable,100.0,✅ EXCELLENT,False,NONE,3.8,0.0,NONE
1779702145.441,80.9,88.8,31.7,1468.0,45.4,13.78,32.1,32.4,32.0,32.0,optimal,optimal,optimal,optimal,optimal,optimal,→ stable,→ stable,→ stable,100.0,✅ EXCELLENT,False,NONE,3.8,0.7,NONE
1779702146.442,81.7,91.5,31.8,1504.0,45.3,13.81,32.2,31.9,31.7,31.7,optimal,optimal,optimal,optimal,optimal,optimal,→ stable,→ stable,→ stable,100.0,✅ EXCELLENT,False,NONE,3.7,0.0,NONE
1779702147.442,77.9,90.5,32.4,1460.0,44.0,13.82,32.1,32.0,32.1,31.8,optimal,optimal,optimal,optimal,optimal,optimal,↓ decreasing,→ stable,→ stable,100.0,✅ EXCELLENT,False,NONE,2.9,0.0,NONE
1779702148.443,81.5,88.6,32.2,1544.0,45.1,13.82,32.2,31.7,32.4,32.0,optimal,optimal,optimal,optimal,optimal,optimal,→ stable,→ stable,→ stable,100.0,✅ EXCELLENT,False,NONE,3.3,1.0,NONE
1779702149.443,81.8,91.5,32.1,1469.0,46.0,13.8,32.1,32.1,32.3,32.2,optimal,optimal,optimal,optimal,optimal,optimal,→ stable,→ stable,→ stable,100.0,✅ EXCELLENT,False,NONE,3.4,0.0,NONE
1779702150.444,80.6,88.7,31.8,1530.0,44.2,13.84,32.4,32.3,31.6,31.9,optimal,optimal,optimal,optimal,optimal,optimal,↑ increasing,→ stable,→ stable,100.0,✅ EXCELLENT,False,NONE,3.7,0.8,NONE
1779702151.445,80.4,91.1,32.4,1518.0,45.0,13.75,31.9,32.2,31.9,32.2,optimal,optimal,optimal,optimal,optimal,optimal,→ stable,→ stable,→ stable,100.0,✅ EXCELLENT,False,NONE,3.0,0.0,NONE
1779702152.446,77.5,90.7,32.0,1507.0,44.5,13.78,32.2,32.0,31.8,31.7,optimal,optimal,optimal,optimal,optimal,optimal,→ stable,→ stable,→ stable,100.0,✅ EXCELLENT,False,NONE,3.3,0.0,NONE
1779702153.447,82.2,89.9,32.1,1519.0,44.5,13.76,32.4,31.9,32.0,31.6,optimal,optimal,optimal,optimal,optimal,optimal,→ stable,→ stable,→ stable,100.0,✅ EXCELLENT,False,NONE,3.4,0.0,NONE
1779702154.448,77.8,90.8,31.7,1459.0,45.6,13.78,31.8,32.3,31.7,31.8,optimal,optimal,optimal,optimal,optimal,optimal,→ stable,→ stable,→ stable,100.0,✅ EXCELLENT,False,NONE,3.7,0.0,NONE
1779702155.448,81.5,91.0,32.1,1533.0,44.6,13.76,32.2,31.7,31.7,32.3,optimal,optimal,optimal,optimal,optimal,optimal,→ stable,→ stable,→ stable,100.0,✅ EXCELLENT,False,NONE,3.4,0.0,NONE
1779702156.449,78.7,89.5,32.2,1496.0,44.4,13.83,31.9,31.6,32.3,31.7,optimal,optimal,optimal,optimal,optimal,optimal,↓ decreasing,→ stable,→ stable,100.0,✅ EXCELLENT,False,NONE,3.1,0.1,NONE
1779702157.45,80.0,91.3,31.8,1517.0,44.9,13.82,31.7,32.2,32.3,32.3,optimal,optimal,optimal,optimal,optimal,optimal,→ stable,→ stable,→ stable,100.0,✅ EXCELLENT,False,NONE,3.7,0.0,NONE
1779702158.451,81.1,91.3,32.0,1499.0,44.9,13.83,31.8,31.6,32.0,32.0,optimal,optimal,optimal,optimal,optimal,optimal,→ stable,→ stable,→ stable,100.0,✅ EXCELLENT,False,NONE,3.5,0.0,NONE
1779702159.452,80.2,90.9,31.8,1456.0,45.3,13.8,32.1,31.8,32.2,32.3,optimal,optimal,optimal,optimal,optimal,optimal,↓ decreasing,→ stable,→ stable,100.0,✅ EXCELLENT,False,NONE,3.7,0.0,NONE
1779702160.454,80.0,90.4,31.6,1455.0,45.1,13.82,32.3,32.3,31.9,32.3,optimal,optimal,optimal,optimal,optimal,optimal,↓ decreasing,↑ increasing,→ stable,100.0,✅ EXCELLENT,False,NONE,3.9,0.0,NONE
1779702161.455,79.3,89.6,32.3,1489.0,46.0,13.78,31.8,31.6,32.1,32.0,optimal,optimal,optimal,optimal,optimal,optimal,↓ decreasing,→ stable,→ stable,100.0,✅ EXCELLENT,False,NONE,3.1,0.1,NONE
1779702162.455,78.1,91.2,32.0,1475.0,45.7,13.82,32.1,31.6,32.4,31.7,optimal,optimal,optimal,optimal,optimal,optimal,↓ decreasing,→ stable,→ stable,100.0,✅ EXCELLENT,False,NONE,3.3,0.0,NONE
1779702163.455,78.8,90.0,32.2,1482.0,45.0,13.82,32.1,32.3,32.3,32.2,optimal,optimal,optimal,optimal,optimal,optimal,↓ decreasing,→ stable,→ stable,100.0,✅ EXCELLENT,False,NONE,3.2,0.0,NONE
1779702164.456,78.6,90.0,31.8,1476.0,45.3,13.84,32.1,32.0,31.6,31.6,optimal,optimal,optimal,optimal,optimal,optimal,↓ decreasing,→ stable,→ stable,100.0,✅ EXCELLENT,False,NONE,3.6,0.0,NONE
1779702165.457,78.9,89.3,32.0,1518.0,45.9,13.79,32.4,32.1,31.6,32.3,optimal,optimal,optimal,optimal,optimal,optimal,↓ decreasing,→ stable,→ stable,100.0,✅ EXCELLENT,False,NONE,3.4,0.2,NONE
1779702166.458,82.1,88.5,31.7,1486.0,45.6,13.84,32.4,32.2,31.6,31.8,optimal,optimal,optimal,optimal,optimal,optimal,→ stable,→ stable,→ stable,100.0,✅ EXCELLENT,False,NONE,3.9,1.1,NONE
1779702167.459,77.4,90.7,31.8,1465.0,44.2,13.75,31.8,32.2,31.9,32.0,optimal,optimal,optimal,optimal,optimal,optimal,↓ decreasing,→ stable,→ stable,100.0,✅ EXCELLENT,False,NONE,3.5,0.0,NONE
1779702168.46,82.6,90.5,31.6,1457.0,44.5,13.81,31.8,32.3,32.0,31.6,optimal,optimal,optimal,optimal,optimal,optimal,↓ decreasing,→ stable,→ stable,100.0,✅ EXCELLENT,False,NONE,4.0,0.0,NONE
1779702169.461,79.2,89.5,31.7,1491.0,44.5,13.82,31.7,31.8,31.8,31.9,optimal,optimal,optimal,optimal,optimal,optimal,→ stable,↓ decreasing,→ stable,100.0,✅ EXCELLENT,False,NONE,3.7,0.1,NONE
1779702170.462,79.8,91.4,31.8,1452.0,44.3,13.77,32.2,32.3,32.3,31.7,optimal,optimal,optimal,optimal,optimal,optimal,→ stable,↓ decreasing,→ stable,100.0,✅ EXCELLENT,False,NONE,3.6,0.0,NONE
1779702171.462,82.4,90.1,32.2,1497.0,45.5,13.82,32.3,32.0,31.6,31.7,optimal,optimal,optimal,optimal,optimal,optimal,→ stable,→ stable,→ stable,100.0,✅ EXCELLENT,False,NONE,3.3,0.0,NONE
1779702172.462,80.9,90.7,32.0,1501.0,44.4,13.83,32.4,32.4,32.1,31.9,optimal,optimal,optimal,optimal,optimal,optimal,→ stable,↓ decreasing,→ stable,100.0,✅ EXCELLENT,False,NONE,3.5,0.0,NONE
1779702173.463,79.0,90.4,32.3,1518.0,44.9,13.82,31.8,32.3,32.0,31.8,optimal,optimal,optimal,optimal,optimal,optimal,↑ increasing,→ stable,→ stable,100.0,✅ EXCELLENT,False,NONE,3.0,0.0,NONE
1779702174.464,79.5,88.7,32.2,1474.0,45.3,13.75,31.9,32.3,31.6,31.9,optimal,optimal,optimal,optimal,optimal,optimal,↑ increasing,↓ decreasing,→ stable,100.0,✅ EXCELLENT,False,NONE,3.2,0.8,NONE
1779702175.465,81.0,91.4,32.2,1536.0,45.5,13.81,31.8,31.6,31.7,31.7,optimal,optimal,optimal,optimal,optimal,optimal,↑ increasing,→ stable,→ stable,100.0,✅ EXCELLENT,False,NONE,3.2,0.0,NONE
1779702176.465,81.3,91.2,31.7,1542.0,44.4,13.81,31.8,31.7,32.3,32.2,optimal,optimal,optimal,optimal,optimal,optimal,↑ increasing,→ stable,→ stable,100.0,✅ EXCELLENT,False,NONE,3.8,0.0,NONE
1779702177.466,79.8,89.7,32.0,1461.0,45.4,13.81,31.8,31.9,32.2,32.3,optimal,optimal,optimal,optimal,optimal,optimal,↑ increasing,→ stable,→ stable,100.0,✅ EXCELLENT,False,NONE,3.4,0.0,NONE
1779702178.467,79.5,89.2,32.4,1453.0,44.6,13.85,32.2,32.3,32.4,31.7,optimal,optimal,optimal,optimal,optimal,optimal,↑ increasing,→ stable,→ stable,100.0,✅ EXCELLENT,False,NONE,3.0,0.3,NONE
1779702179.468,79.7,91.0,32.3,1541.0,44.3,13.85,31.8,32.3,32.0,32.0,optimal,optimal,optimal,optimal,optimal,optimal,↑ increasing,→ stable,→ stable,100.0,✅ EXCELLENT,False,NONE,3.1,0.0,NONE
1779702180.469,78.9,91.1,32.3,1533.0,44.3,13.84,31.9,31.9,31.7,31.6,optimal,optimal,optimal,optimal,optimal,optimal,↑ increasing,→ stable,→ stable,100.0,✅ EXCELLENT,False,NONE,3.0,0.0,NONE
1779702181.47,81.7,89.0,32.3,1460.0,45.8,13.8,32.2,32.3,31.9,31.9,optimal,optimal,optimal,optimal,optimal,optimal,→ stable,→ stable,→ stable,100.0,✅ EXCELLENT,False,NONE,3.2,0.5,NONE
1779702182.471,80.8,90.0,32.4,1452.0,44.7,13.83,31.7,31.9,31.7,31.9,optimal,optimal,optimal,optimal,optimal,optimal,→ stable,→ stable,→ stable,100.0,✅ EXCELLENT,False,NONE,3.0,0.0,NONE
1779702183.472,82.6,89.1,31.8,1458.0,44.1,13.76,32.0,32.0,32.2,31.7,optimal,optimal,optimal,optimal,optimal,optimal,→ stable,→ stable,→ stable,100.0,✅ EXCELLENT,False,NONE,3.8,0.4,NONE
1779702184.472,77.4,89.6,31.8,1512.0,44.1,13.81,31.9,32.3,32.3,32.3,optimal,optimal,optimal,optimal,optimal,optimal,→ stable,→ stable,→ stable,100.0,✅ EXCELLENT,False,NONE,3.5,0.1,NONE
1779702185.473,82.8,91.1,32.0,1464.0,44.8,13.75,31.6,31.7,32.1,31.6,optimal,optimal,optimal,optimal,optimal,optimal,→ stable,→ stable,→ stable,100.0,✅ EXCELLENT,False,NONE,3.5,0.0,NONE
1779702186.473,77.6,91.1,32.2,1509.0,45.4,13.81,31.8,32.1,32.0,32.4,optimal,optimal,optimal,optimal,optimal,optimal,→ stable,→ stable,→ stable,100.0,✅ EXCELLENT,False,NONE,3.1,0.0,NONE
1779702187.474,79.2,89.1,31.8,1492.0,45.5,13.82,32.1,32.4,31.9,31.6,optimal,optimal,optimal,optimal,optimal,optimal,↓ decreasing,→ stable,→ stable,100.0,✅ EXCELLENT,False,NONE,3.6,0.4,NONE
1779702188.475,77.9,90.3,32.0,1544.0,46.0,13.81,32.2,31.9,31.9,32.2,optimal,optimal,optimal,optimal,optimal,optimal,→ stable,→ stable,→ stable,100.0,✅ EXCELLENT,False,NONE,3.3,0.0,NONE
1779702189.475,80.8,89.6,32.3,1523.0,44.9,13.75,32.4,32.1,32.4,31.9,optimal,optimal,optimal,optimal,optimal,optimal,→ stable,→ stable,→ stable,100.0,✅ EXCELLENT,False,NONE,3.1,0.1,NONE
1779702190.475,77.8,90.4,32.3,1477.0,44.2,13.76,31.8,31.9,31.8,31.9,optimal,optimal,optimal,optimal,optimal,optimal,→ stable,→ stable,→ stable,100.0,✅ EXCELLENT,False,NONE,3.0,0.0,NONE
1779702191.476,81.0,90.4,32.3,1454.0,44.5,13.76,32.3,32.1,31.8,32.3,optimal,optimal,optimal,optimal,optimal,optimal,→ stable,→ stable,→ stable,100.0,✅ EXCELLENT,False,NONE,3.1,0.0,NONE
1779702192.477,80.8,89.9,32.2,1462.0,45.0,13.78,32.0,32.4,32.1,31.6,optimal,optimal,optimal,optimal,optimal,optimal,→ stable,→ stable,→ stable,100.0,✅ EXCELLENT,False,NONE,3.2,0.0,NONE
1779702193.477,78.8,88.9,32.2,1475.0,44.8,13.83,32.0,32.2,32.1,32.3,optimal,optimal,optimal,optimal,optimal,optimal,↓ decreasing,→ stable,→ stable,100.0,✅ EXCELLENT,False,NONE,3.2,0.6,NONE
1779702194.479,81.9,89.7,32.4,1473.0,44.5,13.82,32.4,32.3,32.1,31.7,optimal,optimal,optimal,optimal,optimal,optimal,→ stable,→ stable,→ stable,100.0,✅ EXCELLENT,False,NONE,3.0,0.0,NONE
1779702195.479,78.2,89.7,31.7,1506.0,45.9,13.8,32.1,31.7,31.7,32.3,optimal,optimal,optimal,optimal,optimal,optimal,↓ decreasing,→ stable,→ stable,100.0,✅ EXCELLENT,False,NONE,3.7,0.0,NONE
1779702196.481,79.5,91.5,31.7,1526.0,45.4,13.79,31.9,31.9,32.0,31.9,optimal,optimal,optimal,optimal,optimal,optimal,→ stable,→ stable,→ stable,100.0,✅ EXCELLENT,False,NONE,3.7,0.0,NONE
1779702197.483,79.3,90.2,32.3,1547.0,44.4,13.84,31.7,31.7,32.2,31.8,optimal,optimal,optimal,optimal,optimal,optimal,→ stable,→ stable,→ stable,100.0,✅ EXCELLENT,False,NONE,3.1,0.0,NONE
1779702198.484,80.5,88.7,31.8,1475.0,45.6,13.82,31.9,31.8,32.4,32.1,optimal,optimal,optimal,optimal,optimal,optimal,→ stable,→ stable,→ stable,100.0,✅ EXCELLENT,False,NONE,3.7,0.8,NONE
1779702199.485,78.2,89.2,32.4,1467.0,45.5,13.75,31.7,31.8,31.8,32.1,optimal,optimal,optimal,optimal,optimal,optimal,→ stable,→ stable,→ stable,100.0,✅ EXCELLENT,False,NONE,2.9,0.3,NONE
1779702200.485,79.0,91.1,31.7,1506.0,46.0,13.84,32.1,32.4,32.0,32.2,optimal,optimal,optimal,optimal,optimal,optimal,→ stable,→ stable,→ stable,100.0,✅ EXCELLENT,False,NONE,3.7,0.0,NONE
1779702201.485,78.4,91.0,32.2,1528.0,44.6,13.79,31.9,31.9,32.2,32.0,optimal,optimal,optimal,optimal,optimal,optimal,→ stable,→ stable,→ stable,100.0,✅ EXCELLENT,False,NONE,3.1,0.0,NONE
1779702202.486,80.9,90.3,32.0,1454.0,44.7,13.84,31.6,31.9,32.0,31.8,optimal,optimal,optimal,optimal,optimal,optimal,→ stable,→ stable,→ stable,100.0,✅ EXCELLENT,False,NONE,3.5,0.0,NONE
1779702203.486,78.3,89.2,31.8,1465.0,45.8,13.78,32.3,32.1,31.7,32.3,optimal,optimal,optimal,optimal,optimal,optimal,→ stable,→ stable,→ stable,100.0,✅ EXCELLENT,False,NONE,3.6,0.3,NONE
1779702204.486,79.8,90.6,32.1,1490.0,44.3,13.8,31.8,32.0,32.1,32.3,optimal,optimal,optimal,optimal,optimal,optimal,↓ decreasing,→ stable,→ stable,100.0,✅ EXCELLENT,False,NONE,3.3,0.0,NONE
1779702205.488,80.4,89.3,31.9,1488.0,44.5,13.81,32.1,32.1,32.3,31.9,optimal,optimal,optimal,optimal,optimal,optimal,→ stable,→ stable,→ stable,100.0,✅ EXCELLENT,False,NONE,3.6,0.2,NONE
1779702206.489,79.0,89.0,32.0,1494.0,45.3,13.78,32.4,32.1,31.6,31.9,optimal,optimal,optimal,optimal,optimal,optimal,→ stable,→ stable,→ stable,100.0,✅ EXCELLENT,False,NONE,3.4,0.5,NONE
1779702207.49,79.7,88.9,32.4,1521.0,44.3,13.81,32.4,32.1,32.0,32.1,optimal,optimal,optimal,optimal,optimal,optimal,→ stable,→ stable,→ stable,100.0,✅ EXCELLENT,False,NONE,3.0,0.6,NONE
1779702208.491,77.2,90.2,32.2,1522.0,44.4,13.84,31.8,32.3,31.7,32.1,optimal,optimal,optimal,optimal,optimal,optimal,↓ decreasing,→ stable,→ stable,100.0,✅ EXCELLENT,False,NONE,3.1,0.0,NONE
1779702209.492,78.3,90.6,31.7,1469.0,45.2,13.79,32.1,32.1,31.7,32.1,optimal,optimal,optimal,optimal,optimal,optimal,→ stable,→ stable,→ stable,100.0,✅ EXCELLENT,False,NONE,3.7,0.0,NONE
1779702210.493,81.3,89.6,31.8,1504.0,44.8,13.85,31.9,31.9,32.3,32.3,optimal,optimal,optimal,optimal,optimal,optimal,→ stable,→ stable,→ stable,100.0,✅ EXCELLENT,False,NONE,3.7,0.1,NONE
1779702211.494,81.0,88.7,32.2,1478.0,44.3,13.84,31.7,31.6,32.3,31.7,optimal,optimal,optimal,optimal,optimal,optimal,→ stable,→ stable,→ stable,100.0,✅ EXCELLENT,False,NONE,3.2,0.8,NONE
1779702212.495,81.9,88.8,32.0,1451.0,44.9,13.83,32.1,31.7,31.7,31.7,optimal,optimal,optimal,optimal,optimal,optimal,→ stable,↓ decreasing,→ stable,100.0,✅ EXCELLENT,False,NONE,3.5,0.7,NONE
1779702213.495,77.7,89.7,32.3,1466.0,45.3,13.84,31.8,31.9,31.9,32.4,optimal,optimal,optimal,optimal,optimal,optimal,→ stable,↓ decreasing,→ stable,100.0,✅ EXCELLENT,False,NONE,3.0,0.0,NONE
1779702214.496,82.0,89.7,32.0,1522.0,44.4,13.77,32.1,31.6,32.2,32.1,optimal,optimal,optimal,optimal,optimal,optimal,↑ increasing,↓ decreasing,→ stable,100.0,✅ EXCELLENT,False,NONE,3.5,0.0,NONE
1779702215.497,82.5,91.2,31.9,1509.0,45.1,13.77,31.8,31.9,31.8,31.6,optimal,optimal,optimal,optimal,optimal,optimal,↑ increasing,→ stable,→ stable,100.0,✅ EXCELLENT,False,NONE,3.7,0.0,NONE
1779702216.498,82.2,89.6,32.3,1460.0,45.7,13.85,31.9,32.2,31.8,32.4,optimal,optimal,optimal,optimal,optimal,optimal,↑ increasing,→ stable,→ stable,100.0,✅ EXCELLENT,False,NONE,3.2,0.1,NONE
1779702217.499,80.2,91.0,32.4,1532.0,45.6,13.78,32.3,31.7,32.3,31.9,optimal,optimal,optimal,optimal,optimal,optimal,↑ increasing,→ stable,→ stable,100.0,✅ EXCELLENT,False,NONE,3.0,0.0,NONE
1779702218.5,80.2,89.5,32.1,1530.0,44.3,13.78,32.4,31.6,31.9,32.3,optimal,optimal,optimal,optimal,optimal,optimal,↑ increasing,→ stable,→ stable,100.0,✅ EXCELLENT,False,NONE,3.3,0.1,NONE
1779702219.5,79.5,89.1,32.1,1453.0,44.6,13.83,32.2,31.8,32.1,32.2,optimal,optimal,optimal,optimal,optimal,optimal,↑ increasing,→ stable,→ stable,100.0,✅ EXCELLENT,False,NONE,3.3,0.4,NONE
1779702220.5,77.7,88.9,32.2,1477.0,44.6,13.83,31.9,31.8,32.0,31.9,optimal,optimal,optimal,optimal,optimal,optimal,↑ increasing,→ stable,→ stable,100.0,✅ EXCELLENT,False,NONE,3.1,0.6,NONE
1779702221.501,79.1,91.4,32.0,1536.0,44.1,13.77,31.8,31.7,32.3,31.7,optimal,optimal,optimal,optimal,optimal,optimal,↑ increasing,→ stable,→ stable,100.0,✅ EXCELLENT,False,NONE,3.4,0.0,NONE
1779702222.501,83.0,90.5,32.0,1526.0,45.0,13.78,31.6,32.1,32.0,32.1,optimal,optimal,optimal,optimal,optimal,optimal,↑ increasing,↑ increasing,→ stable,100.0,✅ EXCELLENT,False,NONE,3.6,0.0,NONE
1779702223.503,78.6,91.4,31.7,1540.0,44.3,13.84,32.1,31.7,32.2,32.1,optimal,optimal,optimal,optimal,optimal,optimal,↑ increasing,↑ increasing,→ stable,100.0,✅ EXCELLENT,False,NONE,3.7,0.0,NONE
1779702224.504,80.2,88.8,31.6,1455.0,44.4,13.8,31.6,31.8,31.7,32.3,optimal,optimal,optimal,optimal,optimal,optimal,→ stable,↑ increasing,→ stable,100.0,✅ EXCELLENT,False,NONE,3.9,0.7,NONE
1779702225.504,81.7,90.2,31.9,1488.0,45.9,13.83,31.8,32.0,31.7,31.8,optimal,optimal,optimal,optimal,optimal,optimal,→ stable,→ stable,→ stable,100.0,✅ EXCELLENT,False,NONE,3.6,0.0,NONE
1779702226.505,79.5,89.8,32.4,1492.0,44.3,13.76,32.1,31.9,31.7,32.3,optimal,optimal,optimal,optimal,optimal,optimal,→ stable,→ stable,→ stable,100.0,✅ EXCELLENT,False,NONE,3.0,0.0,NONE
1779702227.506,77.7,88.6,32.4,1527.0,44.1,13.85,31.6,32.1,31.9,32.1,optimal,optimal,optimal,optimal,optimal,optimal,↓ decreasing,→ stable,→ stable,100.0,✅ EXCELLENT,False,NONE,2.9,1.0,NONE
1779702228.507,80.9,89.8,31.7,1472.0,45.6,13.81,32.3,32.1,32.3,31.9,optimal,optimal,optimal,optimal,optimal,optimal,↓ decreasing,→ stable,→ stable,100.0,✅ EXCELLENT,False,NONE,3.8,0.0,NONE
1779702229.508,77.0,90.7,32.0,1497.0,45.6,13.77,31.7,31.8,32.1,32.0,optimal,optimal,optimal,optimal,optimal,optimal,↓ decreasing,→ stable,→ stable,100.0,✅ EXCELLENT,False,NONE,3.3,0.0,NONE
1779702230.509,81.6,91.2,31.8,1457.0,45.2,13.83,32.0,32.0,31.8,32.0,optimal,optimal,optimal,optimal,optimal,optimal,↓ decreasing,↑ increasing,→ stable,100.0,✅ EXCELLENT,False,NONE,3.7,0.0,NONE
1779702231.51,78.8,88.6,32.4,1463.0,44.6,13.76,32.1,31.9,32.2,32.2,optimal,optimal,optimal,optimal,optimal,optimal,→ stable,→ stable,→ stable,100.0,✅ EXCELLENT,False,NONE,2.9,1.0,NONE
1779702232.511,81.0,89.4,32.3,1466.0,45.2,13.83,32.4,32.3,31.8,32.2,optimal,optimal,optimal,optimal,optimal,optimal,↓ decreasing,→ stable,→ stable,100.0,✅ EXCELLENT,False,NONE,3.1,0.2,NONE
1779702233.511,81.6,89.7,31.8,1466.0,46.0,13.75,32.1,32.2,32.3,31.8,optimal,optimal,optimal,optimal,optimal,optimal,→ stable,↓ decreasing,→ stable,100.0,✅ EXCELLENT,False,NONE,3.7,0.0,NONE
1779702234.512,78.6,91.5,32.2,1459.0,44.6,13.79,32.3,32.0,32.0,32.4,optimal,optimal,optimal,optimal,optimal,optimal,→ stable,→ stable,→ stable,100.0,✅ EXCELLENT,False,NONE,3.1,0.0,NONE
1779702235.512,82.3,88.7,32.0,1532.0,45.1,13.76,31.8,31.9,32.3,32.2,optimal,optimal,optimal,optimal,optimal,optimal,→ stable,→ stable,→ stable,100.0,✅ EXCELLENT,False,NONE,3.5,0.8,NONE
1779702236.513,82.9,90.2,31.7,1533.0,45.1,13.79,31.7,31.8,31.7,31.8,optimal,optimal,optimal,optimal,optimal,optimal,→ stable,→ stable,→ stable,100.0,✅ EXCELLENT,False,NONE,3.9,0.0,NONE
1779702237.514,82.6,91.4,32.3,1462.0,45.7,13.79,32.0,31.7,31.8,32.2,optimal,optimal,optimal,optimal,optimal,optimal,↑ increasing,→ stable,→ stable,100.0,✅ EXCELLENT,False,NONE,3.2,0.0,NONE
1779702238.516,82.7,89.4,32.3,1480.0,45.4,13.83,31.9,32.0,31.8,32.4,optimal,optimal,optimal,optimal,optimal,optimal,↑ increasing,→ stable,→ stable,100.0,✅ EXCELLENT,False,NONE,3.2,0.2,NONE
1779702239.517,79.9,89.1,32.2,1534.0,45.1,13.75,32.3,31.9,31.9,32.2,optimal,optimal,optimal,optimal,optimal,optimal,↑ increasing,→ stable,→ stable,100.0,✅ EXCELLENT,False,NONE,3.2,0.4,NONE
1779702240.518,81.3,90.3,32.3,1506.0,45.6,13.84,31.8,31.9,32.1,31.8,optimal,optimal,optimal,optimal,optimal,optimal,↑ increasing,→ stable,→ stable,100.0,✅ EXCELLENT,False,NONE,3.1,0.0,NONE
1779702241.517,80.9,89.0,32.0,1523.0,44.5,13.76,31.8,32.2,32.2,32.1,optimal,optimal,optimal,optimal,optimal,optimal,↑ increasing,→ stable,→ stable,100.0,✅ EXCELLENT,False,NONE,3.5,0.5,NONE
1779702242.518,81.6,89.8,31.7,1476.0,44.8,13.79,31.7,32.3,31.9,32.0,optimal,optimal,optimal,optimal,optimal,optimal,↑ increasing,→ stable,→ stable,100.0,✅ EXCELLENT,False,NONE,3.8,0.0,NONE
1779702243.519,78.6,89.9,32.3,1522.0,44.8,13.75,32.4,31.7,32.0,32.2,optimal,optimal,optimal,optimal,optimal,optimal,↑ increasing,→ stable,→ stable,100.0,✅ EXCELLENT,False,NONE,3.0,0.0,NONE
1779702244.52,82.2,89.2,32.0,1504.0,44.9,13.8,32.0,32.1,31.7,31.8,optimal,optimal,optimal,optimal,optimal,optimal,↑ increasing,→ stable,→ stable,100.0,✅ EXCELLENT,False,NONE,3.5,0.3,NONE
1779702245.521,79.0,91.0,32.2,1467.0,45.4,13.84,31.6,32.1,32.3,31.8,optimal,optimal,optimal,optimal,optimal,optimal,↑ increasing,→ stable,→ stable,100.0,✅ EXCELLENT,False,NONE,3.2,0.0,NONE
1779702246.522,80.4,89.6,32.1,1539.0,44.4,13.84,31.7,32.1,32.2,32.3,optimal,optimal,optimal,optimal,optimal,optimal,↑ increasing,→ stable,→ stable,100.0,✅ EXCELLENT,False,NONE,3.3,0.1,NONE
1779702247.523,81.7,88.6,31.6,1464.0,45.6,13.78,31.9,31.6,31.9,31.9,optimal,optimal,optimal,optimal,optimal,optimal,→ stable,↓ decreasing,→ stable,100.0,✅ EXCELLENT,False,NONE,4.0,1.0,NONE
1779702248.524,80.9,89.6,32.3,1504.0,45.0,13.84,32.1,32.2,32.0,31.7,optimal,optimal,optimal,optimal,optimal,optimal,→ stable,→ stable,→ stable,100.0,✅ EXCELLENT,False,NONE,3.1,0.1,NONE
1779702249.525,77.8,89.6,31.9,1496.0,45.1,13.84,31.8,32.1,32.1,32.3,optimal,optimal,optimal,optimal,optimal,optimal,↓ decreasing,→ stable,→ stable,100.0,✅ EXCELLENT,False,NONE,3.4,0.1,NONE
1779702250.526,81.5,90.8,31.9,1479.0,45.6,13.77,31.9,32.1,32.2,31.6,optimal,optimal,optimal,optimal,optimal,optimal,↓ decreasing,→ stable,→ stable,100.0,✅ EXCELLENT,False,NONE,3.6,0.0,NONE
1779702251.527,80.7,89.9,31.9,1472.0,45.1,13.8,31.9,31.9,31.7,31.9,optimal,optimal,optimal,optimal,optimal,optimal,↓ decreasing,→ stable,→ stable,100.0,✅ EXCELLENT,False,NONE,3.6,0.0,NONE
1779702252.528,78.3,89.2,31.8,1520.0,44.3,13.77,32.3,32.0,31.9,32.0,optimal,optimal,optimal,optimal,optimal,optimal,↓ decreasing,→ stable,→ stable,100.0,✅ EXCELLENT,False,NONE,3.6,0.3,NONE
1779702253.528,81.7,89.3,32.0,1541.0,45.3,13.82,31.8,31.8,31.9,31.9,optimal,optimal,optimal,optimal,optimal,optimal,↓ decreasing,→ stable,→ stable,100.0,✅ EXCELLENT,False,NONE,3.5,0.2,NONE
1779702254.528,80.9,91.4,32.2,1550.0,45.3,13.85,31.7,31.7,31.7,31.8,optimal,optimal,optimal,optimal,optimal,optimal,↓ decreasing,→ stable,→ stable,100.0,✅ EXCELLENT,False,NONE,3.2,0.0,NONE
1779702255.529,82.1,90.3,32.1,1463.0,45.7,13.84,32.3,31.7,32.0,32.1,optimal,optimal,optimal,optimal,optimal,optimal,↓ decreasing,→ stable,→ stable,100.0,✅ EXCELLENT,False,NONE,3.4,0.0,NONE
1779702256.53,80.9,90.0,32.1,1486.0,44.8,13.81,31.8,32.3,31.9,32.2,optimal,optimal,optimal,optimal,optimal,optimal,→ stable,→ stable,→ stable,100.0,✅ EXCELLENT,False,NONE,3.4,0.0,NONE
1779702257.531,82.5,91.4,32.2,1525.0,44.8,13.79,32.4,32.1,31.7,31.7,optimal,optimal,optimal,optimal,optimal,optimal,→ stable,↑ increasing,→ stable,100.0,✅ EXCELLENT,False,NONE,3.3,0.0,NONE
1779702258.531,77.4,91.4,32.1,1459.0,46.0,13.85,32.3,32.1,31.9,31.8,optimal,optimal,optimal,optimal,optimal,optimal,→ stable,↑ increasing,→ stable,100.0,✅ EXCELLENT,False,NONE,3.2,0.0,NONE
1779702259.532,82.4,90.8,31.7,1486.0,45.3,13.76,31.8,32.3,32.3,32.2,optimal,optimal,optimal,optimal,optimal,optimal,→ stable,↑ increasing,→ stable,100.0,✅ EXCELLENT,False,NONE,3.9,0.0,NONE
1779702260.534,77.6,89.2,32.4,1513.0,44.8,13.83,32.3,31.8,31.8,32.0,optimal,optimal,optimal,optimal,optimal,optimal,→ stable,↑ increasing,→ stable,100.0,✅ EXCELLENT,False,NONE,2.9,0.3,NONE
1779702261.535,77.4,89.4,32.2,1452.0,45.0,13.83,31.7,31.7,32.2,32.3,optimal,optimal,optimal,optimal,optimal,optimal,→ stable,→ stable,→ stable,100.0,✅ EXCELLENT,False,NONE,3.1,0.2,NONE
1779702262.536,81.1,90.4,32.2,1503.0,44.2,13.79,31.9,31.6,32.3,32.3,optimal,optimal,optimal,optimal,optimal,optimal,→ stable,↑ increasing,→ stable,100.0,✅ EXCELLENT,False,NONE,3.2,0.0,NONE
1779702263.537,80.0,90.2,31.6,1530.0,45.7,13.81,31.8,31.6,32.3,31.7,optimal,optimal,optimal,optimal,optimal,optimal,→ stable,↑ increasing,→ stable,100.0,✅ EXCELLENT,False,NONE,3.9,0.0,NONE
1779702264.538,80.6,91.3,32.3,1535.0,44.3,13.79,31.8,31.7,32.0,31.6,optimal,optimal,optimal,optimal,optimal,optimal,→ stable,↑ increasing,→ stable,100.0,✅ EXCELLENT,False,NONE,3.1,0.0,NONE
1779702265.54,81.0,90.1,31.9,1545.0,44.5,13.76,31.6,32.0,32.0,31.9,optimal,optimal,optimal,optimal,optimal,optimal,↓ decreasing,↑ increasing,→ stable,100.0,✅ EXCELLENT,False,NONE,3.6,0.0,NONE
1779702266.541,77.7,90.6,31.8,1496.0,44.6,13.79,31.8,32.1,31.8,32.4,optimal,optimal,optimal,optimal,optimal,optimal,↓ decreasing,↑ increasing,→ stable,100.0,✅ EXCELLENT,False,NONE,3.6,0.0,NONE
1779702267.542,79.2,89.2,31.8,1511.0,45.9,13.79,31.9,32.0,32.2,32.0,optimal,optimal,optimal,optimal,optimal,optimal,↓ decreasing,→ stable,→ stable,100.0,✅ EXCELLENT,False,NONE,3.6,0.3,NONE
1779702268.542,82.2,89.5,31.9,1544.0,44.5,13.84,32.3,31.8,32.4,31.9,optimal,optimal,optimal,optimal,optimal,optimal,→ stable,→ stable,→ stable,100.0,✅ EXCELLENT,False,NONE,3.6,0.1,NONE
1779702269.544,81.5,90.5,32.3,1545.0,45.0,13.85,31.6,32.0,31.8,32.1,optimal,optimal,optimal,optimal,optimal,optimal,↓ decreasing,→ stable,→ stable,100.0,✅ EXCELLENT,False,NONE,3.1,0.0,NONE
1779702270.545,78.6,89.1,31.8,1486.0,44.1,13.77,32.1,31.7,31.7,32.2,optimal,optimal,optimal,optimal,optimal,optimal,↓ decreasing,→ stable,→ stable,100.0,✅ EXCELLENT,False,NONE,3.6,0.4,NONE
1779702271.545,79.4,89.5,32.3,1486.0,44.4,13.84,31.8,32.3,32.1,31.9,optimal,optimal,optimal,optimal,optimal,optimal,→ stable,→ stable,→ stable,100.0,✅ EXCELLENT,False,NONE,3.1,0.1,NONE
1779702272.546,78.2,91.2,31.8,1516.0,44.4,13.85,32.1,31.8,31.8,31.6,optimal,optimal,optimal,optimal,optimal,optimal,↓ decreasing,→ stable,→ stable,100.0,✅ EXCELLENT,False,NONE,3.6,0.0,NONE
1779702273.547,79.0,91.2,32.4,1499.0,45.0,13.83,32.3,31.8,31.7,31.9,optimal,optimal,optimal,optimal,optimal,optimal,→ stable,→ stable,→ stable,100.0,✅ EXCELLENT,False,NONE,2.9,0.0,NONE
1779702274.547,82.4,88.9,31.7,1471.0,45.2,13.8,32.1,31.9,31.9,31.6,optimal,optimal,optimal,optimal,optimal,optimal,→ stable,→ stable,→ stable,100.0,✅ EXCELLENT,False,NONE,3.9,0.6,NONE
1779702275.548,80.8,89.9,31.8,1501.0,44.1,13.78,32.3,31.6,31.7,31.8,optimal,optimal,optimal,optimal,optimal,optimal,→ stable,→ stable,→ stable,100.0,✅ EXCELLENT,False,NONE,3.7,0.0,NONE
1779702276.549,82.5,89.3,31.9,1481.0,45.3,13.8,31.6,32.2,31.9,31.8,optimal,optimal,optimal,optimal,optimal,optimal,↑ increasing,↓ decreasing,→ stable,100.0,✅ EXCELLENT,False,NONE,3.7,0.2,NONE
1779702277.55,78.2,90.0,31.9,1505.0,44.3,13.79,32.0,32.3,31.8,32.0,optimal,optimal,optimal,optimal,optimal,optimal,↑ increasing,→ stable,→ stable,100.0,✅ EXCELLENT,False,NONE,3.5,0.0,NONE
1779702278.551,78.5,89.7,31.7,1532.0,44.0,13.78,31.7,32.2,31.8,32.2,optimal,optimal,optimal,optimal,optimal,optimal,→ stable,→ stable,→ stable,100.0,✅ EXCELLENT,False,NONE,3.7,0.0,NONE
1779702279.552,81.2,89.8,32.4,1498.0,44.2,13.77,32.3,31.9,31.8,31.6,optimal,optimal,optimal,optimal,optimal,optimal,→ stable,→ stable,→ stable,100.0,✅ EXCELLENT,False,NONE,3.0,0.0,NONE
1779702280.552,80.5,88.6,32.3,1535.0,45.1,13.77,32.1,32.4,32.1,32.1,optimal,optimal,optimal,optimal,optimal,optimal,→ stable,→ stable,→ stable,100.0,✅ EXCELLENT,False,NONE,3.1,1.0,NONE
1779702281.553,77.9,90.9,32.2,1505.0,44.2,13.81,31.7,32.0,31.9,32.2,optimal,optimal,optimal,optimal,optimal,optimal,→ stable,→ stable,→ stable,100.0,✅ EXCELLENT,False,NONE,3.1,0.0,NONE
1779702282.554,77.2,89.3,31.9,1519.0,45.1,13.85,31.8,31.6,32.3,32.3,optimal,optimal,optimal,optimal,optimal,optimal,→ stable,→ stable,→ stable,100.0,✅ EXCELLENT,False,NONE,3.4,0.2,NONE
1779702283.555,80.6,91.3,31.9,1534.0,45.8,13.8,32.3,31.6,32.3,32.0,optimal,optimal,optimal,optimal,optimal,optimal,→ stable,→ stable,→ stable,100.0,✅ EXCELLENT,False,NONE,3.6,0.0,NONE
1779702284.556,77.9,89.2,31.9,1516.0,45.9,13.75,31.8,32.4,31.7,31.7,optimal,optimal,optimal,optimal,optimal,optimal,→ stable,→ stable,→ stable,100.0,✅ EXCELLENT,False,NONE,3.4,0.3,NONE
1779702285.556,80.7,90.5,32.0,1527.0,44.4,13.84,32.2,32.0,32.2,31.9,optimal,optimal,optimal,optimal,optimal,optimal,→ stable,→ stable,→ stable,100.0,✅ EXCELLENT,False,NONE,3.5,0.0,NONE
1779702286.557,78.4,89.4,31.8,1453.0,44.8,13.81,31.7,31.7,31.7,31.8,optimal,optimal,optimal,optimal,optimal,optimal,↓ decreasing,→ stable,→ stable,100.0,✅ EXCELLENT,False,NONE,3.6,0.2,NONE
1779702287.558,77.9,89.4,32.0,1509.0,45.8,13.79,32.4,32.1,32.1,31.8,optimal,optimal,optimal,optimal,optimal,optimal,↓ decreasing,→ stable,→ stable,100.0,✅ EXCELLENT,False,NONE,3.3,0.2,NONE
1779702288.558,82.5,90.5,31.9,1505.0,44.3,13.85,32.0,31.9,32.2,31.7,optimal,optimal,optimal,optimal,optimal,optimal,→ stable,→ stable,→ stable,100.0,✅ EXCELLENT,False,NONE,3.7,0.0,NONE
1779702289.559,77.2,89.4,31.9,1520.0,44.6,13.82,32.0,31.7,32.4,31.7,optimal,optimal,optimal,optimal,optimal,optimal,↓ decreasing,→ stable,→ stable,100.0,✅ EXCELLENT,False,NONE,3.4,0.2,NONE
1779702290.559,82.1,90.6,31.6,1514.0,45.1,13.82,32.3,32.3,31.7,32.3,optimal,optimal,optimal,optimal,optimal,optimal,↓ decreasing,→ stable,→ stable,100.0,✅ EXCELLENT,False,NONE,4.0,0.0,NONE
1779702291.559,81.7,91.3,32.2,1509.0,44.7,13.81,32.3,32.1,31.7,32.2,optimal,optimal,optimal,optimal,optimal,optimal,→ stable,→ stable,→ stable,100.0,✅ EXCELLENT,False,NONE,3.3,0.0,NONE
1779702292.559,82.5,89.0,31.7,1485.0,44.3,13.79,32.2,31.9,31.9,31.7,optimal,optimal,optimal,optimal,optimal,optimal,→ stable,→ stable,→ stable,100.0,✅ EXCELLENT,False,NONE,3.9,0.5,NONE
1779702293.56,79.4,90.2,32.1,1542.0,45.4,13.83,32.4,31.7,31.8,31.6,optimal,optimal,optimal,optimal,optimal,optimal,→ stable,→ stable,→ stable,100.0,✅ EXCELLENT,False,NONE,3.3,0.0,NONE
1779702294.561,78.6,88.9,32.3,1500.0,44.9,13.75,31.8,31.8,31.9,31.6,optimal,optimal,optimal,optimal,optimal,optimal,↑ increasing,→ stable,→ stable,100.0,✅ EXCELLENT,False,NONE,3.0,0.6,NONE
1779702295.562,81.9,89.0,32.3,1488.0,45.2,13.83,31.9,31.8,31.7,32.1,optimal,optimal,optimal,optimal,optimal,optimal,↑ increasing,→ stable,→ stable,100.0,✅ EXCELLENT,False,NONE,3.2,0.5,NONE
1779702296.563,78.9,91.2,32.2,1540.0,44.1,13.83,32.1,32.2,31.8,31.6,optimal,optimal,optimal,optimal,optimal,optimal,↑ increasing,→ stable,→ stable,100.0,✅ EXCELLENT,False,NONE,3.2,0.0,NONE
1779702297.563,77.7,88.5,32.3,1485.0,44.8,13.83,31.7,32.2,32.3,32.3,optimal,optimal,optimal,optimal,optimal,optimal,↑ increasing,→ stable,→ stable,100.0,✅ EXCELLENT,False,NONE,3.0,1.1,NONE
1779702298.564,79.8,91.0,31.6,1541.0,44.8,13.8,32.0,31.9,31.8,31.8,optimal,optimal,optimal,optimal,optimal,optimal,→ stable,→ stable,→ stable,100.0,✅ EXCELLENT,False,NONE,3.9,0.0,NONE
1779702299.565,78.9,89.5,31.9,1496.0,45.4,13.82,32.4,32.3,31.9,31.7,optimal,optimal,optimal,optimal,optimal,optimal,↑ increasing,→ stable,→ stable,100.0,✅ EXCELLENT,False,NONE,3.5,0.1,NONE
1779702300.565,80.7,90.8,32.1,1526.0,44.7,13.84,31.7,31.8,32.4,32.2,optimal,optimal,optimal,optimal,optimal,optimal,↑ increasing,→ stable,→ stable,100.0,✅ EXCELLENT,False,NONE,3.3,0.0,NONE
1779702301.566,77.9,90.9,31.9,1524.0,44.5,13.82,31.7,32.2,31.6,32.3,optimal,optimal,optimal,optimal,optimal,optimal,→ stable,→ stable,→ stable,100.0,✅ EXCELLENT,False,NONE,3.4,0.0,NONE
1779702302.567,82.4,90.6,32.0,1547.0,45.4,13.79,31.9,31.6,31.8,31.7,optimal,optimal,optimal,optimal,optimal,optimal,↓ decreasing,→ stable,→ stable,100.0,✅ EXCELLENT,False,NONE,3.5,0.0,NONE
1779702303.568,79.6,91.4,32.1,1481.0,45.0,13.82,32.3,32.1,31.8,31.9,optimal,optimal,optimal,optimal,optimal,optimal,→ stable,→ stable,→ stable,100.0,✅ EXCELLENT,False,NONE,3.3,0.0,NONE
1779702304.568,82.4,89.4,31.6,1484.0,44.8,13.8,31.7,31.9,32.0,32.1,optimal,optimal,optimal,optimal,optimal,optimal,→ stable,→ stable,→ stable,100.0,✅ EXCELLENT,False,NONE,4.0,0.2,NONE
1779702305.569,77.4,89.4,32.1,1455.0,44.4,13.79,31.9,32.1,32.3,32.2,optimal,optimal,optimal,optimal,optimal,optimal,↓ decreasing,→ stable,→ stable,100.0,✅ EXCELLENT,False,NONE,3.2,0.2,NONE
1779702306.569,78.7,90.6,31.8,1488.0,45.0,13.8,31.9,32.2,32.2,31.7,optimal,optimal,optimal,optimal,optimal,optimal,↓ decreasing,→ stable,→ stable,100.0,✅ EXCELLENT,False,NONE,3.6,0.0,NONE
1779702307.571,78.1,90.2,32.3,1529.0,45.3,13.79,32.3,31.9,31.9,32.1,optimal,optimal,optimal,optimal,optimal,optimal,↓ decreasing,↑ increasing,→ stable,100.0,✅ EXCELLENT,False,NONE,3.0,0.0,NONE
1779702308.571,78.5,91.0,32.2,1483.0,45.7,13.84,32.3,32.2,32.2,31.7,optimal,optimal,optimal,optimal,optimal,optimal,↓ decreasing,→ stable,→ stable,100.0,✅ EXCELLENT,False,NONE,3.1,0.0,NONE
1779702309.571,79.0,91.2,32.3,1492.0,45.3,13.76,32.4,32.1,32.0,31.9,optimal,optimal,optimal,optimal,optimal,optimal,↓ decreasing,↑ increasing,→ stable,100.0,✅ EXCELLENT,False,NONE,3.0,0.0,NONE
1779702310.571,80.4,89.6,31.9,1469.0,45.5,13.79,32.2,32.2,32.1,31.8,optimal,optimal,optimal,optimal,optimal,optimal,↓ decreasing,→ stable,→ stable,100.0,✅ EXCELLENT,False,NONE,3.6,0.1,NONE
1779702311.571,80.7,89.2,31.8,1459.0,44.8,13.78,32.0,31.8,32.4,32.1,optimal,optimal,optimal,optimal,optimal,optimal,→ stable,→ stable,→ stable,100.0,✅ EXCELLENT,False,NONE,3.7,0.3,NONE
1779702312.573,77.7,90.1,32.1,1497.0,46.0,13.8,31.9,32.3,32.1,32.0,optimal,optimal,optimal,optimal,optimal,optimal,→ stable,→ stable,→ stable,100.0,✅ EXCELLENT,False,NONE,3.2,0.0,NONE
1779702313.574,82.4,91.5,31.9,1495.0,44.0,13.84,32.1,31.6,32.2,31.9,optimal,optimal,optimal,optimal,optimal,optimal,→ stable,→ stable,→ stable,100.0,✅ EXCELLENT,False,NONE,3.6,0.0,NONE
1779702314.575,78.5,90.6,32.2,1483.0,45.1,13.78,32.1,32.1,32.0,32.3,optimal,optimal,optimal,optimal,optimal,optimal,↓ decreasing,→ stable,→ stable,100.0,✅ EXCELLENT,False,NONE,3.1,0.0,NONE
1779702315.576,77.4,90.8,31.9,1489.0,44.8,13.82,32.0,32.3,32.2,31.6,optimal,optimal,optimal,optimal,optimal,optimal,→ stable,→ stable,→ stable,100.0,✅ EXCELLENT,False,NONE,3.4,0.0,NONE
1779702316.577,79.7,90.8,31.7,1454.0,45.3,13.85,32.2,32.3,32.3,31.7,optimal,optimal,optimal,optimal,optimal,optimal,→ stable,→ stable,→ stable,100.0,✅ EXCELLENT,False,NONE,3.8,0.0,NONE
1779702317.578,78.3,89.4,31.6,1544.0,44.7,13.77,32.2,31.7,32.1,31.9,optimal,optimal,optimal,optimal,optimal,optimal,→ stable,→ stable,→ stable,100.0,✅ EXCELLENT,False,NONE,3.8,0.2,NONE
1779702318.579,80.7,90.9,32.2,1478.0,45.1,13.82,32.0,31.9,32.3,31.9,optimal,optimal,optimal,optimal,optimal,optimal,→ stable,→ stable,→ stable,100.0,✅ EXCELLENT,False,NONE,3.2,0.0,NONE
1779702319.58,80.1,89.1,31.7,1537.0,45.1,13.81,31.7,32.1,32.3,32.0,optimal,optimal,optimal,optimal,optimal,optimal,→ stable,→ stable,→ stable,100.0,✅ EXCELLENT,False,NONE,3.8,0.4,NONE
1779702320.581,82.0,89.3,31.7,1525.0,45.6,13.78,32.1,32.0,31.6,32.3,optimal,optimal,optimal,optimal,optimal,optimal,→ stable,→ stable,→ stable,100.0,✅ EXCELLENT,False,NONE,3.9,0.2,NONE
1779702321.581,82.4,90.9,32.2,1459.0,45.3,13.8,31.9,32.1,31.6,31.7,optimal,optimal,optimal,optimal,optimal,optimal,→ stable,→ stable,→ stable,100.0,✅ EXCELLENT,False,NONE,3.3,0.0,NONE
1779702322.582,81.2,90.1,31.7,1524.0,44.7,13.84,31.7,32.0,32.3,31.6,optimal,optimal,optimal,optimal,optimal,optimal,↑ increasing,→ stable,→ stable,100.0,✅ EXCELLENT,False,NONE,3.8,0.0,NONE
1779702323.583,77.9,89.1,32.2,1500.0,45.7,13.76,32.0,31.9,32.3,31.9,optimal,optimal,optimal,optimal,optimal,optimal,→ stable,→ stable,→ stable,100.0,✅ EXCELLENT,False,NONE,3.1,0.4,NONE
1779702324.583,82.1,91.4,32.2,1484.0,45.7,13.76,31.8,31.8,32.3,31.6,optimal,optimal,optimal,optimal,optimal,optimal,↑ increasing,→ stable,→ stable,100.0,✅ EXCELLENT,False,NONE,3.3,0.0,NONE
1779702325.584,81.5,89.7,31.6,1535.0,44.6,13.76,32.0,31.9,32.2,31.8,optimal,optimal,optimal,optimal,optimal,optimal,↑ increasing,→ stable,→ stable,100.0,✅ EXCELLENT,False,NONE,4.0,0.0,NONE
1779702326.585,80.2,89.9,32.1,1545.0,45.8,13.82,31.7,32.0,32.4,32.4,optimal,optimal,optimal,optimal,optimal,optimal,↑ increasing,↓ decreasing,→ stable,100.0,✅ EXCELLENT,False,NONE,3.3,0.0,NONE
1779702327.585,79.4,88.8,32.0,1524.0,45.9,13.81,32.0,32.0,31.7,32.3,optimal,optimal,optimal,optimal,optimal,optimal,↑ increasing,→ stable,→ stable,100.0,✅ EXCELLENT,False,NONE,3.4,0.7,NONE
1779702328.587,78.7,88.7,31.7,1461.0,45.3,13.84,31.8,32.3,32.3,32.3,optimal,optimal,optimal,optimal,optimal,optimal,↑ increasing,↓ decreasing,→ stable,100.0,✅ EXCELLENT,False,NONE,3.7,0.8,NONE
1779702329.588,81.9,89.2,31.9,1548.0,45.2,13.81,32.1,32.4,32.0,32.1,optimal,optimal,optimal,optimal,optimal,optimal,↑ increasing,→ stable,→ stable,100.0,✅ EXCELLENT,False,NONE,3.6,0.3,NONE
1779702330.59,80.5,90.7,31.7,1514.0,44.4,13.81,31.9,32.3,31.8,32.3,optimal,optimal,optimal,optimal,optimal,optimal,↑ increasing,→ stable,→ stable,100.0,✅ EXCELLENT,False,NONE,3.8,0.0,NONE
1779702331.591,81.2,90.4,32.4,1544.0,45.4,13.79,32.1,31.8,31.9,31.8,optimal,optimal,optimal,optimal,optimal,optimal,↑ increasing,↓ decreasing,→ stable,100.0,✅ EXCELLENT,False,NONE,3.0,0.0,NONE
1779702332.592,81.3,90.4,32.2,1478.0,45.3,13.77,32.1,32.1,31.8,32.2,optimal,optimal,optimal,optimal,optimal,optimal,→ stable,↓ decreasing,→ stable,100.0,✅ EXCELLENT,False,NONE,3.3,0.0,NONE
1779702333.593,81.5,90.2,32.0,1510.0,44.6,13.79,31.7,32.2,31.7,32.0,optimal,optimal,optimal,optimal,optimal,optimal,↑ increasing,→ stable,→ stable,100.0,✅ EXCELLENT,False,NONE,3.5,0.0,NONE
1779702334.593,79.8,90.3,32.0,1534.0,45.8,13.79,32.2,32.2,31.9,32.1,optimal,optimal,optimal,optimal,optimal,optimal,→ stable,→ stable,→ stable,100.0,✅ EXCELLENT,False,NONE,3.4,0.0,NONE
1779702335.594,80.6,90.3,32.1,1534.0,45.9,13.77,31.9,32.0,32.2,31.9,optimal,optimal,optimal,optimal,optimal,optimal,→ stable,→ stable,→ stable,100.0,✅ EXCELLENT,False,NONE,3.3,0.0,NONE
1779702336.595,77.7,91.3,32.3,1453.0,44.1,13.77,32.1,31.7,31.7,32.3,optimal,optimal,optimal,optimal,optimal,optimal,→ stable,→ stable,→ stable,100.0,✅ EXCELLENT,False,NONE,3.0,0.0,NONE
1779702337.596,82.5,89.9,32.0,1471.0,44.5,13.84,31.7,31.8,32.4,31.8,optimal,optimal,optimal,optimal,optimal,optimal,→ stable,→ stable,→ stable,100.0,✅ EXCELLENT,False,NONE,3.5,0.0,NONE
1779702338.597,80.7,88.7,32.4,1469.0,44.4,13.84,31.8,32.0,32.3,32.3,optimal,optimal,optimal,optimal,optimal,optimal,→ stable,→ stable,→ stable,100.0,✅ EXCELLENT,False,NONE,3.0,0.8,NONE
1779702339.598,80.9,89.4,31.6,1502.0,44.6,13.78,31.8,31.9,32.4,31.9,optimal,optimal,optimal,optimal,optimal,optimal,→ stable,→ stable,→ stable,100.0,✅ EXCELLENT,False,NONE,3.9,0.2,NONE
1779702340.599,80.6,89.1,31.7,1463.0,44.1,13.83,32.1,31.6,32.0,31.8,optimal,optimal,optimal,optimal,optimal,optimal,→ stable,→ stable,→ stable,100.0,✅ EXCELLENT,False,NONE,3.8,0.4,NONE
1779702341.6,79.6,89.0,31.7,1489.0,44.2,13.81,32.0,31.9,32.2,31.8,optimal,optimal,optimal,optimal,optimal,optimal,→ stable,→ stable,→ stable,100.0,✅ EXCELLENT,False,NONE,3.8,0.5,NONE
1779702342.601,77.3,89.5,32.1,1536.0,44.8,13.8,31.6,32.4,31.6,32.0,optimal,optimal,optimal,optimal,optimal,optimal,→ stable,→ stable,→ stable,100.0,✅ EXCELLENT,False,NONE,3.2,0.1,NONE
1779702343.601,80.4,91.0,32.0,1540.0,45.5,13.83,31.8,32.0,32.2,32.0,optimal,optimal,optimal,optimal,optimal,optimal,↓ decreasing,→ stable,→ stable,100.0,✅ EXCELLENT,False,NONE,3.4,0.0,NONE
1779702344.602,81.0,89.4,31.8,1509.0,44.9,13.75,31.9,32.3,32.0,31.9,optimal,optimal,optimal,optimal,optimal,optimal,→ stable,→ stable,→ stable,100.0,✅ EXCELLENT,False,NONE,3.7,0.2,NONE
1779702345.604,77.2,88.9,31.9,1508.0,44.1,13.76,31.7,32.0,32.3,32.3,optimal,optimal,optimal,optimal,optimal,optimal,↓ decreasing,→ stable,→ stable,100.0,✅ EXCELLENT,False,NONE,3.4,0.6,NONE
1779702346.605,82.7,89.4,31.6,1501.0,44.4,13.8,31.9,32.2,32.2,32.2,optimal,optimal,optimal,optimal,optimal,optimal,→ stable,↓ decreasing,→ stable,100.0,✅ EXCELLENT,False,NONE,4.0,0.2,NONE
1779702347.606,82.7,90.0,32.1,1463.0,44.8,13.81,32.1,32.0,32.4,32.3,optimal,optimal,optimal,optimal,optimal,optimal,→ stable,↓ decreasing,→ stable,100.0,✅ EXCELLENT,False,NONE,3.4,0.0,NONE
1779702348.607,78.7,90.5,32.1,1532.0,45.1,13.83,31.8,31.8,32.4,32.4,optimal,optimal,optimal,optimal,optimal,optimal,↓ decreasing,↓ decreasing,→ stable,100.0,✅ EXCELLENT,False,NONE,3.3,0.0,NONE
1779702349.608,82.6,89.4,32.2,1525.0,44.3,13.76,31.7,31.6,32.4,32.1,optimal,optimal,optimal,optimal,optimal,optimal,→ stable,↓ decreasing,→ stable,100.0,✅ EXCELLENT,False,NONE,3.3,0.2,NONE
1779702350.609,79.6,89.0,32.4,1495.0,45.0,13.8,32.1,31.9,31.9,32.1,optimal,optimal,optimal,optimal,optimal,optimal,→ stable,→ stable,→ stable,100.0,✅ EXCELLENT,False,NONE,3.0,0.5,NONE
1779702351.61,79.7,91.1,31.8,1482.0,45.3,13.77,31.7,31.8,32.3,32.2,optimal,optimal,optimal,optimal,optimal,optimal,→ stable,→ stable,→ stable,100.0,✅ EXCELLENT,False,NONE,3.6,0.0,NONE
1779702352.611,79.3,91.0,32.1,1467.0,44.6,13.82,31.7,32.3,32.3,31.8,optimal,optimal,optimal,optimal,optimal,optimal,→ stable,→ stable,→ stable,100.0,✅ EXCELLENT,False,NONE,3.3,0.0,NONE
1779702353.612,82.4,89.5,31.8,1541.0,44.6,13.78,32.2,32.0,32.4,31.8,optimal,optimal,optimal,optimal,optimal,optimal,↑ increasing,→ stable,→ stable,100.0,✅ EXCELLENT,False,NONE,3.8,0.1,NONE
1779702354.613,82.1,89.4,32.0,1486.0,45.1,13.81,32.3,31.7,31.6,31.9,optimal,optimal,optimal,optimal,optimal,optimal,↑ increasing,→ stable,→ stable,100.0,✅ EXCELLENT,False,NONE,3.5,0.2,NONE
1779702355.614,79.0,90.3,32.2,1508.0,44.1,13.81,32.0,32.1,31.8,32.2,optimal,optimal,optimal,optimal,optimal,optimal,↑ increasing,→ stable,→ stable,100.0,✅ EXCELLENT,False,NONE,3.2,0.0,NONE
1779702356.615,82.6,88.7,32.2,1547.0,44.3,13.84,32.4,31.9,32.3,32.0,optimal,optimal,optimal,optimal,optimal,optimal,↑ increasing,→ stable,→ stable,100.0,✅ EXCELLENT,False,NONE,3.3,0.8,NONE
1779702357.616,81.4,88.7,31.7,1499.0,44.1,13.77,32.2,32.3,32.0,31.9,optimal,optimal,optimal,optimal,optimal,optimal,→ stable,→ stable,→ stable,100.0,✅ EXCELLENT,False,NONE,3.8,0.8,NONE
1779702358.616,77.1,88.8,31.8,1466.0,45.5,13.84,31.7,31.8,31.9,31.9,optimal,optimal,optimal,optimal,optimal,optimal,→ stable,→ stable,→ stable,100.0,✅ EXCELLENT,False,NONE,3.5,0.7,NONE
1779702359.616,80.7,89.7,31.9,1495.0,44.6,13.82,32.1,31.6,31.8,32.0,optimal,optimal,optimal,optimal,optimal,optimal,→ stable,→ stable,→ stable,100.0,✅ EXCELLENT,False,NONE,3.6,0.0,NONE
1779702360.616,82.9,88.6,31.9,1539.0,45.2,13.8,31.9,32.3,32.3,32.2,optimal,optimal,optimal,optimal,optimal,optimal,↑ increasing,→ stable,→ stable,100.0,✅ EXCELLENT,False,NONE,3.7,1.0,NONE
1779702361.617,82.5,90.6,31.8,1469.0,44.0,13.76,32.2,32.2,32.3,31.8,optimal,optimal,optimal,optimal,optimal,optimal,↑ increasing,→ stable,→ stable,100.0,✅ EXCELLENT,False,NONE,3.8,0.0,NONE
1779702362.617,82.2,89.9,31.7,1496.0,45.3,13.83,32.4,32.0,31.7,32.0,optimal,optimal,optimal,optimal,optimal,optimal,↑ increasing,↓ decreasing,→ stable,100.0,✅ EXCELLENT,False,NONE,3.9,0.0,NONE
1779702363.617,80.0,89.6,31.8,1539.0,45.6,13.82,32.2,32.3,31.8,32.2,optimal,optimal,optimal,optimal,optimal,optimal,→ stable,→ stable,→ stable,100.0,✅ EXCELLENT,False,NONE,3.7,0.1,NONE
1779702364.617,79.9,88.6,31.9,1539.0,45.0,13.77,32.4,31.7,31.9,31.7,optimal,optimal,optimal,optimal,optimal,optimal,→ stable,→ stable,→ stable,100.0,✅ EXCELLENT,False,NONE,3.5,1.0,NONE
1779702365.618,79.4,90.6,32.3,1477.0,44.2,13.76,31.8,32.1,32.3,32.1,optimal,optimal,optimal,optimal,optimal,optimal,→ stable,↓ decreasing,→ stable,100.0,✅ EXCELLENT,False,NONE,3.1,0.0,NONE
1779702366.619,78.3,91.2,31.8,1460.0,45.4,13.83,32.2,31.8,32.3,32.2,optimal,optimal,optimal,optimal,optimal,optimal,→ stable,→ stable,→ stable,100.0,✅ EXCELLENT,False,NONE,3.6,0.0,NONE
1779702367.62,83.0,90.7,32.2,1535.0,45.6,13.76,32.3,32.4,32.2,32.1,optimal,optimal,optimal,optimal,optimal,optimal,→ stable,→ stable,→ stable,100.0,✅ EXCELLENT,False,NONE,3.3,0.0,NONE
1779702368.62,81.8,90.4,32.0,1534.0,44.6,13.76,31.7,32.0,32.1,31.8,optimal,optimal,optimal,optimal,optimal,optimal,→ stable,→ stable,→ stable,100.0,✅ EXCELLENT,False,NONE,3.5,0.0,NONE
1779702369.621,82.8,89.5,31.6,1454.0,45.9,13.83,32.1,31.7,31.7,32.4,optimal,optimal,optimal,optimal,optimal,optimal,↑ increasing,→ stable,→ stable,100.0,✅ EXCELLENT,False,NONE,4.0,0.1,NONE
1779702370.621,82.5,90.1,32.0,1514.0,45.0,13.85,32.1,31.9,32.3,31.6,optimal,optimal,optimal,optimal,optimal,optimal,↑ increasing,↑ increasing,→ stable,100.0,✅ EXCELLENT,False,NONE,3.5,0.0,NONE
1779702371.621,79.8,91.3,32.4,1485.0,44.7,13.76,32.3,31.8,32.1,32.3,optimal,optimal,optimal,optimal,optimal,optimal,→ stable,↑ increasing,→ stable,100.0,✅ EXCELLENT,False,NONE,3.0,0.0,NONE
1779702372.622,78.4,91.1,32.1,1521.0,44.8,13.81,32.2,31.9,31.7,31.8,optimal,optimal,optimal,optimal,optimal,optimal,↓ decreasing,↑ increasing,→ stable,100.0,✅ EXCELLENT,False,NONE,3.2,0.0,NONE
1779702373.624,78.4,91.2,31.6,1529.0,44.2,13.76,32.0,31.7,32.0,32.3,optimal,optimal,optimal,optimal,optimal,optimal,↓ decreasing,↑ increasing,→ stable,100.0,✅ EXCELLENT,False,NONE,3.8,0.0,NONE
1779702374.624,77.1,90.8,32.1,1484.0,44.8,13.75,32.2,31.8,32.4,32.1,optimal,optimal,optimal,optimal,optimal,optimal,↓ decreasing,↑ increasing,→ stable,100.0,✅ EXCELLENT,False,NONE,3.2,0.0,NONE
1779702375.626,79.0,89.8,31.7,1465.0,44.1,13.78,32.0,31.8,32.4,32.3,optimal,optimal,optimal,optimal,optimal,optimal,↓ decreasing,↑ increasing,→ stable,100.0,✅ EXCELLENT,False,NONE,3.7,0.0,NONE
1779702376.627,82.7,89.7,32.2,1456.0,45.1,13.8,31.8,31.6,31.8,32.2,optimal,optimal,optimal,optimal,optimal,optimal,→ stable,↑ increasing,→ stable,100.0,✅ EXCELLENT,False,NONE,3.3,0.0,NONE
1779702377.628,82.3,90.5,32.1,1471.0,45.8,13.76,32.2,32.0,31.8,31.8,optimal,optimal,optimal,optimal,optimal,optimal,→ stable,↑ increasing,→ stable,100.0,✅ EXCELLENT,False,NONE,3.4,0.0,NONE
1779702378.628,79.1,89.8,31.9,1545.0,45.6,13.84,32.2,32.3,32.2,32.1,optimal,optimal,optimal,optimal,optimal,optimal,↓ decreasing,→ stable,→ stable,100.0,✅ EXCELLENT,False,NONE,3.5,0.0,NONE
1779702379.63,79.0,89.4,32.3,1474.0,45.9,13.8,32.4,32.2,32.0,32.2,optimal,optimal,optimal,optimal,optimal,optimal,↓ decreasing,→ stable,→ stable,100.0,✅ EXCELLENT,False,NONE,3.0,0.2,NONE
1779702380.631,78.3,90.2,31.9,1487.0,45.8,13.79,31.8,32.4,32.1,32.2,optimal,optimal,optimal,optimal,optimal,optimal,↓ decreasing,→ stable,→ stable,100.0,✅ EXCELLENT,False,NONE,3.5,0.0,NONE
1779702381.632,80.2,90.4,32.1,1543.0,45.0,13.82,32.3,32.3,32.2,32.1,optimal,optimal,optimal,optimal,optimal,optimal,↓ decreasing,→ stable,→ stable,100.0,✅ EXCELLENT,False,NONE,3.3,0.0,NONE
1779702382.631,81.6,88.9,31.9,1511.0,44.7,13.82,31.7,31.7,31.8,31.8,optimal,optimal,optimal,optimal,optimal,optimal,↓ decreasing,→ stable,→ stable,100.0,✅ EXCELLENT,False,NONE,3.6,0.6,NONE
1779702383.631,82.1,91.0,31.9,1515.0,45.6,13.81,32.4,32.3,31.9,31.6,optimal,optimal,optimal,optimal,optimal,optimal,→ stable,→ stable,→ stable,100.0,✅ EXCELLENT,False,NONE,3.6,0.0,NONE
1779702384.631,80.6,90.8,32.0,1458.0,44.9,13.82,32.4,31.9,32.2,32.1,optimal,optimal,optimal,optimal,optimal,optimal,→ stable,↓ decreasing,→ stable,100.0,✅ EXCELLENT,False,NONE,3.5,0.0,NONE
1779702385.632,78.8,89.8,32.1,1478.0,45.7,13.84,32.0,31.8,31.9,32.3,optimal,optimal,optimal,optimal,optimal,optimal,→ stable,↓ decreasing,→ stable,100.0,✅ EXCELLENT,False,NONE,3.3,0.0,NONE
1779702386.632,80.4,90.8,32.1,1478.0,44.2,13.84,32.1,32.0,32.0,32.2,optimal,optimal,optimal,optimal,optimal,optimal,→ stable,→ stable,→ stable,100.0,✅ EXCELLENT,False,NONE,3.3,0.0,NONE
1779702387.633,81.2,90.2,31.7,1486.0,44.8,13.82,32.3,32.0,32.2,32.2,optimal,optimal,optimal,optimal,optimal,optimal,→ stable,→ stable,→ stable,100.0,✅ EXCELLENT,False,NONE,3.8,0.0,NONE
1779702388.634,80.0,90.4,31.8,1481.0,44.4,13.79,31.8,31.6,32.3,32.1,optimal,optimal,optimal,optimal,optimal,optimal,→ stable,→ stable,→ stable,100.0,✅ EXCELLENT,False,NONE,3.7,0.0,NONE
1779702389.636,78.0,91.3,32.1,1509.0,45.0,13.82,32.4,31.8,32.4,32.1,optimal,optimal,optimal,optimal,optimal,optimal,→ stable,→ stable,→ stable,100.0,✅ EXCELLENT,False,NONE,3.2,0.0,NONE
1779702390.637,79.8,90.2,31.8,1526.0,45.0,13.81,31.8,31.6,32.0,32.0,optimal,optimal,optimal,optimal,optimal,optimal,↑ increasing,→ stable,→ stable,100.0,✅ EXCELLENT,False,NONE,3.6,0.0,NONE
1779702391.638,78.2,88.9,31.7,1455.0,44.7,13.81,32.0,31.8,31.6,32.3,optimal,optimal,optimal,optimal,optimal,optimal,↑ increasing,→ stable,→ stable,100.0,✅ EXCELLENT,False,NONE,3.7,0.6,NONE
1779702392.639,82.9,90.8,32.2,1533.0,44.2,13.84,32.3,32.1,32.4,32.3,optimal,optimal,optimal,optimal,optimal,optimal,→ stable,→ stable,→ stable,100.0,✅ EXCELLENT,False,NONE,3.3,0.0,NONE
1779702393.639,81.8,90.9,31.9,1477.0,44.9,13.82,31.9,31.8,31.6,32.1,optimal,optimal,optimal,optimal,optimal,optimal,→ stable,→ stable,→ stable,100.0,✅ EXCELLENT,False,NONE,3.6,0.0,NONE
1779702394.64,77.5,89.9,32.3,1543.0,45.9,13.76,32.1,31.7,31.6,31.6,optimal,optimal,optimal,optimal,optimal,optimal,↓ decreasing,→ stable,→ stable,100.0,✅ EXCELLENT,False,NONE,3.0,0.0,NONE
1779702395.641,81.2,89.3,32.2,1460.0,45.2,13.84,32.1,32.1,32.1,32.1,optimal,optimal,optimal,optimal,optimal,optimal,→ stable,→ stable,→ stable,100.0,✅ EXCELLENT,False,NONE,3.2,0.2,NONE
1779702396.641,78.7,88.7,31.7,1460.0,44.9,13.85,32.2,31.8,31.9,31.6,optimal,optimal,optimal,optimal,optimal,optimal,→ stable,→ stable,→ stable,100.0,✅ EXCELLENT,False,NONE,3.7,0.8,NONE
1779702397.643,79.0,90.8,32.1,1508.0,45.6,13.83,32.2,31.9,31.9,31.8,optimal,optimal,optimal,optimal,optimal,optimal,→ stable,→ stable,→ stable,100.0,✅ EXCELLENT,False,NONE,3.3,0.0,NONE
1779702398.644,80.0,88.7,31.7,1513.0,44.0,13.81,32.1,31.6,32.0,32.2,optimal,optimal,optimal,optimal,optimal,optimal,↓ decreasing,→ stable,→ stable,100.0,✅ EXCELLENT,False,NONE,3.8,0.8,NONE
1779702399.644,82.2,89.4,32.1,1530.0,44.7,13.78,32.2,32.1,32.0,32.4,optimal,optimal,optimal,optimal,optimal,optimal,→ stable,↓ decreasing,→ stable,100.0,✅ EXCELLENT,False,NONE,3.4,0.2,NONE
1779702400.645,81.8,91.3,32.4,1489.0,45.2,13.81,32.1,31.7,32.3,32.4,optimal,optimal,optimal,optimal,optimal,optimal,→ stable,↓ decreasing,→ stable,100.0,✅ EXCELLENT,False,NONE,3.0,0.0,NONE
1779702401.646,82.4,89.4,32.1,1520.0,45.9,13.76,31.6,32.0,32.0,32.1,optimal,optimal,optimal,optimal,optimal,optimal,↑ increasing,→ stable,→ stable,100.0,✅ EXCELLENT,False,NONE,3.4,0.2,NONE
1779702402.647,79.8,90.3,32.3,1507.0,45.0,13.77,31.9,31.7,32.3,32.2,optimal,optimal,optimal,optimal,optimal,optimal,→ stable,↓ decreasing,→ stable,100.0,✅ EXCELLENT,False,NONE,3.1,0.0,NONE
1779702403.646,77.2,88.9,32.3,1520.0,45.0,13.83,31.8,31.9,31.9,32.2,optimal,optimal,optimal,optimal,optimal,optimal,→ stable,↓ decreasing,→ stable,100.0,✅ EXCELLENT,False,NONE,3.0,0.6,NONE
1779702404.647,79.9,88.5,31.8,1493.0,45.3,13.82,32.0,32.2,32.3,32.3,optimal,optimal,optimal,optimal,optimal,optimal,→ stable,↓ decreasing,→ stable,100.0,✅ EXCELLENT,False,NONE,3.7,1.1,NONE
1779702405.648,81.6,90.5,32.3,1509.0,44.9,13.75,32.1,32.1,32.1,31.6,optimal,optimal,optimal,optimal,optimal,optimal,→ stable,↓ decreasing,→ stable,100.0,✅ EXCELLENT,False,NONE,3.1,0.0,NONE
1779702406.649,80.1,88.6,31.6,1479.0,45.7,13.78,31.9,32.1,31.6,32.1,optimal,optimal,optimal,optimal,optimal,optimal,→ stable,→ stable,→ stable,100.0,✅ EXCELLENT,False,NONE,3.9,1.0,NONE
1779702407.65,79.4,89.5,31.9,1531.0,45.5,13.78,32.1,32.3,31.8,31.9,optimal,optimal,optimal,optimal,optimal,optimal,↑ increasing,↓ decreasing,→ stable,100.0,✅ EXCELLENT,False,NONE,3.5,0.1,NONE
1779702408.651,80.8,89.1,32.3,1464.0,44.9,13.81,32.1,32.3,32.1,32.2,optimal,optimal,optimal,optimal,optimal,optimal,↑ increasing,→ stable,→ stable,100.0,✅ EXCELLENT,False,NONE,3.1,0.4,NONE
1779702409.651,77.1,90.3,31.9,1533.0,44.6,13.8,31.9,32.2,32.3,31.9,optimal,optimal,optimal,optimal,optimal,optimal,→ stable,→ stable,→ stable,100.0,✅ EXCELLENT,False,NONE,3.4,0.0,NONE
1779702410.653,77.1,90.0,32.1,1521.0,44.8,13.78,32.2,31.7,31.7,32.0,optimal,optimal,optimal,optimal,optimal,optimal,↓ decreasing,→ stable,→ stable,100.0,✅ EXCELLENT,False,NONE,3.2,0.0,NONE
1779702411.653,79.9,90.0,32.2,1526.0,44.2,13.76,31.8,31.8,32.4,32.4,optimal,optimal,optimal,optimal,optimal,optimal,↓ decreasing,→ stable,→ stable,100.0,✅ EXCELLENT,False,NONE,3.2,0.0,NONE
1779702412.654,82.5,90.3,31.7,1520.0,45.2,13.75,31.9,31.7,31.6,31.9,optimal,optimal,optimal,optimal,optimal,optimal,↓ decreasing,→ stable,→ stable,100.0,✅ EXCELLENT,False,NONE,3.9,0.0,NONE
1779702413.655,82.0,90.3,32.1,1538.0,44.7,13.8,31.7,32.3,32.0,31.9,optimal,optimal,optimal,optimal,optimal,optimal,→ stable,→ stable,→ stable,100.0,✅ EXCELLENT,False,NONE,3.4,0.0,NONE
1779702414.656,83.0,90.9,32.2,1475.0,45.0,13.82,31.8,32.0,32.3,32.4,optimal,optimal,optimal,optimal,optimal,optimal,→ stable,→ stable,→ stable,100.0,✅ EXCELLENT,False,NONE,3.3,0.0,NONE
1779702415.657,77.7,90.3,31.7,1510.0,44.2,13.78,32.0,32.0,31.6,31.9,optimal,optimal,optimal,optimal,optimal,optimal,→ stable,→ stable,→ stable,100.0,✅ EXCELLENT,False,NONE,3.7,0.0,NONE
1779702416.658,80.2,90.9,32.1,1466.0,45.2,13.77,31.9,31.6,32.0,31.9,optimal,optimal,optimal,optimal,optimal,optimal,→ stable,↑ increasing,→ stable,100.0,✅ EXCELLENT,False,NONE,3.3,0.0,NONE
1779702417.659,77.6,88.7,32.2,1457.0,45.2,13.81,32.1,31.9,31.8,32.2,optimal,optimal,optimal,optimal,optimal,optimal,↓ decreasing,↑ increasing,→ stable,100.0,✅ EXCELLENT,False,NONE,3.1,0.8,NONE
1779702418.659,81.8,90.8,32.0,1534.0,45.2,13.8,31.6,31.9,31.7,32.2,optimal,optimal,optimal,optimal,optimal,optimal,↓ decreasing,↑ increasing,→ stable,100.0,✅ EXCELLENT,False,NONE,3.5,0.0,NONE
1779702419.659,81.5,90.1,32.0,1494.0,46.0,13.78,31.6,31.9,31.9,32.2,optimal,optimal,optimal,optimal,optimal,optimal,→ stable,↑ increasing,→ stable,100.0,✅ EXCELLENT,False,NONE,3.5,0.0,NONE
1779702420.661,82.6,91.4,32.2,1485.0,45.3,13.84,31.9,31.7,31.7,32.1,optimal,optimal,optimal,optimal,optimal,optimal,↑ increasing,↑ increasing,→ stable,100.0,✅ EXCELLENT,False,NONE,3.3,0.0,NONE
1779702421.662,79.1,89.1,32.0,1506.0,44.4,13.78,32.0,31.7,31.8,32.2,optimal,optimal,optimal,optimal,optimal,optimal,↑ increasing,↑ increasing,→ stable,100.0,✅ EXCELLENT,False,NONE,3.4,0.4,NONE
1779702422.662,77.3,90.1,31.7,1474.0,45.7,13.83,32.2,31.7,32.3,32.3,optimal,optimal,optimal,optimal,optimal,optimal,↑ increasing,↑ increasing,→ stable,100.0,✅ EXCELLENT,False,NONE,3.6,0.0,NONE
1779702423.663,81.4,89.4,31.6,1518.0,45.8,13.84,32.1,32.4,31.8,31.7,optimal,optimal,optimal,optimal,optimal,optimal,→ stable,→ stable,→ stable,100.0,✅ EXCELLENT,False,NONE,4.0,0.2,NONE
1779702424.664,80.0,90.6,32.0,1488.0,44.5,13.83,32.3,32.3,32.4,32.0,optimal,optimal,optimal,optimal,optimal,optimal,→ stable,→ stable,→ stable,100.0,✅ EXCELLENT,False,NONE,3.4,0.0,NONE
1779702425.665,81.4,88.9,31.6,1488.0,45.1,13.81,32.1,31.6,32.3,32.0,optimal,optimal,optimal,optimal,optimal,optimal,→ stable,→ stable,→ stable,100.0,✅ EXCELLENT,False,NONE,4.0,0.6,NONE
1779702426.666,80.8,88.5,32.1,1532.0,45.1,13.82,31.9,31.8,32.3,32.0,optimal,optimal,optimal,optimal,optimal,optimal,→ stable,→ stable,→ stable,100.0,✅ EXCELLENT,False,NONE,3.3,1.1,NONE
1779702427.668,82.9,89.0,31.7,1542.0,44.9,13.8,31.7,31.9,31.7,31.9,optimal,optimal,optimal,optimal,optimal,optimal,↑ increasing,→ stable,→ stable,100.0,✅ EXCELLENT,False,NONE,3.9,0.5,NONE
1779702428.668,77.5,90.7,31.9,1481.0,45.9,13.8,31.8,31.7,32.3,32.0,optimal,optimal,optimal,optimal,optimal,optimal,↑ increasing,→ stable,→ stable,100.0,✅ EXCELLENT,False,NONE,3.4,0.0,NONE
1779702429.669,77.1,91.4,32.3,1530.0,45.5,13.77,32.3,32.1,32.4,32.0,optimal,optimal,optimal,optimal,optimal,optimal,→ stable,→ stable,→ stable,100.0,✅ EXCELLENT,False,NONE,3.0,0.0,NONE
1779702430.67,80.3,91.4,31.8,1517.0,46.0,13.84,31.9,32.3,32.0,32.2,optimal,optimal,optimal,optimal,optimal,optimal,↓ decreasing,→ stable,→ stable,100.0,✅ EXCELLENT,False,NONE,3.7,0.0,NONE
1779702431.672,77.2,90.7,32.4,1505.0,44.5,13.76,31.7,32.1,32.4,31.8,optimal,optimal,optimal,optimal,optimal,optimal,↓ decreasing,→ stable,→ stable,100.0,✅ EXCELLENT,False,NONE,2.9,0.0,NONE
1779702432.673,80.4,91.3,31.9,1526.0,45.3,13.83,32.3,31.9,31.7,32.1,optimal,optimal,optimal,optimal,optimal,optimal,→ stable,→ stable,→ stable,100.0,✅ EXCELLENT,False,NONE,3.6,0.0,NONE
1779702433.674,78.9,88.7,31.7,1529.0,45.2,13.81,31.8,31.9,31.7,32.1,optimal,optimal,optimal,optimal,optimal,optimal,↓ decreasing,→ stable,→ stable,100.0,✅ EXCELLENT,False,NONE,3.7,0.8,NONE
1779702434.675,77.5,90.6,32.3,1513.0,45.5,13.82,31.8,31.7,32.3,32.0,optimal,optimal,optimal,optimal,optimal,optimal,↓ decreasing,→ stable,→ stable,100.0,✅ EXCELLENT,False,NONE,3.0,0.0,NONE
1779702435.676,77.7,90.0,32.4,1506.0,45.6,13.75,32.0,31.6,32.1,31.7,optimal,optimal,optimal,optimal,optimal,optimal,↓ decreasing,→ stable,→ stable,100.0,✅ EXCELLENT,False,NONE,2.9,0.0,NONE
1779702436.677,77.9,88.8,32.2,1513.0,44.4,13.81,31.9,32.3,31.8,32.3,optimal,optimal,optimal,optimal,optimal,optimal,↓ decreasing,→ stable,→ stable,100.0,✅ EXCELLENT,False,NONE,3.1,0.7,NONE
1779702437.677,82.6,91.0,32.3,1541.0,44.4,13.82,31.8,31.9,32.4,32.1,optimal,optimal,optimal,optimal,optimal,optimal,↓ decreasing,↑ increasing,→ stable,100.0,✅ EXCELLENT,False,NONE,3.2,0.0,NONE
1779702438.677,78.9,90.9,32.2,1499.0,44.6,13.77,32.2,31.7,31.6,32.1,optimal,optimal,optimal,optimal,optimal,optimal,↓ decreasing,↑ increasing,→ stable,100.0,✅ EXCELLENT,False,NONE,3.2,0.0,NONE
1779702439.679,80.4,90.2,31.9,1537.0,44.2,13.76,32.1,31.7,31.8,31.8,optimal,optimal,optimal,optimal,optimal,optimal,↓ decreasing,→ stable,→ stable,100.0,✅ EXCELLENT,False,NONE,3.6,0.0,NONE
1779702440.68,78.4,90.5,31.8,1501.0,45.0,13.79,31.6,31.9,31.6,31.9,optimal,optimal,optimal,optimal,optimal,optimal,↓ decreasing,→ stable,→ stable,100.0,✅ EXCELLENT,False,NONE,3.6,0.0,NONE
1779702441.68,77.3,90.3,32.3,1466.0,45.1,13.82,31.8,32.1,32.1,32.4,optimal,optimal,optimal,optimal,optimal,optimal,↓ decreasing,→ stable,→ stable,100.0,✅ EXCELLENT,False,NONE,3.0,0.0,NONE
1779702442.681,82.4,90.9,31.9,1469.0,45.3,13.84,32.1,31.7,31.8,31.8,optimal,optimal,optimal,optimal,optimal,optimal,↓ decreasing,→ stable,→ stable,100.0,✅ EXCELLENT,False,NONE,3.6,0.0,NONE
1779702443.682,80.3,89.3,32.3,1476.0,45.0,13.76,31.6,31.6,32.3,32.0,optimal,optimal,optimal,optimal,optimal,optimal,→ stable,→ stable,→ stable,100.0,✅ EXCELLENT,False,NONE,3.1,0.2,NONE
1779702444.683,77.1,88.8,31.8,1549.0,45.9,13.79,31.9,31.8,32.1,31.7,optimal,optimal,optimal,optimal,optimal,optimal,→ stable,→ stable,→ stable,100.0,✅ EXCELLENT,False,NONE,3.5,0.7,NONE
1779702445.683,78.6,89.1,31.7,1515.0,45.1,13.83,32.2,32.2,32.0,32.2,optimal,optimal,optimal,optimal,optimal,optimal,→ stable,→ stable,→ stable,100.0,✅ EXCELLENT,False,NONE,3.7,0.4,NONE
1779702446.684,80.2,89.3,32.1,1497.0,45.6,13.82,32.3,31.9,31.8,32.1,optimal,optimal,optimal,optimal,optimal,optimal,↑ increasing,→ stable,→ stable,100.0,✅ EXCELLENT,False,NONE,3.3,0.2,NONE
1779702447.685,81.4,89.5,32.0,1498.0,45.3,13.79,32.2,32.1,31.8,32.3,optimal,optimal,optimal,optimal,optimal,optimal,↑ increasing,↓ decreasing,→ stable,100.0,✅ EXCELLENT,False,NONE,3.5,0.1,NONE
1779702448.686,81.8,89.4,32.1,1484.0,45.2,13.83,31.8,32.0,32.0,31.7,optimal,optimal,optimal,optimal,optimal,optimal,↑ increasing,↓ decreasing,→ stable,100.0,✅ EXCELLENT,False,NONE,3.4,0.2,NONE
1779702449.686,80.0,89.2,31.7,1471.0,45.7,13.75,32.3,32.0,32.1,31.9,optimal,optimal,optimal,optimal,optimal,optimal,↑ increasing,↓ decreasing,→ stable,100.0,✅ EXCELLENT,False,NONE,3.8,0.3,NONE
1779702450.687,80.7,90.7,32.0,1466.0,45.7,13.77,32.0,32.4,31.6,32.2,optimal,optimal,optimal,optimal,optimal,optimal,↑ increasing,↓ decreasing,→ stable,100.0,✅ EXCELLENT,False,NONE,3.5,0.0,NONE
1779702451.688,82.3,90.6,32.1,1531.0,44.3,13.82,31.9,32.1,31.8,32.0,optimal,optimal,optimal,optimal,optimal,optimal,↑ increasing,↓ decreasing,→ stable,100.0,✅ EXCELLENT,False,NONE,3.4,0.0,NONE
1779702452.689,79.8,90.1,32.1,1511.0,45.1,13.81,31.8,32.2,31.8,32.1,optimal,optimal,optimal,optimal,optimal,optimal,↑ increasing,↓ decreasing,→ stable,100.0,✅ EXCELLENT,False,NONE,3.3,0.0,NONE
1779702453.69,82.4,88.6,32.1,1510.0,44.6,13.78,32.0,32.1,32.3,32.0,optimal,optimal,optimal,optimal,optimal,optimal,↑ increasing,↓ decreasing,→ stable,100.0,✅ EXCELLENT,False,NONE,3.4,1.0,NONE
1779702454.691,81.3,90.2,31.8,1524.0,44.8,13.8,32.1,32.0,31.7,32.1,optimal,optimal,optimal,optimal,optimal,optimal,↑ increasing,→ stable,→ stable,100.0,✅ EXCELLENT,False,NONE,3.7,0.0,NONE
1779702455.693,80.2,90.0,32.3,1468.0,45.4,13.78,32.0,32.2,31.9,32.3,optimal,optimal,optimal,optimal,optimal,optimal,↑ increasing,→ stable,→ stable,100.0,✅ EXCELLENT,False,NONE,3.1,0.0,NONE
1779702456.694,78.9,90.4,31.6,1514.0,45.5,13.81,32.2,31.6,32.1,32.2,optimal,optimal,optimal,optimal,optimal,optimal,↑ increasing,→ stable,→ stable,100.0,✅ EXCELLENT,False,NONE,3.8,0.0,NONE
1779702457.695,77.7,89.3,31.6,1494.0,45.4,13.77,31.7,32.1,31.8,32.4,optimal,optimal,optimal,optimal,optimal,optimal,↑ increasing,→ stable,→ stable,100.0,✅ EXCELLENT,False,NONE,3.8,0.2,NONE
1779702458.695,80.7,88.9,31.9,1530.0,44.1,13.81,31.8,31.8,32.1,31.7,optimal,optimal,optimal,optimal,optimal,optimal,↑ increasing,→ stable,→ stable,100.0,✅ EXCELLENT,False,NONE,3.6,0.6,NONE
1779702459.696,82.0,91.0,31.8,1460.0,45.1,13.85,32.4,31.7,31.6,31.6,optimal,optimal,optimal,optimal,optimal,optimal,↑ increasing,→ stable,→ stable,100.0,✅ EXCELLENT,False,NONE,3.7,0.0,NONE
1779702460.696,77.7,89.5,32.0,1505.0,44.0,13.84,31.7,32.3,32.3,32.0,optimal,optimal,optimal,optimal,optimal,optimal,→ stable,→ stable,→ stable,100.0,✅ EXCELLENT,False,NONE,3.3,0.1,NONE
1779702461.697,81.0,90.8,31.8,1529.0,44.2,13.79,32.4,31.6,32.1,32.2,optimal,optimal,optimal,optimal,optimal,optimal,→ stable,→ stable,→ stable,100.0,✅ EXCELLENT,False,NONE,3.7,0.0,NONE
1779702462.698,81.4,91.5,32.3,1469.0,44.5,13.76,31.6,32.1,31.7,32.3,optimal,optimal,optimal,optimal,optimal,optimal,→ stable,→ stable,→ stable,100.0,✅ EXCELLENT,False,NONE,3.1,0.0,NONE
1779702463.698,78.7,90.1,32.1,1509.0,44.1,13.84,32.0,32.0,32.2,31.7,optimal,optimal,optimal,optimal,optimal,optimal,→ stable,↑ increasing,→ stable,100.0,✅ EXCELLENT,False,NONE,3.3,0.0,NONE
1779702464.7,78.6,88.5,31.8,1483.0,44.4,13.76,32.1,32.4,32.0,32.2,optimal,optimal,optimal,optimal,optimal,optimal,↓ decreasing,→ stable,→ stable,100.0,✅ EXCELLENT,False,NONE,3.6,1.1,NONE
1779702465.7,77.2,88.5,32.1,1473.0,45.6,13.77,32.0,32.2,31.6,31.7,optimal,optimal,optimal,optimal,optimal,optimal,↓ decreasing,→ stable,→ stable,100.0,✅ EXCELLENT,False,NONE,3.2,1.1,NONE
1779702466.701,82.4,90.9,31.7,1521.0,44.0,13.8,32.0,31.8,32.2,32.0,optimal,optimal,optimal,optimal,optimal,optimal,↓ decreasing,→ stable,→ stable,100.0,✅ EXCELLENT,False,NONE,3.9,0.0,NONE
1779702467.702,80.3,90.8,31.9,1547.0,45.8,13.8,32.2,32.3,31.8,31.7,optimal,optimal,optimal,optimal,optimal,optimal,↓ decreasing,→ stable,→ stable,100.0,✅ EXCELLENT,False,NONE,3.6,0.0,NONE
1779702468.703,80.8,89.5,32.2,1524.0,45.6,13.84,32.3,32.1,32.4,32.3,optimal,optimal,optimal,optimal,optimal,optimal,→ stable,→ stable,→ stable,100.0,✅ EXCELLENT,False,NONE,3.2,0.1,NONE
1779702469.704,80.0,88.9,31.7,1536.0,45.5,13.82,31.6,32.0,31.7,31.7,optimal,optimal,optimal,optimal,optimal,optimal,↓ decreasing,→ stable,→ stable,100.0,✅ EXCELLENT,False,NONE,3.8,0.6,NONE
1779702470.705,78.3,90.4,31.8,1506.0,45.9,13.78,32.3,31.7,32.1,32.2,optimal,optimal,optimal,optimal,optimal,optimal,→ stable,→ stable,→ stable,100.0,✅ EXCELLENT,False,NONE,3.6,0.0,NONE
1779702471.706,77.4,90.0,32.2,1511.0,44.5,13.77,31.8,31.6,32.2,31.7,optimal,optimal,optimal,optimal,optimal,optimal,↓ decreasing,→ stable,→ stable,100.0,✅ EXCELLENT,False,NONE,3.1,0.0,NONE
1779702472.707,77.1,90.9,31.7,1542.0,45.5,13.83,32.3,32.2,31.7,31.7,optimal,optimal,optimal,optimal,optimal,optimal,↓ decreasing,→ stable,→ stable,100.0,✅ EXCELLENT,False,NONE,3.6,0.0,NONE
1779702473.708,80.5,91.5,32.4,1489.0,45.4,13.79,32.0,31.7,32.3,32.2,optimal,optimal,optimal,optimal,optimal,optimal,↓ decreasing,→ stable,→ stable,100.0,✅ EXCELLENT,False,NONE,3.0,0.0,NONE
1779702474.708,81.4,89.6,31.7,1478.0,45.5,13.83,31.8,31.7,31.8,32.0,optimal,optimal,optimal,optimal,optimal,optimal,→ stable,→ stable,→ stable,100.0,✅ EXCELLENT,False,NONE,3.8,0.1,NONE
1779702475.71,79.8,89.5,32.1,1477.0,45.9,13.79,32.1,32.1,32.3,32.4,optimal,optimal,optimal,optimal,optimal,optimal,→ stable,→ stable,→ stable,100.0,✅ EXCELLENT,False,NONE,3.3,0.1,NONE
1779702476.711,79.8,91.1,32.3,1500.0,44.8,13.81,32.1,31.6,32.3,32.2,optimal,optimal,optimal,optimal,optimal,optimal,→ stable,→ stable,→ stable,100.0,✅ EXCELLENT,False,NONE,3.1,0.0,NONE
1779702477.712,79.1,89.6,31.6,1498.0,46.0,13.84,32.3,32.2,31.8,31.8,optimal,optimal,optimal,optimal,optimal,optimal,↓ decreasing,→ stable,→ stable,100.0,✅ EXCELLENT,False,NONE,3.8,0.1,NONE
1779702478.713,78.5,88.8,32.2,1510.0,44.4,13.82,31.7,32.2,32.0,31.7,optimal,optimal,optimal,optimal,optimal,optimal,↓ decreasing,→ stable,→ stable,100.0,✅ EXCELLENT,False,NONE,3.1,0.7,NONE
1779702479.714,81.7,88.8,32.1,1518.0,45.4,13.78,32.2,31.8,31.8,32.1,optimal,optimal,optimal,optimal,optimal,optimal,→ stable,→ stable,→ stable,100.0,✅ EXCELLENT,False,NONE,3.4,0.7,NONE
1779702480.715,79.8,91.1,32.0,1526.0,45.5,13.79,32.2,32.1,31.7,32.4,optimal,optimal,optimal,optimal,optimal,optimal,→ stable,→ stable,→ stable,100.0,✅ EXCELLENT,False,NONE,3.4,0.0,NONE
1779702481.716,77.6,89.4,32.3,1485.0,45.6,13.83,31.7,31.6,32.1,31.7,optimal,optimal,optimal,optimal,optimal,optimal,→ stable,→ stable,→ stable,100.0,✅ EXCELLENT,False,NONE,3.0,0.2,NONE
1779702482.717,82.3,90.3,31.8,1467.0,45.9,13.78,32.4,32.2,31.7,31.9,optimal,optimal,optimal,optimal,optimal,optimal,↑ increasing,→ stable,→ stable,100.0,✅ EXCELLENT,False,NONE,3.8,0.0,NONE
1779702483.717,77.4,91.2,32.2,1511.0,46.0,13.75,31.9,31.9,32.3,31.9,optimal,optimal,optimal,optimal,optimal,optimal,→ stable,→ stable,→ stable,100.0,✅ EXCELLENT,False,NONE,3.1,0.0,NONE
1779702484.718,78.9,90.7,32.1,1451.0,45.1,13.8,32.0,31.7,32.0,31.7,optimal,optimal,optimal,optimal,optimal,optimal,→ stable,→ stable,→ stable,100.0,✅ EXCELLENT,False,NONE,3.3,0.0,NONE
1779702485.719,79.0,90.5,31.9,1460.0,45.7,13.84,32.3,32.0,32.3,32.3,optimal,optimal,optimal,optimal,optimal,optimal,→ stable,→ stable,→ stable,100.0,✅ EXCELLENT,False,NONE,3.5,0.0,NONE
1779702486.72,81.2,91.0,31.9,1508.0,44.9,13.84,32.3,32.0,31.7,31.9,optimal,optimal,optimal,optimal,optimal,optimal,→ stable,→ stable,→ stable,100.0,✅ EXCELLENT,False,NONE,3.6,0.0,NONE
1779702487.72,80.1,90.2,32.1,1451.0,46.0,13.77,31.6,32.3,32.0,32.2,optimal,optimal,optimal,optimal,optimal,optimal,→ stable,→ stable,→ stable,100.0,✅ EXCELLENT,False,NONE,3.3,0.0,NONE
1779702488.721,77.8,89.2,32.4,1472.0,45.3,13.76,31.8,32.4,32.1,32.3,optimal,optimal,optimal,optimal,optimal,optimal,→ stable,→ stable,→ stable,100.0,✅ EXCELLENT,False,NONE,2.9,0.3,NONE
1779702489.721,81.2,90.3,32.0,1460.0,44.4,13.82,32.0,32.4,32.2,32.3,optimal,optimal,optimal,optimal,optimal,optimal,→ stable,→ stable,→ stable,100.0,✅ EXCELLENT,False,NONE,3.5,0.0,NONE
1779702490.723,78.5,89.7,32.3,1453.0,44.4,13.82,31.8,32.0,32.2,32.4,optimal,optimal,optimal,optimal,optimal,optimal,→ stable,→ stable,→ stable,100.0,✅ EXCELLENT,False,NONE,3.0,0.0,NONE
1779702491.724,78.6,90.1,31.9,1462.0,45.0,13.79,32.3,31.7,32.2,31.7,optimal,optimal,optimal,optimal,optimal,optimal,→ stable,→ stable,→ stable,100.0,✅ EXCELLENT,False,NONE,3.5,0.0,NONE
1779702492.724,80.5,90.7,32.4,1522.0,44.6,13.84,32.1,32.1,32.0,31.8,optimal,optimal,optimal,optimal,optimal,optimal,↓ decreasing,→ stable,→ stable,100.0,✅ EXCELLENT,False,NONE,3.0,0.0,NONE
1779702493.725,79.4,88.8,31.8,1494.0,45.9,13.84,31.9,31.7,31.9,32.1,optimal,optimal,optimal,optimal,optimal,optimal,→ stable,→ stable,→ stable,100.0,✅ EXCELLENT,False,NONE,3.6,0.7,NONE
1779702494.726,78.7,88.6,31.8,1461.0,44.8,13.79,31.8,31.7,31.9,32.1,optimal,optimal,optimal,optimal,optimal,optimal,→ stable,→ stable,→ stable,100.0,✅ EXCELLENT,False,NONE,3.6,1.0,NONE
1779702495.726,81.4,90.3,31.6,1517.0,45.5,13.81,31.7,31.9,31.9,32.0,optimal,optimal,optimal,optimal,optimal,optimal,→ stable,→ stable,→ stable,100.0,✅ EXCELLENT,False,NONE,4.0,0.0,NONE
1779702496.727,78.1,89.8,31.9,1516.0,45.9,13.77,32.2,32.3,31.8,31.9,optimal,optimal,optimal,optimal,optimal,optimal,→ stable,→ stable,→ stable,100.0,✅ EXCELLENT,False,NONE,3.5,0.0,NONE
1779702497.728,77.6,90.8,32.0,1546.0,45.1,13.82,31.6,32.3,31.7,31.8,optimal,optimal,optimal,optimal,optimal,optimal,→ stable,→ stable,→ stable,100.0,✅ EXCELLENT,False,NONE,3.3,0.0,NONE
1779702498.728,82.8,90.6,32.2,1454.0,44.3,13.8,32.2,32.3,32.4,31.8,optimal,optimal,optimal,optimal,optimal,optimal,→ stable,→ stable,→ stable,100.0,✅ EXCELLENT,False,NONE,3.3,0.0,NONE
1779702499.729,78.6,89.7,32.1,1483.0,44.9,13.79,31.8,32.0,32.0,31.7,optimal,optimal,optimal,optimal,optimal,optimal,→ stable,→ stable,→ stable,100.0,✅ EXCELLENT,False,NONE,3.3,0.0,NONE
1779702500.73,78.8,90.0,31.6,1502.0,45.7,13.79,31.8,31.6,31.9,31.7,optimal,optimal,optimal,optimal,optimal,optimal,→ stable,→ stable,→ stable,100.0,✅ EXCELLENT,False,NONE,3.8,0.0,NONE
1779702501.73,80.7,89.5,31.7,1515.0,45.5,13.83,31.9,31.9,31.8,32.1,optimal,optimal,optimal,optimal,optimal,optimal,→ stable,→ stable,→ stable,100.0,✅ EXCELLENT,False,NONE,3.8,0.1,NONE
1779702502.731,81.0,88.6,31.7,1518.0,44.2,13.84,31.9,31.8,32.0,32.2,optimal,optimal,optimal,optimal,optimal,optimal,→ stable,↓ decreasing,→ stable,100.0,✅ EXCELLENT,False,NONE,3.8,1.0,NONE
1779702503.731,79.0,91.2,32.3,1514.0,45.0,13.82,32.0,32.1,32.0,32.1,optimal,optimal,optimal,optimal,optimal,optimal,→ stable,→ stable,→ stable,100.0,✅ EXCELLENT,False,NONE,3.0,0.0,NONE
1779702504.732,78.2,89.9,31.8,1460.0,44.3,13.75,32.3,31.6,31.8,32.3,optimal,optimal,optimal,optimal,optimal,optimal,→ stable,→ stable,→ stable,100.0,✅ EXCELLENT,False,NONE,3.6,0.0,NONE
1779702505.733,77.1,90.7,31.7,1528.0,45.8,13.75,31.8,32.2,32.1,32.2,optimal,optimal,optimal,optimal,optimal,optimal,↓ decreasing,→ stable,→ stable,100.0,✅ EXCELLENT,False,NONE,3.6,0.0,NONE
1779702506.733,80.6,91.3,32.0,1532.0,45.6,13.79,32.0,32.0,31.9,31.8,optimal,optimal,optimal,optimal,optimal,optimal,→ stable,→ stable,→ stable,100.0,✅ EXCELLENT,False,NONE,3.5,0.0,NONE
1779702507.735,82.5,90.7,31.8,1541.0,45.8,13.8,32.1,32.0,31.7,31.8,optimal,optimal,optimal,optimal,optimal,optimal,↑ increasing,→ stable,→ stable,100.0,✅ EXCELLENT,False,NONE,3.8,0.0,NONE
1779702508.736,80.7,90.4,32.1,1544.0,44.6,13.83,32.3,32.1,32.2,31.8,optimal,optimal,optimal,optimal,optimal,optimal,→ stable,→ stable,→ stable,100.0,✅ EXCELLENT,False,NONE,3.3,0.0,NONE
1779702509.737,79.4,89.6,32.3,1514.0,45.4,13.81,32.1,32.2,32.0,31.7,optimal,optimal,optimal,optimal,optimal,optimal,→ stable,→ stable,→ stable,100.0,✅ EXCELLENT,False,NONE,3.1,0.1,NONE
1779702510.737,78.5,90.4,31.7,1547.0,45.6,13.82,32.1,31.8,31.6,31.8,optimal,optimal,optimal,optimal,optimal,optimal,→ stable,→ stable,→ stable,100.0,✅ EXCELLENT,False,NONE,3.7,0.0,NONE
1779702511.738,81.9,89.2,32.2,1544.0,45.2,13.77,31.7,32.0,31.9,31.6,optimal,optimal,optimal,optimal,optimal,optimal,→ stable,→ stable,→ stable,100.0,✅ EXCELLENT,False,NONE,3.3,0.3,NONE
1779702512.739,77.9,89.6,32.1,1532.0,45.8,13.82,31.7,32.4,31.8,31.7,optimal,optimal,optimal,optimal,optimal,optimal,→ stable,↑ increasing,→ stable,100.0,✅ EXCELLENT,False,NONE,3.2,0.1,NONE
1779702513.74,79.2,90.7,32.1,1462.0,44.1,13.84,31.9,32.4,32.3,31.9,optimal,optimal,optimal,optimal,optimal,optimal,→ stable,→ stable,→ stable,100.0,✅ EXCELLENT,False,NONE,3.3,0.0,NONE
1779702514.74,82.7,90.8,32.2,1487.0,45.6,13.82,31.7,32.2,31.9,31.9,optimal,optimal,optimal,optimal,optimal,optimal,→ stable,→ stable,→ stable,100.0,✅ EXCELLENT,False,NONE,3.3,0.0,NONE
1779702515.742,77.3,89.7,31.7,1485.0,45.8,13.85,32.0,32.4,31.8,32.4,optimal,optimal,optimal,optimal,optimal,optimal,↑ increasing,→ stable,→ stable,100.0,✅ EXCELLENT,False,NONE,3.6,0.0,NONE
1779702516.744,78.0,88.7,32.4,1526.0,44.2,13.76,32.3,31.7,32.4,32.2,optimal,optimal,optimal,optimal,optimal,optimal,→ stable,→ stable,→ stable,100.0,✅ EXCELLENT,False,NONE,2.9,0.8,NONE
1779702517.745,77.3,90.4,32.2,1545.0,45.0,13.79,32.3,31.6,32.3,32.1,optimal,optimal,optimal,optimal,optimal,optimal,↓ decreasing,→ stable,→ stable,100.0,✅ EXCELLENT,False,NONE,3.1,0.0,NONE
1779702518.746,82.8,89.6,31.6,1522.0,45.4,13.75,32.3,32.1,31.9,32.0,optimal,optimal,optimal,optimal,optimal,optimal,→ stable,→ stable,→ stable,100.0,✅ EXCELLENT,False,NONE,4.0,0.1,NONE
1779702519.746,77.1,89.1,31.6,1527.0,45.3,13.82,31.7,31.8,32.1,32.3,optimal,optimal,optimal,optimal,optimal,optimal,↓ decreasing,→ stable,→ stable,100.0,✅ EXCELLENT,False,NONE,3.7,0.4,NONE
1779702520.747,81.7,90.7,32.2,1451.0,45.1,13.77,32.0,31.9,31.8,32.2,optimal,optimal,optimal,optimal,optimal,optimal,→ stable,→ stable,→ stable,100.0,✅ EXCELLENT,False,NONE,3.3,0.0,NONE
1779702521.748,81.8,89.1,31.7,1535.0,44.9,13.78,32.1,32.1,31.9,32.3,optimal,optimal,optimal,optimal,optimal,optimal,→ stable,→ stable,→ stable,100.0,✅ EXCELLENT,False,NONE,3.9,0.4,NONE
1779702522.748,80.3,89.0,32.4,1515.0,46.0,13.78,32.3,31.8,31.7,31.9,optimal,optimal,optimal,optimal,optimal,optimal,→ stable,↓ decreasing,→ stable,100.0,✅ EXCELLENT,False,NONE,3.0,0.5,NONE
1779702523.749,80.6,89.1,31.7,1465.0,44.7,13.76,32.3,32.0,32.3,32.2,optimal,optimal,optimal,optimal,optimal,optimal,→ stable,↓ decreasing,→ stable,100.0,✅ EXCELLENT,False,NONE,3.8,0.4,NONE
1779702524.75,80.6,88.9,31.6,1470.0,45.6,13.76,31.8,32.1,32.1,32.3,optimal,optimal,optimal,optimal,optimal,optimal,→ stable,↓ decreasing,→ stable,100.0,✅ EXCELLENT,False,NONE,3.9,0.6,NONE
1779702525.751,77.5,88.8,32.4,1453.0,45.4,13.79,32.2,31.8,31.9,31.7,optimal,optimal,optimal,optimal,optimal,optimal,→ stable,↓ decreasing,→ stable,100.0,✅ EXCELLENT,False,NONE,2.9,0.7,NONE
1779702526.753,77.6,89.6,31.9,1458.0,45.3,13.77,32.4,31.8,32.3,31.9,optimal,optimal,optimal,optimal,optimal,optimal,→ stable,↓ decreasing,→ stable,100.0,✅ EXCELLENT,False,NONE,3.4,0.1,NONE
1779702527.754,79.4,89.0,32.0,1476.0,45.4,13.77,31.7,32.0,31.8,32.3,optimal,optimal,optimal,optimal,optimal,optimal,↑ increasing,↓ decreasing,→ stable,100.0,✅ EXCELLENT,False,NONE,3.4,0.5,NONE
1779702528.755,77.8,89.1,32.0,1500.0,45.8,13.8,32.2,32.0,31.8,31.8,optimal,optimal,optimal,optimal,optimal,optimal,→ stable,↓ decreasing,→ stable,100.0,✅ EXCELLENT,False,NONE,3.3,0.4,NONE
1779702529.756,81.9,89.7,32.1,1531.0,45.1,13.76,31.8,32.1,32.0,31.7,optimal,optimal,optimal,optimal,optimal,optimal,↑ increasing,↓ decreasing,→ stable,100.0,✅ EXCELLENT,False,NONE,3.4,0.0,NONE
1779702530.757,82.3,88.6,31.9,1536.0,45.5,13.75,31.6,32.1,31.6,32.4,optimal,optimal,optimal,optimal,optimal,optimal,→ stable,↓ decreasing,→ stable,100.0,✅ EXCELLENT,False,NONE,3.6,1.0,NONE
1779702531.758,77.3,89.5,31.6,1452.0,44.9,13.8,32.0,31.8,31.8,32.2,optimal,optimal,optimal,optimal,optimal,optimal,→ stable,↓ decreasing,→ stable,100.0,✅ EXCELLENT,False,NONE,3.8,0.1,NONE
1779702532.758,79.4,90.1,32.2,1514.0,45.2,13.84,31.7,31.7,32.3,31.7,optimal,optimal,optimal,optimal,optimal,optimal,→ stable,↓ decreasing,→ stable,100.0,✅ EXCELLENT,False,NONE,3.2,0.0,NONE
1779702533.759,77.4,90.4,32.0,1544.0,45.7,13.83,32.0,32.2,31.6,32.0,optimal,optimal,optimal,optimal,optimal,optimal,↓ decreasing,→ stable,→ stable,100.0,✅ EXCELLENT,False,NONE,3.3,0.0,NONE
1779702534.76,82.8,90.4,31.9,1459.0,44.9,13.76,31.9,31.7,32.1,32.2,optimal,optimal,optimal,optimal,optimal,optimal,→ stable,→ stable,→ stable,100.0,✅ EXCELLENT,False,NONE,3.7,0.0,NONE
1779702535.761,79.6,88.6,31.7,1519.0,44.2,13.79,31.8,32.4,31.9,31.8,optimal,optimal,optimal,optimal,optimal,optimal,→ stable,→ stable,→ stable,100.0,✅ EXCELLENT,False,NONE,3.8,1.0,NONE
1779702536.761,78.0,91.3,32.0,1538.0,46.0,13.84,31.7,31.8,32.0,31.7,optimal,optimal,optimal,optimal,optimal,optimal,→ stable,→ stable,→ stable,100.0,✅ EXCELLENT,False,NONE,3.3,0.0,NONE
1779702537.763,77.2,90.0,32.3,1550.0,45.0,13.78,32.2,31.7,32.0,32.3,optimal,optimal,optimal,optimal,optimal,optimal,↓ decreasing,→ stable,→ stable,100.0,✅ EXCELLENT,False,NONE,3.0,0.0,NONE
1779702538.764,82.9,88.8,32.2,1503.0,44.7,13.81,32.3,31.7,32.0,31.9,optimal,optimal,optimal,optimal,optimal,optimal,→ stable,→ stable,→ stable,100.0,✅ EXCELLENT,False,NONE,3.3,0.7,NONE
1779702539.765,80.0,88.6,32.1,1528.0,45.2,13.81,32.4,32.2,31.8,31.8,optimal,optimal,optimal,optimal,optimal,optimal,→ stable,→ stable,→ stable,100.0,✅ EXCELLENT,False,NONE,3.3,1.0,NONE
1779702540.765,82.4,89.6,32.1,1480.0,45.3,13.78,31.7,31.9,32.1,31.9,optimal,optimal,optimal,optimal,optimal,optimal,→ stable,↑ increasing,→ stable,100.0,✅ EXCELLENT,False,NONE,3.4,0.1,NONE
1779702541.766,79.2,91.1,32.2,1515.0,44.8,13.8,31.7,31.7,32.3,31.9,optimal,optimal,optimal,optimal,optimal,optimal,→ stable,↑ increasing,→ stable,100.0,✅ EXCELLENT,False,NONE,3.2,0.0,NONE
1779702542.766,77.1,89.5,32.2,1509.0,45.9,13.82,31.8,32.2,31.8,31.9,optimal,optimal,optimal,optimal,optimal,optimal,→ stable,↑ increasing,→ stable,100.0,✅ EXCELLENT,False,NONE,3.1,0.1,NONE
1779702543.767,80.6,89.4,32.2,1537.0,45.8,13.85,32.2,32.2,32.1,31.7,optimal,optimal,optimal,optimal,optimal,optimal,↑ increasing,→ stable,→ stable,100.0,✅ EXCELLENT,False,NONE,3.2,0.2,NONE
1779702544.768,80.6,89.6,32.2,1511.0,45.6,13.8,32.0,31.9,32.0,32.0,optimal,optimal,optimal,optimal,optimal,optimal,→ stable,→ stable,→ stable,100.0,✅ EXCELLENT,False,NONE,3.2,0.1,NONE
1779702545.768,81.5,88.8,32.2,1487.0,44.0,13.77,32.1,32.2,32.1,32.3,optimal,optimal,optimal,optimal,optimal,optimal,→ stable,→ stable,→ stable,100.0,✅ EXCELLENT,False,NONE,3.3,0.7,NONE
1779702546.769,81.8,89.6,31.8,1463.0,44.2,13.77,32.2,31.7,31.7,32.2,optimal,optimal,optimal,optimal,optimal,optimal,↑ increasing,→ stable,→ stable,100.0,✅ EXCELLENT,False,NONE,3.7,0.1,NONE
1779702547.77,79.5,88.7,31.9,1527.0,44.2,13.78,32.4,31.9,31.8,31.8,optimal,optimal,optimal,optimal,optimal,optimal,↑ increasing,→ stable,→ stable,100.0,✅ EXCELLENT,False,NONE,3.5,0.8,NONE
1779702548.771,78.3,90.2,31.9,1546.0,44.2,13.78,31.7,32.0,32.2,32.0,optimal,optimal,optimal,optimal,optimal,optimal,→ stable,→ stable,→ stable,100.0,✅ EXCELLENT,False,NONE,3.5,0.0,NONE
1779702549.772,79.6,91.3,32.3,1503.0,44.1,13.82,32.4,31.7,32.4,31.8,optimal,optimal,optimal,optimal,optimal,optimal,→ stable,→ stable,→ stable,100.0,✅ EXCELLENT,False,NONE,3.1,0.0,NONE
1779702550.773,80.2,90.2,32.3,1494.0,44.0,13.81,32.0,31.7,31.8,32.0,optimal,optimal,optimal,optimal,optimal,optimal,→ stable,→ stable,→ stable,100.0,✅ EXCELLENT,False,NONE,3.1,0.0,NONE
1779702551.773,78.3,90.6,31.6,1451.0,44.4,13.82,32.4,31.8,32.4,31.9,optimal,optimal,optimal,optimal,optimal,optimal,→ stable,→ stable,→ stable,100.0,✅ EXCELLENT,False,NONE,3.8,0.0,NONE
1779702552.775,78.8,89.4,31.8,1472.0,45.9,13.84,31.7,32.2,31.7,31.7,optimal,optimal,optimal,optimal,optimal,optimal,→ stable,→ stable,→ stable,100.0,✅ EXCELLENT,False,NONE,3.6,0.2,NONE
1779702553.777,77.3,90.2,32.0,1456.0,44.2,13.8,31.8,32.3,32.3,32.2,optimal,optimal,optimal,optimal,optimal,optimal,→ stable,→ stable,→ stable,100.0,✅ EXCELLENT,False,NONE,3.3,0.0,NONE
1779702554.778,80.4,89.6,32.0,1528.0,44.8,13.75,32.2,32.1,31.9,31.8,optimal,optimal,optimal,optimal,optimal,optimal,→ stable,→ stable,→ stable,100.0,✅ EXCELLENT,False,NONE,3.4,0.1,NONE
1779702555.778,81.1,91.2,31.7,1540.0,45.7,13.84,32.4,32.0,31.7,31.9,optimal,optimal,optimal,optimal,optimal,optimal,→ stable,→ stable,→ stable,100.0,✅ EXCELLENT,False,NONE,3.8,0.0,NONE
1779702556.779,80.0,89.7,32.0,1503.0,44.9,13.85,31.6,32.2,31.7,31.8,optimal,optimal,optimal,optimal,optimal,optimal,↓ decreasing,↑ increasing,→ stable,100.0,✅ EXCELLENT,False,NONE,3.4,0.0,NONE
1779702557.78,78.0,90.2,31.9,1538.0,44.7,13.81,32.0,31.9,32.3,31.9,optimal,optimal,optimal,optimal,optimal,optimal,↓ decreasing,↑ increasing,→ stable,100.0,✅ EXCELLENT,False,NONE,3.5,0.0,NONE
1779702558.781,82.3,89.2,31.9,1491.0,45.3,13.82,32.3,32.4,31.6,31.6,optimal,optimal,optimal,optimal,optimal,optimal,→ stable,↑ increasing,→ stable,100.0,✅ EXCELLENT,False,NONE,3.6,0.3,NONE
1779702559.782,78.4,88.8,32.4,1478.0,44.8,13.84,32.1,31.8,32.1,32.4,optimal,optimal,optimal,optimal,optimal,optimal,↓ decreasing,→ stable,→ stable,100.0,✅ EXCELLENT,False,NONE,2.9,0.7,NONE
1779702560.783,78.4,88.6,32.4,1461.0,45.5,13.78,32.4,32.3,32.2,31.6,optimal,optimal,optimal,optimal,optimal,optimal,↓ decreasing,→ stable,→ stable,100.0,✅ EXCELLENT,False,NONE,2.9,1.0,NONE
1779702561.784,78.2,89.5,31.8,1458.0,45.3,13.83,31.8,31.7,32.3,31.6,optimal,optimal,optimal,optimal,optimal,optimal,→ stable,→ stable,→ stable,100.0,✅ EXCELLENT,False,NONE,3.6,0.1,NONE
1779702562.785,81.5,88.6,31.8,1491.0,45.1,13.77,32.1,32.1,32.1,32.1,optimal,optimal,optimal,optimal,optimal,optimal,→ stable,→ stable,→ stable,100.0,✅ EXCELLENT,False,NONE,3.7,1.0,NONE
1779702563.786,78.5,90.6,31.9,1546.0,45.4,13.82,32.0,32.3,31.9,32.3,optimal,optimal,optimal,optimal,optimal,optimal,→ stable,→ stable,→ stable,100.0,✅ EXCELLENT,False,NONE,3.5,0.0,NONE
1779702564.787,79.4,89.5,31.9,1550.0,44.8,13.81,32.0,31.8,32.3,32.0,optimal,optimal,optimal,optimal,optimal,optimal,→ stable,→ stable,→ stable,100.0,✅ EXCELLENT,False,NONE,3.5,0.1,NONE
1779702565.786,81.7,91.2,31.8,1502.0,44.6,13.76,31.6,31.9,32.4,31.6,optimal,optimal,optimal,optimal,optimal,optimal,→ stable,↓ decreasing,→ stable,100.0,✅ EXCELLENT,False,NONE,3.7,0.0,NONE
1779702566.786,78.7,89.1,32.4,1510.0,45.6,13.77,32.2,32.3,32.1,31.6,optimal,optimal,optimal,optimal,optimal,optimal,→ stable,↓ decreasing,→ stable,100.0,✅ EXCELLENT,False,NONE,2.9,0.4,NONE
1779702567.786,80.4,89.7,31.7,1493.0,45.6,13.8,31.7,32.3,32.1,32.1,optimal,optimal,optimal,optimal,optimal,optimal,↑ increasing,↓ decreasing,→ stable,100.0,✅ EXCELLENT,False,NONE,3.8,0.0,NONE
1779702568.787,82.0,90.5,31.9,1490.0,45.5,13.82,31.9,32.3,32.2,32.3,optimal,optimal,optimal,optimal,optimal,optimal,→ stable,↓ decreasing,→ stable,100.0,✅ EXCELLENT,False,NONE,3.6,0.0,NONE
1779702569.788,77.7,88.9,31.8,1505.0,45.5,13.79,32.3,31.9,32.4,32.4,optimal,optimal,optimal,optimal,optimal,optimal,→ stable,→ stable,→ stable,100.0,✅ EXCELLENT,False,NONE,3.6,0.6,NONE
1779702570.789,79.1,91.2,32.1,1472.0,44.2,13.76,32.0,31.8,32.3,32.3,optimal,optimal,optimal,optimal,optimal,optimal,→ stable,→ stable,→ stable,100.0,✅ EXCELLENT,False,NONE,3.3,0.0,NONE
1779702571.79,81.1,89.6,31.8,1456.0,45.5,13.75,31.8,32.4,32.3,32.4,optimal,optimal,optimal,optimal,optimal,optimal,↑ increasing,→ stable,→ stable,100.0,✅ EXCELLENT,False,NONE,3.7,0.1,NONE
1779702572.791,80.8,88.8,31.9,1506.0,45.7,13.82,31.7,31.8,32.2,32.0,optimal,optimal,optimal,optimal,optimal,optimal,→ stable,→ stable,→ stable,100.0,✅ EXCELLENT,False,NONE,3.6,0.7,NONE
1779702573.791,77.0,90.1,32.1,1514.0,44.9,13.75,31.8,31.8,32.2,32.1,optimal,optimal,optimal,optimal,optimal,optimal,→ stable,→ stable,→ stable,100.0,✅ EXCELLENT,False,NONE,3.2,0.0,NONE
1779702574.792,78.0,90.7,31.8,1524.0,45.0,13.8,32.1,31.8,32.4,31.9,optimal,optimal,optimal,optimal,optimal,optimal,→ stable,→ stable,→ stable,100.0,✅ EXCELLENT,False,NONE,3.6,0.0,NONE
1779702575.793,79.6,90.5,31.7,1457.0,45.7,13.83,32.3,31.8,31.8,31.9,optimal,optimal,optimal,optimal,optimal,optimal,→ stable,→ stable,→ stable,100.0,✅ EXCELLENT,False,NONE,3.8,0.0,NONE
1779702576.794,81.0,90.8,32.3,1472.0,44.4,13.84,32.3,31.7,32.3,32.0,optimal,optimal,optimal,optimal,optimal,optimal,→ stable,↑ increasing,→ stable,100.0,✅ EXCELLENT,False,NONE,3.1,0.0,NONE
1779702577.795,77.1,90.9,32.3,1496.0,44.7,13.84,31.7,32.2,31.8,31.9,optimal,optimal,optimal,optimal,optimal,optimal,→ stable,↑ increasing,→ stable,100.0,✅ EXCELLENT,False,NONE,3.0,0.0,NONE
1779702578.796,81.8,89.3,32.4,1527.0,44.1,13.77,32.2,32.3,32.1,31.8,optimal,optimal,optimal,optimal,optimal,optimal,→ stable,→ stable,→ stable,100.0,✅ EXCELLENT,False,NONE,3.0,0.2,NONE
1779702579.797,77.3,90.3,32.1,1506.0,45.4,13.85,32.0,32.2,31.8,31.8,optimal,optimal,optimal,optimal,optimal,optimal,→ stable,↑ increasing,→ stable,100.0,✅ EXCELLENT,False,NONE,3.2,0.0,NONE
1779702580.797,78.7,91.2,32.4,1492.0,46.0,13.76,32.2,32.3,32.2,32.1,optimal,optimal,optimal,optimal,optimal,optimal,→ stable,→ stable,→ stable,100.0,✅ EXCELLENT,False,NONE,2.9,0.0,NONE
1779702581.798,77.1,88.7,32.2,1542.0,44.6,13.76,31.7,32.2,31.8,32.4,optimal,optimal,optimal,optimal,optimal,optimal,↓ decreasing,→ stable,→ stable,100.0,✅ EXCELLENT,False,NONE,3.1,0.8,NONE
1779702582.799,78.9,90.0,32.4,1503.0,45.3,13.82,31.9,31.9,32.0,32.4,optimal,optimal,optimal,optimal,optimal,optimal,↓ decreasing,→ stable,→ stable,100.0,✅ EXCELLENT,False,NONE,2.9,0.0,NONE
1779702583.8,81.6,89.6,32.0,1459.0,45.3,13.81,32.1,31.8,31.6,31.6,optimal,optimal,optimal,optimal,optimal,optimal,↓ decreasing,→ stable,→ stable,100.0,✅ EXCELLENT,False,NONE,3.5,0.1,NONE
1779702584.8,77.6,88.6,32.0,1480.0,45.0,13.82,32.2,32.2,32.2,31.9,optimal,optimal,optimal,optimal,optimal,optimal,↓ decreasing,→ stable,→ stable,100.0,✅ EXCELLENT,False,NONE,3.3,1.0,NONE
1779702585.801,80.0,89.2,32.2,1473.0,44.8,13.8,31.9,32.0,31.7,32.0,optimal,optimal,optimal,optimal,optimal,optimal,→ stable,→ stable,→ stable,100.0,✅ EXCELLENT,False,NONE,3.2,0.3,NONE
1779702586.802,82.0,89.7,32.0,1532.0,45.0,13.82,32.0,31.7,31.9,31.9,optimal,optimal,optimal,optimal,optimal,optimal,→ stable,→ stable,→ stable,100.0,✅ EXCELLENT,False,NONE,3.5,0.0,NONE
1779702587.803,78.2,90.7,32.2,1537.0,44.2,13.76,32.3,31.8,32.0,31.8,optimal,optimal,optimal,optimal,optimal,optimal,→ stable,→ stable,→ stable,100.0,✅ EXCELLENT,False,NONE,3.1,0.0,NONE
1779702588.804,80.2,90.4,31.6,1473.0,45.8,13.83,32.0,32.4,31.9,32.2,optimal,optimal,optimal,optimal,optimal,optimal,→ stable,→ stable,→ stable,100.0,✅ EXCELLENT,False,NONE,3.9,0.0,NONE
1779702589.805,79.3,90.8,31.8,1466.0,45.3,13.85,32.0,31.8,32.2,32.2,optimal,optimal,optimal,optimal,optimal,optimal,→ stable,→ stable,→ stable,100.0,✅ EXCELLENT,False,NONE,3.6,0.0,NONE
1779702590.806,80.4,89.9,31.9,1460.0,44.3,13.81,31.9,32.4,32.2,31.8,optimal,optimal,optimal,optimal,optimal,optimal,→ stable,→ stable,→ stable,100.0,✅ EXCELLENT,False,NONE,3.6,0.0,NONE
1779702591.807,79.3,91.4,32.4,1478.0,45.1,13.8,31.6,31.9,31.7,31.9,optimal,optimal,optimal,optimal,optimal,optimal,↑ increasing,→ stable,→ stable,100.0,✅ EXCELLENT,False,NONE,2.9,0.0,NONE
1779702592.808,82.4,91.3,32.0,1488.0,44.5,13.8,31.7,31.9,31.7,32.1,optimal,optimal,optimal,optimal,optimal,optimal,↑ increasing,→ stable,→ stable,100.0,✅ EXCELLENT,False,NONE,3.5,0.0,NONE
1779702593.809,82.8,90.7,32.3,1493.0,45.5,13.8,32.3,32.4,32.0,31.8,optimal,optimal,optimal,optimal,optimal,optimal,↑ increasing,→ stable,→ stable,100.0,✅ EXCELLENT,False,NONE,3.2,0.0,NONE
1779702594.81,78.4,90.6,31.9,1505.0,44.7,13.84,32.4,31.8,31.8,31.9,optimal,optimal,optimal,optimal,optimal,optimal,↑ increasing,→ stable,→ stable,100.0,✅ EXCELLENT,False,NONE,3.5,0.0,NONE
1779702595.81,79.1,90.4,32.2,1517.0,44.0,13.84,32.2,32.0,32.0,31.8,optimal,optimal,optimal,optimal,optimal,optimal,↑ increasing,↑ increasing,→ stable,100.0,✅ EXCELLENT,False,NONE,3.2,0.0,NONE
1779702596.811,77.6,89.3,32.0,1482.0,45.4,13.78,31.9,32.3,32.1,31.9,optimal,optimal,optimal,optimal,optimal,optimal,↑ increasing,↑ increasing,→ stable,100.0,✅ EXCELLENT,False,NONE,3.3,0.2,NONE
1779702597.812,82.9,89.1,32.2,1536.0,45.2,13.76,32.2,32.1,32.0,31.8,optimal,optimal,optimal,optimal,optimal,optimal,↑ increasing,↑ increasing,→ stable,100.0,✅ EXCELLENT,False,NONE,3.3,0.4,NONE
1779702598.813,81.6,88.6,31.9,1500.0,44.6,13.79,32.3,31.6,31.8,32.0,optimal,optimal,optimal,optimal,optimal,optimal,↑ increasing,→ stable,→ stable,100.0,✅ EXCELLENT,False,NONE,3.6,1.0,NONE
1779702599.814,80.5,88.8,31.8,1496.0,45.5,13.84,32.1,32.3,31.9,31.9,optimal,optimal,optimal,optimal,optimal,optimal,↑ increasing,→ stable,→ stable,100.0,✅ EXCELLENT,False,NONE,3.7,0.7,NONE
1779702600.815,81.7,90.6,32.3,1480.0,45.1,13.8,32.2,31.9,31.9,31.6,optimal,optimal,optimal,optimal,optimal,optimal,↑ increasing,→ stable,→ stable,100.0,✅ EXCELLENT,False,NONE,3.2,0.0,NONE
1779702601.816,82.3,89.5,32.3,1500.0,44.2,13.81,32.2,31.8,31.9,31.9,optimal,optimal,optimal,optimal,optimal,optimal,↑ increasing,→ stable,→ stable,100.0,✅ EXCELLENT,False,NONE,3.2,0.1,NONE
1779702602.816,79.4,89.8,32.2,1546.0,44.5,13.84,31.8,32.3,32.2,32.2,optimal,optimal,optimal,optimal,optimal,optimal,↑ increasing,→ stable,→ stable,100.0,✅ EXCELLENT,False,NONE,3.2,0.0,NONE
1779702603.816,80.3,89.9,31.6,1500.0,44.1,13.85,32.0,32.2,32.2,31.8,optimal,optimal,optimal,optimal,optimal,optimal,→ stable,↓ decreasing,→ stable,100.0,✅ EXCELLENT,False,NONE,3.9,0.0,NONE
1779702604.817,80.3,90.9,31.8,1482.0,44.7,13.84,31.8,32.4,31.8,31.9,optimal,optimal,optimal,optimal,optimal,optimal,→ stable,↓ decreasing,→ stable,100.0,✅ EXCELLENT,False,NONE,3.7,0.0,NONE
1779702605.817,78.2,88.6,32.2,1524.0,45.8,13.83,32.4,31.9,32.2,31.8,optimal,optimal,optimal,optimal,optimal,optimal,→ stable,↓ decreasing,→ stable,100.0,✅ EXCELLENT,False,NONE,3.1,1.0,NONE
1779702606.819,81.7,89.2,31.8,1452.0,45.5,13.78,32.0,32.4,32.0,32.4,optimal,optimal,optimal,optimal,optimal,optimal,↑ increasing,↓ decreasing,→ stable,100.0,✅ EXCELLENT,False,NONE,3.7,0.3,NONE
1779702607.821,78.7,91.4,32.0,1543.0,45.9,13.85,32.2,31.8,32.4,31.9,optimal,optimal,optimal,optimal,optimal,optimal,→ stable,↓ decreasing,→ stable,100.0,✅ EXCELLENT,False,NONE,3.4,0.0,NONE
1779702608.822,81.7,89.8,32.2,1525.0,45.3,13.83,32.0,32.4,31.6,32.0,optimal,optimal,optimal,optimal,optimal,optimal,→ stable,→ stable,→ stable,100.0,✅ EXCELLENT,False,NONE,3.3,0.0,NONE
1779702609.823,82.4,90.4,31.7,1536.0,45.5,13.8,32.3,31.9,32.3,32.0,optimal,optimal,optimal,optimal,optimal,optimal,→ stable,→ stable,→ stable,100.0,✅ EXCELLENT,False,NONE,3.9,0.0,NONE
1779702610.824,79.6,88.7,32.4,1479.0,45.3,13.84,31.8,31.7,32.3,31.9,optimal,optimal,optimal,optimal,optimal,optimal,→ stable,→ stable,→ stable,100.0,✅ EXCELLENT,False,NONE,3.0,0.8,NONE
1779702611.825,81.6,91.3,32.0,1532.0,44.3,13.8,32.3,31.8,31.9,32.1,optimal,optimal,optimal,optimal,optimal,optimal,↓ decreasing,→ stable,→ stable,100.0,✅ EXCELLENT,False,NONE,3.5,0.0,NONE
1779702612.826,82.7,89.6,32.3,1514.0,44.8,13.81,31.9,32.3,31.7,31.9,optimal,optimal,optimal,optimal,optimal,optimal,→ stable,→ stable,→ stable,100.0,✅ EXCELLENT,False,NONE,3.2,0.1,NONE
1779702613.827,82.9,89.8,32.3,1537.0,44.5,13.84,31.6,31.7,32.1,31.7,optimal,optimal,optimal,optimal,optimal,optimal,↑ increasing,→ stable,→ stable,100.0,✅ EXCELLENT,False,NONE,3.2,0.0,NONE
1779702614.828,78.6,91.1,32.1,1533.0,45.4,13.79,32.2,31.8,32.3,32.1,optimal,optimal,optimal,optimal,optimal,optimal,→ stable,→ stable,→ stable,100.0,✅ EXCELLENT,False,NONE,3.3,0.0,NONE
1779702615.829,80.4,90.4,32.4,1468.0,44.1,13.81,32.3,31.9,32.1,32.2,optimal,optimal,optimal,optimal,optimal,optimal,↑ increasing,↑ increasing,→ stable,100.0,✅ EXCELLENT,False,NONE,3.0,0.0,NONE
1779702616.83,82.4,89.8,32.3,1549.0,45.0,13.75,32.1,32.3,31.7,32.3,optimal,optimal,optimal,optimal,optimal,optimal,→ stable,↑ increasing,→ stable,100.0,✅ EXCELLENT,False,NONE,3.2,0.0,NONE
1779702617.83,77.2,91.4,31.7,1492.0,45.0,13.85,32.3,32.2,31.8,32.1,optimal,optimal,optimal,optimal,optimal,optimal,→ stable,→ stable,→ stable,100.0,✅ EXCELLENT,False,NONE,3.6,0.0,NONE
1779702618.831,77.8,90.0,32.1,1492.0,45.8,13.76,32.2,31.7,32.3,32.0,optimal,optimal,optimal,optimal,optimal,optimal,→ stable,→ stable,→ stable,100.0,✅ EXCELLENT,False,NONE,3.2,0.0,NONE
1779702619.831,83.0,91.4,31.7,1469.0,44.9,13.79,31.8,32.1,31.6,31.7,optimal,optimal,optimal,optimal,optimal,optimal,→ stable,→ stable,→ stable,100.0,✅ EXCELLENT,False,NONE,3.9,0.0,NONE
1779702620.832,78.9,90.2,31.9,1453.0,44.7,13.77,32.4,32.2,31.8,31.8,optimal,optimal,optimal,optimal,optimal,optimal,→ stable,↑ increasing,→ stable,100.0,✅ EXCELLENT,False,NONE,3.5,0.0,NONE
1779702621.833,80.8,91.3,32.3,1473.0,45.2,13.79,31.7,32.0,31.7,31.7,optimal,optimal,optimal,optimal,optimal,optimal,→ stable,→ stable,→ stable,100.0,✅ EXCELLENT,False,NONE,3.1,0.0,NONE
1779702622.834,81.6,89.0,31.9,1517.0,45.5,13.8,32.3,32.3,31.8,32.0,optimal,optimal,optimal,optimal,optimal,optimal,→ stable,→ stable,→ stable,100.0,✅ EXCELLENT,False,NONE,3.6,0.5,NONE
1779702623.835,82.2,89.4,32.3,1462.0,44.8,13.85,32.1,31.9,31.9,32.0,optimal,optimal,optimal,optimal,optimal,optimal,↓ decreasing,→ stable,→ stable,100.0,✅ EXCELLENT,False,NONE,3.2,0.2,NONE
1779702624.836,78.2,88.5,32.2,1506.0,45.5,13.78,32.0,32.0,31.6,31.9,optimal,optimal,optimal,optimal,optimal,optimal,↓ decreasing,→ stable,→ stable,100.0,✅ EXCELLENT,False,NONE,3.1,1.1,NONE
1779702625.836,78.6,89.7,32.3,1534.0,44.2,13.75,32.0,32.4,32.4,31.8,optimal,optimal,optimal,optimal,optimal,optimal,↓ decreasing,→ stable,→ stable,100.0,✅ EXCELLENT,False,NONE,3.0,0.0,NONE
1779702626.837,77.3,89.5,32.1,1549.0,45.2,13.78,32.0,32.2,32.0,31.9,optimal,optimal,optimal,optimal,optimal,optimal,↓ decreasing,→ stable,→ stable,100.0,✅ EXCELLENT,False,NONE,3.2,0.1,NONE
1779702627.838,80.1,90.0,32.2,1458.0,44.4,13.82,31.9,32.1,32.3,32.1,optimal,optimal,optimal,optimal,optimal,optimal,↓ decreasing,→ stable,→ stable,100.0,✅ EXCELLENT,False,NONE,3.2,0.0,NONE
1779702628.839,78.3,91.3,32.1,1538.0,45.0,13.79,31.8,31.6,31.6,32.2,optimal,optimal,optimal,optimal,optimal,optimal,↓ decreasing,→ stable,→ stable,100.0,✅ EXCELLENT,False,NONE,3.2,0.0,NONE
1779702629.84,78.8,88.9,32.2,1504.0,45.3,13.85,32.2,32.1,31.9,32.1,optimal,optimal,optimal,optimal,optimal,optimal,↓ decreasing,↓ decreasing,→ stable,100.0,✅ EXCELLENT,False,NONE,3.2,0.6,NONE
1779702630.84,77.6,90.1,32.1,1466.0,45.6,13.81,32.2,31.7,31.7,32.2,optimal,optimal,optimal,optimal,optimal,optimal,↓ decreasing,↓ decreasing,→ stable,100.0,✅ EXCELLENT,False,NONE,3.2,0.0,NONE
1779702631.84,79.2,90.8,31.8,1510.0,45.8,13.82,32.3,31.9,31.8,32.0,optimal,optimal,optimal,optimal,optimal,optimal,↓ decreasing,↓ decreasing,→ stable,100.0,✅ EXCELLENT,False,NONE,3.6,0.0,NONE
1779702632.841,82.7,89.8,31.8,1525.0,45.3,13.82,31.9,32.0,32.4,31.7,optimal,optimal,optimal,optimal,optimal,optimal,↓ decreasing,↓ decreasing,→ stable,100.0,✅ EXCELLENT,False,NONE,3.8,0.0,NONE
1779702633.842,78.1,91.4,31.9,1467.0,44.4,13.8,32.3,32.0,31.8,31.6,optimal,optimal,optimal,optimal,optimal,optimal,↓ decreasing,→ stable,→ stable,100.0,✅ EXCELLENT,False,NONE,3.5,0.0,NONE
1779702634.842,80.0,91.3,32.1,1516.0,45.7,13.83,32.3,31.9,31.9,32.0,optimal,optimal,optimal,optimal,optimal,optimal,↓ decreasing,→ stable,→ stable,100.0,✅ EXCELLENT,False,NONE,3.3,0.0,NONE
1779702635.843,79.7,91.0,31.8,1471.0,45.9,13.79,32.0,32.3,32.2,31.8,optimal,optimal,optimal,optimal,optimal,optimal,↓ decreasing,→ stable,→ stable,100.0,✅ EXCELLENT,False,NONE,3.6,0.0,NONE
1779702636.844,79.8,89.1,31.9,1534.0,45.0,13.76,32.1,31.8,32.1,32.3,optimal,optimal,optimal,optimal,optimal,optimal,→ stable,→ stable,→ stable,100.0,✅ EXCELLENT,False,NONE,3.5,0.4,NONE
1779702637.845,78.8,91.4,32.2,1470.0,44.1,13.85,32.3,31.9,31.8,32.3,optimal,optimal,optimal,optimal,optimal,optimal,↓ decreasing,↑ increasing,→ stable,100.0,✅ EXCELLENT,False,NONE,3.2,0.0,NONE
1779702638.846,80.3,89.0,32.3,1491.0,44.7,13.83,31.7,31.9,31.9,32.1,optimal,optimal,optimal,optimal,optimal,optimal,→ stable,→ stable,→ stable,100.0,✅ EXCELLENT,False,NONE,3.1,0.5,NONE
1779702639.846,78.2,90.5,32.3,1526.0,44.9,13.84,31.8,31.7,32.1,32.3,optimal,optimal,optimal,optimal,optimal,optimal,→ stable,↑ increasing,→ stable,100.0,✅ EXCELLENT,False,NONE,3.0,0.0,NONE
1779702640.848,78.9,90.3,31.6,1524.0,44.6,13.76,32.0,32.1,32.0,31.8,optimal,optimal,optimal,optimal,optimal,optimal,→ stable,↑ increasing,→ stable,100.0,✅ EXCELLENT,False,NONE,3.8,0.0,NONE
1779702641.849,79.5,89.3,32.4,1513.0,45.1,13.8,32.4,32.0,31.7,32.2,optimal,optimal,optimal,optimal,optimal,optimal,→ stable,↑ increasing,→ stable,100.0,✅ EXCELLENT,False,NONE,3.0,0.2,NONE
1779702642.85,77.7,89.5,31.8,1498.0,44.4,13.76,31.7,32.0,32.0,32.3,optimal,optimal,optimal,optimal,optimal,optimal,→ stable,→ stable,→ stable,100.0,✅ EXCELLENT,False,NONE,3.6,0.1,NONE
1779702643.851,77.4,90.6,31.9,1503.0,45.0,13.78,31.6,31.6,32.1,32.2,optimal,optimal,optimal,optimal,optimal,optimal,→ stable,→ stable,→ stable,100.0,✅ EXCELLENT,False,NONE,3.4,0.0,NONE
1779702644.852,79.8,90.6,32.3,1468.0,44.6,13.85,32.1,32.0,32.1,31.8,optimal,optimal,optimal,optimal,optimal,optimal,→ stable,→ stable,→ stable,100.0,✅ EXCELLENT,False,NONE,3.1,0.0,NONE
1779702645.853,77.8,90.0,31.7,1516.0,45.6,13.76,31.7,32.0,32.2,31.8,optimal,optimal,optimal,optimal,optimal,optimal,→ stable,→ stable,→ stable,100.0,✅ EXCELLENT,False,NONE,3.7,0.0,NONE
1779702646.853,78.4,90.2,31.8,1455.0,45.0,13.76,32.2,32.1,32.3,31.7,optimal,optimal,optimal,optimal,optimal,optimal,↓ decreasing,→ stable,→ stable,100.0,✅ EXCELLENT,False,NONE,3.6,0.0,NONE
1779702647.854,78.8,91.2,31.9,1471.0,45.6,13.85,31.7,31.7,31.6,32.1,optimal,optimal,optimal,optimal,optimal,optimal,↓ decreasing,→ stable,→ stable,100.0,✅ EXCELLENT,False,NONE,3.5,0.0,NONE
1779702648.855,82.3,89.9,31.9,1459.0,45.5,13.82,31.8,32.1,32.4,31.6,optimal,optimal,optimal,optimal,optimal,optimal,↓ decreasing,→ stable,→ stable,100.0,✅ EXCELLENT,False,NONE,3.6,0.0,NONE
1779702649.855,82.5,90.7,32.1,1503.0,44.5,13.78,32.1,32.4,32.4,32.3,optimal,optimal,optimal,optimal,optimal,optimal,→ stable,→ stable,→ stable,100.0,✅ EXCELLENT,False,NONE,3.4,0.0,NONE
1779702650.855,79.6,88.5,31.9,1532.0,44.4,13.85,32.3,32.1,31.6,32.1,optimal,optimal,optimal,optimal,optimal,optimal,→ stable,→ stable,→ stable,100.0,✅ EXCELLENT,False,NONE,3.5,1.1,NONE
1779702651.855,78.1,91.3,31.9,1520.0,44.4,13.85,32.2,31.9,32.1,32.2,optimal,optimal,optimal,optimal,optimal,optimal,→ stable,→ stable,→ stable,100.0,✅ EXCELLENT,False,NONE,3.5,0.0,NONE
1779702652.856,78.5,89.6,31.7,1507.0,45.4,13.77,31.9,31.7,31.6,32.0,optimal,optimal,optimal,optimal,optimal,optimal,→ stable,→ stable,→ stable,100.0,✅ EXCELLENT,False,NONE,3.7,0.1,NONE
1779702653.857,80.6,88.6,31.6,1538.0,44.1,13.79,31.7,32.3,32.1,31.9,optimal,optimal,optimal,optimal,optimal,optimal,↑ increasing,→ stable,→ stable,100.0,✅ EXCELLENT,False,NONE,3.9,1.0,NONE
1779702654.858,78.3,88.6,31.7,1499.0,44.4,13.83,32.4,31.6,31.8,32.1,optimal,optimal,optimal,optimal,optimal,optimal,→ stable,→ stable,→ stable,100.0,✅ EXCELLENT,False,NONE,3.7,1.0,NONE
1779702655.859,78.9,91.3,32.2,1456.0,46.0,13.77,31.6,31.8,31.6,32.1,optimal,optimal,optimal,optimal,optimal,optimal,↑ increasing,→ stable,→ stable,100.0,✅ EXCELLENT,False,NONE,3.2,0.0,NONE
1779702656.86,80.7,89.4,32.1,1523.0,45.2,13.83,31.9,31.9,32.4,31.9,optimal,optimal,optimal,optimal,optimal,optimal,↑ increasing,→ stable,→ stable,100.0,✅ EXCELLENT,False,NONE,3.3,0.2,NONE
1779702657.861,81.7,88.6,32.2,1535.0,44.5,13.83,32.1,31.9,32.2,31.8,optimal,optimal,optimal,optimal,optimal,optimal,↑ increasing,→ stable,→ stable,100.0,✅ EXCELLENT,False,NONE,3.3,1.0,NONE
1779702658.864,78.0,89.9,31.8,1507.0,44.9,13.83,32.3,31.9,31.9,32.2,optimal,optimal,optimal,optimal,optimal,optimal,↑ increasing,↓ decreasing,→ stable,100.0,✅ EXCELLENT,False,NONE,3.6,0.0,NONE
1779702659.865,78.3,90.2,31.9,1482.0,45.2,13.83,31.8,31.8,31.7,32.2,optimal,optimal,optimal,optimal,optimal,optimal,→ stable,↓ decreasing,→ stable,100.0,✅ EXCELLENT,False,NONE,3.5,0.0,NONE
1779702660.865,78.9,88.7,31.6,1495.0,45.9,13.8,32.4,31.7,32.3,32.1,optimal,optimal,optimal,optimal,optimal,optimal,→ stable,→ stable,→ stable,100.0,✅ EXCELLENT,False,NONE,3.8,0.8,NONE
1779702661.866,78.9,91.4,32.1,1546.0,44.3,13.8,31.7,31.8,31.9,31.7,optimal,optimal,optimal,optimal,optimal,optimal,→ stable,↓ decreasing,→ stable,100.0,✅ EXCELLENT,False,NONE,3.3,0.0,NONE
1779702662.867,81.7,88.8,31.9,1484.0,44.3,13.78,31.9,31.8,32.1,32.3,optimal,optimal,optimal,optimal,optimal,optimal,→ stable,↓ decreasing,→ stable,100.0,✅ EXCELLENT,False,NONE,3.6,0.7,NONE
1779702663.868,78.7,91.0,32.0,1466.0,44.1,13.83,32.3,31.7,32.1,32.0,optimal,optimal,optimal,optimal,optimal,optimal,→ stable,→ stable,→ stable,100.0,✅ EXCELLENT,False,NONE,3.4,0.0,NONE
1779702664.869,79.3,90.1,32.2,1462.0,44.6,13.84,32.2,31.9,32.2,31.7,optimal,optimal,optimal,optimal,optimal,optimal,→ stable,→ stable,→ stable,100.0,✅ EXCELLENT,False,NONE,3.2,0.0,NONE
1779702665.87,81.5,89.8,32.3,1474.0,45.4,13.75,31.9,31.9,32.0,31.7,optimal,optimal,optimal,optimal,optimal,optimal,→ stable,→ stable,→ stable,100.0,✅ EXCELLENT,False,NONE,3.1,0.0,NONE
1779702666.87,81.2,91.3,32.0,1477.0,44.0,13.82,31.9,31.6,31.8,32.0,optimal,optimal,optimal,optimal,optimal,optimal,→ stable,→ stable,→ stable,100.0,✅ EXCELLENT,False,NONE,3.5,0.0,NONE
1779702667.871,78.5,91.3,32.3,1469.0,44.9,13.84,31.7,32.4,32.2,31.8,optimal,optimal,optimal,optimal,optimal,optimal,↓ decreasing,↑ increasing,→ stable,100.0,✅ EXCELLENT,False,NONE,3.0,0.0,NONE
1779702668.872,80.9,90.9,31.7,1463.0,44.9,13.82,31.9,31.9,31.7,32.3,optimal,optimal,optimal,optimal,optimal,optimal,→ stable,↑ increasing,→ stable,100.0,✅ EXCELLENT,False,NONE,3.8,0.0,NONE
1779702669.873,82.0,89.3,31.8,1549.0,45.2,13.8,31.8,31.8,32.2,31.9,optimal,optimal,optimal,optimal,optimal,optimal,↑ increasing,↑ increasing,→ stable,100.0,✅ EXCELLENT,False,NONE,3.7,0.2,NONE
1779702670.874,78.6,88.7,31.8,1461.0,44.2,13.84,32.1,32.0,32.0,32.1,optimal,optimal,optimal,optimal,optimal,optimal,↑ increasing,↑ increasing,→ stable,100.0,✅ EXCELLENT,False,NONE,3.6,0.8,NONE
1779702671.874,77.5,91.2,32.1,1505.0,45.6,13.84,31.8,32.2,32.1,32.4,optimal,optimal,optimal,optimal,optimal,optimal,↑ increasing,↑ increasing,→ stable,100.0,✅ EXCELLENT,False,NONE,3.2,0.0,NONE
1779702672.875,82.2,91.1,32.1,1529.0,44.9,13.82,32.2,32.0,31.8,31.8,optimal,optimal,optimal,optimal,optimal,optimal,→ stable,↑ increasing,→ stable,100.0,✅ EXCELLENT,False,NONE,3.4,0.0,NONE
1779702673.875,78.8,91.1,32.1,1479.0,44.5,13.82,31.6,31.9,32.1,32.3,optimal,optimal,optimal,optimal,optimal,optimal,↑ increasing,↑ increasing,→ stable,100.0,✅ EXCELLENT,False,NONE,3.3,0.0,NONE
1779702674.877,80.8,91.2,31.6,1519.0,45.8,13.81,32.4,32.2,31.9,32.2,optimal,optimal,optimal,optimal,optimal,optimal,↑ increasing,↑ increasing,→ stable,100.0,✅ EXCELLENT,False,NONE,3.9,0.0,NONE
1779702675.878,78.0,89.8,31.7,1454.0,44.6,13.8,31.8,31.6,32.4,32.3,optimal,optimal,optimal,optimal,optimal,optimal,→ stable,↑ increasing,→ stable,100.0,✅ EXCELLENT,False,NONE,3.7,0.0,NONE
1779702676.879,77.9,91.3,32.4,1472.0,44.7,13.83,32.1,31.8,32.0,32.2,optimal,optimal,optimal,optimal,optimal,optimal,→ stable,↑ increasing,→ stable,100.0,✅ EXCELLENT,False,NONE,2.9,0.0,NONE
1779702677.88,78.0,91.3,32.3,1519.0,44.2,13.83,32.1,32.0,31.8,32.1,optimal,optimal,optimal,optimal,optimal,optimal,→ stable,→ stable,→ stable,100.0,✅ EXCELLENT,False,NONE,3.0,0.0,NONE
1779702678.881,79.8,88.7,32.2,1473.0,45.6,13.78,32.2,32.3,31.9,32.4,optimal,optimal,optimal,optimal,optimal,optimal,→ stable,→ stable,→ stable,100.0,✅ EXCELLENT,False,NONE,3.2,0.8,NONE
1779702679.882,78.3,89.7,31.9,1512.0,44.8,13.77,31.7,31.6,31.6,32.1,optimal,optimal,optimal,optimal,optimal,optimal,↓ decreasing,→ stable,→ stable,100.0,✅ EXCELLENT,False,NONE,3.5,0.0,NONE
1779702680.882,81.0,88.8,31.9,1459.0,44.1,13.83,32.3,31.6,31.7,32.1,optimal,optimal,optimal,optimal,optimal,optimal,↓ decreasing,→ stable,→ stable,100.0,✅ EXCELLENT,False,NONE,3.6,0.7,NONE
1779702681.883,80.7,91.1,32.0,1469.0,45.2,13.83,31.6,32.0,31.6,31.8,optimal,optimal,optimal,optimal,optimal,optimal,→ stable,→ stable,→ stable,100.0,✅ EXCELLENT,False,NONE,3.5,0.0,NONE
1779702682.884,80.6,90.4,32.3,1518.0,45.1,13.84,31.7,31.9,32.0,32.3,optimal,optimal,optimal,optimal,optimal,optimal,↓ decreasing,→ stable,→ stable,100.0,✅ EXCELLENT,False,NONE,3.1,0.0,NONE
1779702683.885,81.6,90.3,31.9,1470.0,44.8,13.79,32.1,32.0,31.8,32.3,optimal,optimal,optimal,optimal,optimal,optimal,→ stable,→ stable,→ stable,100.0,✅ EXCELLENT,False,NONE,3.6,0.0,NONE
1779702684.886,81.2,90.4,31.8,1464.0,45.2,13.83,32.1,31.6,31.9,31.9,optimal,optimal,optimal,optimal,optimal,optimal,→ stable,→ stable,→ stable,100.0,✅ EXCELLENT,False,NONE,3.7,0.0,NONE
1779702685.887,78.4,89.6,31.7,1467.0,45.5,13.83,31.9,32.3,32.0,31.7,optimal,optimal,optimal,optimal,optimal,optimal,→ stable,→ stable,→ stable,100.0,✅ EXCELLENT,False,NONE,3.7,0.1,NONE
1779702686.888,81.1,89.1,31.9,1504.0,45.3,13.78,31.8,31.9,32.4,31.9,optimal,optimal,optimal,optimal,optimal,optimal,↑ increasing,↓ decreasing,→ stable,100.0,✅ EXCELLENT,False,NONE,3.6,0.4,NONE
1779702687.889,82.3,90.7,32.2,1514.0,45.9,13.82,32.2,31.9,32.3,32.3,optimal,optimal,optimal,optimal,optimal,optimal,↑ increasing,↓ decreasing,→ stable,100.0,✅ EXCELLENT,False,NONE,3.3,0.0,NONE
1779702688.89,79.4,89.7,32.3,1465.0,44.3,13.81,32.2,31.7,32.2,32.0,optimal,optimal,optimal,optimal,optimal,optimal,↑ increasing,→ stable,→ stable,100.0,✅ EXCELLENT,False,NONE,3.1,0.0,NONE
1779702689.891,80.0,91.1,32.3,1545.0,45.0,13.75,32.3,32.2,32.1,32.2,optimal,optimal,optimal,optimal,optimal,optimal,↑ increasing,→ stable,→ stable,100.0,✅ EXCELLENT,False,NONE,3.1,0.0,NONE
1779702690.891,80.8,90.9,32.2,1487.0,44.8,13.85,31.7,32.0,32.4,31.8,optimal,optimal,optimal,optimal,optimal,optimal,↑ increasing,→ stable,→ stable,100.0,✅ EXCELLENT,False,NONE,3.2,0.0,NONE
1779702691.893,82.6,91.0,32.0,1510.0,45.8,13.84,31.8,32.1,32.4,31.9,optimal,optimal,optimal,optimal,optimal,optimal,↑ increasing,→ stable,→ stable,100.0,✅ EXCELLENT,False,NONE,3.5,0.0,NONE
1779702692.894,78.9,90.0,31.6,1538.0,44.1,13.84,32.0,32.2,31.8,32.2,optimal,optimal,optimal,optimal,optimal,optimal,↑ increasing,→ stable,→ stable,100.0,✅ EXCELLENT,False,NONE,3.8,0.0,NONE
1779702693.895,81.5,90.0,32.3,1452.0,44.6,13.76,31.9,32.0,31.8,32.2,optimal,optimal,optimal,optimal,optimal,optimal,↑ increasing,→ stable,→ stable,100.0,✅ EXCELLENT,False,NONE,3.1,0.0,NONE
1779702694.895,77.0,90.2,31.9,1512.0,45.2,13.82,32.4,32.2,32.3,32.1,optimal,optimal,optimal,optimal,optimal,optimal,→ stable,→ stable,→ stable,100.0,✅ EXCELLENT,False,NONE,3.4,0.0,NONE
1779702695.897,81.5,90.6,31.7,1488.0,44.1,13.76,32.3,32.1,32.2,32.3,optimal,optimal,optimal,optimal,optimal,optimal,↑ increasing,→ stable,→ stable,100.0,✅ EXCELLENT,False,NONE,3.8,0.0,NONE
1779702696.899,79.7,89.9,32.4,1459.0,44.8,13.78,32.0,32.0,31.8,32.1,optimal,optimal,optimal,optimal,optimal,optimal,→ stable,→ stable,→ stable,100.0,✅ EXCELLENT,False,NONE,3.0,0.0,NONE
1779702697.9,82.5,90.0,31.9,1450.0,45.1,13.84,32.0,31.8,31.9,32.1,optimal,optimal,optimal,optimal,optimal,optimal,→ stable,→ stable,→ stable,100.0,✅ EXCELLENT,False,NONE,3.7,0.0,NONE
1779702698.901,78.9,88.7,31.7,1536.0,45.0,13.81,32.2,32.1,32.1,32.1,optimal,optimal,optimal,optimal,optimal,optimal,→ stable,→ stable,→ stable,100.0,✅ EXCELLENT,False,NONE,3.7,0.8,NONE
1779702699.902,78.7,88.9,31.8,1532.0,45.4,13.78,31.7,32.0,31.8,32.3,optimal,optimal,optimal,optimal,optimal,optimal,→ stable,→ stable,→ stable,100.0,✅ EXCELLENT,False,NONE,3.6,0.6,NONE
1779702700.903,77.2,88.6,31.9,1492.0,44.7,13.8,32.4,31.8,31.9,32.3,optimal,optimal,optimal,optimal,optimal,optimal,↓ decreasing,↓ decreasing,→ stable,100.0,✅ EXCELLENT,False,NONE,3.4,1.0,NONE
1779702701.904,77.2,90.0,31.9,1548.0,44.8,13.83,31.8,31.7,31.7,31.8,optimal,optimal,optimal,optimal,optimal,optimal,↓ decreasing,↓ decreasing,→ stable,100.0,✅ EXCELLENT,False,NONE,3.4,0.0,NONE
1779702702.906,77.5,90.8,32.2,1543.0,44.0,13.82,32.4,31.8,31.8,31.9,optimal,optimal,optimal,optimal,optimal,optimal,↓ decreasing,↓ decreasing,→ stable,100.0,✅ EXCELLENT,False,NONE,3.1,0.0,NONE
1779702703.906,77.7,89.5,31.8,1521.0,45.4,13.8,31.7,32.1,31.9,31.7,optimal,optimal,optimal,optimal,optimal,optimal,↓ decreasing,↓ decreasing,→ stable,100.0,✅ EXCELLENT,False,NONE,3.6,0.1,NONE
1779702704.907,79.8,90.3,31.9,1479.0,44.8,13.85,32.2,31.8,31.8,31.8,optimal,optimal,optimal,optimal,optimal,optimal,↓ decreasing,→ stable,→ stable,100.0,✅ EXCELLENT,False,NONE,3.5,0.0,NONE
1779702705.908,78.5,90.6,32.1,1485.0,45.5,13.76,32.0,32.2,32.2,32.2,optimal,optimal,optimal,optimal,optimal,optimal,↓ decreasing,↓ decreasing,→ stable,100.0,✅ EXCELLENT,False,NONE,3.3,0.0,NONE
1779702706.909,80.5,89.6,32.1,1464.0,44.4,13.84,31.7,32.4,31.8,32.2,optimal,optimal,optimal,optimal,optimal,optimal,↓ decreasing,↓ decreasing,→ stable,100.0,✅ EXCELLENT,False,NONE,3.3,0.1,NONE
1779702707.91,82.4,90.3,32.4,1520.0,44.5,13.8,32.1,32.3,31.8,32.2,optimal,optimal,optimal,optimal,optimal,optimal,↓ decreasing,↓ decreasing,→ stable,100.0,✅ EXCELLENT,False,NONE,3.1,0.0,NONE
1779702708.911,80.5,88.9,32.0,1501.0,44.7,13.79,31.6,31.7,32.3,31.8,optimal,optimal,optimal,optimal,optimal,optimal,↓ decreasing,→ stable,→ stable,100.0,✅ EXCELLENT,False,NONE,3.5,0.6,NONE
1779702709.912,77.8,89.9,32.1,1474.0,45.4,13.85,31.7,32.3,31.8,31.8,optimal,optimal,optimal,optimal,optimal,optimal,↓ decreasing,→ stable,→ stable,100.0,✅ EXCELLENT,False,NONE,3.2,0.0,NONE
1779702710.913,77.2,90.8,32.1,1492.0,45.0,13.84,31.6,31.7,32.3,32.1,optimal,optimal,optimal,optimal,optimal,optimal,↓ decreasing,→ stable,→ stable,100.0,✅ EXCELLENT,False,NONE,3.2,0.0,NONE
1779702711.914,78.3,90.6,32.1,1475.0,45.7,13.84,32.0,31.8,31.7,32.0,optimal,optimal,optimal,optimal,optimal,optimal,→ stable,→ stable,→ stable,100.0,✅ EXCELLENT,False,NONE,3.2,0.0,NONE
1779702712.915,80.8,89.5,31.9,1505.0,44.3,13.76,31.8,31.6,32.3,32.0,optimal,optimal,optimal,optimal,optimal,optimal,→ stable,→ stable,→ stable,100.0,✅ EXCELLENT,False,NONE,3.6,0.1,NONE
1779702713.915,77.8,91.3,32.4,1548.0,45.0,13.77,32.2,31.6,31.8,32.1,optimal,optimal,optimal,optimal,optimal,optimal,↑ increasing,→ stable,→ stable,100.0,✅ EXCELLENT,False,NONE,2.9,0.0,NONE
1779702714.917,82.3,90.9,32.3,1493.0,44.0,13.76,31.9,31.8,31.7,32.1,optimal,optimal,optimal,optimal,optimal,optimal,↑ increasing,↑ increasing,→ stable,100.0,✅ EXCELLENT,False,NONE,3.2,0.0,NONE
1779702715.918,78.2,90.4,32.2,1490.0,44.4,13.85,32.2,32.1,31.7,32.1,optimal,optimal,optimal,optimal,optimal,optimal,↑ increasing,→ stable,→ stable,100.0,✅ EXCELLENT,False,NONE,3.1,0.0,NONE
1779702716.919,82.3,90.3,32.4,1454.0,44.7,13.8,31.8,31.8,32.0,32.1,optimal,optimal,optimal,optimal,optimal,optimal,↑ increasing,↑ increasing,→ stable,100.0,✅ EXCELLENT,False,NONE,3.1,0.0,NONE
1779702717.92,77.7,89.2,32.3,1523.0,45.9,13.81,32.2,32.2,31.7,31.7,optimal,optimal,optimal,optimal,optimal,optimal,→ stable,→ stable,→ stable,100.0,✅ EXCELLENT,False,NONE,3.0,0.3,NONE
1779702718.922,82.8,90.2,32.1,1475.0,45.3,13.8,32.1,32.4,32.4,32.4,optimal,optimal,optimal,optimal,optimal,optimal,↑ increasing,↑ increasing,→ stable,100.0,✅ EXCELLENT,False,NONE,3.4,0.0,NONE
1779702719.923,79.1,91.0,32.1,1499.0,45.1,13.85,32.1,32.2,31.8,32.4,optimal,optimal,optimal,optimal,optimal,optimal,↑ increasing,↑ increasing,→ stable,100.0,✅ EXCELLENT,False,NONE,3.3,0.0,NONE
1779702720.924,77.6,88.6,31.9,1514.0,45.9,13.82,31.8,31.9,32.4,31.8,optimal,optimal,optimal,optimal,optimal,optimal,↑ increasing,→ stable,→ stable,100.0,✅ EXCELLENT,False,NONE,3.4,1.0,NONE
1779702721.924,81.5,91.0,32.3,1537.0,45.0,13.76,32.3,31.8,32.1,32.1,optimal,optimal,optimal,optimal,optimal,optimal,↑ increasing,→ stable,→ stable,100.0,✅ EXCELLENT,False,NONE,3.1,0.0,NONE
1779702722.924,78.9,88.8,32.3,1527.0,45.0,13.77,32.3,32.4,32.0,31.9,optimal,optimal,optimal,optimal,optimal,optimal,→ stable,→ stable,→ stable,100.0,✅ EXCELLENT,False,NONE,3.0,0.7,NONE
1779702723.925,78.8,88.7,32.2,1510.0,44.6,13.79,31.8,31.9,32.2,32.2,optimal,optimal,optimal,optimal,optimal,optimal,↑ increasing,→ stable,→ stable,100.0,✅ EXCELLENT,False,NONE,3.2,0.8,NONE
1779702724.926,78.4,89.5,32.4,1533.0,45.4,13.82,31.8,32.3,31.8,32.2,optimal,optimal,optimal,optimal,optimal,optimal,→ stable,→ stable,→ stable,100.0,✅ EXCELLENT,False,NONE,2.9,0.1,NONE
1779702725.927,77.8,90.6,31.7,1513.0,44.7,13.82,31.6,32.2,32.1,32.2,optimal,optimal,optimal,optimal,optimal,optimal,→ stable,→ stable,→ stable,100.0,✅ EXCELLENT,False,NONE,3.7,0.0,NONE
1779702726.926,79.2,89.0,31.8,1495.0,45.1,13.79,31.7,31.9,32.0,32.0,optimal,optimal,optimal,optimal,optimal,optimal,↓ decreasing,↓ decreasing,→ stable,100.0,✅ EXCELLENT,False,NONE,3.6,0.5,NONE
1779702727.927,82.2,91.2,32.2,1515.0,45.9,13.75,31.9,32.2,32.1,31.6,optimal,optimal,optimal,optimal,optimal,optimal,→ stable,→ stable,→ stable,100.0,✅ EXCELLENT,False,NONE,3.3,0.0,NONE
1779702728.928,79.9,91.0,31.6,1458.0,44.4,13.75,32.1,32.2,32.2,32.3,optimal,optimal,optimal,optimal,optimal,optimal,→ stable,→ stable,→ stable,100.0,✅ EXCELLENT,False,NONE,3.9,0.0,NONE
1779702729.929,78.3,90.4,32.2,1496.0,44.9,13.8,31.8,32.2,32.1,31.9,optimal,optimal,optimal,optimal,optimal,optimal,→ stable,↓ decreasing,→ stable,100.0,✅ EXCELLENT,False,NONE,3.1,0.0,NONE
1779702730.93,78.9,90.4,32.3,1543.0,45.1,13.8,31.8,32.4,31.9,31.7,optimal,optimal,optimal,optimal,optimal,optimal,→ stable,→ stable,→ stable,100.0,✅ EXCELLENT,False,NONE,3.0,0.0,NONE
1779702731.93,78.6,90.6,31.6,1543.0,45.1,13.83,31.6,31.7,32.4,32.1,optimal,optimal,optimal,optimal,optimal,optimal,↓ decreasing,→ stable,→ stable,100.0,✅ EXCELLENT,False,NONE,3.8,0.0,NONE
1779702732.93,82.9,90.7,32.3,1455.0,44.2,13.83,31.9,32.1,32.0,31.6,optimal,optimal,optimal,optimal,optimal,optimal,→ stable,→ stable,→ stable,100.0,✅ EXCELLENT,False,NONE,3.2,0.0,NONE
1779702733.931,78.8,89.8,31.6,1495.0,44.4,13.83,31.9,31.8,31.7,32.0,optimal,optimal,optimal,optimal,optimal,optimal,→ stable,→ stable,→ stable,100.0,✅ EXCELLENT,False,NONE,3.8,0.0,NONE
1779702734.931,77.7,90.1,32.1,1510.0,44.1,13.75,31.6,32.1,31.9,31.9,optimal,optimal,optimal,optimal,optimal,optimal,→ stable,↑ increasing,→ stable,100.0,✅ EXCELLENT,False,NONE,3.2,0.0,NONE
1779702735.932,77.3,89.7,32.0,1489.0,44.0,13.76,32.2,31.8,31.7,32.3,optimal,optimal,optimal,optimal,optimal,optimal,→ stable,→ stable,→ stable,100.0,✅ EXCELLENT,False,NONE,3.3,0.0,NONE
1779702736.933,77.1,91.1,31.6,1504.0,45.4,13.84,31.8,31.8,32.2,32.4,optimal,optimal,optimal,optimal,optimal,optimal,→ stable,↑ increasing,→ stable,100.0,✅ EXCELLENT,False,NONE,3.7,0.0,NONE
1779702737.933,78.7,89.3,32.3,1509.0,45.1,13.83,32.2,31.7,31.8,31.7,optimal,optimal,optimal,optimal,optimal,optimal,↓ decreasing,→ stable,→ stable,100.0,✅ EXCELLENT,False,NONE,3.0,0.2,NONE
1779702738.934,77.6,90.4,32.1,1513.0,44.5,13.78,31.9,32.1,31.9,31.9,optimal,optimal,optimal,optimal,optimal,optimal,↓ decreasing,→ stable,→ stable,100.0,✅ EXCELLENT,False,NONE,3.2,0.0,NONE
1779702739.935,82.7,88.6,31.9,1462.0,45.6,13.83,31.9,31.7,32.3,31.8,optimal,optimal,optimal,optimal,optimal,optimal,→ stable,→ stable,→ stable,100.0,✅ EXCELLENT,False,NONE,3.7,1.0,NONE
1779702740.935,79.0,89.2,32.1,1460.0,44.0,13.79,32.2,31.6,31.7,32.0,optimal,optimal,optimal,optimal,optimal,optimal,→ stable,→ stable,→ stable,100.0,✅ EXCELLENT,False,NONE,3.3,0.3,NONE
1779702741.936,78.0,90.1,32.2,1508.0,45.1,13.82,32.1,31.9,32.4,31.9,optimal,optimal,optimal,optimal,optimal,optimal,→ stable,→ stable,→ stable,100.0,✅ EXCELLENT,False,NONE,3.1,0.0,NONE
1779702742.936,82.5,89.3,31.9,1540.0,45.4,13.83,31.7,31.8,31.9,31.7,optimal,optimal,optimal,optimal,optimal,optimal,↓ decreasing,→ stable,→ stable,100.0,✅ EXCELLENT,False,NONE,3.7,0.2,NONE
1779702743.937,79.4,90.1,31.9,1539.0,44.1,13.79,31.7,32.2,31.6,32.1,optimal,optimal,optimal,optimal,optimal,optimal,→ stable,↓ decreasing,→ stable,100.0,✅ EXCELLENT,False,NONE,3.5,0.0,NONE
1779702744.937,82.2,89.9,32.0,1546.0,45.1,13.81,32.0,32.0,31.9,31.7,optimal,optimal,optimal,optimal,optimal,optimal,→ stable,↓ decreasing,→ stable,100.0,✅ EXCELLENT,False,NONE,3.5,0.0,NONE
1779702745.938,78.5,89.0,31.9,1545.0,44.8,13.8,31.7,31.6,32.2,31.9,optimal,optimal,optimal,optimal,optimal,optimal,→ stable,↓ decreasing,→ stable,100.0,✅ EXCELLENT,False,NONE,3.5,0.5,NONE
1779702746.939,77.4,90.9,32.3,1524.0,45.1,13.85,32.1,32.0,32.1,32.2,optimal,optimal,optimal,optimal,optimal,optimal,→ stable,↓ decreasing,→ stable,100.0,✅ EXCELLENT,False,NONE,3.0,0.0,NONE
1779702747.94,80.3,89.9,32.2,1458.0,45.7,13.82,32.4,31.8,31.7,32.3,optimal,optimal,optimal,optimal,optimal,optimal,↑ increasing,↓ decreasing,→ stable,100.0,✅ EXCELLENT,False,NONE,3.2,0.0,NONE
1779702748.941,77.5,91.2,31.8,1473.0,44.4,13.8,31.8,32.3,32.0,31.6,optimal,optimal,optimal,optimal,optimal,optimal,↑ increasing,→ stable,→ stable,100.0,✅ EXCELLENT,False,NONE,3.5,0.0,NONE
1779702749.942,82.5,91.0,31.8,1485.0,44.1,13.78,32.3,32.4,32.0,32.2,optimal,optimal,optimal,optimal,optimal,optimal,↑ increasing,→ stable,→ stable,100.0,✅ EXCELLENT,False,NONE,3.8,0.0,NONE
1779702750.943,79.6,90.4,32.0,1484.0,45.6,13.77,32.1,31.9,32.1,31.7,optimal,optimal,optimal,optimal,optimal,optimal,↑ increasing,→ stable,→ stable,100.0,✅ EXCELLENT,False,NONE,3.4,0.0,NONE
1779702751.943,81.6,91.3,32.3,1531.0,44.3,13.85,31.8,31.7,32.0,32.0,optimal,optimal,optimal,optimal,optimal,optimal,↑ increasing,→ stable,→ stable,100.0,✅ EXCELLENT,False,NONE,3.1,0.0,NONE
1779702752.944,80.3,90.3,32.2,1492.0,45.8,13.81,32.2,32.3,32.1,31.9,optimal,optimal,optimal,optimal,optimal,optimal,↑ increasing,↑ increasing,→ stable,100.0,✅ EXCELLENT,False,NONE,3.2,0.0,NONE
1779702753.944,81.4,88.9,32.1,1493.0,44.6,13.78,32.2,31.9,31.8,32.2,optimal,optimal,optimal,optimal,optimal,optimal,↑ increasing,→ stable,→ stable,100.0,✅ EXCELLENT,False,NONE,3.4,0.6,NONE
1779702754.947,81.2,89.3,32.3,1534.0,45.7,13.76,32.2,32.2,32.1,31.7,optimal,optimal,optimal,optimal,optimal,optimal,↑ increasing,→ stable,→ stable,100.0,✅ EXCELLENT,False,NONE,3.1,0.2,NONE
1779702755.947,77.4,91.4,32.0,1544.0,44.6,13.76,31.7,32.1,32.2,32.1,optimal,optimal,optimal,optimal,optimal,optimal,→ stable,↑ increasing,→ stable,100.0,✅ EXCELLENT,False,NONE,3.3,0.0,NONE
1779702756.948,78.5,89.1,31.7,1549.0,45.4,13.83,32.0,31.6,31.9,31.7,optimal,optimal,optimal,optimal,optimal,optimal,→ stable,↑ increasing,→ stable,100.0,✅ EXCELLENT,False,NONE,3.7,0.4,NONE
1779702757.949,81.2,91.2,32.1,1528.0,44.1,13.82,32.2,31.9,32.4,32.1,optimal,optimal,optimal,optimal,optimal,optimal,→ stable,↑ increasing,→ stable,100.0,✅ EXCELLENT,False,NONE,3.4,0.0,NONE
1779702758.949,82.7,89.7,32.1,1452.0,44.2,13.85,32.1,32.2,32.0,32.0,optimal,optimal,optimal,optimal,optimal,optimal,↑ increasing,→ stable,→ stable,100.0,✅ EXCELLENT,False,NONE,3.4,0.0,NONE
1779702759.95,77.7,90.5,32.2,1462.0,45.9,13.81,31.7,31.8,32.0,31.8,optimal,optimal,optimal,optimal,optimal,optimal,→ stable,→ stable,→ stable,100.0,✅ EXCELLENT,False,NONE,3.1,0.0,NONE
1779702760.951,78.9,89.4,31.8,1484.0,44.2,13.78,32.0,32.0,31.8,31.7,optimal,optimal,optimal,optimal,optimal,optimal,→ stable,→ stable,→ stable,100.0,✅ EXCELLENT,False,NONE,3.6,0.2,NONE
1779702761.952,82.8,90.3,32.4,1466.0,44.8,13.76,32.0,31.8,32.3,32.3,optimal,optimal,optimal,optimal,optimal,optimal,→ stable,→ stable,→ stable,100.0,✅ EXCELLENT,False,NONE,3.1,0.0,NONE
1779702762.951,80.7,90.8,32.0,1456.0,45.8,13.81,32.3,31.9,32.2,32.3,optimal,optimal,optimal,optimal,optimal,optimal,→ stable,→ stable,→ stable,100.0,✅ EXCELLENT,False,NONE,3.5,0.0,NONE
1779702763.951,77.1,89.7,32.2,1469.0,45.8,13.75,31.8,31.9,32.0,32.3,optimal,optimal,optimal,optimal,optimal,optimal,→ stable,→ stable,→ stable,100.0,✅ EXCELLENT,False,NONE,3.1,0.0,NONE
1779702764.952,81.7,88.7,31.6,1463.0,44.9,13.76,31.8,32.3,31.7,31.9,optimal,optimal,optimal,optimal,optimal,optimal,→ stable,→ stable,→ stable,100.0,✅ EXCELLENT,False,NONE,4.0,0.8,NONE
1779702765.953,81.8,90.4,31.6,1465.0,45.4,13.82,32.3,32.1,31.8,32.0,optimal,optimal,optimal,optimal,optimal,optimal,→ stable,→ stable,→ stable,100.0,✅ EXCELLENT,False,NONE,4.0,0.0,NONE
1779702766.953,77.5,89.7,31.8,1529.0,44.3,13.8,32.2,32.4,32.0,32.4,optimal,optimal,optimal,optimal,optimal,optimal,→ stable,→ stable,→ stable,100.0,✅ EXCELLENT,False,NONE,3.5,0.0,NONE
1779702767.954,77.9,89.7,32.3,1481.0,44.1,13.82,32.0,32.1,32.4,32.2,optimal,optimal,optimal,optimal,optimal,optimal,→ stable,↓ decreasing,→ stable,100.0,✅ EXCELLENT,False,NONE,3.0,0.0,NONE
1779702768.954,81.7,89.7,32.4,1510.0,44.5,13.78,32.1,32.3,32.0,31.9,optimal,optimal,optimal,optimal,optimal,optimal,↓ decreasing,→ stable,→ stable,100.0,✅ EXCELLENT,False,NONE,3.0,0.0,NONE
1779702769.955,80.3,90.6,32.1,1509.0,45.2,13.84,32.3,31.7,32.1,31.8,optimal,optimal,optimal,optimal,optimal,optimal,→ stable,→ stable,→ stable,100.0,✅ EXCELLENT,False,NONE,3.3,0.0,NONE
1779702770.956,80.6,90.6,32.3,1546.0,44.6,13.83,32.2,31.9,32.1,32.2,optimal,optimal,optimal,optimal,optimal,optimal,→ stable,→ stable,→ stable,100.0,✅ EXCELLENT,False,NONE,3.1,0.0,NONE
1779702771.957,77.1,91.2,32.0,1453.0,45.9,13.84,32.1,32.2,31.7,32.4,optimal,optimal,optimal,optimal,optimal,optimal,↓ decreasing,→ stable,→ stable,100.0,✅ EXCELLENT,False,NONE,3.3,0.0,NONE
1779702772.958,82.5,90.2,32.0,1513.0,45.5,13.76,32.4,31.9,32.0,32.3,optimal,optimal,optimal,optimal,optimal,optimal,→ stable,→ stable,→ stable,100.0,✅ EXCELLENT,False,NONE,3.5,0.0,NONE
1779702773.958,78.9,89.6,32.0,1542.0,45.4,13.77,31.8,31.6,32.3,31.8,optimal,optimal,optimal,optimal,optimal,optimal,→ stable,→ stable,→ stable,100.0,✅ EXCELLENT,False,NONE,3.4,0.1,NONE
1779702774.958,81.6,91.5,32.0,1543.0,46.0,13.83,32.1,32.1,31.8,31.7,optimal,optimal,optimal,optimal,optimal,optimal,→ stable,→ stable,→ stable,100.0,✅ EXCELLENT,False,NONE,3.5,0.0,NONE
1779702775.959,79.6,89.9,32.3,1516.0,44.1,13.78,32.3,32.1,31.8,32.2,optimal,optimal,optimal,optimal,optimal,optimal,↓ decreasing,→ stable,→ stable,100.0,✅ EXCELLENT,False,NONE,3.1,0.0,NONE
1779702776.959,82.6,90.6,31.8,1456.0,45.2,13.77,32.4,31.9,31.8,32.2,optimal,optimal,optimal,optimal,optimal,optimal,→ stable,→ stable,→ stable,100.0,✅ EXCELLENT,False,NONE,3.8,0.0,NONE
1779702777.96,80.0,90.6,32.3,1487.0,45.9,13.81,32.2,32.0,32.0,31.8,optimal,optimal,optimal,optimal,optimal,optimal,↑ increasing,↑ increasing,→ stable,100.0,✅ EXCELLENT,False,NONE,3.1,0.0,NONE
1779702778.961,81.3,88.9,31.8,1483.0,44.4,13.8,32.1,32.3,31.8,32.4,optimal,optimal,optimal,optimal,optimal,optimal,↑ increasing,→ stable,→ stable,100.0,✅ EXCELLENT,False,NONE,3.7,0.6,NONE
1779702779.962,82.4,90.3,32.3,1505.0,45.0,13.77,31.8,31.9,31.9,31.8,optimal,optimal,optimal,optimal,optimal,optimal,↑ increasing,→ stable,→ stable,100.0,✅ EXCELLENT,False,NONE,3.2,0.0,NONE
1779702780.963,80.5,89.3,32.3,1453.0,44.2,13.84,32.1,32.2,31.8,31.7,optimal,optimal,optimal,optimal,optimal,optimal,→ stable,→ stable,→ stable,100.0,✅ EXCELLENT,False,NONE,3.1,0.2,NONE
1779702781.963,81.6,91.2,32.3,1455.0,45.6,13.84,32.4,31.8,31.8,32.2,optimal,optimal,optimal,optimal,optimal,optimal,↑ increasing,→ stable,→ stable,100.0,✅ EXCELLENT,False,NONE,3.1,0.0,NONE
1779702782.964,79.2,89.0,31.7,1547.0,44.2,13.81,32.1,32.0,31.7,32.1,optimal,optimal,optimal,optimal,optimal,optimal,↑ increasing,→ stable,→ stable,100.0,✅ EXCELLENT,False,NONE,3.7,0.5,NONE
1779702783.965,80.1,89.8,32.4,1542.0,44.6,13.75,31.8,31.7,32.0,32.1,optimal,optimal,optimal,optimal,optimal,optimal,↑ increasing,→ stable,→ stable,100.0,✅ EXCELLENT,False,NONE,3.0,0.0,NONE
1779702784.966,80.2,91.0,31.9,1477.0,45.1,13.76,31.9,32.0,31.7,32.3,optimal,optimal,optimal,optimal,optimal,optimal,↑ increasing,→ stable,→ stable,100.0,✅ EXCELLENT,False,NONE,3.6,0.0,NONE
1779702785.967,77.7,88.6,32.3,1467.0,44.0,13.76,31.6,31.9,32.4,31.9,optimal,optimal,optimal,optimal,optimal,optimal,↑ increasing,→ stable,→ stable,100.0,✅ EXCELLENT,False,NONE,3.0,1.0,NONE
1779702786.968,82.8,91.0,31.8,1524.0,44.4,13.81,32.1,32.0,32.3,31.7,optimal,optimal,optimal,optimal,optimal,optimal,→ stable,→ stable,→ stable,100.0,✅ EXCELLENT,False,NONE,3.8,0.0,NONE
1779702787.968,78.3,90.1,31.7,1518.0,45.7,13.78,31.9,31.8,32.4,31.6,optimal,optimal,optimal,optimal,optimal,optimal,→ stable,↓ decreasing,→ stable,100.0,✅ EXCELLENT,False,NONE,3.7,0.0,NONE
1779702788.969,80.1,90.0,32.2,1499.0,45.0,13.81,32.0,32.2,31.6,32.4,optimal,optimal,optimal,optimal,optimal,optimal,→ stable,→ stable,→ stable,100.0,✅ EXCELLENT,False,NONE,3.2,0.0,NONE
1779702789.968,78.7,90.6,32.1,1502.0,44.2,13.83,31.7,31.9,32.0,31.7,optimal,optimal,optimal,optimal,optimal,optimal,↓ decreasing,→ stable,→ stable,100.0,✅ EXCELLENT,False,NONE,3.3,0.0,NONE
1779702790.968,81.6,89.9,31.8,1506.0,45.0,13.81,32.3,32.0,32.2,31.9,optimal,optimal,optimal,optimal,optimal,optimal,↓ decreasing,→ stable,→ stable,100.0,✅ EXCELLENT,False,NONE,3.7,0.0,NONE
1779702791.969,80.2,89.7,32.1,1460.0,44.6,13.77,31.7,32.2,31.9,32.2,optimal,optimal,optimal,optimal,optimal,optimal,↓ decreasing,→ stable,→ stable,100.0,✅ EXCELLENT,False,NONE,3.3,0.0,NONE
1779702792.969,80.4,89.1,32.2,1488.0,45.3,13.8,32.4,31.7,31.8,32.0,optimal,optimal,optimal,optimal,optimal,optimal,↓ decreasing,→ stable,→ stable,100.0,✅ EXCELLENT,False,NONE,3.2,0.4,NONE
1779702793.971,77.7,90.6,32.1,1534.0,45.2,13.85,32.3,31.6,31.7,31.8,optimal,optimal,optimal,optimal,optimal,optimal,↓ decreasing,→ stable,→ stable,100.0,✅ EXCELLENT,False,NONE,3.2,0.0,NONE
1779702794.972,77.7,91.2,32.4,1486.0,44.5,13.76,32.3,32.1,32.0,32.0,optimal,optimal,optimal,optimal,optimal,optimal,↓ decreasing,→ stable,→ stable,100.0,✅ EXCELLENT,False,NONE,2.9,0.0,NONE
1779702795.973,78.2,90.1,32.2,1506.0,45.7,13.78,32.1,31.8,32.2,32.1,optimal,optimal,optimal,optimal,optimal,optimal,↓ decreasing,→ stable,→ stable,100.0,✅ EXCELLENT,False,NONE,3.1,0.0,NONE
1779702796.974,82.7,91.3,31.8,1487.0,45.9,13.77,32.1,31.8,31.7,32.0,optimal,optimal,optimal,optimal,optimal,optimal,↓ decreasing,→ stable,→ stable,100.0,✅ EXCELLENT,False,NONE,3.8,0.0,NONE
1779702797.975,77.3,91.5,32.2,1483.0,44.3,13.84,32.3,31.9,31.9,32.3,optimal,optimal,optimal,optimal,optimal,optimal,↓ decreasing,→ stable,→ stable,100.0,✅ EXCELLENT,False,NONE,3.1,0.0,NONE
1779702798.975,77.7,91.4,31.8,1548.0,45.9,13.79,32.0,32.4,31.6,31.6,optimal,optimal,optimal,optimal,optimal,optimal,↓ decreasing,↑ increasing,→ stable,100.0,✅ EXCELLENT,False,NONE,3.6,0.0,NONE
1779702799.977,78.5,88.7,31.6,1463.0,45.4,13.83,31.9,31.8,32.0,32.3,optimal,optimal,optimal,optimal,optimal,optimal,↓ decreasing,→ stable,→ stable,100.0,✅ EXCELLENT,False,NONE,3.8,0.8,NONE
1779702800.978,82.7,90.5,31.7,1526.0,45.1,13.77,32.0,31.7,32.1,32.0,optimal,optimal,optimal,optimal,optimal,optimal,↓ decreasing,→ stable,→ stable,100.0,✅ EXCELLENT,False,NONE,3.9,0.0,NONE
1779702801.979,80.0,89.4,32.2,1473.0,45.3,13.84,31.7,32.1,32.4,32.4,optimal,optimal,optimal,optimal,optimal,optimal,↓ decreasing,→ stable,→ stable,100.0,✅ EXCELLENT,False,NONE,3.2,0.2,NONE
1779702802.98,81.3,90.8,31.9,1480.0,44.7,13.77,31.9,31.7,32.3,32.3,optimal,optimal,optimal,optimal,optimal,optimal,↓ decreasing,↑ increasing,→ stable,100.0,✅ EXCELLENT,False,NONE,3.6,0.0,NONE
1779702803.981,78.3,90.7,32.2,1541.0,44.2,13.84,32.4,31.7,32.1,32.0,optimal,optimal,optimal,optimal,optimal,optimal,→ stable,→ stable,→ stable,100.0,✅ EXCELLENT,False,NONE,3.1,0.0,NONE
1779702804.982,81.2,90.2,32.4,1496.0,45.0,13.79,31.6,32.2,32.3,32.2,optimal,optimal,optimal,optimal,optimal,optimal,→ stable,→ stable,→ stable,100.0,✅ EXCELLENT,False,NONE,3.0,0.0,NONE
1779702805.982,78.7,89.3,32.1,1535.0,44.9,13.78,32.4,32.2,32.2,32.1,optimal,optimal,optimal,optimal,optimal,optimal,→ stable,→ stable,→ stable,100.0,✅ EXCELLENT,False,NONE,3.3,0.2,NONE
1779702806.983,79.7,90.0,32.2,1487.0,44.1,13.81,31.7,31.9,31.8,31.9,optimal,optimal,optimal,optimal,optimal,optimal,→ stable,→ stable,→ stable,100.0,✅ EXCELLENT,False,NONE,3.2,0.0,NONE
1779702807.983,81.1,91.0,32.2,1459.0,45.9,13.78,31.7,32.1,32.4,31.7,optimal,optimal,optimal,optimal,optimal,optimal,→ stable,→ stable,→ stable,100.0,✅ EXCELLENT,False,NONE,3.2,0.0,NONE
1779702808.983,77.8,89.2,32.0,1489.0,45.1,13.78,32.1,32.2,32.2,31.6,optimal,optimal,optimal,optimal,optimal,optimal,↑ increasing,↓ decreasing,→ stable,100.0,✅ EXCELLENT,False,NONE,3.3,0.3,NONE
1779702809.984,78.2,89.5,31.8,1498.0,45.9,13.85,32.3,32.1,31.8,31.6,optimal,optimal,optimal,optimal,optimal,optimal,↑ increasing,→ stable,→ stable,100.0,✅ EXCELLENT,False,NONE,3.6,0.1,NONE
1779702810.984,80.9,90.6,32.1,1530.0,45.5,13.75,32.0,31.8,32.3,31.6,optimal,optimal,optimal,optimal,optimal,optimal,→ stable,→ stable,→ stable,100.0,✅ EXCELLENT,False,NONE,3.4,0.0,NONE
1779702811.986,78.0,88.9,32.2,1477.0,44.2,13.81,32.0,31.9,31.9,32.1,optimal,optimal,optimal,optimal,optimal,optimal,→ stable,→ stable,→ stable,100.0,✅ EXCELLENT,False,NONE,3.1,0.6,NONE
1779702812.987,79.7,88.6,32.1,1453.0,44.6,13.8,32.1,32.1,31.7,32.3,optimal,optimal,optimal,optimal,optimal,optimal,→ stable,↓ decreasing,→ stable,100.0,✅ EXCELLENT,False,NONE,3.3,1.0,NONE
1779702813.987,81.6,90.4,31.9,1528.0,45.5,13.84,32.1,32.1,31.6,32.1,optimal,optimal,optimal,optimal,optimal,optimal,→ stable,↓ decreasing,→ stable,100.0,✅ EXCELLENT,False,NONE,3.6,0.0,NONE
1779702814.987,77.3,90.0,32.3,1467.0,45.9,13.78,32.1,31.6,32.0,32.2,optimal,optimal,optimal,optimal,optimal,optimal,→ stable,↓ decreasing,→ stable,100.0,✅ EXCELLENT,False,NONE,3.0,0.0,NONE
1779702815.987,79.4,89.4,32.2,1492.0,45.5,13.8,32.0,31.9,31.6,32.3,optimal,optimal,optimal,optimal,optimal,optimal,→ stable,↓ decreasing,→ stable,100.0,✅ EXCELLENT,False,NONE,3.2,0.2,NONE
1779702816.987,79.8,90.3,32.4,1541.0,44.0,13.79,31.7,31.7,31.8,31.8,optimal,optimal,optimal,optimal,optimal,optimal,→ stable,→ stable,→ stable,100.0,✅ EXCELLENT,False,NONE,3.0,0.0,NONE
1779702817.988,78.4,91.3,31.8,1470.0,44.7,13.78,31.6,32.3,31.8,31.7,optimal,optimal,optimal,optimal,optimal,optimal,↓ decreasing,→ stable,→ stable,100.0,✅ EXCELLENT,False,NONE,3.6,0.0,NONE
1779702818.989,80.8,88.6,31.6,1521.0,45.9,13.8,32.3,31.8,32.2,32.3,optimal,optimal,optimal,optimal,optimal,optimal,↓ decreasing,→ stable,→ stable,100.0,✅ EXCELLENT,False,NONE,3.9,1.0,NONE
1779702819.991,78.4,91.3,32.4,1525.0,45.0,13.84,32.3,31.9,32.4,32.1,optimal,optimal,optimal,optimal,optimal,optimal,→ stable,→ stable,→ stable,100.0,✅ EXCELLENT,False,NONE,2.9,0.0,NONE
1779702820.992,81.2,89.6,32.3,1464.0,44.3,13.82,31.7,32.2,31.7,31.7,optimal,optimal,optimal,optimal,optimal,optimal,→ stable,→ stable,→ stable,100.0,✅ EXCELLENT,False,NONE,3.1,0.1,NONE
1779702821.993,83.0,91.2,31.7,1463.0,44.5,13.76,32.1,32.1,32.2,31.6,optimal,optimal,optimal,optimal,optimal,optimal,→ stable,→ stable,→ stable,100.0,✅ EXCELLENT,False,NONE,3.9,0.0,NONE
1779702822.993,77.1,90.3,31.8,1457.0,45.7,13.85,32.1,31.9,32.3,32.3,optimal,optimal,optimal,optimal,optimal,optimal,→ stable,→ stable,→ stable,100.0,✅ EXCELLENT,False,NONE,3.5,0.0,NONE
1779702823.994,77.4,91.0,31.9,1473.0,45.1,13.76,32.2,31.7,31.8,32.2,optimal,optimal,optimal,optimal,optimal,optimal,→ stable,↑ increasing,→ stable,100.0,✅ EXCELLENT,False,NONE,3.4,0.0,NONE
1779702824.995,81.6,89.5,31.9,1504.0,45.6,13.82,32.0,31.8,31.8,31.8,optimal,optimal,optimal,optimal,optimal,optimal,→ stable,→ stable,→ stable,100.0,✅ EXCELLENT,False,NONE,3.6,0.1,NONE
1779702825.996,79.1,91.3,31.9,1509.0,44.3,13.85,32.2,31.7,32.4,32.3,optimal,optimal,optimal,optimal,optimal,optimal,→ stable,↑ increasing,→ stable,100.0,✅ EXCELLENT,False,NONE,3.5,0.0,NONE
1779702826.997,77.6,89.7,32.3,1506.0,45.1,13.77,31.9,31.7,31.9,32.3,optimal,optimal,optimal,optimal,optimal,optimal,→ stable,↑ increasing,→ stable,100.0,✅ EXCELLENT,False,NONE,3.0,0.0,NONE
1779702827.997,78.5,91.0,32.3,1462.0,45.8,13.8,31.9,31.9,31.8,32.0,optimal,optimal,optimal,optimal,optimal,optimal,→ stable,↑ increasing,→ stable,100.0,✅ EXCELLENT,False,NONE,3.0,0.0,NONE
1779702828.998,77.1,90.0,32.0,1470.0,44.7,13.82,31.8,32.0,32.1,31.9,optimal,optimal,optimal,optimal,optimal,optimal,→ stable,↑ increasing,→ stable,100.0,✅ EXCELLENT,False,NONE,3.3,0.0,NONE
1779702829.999,80.1,90.5,32.0,1512.0,45.9,13.76,32.1,31.7,31.8,31.7,optimal,optimal,optimal,optimal,optimal,optimal,→ stable,→ stable,→ stable,100.0,✅ EXCELLENT,False,NONE,3.4,0.0,NONE
1779702831.0,80.2,90.1,32.3,1528.0,44.1,13.84,32.1,32.3,32.2,31.8,optimal,optimal,optimal,optimal,optimal,optimal,→ stable,↑ increasing,→ stable,100.0,✅ EXCELLENT,False,NONE,3.1,0.0,NONE
1779702832.0,81.9,88.6,32.1,1518.0,44.5,13.83,32.0,31.7,32.1,32.1,optimal,optimal,optimal,optimal,optimal,optimal,↓ decreasing,→ stable,→ stable,100.0,✅ EXCELLENT,False,NONE,3.4,1.0,NONE
1779702833.002,79.4,89.8,32.1,1453.0,44.5,13.76,32.3,32.3,32.2,31.7,optimal,optimal,optimal,optimal,optimal,optimal,→ stable,→ stable,→ stable,100.0,✅ EXCELLENT,False,NONE,3.3,0.0,NONE
1779702834.003,80.0,89.7,31.8,1503.0,44.8,13.77,31.9,32.3,31.9,32.0,optimal,optimal,optimal,optimal,optimal,optimal,→ stable,→ stable,→ stable,100.0,✅ EXCELLENT,False,NONE,3.7,0.0,NONE
1779702835.004,77.6,89.3,31.9,1503.0,45.4,13.8,31.8,31.8,32.1,31.7,optimal,optimal,optimal,optimal,optimal,optimal,↓ decreasing,→ stable,→ stable,100.0,✅ EXCELLENT,False,NONE,3.4,0.2,NONE
1779702836.004,79.5,90.0,32.4,1482.0,44.9,13.76,32.1,31.9,32.0,31.6,optimal,optimal,optimal,optimal,optimal,optimal,→ stable,↓ decreasing,→ stable,100.0,✅ EXCELLENT,False,NONE,3.0,0.0,NONE
1779702837.004,77.8,91.1,31.7,1497.0,44.6,13.77,31.6,32.3,31.6,32.4,optimal,optimal,optimal,optimal,optimal,optimal,→ stable,→ stable,→ stable,100.0,✅ EXCELLENT,False,NONE,3.7,0.0,NONE
1779702838.005,82.4,89.9,31.8,1490.0,44.2,13.78,31.8,31.8,32.1,31.7,optimal,optimal,optimal,optimal,optimal,optimal,→ stable,→ stable,→ stable,100.0,✅ EXCELLENT,False,NONE,3.8,0.0,NONE
1779702839.005,80.4,88.7,31.7,1451.0,45.1,13.81,32.3,32.1,32.3,32.0,optimal,optimal,optimal,optimal,optimal,optimal,↑ increasing,↓ decreasing,→ stable,100.0,✅ EXCELLENT,False,NONE,3.8,0.8,NONE
1779702840.006,79.6,90.3,32.4,1499.0,45.9,13.83,32.0,31.9,31.9,32.3,optimal,optimal,optimal,optimal,optimal,optimal,↑ increasing,↓ decreasing,→ stable,100.0,✅ EXCELLENT,False,NONE,3.0,0.0,NONE
1779702841.007,78.3,90.6,32.1,1534.0,44.3,13.83,32.0,32.3,31.9,31.9,optimal,optimal,optimal,optimal,optimal,optimal,↑ increasing,↓ decreasing,→ stable,100.0,✅ EXCELLENT,False,NONE,3.2,0.0,NONE
1779702842.008,79.0,89.7,32.1,1515.0,44.3,13.8,31.7,31.8,32.0,31.9,optimal,optimal,optimal,optimal,optimal,optimal,→ stable,→ stable,→ stable,100.0,✅ EXCELLENT,False,NONE,3.3,0.0,NONE
1779702843.009,82.2,89.4,32.1,1544.0,44.9,13.84,32.3,31.8,31.7,31.8,optimal,optimal,optimal,optimal,optimal,optimal,→ stable,→ stable,→ stable,100.0,✅ EXCELLENT,False,NONE,3.4,0.2,NONE
1779702844.01,78.9,89.6,32.3,1472.0,44.5,13.83,31.6,32.0,32.4,32.0,optimal,optimal,optimal,optimal,optimal,optimal,→ stable,→ stable,→ stable,100.0,✅ EXCELLENT,False,NONE,3.0,0.1,NONE
1779702845.011,78.5,91.1,31.6,1526.0,45.7,13.78,32.3,32.1,32.3,31.6,optimal,optimal,optimal,optimal,optimal,optimal,↑ increasing,→ stable,→ stable,100.0,✅ EXCELLENT,False,NONE,3.8,0.0,NONE
1779702846.011,79.6,90.5,32.3,1526.0,44.4,13.85,31.9,31.8,32.3,31.9,optimal,optimal,optimal,optimal,optimal,optimal,→ stable,→ stable,→ stable,100.0,✅ EXCELLENT,False,NONE,3.1,0.0,NONE
1779702847.012,80.9,90.0,31.8,1483.0,45.6,13.8,31.7,32.4,32.4,31.8,optimal,optimal,optimal,optimal,optimal,optimal,↑ increasing,→ stable,→ stable,100.0,✅ EXCELLENT,False,NONE,3.7,0.0,NONE
1779702848.013,77.4,89.5,32.0,1472.0,45.0,13.82,32.4,31.9,31.6,32.4,optimal,optimal,optimal,optimal,optimal,optimal,→ stable,→ stable,→ stable,100.0,✅ EXCELLENT,False,NONE,3.3,0.1,NONE
1779702849.013,79.2,89.0,32.0,1499.0,44.3,13.83,32.0,32.0,32.0,31.9,optimal,optimal,optimal,optimal,optimal,optimal,↓ decreasing,→ stable,→ stable,100.0,✅ EXCELLENT,False,NONE,3.4,0.5,NONE
1779702850.014,80.7,89.2,32.3,1466.0,45.2,13.8,32.2,32.0,32.2,32.1,optimal,optimal,optimal,optimal,optimal,optimal,→ stable,→ stable,→ stable,100.0,✅ EXCELLENT,False,NONE,3.1,0.3,NONE
1779702851.014,78.2,89.0,31.7,1490.0,45.0,13.84,32.3,32.1,32.2,32.2,optimal,optimal,optimal,optimal,optimal,optimal,→ stable,→ stable,→ stable,100.0,✅ EXCELLENT,False,NONE,3.7,0.5,NONE
1779702852.015,82.9,89.7,32.0,1476.0,44.6,13.81,32.3,32.4,32.2,32.1,optimal,optimal,optimal,optimal,optimal,optimal,→ stable,→ stable,→ stable,100.0,✅ EXCELLENT,False,NONE,3.6,0.0,NONE
1779702853.016,81.2,90.8,31.7,1516.0,44.4,13.84,32.2,32.2,31.9,31.7,optimal,optimal,optimal,optimal,optimal,optimal,→ stable,→ stable,→ stable,100.0,✅ EXCELLENT,False,NONE,3.8,0.0,NONE
1779702854.018,80.0,88.8,32.2,1463.0,45.5,13.83,31.7,31.7,31.9,32.4,optimal,optimal,optimal,optimal,optimal,optimal,→ stable,→ stable,→ stable,100.0,✅ EXCELLENT,False,NONE,3.2,0.7,NONE
1779702855.019,80.9,90.5,31.8,1484.0,45.3,13.82,31.7,32.2,32.1,31.7,optimal,optimal,optimal,optimal,optimal,optimal,→ stable,→ stable,→ stable,100.0,✅ EXCELLENT,False,NONE,3.7,0.0,NONE
1779702856.019,79.4,90.9,31.8,1480.0,44.7,13.83,31.9,31.9,32.2,32.2,optimal,optimal,optimal,optimal,optimal,optimal,→ stable,→ stable,→ stable,100.0,✅ EXCELLENT,False,NONE,3.6,0.0,NONE
1779702857.02,77.8,88.5,32.4,1520.0,44.9,13.8,32.0,31.8,32.0,31.7,optimal,optimal,optimal,optimal,optimal,optimal,→ stable,→ stable,→ stable,100.0,✅ EXCELLENT,False,NONE,2.9,1.1,NONE
1779702858.02,82.5,88.6,31.6,1540.0,45.0,13.8,32.3,32.3,32.0,32.1,optimal,optimal,optimal,optimal,optimal,optimal,↑ increasing,→ stable,→ stable,100.0,✅ EXCELLENT,False,NONE,4.0,1.0,NONE
1779702859.021,77.8,90.9,32.1,1493.0,44.6,13.81,32.0,31.8,32.0,31.7,optimal,optimal,optimal,optimal,optimal,optimal,↑ increasing,→ stable,→ stable,100.0,✅ EXCELLENT,False,NONE,3.2,0.0,NONE
1779702860.022,78.3,88.7,32.0,1456.0,45.8,13.78,32.3,31.9,31.9,32.0,optimal,optimal,optimal,optimal,optimal,optimal,→ stable,→ stable,→ stable,100.0,✅ EXCELLENT,False,NONE,3.4,0.8,NONE
1779702861.023,81.0,90.5,31.9,1535.0,44.9,13.8,32.0,31.6,32.0,32.4,optimal,optimal,optimal,optimal,optimal,optimal,↑ increasing,→ stable,→ stable,100.0,✅ EXCELLENT,False,NONE,3.6,0.0,NONE
1779702862.024,81.7,89.5,32.0,1456.0,45.0,13.84,32.4,32.0,32.3,31.7,optimal,optimal,optimal,optimal,optimal,optimal,→ stable,→ stable,→ stable,100.0,✅ EXCELLENT,False,NONE,3.5,0.1,NONE
1779702863.024,77.2,90.4,31.9,1483.0,44.4,13.82,32.1,32.1,32.1,31.7,optimal,optimal,optimal,optimal,optimal,optimal,→ stable,→ stable,→ stable,100.0,✅ EXCELLENT,False,NONE,3.4,0.0,NONE
1779702864.025,80.8,91.0,31.6,1521.0,45.1,13.8,32.3,31.8,32.2,31.7,optimal,optimal,optimal,optimal,optimal,optimal,→ stable,→ stable,→ stable,100.0,✅ EXCELLENT,False,NONE,3.9,0.0,NONE
1779702865.026,82.9,89.2,32.3,1497.0,45.0,13.75,32.2,32.4,31.8,31.8,optimal,optimal,optimal,optimal,optimal,optimal,→ stable,→ stable,→ stable,100.0,✅ EXCELLENT,False,NONE,3.2,0.3,NONE
1779702866.027,81.9,90.4,31.6,1471.0,45.3,13.84,32.1,32.0,32.3,32.1,optimal,optimal,optimal,optimal,optimal,optimal,→ stable,→ stable,→ stable,100.0,✅ EXCELLENT,False,NONE,4.0,0.0,NONE
1779702867.027,80.6,89.2,32.2,1511.0,44.1,13.8,32.4,32.0,31.8,32.3,optimal,optimal,optimal,optimal,optimal,optimal,↑ increasing,→ stable,→ stable,100.0,✅ EXCELLENT,False,NONE,3.2,0.3,NONE
1779702868.029,82.0,90.8,31.6,1520.0,44.2,13.82,31.8,31.6,31.9,31.8,optimal,optimal,optimal,optimal,optimal,optimal,→ stable,↑ increasing,→ stable,100.0,✅ EXCELLENT,False,NONE,4.0,0.0,NONE
1779702869.029,82.6,90.3,31.7,1518.0,45.3,13.76,31.9,31.7,32.4,32.0,optimal,optimal,optimal,optimal,optimal,optimal,↑ increasing,→ stable,→ stable,100.0,✅ EXCELLENT,False,NONE,3.9,0.0,NONE
1779702870.03,78.9,89.6,31.9,1496.0,44.2,13.8,31.7,31.7,31.6,31.9,optimal,optimal,optimal,optimal,optimal,optimal,↑ increasing,→ stable,→ stable,100.0,✅ EXCELLENT,False,NONE,3.5,0.1,NONE
1779702871.03,77.4,90.7,31.9,1489.0,44.7,13.84,31.8,32.0,32.0,31.9,optimal,optimal,optimal,optimal,optimal,optimal,→ stable,→ stable,→ stable,100.0,✅ EXCELLENT,False,NONE,3.4,0.0,NONE
1779702872.03,82.3,89.4,32.3,1504.0,45.2,13.83,32.1,32.0,32.2,31.7,optimal,optimal,optimal,optimal,optimal,optimal,↑ increasing,→ stable,→ stable,100.0,✅ EXCELLENT,False,NONE,3.2,0.2,NONE
1779702873.031,79.2,88.8,32.1,1467.0,44.3,13.76,32.1,32.0,31.7,32.1,optimal,optimal,optimal,optimal,optimal,optimal,↑ increasing,→ stable,→ stable,100.0,✅ EXCELLENT,False,NONE,3.3,0.7,NONE
1779702874.032,79.1,90.2,31.6,1487.0,45.8,13.82,32.1,31.9,31.8,31.8,optimal,optimal,optimal,optimal,optimal,optimal,↑ increasing,→ stable,→ stable,100.0,✅ EXCELLENT,False,NONE,3.8,0.0,NONE
1779702875.032,79.5,91.3,32.3,1508.0,45.5,13.8,31.7,32.4,32.2,31.7,optimal,optimal,optimal,optimal,optimal,optimal,→ stable,→ stable,→ stable,100.0,✅ EXCELLENT,False,NONE,3.1,0.0,NONE
1779702876.033,77.2,90.2,32.2,1477.0,44.9,13.82,32.0,31.7,32.2,32.2,optimal,optimal,optimal,optimal,optimal,optimal,→ stable,→ stable,→ stable,100.0,✅ EXCELLENT,False,NONE,3.1,0.0,NONE
1779702877.034,80.4,91.2,31.7,1507.0,45.7,13.78,32.2,32.4,31.9,32.1,optimal,optimal,optimal,optimal,optimal,optimal,↓ decreasing,→ stable,→ stable,100.0,✅ EXCELLENT,False,NONE,3.8,0.0,NONE
1779702878.034,80.2,88.6,31.7,1516.0,45.8,13.82,31.7,31.8,31.6,31.7,optimal,optimal,optimal,optimal,optimal,optimal,↓ decreasing,→ stable,→ stable,100.0,✅ EXCELLENT,False,NONE,3.8,1.0,NONE
1779702879.035,77.9,89.0,31.7,1533.0,44.4,13.76,32.3,31.6,32.3,31.7,optimal,optimal,optimal,optimal,optimal,optimal,↓ decreasing,→ stable,→ stable,100.0,✅ EXCELLENT,False,NONE,3.7,0.5,NONE
1779702880.036,80.6,90.6,32.0,1453.0,45.8,13.84,32.1,31.8,32.0,32.3,optimal,optimal,optimal,optimal,optimal,optimal,↓ decreasing,→ stable,→ stable,100.0,✅ EXCELLENT,False,NONE,3.5,0.0,NONE
1779702881.037,81.0,89.8,32.2,1529.0,45.0,13.81,32.3,31.6,31.8,31.8,optimal,optimal,optimal,optimal,optimal,optimal,↓ decreasing,→ stable,→ stable,100.0,✅ EXCELLENT,False,NONE,3.2,0.0,NONE
1779702882.038,79.5,90.2,31.8,1463.0,44.5,13.83,32.4,32.4,31.7,32.0,optimal,optimal,optimal,optimal,optimal,optimal,↓ decreasing,→ stable,→ stable,100.0,✅ EXCELLENT,False,NONE,3.6,0.0,NONE
1779702883.039,82.6,89.0,32.3,1498.0,44.6,13.79,31.7,31.8,31.7,32.0,optimal,optimal,optimal,optimal,optimal,optimal,↓ decreasing,→ stable,→ stable,100.0,✅ EXCELLENT,False,NONE,3.2,0.5,NONE
1779702884.04,77.2,90.0,32.3,1483.0,44.6,13.76,31.8,31.7,31.9,31.7,optimal,optimal,optimal,optimal,optimal,optimal,↓ decreasing,→ stable,→ stable,100.0,✅ EXCELLENT,False,NONE,3.0,0.0,NONE
1779702885.041,78.3,89.1,31.9,1535.0,44.4,13.76,32.1,32.2,31.9,32.3,optimal,optimal,optimal,optimal,optimal,optimal,↓ decreasing,→ stable,→ stable,100.0,✅ EXCELLENT,False,NONE,3.5,0.4,NONE
1779702886.04,79.0,91.2,31.8,1503.0,44.4,13.79,32.2,31.8,31.7,32.1,optimal,optimal,optimal,optimal,optimal,optimal,→ stable,→ stable,→ stable,100.0,✅ EXCELLENT,False,NONE,3.6,0.0,NONE
1779702887.04,82.0,90.9,31.7,1481.0,45.5,13.83,31.9,31.8,32.0,32.0,optimal,optimal,optimal,optimal,optimal,optimal,→ stable,→ stable,→ stable,100.0,✅ EXCELLENT,False,NONE,3.9,0.0,NONE
1779702888.041,79.0,90.3,31.8,1489.0,45.6,13.8,32.3,32.3,32.3,32.4,optimal,optimal,optimal,optimal,optimal,optimal,→ stable,→ stable,→ stable,100.0,✅ EXCELLENT,False,NONE,3.6,0.0,NONE
1779702889.041,80.0,89.7,31.7,1533.0,44.2,13.76,32.3,31.8,32.0,31.8,optimal,optimal,optimal,optimal,optimal,optimal,↑ increasing,→ stable,→ stable,100.0,✅ EXCELLENT,False,NONE,3.8,0.0,NONE
1779702890.041,78.0,90.2,32.0,1488.0,45.4,13.8,31.7,32.4,32.3,31.9,optimal,optimal,optimal,optimal,optimal,optimal,→ stable,→ stable,→ stable,100.0,✅ EXCELLENT,False,NONE,3.3,0.0,NONE
1779702891.042,82.8,89.1,32.0,1465.0,44.1,13.8,31.7,32.2,31.8,32.1,optimal,optimal,optimal,optimal,optimal,optimal,→ stable,→ stable,→ stable,100.0,✅ EXCELLENT,False,NONE,3.5,0.4,NONE
1779702892.043,78.8,88.8,32.1,1544.0,44.2,13.77,32.1,32.2,32.0,32.1,optimal,optimal,optimal,optimal,optimal,optimal,→ stable,→ stable,→ stable,100.0,✅ EXCELLENT,False,NONE,3.3,0.7,NONE
1779702893.043,82.6,89.1,32.0,1466.0,44.2,13.79,32.4,32.2,32.2,32.1,optimal,optimal,optimal,optimal,optimal,optimal,→ stable,→ stable,→ stable,100.0,✅ EXCELLENT,False,NONE,3.5,0.4,NONE
1779702894.043,82.2,88.7,32.2,1497.0,45.8,13.83,31.9,31.8,32.0,31.6,optimal,optimal,optimal,optimal,optimal,optimal,↑ increasing,→ stable,→ stable,100.0,✅ EXCELLENT,False,NONE,3.3,0.8,NONE
1779702895.044,82.1,91.2,32.2,1464.0,44.9,13.75,32.2,32.1,32.3,31.9,optimal,optimal,optimal,optimal,optimal,optimal,↑ increasing,→ stable,→ stable,100.0,✅ EXCELLENT,False,NONE,3.3,0.0,NONE
1779702896.045,77.0,89.2,31.8,1524.0,45.2,13.76,32.4,31.8,31.7,32.4,optimal,optimal,optimal,optimal,optimal,optimal,↑ increasing,→ stable,→ stable,100.0,✅ EXCELLENT,False,NONE,3.5,0.3,NONE
1779702897.046,80.9,89.5,32.2,1469.0,45.9,13.84,32.0,31.9,32.0,32.0,optimal,optimal,optimal,optimal,optimal,optimal,↑ increasing,→ stable,→ stable,100.0,✅ EXCELLENT,False,NONE,3.2,0.1,NONE
1779702898.047,81.9,90.6,32.0,1538.0,45.5,13.78,31.6,32.4,31.9,32.2,optimal,optimal,optimal,optimal,optimal,optimal,↑ increasing,→ stable,→ stable,100.0,✅ EXCELLENT,False,NONE,3.5,0.0,NONE
1779702899.048,78.0,90.2,32.1,1525.0,45.7,13.85,31.8,32.1,32.3,32.1,optimal,optimal,optimal,optimal,optimal,optimal,↑ increasing,→ stable,→ stable,100.0,✅ EXCELLENT,False,NONE,3.2,0.0,NONE
