timestamp,speed_kmh,engine_temp_c,tire_pressure_psi,engine_rpm,oil_pressure_psi,battery_voltage_v,tire_pressure_fl_psi,tire_pressure_fr_psi,tire_pressure_rl_psi,tire_pressure_rr_psi,speed_status,temp_status,psi_status,rpm_status,oil_status,battery_status,speed_trend,temp_trend,psi_trend,overall_health,health_status,emergency,contradictions,tire_speed_risk,temp_correlation_penalty,alerts
1780023764.961,81.6,88.7,31.7,1515.0,44.0,13.84,31.7,32.3,32.0,31.9,optimal,optimal,optimal,optimal,optimal,optimal,—,—,—,99.0,✅ EXCELLENT,False,NONE,3.8,0.8,NONE
1780023765.961,82.2,90.3,31.9,1499.0,45.4,13.76,32.1,32.3,32.3,31.7,optimal,optimal,optimal,optimal,optimal,optimal,↑ increasing,↑ increasing,→ stable,99.0,✅ EXCELLENT,False,NONE,3.6,0.0,NONE
1780023766.962,82.0,90.5,32.2,1505.0,45.2,13.77,31.7,32.1,32.2,32.0,optimal,optimal,optimal,optimal,optimal,optimal,→ stable,↑ increasing,→ stable,99.0,✅ EXCELLENT,False,NONE,3.3,0.0,NONE
1780023767.963,78.1,91.4,32.2,1526.0,45.1,13.84,31.8,32.0,32.4,31.9,optimal,optimal,optimal,optimal,optimal,optimal,↓ decreasing,↑ increasing,→ stable,99.0,✅ EXCELLENT,False,NONE,3.1,0.0,NONE
1780023768.965,82.9,89.3,32.2,1471.0,44.8,13.78,31.6,31.8,32.1,31.9,optimal,optimal,optimal,optimal,optimal,optimal,↑ increasing,↑ increasing,→ stable,99.0,✅ EXCELLENT,False,NONE,3.3,0.2,NONE
1780023769.965,80.5,89.8,31.6,1529.0,45.5,13.77,32.1,32.3,31.7,32.0,optimal,optimal,optimal,optimal,optimal,optimal,↓ decreasing,↑ increasing,→ stable,99.0,✅ EXCELLENT,False,NONE,3.9,0.0,NONE
1780023770.965,79.6,89.3,32.0,1482.0,45.3,13.82,32.0,32.3,32.3,31.7,optimal,optimal,optimal,optimal,optimal,optimal,↓ decreasing,↑ increasing,→ stable,99.0,✅ EXCELLENT,False,NONE,3.4,0.2,NONE
1780023771.967,82.6,89.6,31.9,1536.0,45.0,13.78,32.0,31.8,31.9,31.8,optimal,optimal,optimal,optimal,optimal,optimal,↑ increasing,↑ increasing,→ stable,99.0,✅ EXCELLENT,False,NONE,3.7,0.1,NONE
1780023772.968,80.9,89.4,31.6,1463.0,45.6,13.78,32.3,32.2,32.0,31.8,optimal,optimal,optimal,optimal,optimal,optimal,↓ decreasing,↑ increasing,→ stable,99.0,✅ EXCELLENT,False,NONE,3.9,0.2,NONE
1780023773.969,80.9,90.8,32.0,1480.0,44.3,13.83,32.1,31.7,31.9,32.1,optimal,optimal,optimal,optimal,optimal,optimal,↓ decreasing,↑ increasing,→ stable,99.0,✅ EXCELLENT,False,NONE,3.5,0.0,📈 RAPID_TEMP_RISE: Engine temperature rising quickly
1780023774.97,77.7,90.0,32.1,1472.0,45.4,13.79,32.3,32.3,31.8,32.3,optimal,optimal,optimal,optimal,optimal,optimal,↓ decreasing,↑ increasing,→ stable,99.0,✅ EXCELLENT,False,NONE,3.2,0.0,NONE
1780023775.97,79.5,89.3,32.2,1526.0,44.1,13.76,31.6,32.2,32.2,31.8,optimal,optimal,optimal,optimal,optimal,optimal,↓ decreasing,↑ increasing,→ stable,99.0,✅ EXCELLENT,False,NONE,3.2,0.2,NONE
1780023776.972,80.0,89.7,32.3,1452.0,45.3,13.84,32.3,31.7,32.0,31.7,optimal,optimal,optimal,optimal,optimal,optimal,↓ decreasing,↑ increasing,↑ increasing,99.0,✅ EXCELLENT,False,NONE,3.1,0.0,NONE
1780023777.973,78.6,90.4,31.9,1465.0,45.1,13.77,32.0,32.2,32.1,31.7,optimal,optimal,optimal,optimal,optimal,optimal,↓ decreasing,↑ increasing,→ stable,99.0,✅ EXCELLENT,False,NONE,3.5,0.0,NONE
1780023778.974,80.3,89.9,31.9,1509.0,44.6,13.84,31.8,32.1,32.0,31.8,optimal,optimal,optimal,optimal,optimal,optimal,↓ decreasing,↑ increasing,→ stable,99.0,✅ EXCELLENT,False,NONE,3.6,0.0,NONE
1780023779.974,81.4,89.3,31.6,1507.0,44.9,13.8,32.0,31.8,32.4,31.9,optimal,optimal,optimal,optimal,optimal,optimal,→ stable,↑ increasing,→ stable,99.0,✅ EXCELLENT,False,NONE,4.0,0.2,NONE
1780023780.974,83.0,88.7,31.8,1491.0,45.1,13.77,32.0,32.4,31.7,31.9,optimal,optimal,optimal,optimal,optimal,optimal,↑ increasing,→ stable,→ stable,99.0,✅ EXCELLENT,False,NONE,3.8,0.8,NONE
1780023781.976,80.0,89.5,31.7,1512.0,45.5,13.77,31.9,31.6,31.8,32.0,optimal,optimal,optimal,optimal,optimal,optimal,↓ decreasing,↑ increasing,→ stable,99.0,✅ EXCELLENT,False,NONE,3.8,0.1,NONE
1780023782.976,82.9,91.0,31.8,1527.0,45.7,13.79,32.2,31.6,32.1,31.8,optimal,optimal,optimal,optimal,optimal,optimal,↑ increasing,↑ increasing,→ stable,99.0,✅ EXCELLENT,False,NONE,3.8,0.0,📈 RAPID_TEMP_RISE: Engine temperature rising quickly
1780023783.977,78.3,88.6,31.8,1497.0,45.6,13.82,31.7,32.0,32.0,32.1,optimal,optimal,optimal,optimal,optimal,optimal,↓ decreasing,→ stable,→ stable,99.0,✅ EXCELLENT,False,NONE,3.6,1.0,NONE
1780023784.977,79.3,89.0,31.8,1469.0,44.9,13.8,31.8,31.8,32.2,31.8,optimal,optimal,optimal,optimal,optimal,optimal,→ stable,→ stable,→ stable,99.0,✅ EXCELLENT,False,NONE,3.6,0.5,NONE
1780023785.978,77.8,89.6,32.2,1545.0,44.3,13.76,31.6,32.3,32.3,31.9,optimal,optimal,optimal,optimal,optimal,optimal,→ stable,→ stable,→ stable,99.0,✅ EXCELLENT,False,NONE,3.1,0.1,NONE
1780023786.978,81.3,88.9,32.2,1469.0,45.1,13.83,32.3,31.7,31.8,31.6,optimal,optimal,optimal,optimal,optimal,optimal,→ stable,→ stable,→ stable,99.0,✅ EXCELLENT,False,NONE,3.3,0.6,NONE
1780023787.979,81.0,90.9,32.3,1506.0,45.7,13.76,32.1,32.1,32.1,32.0,optimal,optimal,optimal,optimal,optimal,optimal,→ stable,→ stable,→ stable,99.0,✅ EXCELLENT,False,NONE,3.1,0.0,NONE
1780023788.98,78.1,90.1,31.6,1474.0,44.1,13.84,32.2,32.1,31.7,32.3,optimal,optimal,optimal,optimal,optimal,optimal,→ stable,→ stable,→ stable,99.0,✅ EXCELLENT,False,NONE,3.8,0.0,NONE
1780023789.981,79.0,89.7,32.2,1459.0,44.9,13.83,32.0,31.9,31.8,32.3,optimal,optimal,optimal,optimal,optimal,optimal,→ stable,→ stable,→ stable,99.0,✅ EXCELLENT,False,NONE,3.2,0.0,NONE
1780023790.982,81.5,90.7,31.9,1475.0,44.1,13.77,32.4,31.8,32.3,32.0,optimal,optimal,optimal,optimal,optimal,optimal,↓ decreasing,→ stable,→ stable,99.0,✅ EXCELLENT,False,NONE,3.6,0.0,NONE
1780023791.983,81.0,90.5,32.3,1534.0,44.3,13.79,32.2,31.7,32.4,32.0,optimal,optimal,optimal,optimal,optimal,optimal,→ stable,→ stable,→ stable,99.0,✅ EXCELLENT,False,NONE,3.1,0.0,NONE
1780023792.984,77.3,88.5,32.0,1548.0,45.5,13.78,31.9,32.0,32.3,32.0,optimal,optimal,optimal,optimal,optimal,optimal,↓ decreasing,→ stable,→ stable,99.0,✅ EXCELLENT,False,NONE,3.3,1.1,NONE
1780023793.984,82.9,89.9,32.3,1539.0,45.0,13.76,31.7,32.0,32.0,32.4,optimal,optimal,optimal,optimal,optimal,optimal,→ stable,→ stable,→ stable,99.0,✅ EXCELLENT,False,NONE,3.2,0.0,NONE
1780023794.986,80.1,90.4,32.4,1486.0,44.8,13.82,31.7,32.1,32.1,32.3,optimal,optimal,optimal,optimal,optimal,optimal,→ stable,→ stable,→ stable,99.0,✅ EXCELLENT,False,NONE,3.0,0.0,NONE
1780023795.986,80.4,90.2,31.9,1534.0,44.4,13.81,31.9,31.9,32.2,32.0,optimal,optimal,optimal,optimal,optimal,optimal,→ stable,→ stable,→ stable,99.0,✅ EXCELLENT,False,NONE,3.6,0.0,NONE
1780023796.987,78.6,90.7,32.3,1501.0,45.4,13.76,32.2,31.6,32.3,31.8,optimal,optimal,optimal,optimal,optimal,optimal,→ stable,↑ increasing,→ stable,99.0,✅ EXCELLENT,False,NONE,3.0,0.0,NONE
1780023797.988,79.9,91.3,32.2,1489.0,45.9,13.82,32.0,32.2,32.3,31.6,optimal,optimal,optimal,optimal,optimal,optimal,↓ decreasing,↑ increasing,→ stable,99.0,✅ EXCELLENT,False,NONE,3.2,0.0,NONE
1780023798.988,81.4,90.4,31.7,1507.0,44.1,13.75,32.0,31.9,32.0,32.1,optimal,optimal,optimal,optimal,optimal,optimal,→ stable,↑ increasing,→ stable,99.0,✅ EXCELLENT,False,NONE,3.8,0.0,NONE
1780023799.988,78.1,90.8,31.7,1493.0,45.0,13.8,31.9,32.1,32.2,32.1,optimal,optimal,optimal,optimal,optimal,optimal,→ stable,↑ increasing,→ stable,99.0,✅ EXCELLENT,False,NONE,3.7,0.0,NONE
1780023800.989,79.1,89.0,31.7,1506.0,45.2,13.84,32.3,31.7,32.4,32.2,optimal,optimal,optimal,optimal,optimal,optimal,→ stable,→ stable,→ stable,99.0,✅ EXCELLENT,False,NONE,3.7,0.5,NONE
1780023801.99,80.7,90.6,32.2,1512.0,45.0,13.85,31.7,32.2,32.2,31.9,optimal,optimal,optimal,optimal,optimal,optimal,→ stable,→ stable,→ stable,99.0,✅ EXCELLENT,False,NONE,3.2,0.0,NONE
1780023802.991,80.2,91.4,31.8,1487.0,45.6,13.81,32.1,31.8,31.6,32.2,optimal,optimal,optimal,optimal,optimal,optimal,↑ increasing,↑ increasing,→ stable,99.0,✅ EXCELLENT,False,NONE,3.7,0.0,NONE
1780023803.992,82.6,91.5,31.7,1451.0,45.0,13.75,32.0,31.7,32.2,32.0,optimal,optimal,optimal,optimal,optimal,optimal,→ stable,↑ increasing,→ stable,99.0,✅ EXCELLENT,False,NONE,3.9,0.0,NONE
1780023804.993,81.5,90.0,31.7,1517.0,45.9,13.81,32.1,31.8,31.8,31.9,optimal,optimal,optimal,optimal,optimal,optimal,→ stable,↑ increasing,→ stable,99.0,✅ EXCELLENT,False,NONE,3.8,0.0,NONE
1780023805.993,79.4,91.4,31.6,1472.0,45.9,13.79,32.2,31.9,31.9,31.8,optimal,optimal,optimal,optimal,optimal,optimal,→ stable,↑ increasing,→ stable,99.0,✅ EXCELLENT,False,NONE,3.9,0.0,NONE
1780023806.993,77.3,89.1,31.6,1511.0,45.3,13.8,32.3,31.7,32.1,32.1,optimal,optimal,optimal,optimal,optimal,optimal,→ stable,→ stable,→ stable,99.0,✅ EXCELLENT,False,NONE,3.8,0.4,NONE
1780023807.995,78.5,90.8,32.3,1527.0,45.8,13.81,31.8,31.8,31.8,32.1,optimal,optimal,optimal,optimal,optimal,optimal,→ stable,→ stable,→ stable,99.0,✅ EXCELLENT,False,NONE,3.0,0.0,NONE
1780023808.995,82.9,90.3,31.7,1522.0,44.1,13.78,32.3,32.4,31.6,32.1,optimal,optimal,optimal,optimal,optimal,optimal,→ stable,→ stable,→ stable,99.0,✅ EXCELLENT,False,NONE,3.9,0.0,NONE
1780023809.997,77.6,89.4,31.8,1468.0,44.4,13.83,31.9,31.7,31.9,31.7,optimal,optimal,optimal,optimal,optimal,optimal,→ stable,→ stable,→ stable,99.0,✅ EXCELLENT,False,NONE,3.5,0.2,NONE
1780023810.997,79.8,89.8,31.9,1483.0,44.2,13.83,32.2,32.4,32.2,32.4,optimal,optimal,optimal,optimal,optimal,optimal,→ stable,→ stable,→ stable,99.0,✅ EXCELLENT,False,NONE,3.5,0.0,NONE
1780023811.998,77.1,91.4,32.2,1503.0,44.3,13.77,31.9,32.2,32.4,32.2,optimal,optimal,optimal,optimal,optimal,optimal,→ stable,→ stable,→ stable,99.0,✅ EXCELLENT,False,NONE,3.1,0.0,NONE
1780023812.999,80.0,89.5,32.3,1470.0,45.1,13.79,31.7,32.2,32.2,31.7,optimal,optimal,optimal,optimal,optimal,optimal,→ stable,→ stable,→ stable,99.0,✅ EXCELLENT,False,NONE,3.1,0.1,NONE
1780023813.999,79.1,89.7,31.9,1472.0,44.5,13.79,32.3,31.7,32.1,31.9,optimal,optimal,optimal,optimal,optimal,optimal,↓ decreasing,→ stable,→ stable,99.0,✅ EXCELLENT,False,NONE,3.5,0.0,NONE
1780023815.001,79.6,88.7,31.9,1481.0,44.4,13.75,32.2,32.3,32.2,32.3,optimal,optimal,optimal,optimal,optimal,optimal,↓ decreasing,↓ decreasing,→ stable,99.0,✅ EXCELLENT,False,NONE,3.5,0.8,NONE
1780023816.002,79.0,89.4,31.7,1528.0,44.2,13.82,31.8,32.3,32.2,31.6,optimal,optimal,optimal,optimal,optimal,optimal,↓ decreasing,↓ decreasing,→ stable,99.0,✅ EXCELLENT,False,NONE,3.7,0.2,NONE
1780023817.003,79.6,90.7,32.0,1481.0,44.7,13.8,32.0,32.1,31.6,31.6,optimal,optimal,optimal,optimal,optimal,optimal,↓ decreasing,↓ decreasing,→ stable,99.0,✅ EXCELLENT,False,NONE,3.4,0.0,NONE
1780023818.004,77.1,91.1,31.7,1499.0,45.3,13.82,32.3,31.7,32.1,32.1,optimal,optimal,optimal,optimal,optimal,optimal,↓ decreasing,→ stable,→ stable,99.0,✅ EXCELLENT,False,NONE,3.6,0.0,NONE
1780023819.005,78.9,90.2,32.4,1529.0,44.6,13.82,32.2,31.7,32.2,32.2,optimal,optimal,optimal,optimal,optimal,optimal,↓ decreasing,→ stable,→ stable,99.0,✅ EXCELLENT,False,NONE,2.9,0.0,NONE
1780023820.006,77.3,89.6,31.6,1503.0,44.1,13.8,31.8,32.0,31.7,32.1,optimal,optimal,optimal,optimal,optimal,optimal,↓ decreasing,→ stable,→ stable,99.0,✅ EXCELLENT,False,NONE,3.8,0.1,NONE
1780023821.006,78.3,90.1,32.4,1513.0,45.1,13.81,31.6,31.8,32.4,32.1,optimal,optimal,optimal,optimal,optimal,optimal,↓ decreasing,→ stable,→ stable,99.0,✅ EXCELLENT,False,NONE,2.9,0.0,NONE
1780023822.006,82.5,90.6,32.1,1480.0,44.0,13.81,32.3,32.2,31.7,32.0,optimal,optimal,optimal,optimal,optimal,optimal,↓ decreasing,↓ decreasing,→ stable,99.0,✅ EXCELLENT,False,NONE,3.4,0.0,NONE
1780023823.007,82.3,89.1,31.9,1537.0,44.8,13.85,32.2,32.3,32.1,32.4,optimal,optimal,optimal,optimal,optimal,optimal,→ stable,→ stable,→ stable,99.0,✅ EXCELLENT,False,NONE,3.6,0.4,NONE
1780023824.008,77.7,89.5,32.1,1506.0,44.0,13.8,31.8,32.0,32.3,32.3,optimal,optimal,optimal,optimal,optimal,optimal,→ stable,→ stable,→ stable,99.0,✅ EXCELLENT,False,NONE,3.2,0.1,NONE
1780023825.009,81.1,88.9,31.9,1516.0,45.2,13.76,31.7,32.1,32.3,31.8,optimal,optimal,optimal,optimal,optimal,optimal,→ stable,→ stable,→ stable,99.0,✅ EXCELLENT,False,NONE,3.6,0.6,NONE
1780023826.009,77.3,88.6,32.3,1547.0,45.0,13.85,32.1,31.9,31.7,32.4,optimal,optimal,optimal,optimal,optimal,optimal,→ stable,→ stable,→ stable,99.0,✅ EXCELLENT,False,NONE,3.0,1.0,NONE
1780023827.01,77.0,90.2,32.3,1509.0,44.4,13.84,31.9,32.3,32.0,32.2,optimal,optimal,optimal,optimal,optimal,optimal,→ stable,→ stable,→ stable,99.0,✅ EXCELLENT,False,NONE,3.0,0.0,NONE
1780023828.011,79.6,89.5,32.3,1479.0,44.0,13.84,32.3,32.1,32.3,32.0,optimal,optimal,optimal,optimal,optimal,optimal,→ stable,→ stable,→ stable,99.0,✅ EXCELLENT,False,NONE,3.1,0.1,NONE
1780023829.012,82.9,90.0,32.3,1542.0,45.8,13.84,31.7,32.2,32.2,32.2,optimal,optimal,optimal,optimal,optimal,optimal,↑ increasing,→ stable,→ stable,99.0,✅ EXCELLENT,False,NONE,3.2,0.0,NONE
1780023830.012,80.8,90.1,32.2,1512.0,45.2,13.76,31.8,32.0,32.4,31.7,optimal,optimal,optimal,optimal,optimal,optimal,↑ increasing,→ stable,→ stable,99.0,✅ EXCELLENT,False,NONE,3.2,0.0,NONE
1780023831.014,81.0,90.0,32.1,1499.0,44.1,13.82,32.3,31.9,32.3,31.9,optimal,optimal,optimal,optimal,optimal,optimal,↑ increasing,→ stable,→ stable,99.0,✅ EXCELLENT,False,NONE,3.4,0.0,NONE
1780023832.014,82.5,89.5,31.8,1536.0,44.7,13.81,32.2,31.9,31.7,31.8,optimal,optimal,optimal,optimal,optimal,optimal,↑ increasing,→ stable,→ stable,99.0,✅ EXCELLENT,False,NONE,3.8,0.1,NONE
1780023833.016,82.5,90.2,32.1,1529.0,44.1,13.8,32.2,32.1,31.8,31.7,optimal,optimal,optimal,optimal,optimal,optimal,↑ increasing,→ stable,→ stable,99.0,✅ EXCELLENT,False,NONE,3.4,0.0,NONE
1780023834.016,80.1,90.7,32.0,1470.0,44.5,13.83,32.1,32.1,32.0,32.0,optimal,optimal,optimal,optimal,optimal,optimal,↑ increasing,→ stable,→ stable,99.0,✅ EXCELLENT,False,NONE,3.4,0.0,NONE
1780023835.018,80.6,89.1,31.9,1459.0,45.3,13.81,31.9,32.0,32.1,32.4,optimal,optimal,optimal,optimal,optimal,optimal,↑ increasing,→ stable,→ stable,99.0,✅ EXCELLENT,False,NONE,3.6,0.4,NONE
1780023836.019,79.5,91.2,31.9,1515.0,44.4,13.77,32.2,32.4,31.6,32.3,optimal,optimal,optimal,optimal,optimal,optimal,↑ increasing,→ stable,→ stable,99.0,✅ EXCELLENT,False,NONE,3.5,0.0,NONE
1780023837.02,79.9,89.7,32.3,1492.0,45.5,13.79,31.8,31.7,31.7,31.8,optimal,optimal,optimal,optimal,optimal,optimal,↑ increasing,→ stable,→ stable,99.0,✅ EXCELLENT,False,NONE,3.1,0.0,NONE
1780023838.021,81.5,89.0,32.1,1517.0,45.0,13.81,32.0,31.8,32.3,31.6,optimal,optimal,optimal,optimal,optimal,optimal,↑ increasing,→ stable,→ stable,99.0,✅ EXCELLENT,False,NONE,3.4,0.5,NONE
1780023839.022,81.4,91.2,32.2,1486.0,44.2,13.83,31.7,32.0,31.8,31.7,optimal,optimal,optimal,optimal,optimal,optimal,↑ increasing,→ stable,→ stable,99.0,✅ EXCELLENT,False,NONE,3.3,0.0,NONE
1780023840.022,77.1,89.1,32.0,1468.0,45.5,13.85,32.2,32.3,32.2,32.1,optimal,optimal,optimal,optimal,optimal,optimal,↑ increasing,→ stable,→ stable,99.0,✅ EXCELLENT,False,NONE,3.3,0.4,NONE
1780023841.022,79.6,88.7,31.9,1479.0,45.4,13.84,31.9,31.8,32.2,31.7,optimal,optimal,optimal,optimal,optimal,optimal,→ stable,→ stable,→ stable,99.0,✅ EXCELLENT,False,NONE,3.5,0.8,NONE
1780023842.022,79.7,91.4,31.6,1500.0,45.1,13.77,32.4,31.7,32.0,31.6,optimal,optimal,optimal,optimal,optimal,optimal,→ stable,→ stable,→ stable,99.0,✅ EXCELLENT,False,NONE,3.9,0.0,NONE
1780023843.022,79.6,89.5,31.8,1483.0,44.5,13.76,31.9,32.0,32.3,32.3,optimal,optimal,optimal,optimal,optimal,optimal,→ stable,→ stable,→ stable,99.0,✅ EXCELLENT,False,NONE,3.6,0.1,NONE
1780023844.022,81.9,90.7,31.8,1510.0,45.7,13.8,32.1,32.3,32.4,31.9,optimal,optimal,optimal,optimal,optimal,optimal,→ stable,→ stable,→ stable,99.0,✅ EXCELLENT,False,NONE,3.7,0.0,NONE
1780023845.023,82.6,89.2,31.6,1499.0,44.8,13.79,31.8,31.9,31.9,31.8,optimal,optimal,optimal,optimal,optimal,optimal,→ stable,→ stable,→ stable,99.0,✅ EXCELLENT,False,NONE,4.0,0.3,NONE
1780023846.024,79.2,89.1,32.2,1529.0,44.5,13.83,32.1,32.1,31.8,32.1,optimal,optimal,optimal,optimal,optimal,optimal,→ stable,→ stable,→ stable,99.0,✅ EXCELLENT,False,NONE,3.2,0.4,NONE
1780023847.025,77.8,91.3,32.2,1520.0,45.9,13.83,31.8,31.8,31.6,32.1,optimal,optimal,optimal,optimal,optimal,optimal,↓ decreasing,→ stable,→ stable,99.0,✅ EXCELLENT,False,NONE,3.1,0.0,NONE
1780023848.026,82.3,91.4,31.7,1484.0,44.7,13.77,31.7,32.2,31.6,31.8,optimal,optimal,optimal,optimal,optimal,optimal,↓ decreasing,→ stable,→ stable,99.0,✅ EXCELLENT,False,NONE,3.9,0.0,NONE
1780023849.026,79.5,89.4,31.8,1536.0,44.3,13.78,31.6,31.8,32.3,32.3,optimal,optimal,optimal,optimal,optimal,optimal,↓ decreasing,→ stable,→ stable,99.0,✅ EXCELLENT,False,NONE,3.6,0.2,NONE
1780023850.026,80.2,91.5,32.1,1531.0,45.9,13.82,32.4,32.3,31.7,32.0,optimal,optimal,optimal,optimal,optimal,optimal,→ stable,→ stable,→ stable,99.0,✅ EXCELLENT,False,NONE,3.3,0.0,NONE
1780023851.027,77.3,90.9,31.8,1493.0,44.9,13.82,31.7,31.7,32.2,31.8,optimal,optimal,optimal,optimal,optimal,optimal,→ stable,↑ increasing,→ stable,99.0,✅ EXCELLENT,False,NONE,3.5,0.0,NONE
1780023852.027,81.5,91.4,32.4,1540.0,44.8,13.83,32.2,32.3,32.4,32.1,optimal,optimal,optimal,optimal,optimal,optimal,→ stable,→ stable,→ stable,99.0,✅ EXCELLENT,False,NONE,3.0,0.0,NONE
1780023853.029,77.1,90.7,32.1,1547.0,44.8,13.77,32.2,32.0,32.1,31.6,optimal,optimal,optimal,optimal,optimal,optimal,→ stable,↑ increasing,→ stable,99.0,✅ EXCELLENT,False,NONE,3.2,0.0,NONE
1780023854.03,78.3,89.5,32.3,1497.0,44.2,13.8,32.2,32.1,32.2,32.0,optimal,optimal,optimal,optimal,optimal,optimal,→ stable,→ stable,→ stable,99.0,✅ EXCELLENT,False,NONE,3.0,0.1,NONE
1780023855.031,77.9,89.7,32.1,1489.0,45.2,13.79,32.4,31.9,31.9,31.9,optimal,optimal,optimal,optimal,optimal,optimal,↓ decreasing,↑ increasing,→ stable,99.0,✅ EXCELLENT,False,NONE,3.2,0.0,NONE
1780023856.032,82.1,89.5,32.2,1481.0,45.5,13.8,32.0,31.8,32.2,32.3,optimal,optimal,optimal,optimal,optimal,optimal,↓ decreasing,↑ increasing,→ stable,99.0,✅ EXCELLENT,False,NONE,3.3,0.1,NONE
1780023857.032,82.6,91.0,32.3,1475.0,45.6,13.75,31.8,32.3,32.0,31.8,optimal,optimal,optimal,optimal,optimal,optimal,→ stable,↑ increasing,→ stable,99.0,✅ EXCELLENT,False,NONE,3.2,0.0,NONE
1780023858.033,78.5,90.0,32.2,1531.0,44.9,13.85,32.4,31.8,31.7,31.8,optimal,optimal,optimal,optimal,optimal,optimal,↓ decreasing,→ stable,→ stable,99.0,✅ EXCELLENT,False,NONE,3.1,0.0,NONE
1780023859.034,81.8,91.0,32.1,1451.0,45.3,13.77,32.3,31.7,32.2,32.0,optimal,optimal,optimal,optimal,optimal,optimal,→ stable,↑ increasing,→ stable,99.0,✅ EXCELLENT,False,NONE,3.4,0.0,NONE
1780023860.035,82.3,89.4,32.0,1535.0,45.9,13.81,32.4,31.6,31.7,32.4,optimal,optimal,optimal,optimal,optimal,optimal,→ stable,→ stable,→ stable,99.0,✅ EXCELLENT,False,NONE,3.5,0.2,NONE
1780023861.036,82.0,90.7,32.1,1546.0,45.7,13.75,32.2,32.3,32.0,32.2,optimal,optimal,optimal,optimal,optimal,optimal,→ stable,→ stable,→ stable,99.0,✅ EXCELLENT,False,NONE,3.4,0.0,NONE
1780023862.037,78.5,90.8,31.8,1525.0,45.8,13.76,32.2,32.2,32.2,32.0,optimal,optimal,optimal,optimal,optimal,optimal,→ stable,→ stable,→ stable,99.0,✅ EXCELLENT,False,NONE,3.6,0.0,NONE
1780023863.038,77.4,90.6,32.3,1550.0,45.9,13.8,32.2,32.1,32.1,32.3,optimal,optimal,optimal,optimal,optimal,optimal,→ stable,→ stable,→ stable,99.0,✅ EXCELLENT,False,NONE,3.0,0.0,NONE
1780023864.039,77.2,89.5,32.3,1465.0,44.6,13.75,31.7,31.7,32.0,31.7,optimal,optimal,optimal,optimal,optimal,optimal,→ stable,→ stable,→ stable,99.0,✅ EXCELLENT,False,NONE,3.0,0.1,NONE
1780023865.04,78.8,90.0,31.7,1488.0,44.0,13.84,32.1,32.2,32.3,32.0,optimal,optimal,optimal,optimal,optimal,optimal,↑ increasing,→ stable,→ stable,99.0,✅ EXCELLENT,False,NONE,3.7,0.0,NONE
1780023866.04,80.1,90.2,31.9,1476.0,45.1,13.79,31.8,32.4,32.3,32.1,optimal,optimal,optimal,optimal,optimal,optimal,↑ increasing,→ stable,→ stable,99.0,✅ EXCELLENT,False,NONE,3.5,0.0,NONE
1780023867.042,78.7,88.8,32.2,1521.0,45.8,13.83,31.7,32.0,31.9,32.1,optimal,optimal,optimal,optimal,optimal,optimal,→ stable,→ stable,→ stable,99.0,✅ EXCELLENT,False,NONE,3.1,0.7,NONE
1780023868.043,81.0,88.8,32.3,1498.0,45.3,13.82,32.2,32.0,31.6,32.3,optimal,optimal,optimal,optimal,optimal,optimal,→ stable,→ stable,→ stable,99.0,✅ EXCELLENT,False,NONE,3.1,0.7,NONE
1780023869.044,79.8,91.2,31.9,1544.0,44.2,13.84,32.3,32.3,32.1,32.2,optimal,optimal,optimal,optimal,optimal,optimal,→ stable,↓ decreasing,→ stable,99.0,✅ EXCELLENT,False,NONE,3.5,0.0,NONE
1780023870.045,77.1,88.9,31.8,1549.0,44.6,13.8,31.7,32.2,32.2,31.9,optimal,optimal,optimal,optimal,optimal,optimal,↓ decreasing,→ stable,→ stable,99.0,✅ EXCELLENT,False,NONE,3.5,0.6,NONE
1780023871.046,79.9,90.5,31.8,1487.0,45.0,13.8,31.9,32.2,32.3,32.1,optimal,optimal,optimal,optimal,optimal,optimal,↓ decreasing,→ stable,→ stable,99.0,✅ EXCELLENT,False,NONE,3.7,0.0,NONE
1780023872.047,79.5,91.5,31.7,1516.0,44.9,13.84,31.9,32.4,32.1,32.2,optimal,optimal,optimal,optimal,optimal,optimal,↓ decreasing,→ stable,→ stable,99.0,✅ EXCELLENT,False,NONE,3.7,0.0,NONE
1780023873.048,81.8,90.8,32.0,1489.0,44.1,13.76,32.3,32.1,32.2,31.7,optimal,optimal,optimal,optimal,optimal,optimal,↓ decreasing,→ stable,→ stable,99.0,✅ EXCELLENT,False,NONE,3.5,0.0,NONE
1780023874.049,78.2,90.1,31.7,1514.0,45.1,13.78,32.2,32.1,32.2,32.3,optimal,optimal,optimal,optimal,optimal,optimal,↓ decreasing,→ stable,→ stable,99.0,✅ EXCELLENT,False,NONE,3.7,0.0,NONE
1780023875.051,77.1,89.9,32.1,1470.0,45.2,13.77,31.8,32.4,32.3,32.3,optimal,optimal,optimal,optimal,optimal,optimal,↓ decreasing,→ stable,→ stable,99.0,✅ EXCELLENT,False,NONE,3.2,0.0,NONE
1780023876.051,80.3,89.3,31.8,1514.0,44.5,13.76,32.0,31.8,32.3,32.1,optimal,optimal,optimal,optimal,optimal,optimal,↓ decreasing,→ stable,→ stable,99.0,✅ EXCELLENT,False,NONE,3.7,0.2,NONE
1780023877.051,80.2,90.5,32.0,1508.0,44.6,13.81,32.2,31.8,31.9,32.2,optimal,optimal,optimal,optimal,optimal,optimal,→ stable,→ stable,→ stable,99.0,✅ EXCELLENT,False,NONE,3.4,0.0,NONE
1780023878.053,78.8,90.3,32.3,1549.0,45.7,13.78,31.8,32.1,32.3,31.8,optimal,optimal,optimal,optimal,optimal,optimal,↓ decreasing,→ stable,→ stable,99.0,✅ EXCELLENT,False,NONE,3.0,0.0,NONE
1780023879.054,78.3,88.8,32.0,1543.0,46.0,13.75,32.0,31.8,32.3,32.1,optimal,optimal,optimal,optimal,optimal,optimal,→ stable,→ stable,→ stable,99.0,✅ EXCELLENT,False,NONE,3.4,0.7,NONE
1780023880.055,80.7,89.9,32.0,1453.0,45.0,13.75,32.2,31.7,31.9,31.7,optimal,optimal,optimal,optimal,optimal,optimal,→ stable,→ stable,→ stable,99.0,✅ EXCELLENT,False,NONE,3.5,0.0,NONE
1780023881.056,78.0,88.8,32.1,1500.0,44.8,13.81,31.7,31.6,32.3,31.6,optimal,optimal,optimal,optimal,optimal,optimal,→ stable,→ stable,→ stable,99.0,✅ EXCELLENT,False,NONE,3.2,0.7,NONE
1780023882.056,77.2,89.0,31.9,1462.0,45.5,13.83,32.0,32.2,32.4,31.7,optimal,optimal,optimal,optimal,optimal,optimal,→ stable,→ stable,→ stable,99.0,✅ EXCELLENT,False,NONE,3.4,0.5,NONE
1780023883.056,82.2,88.7,32.4,1491.0,45.2,13.82,32.2,31.6,32.0,32.4,optimal,optimal,optimal,optimal,optimal,optimal,→ stable,→ stable,→ stable,99.0,✅ EXCELLENT,False,NONE,3.1,0.8,NONE
1780023884.058,77.2,89.3,31.6,1498.0,45.3,13.82,31.7,31.9,32.1,31.7,optimal,optimal,optimal,optimal,optimal,optimal,→ stable,↓ decreasing,→ stable,99.0,✅ EXCELLENT,False,NONE,3.7,0.2,NONE
1780023885.059,79.9,89.2,32.2,1525.0,45.0,13.79,32.0,31.8,32.1,32.0,optimal,optimal,optimal,optimal,optimal,optimal,→ stable,↓ decreasing,→ stable,99.0,✅ EXCELLENT,False,NONE,3.2,0.3,NONE
1780023886.059,82.6,89.9,31.7,1462.0,44.3,13.81,32.4,32.0,32.1,31.8,optimal,optimal,optimal,optimal,optimal,optimal,→ stable,↓ decreasing,→ stable,99.0,✅ EXCELLENT,False,NONE,3.9,0.0,NONE
1780023887.061,79.3,89.6,31.7,1511.0,44.2,13.83,32.4,32.3,31.7,31.7,optimal,optimal,optimal,optimal,optimal,optimal,→ stable,↓ decreasing,→ stable,99.0,✅ EXCELLENT,False,NONE,3.7,0.1,NONE
1780023888.062,78.9,90.1,31.7,1542.0,45.1,13.75,31.9,32.3,31.6,31.9,optimal,optimal,optimal,optimal,optimal,optimal,→ stable,↓ decreasing,→ stable,99.0,✅ EXCELLENT,False,NONE,3.7,0.0,NONE
1780023889.063,78.2,89.2,31.9,1451.0,44.2,13.83,32.0,32.0,31.6,32.1,optimal,optimal,optimal,optimal,optimal,optimal,→ stable,↓ decreasing,→ stable,99.0,✅ EXCELLENT,False,NONE,3.5,0.3,NONE
1780023890.064,78.1,89.3,32.1,1549.0,44.7,13.83,32.2,32.1,31.8,31.9,optimal,optimal,optimal,optimal,optimal,optimal,→ stable,↓ decreasing,→ stable,99.0,✅ EXCELLENT,False,NONE,3.2,0.2,NONE
1780023891.065,82.5,89.3,32.2,1495.0,46.0,13.78,31.9,32.3,32.3,31.8,optimal,optimal,optimal,optimal,optimal,optimal,→ stable,↓ decreasing,→ stable,99.0,✅ EXCELLENT,False,NONE,3.3,0.2,NONE
1780023892.066,81.8,90.6,31.7,1474.0,44.7,13.77,32.1,31.8,32.0,32.2,optimal,optimal,optimal,optimal,optimal,optimal,↑ increasing,→ stable,→ stable,99.0,✅ EXCELLENT,False,NONE,3.9,0.0,NONE
1780023893.067,79.5,91.0,32.1,1454.0,44.8,13.84,32.1,31.7,31.9,31.8,optimal,optimal,optimal,optimal,optimal,optimal,↑ increasing,→ stable,→ stable,99.0,✅ EXCELLENT,False,NONE,3.3,0.0,NONE
1780023894.066,81.4,89.5,31.9,1523.0,45.2,13.8,31.8,32.1,31.9,31.8,optimal,optimal,optimal,optimal,optimal,optimal,↑ increasing,→ stable,→ stable,99.0,✅ EXCELLENT,False,NONE,3.6,0.1,NONE
1780023895.069,79.9,90.9,32.4,1549.0,45.8,13.81,32.3,31.7,31.7,32.3,optimal,optimal,optimal,optimal,optimal,optimal,↑ increasing,↑ increasing,→ stable,99.0,✅ EXCELLENT,False,NONE,3.0,0.0,NONE
1780023896.069,81.0,90.5,32.3,1460.0,44.3,13.76,31.9,32.3,32.1,32.0,optimal,optimal,optimal,optimal,optimal,optimal,↑ increasing,↑ increasing,→ stable,99.0,✅ EXCELLENT,False,NONE,3.1,0.0,NONE
1780023897.07,77.8,91.3,31.7,1488.0,46.0,13.78,32.1,31.8,32.4,32.0,optimal,optimal,optimal,optimal,optimal,optimal,→ stable,↑ increasing,→ stable,99.0,✅ EXCELLENT,False,NONE,3.7,0.0,NONE
1780023898.071,78.5,89.2,32.0,1528.0,46.0,13.83,32.3,32.2,31.9,32.1,optimal,optimal,optimal,optimal,optimal,optimal,→ stable,↑ increasing,→ stable,99.0,✅ EXCELLENT,False,NONE,3.4,0.3,NONE
1780023899.072,80.4,90.6,32.2,1522.0,45.6,13.76,32.0,32.1,31.7,32.2,optimal,optimal,optimal,optimal,optimal,optimal,↑ increasing,↑ increasing,→ stable,99.0,✅ EXCELLENT,False,NONE,3.2,0.0,NONE
1780023900.072,77.3,88.9,32.1,1471.0,45.8,13.77,31.6,32.0,32.0,31.7,optimal,optimal,optimal,optimal,optimal,optimal,↑ increasing,↑ increasing,→ stable,99.0,✅ EXCELLENT,False,NONE,3.2,0.6,NONE
1780023901.073,79.4,90.9,32.3,1528.0,44.0,13.8,32.1,32.2,31.9,32.1,optimal,optimal,optimal,optimal,optimal,optimal,→ stable,↑ increasing,→ stable,99.0,✅ EXCELLENT,False,NONE,3.1,0.0,NONE
1780023902.074,80.9,88.6,31.9,1533.0,45.9,13.84,32.3,31.9,32.2,31.7,optimal,optimal,optimal,optimal,optimal,optimal,→ stable,↑ increasing,→ stable,99.0,✅ EXCELLENT,False,NONE,3.6,1.0,NONE
1780023903.075,82.5,90.2,31.7,1468.0,44.3,13.83,31.9,32.3,31.8,32.2,optimal,optimal,optimal,optimal,optimal,optimal,→ stable,→ stable,→ stable,99.0,✅ EXCELLENT,False,NONE,3.9,0.0,NONE
1780023904.076,79.5,90.5,32.0,1495.0,44.5,13.84,31.6,32.3,32.1,32.2,optimal,optimal,optimal,optimal,optimal,optimal,→ stable,→ stable,→ stable,99.0,✅ EXCELLENT,False,NONE,3.4,0.0,NONE
1780023905.077,77.2,90.4,32.0,1459.0,45.4,13.76,31.9,31.8,32.2,32.2,optimal,optimal,optimal,optimal,optimal,optimal,↓ decreasing,→ stable,→ stable,99.0,✅ EXCELLENT,False,NONE,3.3,0.0,NONE
1780023906.077,79.7,89.9,32.4,1475.0,45.7,13.8,31.7,31.7,32.3,31.9,optimal,optimal,optimal,optimal,optimal,optimal,↓ decreasing,→ stable,→ stable,99.0,✅ EXCELLENT,False,NONE,3.0,0.0,NONE
1780023907.078,82.8,91.4,32.2,1453.0,45.6,13.83,31.7,31.7,32.4,32.0,optimal,optimal,optimal,optimal,optimal,optimal,→ stable,→ stable,→ stable,99.0,✅ EXCELLENT,False,NONE,3.3,0.0,NONE
1780023908.079,82.0,90.3,32.3,1503.0,44.5,13.84,31.6,31.7,32.0,31.7,optimal,optimal,optimal,optimal,optimal,optimal,→ stable,→ stable,→ stable,99.0,✅ EXCELLENT,False,NONE,3.2,0.0,NONE
1780023909.08,79.8,89.4,32.0,1484.0,45.9,13.83,31.7,31.9,32.0,31.9,optimal,optimal,optimal,optimal,optimal,optimal,→ stable,→ stable,→ stable,99.0,✅ EXCELLENT,False,NONE,3.4,0.2,NONE
1780023910.08,79.1,91.0,31.8,1512.0,44.1,13.83,32.1,31.8,31.7,32.2,optimal,optimal,optimal,optimal,optimal,optimal,→ stable,→ stable,→ stable,99.0,✅ EXCELLENT,False,NONE,3.6,0.0,NONE
1780023911.08,82.9,89.7,32.4,1472.0,45.3,13.83,32.3,32.1,31.7,32.1,optimal,optimal,optimal,optimal,optimal,optimal,↑ increasing,→ stable,→ stable,99.0,✅ EXCELLENT,False,NONE,3.1,0.0,NONE
1780023912.08,79.3,89.8,32.0,1494.0,44.7,13.78,31.9,31.9,32.1,31.7,optimal,optimal,optimal,optimal,optimal,optimal,↑ increasing,→ stable,→ stable,99.0,✅ EXCELLENT,False,NONE,3.4,0.0,NONE
1780023913.081,78.0,89.6,32.2,1521.0,44.4,13.79,32.0,31.9,32.1,32.0,optimal,optimal,optimal,optimal,optimal,optimal,→ stable,→ stable,→ stable,99.0,✅ EXCELLENT,False,NONE,3.1,0.1,NONE
1780023914.082,79.4,91.1,32.1,1506.0,44.6,13.85,32.3,31.8,32.1,32.0,optimal,optimal,optimal,optimal,optimal,optimal,→ stable,→ stable,→ stable,99.0,✅ EXCELLENT,False,NONE,3.3,0.0,NONE
1780023915.082,79.1,89.5,32.1,1452.0,44.8,13.84,32.1,32.0,31.9,32.2,optimal,optimal,optimal,optimal,optimal,optimal,↑ increasing,→ stable,→ stable,99.0,✅ EXCELLENT,False,NONE,3.3,0.1,NONE
1780023916.082,82.9,89.1,32.1,1504.0,45.8,13.79,31.7,32.0,32.3,32.0,optimal,optimal,optimal,optimal,optimal,optimal,↑ increasing,→ stable,→ stable,99.0,✅ EXCELLENT,False,NONE,3.4,0.4,NONE
1780023917.084,79.3,89.6,32.1,1452.0,45.9,13.78,32.3,31.7,32.0,32.3,optimal,optimal,optimal,optimal,optimal,optimal,→ stable,→ stable,→ stable,99.0,✅ EXCELLENT,False,NONE,3.3,0.1,NONE
1780023918.084,80.7,90.3,31.7,1499.0,46.0,13.83,32.3,31.8,31.6,31.9,optimal,optimal,optimal,optimal,optimal,optimal,→ stable,→ stable,→ stable,99.0,✅ EXCELLENT,False,NONE,3.8,0.0,NONE
1780023919.086,77.5,91.2,32.2,1499.0,45.7,13.83,32.0,31.7,32.3,32.4,optimal,optimal,optimal,optimal,optimal,optimal,→ stable,→ stable,→ stable,99.0,✅ EXCELLENT,False,NONE,3.1,0.0,NONE
1780023920.087,77.5,90.6,32.3,1504.0,45.5,13.76,31.7,32.2,31.8,31.7,optimal,optimal,optimal,optimal,optimal,optimal,↓ decreasing,→ stable,→ stable,99.0,✅ EXCELLENT,False,NONE,3.0,0.0,NONE
1780023921.089,79.0,90.9,32.0,1501.0,44.7,13.76,31.8,32.1,31.7,32.1,optimal,optimal,optimal,optimal,optimal,optimal,↓ decreasing,→ stable,→ stable,99.0,✅ EXCELLENT,False,NONE,3.4,0.0,NONE
1780023922.09,77.2,89.7,32.0,1453.0,44.3,13.76,31.7,31.8,32.3,32.2,optimal,optimal,optimal,optimal,optimal,optimal,↓ decreasing,→ stable,→ stable,99.0,✅ EXCELLENT,False,NONE,3.3,0.0,NONE
1780023923.09,78.8,90.1,32.0,1508.0,44.6,13.8,31.9,32.4,32.4,32.3,optimal,optimal,optimal,optimal,optimal,optimal,↓ decreasing,→ stable,→ stable,99.0,✅ EXCELLENT,False,NONE,3.4,0.0,NONE
1780023924.091,77.3,88.6,31.7,1469.0,44.9,13.82,31.8,31.9,31.6,32.1,optimal,optimal,optimal,optimal,optimal,optimal,↓ decreasing,→ stable,→ stable,99.0,✅ EXCELLENT,False,NONE,3.6,1.0,NONE
1780023925.091,77.0,89.0,31.7,1542.0,44.3,13.83,31.8,31.8,31.6,31.6,optimal,optimal,optimal,optimal,optimal,optimal,↓ decreasing,→ stable,→ stable,99.0,✅ EXCELLENT,False,NONE,3.6,0.5,NONE
1780023926.092,80.9,89.4,31.9,1517.0,45.8,13.84,31.8,31.9,32.2,31.6,optimal,optimal,optimal,optimal,optimal,optimal,↓ decreasing,→ stable,→ stable,99.0,✅ EXCELLENT,False,NONE,3.6,0.2,NONE
1780023927.093,81.1,90.1,32.2,1529.0,44.4,13.75,32.1,32.3,32.1,32.2,optimal,optimal,optimal,optimal,optimal,optimal,↓ decreasing,→ stable,→ stable,99.0,✅ EXCELLENT,False,NONE,3.2,0.0,NONE
1780023928.094,82.9,88.8,32.0,1532.0,45.5,13.81,32.3,31.9,31.7,31.7,optimal,optimal,optimal,optimal,optimal,optimal,↓ decreasing,→ stable,→ stable,99.0,✅ EXCELLENT,False,NONE,3.6,0.7,NONE
1780023929.095,79.5,88.8,31.9,1493.0,45.7,13.78,31.9,32.0,31.9,32.1,optimal,optimal,optimal,optimal,optimal,optimal,↓ decreasing,→ stable,→ stable,99.0,✅ EXCELLENT,False,NONE,3.5,0.7,NONE
1780023930.096,80.0,91.5,32.1,1497.0,45.6,13.77,32.4,32.1,31.8,31.7,optimal,optimal,optimal,optimal,optimal,optimal,→ stable,→ stable,→ stable,99.0,✅ EXCELLENT,False,NONE,3.3,0.0,NONE
1780023931.097,82.5,90.0,32.4,1499.0,45.0,13.84,32.4,31.7,32.3,31.8,optimal,optimal,optimal,optimal,optimal,optimal,→ stable,↓ decreasing,→ stable,99.0,✅ EXCELLENT,False,NONE,3.1,0.0,NONE
1780023932.098,80.1,91.2,32.2,1540.0,44.6,13.82,32.2,31.7,31.9,31.9,optimal,optimal,optimal,optimal,optimal,optimal,↑ increasing,→ stable,→ stable,99.0,✅ EXCELLENT,False,NONE,3.2,0.0,NONE
1780023933.099,81.0,88.8,32.1,1515.0,44.6,13.81,32.2,31.9,31.9,32.4,optimal,optimal,optimal,optimal,optimal,optimal,↑ increasing,↓ decreasing,→ stable,99.0,✅ EXCELLENT,False,NONE,3.4,0.7,NONE
1780023934.1,80.7,88.8,32.3,1496.0,44.7,13.77,32.3,31.9,32.2,31.9,optimal,optimal,optimal,optimal,optimal,optimal,↑ increasing,→ stable,→ stable,99.0,✅ EXCELLENT,False,NONE,3.1,0.7,NONE
1780023935.101,80.4,89.4,32.3,1503.0,44.3,13.75,31.9,32.3,31.8,32.2,optimal,optimal,optimal,optimal,optimal,optimal,↑ increasing,→ stable,→ stable,99.0,✅ EXCELLENT,False,NONE,3.1,0.2,NONE
1780023936.102,78.1,91.2,31.8,1472.0,44.8,13.81,32.2,32.0,31.6,31.7,optimal,optimal,optimal,optimal,optimal,optimal,↑ increasing,→ stable,→ stable,99.0,✅ EXCELLENT,False,NONE,3.6,0.0,NONE
1780023937.103,80.9,91.2,32.0,1455.0,44.6,13.78,32.2,31.9,32.1,31.8,optimal,optimal,optimal,optimal,optimal,optimal,↑ increasing,→ stable,→ stable,99.0,✅ EXCELLENT,False,NONE,3.5,0.0,NONE
1780023938.104,80.3,91.4,32.3,1455.0,45.2,13.85,31.8,31.7,32.4,31.9,optimal,optimal,optimal,optimal,optimal,optimal,↑ increasing,→ stable,→ stable,99.0,✅ EXCELLENT,False,NONE,3.1,0.0,NONE
1780023939.105,79.3,89.2,31.9,1503.0,44.7,13.75,32.1,31.7,31.9,32.0,optimal,optimal,optimal,optimal,optimal,optimal,↑ increasing,↑ increasing,→ stable,99.0,✅ EXCELLENT,False,NONE,3.5,0.3,NONE
1780023940.106,81.3,89.7,32.2,1528.0,44.5,13.84,32.0,31.7,31.9,32.1,optimal,optimal,optimal,optimal,optimal,optimal,↑ increasing,→ stable,→ stable,99.0,✅ EXCELLENT,False,NONE,3.3,0.0,NONE
1780023941.107,79.5,89.7,31.9,1475.0,46.0,13.82,32.0,32.2,32.0,31.8,optimal,optimal,optimal,optimal,optimal,optimal,→ stable,→ stable,→ stable,99.0,✅ EXCELLENT,False,NONE,3.5,0.0,NONE
1780023942.107,80.9,88.7,32.0,1548.0,45.8,13.78,31.6,32.0,32.1,31.9,optimal,optimal,optimal,optimal,optimal,optimal,→ stable,→ stable,→ stable,99.0,✅ EXCELLENT,False,NONE,3.5,0.8,NONE
1780023943.109,80.9,91.0,32.4,1473.0,44.6,13.78,32.1,32.0,32.4,31.7,optimal,optimal,optimal,optimal,optimal,optimal,→ stable,→ stable,→ stable,99.0,✅ EXCELLENT,False,NONE,3.0,0.0,NONE
1780023944.11,80.8,91.4,32.1,1522.0,45.0,13.76,32.3,31.9,31.6,32.1,optimal,optimal,optimal,optimal,optimal,optimal,→ stable,↑ increasing,→ stable,99.0,✅ EXCELLENT,False,NONE,3.3,0.0,NONE
1780023945.11,79.4,90.8,31.6,1457.0,44.5,13.81,31.7,31.7,32.1,32.4,optimal,optimal,optimal,optimal,optimal,optimal,↓ decreasing,↑ increasing,→ stable,99.0,✅ EXCELLENT,False,NONE,3.9,0.0,NONE
1780023946.11,81.7,91.3,31.8,1505.0,44.3,13.82,32.1,32.3,31.6,31.7,optimal,optimal,optimal,optimal,optimal,optimal,→ stable,↑ increasing,→ stable,99.0,✅ EXCELLENT,False,NONE,3.7,0.0,NONE
1780023947.112,82.9,90.1,32.0,1480.0,45.7,13.8,32.1,32.1,32.2,32.1,optimal,optimal,optimal,optimal,optimal,optimal,→ stable,→ stable,→ stable,99.0,✅ EXCELLENT,False,NONE,3.6,0.0,NONE
1780023948.113,80.7,90.4,31.6,1480.0,45.5,13.78,31.8,31.9,32.2,31.7,optimal,optimal,optimal,optimal,optimal,optimal,→ stable,→ stable,→ stable,99.0,✅ EXCELLENT,False,NONE,3.9,0.0,NONE
1780023949.114,82.5,91.0,31.8,1517.0,44.9,13.8,31.7,31.7,32.1,32.1,optimal,optimal,optimal,optimal,optimal,optimal,↑ increasing,→ stable,→ stable,99.0,✅ EXCELLENT,False,NONE,3.8,0.0,NONE
1780023950.115,79.8,89.5,32.2,1457.0,45.8,13.84,31.8,31.8,32.3,31.8,optimal,optimal,optimal,optimal,optimal,optimal,→ stable,→ stable,→ stable,99.0,✅ EXCELLENT,False,NONE,3.2,0.1,NONE
1780023951.116,82.2,90.8,32.2,1504.0,44.3,13.82,32.2,32.1,32.0,31.6,optimal,optimal,optimal,optimal,optimal,optimal,↑ increasing,→ stable,→ stable,99.0,✅ EXCELLENT,False,NONE,3.3,0.0,NONE
1780023952.116,82.0,90.4,32.2,1549.0,45.3,13.81,32.2,32.0,32.2,31.7,optimal,optimal,optimal,optimal,optimal,optimal,↑ increasing,↑ increasing,→ stable,99.0,✅ EXCELLENT,False,NONE,3.3,0.0,NONE
1780023953.118,80.7,89.7,32.2,1509.0,44.6,13.77,32.2,32.0,31.7,32.2,optimal,optimal,optimal,optimal,optimal,optimal,↑ increasing,↑ increasing,→ stable,99.0,✅ EXCELLENT,False,NONE,3.2,0.0,NONE
1780023954.118,78.1,89.9,32.3,1548.0,45.2,13.77,32.3,32.2,31.7,32.3,optimal,optimal,optimal,optimal,optimal,optimal,↑ increasing,→ stable,→ stable,99.0,✅ EXCELLENT,False,NONE,3.0,0.0,NONE
1780023955.12,81.6,89.9,32.1,1511.0,44.8,13.76,31.9,31.7,32.0,32.2,optimal,optimal,optimal,optimal,optimal,optimal,↑ increasing,→ stable,→ stable,99.0,✅ EXCELLENT,False,NONE,3.4,0.0,NONE
1780023956.121,78.5,89.9,31.9,1527.0,44.6,13.78,32.1,32.1,32.1,32.2,optimal,optimal,optimal,optimal,optimal,optimal,→ stable,→ stable,→ stable,99.0,✅ EXCELLENT,False,NONE,3.5,0.0,NONE
1780023957.122,78.8,91.4,32.4,1502.0,45.6,13.81,32.1,31.8,31.7,31.8,optimal,optimal,optimal,optimal,optimal,optimal,→ stable,→ stable,→ stable,99.0,✅ EXCELLENT,False,NONE,2.9,0.0,NONE
1780023958.123,81.0,89.1,31.8,1508.0,44.7,13.81,31.7,31.6,31.8,31.9,optimal,optimal,optimal,optimal,optimal,optimal,→ stable,→ stable,→ stable,99.0,✅ EXCELLENT,False,NONE,3.7,0.4,NONE
1780023959.124,80.9,90.4,31.8,1495.0,45.8,13.75,32.3,32.0,31.8,31.8,optimal,optimal,optimal,optimal,optimal,optimal,↓ decreasing,→ stable,→ stable,99.0,✅ EXCELLENT,False,NONE,3.7,0.0,NONE
1780023960.124,78.3,90.5,31.6,1526.0,44.3,13.76,31.6,31.8,32.1,32.0,optimal,optimal,optimal,optimal,optimal,optimal,↓ decreasing,→ stable,→ stable,99.0,✅ EXCELLENT,False,NONE,3.8,0.0,NONE
1780023961.125,79.5,88.7,32.0,1490.0,44.0,13.8,32.3,31.8,32.3,31.7,optimal,optimal,optimal,optimal,optimal,optimal,↓ decreasing,↓ decreasing,→ stable,99.0,✅ EXCELLENT,False,NONE,3.4,0.8,NONE
1780023962.126,80.6,90.1,31.7,1508.0,44.8,13.81,31.9,32.0,32.3,31.8,optimal,optimal,optimal,optimal,optimal,optimal,↓ decreasing,↓ decreasing,→ stable,99.0,✅ EXCELLENT,False,NONE,3.8,0.0,NONE
1780023963.127,79.0,91.0,32.0,1495.0,45.0,13.79,32.0,32.0,31.6,31.9,optimal,optimal,optimal,optimal,optimal,optimal,↓ decreasing,→ stable,→ stable,99.0,✅ EXCELLENT,False,NONE,3.4,0.0,NONE
1780023964.128,81.4,90.7,32.4,1520.0,45.5,13.8,32.0,32.4,32.4,32.1,optimal,optimal,optimal,optimal,optimal,optimal,↓ decreasing,→ stable,→ stable,99.0,✅ EXCELLENT,False,NONE,3.0,0.0,NONE
1780023965.128,79.0,90.5,32.4,1472.0,45.5,13.75,31.9,32.0,32.2,32.0,optimal,optimal,optimal,optimal,optimal,optimal,↓ decreasing,→ stable,→ stable,99.0,✅ EXCELLENT,False,NONE,2.9,0.0,NONE
1780023966.128,81.3,90.1,31.8,1482.0,44.9,13.81,32.0,31.9,31.8,31.8,optimal,optimal,optimal,optimal,optimal,optimal,↓ decreasing,→ stable,→ stable,99.0,✅ EXCELLENT,False,NONE,3.7,0.0,NONE
1780023967.128,80.1,90.6,31.8,1452.0,44.6,13.76,31.9,32.2,31.9,31.8,optimal,optimal,optimal,optimal,optimal,optimal,→ stable,→ stable,→ stable,99.0,✅ EXCELLENT,False,NONE,3.7,0.0,NONE
1780023968.129,77.2,89.8,31.9,1521.0,44.6,13.76,32.3,31.7,31.9,32.0,optimal,optimal,optimal,optimal,optimal,optimal,↓ decreasing,→ stable,→ stable,99.0,✅ EXCELLENT,False,NONE,3.4,0.0,NONE
1780023969.129,77.2,90.1,32.2,1535.0,44.1,13.77,31.9,32.0,32.1,31.9,optimal,optimal,optimal,optimal,optimal,optimal,↓ decreasing,→ stable,→ stable,99.0,✅ EXCELLENT,False,NONE,3.1,0.0,NONE
1780023970.13,77.1,89.8,32.1,1525.0,44.5,13.78,32.2,32.3,31.6,32.2,optimal,optimal,optimal,optimal,optimal,optimal,↓ decreasing,→ stable,→ stable,99.0,✅ EXCELLENT,False,NONE,3.2,0.0,NONE
1780023971.13,82.2,89.0,31.9,1526.0,44.0,13.75,32.3,32.2,31.8,31.9,optimal,optimal,optimal,optimal,optimal,optimal,→ stable,→ stable,→ stable,99.0,✅ EXCELLENT,False,NONE,3.6,0.5,NONE
1780023972.13,82.9,88.8,32.0,1530.0,44.9,13.8,32.2,32.2,32.2,31.6,optimal,optimal,optimal,optimal,optimal,optimal,→ stable,→ stable,→ stable,99.0,✅ EXCELLENT,False,NONE,3.6,0.7,NONE
1780023973.131,82.0,89.1,31.8,1498.0,44.2,13.75,32.0,32.1,32.0,31.7,optimal,optimal,optimal,optimal,optimal,optimal,→ stable,→ stable,→ stable,99.0,✅ EXCELLENT,False,NONE,3.7,0.4,NONE
1780023974.132,81.4,89.2,31.9,1452.0,44.1,13.84,32.3,31.6,32.3,31.8,optimal,optimal,optimal,optimal,optimal,optimal,→ stable,→ stable,→ stable,99.0,✅ EXCELLENT,False,NONE,3.6,0.3,NONE
1780023975.132,80.8,89.6,31.7,1453.0,45.4,13.82,31.9,32.3,32.3,31.6,optimal,optimal,optimal,optimal,optimal,optimal,↑ increasing,↓ decreasing,→ stable,99.0,✅ EXCELLENT,False,NONE,3.8,0.1,NONE
1780023976.133,80.8,91.4,32.3,1519.0,45.9,13.78,32.1,32.3,32.1,31.9,optimal,optimal,optimal,optimal,optimal,optimal,→ stable,↓ decreasing,→ stable,99.0,✅ EXCELLENT,False,NONE,3.1,0.0,NONE
1780023977.135,77.5,91.3,32.0,1503.0,44.3,13.84,32.2,31.7,32.1,32.0,optimal,optimal,optimal,optimal,optimal,optimal,→ stable,→ stable,→ stable,99.0,✅ EXCELLENT,False,NONE,3.3,0.0,NONE
1780023978.135,81.8,88.5,31.6,1516.0,45.3,13.85,31.8,32.1,32.3,31.8,optimal,optimal,optimal,optimal,optimal,optimal,↑ increasing,↓ decreasing,→ stable,99.0,✅ EXCELLENT,False,NONE,4.0,1.1,NONE
1780023979.136,79.2,89.1,31.7,1540.0,44.9,13.78,32.2,32.2,32.1,31.7,optimal,optimal,optimal,optimal,optimal,optimal,↑ increasing,↓ decreasing,→ stable,99.0,✅ EXCELLENT,False,NONE,3.7,0.4,NONE
1780023980.137,81.4,88.9,31.7,1462.0,45.5,13.76,32.4,31.9,32.1,32.1,optimal,optimal,optimal,optimal,optimal,optimal,↑ increasing,↓ decreasing,→ stable,99.0,✅ EXCELLENT,False,NONE,3.8,0.6,NONE
1780023981.138,81.3,89.3,32.2,1465.0,44.0,13.77,32.2,31.7,32.2,31.9,optimal,optimal,optimal,optimal,optimal,optimal,↑ increasing,↓ decreasing,→ stable,99.0,✅ EXCELLENT,False,NONE,3.3,0.2,NONE
1780023982.139,77.9,89.9,32.2,1533.0,45.8,13.76,32.3,32.0,32.2,32.0,optimal,optimal,optimal,optimal,optimal,optimal,↑ increasing,→ stable,→ stable,99.0,✅ EXCELLENT,False,NONE,3.1,0.0,NONE
1780023983.14,82.0,91.1,32.0,1505.0,44.0,13.78,32.2,32.2,31.8,32.3,optimal,optimal,optimal,optimal,optimal,optimal,→ stable,→ stable,→ stable,99.0,✅ EXCELLENT,False,NONE,3.5,0.0,NONE
1780023984.14,80.0,90.9,31.7,1493.0,45.2,13.79,31.7,31.7,32.3,31.9,optimal,optimal,optimal,optimal,optimal,optimal,→ stable,→ stable,→ stable,99.0,✅ EXCELLENT,False,NONE,3.8,0.0,NONE
1780023985.141,80.8,90.5,32.2,1479.0,44.2,13.84,31.9,31.7,32.0,31.8,optimal,optimal,optimal,optimal,optimal,optimal,→ stable,→ stable,→ stable,99.0,✅ EXCELLENT,False,NONE,3.2,0.0,NONE
1780023986.141,79.1,89.5,31.7,1539.0,45.2,13.83,32.1,32.3,31.7,32.2,optimal,optimal,optimal,optimal,optimal,optimal,→ stable,→ stable,→ stable,99.0,✅ EXCELLENT,False,NONE,3.7,0.1,NONE
1780023987.141,79.5,91.1,31.8,1454.0,45.4,13.79,31.8,32.1,32.2,31.6,optimal,optimal,optimal,optimal,optimal,optimal,→ stable,→ stable,→ stable,99.0,✅ EXCELLENT,False,NONE,3.6,0.0,NONE
1780023988.141,78.9,91.5,31.9,1496.0,44.6,13.85,31.6,32.0,32.3,32.1,optimal,optimal,optimal,optimal,optimal,optimal,→ stable,→ stable,→ stable,99.0,✅ EXCELLENT,False,NONE,3.5,0.0,NONE
1780023989.142,80.5,90.1,31.6,1507.0,44.5,13.84,31.8,31.8,31.8,31.7,optimal,optimal,optimal,optimal,optimal,optimal,→ stable,↑ increasing,→ stable,99.0,✅ EXCELLENT,False,NONE,3.9,0.0,NONE
1780023990.142,79.6,90.6,32.1,1479.0,45.5,13.83,32.2,32.0,32.0,31.9,optimal,optimal,optimal,optimal,optimal,optimal,↓ decreasing,↑ increasing,→ stable,99.0,✅ EXCELLENT,False,NONE,3.3,0.0,NONE
1780023991.142,77.3,91.5,31.8,1474.0,44.6,13.8,32.0,31.7,31.9,32.3,optimal,optimal,optimal,optimal,optimal,optimal,↓ decreasing,↑ increasing,→ stable,99.0,✅ EXCELLENT,False,NONE,3.5,0.0,NONE
1780023992.142,77.6,89.3,31.9,1500.0,45.9,13.76,31.9,32.3,32.2,31.9,optimal,optimal,optimal,optimal,optimal,optimal,↓ decreasing,↑ increasing,→ stable,99.0,✅ EXCELLENT,False,NONE,3.4,0.2,NONE
1780023993.143,80.7,91.5,32.2,1494.0,44.8,13.75,31.9,32.0,32.0,31.9,optimal,optimal,optimal,optimal,optimal,optimal,↓ decreasing,↑ increasing,→ stable,99.0,✅ EXCELLENT,False,NONE,3.2,0.0,NONE
1780023994.145,77.7,89.1,32.0,1515.0,44.2,13.78,32.0,32.1,32.4,32.1,optimal,optimal,optimal,optimal,optimal,optimal,↓ decreasing,→ stable,→ stable,99.0,✅ EXCELLENT,False,NONE,3.3,0.4,NONE
1780023995.146,79.4,90.9,31.7,1540.0,45.3,13.79,31.9,32.4,32.0,31.7,optimal,optimal,optimal,optimal,optimal,optimal,↓ decreasing,→ stable,→ stable,99.0,✅ EXCELLENT,False,NONE,3.7,0.0,NONE
1780023996.147,81.0,90.7,31.6,1484.0,44.9,13.85,31.8,32.3,32.3,31.9,optimal,optimal,optimal,optimal,optimal,optimal,↓ decreasing,↑ increasing,→ stable,99.0,✅ EXCELLENT,False,NONE,3.9,0.0,NONE
1780023997.147,81.7,89.3,31.8,1459.0,44.2,13.78,32.0,31.8,31.9,31.9,optimal,optimal,optimal,optimal,optimal,optimal,↓ decreasing,↑ increasing,→ stable,99.0,✅ EXCELLENT,False,NONE,3.7,0.2,NONE
1780023998.147,80.6,89.3,32.3,1474.0,45.4,13.78,31.7,31.9,32.1,32.2,optimal,optimal,optimal,optimal,optimal,optimal,→ stable,→ stable,→ stable,99.0,✅ EXCELLENT,False,NONE,3.1,0.2,NONE
1780023999.148,82.0,88.9,31.9,1494.0,45.8,13.81,32.3,32.3,32.1,32.0,optimal,optimal,optimal,optimal,optimal,optimal,→ stable,→ stable,→ stable,99.0,✅ EXCELLENT,False,NONE,3.6,0.6,NONE
1780024000.148,79.7,88.9,31.9,1511.0,44.6,13.78,32.4,31.9,31.9,32.2,optimal,optimal,optimal,optimal,optimal,optimal,→ stable,↓ decreasing,→ stable,99.0,✅ EXCELLENT,False,NONE,3.5,0.6,NONE
1780024001.15,78.6,88.6,31.8,1512.0,45.7,13.81,31.7,32.3,32.0,32.1,optimal,optimal,optimal,optimal,optimal,optimal,→ stable,↓ decreasing,→ stable,99.0,✅ EXCELLENT,False,NONE,3.6,1.0,NONE
1780024002.151,81.0,91.1,31.9,1493.0,44.1,13.84,32.0,32.2,32.4,31.9,optimal,optimal,optimal,optimal,optimal,optimal,↑ increasing,↓ decreasing,→ stable,99.0,✅ EXCELLENT,False,NONE,3.6,0.0,NONE
1780024003.151,81.4,90.5,32.0,1460.0,44.6,13.77,32.4,31.7,32.2,32.1,optimal,optimal,optimal,optimal,optimal,optimal,↑ increasing,↓ decreasing,→ stable,99.0,✅ EXCELLENT,False,NONE,3.5,0.0,NONE
1780024004.151,80.4,89.7,31.9,1544.0,45.7,13.81,32.2,32.0,32.3,32.3,optimal,optimal,optimal,optimal,optimal,optimal,↑ increasing,↓ decreasing,→ stable,99.0,✅ EXCELLENT,False,NONE,3.6,0.0,NONE
1780024005.153,82.2,90.8,32.3,1544.0,44.6,13.8,32.0,32.2,31.9,32.2,optimal,optimal,optimal,optimal,optimal,optimal,↑ increasing,↓ decreasing,→ stable,99.0,✅ EXCELLENT,False,NONE,3.2,0.0,NONE
1780024006.153,82.8,89.2,32.2,1526.0,44.7,13.8,31.7,32.2,32.0,32.3,optimal,optimal,optimal,optimal,optimal,optimal,↑ increasing,↓ decreasing,→ stable,99.0,✅ EXCELLENT,False,NONE,3.3,0.3,NONE
1780024007.153,79.2,90.1,31.7,1479.0,44.0,13.82,32.1,31.8,31.7,31.7,optimal,optimal,optimal,optimal,optimal,optimal,↑ increasing,↓ decreasing,→ stable,99.0,✅ EXCELLENT,False,NONE,3.7,0.0,NONE
1780024008.153,82.4,89.6,31.6,1512.0,45.4,13.81,32.3,31.7,32.3,31.8,optimal,optimal,optimal,optimal,optimal,optimal,↑ increasing,→ stable,→ stable,99.0,✅ EXCELLENT,False,NONE,4.0,0.1,NONE
1780024009.154,81.5,89.7,32.4,1537.0,44.9,13.78,32.2,31.9,32.2,31.8,optimal,optimal,optimal,optimal,optimal,optimal,↑ increasing,→ stable,→ stable,99.0,✅ EXCELLENT,False,NONE,3.0,0.0,NONE
1780024010.155,79.6,90.6,32.0,1532.0,44.2,13.76,32.0,31.7,31.8,31.9,optimal,optimal,optimal,optimal,optimal,optimal,↑ increasing,→ stable,→ stable,99.0,✅ EXCELLENT,False,NONE,3.4,0.0,NONE
1780024011.156,81.4,89.6,32.2,1473.0,44.7,13.79,31.8,32.0,32.2,32.2,optimal,optimal,optimal,optimal,optimal,optimal,↑ increasing,→ stable,→ stable,99.0,✅ EXCELLENT,False,NONE,3.3,0.1,NONE
1780024012.157,82.2,90.9,31.7,1518.0,45.5,13.75,31.7,32.3,32.2,32.0,optimal,optimal,optimal,optimal,optimal,optimal,↑ increasing,→ stable,→ stable,99.0,✅ EXCELLENT,False,NONE,3.9,0.0,NONE
1780024013.158,80.0,89.0,32.0,1538.0,45.7,13.81,32.0,31.9,31.6,32.3,optimal,optimal,optimal,optimal,optimal,optimal,↑ increasing,→ stable,→ stable,99.0,✅ EXCELLENT,False,NONE,3.4,0.5,NONE
1780024014.158,82.3,89.5,31.7,1518.0,45.9,13.78,32.3,32.3,31.9,32.2,optimal,optimal,optimal,optimal,optimal,optimal,↑ increasing,→ stable,→ stable,99.0,✅ EXCELLENT,False,NONE,3.9,0.1,NONE
1780024015.158,80.9,89.4,32.4,1463.0,44.5,13.8,31.9,31.6,32.2,32.2,optimal,optimal,optimal,optimal,optimal,optimal,→ stable,→ stable,→ stable,99.0,✅ EXCELLENT,False,NONE,3.0,0.2,NONE
1780024016.159,81.0,89.0,31.9,1507.0,44.5,13.8,31.9,32.1,31.9,32.3,optimal,optimal,optimal,optimal,optimal,optimal,→ stable,→ stable,→ stable,99.0,✅ EXCELLENT,False,NONE,3.6,0.5,NONE
1780024017.16,78.3,88.8,31.9,1478.0,44.7,13.82,32.0,32.1,31.9,31.8,optimal,optimal,optimal,optimal,optimal,optimal,→ stable,→ stable,→ stable,99.0,✅ EXCELLENT,False,NONE,3.5,0.7,NONE
1780024018.161,78.8,90.4,31.9,1473.0,45.4,13.84,32.1,32.0,32.1,32.4,optimal,optimal,optimal,optimal,optimal,optimal,→ stable,→ stable,→ stable,99.0,✅ EXCELLENT,False,NONE,3.5,0.0,NONE
1780024019.161,82.2,91.3,32.1,1460.0,45.2,13.8,32.1,32.2,32.1,32.1,optimal,optimal,optimal,optimal,optimal,optimal,→ stable,→ stable,→ stable,99.0,✅ EXCELLENT,False,NONE,3.4,0.0,NONE
1780024020.161,79.5,89.6,32.4,1549.0,44.4,13.78,32.0,32.2,32.1,31.7,optimal,optimal,optimal,optimal,optimal,optimal,→ stable,→ stable,→ stable,99.0,✅ EXCELLENT,False,NONE,3.0,0.1,NONE
1780024021.162,80.8,91.1,32.3,1484.0,46.0,13.79,31.7,32.2,31.9,32.0,optimal,optimal,optimal,optimal,optimal,optimal,↓ decreasing,→ stable,→ stable,99.0,✅ EXCELLENT,False,NONE,3.1,0.0,NONE
1780024022.163,79.5,90.8,32.0,1532.0,44.9,13.76,32.1,31.8,31.9,31.7,optimal,optimal,optimal,optimal,optimal,optimal,↓ decreasing,→ stable,→ stable,99.0,✅ EXCELLENT,False,NONE,3.4,0.0,NONE
1780024023.163,78.1,88.6,32.4,1537.0,44.5,13.76,31.8,32.2,32.2,31.8,optimal,optimal,optimal,optimal,optimal,optimal,↓ decreasing,→ stable,→ stable,99.0,✅ EXCELLENT,False,NONE,2.9,1.0,NONE
1780024024.164,79.7,89.0,32.1,1512.0,45.0,13.84,32.2,32.3,32.1,31.7,optimal,optimal,optimal,optimal,optimal,optimal,↓ decreasing,→ stable,→ stable,99.0,✅ EXCELLENT,False,NONE,3.3,0.5,NONE
1780024025.165,77.9,91.3,32.2,1510.0,45.3,13.8,32.2,32.0,31.8,32.1,optimal,optimal,optimal,optimal,optimal,optimal,↓ decreasing,→ stable,→ stable,99.0,✅ EXCELLENT,False,NONE,3.1,0.0,NONE
1780024026.165,81.6,88.5,32.3,1483.0,45.4,13.76,32.1,32.2,32.3,32.0,optimal,optimal,optimal,optimal,optimal,optimal,↓ decreasing,→ stable,→ stable,99.0,✅ EXCELLENT,False,NONE,3.1,1.1,NONE
1780024027.165,78.5,88.6,32.3,1463.0,45.1,13.8,31.8,32.3,31.9,32.2,optimal,optimal,optimal,optimal,optimal,optimal,↓ decreasing,→ stable,→ stable,99.0,✅ EXCELLENT,False,NONE,3.0,1.0,NONE
1780024028.166,80.0,90.5,31.7,1547.0,44.3,13.76,31.7,31.7,32.1,32.0,optimal,optimal,optimal,optimal,optimal,optimal,↓ decreasing,→ stable,→ stable,99.0,✅ EXCELLENT,False,NONE,3.8,0.0,NONE
1780024029.167,77.1,90.1,31.9,1482.0,44.4,13.81,31.8,32.0,32.1,31.7,optimal,optimal,optimal,optimal,optimal,optimal,↓ decreasing,→ stable,→ stable,99.0,✅ EXCELLENT,False,NONE,3.4,0.0,NONE
1780024030.167,81.5,89.0,32.2,1463.0,45.2,13.77,32.3,32.3,32.0,32.4,optimal,optimal,optimal,optimal,optimal,optimal,↓ decreasing,→ stable,→ stable,99.0,✅ EXCELLENT,False,NONE,3.3,0.5,NONE
1780024031.168,77.4,90.3,31.9,1476.0,44.0,13.79,31.7,32.0,32.0,32.1,optimal,optimal,optimal,optimal,optimal,optimal,↓ decreasing,→ stable,→ stable,99.0,✅ EXCELLENT,False,NONE,3.4,0.0,NONE
1780024032.168,78.0,91.3,32.0,1485.0,45.8,13.79,32.4,32.0,31.6,31.7,optimal,optimal,optimal,optimal,optimal,optimal,↓ decreasing,→ stable,→ stable,99.0,✅ EXCELLENT,False,NONE,3.3,0.0,NONE
1780024033.17,80.2,90.9,32.1,1473.0,44.6,13.77,32.3,31.8,32.0,32.2,optimal,optimal,optimal,optimal,optimal,optimal,↓ decreasing,→ stable,→ stable,99.0,✅ EXCELLENT,False,NONE,3.3,0.0,NONE
1780024034.171,82.9,90.4,31.8,1499.0,44.2,13.82,31.8,31.9,31.8,31.6,optimal,optimal,optimal,optimal,optimal,optimal,→ stable,→ stable,→ stable,99.0,✅ EXCELLENT,False,NONE,3.8,0.0,NONE
1780024035.172,77.6,89.5,32.2,1480.0,44.2,13.78,31.6,32.1,31.8,32.3,optimal,optimal,optimal,optimal,optimal,optimal,→ stable,→ stable,→ stable,99.0,✅ EXCELLENT,False,NONE,3.1,0.1,NONE
1780024036.173,77.3,90.7,31.9,1535.0,44.3,13.78,32.1,32.1,31.6,32.3,optimal,optimal,optimal,optimal,optimal,optimal,↓ decreasing,→ stable,→ stable,99.0,✅ EXCELLENT,False,NONE,3.4,0.0,NONE
1780024037.174,77.9,90.3,32.4,1478.0,45.8,13.83,32.1,32.1,32.0,32.0,optimal,optimal,optimal,optimal,optimal,optimal,↓ decreasing,→ stable,→ stable,99.0,✅ EXCELLENT,False,NONE,2.9,0.0,NONE
1780024038.175,77.7,90.3,31.9,1535.0,45.6,13.85,31.8,32.3,32.1,31.7,optimal,optimal,optimal,optimal,optimal,optimal,↓ decreasing,→ stable,→ stable,99.0,✅ EXCELLENT,False,NONE,3.4,0.0,NONE
1780024039.176,80.2,90.8,31.9,1453.0,45.9,13.82,32.0,32.3,31.9,32.4,optimal,optimal,optimal,optimal,optimal,optimal,→ stable,↑ increasing,→ stable,99.0,✅ EXCELLENT,False,NONE,3.6,0.0,NONE
1780024040.177,82.1,90.4,31.8,1517.0,45.1,13.75,32.0,32.3,32.1,32.0,optimal,optimal,optimal,optimal,optimal,optimal,→ stable,↑ increasing,→ stable,99.0,✅ EXCELLENT,False,NONE,3.8,0.0,NONE
1780024041.178,79.2,89.0,32.1,1529.0,44.1,13.81,31.6,31.7,32.1,31.6,optimal,optimal,optimal,optimal,optimal,optimal,→ stable,↑ increasing,→ stable,99.0,✅ EXCELLENT,False,NONE,3.3,0.5,NONE
1780024042.179,80.8,88.9,32.3,1471.0,45.2,13.79,31.9,31.8,31.7,32.3,optimal,optimal,optimal,optimal,optimal,optimal,↑ increasing,→ stable,→ stable,99.0,✅ EXCELLENT,False,NONE,3.1,0.6,NONE
1780024043.18,81.4,91.3,32.3,1480.0,45.1,13.81,32.4,31.7,32.0,31.9,optimal,optimal,optimal,optimal,optimal,optimal,↑ increasing,→ stable,→ stable,99.0,✅ EXCELLENT,False,NONE,3.1,0.0,NONE
1780024044.181,80.2,88.6,32.1,1546.0,44.0,13.82,32.4,31.9,32.1,32.1,optimal,optimal,optimal,optimal,optimal,optimal,→ stable,→ stable,→ stable,99.0,✅ EXCELLENT,False,NONE,3.3,1.0,NONE
1780024045.181,78.0,88.8,32.4,1473.0,44.5,13.84,31.8,32.4,32.0,32.0,optimal,optimal,optimal,optimal,optimal,optimal,→ stable,→ stable,→ stable,99.0,✅ EXCELLENT,False,NONE,2.9,0.7,NONE
1780024046.182,82.1,91.4,31.8,1455.0,44.9,13.77,32.3,31.6,31.9,32.1,optimal,optimal,optimal,optimal,optimal,optimal,↑ increasing,→ stable,→ stable,99.0,✅ EXCELLENT,False,NONE,3.8,0.0,NONE
1780024047.183,81.5,89.8,32.0,1492.0,44.4,13.82,31.7,31.9,32.2,31.9,optimal,optimal,optimal,optimal,optimal,optimal,↑ increasing,→ stable,→ stable,99.0,✅ EXCELLENT,False,NONE,3.5,0.0,NONE
1780024048.183,77.8,91.3,32.3,1500.0,44.8,13.78,32.3,31.6,32.0,32.1,optimal,optimal,optimal,optimal,optimal,optimal,↑ increasing,→ stable,→ stable,99.0,✅ EXCELLENT,False,NONE,3.0,0.0,NONE
1780024049.183,77.1,88.7,32.1,1487.0,45.2,13.79,31.7,31.8,31.7,32.1,optimal,optimal,optimal,optimal,optimal,optimal,↑ increasing,↓ decreasing,→ stable,99.0,✅ EXCELLENT,False,NONE,3.2,0.8,NONE
1780024050.183,78.8,89.5,31.7,1502.0,45.6,13.81,32.1,31.7,31.8,32.0,optimal,optimal,optimal,optimal,optimal,optimal,↑ increasing,↓ decreasing,→ stable,99.0,✅ EXCELLENT,False,NONE,3.7,0.1,NONE
1780024051.183,79.5,88.9,31.6,1479.0,45.3,13.8,31.8,31.9,32.1,32.1,optimal,optimal,optimal,optimal,optimal,optimal,→ stable,↓ decreasing,→ stable,99.0,✅ EXCELLENT,False,NONE,3.9,0.6,NONE
1780024052.183,79.1,90.5,31.8,1450.0,45.1,13.75,32.4,32.3,32.3,31.7,optimal,optimal,optimal,optimal,optimal,optimal,→ stable,→ stable,→ stable,99.0,✅ EXCELLENT,False,NONE,3.6,0.0,NONE
1780024053.183,78.5,90.3,32.0,1470.0,44.4,13.76,32.1,32.3,31.7,32.0,optimal,optimal,optimal,optimal,optimal,optimal,→ stable,→ stable,→ stable,99.0,✅ EXCELLENT,False,NONE,3.4,0.0,NONE
1780024054.183,82.3,89.7,31.8,1484.0,44.9,13.75,32.4,32.1,31.9,31.7,optimal,optimal,optimal,optimal,optimal,optimal,→ stable,→ stable,→ stable,99.0,✅ EXCELLENT,False,NONE,3.8,0.0,NONE
1780024055.184,79.1,89.5,32.3,1460.0,44.3,13.76,32.1,31.8,31.9,32.0,optimal,optimal,optimal,optimal,optimal,optimal,→ stable,→ stable,→ stable,99.0,✅ EXCELLENT,False,NONE,3.1,0.1,NONE
1780024056.185,79.8,90.2,32.1,1472.0,45.3,13.83,32.3,32.4,32.0,32.2,optimal,optimal,optimal,optimal,optimal,optimal,↓ decreasing,→ stable,→ stable,99.0,✅ EXCELLENT,False,NONE,3.3,0.0,NONE
1780024057.186,79.0,90.2,31.7,1501.0,45.0,13.81,32.1,32.3,32.1,31.8,optimal,optimal,optimal,optimal,optimal,optimal,↓ decreasing,→ stable,→ stable,99.0,✅ EXCELLENT,False,NONE,3.7,0.0,NONE
1780024058.186,80.9,89.4,31.8,1469.0,44.6,13.78,32.4,32.4,32.1,31.7,optimal,optimal,optimal,optimal,optimal,optimal,↓ decreasing,→ stable,→ stable,99.0,✅ EXCELLENT,False,NONE,3.7,0.2,NONE
1780024059.187,78.8,91.4,32.0,1512.0,45.8,13.85,32.1,31.8,32.4,31.6,optimal,optimal,optimal,optimal,optimal,optimal,→ stable,→ stable,→ stable,99.0,✅ EXCELLENT,False,NONE,3.4,0.0,NONE
1780024060.187,77.5,89.7,31.9,1453.0,44.8,13.8,32.0,31.8,32.1,31.9,optimal,optimal,optimal,optimal,optimal,optimal,→ stable,→ stable,→ stable,99.0,✅ EXCELLENT,False,NONE,3.4,0.0,NONE
1780024061.188,80.9,90.5,31.8,1485.0,45.3,13.8,32.0,31.8,31.7,31.8,optimal,optimal,optimal,optimal,optimal,optimal,→ stable,→ stable,→ stable,99.0,✅ EXCELLENT,False,NONE,3.7,0.0,NONE
1780024062.188,77.3,88.9,31.7,1546.0,44.8,13.76,32.3,31.7,32.0,31.8,optimal,optimal,optimal,optimal,optimal,optimal,→ stable,→ stable,→ stable,99.0,✅ EXCELLENT,False,NONE,3.6,0.6,NONE
1780024063.189,78.7,90.2,32.1,1474.0,45.0,13.78,32.3,32.1,32.3,31.6,optimal,optimal,optimal,optimal,optimal,optimal,→ stable,→ stable,→ stable,99.0,✅ EXCELLENT,False,NONE,3.3,0.0,NONE
1780024064.19,78.1,90.6,32.3,1452.0,45.1,13.76,31.6,32.3,31.7,32.1,optimal,optimal,optimal,optimal,optimal,optimal,→ stable,→ stable,→ stable,99.0,✅ EXCELLENT,False,NONE,3.0,0.0,NONE
1780024065.191,80.2,90.3,31.6,1471.0,45.5,13.82,32.0,31.7,32.2,31.9,optimal,optimal,optimal,optimal,optimal,optimal,→ stable,→ stable,→ stable,99.0,✅ EXCELLENT,False,NONE,3.9,0.0,NONE
1780024066.191,78.1,89.2,32.0,1514.0,45.1,13.81,32.0,32.3,31.7,31.7,optimal,optimal,optimal,optimal,optimal,optimal,→ stable,→ stable,→ stable,99.0,✅ EXCELLENT,False,NONE,3.3,0.3,NONE
1780024067.192,79.7,88.9,32.2,1464.0,44.3,13.76,31.8,32.4,32.1,31.8,optimal,optimal,optimal,optimal,optimal,optimal,→ stable,→ stable,→ stable,99.0,✅ EXCELLENT,False,NONE,3.2,0.6,NONE
1780024068.193,80.9,91.4,31.6,1528.0,45.8,13.78,31.7,31.8,31.9,32.1,optimal,optimal,optimal,optimal,optimal,optimal,→ stable,→ stable,→ stable,99.0,✅ EXCELLENT,False,NONE,3.9,0.0,NONE
1780024069.194,78.7,90.2,32.3,1547.0,45.7,13.77,32.2,32.1,32.3,32.2,optimal,optimal,optimal,optimal,optimal,optimal,↓ decreasing,→ stable,→ stable,99.0,✅ EXCELLENT,False,NONE,3.0,0.0,NONE
1780024070.195,77.7,89.8,31.8,1499.0,45.9,13.77,31.9,31.8,31.8,31.8,optimal,optimal,optimal,optimal,optimal,optimal,→ stable,→ stable,→ stable,99.0,✅ EXCELLENT,False,NONE,3.6,0.0,NONE
1780024071.195,81.9,91.0,31.6,1498.0,44.4,13.75,32.2,31.6,31.7,32.4,optimal,optimal,optimal,optimal,optimal,optimal,→ stable,→ stable,→ stable,99.0,✅ EXCELLENT,False,NONE,4.0,0.0,NONE
1780024072.195,81.7,89.4,32.3,1518.0,44.1,13.8,32.3,31.6,31.6,32.1,optimal,optimal,optimal,optimal,optimal,optimal,→ stable,→ stable,→ stable,99.0,✅ EXCELLENT,False,NONE,3.2,0.2,NONE
1780024073.196,77.8,91.0,32.0,1463.0,44.6,13.84,32.4,31.9,32.0,31.7,optimal,optimal,optimal,optimal,optimal,optimal,→ stable,→ stable,→ stable,99.0,✅ EXCELLENT,False,NONE,3.3,0.0,NONE
1780024074.197,77.1,91.2,31.9,1461.0,44.7,13.82,32.4,32.2,32.3,31.8,optimal,optimal,optimal,optimal,optimal,optimal,→ stable,→ stable,→ stable,99.0,✅ EXCELLENT,False,NONE,3.4,0.0,NONE
1780024075.198,80.1,89.6,32.2,1524.0,45.4,13.76,32.2,32.3,31.7,32.3,optimal,optimal,optimal,optimal,optimal,optimal,→ stable,→ stable,→ stable,99.0,✅ EXCELLENT,False,NONE,3.2,0.1,NONE
1780024076.198,77.2,90.0,31.6,1503.0,45.2,13.82,32.4,31.9,31.7,32.2,optimal,optimal,optimal,optimal,optimal,optimal,→ stable,→ stable,→ stable,99.0,✅ EXCELLENT,False,NONE,3.7,0.0,NONE
1780024077.199,79.4,89.8,32.2,1467.0,45.7,13.83,31.8,32.3,31.8,32.1,optimal,optimal,optimal,optimal,optimal,optimal,→ stable,→ stable,→ stable,99.0,✅ EXCELLENT,False,NONE,3.2,0.0,NONE
1780024078.199,81.8,89.8,32.1,1489.0,45.8,13.76,32.2,32.3,32.3,31.7,optimal,optimal,optimal,optimal,optimal,optimal,→ stable,→ stable,→ stable,99.0,✅ EXCELLENT,False,NONE,3.4,0.0,NONE
1780024079.199,80.2,90.0,31.9,1461.0,45.3,13.78,32.3,31.7,32.1,32.0,optimal,optimal,optimal,optimal,optimal,optimal,→ stable,→ stable,→ stable,99.0,✅ EXCELLENT,False,NONE,3.6,0.0,NONE
1780024080.199,80.7,89.5,32.2,1482.0,45.0,13.84,32.0,32.4,32.2,32.1,optimal,optimal,optimal,optimal,optimal,optimal,↑ increasing,→ stable,→ stable,99.0,✅ EXCELLENT,False,NONE,3.2,0.1,NONE
1780024081.2,80.2,89.0,31.8,1462.0,45.4,13.83,31.7,32.0,31.8,31.8,optimal,optimal,optimal,optimal,optimal,optimal,→ stable,→ stable,→ stable,99.0,✅ EXCELLENT,False,NONE,3.7,0.5,NONE
1780024082.2,78.8,89.0,32.0,1498.0,44.1,13.8,32.0,32.2,31.6,31.7,optimal,optimal,optimal,optimal,optimal,optimal,→ stable,→ stable,→ stable,99.0,✅ EXCELLENT,False,NONE,3.4,0.5,NONE
1780024083.2,81.1,90.7,32.3,1477.0,44.3,13.8,32.3,32.4,32.0,31.8,optimal,optimal,optimal,optimal,optimal,optimal,→ stable,→ stable,→ stable,99.0,✅ EXCELLENT,False,NONE,3.1,0.0,NONE
1780024084.2,82.6,88.7,32.4,1479.0,44.8,13.79,32.4,32.2,31.7,31.8,optimal,optimal,optimal,optimal,optimal,optimal,↑ increasing,↓ decreasing,→ stable,99.0,✅ EXCELLENT,False,NONE,3.1,0.8,NONE
1780024085.202,79.6,90.4,31.7,1483.0,45.0,13.82,32.1,32.1,32.2,31.7,optimal,optimal,optimal,optimal,optimal,optimal,↑ increasing,→ stable,→ stable,99.0,✅ EXCELLENT,False,NONE,3.8,0.0,NONE
1780024086.203,78.3,90.8,32.0,1486.0,45.6,13.82,31.7,32.4,32.0,32.3,optimal,optimal,optimal,optimal,optimal,optimal,↑ increasing,→ stable,→ stable,99.0,✅ EXCELLENT,False,NONE,3.4,0.0,NONE
1780024087.203,77.0,88.7,32.2,1545.0,44.7,13.82,31.6,32.4,32.3,32.2,optimal,optimal,optimal,optimal,optimal,optimal,↑ increasing,↓ decreasing,→ stable,99.0,✅ EXCELLENT,False,NONE,3.1,0.8,NONE
1780024088.204,80.6,90.8,31.9,1546.0,44.1,13.78,32.4,32.0,32.3,32.3,optimal,optimal,optimal,optimal,optimal,optimal,↑ increasing,→ stable,→ stable,99.0,✅ EXCELLENT,False,NONE,3.6,0.0,NONE
1780024089.205,81.5,89.8,32.1,1500.0,44.7,13.83,31.6,31.8,32.0,31.9,optimal,optimal,optimal,optimal,optimal,optimal,↑ increasing,→ stable,→ stable,99.0,✅ EXCELLENT,False,NONE,3.4,0.0,NONE
1780024090.206,78.1,90.3,31.9,1547.0,45.5,13.82,32.0,32.2,32.2,31.8,optimal,optimal,optimal,optimal,optimal,optimal,→ stable,→ stable,→ stable,99.0,✅ EXCELLENT,False,NONE,3.5,0.0,NONE
1780024091.208,77.7,89.6,32.2,1499.0,44.9,13.82,32.1,32.0,32.3,31.9,optimal,optimal,optimal,optimal,optimal,optimal,→ stable,→ stable,→ stable,99.0,✅ EXCELLENT,False,NONE,3.1,0.1,NONE
1780024092.207,78.5,91.1,31.8,1491.0,45.7,13.83,32.2,32.0,31.7,31.6,optimal,optimal,optimal,optimal,optimal,optimal,→ stable,→ stable,→ stable,99.0,✅ EXCELLENT,False,NONE,3.6,0.0,NONE
1780024093.208,82.2,90.3,32.0,1493.0,44.3,13.75,31.7,31.7,31.9,31.6,optimal,optimal,optimal,optimal,optimal,optimal,→ stable,→ stable,→ stable,99.0,✅ EXCELLENT,False,NONE,3.5,0.0,NONE
1780024094.209,82.0,91.2,32.2,1501.0,45.2,13.75,32.2,32.3,32.4,31.9,optimal,optimal,optimal,optimal,optimal,optimal,↓ decreasing,↑ increasing,→ stable,99.0,✅ EXCELLENT,False,NONE,3.3,0.0,NONE
1780024095.209,77.7,90.7,32.2,1471.0,44.9,13.76,31.8,32.1,32.1,31.8,optimal,optimal,optimal,optimal,optimal,optimal,↓ decreasing,↑ increasing,→ stable,99.0,✅ EXCELLENT,False,NONE,3.1,0.0,NONE
1780024096.21,79.6,90.3,31.8,1509.0,44.3,13.8,31.9,31.8,32.1,31.8,optimal,optimal,optimal,optimal,optimal,optimal,↓ decreasing,↑ increasing,→ stable,99.0,✅ EXCELLENT,False,NONE,3.6,0.0,NONE
1780024097.211,81.1,90.7,32.2,1515.0,45.9,13.84,32.3,31.8,31.8,32.2,optimal,optimal,optimal,optimal,optimal,optimal,→ stable,↑ increasing,→ stable,99.0,✅ EXCELLENT,False,NONE,3.2,0.0,NONE
1780024098.213,82.9,89.6,31.6,1509.0,44.9,13.75,31.7,31.7,31.9,31.9,optimal,optimal,optimal,optimal,optimal,optimal,→ stable,↑ increasing,→ stable,99.0,✅ EXCELLENT,False,NONE,4.0,0.1,NONE
1780024099.214,77.1,89.3,32.2,1457.0,46.0,13.76,32.4,32.2,32.1,32.2,optimal,optimal,optimal,optimal,optimal,optimal,→ stable,↑ increasing,→ stable,99.0,✅ EXCELLENT,False,NONE,3.1,0.2,NONE
1780024100.215,80.1,90.8,32.3,1499.0,44.6,13.81,32.3,31.7,31.7,32.2,optimal,optimal,optimal,optimal,optimal,optimal,→ stable,↑ increasing,→ stable,99.0,✅ EXCELLENT,False,NONE,3.1,0.0,NONE
1780024101.216,78.1,89.9,32.1,1526.0,45.1,13.75,32.0,31.8,31.9,31.7,optimal,optimal,optimal,optimal,optimal,optimal,→ stable,↑ increasing,→ stable,99.0,✅ EXCELLENT,False,NONE,3.2,0.0,NONE
1780024102.216,77.5,88.8,31.6,1530.0,45.8,13.81,32.3,31.6,31.7,32.3,optimal,optimal,optimal,optimal,optimal,optimal,→ stable,→ stable,→ stable,99.0,✅ EXCELLENT,False,NONE,3.8,0.7,NONE
1780024103.217,79.7,89.8,31.7,1490.0,45.8,13.76,32.1,32.2,32.0,32.3,optimal,optimal,optimal,optimal,optimal,optimal,→ stable,→ stable,→ stable,99.0,✅ EXCELLENT,False,NONE,3.8,0.0,NONE
1780024104.218,82.7,91.1,32.4,1455.0,44.0,13.82,32.4,31.8,32.4,32.3,optimal,optimal,optimal,optimal,optimal,optimal,→ stable,→ stable,→ stable,99.0,✅ EXCELLENT,False,NONE,3.1,0.0,NONE
1780024105.218,81.4,89.7,31.7,1452.0,45.5,13.79,31.9,31.9,31.7,31.9,optimal,optimal,optimal,optimal,optimal,optimal,↑ increasing,→ stable,→ stable,99.0,✅ EXCELLENT,False,NONE,3.8,0.0,NONE
1780024106.219,78.7,91.1,32.1,1543.0,44.6,13.82,31.8,31.9,32.0,32.1,optimal,optimal,optimal,optimal,optimal,optimal,→ stable,→ stable,→ stable,99.0,✅ EXCELLENT,False,NONE,3.3,0.0,NONE
1780024107.22,81.5,91.1,31.9,1493.0,44.6,13.81,31.9,32.2,32.1,32.1,optimal,optimal,optimal,optimal,optimal,optimal,→ stable,→ stable,→ stable,99.0,✅ EXCELLENT,False,NONE,3.6,0.0,NONE
1780024108.221,77.4,91.2,31.9,1536.0,45.6,13.75,32.2,32.1,32.1,31.9,optimal,optimal,optimal,optimal,optimal,optimal,↓ decreasing,→ stable,→ stable,99.0,✅ EXCELLENT,False,NONE,3.4,0.0,NONE
1780024109.222,79.9,89.8,32.1,1450.0,45.9,13.79,32.4,32.0,32.1,31.6,optimal,optimal,optimal,optimal,optimal,optimal,→ stable,→ stable,→ stable,99.0,✅ EXCELLENT,False,NONE,3.3,0.0,NONE
1780024110.223,82.4,89.3,31.8,1492.0,45.3,13.81,31.9,32.0,31.7,32.3,optimal,optimal,optimal,optimal,optimal,optimal,→ stable,→ stable,→ stable,99.0,✅ EXCELLENT,False,NONE,3.8,0.2,NONE
1780024111.224,78.3,90.4,31.8,1499.0,44.6,13.78,31.9,32.2,32.0,32.1,optimal,optimal,optimal,optimal,optimal,optimal,→ stable,→ stable,→ stable,99.0,✅ EXCELLENT,False,NONE,3.6,0.0,NONE
1780024112.225,81.3,91.3,32.1,1539.0,45.1,13.83,31.7,31.7,32.0,31.6,optimal,optimal,optimal,optimal,optimal,optimal,→ stable,→ stable,→ stable,99.0,✅ EXCELLENT,False,NONE,3.4,0.0,NONE
1780024113.226,81.8,89.5,32.3,1531.0,45.8,13.85,32.3,32.2,31.6,32.2,optimal,optimal,optimal,optimal,optimal,optimal,↑ increasing,→ stable,→ stable,99.0,✅ EXCELLENT,False,NONE,3.2,0.1,NONE
1780024114.226,77.9,91.2,31.6,1452.0,45.1,13.75,32.2,31.6,31.9,32.0,optimal,optimal,optimal,optimal,optimal,optimal,→ stable,→ stable,→ stable,99.0,✅ EXCELLENT,False,NONE,3.8,0.0,NONE
1780024115.227,78.9,90.2,31.7,1492.0,44.3,13.77,32.4,32.2,31.7,31.6,optimal,optimal,optimal,optimal,optimal,optimal,→ stable,↑ increasing,→ stable,99.0,✅ EXCELLENT,False,NONE,3.7,0.0,NONE
1780024116.228,79.9,90.0,31.6,1482.0,44.1,13.81,32.2,32.3,32.2,31.7,optimal,optimal,optimal,optimal,optimal,optimal,→ stable,→ stable,→ stable,99.0,✅ EXCELLENT,False,NONE,3.9,0.0,NONE
1780024117.229,77.4,90.4,31.8,1513.0,44.2,13.8,32.2,32.2,32.2,31.7,optimal,optimal,optimal,optimal,optimal,optimal,→ stable,→ stable,→ stable,99.0,✅ EXCELLENT,False,NONE,3.5,0.0,NONE
1780024118.23,77.4,91.1,32.3,1498.0,44.4,13.78,32.3,32.3,32.4,32.2,optimal,optimal,optimal,optimal,optimal,optimal,→ stable,→ stable,→ stable,99.0,✅ EXCELLENT,False,NONE,3.0,0.0,NONE
1780024119.231,78.6,90.0,31.8,1490.0,44.4,13.83,31.8,32.3,31.7,31.8,optimal,optimal,optimal,optimal,optimal,optimal,→ stable,→ stable,→ stable,99.0,✅ EXCELLENT,False,NONE,3.6,0.0,NONE
1780024120.231,82.5,89.9,31.6,1458.0,46.0,13.79,31.8,31.8,32.1,32.0,optimal,optimal,optimal,optimal,optimal,optimal,↓ decreasing,→ stable,→ stable,99.0,✅ EXCELLENT,False,NONE,4.0,0.0,NONE
1780024121.232,79.9,91.4,32.3,1548.0,45.3,13.81,32.0,31.8,31.7,31.9,optimal,optimal,optimal,optimal,optimal,optimal,→ stable,→ stable,→ stable,99.0,✅ EXCELLENT,False,NONE,3.1,0.0,NONE
1780024122.233,81.1,91.0,32.2,1511.0,44.3,13.76,31.7,31.9,32.2,32.2,optimal,optimal,optimal,optimal,optimal,optimal,↓ decreasing,→ stable,→ stable,99.0,✅ EXCELLENT,False,NONE,3.2,0.0,NONE
1780024123.233,82.3,89.2,31.7,1478.0,45.7,13.82,31.9,31.6,31.6,32.4,optimal,optimal,optimal,optimal,optimal,optimal,↓ decreasing,→ stable,→ stable,99.0,✅ EXCELLENT,False,NONE,3.9,0.3,NONE
1780024124.234,82.8,88.5,32.1,1493.0,45.3,13.8,32.1,31.8,31.7,31.8,optimal,optimal,optimal,optimal,optimal,optimal,→ stable,→ stable,→ stable,99.0,✅ EXCELLENT,False,NONE,3.4,1.1,NONE
1780024125.235,79.5,88.8,32.0,1495.0,45.4,13.8,31.7,31.6,31.9,31.8,optimal,optimal,optimal,optimal,optimal,optimal,→ stable,→ stable,→ stable,99.0,✅ EXCELLENT,False,NONE,3.4,0.7,NONE
1780024126.235,78.1,90.8,32.3,1540.0,44.4,13.85,32.1,31.8,31.8,32.2,optimal,optimal,optimal,optimal,optimal,optimal,→ stable,→ stable,→ stable,99.0,✅ EXCELLENT,False,NONE,3.0,0.0,NONE
1780024127.235,80.4,90.5,31.9,1545.0,45.9,13.82,31.7,32.4,32.0,31.9,optimal,optimal,optimal,optimal,optimal,optimal,↑ increasing,→ stable,→ stable,99.0,✅ EXCELLENT,False,NONE,3.6,0.0,NONE
1780024128.236,82.8,91.0,32.3,1468.0,45.7,13.83,31.9,31.9,32.0,31.9,optimal,optimal,optimal,optimal,optimal,optimal,↑ increasing,→ stable,→ stable,99.0,✅ EXCELLENT,False,NONE,3.2,0.0,NONE
1780024129.237,77.8,90.3,31.8,1488.0,45.6,13.79,32.3,32.3,31.9,31.9,optimal,optimal,optimal,optimal,optimal,optimal,↑ increasing,→ stable,→ stable,99.0,✅ EXCELLENT,False,NONE,3.6,0.0,NONE
1780024130.237,81.3,88.7,32.3,1473.0,44.8,13.79,31.8,32.2,31.6,32.4,optimal,optimal,optimal,optimal,optimal,optimal,↑ increasing,→ stable,→ stable,99.0,✅ EXCELLENT,False,NONE,3.1,0.8,NONE
1780024131.237,80.9,88.7,31.8,1453.0,44.9,13.75,31.9,31.9,32.2,31.9,optimal,optimal,optimal,optimal,optimal,optimal,↑ increasing,↓ decreasing,→ stable,99.0,✅ EXCELLENT,False,NONE,3.7,0.8,NONE
1780024132.237,80.1,89.5,31.6,1509.0,45.5,13.84,31.7,31.8,32.2,31.8,optimal,optimal,optimal,optimal,optimal,optimal,↑ increasing,↓ decreasing,→ stable,99.0,✅ EXCELLENT,False,NONE,3.9,0.1,NONE
1780024133.239,81.5,89.0,32.1,1547.0,45.0,13.79,31.6,31.6,31.8,32.4,optimal,optimal,optimal,optimal,optimal,optimal,↑ increasing,↓ decreasing,→ stable,99.0,✅ EXCELLENT,False,NONE,3.4,0.5,NONE
1780024134.239,82.8,91.0,32.3,1532.0,44.4,13.81,31.9,32.3,32.0,31.7,optimal,optimal,optimal,optimal,optimal,optimal,→ stable,→ stable,→ stable,99.0,✅ EXCELLENT,False,NONE,3.2,0.0,NONE
1780024135.239,81.6,90.5,31.6,1495.0,44.2,13.82,31.6,32.1,31.8,32.2,optimal,optimal,optimal,optimal,optimal,optimal,↑ increasing,→ stable,→ stable,99.0,✅ EXCELLENT,False,NONE,4.0,0.0,NONE
1780024136.239,81.2,90.4,32.1,1537.0,45.2,13.76,32.1,32.0,32.2,31.6,optimal,optimal,optimal,optimal,optimal,optimal,↑ increasing,→ stable,→ stable,99.0,✅ EXCELLENT,False,NONE,3.4,0.0,NONE
1780024137.24,80.5,90.0,32.1,1543.0,45.9,13.78,32.0,32.3,32.1,31.7,optimal,optimal,optimal,optimal,optimal,optimal,↑ increasing,→ stable,→ stable,99.0,✅ EXCELLENT,False,NONE,3.3,0.0,NONE
1780024138.24,77.0,89.1,32.0,1450.0,45.4,13.8,31.7,31.6,31.9,31.6,optimal,optimal,optimal,optimal,optimal,optimal,→ stable,→ stable,→ stable,99.0,✅ EXCELLENT,False,NONE,3.3,0.4,NONE
1780024139.24,81.4,91.2,31.8,1459.0,44.2,13.79,31.8,32.2,31.8,31.7,optimal,optimal,optimal,optimal,optimal,optimal,→ stable,→ stable,→ stable,99.0,✅ EXCELLENT,False,NONE,3.7,0.0,NONE
1780024140.24,82.4,89.8,32.2,1483.0,44.0,13.85,32.0,31.9,31.9,32.4,optimal,optimal,optimal,optimal,optimal,optimal,→ stable,→ stable,→ stable,99.0,✅ EXCELLENT,False,NONE,3.3,0.0,NONE
1780024141.241,80.2,89.0,31.9,1455.0,44.8,13.75,32.4,32.3,31.7,31.8,optimal,optimal,optimal,optimal,optimal,optimal,→ stable,→ stable,→ stable,99.0,✅ EXCELLENT,False,NONE,3.6,0.5,NONE
1780024142.241,83.0,90.7,31.6,1533.0,44.0,13.84,32.2,31.8,32.1,32.3,optimal,optimal,optimal,optimal,optimal,optimal,↑ increasing,→ stable,→ stable,99.0,✅ EXCELLENT,False,NONE,4.0,0.0,NONE
1780024143.241,81.8,90.2,32.3,1515.0,46.0,13.82,32.4,32.2,32.4,32.3,optimal,optimal,optimal,optimal,optimal,optimal,↑ increasing,↑ increasing,→ stable,99.0,✅ EXCELLENT,False,NONE,3.2,0.0,NONE
1780024144.242,79.5,89.7,31.8,1474.0,45.2,13.82,32.0,32.0,31.9,31.7,optimal,optimal,optimal,optimal,optimal,optimal,→ stable,→ stable,→ stable,99.0,✅ EXCELLENT,False,NONE,3.6,0.0,NONE
1780024145.243,79.4,89.4,32.4,1531.0,45.8,13.77,32.3,31.7,31.9,31.9,optimal,optimal,optimal,optimal,optimal,optimal,→ stable,→ stable,→ stable,99.0,✅ EXCELLENT,False,NONE,2.9,0.2,NONE
1780024146.244,82.6,90.3,32.2,1497.0,45.2,13.82,31.7,31.6,32.1,31.7,optimal,optimal,optimal,optimal,optimal,optimal,→ stable,→ stable,→ stable,99.0,✅ EXCELLENT,False,NONE,3.3,0.0,NONE
1780024147.245,77.4,90.7,32.2,1471.0,44.9,13.77,31.6,31.6,31.7,32.2,optimal,optimal,optimal,optimal,optimal,optimal,↓ decreasing,→ stable,→ stable,99.0,✅ EXCELLENT,False,NONE,3.1,0.0,NONE
1780024148.246,82.6,91.1,32.3,1490.0,45.2,13.84,32.3,32.2,32.2,31.8,optimal,optimal,optimal,optimal,optimal,optimal,↑ increasing,→ stable,→ stable,99.0,✅ EXCELLENT,False,NONE,3.2,0.0,NONE
1780024149.246,79.1,90.5,31.8,1542.0,44.6,13.77,32.2,31.9,31.8,31.8,optimal,optimal,optimal,optimal,optimal,optimal,→ stable,→ stable,→ stable,99.0,✅ EXCELLENT,False,NONE,3.6,0.0,NONE
1780024150.247,82.1,91.2,32.0,1512.0,44.9,13.79,32.2,32.3,31.8,31.9,optimal,optimal,optimal,optimal,optimal,optimal,→ stable,→ stable,→ stable,99.0,✅ EXCELLENT,False,NONE,3.5,0.0,NONE
1780024151.248,79.4,91.0,32.3,1508.0,45.5,13.81,31.8,31.8,31.6,31.9,optimal,optimal,optimal,optimal,optimal,optimal,→ stable,↑ increasing,→ stable,99.0,✅ EXCELLENT,False,NONE,3.1,0.0,NONE
1780024152.249,82.2,90.3,31.9,1508.0,44.4,13.8,32.1,31.7,32.1,31.9,optimal,optimal,optimal,optimal,optimal,optimal,↓ decreasing,→ stable,→ stable,99.0,✅ EXCELLENT,False,NONE,3.6,0.0,NONE
1780024153.25,78.5,90.4,32.4,1521.0,45.6,13.83,32.2,32.1,32.0,32.2,optimal,optimal,optimal,optimal,optimal,optimal,↓ decreasing,→ stable,→ stable,99.0,✅ EXCELLENT,False,NONE,2.9,0.0,NONE
1780024154.251,78.5,89.9,32.2,1483.0,45.9,13.83,32.0,32.2,31.9,32.2,optimal,optimal,optimal,optimal,optimal,optimal,↓ decreasing,→ stable,→ stable,99.0,✅ EXCELLENT,False,NONE,3.1,0.0,NONE
1780024155.252,80.4,88.6,31.9,1490.0,44.3,13.77,31.9,32.0,31.9,31.7,optimal,optimal,optimal,optimal,optimal,optimal,→ stable,→ stable,→ stable,99.0,✅ EXCELLENT,False,NONE,3.6,1.0,NONE
1780024156.252,79.3,90.8,32.0,1465.0,45.7,13.79,32.4,32.1,31.8,31.8,optimal,optimal,optimal,optimal,optimal,optimal,↓ decreasing,↑ increasing,→ stable,99.0,✅ EXCELLENT,False,NONE,3.4,0.0,NONE
1780024157.253,82.0,89.5,32.0,1525.0,45.3,13.83,32.0,31.8,31.8,31.9,optimal,optimal,optimal,optimal,optimal,optimal,→ stable,→ stable,→ stable,99.0,✅ EXCELLENT,False,NONE,3.5,0.1,NONE
1780024158.253,79.7,91.1,32.0,1482.0,44.1,13.81,31.9,32.2,31.7,31.8,optimal,optimal,optimal,optimal,optimal,optimal,↓ decreasing,→ stable,→ stable,99.0,✅ EXCELLENT,False,NONE,3.4,0.0,NONE
1780024159.254,82.9,89.3,32.2,1474.0,45.8,13.84,31.9,32.0,31.6,32.2,optimal,optimal,optimal,optimal,optimal,optimal,→ stable,→ stable,→ stable,99.0,✅ EXCELLENT,False,NONE,3.3,0.2,NONE
1780024160.254,82.2,91.4,31.9,1518.0,45.3,13.76,32.3,31.8,32.1,31.8,optimal,optimal,optimal,optimal,optimal,optimal,→ stable,→ stable,→ stable,99.0,✅ EXCELLENT,False,NONE,3.6,0.0,NONE
1780024161.254,82.9,88.7,32.4,1492.0,45.4,13.85,31.6,32.0,31.7,31.7,optimal,optimal,optimal,optimal,optimal,optimal,→ stable,→ stable,→ stable,99.0,✅ EXCELLENT,False,NONE,3.1,0.8,NONE
1780024162.255,80.2,90.5,31.9,1484.0,44.1,13.79,32.1,32.0,32.0,32.2,optimal,optimal,optimal,optimal,optimal,optimal,→ stable,→ stable,→ stable,99.0,✅ EXCELLENT,False,NONE,3.6,0.0,NONE
1780024163.256,78.5,90.1,32.0,1538.0,44.2,13.84,32.2,32.3,32.3,31.7,optimal,optimal,optimal,optimal,optimal,optimal,→ stable,→ stable,→ stable,99.0,✅ EXCELLENT,False,NONE,3.4,0.0,NONE
1780024164.257,78.5,88.6,31.6,1466.0,46.0,13.77,31.8,32.1,32.0,32.3,optimal,optimal,optimal,optimal,optimal,optimal,→ stable,↓ decreasing,→ stable,99.0,✅ EXCELLENT,False,NONE,3.8,1.0,NONE
1780024165.257,80.9,88.7,31.9,1497.0,45.1,13.77,32.0,31.7,31.6,31.7,optimal,optimal,optimal,optimal,optimal,optimal,→ stable,↓ decreasing,→ stable,99.0,✅ EXCELLENT,False,NONE,3.6,0.8,NONE
1780024166.259,80.9,91.4,32.4,1502.0,45.6,13.8,32.4,31.7,31.7,32.0,optimal,optimal,optimal,optimal,optimal,optimal,↑ increasing,↓ decreasing,→ stable,99.0,✅ EXCELLENT,False,NONE,3.0,0.0,NONE
1780024167.26,81.3,89.3,32.1,1543.0,45.5,13.79,31.9,32.3,31.9,32.3,optimal,optimal,optimal,optimal,optimal,optimal,→ stable,→ stable,→ stable,99.0,✅ EXCELLENT,False,NONE,3.4,0.2,NONE
1780024168.262,78.4,91.2,31.9,1474.0,45.4,13.78,31.8,32.2,32.2,31.9,optimal,optimal,optimal,optimal,optimal,optimal,↑ increasing,→ stable,→ stable,99.0,✅ EXCELLENT,False,NONE,3.5,0.0,NONE
1780024169.263,80.5,89.5,32.3,1535.0,45.2,13.84,32.0,31.7,31.7,32.0,optimal,optimal,optimal,optimal,optimal,optimal,→ stable,→ stable,→ stable,99.0,✅ EXCELLENT,False,NONE,3.1,0.1,NONE
1780024170.264,81.1,91.0,32.3,1453.0,44.0,13.75,31.9,31.9,32.3,31.9,optimal,optimal,optimal,optimal,optimal,optimal,→ stable,→ stable,→ stable,99.0,✅ EXCELLENT,False,NONE,3.1,0.0,NONE
1780024171.265,77.3,90.4,31.8,1516.0,44.3,13.82,31.9,31.7,32.2,32.1,optimal,optimal,optimal,optimal,optimal,optimal,↓ decreasing,→ stable,→ stable,99.0,✅ EXCELLENT,False,NONE,3.5,0.0,NONE
1780024172.265,80.3,90.8,31.7,1480.0,45.5,13.83,32.4,32.3,31.8,32.2,optimal,optimal,optimal,optimal,optimal,optimal,↓ decreasing,→ stable,→ stable,99.0,✅ EXCELLENT,False,NONE,3.8,0.0,NONE
1780024173.266,81.0,90.4,32.1,1464.0,45.3,13.81,32.0,31.6,32.1,32.3,optimal,optimal,optimal,optimal,optimal,optimal,↓ decreasing,→ stable,→ stable,99.0,✅ EXCELLENT,False,NONE,3.4,0.0,NONE
1780024174.266,77.6,91.3,32.3,1520.0,45.2,13.78,31.7,31.9,32.0,31.9,optimal,optimal,optimal,optimal,optimal,optimal,↓ decreasing,↑ increasing,→ stable,99.0,✅ EXCELLENT,False,NONE,3.0,0.0,NONE
1780024175.268,78.6,89.0,32.1,1489.0,45.7,13.81,31.9,32.0,31.9,32.3,optimal,optimal,optimal,optimal,optimal,optimal,↓ decreasing,↑ increasing,→ stable,99.0,✅ EXCELLENT,False,NONE,3.3,0.5,NONE
1780024176.268,82.1,89.5,32.0,1455.0,45.3,13.85,31.8,31.9,31.8,32.2,optimal,optimal,optimal,optimal,optimal,optimal,↓ decreasing,→ stable,→ stable,99.0,✅ EXCELLENT,False,NONE,3.5,0.1,NONE
1780024177.269,77.0,88.6,32.1,1471.0,45.9,13.77,32.0,32.2,31.8,32.2,optimal,optimal,optimal,optimal,optimal,optimal,↓ decreasing,→ stable,→ stable,99.0,✅ EXCELLENT,False,NONE,3.2,1.0,NONE
1780024178.27,81.3,89.3,32.4,1513.0,45.3,13.76,32.3,32.1,31.9,32.0,optimal,optimal,optimal,optimal,optimal,optimal,↓ decreasing,→ stable,→ stable,99.0,✅ EXCELLENT,False,NONE,3.0,0.2,NONE
1780024179.271,78.5,91.2,31.9,1508.0,46.0,13.78,31.7,31.9,31.9,32.0,optimal,optimal,optimal,optimal,optimal,optimal,↓ decreasing,→ stable,→ stable,99.0,✅ EXCELLENT,False,NONE,3.5,0.0,NONE
1780024180.272,81.1,90.7,31.8,1520.0,45.8,13.78,31.9,32.4,31.7,32.0,optimal,optimal,optimal,optimal,optimal,optimal,↓ decreasing,→ stable,→ stable,99.0,✅ EXCELLENT,False,NONE,3.7,0.0,NONE
1780024181.272,80.1,90.6,32.3,1453.0,44.7,13.79,31.9,31.6,31.9,31.7,optimal,optimal,optimal,optimal,optimal,optimal,→ stable,→ stable,→ stable,99.0,✅ EXCELLENT,False,NONE,3.1,0.0,NONE
1780024182.272,79.2,89.9,32.3,1521.0,45.1,13.8,31.7,31.7,31.7,31.8,optimal,optimal,optimal,optimal,optimal,optimal,→ stable,→ stable,→ stable,99.0,✅ EXCELLENT,False,NONE,3.1,0.0,NONE
1780024183.272,77.5,89.6,32.0,1497.0,45.8,13.83,32.1,32.0,31.9,31.7,optimal,optimal,optimal,optimal,optimal,optimal,↓ decreasing,→ stable,→ stable,99.0,✅ EXCELLENT,False,NONE,3.3,0.1,NONE
1780024184.272,79.0,90.7,32.1,1488.0,45.5,13.84,32.3,31.8,32.4,31.7,optimal,optimal,optimal,optimal,optimal,optimal,→ stable,→ stable,→ stable,99.0,✅ EXCELLENT,False,NONE,3.3,0.0,NONE
1780024185.272,81.3,91.4,32.3,1460.0,44.6,13.82,32.2,32.0,31.9,32.0,optimal,optimal,optimal,optimal,optimal,optimal,→ stable,→ stable,→ stable,99.0,✅ EXCELLENT,False,NONE,3.1,0.0,NONE
1780024186.274,77.8,90.0,32.2,1535.0,45.7,13.84,32.1,32.3,32.3,31.7,optimal,optimal,optimal,optimal,optimal,optimal,↓ decreasing,→ stable,→ stable,99.0,✅ EXCELLENT,False,NONE,3.1,0.0,NONE
1780024187.275,80.4,91.3,32.0,1475.0,44.8,13.76,31.6,31.6,32.0,31.7,optimal,optimal,optimal,optimal,optimal,optimal,→ stable,→ stable,→ stable,99.0,✅ EXCELLENT,False,NONE,3.4,0.0,NONE
1780024188.275,81.4,91.4,31.9,1532.0,45.4,13.78,32.0,32.1,31.8,31.8,optimal,optimal,optimal,optimal,optimal,optimal,→ stable,↑ increasing,→ stable,99.0,✅ EXCELLENT,False,NONE,3.6,0.0,NONE
1780024189.277,78.0,91.5,32.4,1505.0,44.4,13.84,31.9,31.8,31.8,32.3,optimal,optimal,optimal,optimal,optimal,optimal,→ stable,↑ increasing,→ stable,99.0,✅ EXCELLENT,False,NONE,2.9,0.0,NONE
1780024190.277,79.8,90.3,31.9,1543.0,45.8,13.8,32.3,31.6,32.3,32.4,optimal,optimal,optimal,optimal,optimal,optimal,→ stable,↑ increasing,→ stable,99.0,✅ EXCELLENT,False,NONE,3.5,0.0,NONE
1780024191.277,80.5,90.6,32.3,1538.0,45.4,13.83,32.3,32.4,32.1,32.1,optimal,optimal,optimal,optimal,optimal,optimal,→ stable,↑ increasing,→ stable,99.0,✅ EXCELLENT,False,NONE,3.1,0.0,NONE
1780024192.277,80.9,90.1,32.0,1520.0,44.1,13.77,31.6,32.4,32.0,32.0,optimal,optimal,optimal,optimal,optimal,optimal,→ stable,↑ increasing,→ stable,99.0,✅ EXCELLENT,False,NONE,3.5,0.0,NONE
1780024193.277,79.9,89.7,31.7,1478.0,44.6,13.77,32.1,31.6,32.3,32.0,optimal,optimal,optimal,optimal,optimal,optimal,↑ increasing,↑ increasing,→ stable,99.0,✅ EXCELLENT,False,NONE,3.8,0.0,NONE
1780024194.279,82.7,89.1,31.8,1546.0,45.7,13.84,32.3,32.3,32.4,31.8,optimal,optimal,optimal,optimal,optimal,optimal,↑ increasing,↑ increasing,→ stable,99.0,✅ EXCELLENT,False,NONE,3.8,0.4,NONE
1780024195.279,80.6,88.9,32.1,1498.0,45.9,13.77,32.1,31.7,32.2,31.9,optimal,optimal,optimal,optimal,optimal,optimal,→ stable,→ stable,→ stable,99.0,✅ EXCELLENT,False,NONE,3.3,0.6,NONE
1780024196.279,78.4,90.3,32.0,1491.0,45.1,13.82,32.2,32.0,32.4,31.9,optimal,optimal,optimal,optimal,optimal,optimal,↑ increasing,→ stable,→ stable,99.0,✅ EXCELLENT,False,NONE,3.4,0.0,NONE
1780024197.281,80.6,89.9,31.7,1477.0,45.5,13.81,31.8,32.2,31.9,31.9,optimal,optimal,optimal,optimal,optimal,optimal,↑ increasing,→ stable,→ stable,99.0,✅ EXCELLENT,False,NONE,3.8,0.0,NONE
1780024198.281,77.7,90.0,32.0,1490.0,45.1,13.8,32.2,31.9,31.7,32.3,optimal,optimal,optimal,optimal,optimal,optimal,→ stable,↓ decreasing,→ stable,99.0,✅ EXCELLENT,False,NONE,3.3,0.0,NONE
1780024199.282,78.3,90.9,31.8,1543.0,44.1,13.79,32.1,32.2,31.8,32.3,optimal,optimal,optimal,optimal,optimal,optimal,→ stable,↓ decreasing,→ stable,99.0,✅ EXCELLENT,False,NONE,3.6,0.0,NONE
1780024200.282,77.5,90.3,31.6,1521.0,45.3,13.77,31.8,32.3,32.4,31.6,optimal,optimal,optimal,optimal,optimal,optimal,→ stable,↓ decreasing,→ stable,99.0,✅ EXCELLENT,False,NONE,3.8,0.0,NONE
1780024201.283,78.0,90.4,32.0,1487.0,45.6,13.79,32.4,31.8,31.8,31.7,optimal,optimal,optimal,optimal,optimal,optimal,→ stable,↓ decreasing,→ stable,99.0,✅ EXCELLENT,False,NONE,3.3,0.0,NONE
1780024202.284,77.7,89.1,31.9,1456.0,44.0,13.76,32.4,31.8,31.6,32.4,optimal,optimal,optimal,optimal,optimal,optimal,↓ decreasing,↓ decreasing,→ stable,99.0,✅ EXCELLENT,False,NONE,3.4,0.4,NONE
1780024203.285,81.2,88.8,32.2,1472.0,45.8,13.8,31.7,31.7,31.8,32.0,optimal,optimal,optimal,optimal,optimal,optimal,↓ decreasing,↓ decreasing,→ stable,99.0,✅ EXCELLENT,False,NONE,3.2,0.7,NONE
1780024204.286,81.9,89.3,31.7,1490.0,44.5,13.77,32.2,32.0,32.0,32.3,optimal,optimal,optimal,optimal,optimal,optimal,↓ decreasing,↓ decreasing,→ stable,99.0,✅ EXCELLENT,False,NONE,3.9,0.2,NONE
1780024205.287,81.2,89.7,32.0,1544.0,44.4,13.83,31.9,32.1,31.7,32.0,optimal,optimal,optimal,optimal,optimal,optimal,↓ decreasing,→ stable,→ stable,99.0,✅ EXCELLENT,False,NONE,3.5,0.0,NONE
1780024206.287,80.3,90.9,32.1,1492.0,44.9,13.76,31.9,31.8,32.0,32.0,optimal,optimal,optimal,optimal,optimal,optimal,↓ decreasing,→ stable,→ stable,99.0,✅ EXCELLENT,False,NONE,3.3,0.0,NONE
1780024207.288,78.9,91.1,32.1,1474.0,44.2,13.79,32.3,32.0,31.8,32.3,optimal,optimal,optimal,optimal,optimal,optimal,↓ decreasing,→ stable,→ stable,99.0,✅ EXCELLENT,False,NONE,3.3,0.0,NONE
1780024208.289,81.8,90.0,32.1,1478.0,44.3,13.77,32.3,31.6,32.1,31.8,optimal,optimal,optimal,optimal,optimal,optimal,→ stable,→ stable,→ stable,99.0,✅ EXCELLENT,False,NONE,3.4,0.0,NONE
1780024209.289,80.6,91.0,31.7,1468.0,44.4,13.77,31.6,31.8,32.1,31.8,optimal,optimal,optimal,optimal,optimal,optimal,→ stable,→ stable,→ stable,99.0,✅ EXCELLENT,False,NONE,3.8,0.0,NONE
1780024210.291,80.6,89.3,32.1,1501.0,44.5,13.78,32.0,32.1,32.1,32.3,optimal,optimal,optimal,optimal,optimal,optimal,↑ increasing,→ stable,→ stable,99.0,✅ EXCELLENT,False,NONE,3.3,0.2,NONE
1780024211.292,79.9,90.3,31.8,1461.0,45.2,13.84,32.0,31.7,31.9,31.6,optimal,optimal,optimal,optimal,optimal,optimal,↑ increasing,→ stable,→ stable,99.0,✅ EXCELLENT,False,NONE,3.7,0.0,NONE
1780024212.292,80.3,89.9,31.8,1525.0,44.1,13.84,32.1,32.1,31.7,31.9,optimal,optimal,optimal,optimal,optimal,optimal,↑ increasing,→ stable,→ stable,99.0,✅ EXCELLENT,False,NONE,3.7,0.0,NONE
1780024213.293,81.4,90.5,32.3,1473.0,44.4,13.77,31.6,31.8,31.7,32.1,optimal,optimal,optimal,optimal,optimal,optimal,↑ increasing,→ stable,→ stable,99.0,✅ EXCELLENT,False,NONE,3.1,0.0,NONE
1780024214.294,78.2,91.1,32.2,1531.0,45.0,13.77,31.7,31.6,31.6,32.0,optimal,optimal,optimal,optimal,optimal,optimal,↑ increasing,↑ increasing,→ stable,99.0,✅ EXCELLENT,False,NONE,3.1,0.0,NONE
1780024215.294,78.0,90.3,32.1,1539.0,45.1,13.76,31.9,31.7,32.1,32.0,optimal,optimal,optimal,optimal,optimal,optimal,↑ increasing,↑ increasing,→ stable,99.0,✅ EXCELLENT,False,NONE,3.2,0.0,NONE
1780024216.295,81.5,89.4,32.1,1485.0,45.7,13.75,32.0,32.3,31.6,32.3,optimal,optimal,optimal,optimal,optimal,optimal,↑ increasing,→ stable,→ stable,99.0,✅ EXCELLENT,False,NONE,3.4,0.2,NONE
1780024217.296,79.7,89.9,32.0,1520.0,44.4,13.84,32.0,32.4,32.1,31.6,optimal,optimal,optimal,optimal,optimal,optimal,↑ increasing,→ stable,→ stable,99.0,✅ EXCELLENT,False,NONE,3.4,0.0,NONE
1780024218.297,81.6,88.6,31.6,1465.0,44.5,13.79,31.8,31.6,32.0,32.3,optimal,optimal,optimal,optimal,optimal,optimal,→ stable,→ stable,→ stable,99.0,✅ EXCELLENT,False,NONE,4.0,1.0,NONE
1780024219.297,82.9,91.3,31.6,1455.0,45.7,13.8,31.9,32.4,31.6,32.2,optimal,optimal,optimal,optimal,optimal,optimal,→ stable,→ stable,→ stable,99.0,✅ EXCELLENT,False,NONE,4.0,0.0,NONE
1780024220.298,80.2,91.3,32.0,1498.0,44.9,13.77,32.0,31.7,32.3,31.9,optimal,optimal,optimal,optimal,optimal,optimal,→ stable,→ stable,→ stable,99.0,✅ EXCELLENT,False,NONE,3.4,0.0,NONE
1780024221.299,77.2,90.2,32.0,1489.0,45.1,13.76,31.6,31.7,31.8,32.0,optimal,optimal,optimal,optimal,optimal,optimal,→ stable,→ stable,→ stable,99.0,✅ EXCELLENT,False,NONE,3.3,0.0,NONE
1780024222.299,81.9,91.1,32.3,1476.0,45.8,13.81,32.4,31.8,31.9,31.6,optimal,optimal,optimal,optimal,optimal,optimal,→ stable,→ stable,→ stable,99.0,✅ EXCELLENT,False,NONE,3.2,0.0,NONE
1780024223.3,79.6,90.9,32.1,1534.0,46.0,13.82,31.7,32.3,31.9,31.9,optimal,optimal,optimal,optimal,optimal,optimal,↓ decreasing,→ stable,→ stable,99.0,✅ EXCELLENT,False,NONE,3.3,0.0,NONE
1780024224.301,77.5,91.2,31.6,1495.0,44.3,13.85,32.3,32.2,31.8,32.2,optimal,optimal,optimal,optimal,optimal,optimal,→ stable,→ stable,→ stable,99.0,✅ EXCELLENT,False,NONE,3.8,0.0,NONE
1780024225.302,79.7,90.5,32.4,1498.0,44.3,13.79,32.3,31.7,31.9,32.1,optimal,optimal,optimal,optimal,optimal,optimal,→ stable,→ stable,→ stable,99.0,✅ EXCELLENT,False,NONE,3.0,0.0,NONE
1780024226.303,82.5,89.0,31.7,1488.0,44.6,13.79,32.3,31.7,31.9,32.0,optimal,optimal,optimal,optimal,optimal,optimal,→ stable,→ stable,→ stable,99.0,✅ EXCELLENT,False,NONE,3.9,0.5,NONE
1780024227.304,77.2,89.5,32.1,1529.0,44.2,13.78,31.7,32.3,31.6,32.1,optimal,optimal,optimal,optimal,optimal,optimal,→ stable,→ stable,→ stable,99.0,✅ EXCELLENT,False,NONE,3.2,0.1,NONE
1780024228.305,78.3,88.7,31.8,1517.0,44.9,13.83,32.4,32.1,31.8,31.8,optimal,optimal,optimal,optimal,optimal,optimal,→ stable,→ stable,→ stable,99.0,✅ EXCELLENT,False,NONE,3.6,0.8,NONE
1780024229.305,80.1,90.2,31.6,1452.0,45.1,13.79,31.7,31.8,31.9,31.7,optimal,optimal,optimal,optimal,optimal,optimal,↓ decreasing,→ stable,→ stable,99.0,✅ EXCELLENT,False,NONE,3.9,0.0,NONE
1780024230.307,79.5,89.4,31.9,1515.0,44.1,13.81,31.8,32.3,31.9,32.0,optimal,optimal,optimal,optimal,optimal,optimal,↓ decreasing,→ stable,→ stable,99.0,✅ EXCELLENT,False,NONE,3.5,0.2,NONE
1780024231.308,82.7,89.9,32.4,1486.0,45.0,13.76,31.9,31.8,31.7,32.4,optimal,optimal,optimal,optimal,optimal,optimal,→ stable,→ stable,→ stable,99.0,✅ EXCELLENT,False,NONE,3.1,0.0,NONE
1780024232.309,79.6,88.7,31.8,1510.0,44.2,13.84,31.9,31.8,32.0,32.0,optimal,optimal,optimal,optimal,optimal,optimal,↓ decreasing,↓ decreasing,→ stable,99.0,✅ EXCELLENT,False,NONE,3.6,0.8,NONE
1780024233.309,80.3,89.1,32.2,1458.0,45.1,13.76,32.0,31.7,32.3,32.1,optimal,optimal,optimal,optimal,optimal,optimal,→ stable,↓ decreasing,→ stable,99.0,✅ EXCELLENT,False,NONE,3.2,0.4,NONE
1780024234.311,77.2,89.3,31.6,1466.0,44.0,13.76,32.1,32.3,31.8,32.2,optimal,optimal,optimal,optimal,optimal,optimal,→ stable,↓ decreasing,→ stable,99.0,✅ EXCELLENT,False,NONE,3.7,0.2,NONE
1780024235.312,79.3,88.9,31.9,1483.0,45.5,13.8,32.4,31.9,32.3,31.7,optimal,optimal,optimal,optimal,optimal,optimal,↓ decreasing,↓ decreasing,→ stable,99.0,✅ EXCELLENT,False,NONE,3.5,0.6,NONE
1780024236.313,81.1,88.8,32.1,1504.0,45.4,13.81,32.4,32.4,31.8,32.2,optimal,optimal,optimal,optimal,optimal,optimal,↓ decreasing,↓ decreasing,→ stable,99.0,✅ EXCELLENT,False,NONE,3.4,0.7,NONE
1780024237.314,77.9,91.3,32.1,1458.0,46.0,13.84,31.8,32.0,31.8,31.9,optimal,optimal,optimal,optimal,optimal,optimal,→ stable,↓ decreasing,→ stable,99.0,✅ EXCELLENT,False,NONE,3.2,0.0,NONE
1780024238.314,79.1,90.8,32.0,1493.0,45.7,13.81,32.3,32.2,31.7,32.3,optimal,optimal,optimal,optimal,optimal,optimal,→ stable,↓ decreasing,→ stable,99.0,✅ EXCELLENT,False,NONE,3.4,0.0,NONE
1780024239.314,79.5,90.8,32.1,1484.0,44.3,13.83,32.3,32.3,32.2,32.2,optimal,optimal,optimal,optimal,optimal,optimal,→ stable,↓ decreasing,→ stable,99.0,✅ EXCELLENT,False,NONE,3.3,0.0,NONE
1780024240.314,78.4,89.3,31.6,1500.0,44.8,13.81,32.0,32.0,32.1,32.1,optimal,optimal,optimal,optimal,optimal,optimal,→ stable,→ stable,→ stable,99.0,✅ EXCELLENT,False,NONE,3.8,0.2,NONE
1780024241.314,81.2,90.1,31.7,1529.0,45.5,13.83,31.6,32.1,32.1,32.0,optimal,optimal,optimal,optimal,optimal,optimal,↓ decreasing,→ stable,→ stable,99.0,✅ EXCELLENT,False,NONE,3.8,0.0,NONE
1780024242.314,82.1,89.3,32.2,1468.0,44.4,13.79,31.8,31.7,32.3,31.7,optimal,optimal,optimal,optimal,optimal,optimal,→ stable,→ stable,→ stable,99.0,✅ EXCELLENT,False,NONE,3.3,0.2,NONE
1780024243.315,82.6,89.9,31.8,1488.0,45.2,13.81,31.9,32.4,31.9,31.7,optimal,optimal,optimal,optimal,optimal,optimal,→ stable,→ stable,→ stable,99.0,✅ EXCELLENT,False,NONE,3.8,0.0,NONE
1780024244.316,79.5,89.7,32.1,1493.0,45.0,13.76,32.3,31.7,32.1,32.2,optimal,optimal,optimal,optimal,optimal,optimal,→ stable,→ stable,→ stable,99.0,✅ EXCELLENT,False,NONE,3.3,0.0,NONE
1780024245.317,77.5,89.7,32.1,1482.0,44.3,13.83,31.9,31.7,31.9,31.9,optimal,optimal,optimal,optimal,optimal,optimal,→ stable,↑ increasing,→ stable,99.0,✅ EXCELLENT,False,NONE,3.2,0.0,NONE
1780024246.318,81.1,89.4,31.7,1535.0,44.4,13.82,31.9,31.8,32.2,31.8,optimal,optimal,optimal,optimal,optimal,optimal,→ stable,↑ increasing,→ stable,99.0,✅ EXCELLENT,False,NONE,3.8,0.2,NONE
1780024247.32,82.6,89.3,31.7,1514.0,44.9,13.83,32.4,31.7,32.3,32.0,optimal,optimal,optimal,optimal,optimal,optimal,↑ increasing,→ stable,→ stable,99.0,✅ EXCELLENT,False,NONE,3.9,0.2,NONE
1780024248.32,77.8,90.6,32.3,1479.0,44.9,13.76,32.0,32.2,31.8,32.4,optimal,optimal,optimal,optimal,optimal,optimal,↑ increasing,→ stable,→ stable,99.0,✅ EXCELLENT,False,NONE,3.0,0.0,NONE
1780024249.321,81.8,91.3,32.1,1517.0,45.5,13.83,31.6,31.6,31.9,32.1,optimal,optimal,optimal,optimal,optimal,optimal,↑ increasing,→ stable,→ stable,99.0,✅ EXCELLENT,False,NONE,3.4,0.0,NONE
1780024250.321,82.4,89.9,31.6,1505.0,45.6,13.81,31.7,32.3,31.7,31.7,optimal,optimal,optimal,optimal,optimal,optimal,↑ increasing,→ stable,→ stable,99.0,✅ EXCELLENT,False,NONE,4.0,0.0,NONE
1780024251.321,81.2,88.6,31.8,1535.0,45.7,13.8,31.8,32.1,31.7,32.2,optimal,optimal,optimal,optimal,optimal,optimal,↑ increasing,→ stable,→ stable,99.0,✅ EXCELLENT,False,NONE,3.7,1.0,NONE
1780024252.321,79.0,89.0,32.1,1460.0,44.1,13.76,32.3,32.3,32.2,31.9,optimal,optimal,optimal,optimal,optimal,optimal,↑ increasing,→ stable,→ stable,99.0,✅ EXCELLENT,False,NONE,3.3,0.5,NONE
1780024253.321,80.7,91.0,32.0,1550.0,46.0,13.83,32.0,31.7,31.9,31.8,optimal,optimal,optimal,optimal,optimal,optimal,↑ increasing,→ stable,→ stable,99.0,✅ EXCELLENT,False,NONE,3.5,0.0,NONE
1780024254.323,79.3,90.0,31.9,1539.0,44.9,13.82,32.1,31.7,32.0,32.4,optimal,optimal,optimal,optimal,optimal,optimal,→ stable,→ stable,→ stable,99.0,✅ EXCELLENT,False,NONE,3.5,0.0,NONE
1780024255.323,81.5,90.8,32.3,1512.0,44.7,13.85,31.8,32.1,31.8,32.4,optimal,optimal,optimal,optimal,optimal,optimal,↑ increasing,→ stable,→ stable,99.0,✅ EXCELLENT,False,NONE,3.1,0.0,NONE
1780024256.324,77.6,90.2,31.6,1468.0,44.1,13.81,32.2,32.2,32.3,31.9,optimal,optimal,optimal,optimal,optimal,optimal,→ stable,→ stable,→ stable,99.0,✅ EXCELLENT,False,NONE,3.8,0.0,NONE
1780024257.325,79.3,89.6,32.0,1504.0,45.9,13.83,32.3,32.1,32.3,32.1,optimal,optimal,optimal,optimal,optimal,optimal,→ stable,→ stable,→ stable,99.0,✅ EXCELLENT,False,NONE,3.4,0.1,NONE
1780024258.326,80.5,90.4,32.0,1527.0,45.3,13.8,32.2,32.3,32.2,31.6,optimal,optimal,optimal,optimal,optimal,optimal,→ stable,→ stable,→ stable,99.0,✅ EXCELLENT,False,NONE,3.5,0.0,NONE
1780024259.327,80.4,90.3,31.8,1505.0,45.7,13.84,32.3,32.0,32.2,32.1,optimal,optimal,optimal,optimal,optimal,optimal,→ stable,→ stable,→ stable,99.0,✅ EXCELLENT,False,NONE,3.7,0.0,NONE
1780024260.327,79.0,89.0,31.9,1463.0,45.5,13.78,32.1,32.0,32.0,32.0,optimal,optimal,optimal,optimal,optimal,optimal,↓ decreasing,→ stable,→ stable,99.0,✅ EXCELLENT,False,NONE,3.5,0.5,NONE
1780024261.329,82.4,88.7,31.7,1482.0,46.0,13.83,32.3,31.8,31.7,31.8,optimal,optimal,optimal,optimal,optimal,optimal,↓ decreasing,→ stable,→ stable,99.0,✅ EXCELLENT,False,NONE,3.9,0.8,NONE
1780024262.33,80.3,90.9,31.7,1455.0,44.9,13.82,32.3,32.0,32.4,31.9,optimal,optimal,optimal,optimal,optimal,optimal,→ stable,→ stable,→ stable,99.0,✅ EXCELLENT,False,NONE,3.8,0.0,NONE
1780024263.331,78.6,90.3,31.9,1483.0,45.7,13.78,32.3,32.3,32.2,31.7,optimal,optimal,optimal,optimal,optimal,optimal,→ stable,→ stable,→ stable,99.0,✅ EXCELLENT,False,NONE,3.5,0.0,NONE
1780024264.332,80.2,90.1,31.6,1457.0,44.6,13.79,31.7,31.8,31.9,31.7,optimal,optimal,optimal,optimal,optimal,optimal,→ stable,→ stable,→ stable,99.0,✅ EXCELLENT,False,NONE,3.9,0.0,NONE
1780024265.333,80.5,91.0,31.8,1527.0,44.1,13.82,31.8,32.1,32.2,32.0,optimal,optimal,optimal,optimal,optimal,optimal,↓ decreasing,→ stable,→ stable,99.0,✅ EXCELLENT,False,NONE,3.7,0.0,NONE
1780024266.334,81.2,88.7,32.2,1488.0,45.0,13.81,31.7,31.9,32.2,32.3,optimal,optimal,optimal,optimal,optimal,optimal,→ stable,→ stable,→ stable,99.0,✅ EXCELLENT,False,NONE,3.2,0.8,NONE
1780024267.334,80.3,90.7,32.2,1479.0,45.4,13.76,31.7,32.2,31.7,31.9,optimal,optimal,optimal,optimal,optimal,optimal,→ stable,→ stable,→ stable,99.0,✅ EXCELLENT,False,NONE,3.2,0.0,NONE
1780024268.336,78.2,89.9,32.2,1485.0,45.0,13.78,32.2,32.2,31.9,31.6,optimal,optimal,optimal,optimal,optimal,optimal,→ stable,→ stable,→ stable,99.0,✅ EXCELLENT,False,NONE,3.1,0.0,NONE
1780024269.337,81.0,88.8,32.2,1518.0,44.6,13.8,31.8,32.3,31.9,32.2,optimal,optimal,optimal,optimal,optimal,optimal,→ stable,→ stable,→ stable,99.0,✅ EXCELLENT,False,NONE,3.2,0.7,NONE
1780024270.338,77.2,91.2,32.0,1507.0,45.4,13.83,32.3,32.0,31.7,31.9,optimal,optimal,optimal,optimal,optimal,optimal,→ stable,→ stable,→ stable,99.0,✅ EXCELLENT,False,NONE,3.3,0.0,NONE
1780024271.339,82.2,91.1,32.2,1528.0,44.9,13.84,32.4,31.7,32.1,32.1,optimal,optimal,optimal,optimal,optimal,optimal,→ stable,→ stable,→ stable,99.0,✅ EXCELLENT,False,NONE,3.3,0.0,NONE
1780024272.34,79.6,90.0,32.0,1497.0,45.2,13.81,32.3,31.8,31.9,31.7,optimal,optimal,optimal,optimal,optimal,optimal,→ stable,→ stable,→ stable,99.0,✅ EXCELLENT,False,NONE,3.4,0.0,NONE
1780024273.34,80.4,89.8,32.3,1548.0,45.8,13.76,31.6,32.3,31.7,32.1,optimal,optimal,optimal,optimal,optimal,optimal,→ stable,→ stable,→ stable,99.0,✅ EXCELLENT,False,NONE,3.1,0.0,NONE
1780024274.342,80.0,88.9,32.1,1460.0,45.3,13.83,31.9,32.1,32.3,32.1,optimal,optimal,optimal,optimal,optimal,optimal,→ stable,→ stable,→ stable,99.0,✅ EXCELLENT,False,NONE,3.3,0.6,NONE
1780024275.342,80.9,88.8,32.3,1540.0,44.0,13.85,32.0,31.9,31.6,32.4,optimal,optimal,optimal,optimal,optimal,optimal,→ stable,→ stable,→ stable,99.0,✅ EXCELLENT,False,NONE,3.1,0.7,NONE
1780024276.344,77.8,89.4,32.1,1537.0,45.1,13.81,32.1,32.4,31.7,32.0,optimal,optimal,optimal,optimal,optimal,optimal,→ stable,→ stable,→ stable,99.0,✅ EXCELLENT,False,NONE,3.2,0.2,NONE
1780024277.345,79.3,89.3,31.9,1499.0,44.8,13.83,32.4,31.8,32.2,32.4,optimal,optimal,optimal,optimal,optimal,optimal,↓ decreasing,→ stable,→ stable,99.0,✅ EXCELLENT,False,NONE,3.5,0.2,NONE
1780024278.345,82.7,90.2,31.9,1518.0,44.7,13.76,31.8,31.8,32.0,31.8,optimal,optimal,optimal,optimal,optimal,optimal,→ stable,→ stable,→ stable,99.0,✅ EXCELLENT,False,NONE,3.7,0.0,NONE
1780024279.345,79.1,89.9,32.4,1495.0,46.0,13.76,32.1,31.7,31.8,31.7,optimal,optimal,optimal,optimal,optimal,optimal,→ stable,→ stable,→ stable,99.0,✅ EXCELLENT,False,NONE,2.9,0.0,NONE
1780024280.346,79.7,90.1,32.1,1524.0,45.3,13.81,31.8,31.8,31.9,31.9,optimal,optimal,optimal,optimal,optimal,optimal,→ stable,→ stable,→ stable,99.0,✅ EXCELLENT,False,NONE,3.3,0.0,NONE
1780024281.346,81.3,89.4,32.0,1460.0,45.1,13.84,32.0,31.8,31.7,32.0,optimal,optimal,optimal,optimal,optimal,optimal,→ stable,↓ decreasing,→ stable,99.0,✅ EXCELLENT,False,NONE,3.5,0.2,NONE
1780024282.348,77.5,90.1,32.2,1470.0,44.5,13.81,31.7,31.7,31.9,32.3,optimal,optimal,optimal,optimal,optimal,optimal,→ stable,↓ decreasing,→ stable,99.0,✅ EXCELLENT,False,NONE,3.1,0.0,NONE
1780024283.348,79.2,88.8,31.7,1521.0,44.2,13.76,31.7,32.0,32.3,31.9,optimal,optimal,optimal,optimal,optimal,optimal,→ stable,↓ decreasing,→ stable,99.0,✅ EXCELLENT,False,NONE,3.7,0.7,NONE
1780024284.348,80.3,88.9,32.1,1550.0,45.8,13.77,32.4,32.3,32.2,31.9,optimal,optimal,optimal,optimal,optimal,optimal,→ stable,↓ decreasing,→ stable,99.0,✅ EXCELLENT,False,NONE,3.3,0.6,NONE
1780024285.348,79.7,91.5,32.4,1452.0,44.2,13.81,32.1,31.8,31.7,32.4,optimal,optimal,optimal,optimal,optimal,optimal,→ stable,→ stable,→ stable,99.0,✅ EXCELLENT,False,NONE,3.0,0.0,NONE
1780024286.349,77.9,90.0,31.6,1501.0,45.2,13.79,32.0,32.0,32.0,31.9,optimal,optimal,optimal,optimal,optimal,optimal,→ stable,→ stable,→ stable,99.0,✅ EXCELLENT,False,NONE,3.8,0.0,NONE
1780024287.35,78.5,91.1,31.6,1503.0,46.0,13.84,32.2,31.9,32.0,32.4,optimal,optimal,optimal,optimal,optimal,optimal,→ stable,→ stable,→ stable,99.0,✅ EXCELLENT,False,NONE,3.8,0.0,NONE
1780024288.351,81.3,90.3,32.0,1507.0,44.7,13.78,31.7,32.3,31.7,32.1,optimal,optimal,optimal,optimal,optimal,optimal,↓ decreasing,→ stable,→ stable,99.0,✅ EXCELLENT,False,NONE,3.5,0.0,NONE
1780024289.352,81.7,89.7,31.8,1520.0,44.3,13.79,32.2,31.9,31.9,32.0,optimal,optimal,optimal,optimal,optimal,optimal,→ stable,→ stable,→ stable,99.0,✅ EXCELLENT,False,NONE,3.7,0.0,NONE
1780024290.352,79.7,91.2,32.0,1534.0,45.5,13.76,31.8,31.8,31.7,31.8,optimal,optimal,optimal,optimal,optimal,optimal,→ stable,→ stable,→ stable,99.0,✅ EXCELLENT,False,NONE,3.4,0.0,NONE
1780024291.352,79.1,90.8,32.0,1517.0,45.8,13.79,32.2,32.2,31.7,32.0,optimal,optimal,optimal,optimal,optimal,optimal,↓ decreasing,↑ increasing,→ stable,99.0,✅ EXCELLENT,False,NONE,3.4,0.0,NONE
1780024292.352,81.5,89.3,31.9,1546.0,44.1,13.82,32.3,31.9,32.2,32.0,optimal,optimal,optimal,optimal,optimal,optimal,→ stable,↑ increasing,→ stable,99.0,✅ EXCELLENT,False,NONE,3.6,0.2,NONE
1780024293.353,78.0,90.6,32.0,1468.0,45.8,13.85,31.6,31.9,31.9,31.9,optimal,optimal,optimal,optimal,optimal,optimal,→ stable,↑ increasing,→ stable,99.0,✅ EXCELLENT,False,NONE,3.3,0.0,NONE
1780024294.353,77.9,89.6,32.3,1491.0,44.7,13.79,32.1,32.3,32.3,32.1,optimal,optimal,optimal,optimal,optimal,optimal,→ stable,↑ increasing,→ stable,99.0,✅ EXCELLENT,False,NONE,3.0,0.1,NONE
1780024295.354,80.5,90.0,31.8,1468.0,46.0,13.78,32.1,31.7,31.8,32.1,optimal,optimal,optimal,optimal,optimal,optimal,→ stable,→ stable,→ stable,99.0,✅ EXCELLENT,False,NONE,3.7,0.0,NONE
1780024296.354,82.4,89.2,32.4,1515.0,45.2,13.76,31.7,31.6,31.7,32.4,optimal,optimal,optimal,optimal,optimal,optimal,→ stable,→ stable,→ stable,99.0,✅ EXCELLENT,False,NONE,3.1,0.3,NONE
1780024297.354,80.8,88.5,32.3,1513.0,44.7,13.84,32.2,31.7,32.4,31.7,optimal,optimal,optimal,optimal,optimal,optimal,↑ increasing,→ stable,→ stable,99.0,✅ EXCELLENT,False,NONE,3.1,1.1,NONE
1780024298.355,77.6,90.1,31.9,1542.0,44.5,13.75,32.3,31.6,31.6,32.3,optimal,optimal,optimal,optimal,optimal,optimal,→ stable,→ stable,→ stable,99.0,✅ EXCELLENT,False,NONE,3.4,0.0,NONE
1780024299.355,82.0,90.0,32.1,1516.0,45.7,13.78,32.4,31.8,31.8,31.8,optimal,optimal,optimal,optimal,optimal,optimal,→ stable,→ stable,→ stable,99.0,✅ EXCELLENT,False,NONE,3.4,0.0,NONE
1780024300.355,77.4,88.6,32.2,1481.0,44.3,13.83,31.8,32.0,32.0,32.2,optimal,optimal,optimal,optimal,optimal,optimal,→ stable,→ stable,→ stable,99.0,✅ EXCELLENT,False,NONE,3.1,1.0,NONE
1780024301.355,80.4,90.1,31.7,1476.0,45.9,13.82,32.4,31.9,32.2,31.9,optimal,optimal,optimal,optimal,optimal,optimal,→ stable,↓ decreasing,→ stable,99.0,✅ EXCELLENT,False,NONE,3.8,0.0,NONE
1780024302.355,80.2,91.1,32.2,1496.0,44.6,13.8,32.3,32.2,32.4,32.1,optimal,optimal,optimal,optimal,optimal,optimal,→ stable,→ stable,→ stable,99.0,✅ EXCELLENT,False,NONE,3.2,0.0,NONE
1780024303.357,80.8,89.7,31.9,1478.0,44.4,13.83,31.7,31.9,32.0,32.0,optimal,optimal,optimal,optimal,optimal,optimal,→ stable,↓ decreasing,→ stable,99.0,✅ EXCELLENT,False,NONE,3.6,0.0,NONE
1780024304.358,77.1,88.9,31.9,1473.0,44.9,13.78,32.3,32.3,32.3,31.9,optimal,optimal,optimal,optimal,optimal,optimal,→ stable,↓ decreasing,→ stable,99.0,✅ EXCELLENT,False,NONE,3.4,0.6,NONE
1780024305.358,77.5,90.9,32.3,1548.0,44.3,13.76,32.2,31.9,31.7,32.0,optimal,optimal,optimal,optimal,optimal,optimal,→ stable,↓ decreasing,→ stable,99.0,✅ EXCELLENT,False,NONE,3.0,0.0,NONE
1780024306.36,80.2,90.2,31.7,1464.0,44.9,13.8,31.6,32.4,31.6,31.9,optimal,optimal,optimal,optimal,optimal,optimal,↓ decreasing,→ stable,→ stable,99.0,✅ EXCELLENT,False,NONE,3.8,0.0,NONE
1780024307.36,78.2,89.9,31.7,1461.0,45.6,13.83,31.9,32.0,31.8,32.2,optimal,optimal,optimal,optimal,optimal,optimal,↓ decreasing,→ stable,→ stable,99.0,✅ EXCELLENT,False,NONE,3.7,0.0,NONE
1780024308.362,83.0,89.6,32.0,1511.0,44.7,13.77,31.8,31.7,32.1,31.9,optimal,optimal,optimal,optimal,optimal,optimal,→ stable,→ stable,→ stable,99.0,✅ EXCELLENT,False,NONE,3.6,0.1,NONE
1780024309.363,80.1,88.9,31.8,1518.0,45.9,13.78,32.1,32.0,32.1,32.1,optimal,optimal,optimal,optimal,optimal,optimal,→ stable,→ stable,→ stable,99.0,✅ EXCELLENT,False,NONE,3.7,0.6,NONE
1780024310.364,78.9,88.6,32.3,1524.0,45.3,13.76,31.7,31.9,32.3,32.0,optimal,optimal,optimal,optimal,optimal,optimal,→ stable,→ stable,→ stable,99.0,✅ EXCELLENT,False,NONE,3.0,1.0,NONE
1780024311.365,78.9,90.2,32.1,1542.0,45.5,13.78,32.3,31.9,31.8,32.2,optimal,optimal,optimal,optimal,optimal,optimal,→ stable,→ stable,→ stable,99.0,✅ EXCELLENT,False,NONE,3.3,0.0,NONE
1780024312.366,78.9,88.9,32.3,1526.0,44.7,13.85,32.0,32.2,31.6,32.1,optimal,optimal,optimal,optimal,optimal,optimal,→ stable,→ stable,→ stable,99.0,✅ EXCELLENT,False,NONE,3.0,0.6,NONE
1780024313.366,77.3,90.7,32.0,1516.0,44.9,13.78,31.6,32.1,32.2,31.7,optimal,optimal,optimal,optimal,optimal,optimal,↓ decreasing,→ stable,→ stable,99.0,✅ EXCELLENT,False,NONE,3.3,0.0,NONE
1780024314.366,82.3,90.6,31.8,1526.0,45.4,13.83,32.1,31.6,32.3,32.1,optimal,optimal,optimal,optimal,optimal,optimal,→ stable,→ stable,→ stable,99.0,✅ EXCELLENT,False,NONE,3.8,0.0,NONE
1780024315.366,79.3,91.0,32.4,1537.0,44.1,13.79,32.0,31.8,32.0,32.1,optimal,optimal,optimal,optimal,optimal,optimal,→ stable,→ stable,→ stable,99.0,✅ EXCELLENT,False,NONE,2.9,0.0,NONE
1780024316.366,78.9,90.7,32.2,1472.0,45.4,13.77,31.8,31.8,31.8,32.3,optimal,optimal,optimal,optimal,optimal,optimal,→ stable,→ stable,→ stable,99.0,✅ EXCELLENT,False,NONE,3.2,0.0,NONE
1780024317.367,78.9,89.5,31.7,1484.0,45.6,13.79,32.1,31.7,31.9,32.0,optimal,optimal,optimal,optimal,optimal,optimal,↑ increasing,→ stable,→ stable,99.0,✅ EXCELLENT,False,NONE,3.7,0.1,NONE
1780024318.367,79.6,90.9,32.0,1462.0,45.5,13.85,32.0,32.3,32.2,32.2,optimal,optimal,optimal,optimal,optimal,optimal,→ stable,→ stable,→ stable,99.0,✅ EXCELLENT,False,NONE,3.4,0.0,NONE
1780024319.368,78.7,90.8,32.2,1519.0,44.6,13.76,31.9,32.2,31.7,31.7,optimal,optimal,optimal,optimal,optimal,optimal,→ stable,→ stable,→ stable,99.0,✅ EXCELLENT,False,NONE,3.1,0.0,NONE
1780024320.369,78.5,90.4,31.9,1487.0,45.0,13.77,32.2,31.9,31.9,32.2,optimal,optimal,optimal,optimal,optimal,optimal,↓ decreasing,↑ increasing,→ stable,99.0,✅ EXCELLENT,False,NONE,3.5,0.0,NONE
1780024321.37,78.6,89.5,32.1,1470.0,45.2,13.76,31.8,32.3,31.7,32.2,optimal,optimal,optimal,optimal,optimal,optimal,→ stable,→ stable,→ stable,99.0,✅ EXCELLENT,False,NONE,3.3,0.1,NONE
1780024322.372,78.5,88.8,31.6,1530.0,45.0,13.8,32.2,31.8,32.3,32.0,optimal,optimal,optimal,optimal,optimal,optimal,→ stable,↑ increasing,→ stable,99.0,✅ EXCELLENT,False,NONE,3.8,0.7,NONE
1780024323.373,77.7,89.7,32.1,1496.0,44.8,13.8,32.0,31.9,31.8,32.0,optimal,optimal,optimal,optimal,optimal,optimal,→ stable,↑ increasing,→ stable,99.0,✅ EXCELLENT,False,NONE,3.2,0.0,NONE
1780024324.373,78.3,89.7,32.4,1547.0,45.3,13.84,31.9,31.6,32.0,32.2,optimal,optimal,optimal,optimal,optimal,optimal,↓ decreasing,→ stable,→ stable,99.0,✅ EXCELLENT,False,NONE,2.9,0.0,NONE
1780024325.373,80.8,89.5,32.4,1541.0,45.9,13.81,31.8,32.4,31.8,31.8,optimal,optimal,optimal,optimal,optimal,optimal,↓ decreasing,→ stable,→ stable,99.0,✅ EXCELLENT,False,NONE,3.0,0.1,NONE
1780024326.374,77.9,88.8,31.8,1459.0,45.0,13.85,31.6,31.7,31.9,31.8,optimal,optimal,optimal,optimal,optimal,optimal,↓ decreasing,→ stable,→ stable,99.0,✅ EXCELLENT,False,NONE,3.6,0.7,NONE
1780024327.375,81.7,89.1,31.7,1484.0,44.8,13.84,32.2,32.2,32.4,31.8,optimal,optimal,optimal,optimal,optimal,optimal,↓ decreasing,→ stable,→ stable,99.0,✅ EXCELLENT,False,NONE,3.9,0.4,NONE
1780024328.377,79.4,88.8,32.1,1500.0,44.7,13.76,32.0,32.3,31.9,32.2,optimal,optimal,optimal,optimal,optimal,optimal,→ stable,→ stable,→ stable,99.0,✅ EXCELLENT,False,NONE,3.3,0.7,NONE
1780024329.377,80.7,90.9,32.3,1496.0,45.5,13.85,31.9,31.9,32.2,32.2,optimal,optimal,optimal,optimal,optimal,optimal,→ stable,↓ decreasing,→ stable,99.0,✅ EXCELLENT,False,NONE,3.1,0.0,NONE
1780024330.378,79.4,91.2,32.1,1526.0,44.1,13.75,31.9,32.2,32.3,32.3,optimal,optimal,optimal,optimal,optimal,optimal,→ stable,↓ decreasing,→ stable,99.0,✅ EXCELLENT,False,NONE,3.3,0.0,NONE
1780024331.379,77.1,91.4,32.1,1547.0,45.7,13.83,32.1,31.7,32.1,31.8,optimal,optimal,optimal,optimal,optimal,optimal,→ stable,↓ decreasing,→ stable,99.0,✅ EXCELLENT,False,NONE,3.2,0.0,NONE
1780024332.38,78.0,91.2,32.0,1505.0,44.3,13.85,32.3,32.3,32.2,31.8,optimal,optimal,optimal,optimal,optimal,optimal,→ stable,→ stable,→ stable,99.0,✅ EXCELLENT,False,NONE,3.3,0.0,NONE
1780024333.381,80.5,89.5,31.8,1520.0,44.0,13.81,32.0,31.9,31.6,31.8,optimal,optimal,optimal,optimal,optimal,optimal,→ stable,→ stable,→ stable,99.0,✅ EXCELLENT,False,NONE,3.7,0.1,NONE
1780024334.382,80.9,91.4,32.0,1534.0,45.3,13.82,32.2,31.6,32.2,31.8,optimal,optimal,optimal,optimal,optimal,optimal,↑ increasing,→ stable,→ stable,99.0,✅ EXCELLENT,False,NONE,3.5,0.0,NONE
1780024335.383,80.1,88.7,32.4,1502.0,44.0,13.77,32.1,32.4,31.7,32.2,optimal,optimal,optimal,optimal,optimal,optimal,↑ increasing,→ stable,→ stable,99.0,✅ EXCELLENT,False,NONE,3.0,0.8,NONE
1780024336.383,82.4,90.6,32.1,1494.0,45.4,13.8,31.9,32.4,31.7,31.8,optimal,optimal,optimal,optimal,optimal,optimal,↑ increasing,↑ increasing,→ stable,99.0,✅ EXCELLENT,False,NONE,3.4,0.0,NONE
1780024337.383,77.8,90.1,31.8,1459.0,45.6,13.78,31.7,32.1,32.3,31.8,optimal,optimal,optimal,optimal,optimal,optimal,↑ increasing,↑ increasing,→ stable,99.0,✅ EXCELLENT,False,NONE,3.6,0.0,NONE
1780024338.384,82.4,88.9,32.2,1535.0,45.7,13.79,31.9,31.9,31.9,31.6,optimal,optimal,optimal,optimal,optimal,optimal,↑ increasing,↑ increasing,→ stable,99.0,✅ EXCELLENT,False,NONE,3.3,0.6,NONE
1780024339.384,81.9,88.7,31.7,1486.0,44.2,13.76,32.2,32.3,31.7,31.9,optimal,optimal,optimal,optimal,optimal,optimal,↑ increasing,↑ increasing,→ stable,99.0,✅ EXCELLENT,False,NONE,3.9,0.8,NONE
1780024340.385,80.4,90.7,32.0,1512.0,44.5,13.77,32.1,31.7,32.1,32.4,optimal,optimal,optimal,optimal,optimal,optimal,↑ increasing,↑ increasing,→ stable,99.0,✅ EXCELLENT,False,NONE,3.4,0.0,NONE
1780024341.386,82.1,89.3,32.0,1550.0,45.4,13.84,31.8,31.6,32.3,32.0,optimal,optimal,optimal,optimal,optimal,optimal,↑ increasing,→ stable,→ stable,99.0,✅ EXCELLENT,False,NONE,3.5,0.2,NONE
1780024342.386,82.8,89.2,31.8,1476.0,44.6,13.8,31.7,32.0,32.0,32.2,optimal,optimal,optimal,optimal,optimal,optimal,↑ increasing,→ stable,→ stable,99.0,✅ EXCELLENT,False,NONE,3.8,0.3,NONE
1780024343.386,82.1,89.6,31.6,1521.0,44.1,13.81,31.8,32.2,32.3,31.9,optimal,optimal,optimal,optimal,optimal,optimal,↑ increasing,→ stable,→ stable,99.0,✅ EXCELLENT,False,NONE,4.0,0.1,NONE
1780024344.386,81.8,89.3,32.3,1526.0,44.4,13.79,31.9,32.0,32.3,31.9,optimal,optimal,optimal,optimal,optimal,optimal,↑ increasing,↓ decreasing,→ stable,99.0,✅ EXCELLENT,False,NONE,3.2,0.2,NONE
1780024345.387,81.2,89.6,32.3,1534.0,45.2,13.85,31.7,32.0,32.0,31.6,optimal,optimal,optimal,optimal,optimal,optimal,↑ increasing,→ stable,→ stable,99.0,✅ EXCELLENT,False,NONE,3.1,0.1,NONE
1780024346.388,79.3,90.9,31.8,1480.0,44.9,13.79,32.3,32.3,31.7,31.8,optimal,optimal,optimal,optimal,optimal,optimal,↑ increasing,↓ decreasing,→ stable,99.0,✅ EXCELLENT,False,NONE,3.6,0.0,NONE
1780024347.388,77.8,89.3,32.3,1539.0,45.1,13.77,31.8,32.3,32.2,31.9,optimal,optimal,optimal,optimal,optimal,optimal,↑ increasing,↓ decreasing,→ stable,99.0,✅ EXCELLENT,False,NONE,3.0,0.2,NONE
1780024348.389,77.5,90.4,31.8,1534.0,45.0,13.82,32.1,32.1,31.9,31.9,optimal,optimal,optimal,optimal,optimal,optimal,↑ increasing,↓ decreasing,→ stable,99.0,✅ EXCELLENT,False,NONE,3.5,0.0,NONE
1780024349.389,81.5,89.6,32.1,1536.0,44.1,13.81,31.9,31.7,32.2,32.3,optimal,optimal,optimal,optimal,optimal,optimal,↑ increasing,→ stable,→ stable,99.0,✅ EXCELLENT,False,NONE,3.4,0.1,NONE
1780024350.389,77.5,90.0,31.9,1542.0,45.3,13.8,32.0,31.6,31.7,32.0,optimal,optimal,optimal,optimal,optimal,optimal,→ stable,→ stable,→ stable,99.0,✅ EXCELLENT,False,NONE,3.4,0.0,NONE
1780024351.39,78.8,89.4,32.3,1454.0,45.6,13.79,32.4,31.9,31.9,31.9,optimal,optimal,optimal,optimal,optimal,optimal,↓ decreasing,→ stable,→ stable,99.0,✅ EXCELLENT,False,NONE,3.0,0.2,NONE
1780024352.391,80.4,89.5,32.4,1480.0,45.8,13.83,32.3,31.8,32.0,32.3,optimal,optimal,optimal,optimal,optimal,optimal,↓ decreasing,→ stable,→ stable,99.0,✅ EXCELLENT,False,NONE,3.0,0.1,NONE
1780024353.392,82.2,89.0,32.3,1455.0,45.6,13.81,31.7,31.9,31.9,31.9,optimal,optimal,optimal,optimal,optimal,optimal,↓ decreasing,→ stable,→ stable,99.0,✅ EXCELLENT,False,NONE,3.2,0.5,NONE
1780024354.392,82.1,88.8,32.4,1473.0,45.6,13.84,32.4,32.3,32.4,31.7,optimal,optimal,optimal,optimal,optimal,optimal,↓ decreasing,→ stable,→ stable,99.0,✅ EXCELLENT,False,NONE,3.0,0.7,NONE
1780024355.392,78.3,90.6,31.8,1464.0,46.0,13.8,31.7,32.2,31.9,31.8,optimal,optimal,optimal,optimal,optimal,optimal,↓ decreasing,→ stable,→ stable,99.0,✅ EXCELLENT,False,NONE,3.6,0.0,NONE
1780024356.393,79.6,91.2,32.1,1543.0,45.4,13.8,32.0,31.7,32.0,32.0,optimal,optimal,optimal,optimal,optimal,optimal,↓ decreasing,→ stable,→ stable,99.0,✅ EXCELLENT,False,NONE,3.3,0.0,NONE
1780024357.393,77.3,91.0,31.6,1526.0,45.8,13.75,32.2,31.8,31.7,32.4,optimal,optimal,optimal,optimal,optimal,optimal,↓ decreasing,→ stable,→ stable,99.0,✅ EXCELLENT,False,NONE,3.8,0.0,NONE
1780024358.395,82.8,88.9,31.9,1508.0,44.1,13.81,32.1,32.2,31.7,32.1,optimal,optimal,optimal,optimal,optimal,optimal,↓ decreasing,→ stable,→ stable,99.0,✅ EXCELLENT,False,NONE,3.7,0.6,NONE
1780024359.395,79.7,91.0,31.9,1516.0,44.5,13.77,32.0,32.0,32.2,31.8,optimal,optimal,optimal,optimal,optimal,optimal,↓ decreasing,→ stable,→ stable,99.0,✅ EXCELLENT,False,NONE,3.5,0.0,NONE
1780024360.396,78.6,90.8,32.2,1510.0,46.0,13.82,31.6,32.3,31.6,32.3,optimal,optimal,optimal,optimal,optimal,optimal,→ stable,→ stable,→ stable,99.0,✅ EXCELLENT,False,NONE,3.1,0.0,NONE
1780024361.397,81.8,88.8,32.3,1473.0,45.9,13.78,31.7,32.2,32.2,31.7,optimal,optimal,optimal,optimal,optimal,optimal,→ stable,→ stable,→ stable,99.0,✅ EXCELLENT,False,NONE,3.2,0.7,NONE
1780024362.398,80.5,89.3,31.7,1451.0,44.3,13.78,31.8,31.8,32.0,32.1,optimal,optimal,optimal,optimal,optimal,optimal,→ stable,→ stable,→ stable,99.0,✅ EXCELLENT,False,NONE,3.8,0.2,NONE
1780024363.399,79.8,89.4,31.8,1532.0,44.7,13.82,32.2,32.4,32.3,31.9,optimal,optimal,optimal,optimal,optimal,optimal,→ stable,→ stable,→ stable,99.0,✅ EXCELLENT,False,NONE,3.6,0.2,NONE
1780024364.4,82.9,91.4,32.0,1483.0,44.2,13.81,32.3,32.1,32.4,31.7,optimal,optimal,optimal,optimal,optimal,optimal,→ stable,↑ increasing,→ stable,99.0,✅ EXCELLENT,False,NONE,3.6,0.0,NONE
1780024365.401,79.6,89.6,32.2,1534.0,45.6,13.79,31.6,32.2,32.0,31.9,optimal,optimal,optimal,optimal,optimal,optimal,↑ increasing,→ stable,→ stable,99.0,✅ EXCELLENT,False,NONE,3.2,0.1,NONE
1780024366.402,82.0,90.6,32.0,1523.0,44.6,13.81,31.7,31.8,32.0,31.6,optimal,optimal,optimal,optimal,optimal,optimal,↑ increasing,→ stable,→ stable,99.0,✅ EXCELLENT,False,NONE,3.5,0.0,NONE
1780024367.403,80.2,88.9,32.0,1525.0,44.4,13.83,32.4,31.6,31.6,31.6,optimal,optimal,optimal,optimal,optimal,optimal,↑ increasing,→ stable,→ stable,99.0,✅ EXCELLENT,False,NONE,3.4,0.6,NONE
1780024368.404,77.7,89.5,32.3,1468.0,45.4,13.76,32.1,32.3,31.7,31.7,optimal,optimal,optimal,optimal,optimal,optimal,→ stable,→ stable,→ stable,99.0,✅ EXCELLENT,False,NONE,3.0,0.1,NONE
1780024369.405,82.3,90.2,32.4,1452.0,45.3,13.82,32.4,31.7,31.6,32.4,optimal,optimal,optimal,optimal,optimal,optimal,↑ increasing,→ stable,→ stable,99.0,✅ EXCELLENT,False,NONE,3.1,0.0,NONE
1780024370.405,78.4,88.6,31.6,1469.0,45.1,13.82,32.2,32.3,32.3,32.2,optimal,optimal,optimal,optimal,optimal,optimal,↑ increasing,→ stable,→ stable,99.0,✅ EXCELLENT,False,NONE,3.8,1.0,NONE
1780024371.406,79.6,91.3,31.8,1453.0,45.7,13.8,32.1,32.0,32.0,32.3,optimal,optimal,optimal,optimal,optimal,optimal,→ stable,→ stable,→ stable,99.0,✅ EXCELLENT,False,NONE,3.6,0.0,NONE
1780024372.407,81.3,89.2,32.0,1467.0,45.3,13.78,32.3,31.7,32.2,32.2,optimal,optimal,optimal,optimal,optimal,optimal,→ stable,→ stable,→ stable,99.0,✅ EXCELLENT,False,NONE,3.5,0.3,NONE
1780024373.407,79.3,89.9,31.8,1494.0,44.3,13.8,32.0,32.1,32.3,32.1,optimal,optimal,optimal,optimal,optimal,optimal,→ stable,→ stable,→ stable,99.0,✅ EXCELLENT,False,NONE,3.6,0.0,NONE
1780024374.407,80.3,88.6,32.1,1498.0,45.1,13.76,32.2,32.3,32.0,32.2,optimal,optimal,optimal,optimal,optimal,optimal,→ stable,↓ decreasing,→ stable,99.0,✅ EXCELLENT,False,NONE,3.3,1.0,NONE
1780024375.408,82.7,90.4,32.1,1529.0,44.0,13.83,32.0,31.8,31.9,31.7,optimal,optimal,optimal,optimal,optimal,optimal,→ stable,→ stable,→ stable,99.0,✅ EXCELLENT,False,NONE,3.4,0.0,NONE
1780024376.409,81.3,88.6,32.1,1485.0,45.0,13.78,32.3,31.9,31.9,32.4,optimal,optimal,optimal,optimal,optimal,optimal,→ stable,↓ decreasing,→ stable,99.0,✅ EXCELLENT,False,NONE,3.4,1.0,NONE
1780024377.41,81.1,89.1,32.1,1531.0,44.3,13.79,32.3,31.8,31.7,31.8,optimal,optimal,optimal,optimal,optimal,optimal,→ stable,→ stable,→ stable,99.0,✅ EXCELLENT,False,NONE,3.4,0.4,NONE
1780024378.411,80.3,90.1,32.3,1477.0,44.3,13.82,32.2,31.9,32.3,32.2,optimal,optimal,optimal,optimal,optimal,optimal,→ stable,→ stable,→ stable,99.0,✅ EXCELLENT,False,NONE,3.1,0.0,NONE
1780024379.412,82.3,91.5,31.8,1464.0,44.4,13.75,31.8,32.0,32.0,32.3,optimal,optimal,optimal,optimal,optimal,optimal,→ stable,→ stable,→ stable,99.0,✅ EXCELLENT,False,NONE,3.8,0.0,NONE
1780024380.413,78.6,90.9,31.8,1500.0,46.0,13.77,31.9,31.9,31.9,32.4,optimal,optimal,optimal,optimal,optimal,optimal,→ stable,→ stable,→ stable,99.0,✅ EXCELLENT,False,NONE,3.6,0.0,NONE
1780024381.413,78.9,88.8,31.9,1470.0,44.8,13.77,31.7,32.0,32.0,32.3,optimal,optimal,optimal,optimal,optimal,optimal,→ stable,→ stable,→ stable,99.0,✅ EXCELLENT,False,NONE,3.5,0.7,NONE
1780024382.413,80.9,90.9,31.9,1468.0,44.1,13.82,32.1,31.9,31.8,31.9,optimal,optimal,optimal,optimal,optimal,optimal,→ stable,→ stable,→ stable,99.0,✅ EXCELLENT,False,NONE,3.6,0.0,NONE
1780024383.413,81.4,88.6,32.1,1519.0,45.1,13.83,31.9,31.7,31.9,32.4,optimal,optimal,optimal,optimal,optimal,optimal,→ stable,→ stable,→ stable,99.0,✅ EXCELLENT,False,NONE,3.4,1.0,NONE
1780024384.413,81.4,91.5,32.3,1501.0,45.0,13.83,32.0,31.8,32.3,32.2,optimal,optimal,optimal,optimal,optimal,optimal,↑ increasing,→ stable,→ stable,99.0,✅ EXCELLENT,False,NONE,3.1,0.0,NONE
1780024385.413,81.6,89.4,31.6,1547.0,44.4,13.84,32.3,32.3,31.6,31.6,optimal,optimal,optimal,optimal,optimal,optimal,→ stable,→ stable,→ stable,99.0,✅ EXCELLENT,False,NONE,4.0,0.2,NONE
1780024386.415,77.7,90.8,32.3,1461.0,44.3,13.78,32.0,32.1,32.1,32.1,optimal,optimal,optimal,optimal,optimal,optimal,→ stable,↑ increasing,→ stable,99.0,✅ EXCELLENT,False,NONE,3.0,0.0,NONE
1780024387.416,77.4,91.4,31.6,1456.0,45.6,13.84,31.9,32.2,31.9,32.1,optimal,optimal,optimal,optimal,optimal,optimal,→ stable,↑ increasing,→ stable,99.0,✅ EXCELLENT,False,NONE,3.8,0.0,NONE
1780024388.417,78.6,89.8,31.9,1528.0,44.0,13.84,31.9,31.6,31.8,31.7,optimal,optimal,optimal,optimal,optimal,optimal,↓ decreasing,↑ increasing,→ stable,99.0,✅ EXCELLENT,False,NONE,3.5,0.0,NONE
1780024389.417,80.6,89.7,32.0,1474.0,44.6,13.84,31.8,31.7,32.1,32.1,optimal,optimal,optimal,optimal,optimal,optimal,↓ decreasing,→ stable,→ stable,99.0,✅ EXCELLENT,False,NONE,3.5,0.0,NONE
1780024390.417,77.7,91.2,31.9,1494.0,45.4,13.81,32.1,32.1,31.9,31.9,optimal,optimal,optimal,optimal,optimal,optimal,↓ decreasing,→ stable,→ stable,99.0,✅ EXCELLENT,False,NONE,3.4,0.0,NONE
1780024391.418,78.0,89.3,32.0,1496.0,45.1,13.82,31.6,32.3,32.3,32.2,optimal,optimal,optimal,optimal,optimal,optimal,↓ decreasing,↑ increasing,→ stable,99.0,✅ EXCELLENT,False,NONE,3.3,0.2,NONE
1780024392.419,81.1,90.1,32.0,1501.0,45.6,13.78,32.1,32.3,31.8,31.7,optimal,optimal,optimal,optimal,optimal,optimal,↓ decreasing,→ stable,→ stable,99.0,✅ EXCELLENT,False,NONE,3.5,0.0,NONE
1780024393.42,81.1,91.0,31.8,1487.0,44.1,13.79,31.7,32.0,31.9,32.0,optimal,optimal,optimal,optimal,optimal,optimal,↓ decreasing,↑ increasing,→ stable,99.0,✅ EXCELLENT,False,NONE,3.7,0.0,NONE
1780024394.421,78.4,89.3,32.1,1497.0,45.4,13.8,31.9,32.1,32.0,32.2,optimal,optimal,optimal,optimal,optimal,optimal,↓ decreasing,→ stable,→ stable,99.0,✅ EXCELLENT,False,NONE,3.2,0.2,NONE
1780024395.421,80.6,89.4,31.9,1540.0,44.6,13.83,32.3,31.6,32.1,32.0,optimal,optimal,optimal,optimal,optimal,optimal,↓ decreasing,→ stable,→ stable,99.0,✅ EXCELLENT,False,NONE,3.6,0.2,NONE
1780024396.422,83.0,90.6,31.6,1533.0,44.4,13.76,32.4,32.2,32.3,31.9,optimal,optimal,optimal,optimal,optimal,optimal,↓ decreasing,→ stable,→ stable,99.0,✅ EXCELLENT,False,NONE,4.0,0.0,NONE
1780024397.423,77.3,91.2,32.1,1519.0,44.2,13.85,32.3,32.1,32.0,31.6,optimal,optimal,optimal,optimal,optimal,optimal,→ stable,→ stable,→ stable,99.0,✅ EXCELLENT,False,NONE,3.2,0.0,NONE
1780024398.424,81.0,90.9,31.7,1502.0,45.5,13.82,32.1,31.7,31.8,32.2,optimal,optimal,optimal,optimal,optimal,optimal,→ stable,→ stable,→ stable,99.0,✅ EXCELLENT,False,NONE,3.8,0.0,NONE
1780024399.424,82.4,89.1,31.8,1461.0,44.4,13.85,31.6,32.1,32.1,32.3,optimal,optimal,optimal,optimal,optimal,optimal,→ stable,→ stable,→ stable,99.0,✅ EXCELLENT,False,NONE,3.8,0.4,NONE
1780024400.425,81.4,90.3,32.2,1550.0,44.6,13.83,31.8,31.8,31.8,32.3,optimal,optimal,optimal,optimal,optimal,optimal,↑ increasing,→ stable,→ stable,99.0,✅ EXCELLENT,False,NONE,3.3,0.0,NONE
1780024401.426,78.8,90.3,32.1,1532.0,45.1,13.76,32.0,32.2,31.9,32.2,optimal,optimal,optimal,optimal,optimal,optimal,↑ increasing,→ stable,→ stable,99.0,✅ EXCELLENT,False,NONE,3.3,0.0,NONE
1780024402.427,81.7,88.6,31.7,1457.0,45.6,13.81,31.7,32.0,32.2,32.2,optimal,optimal,optimal,optimal,optimal,optimal,↑ increasing,→ stable,→ stable,99.0,✅ EXCELLENT,False,NONE,3.9,1.0,NONE
1780024403.427,80.4,88.8,31.6,1545.0,45.8,13.83,31.9,31.8,32.3,31.9,optimal,optimal,optimal,optimal,optimal,optimal,↑ increasing,↓ decreasing,→ stable,99.0,✅ EXCELLENT,False,NONE,3.9,0.7,NONE
1780024404.428,78.8,90.0,32.0,1466.0,45.6,13.82,31.8,31.9,32.4,31.9,optimal,optimal,optimal,optimal,optimal,optimal,↑ increasing,→ stable,→ stable,99.0,✅ EXCELLENT,False,NONE,3.4,0.0,NONE
1780024405.428,77.0,89.1,31.9,1456.0,44.2,13.76,31.8,32.0,32.2,32.4,optimal,optimal,optimal,optimal,optimal,optimal,↑ increasing,→ stable,→ stable,99.0,✅ EXCELLENT,False,NONE,3.4,0.4,NONE
1780024406.429,79.9,91.2,31.9,1534.0,45.1,13.76,32.4,32.3,31.6,32.0,optimal,optimal,optimal,optimal,optimal,optimal,→ stable,→ stable,→ stable,99.0,✅ EXCELLENT,False,NONE,3.5,0.0,NONE
1780024407.43,79.2,89.0,31.9,1497.0,45.9,13.79,32.2,31.7,32.0,31.9,optimal,optimal,optimal,optimal,optimal,optimal,→ stable,→ stable,→ stable,99.0,✅ EXCELLENT,False,NONE,3.5,0.5,NONE
1780024408.43,78.0,90.5,32.0,1454.0,44.1,13.77,32.2,32.0,31.9,31.8,optimal,optimal,optimal,optimal,optimal,optimal,→ stable,↓ decreasing,→ stable,99.0,✅ EXCELLENT,False,NONE,3.3,0.0,NONE
1780024409.431,77.7,90.6,31.9,1504.0,45.6,13.77,32.0,32.3,31.8,32.3,optimal,optimal,optimal,optimal,optimal,optimal,↓ decreasing,→ stable,→ stable,99.0,✅ EXCELLENT,False,NONE,3.4,0.0,NONE
1780024410.431,80.9,90.9,31.9,1473.0,44.6,13.83,32.2,31.8,31.9,31.7,optimal,optimal,optimal,optimal,optimal,optimal,↓ decreasing,→ stable,→ stable,99.0,✅ EXCELLENT,False,NONE,3.6,0.0,NONE
1780024411.432,81.0,88.6,32.1,1529.0,46.0,13.81,32.0,32.1,32.3,32.2,optimal,optimal,optimal,optimal,optimal,optimal,↓ decreasing,→ stable,→ stable,99.0,✅ EXCELLENT,False,NONE,3.4,1.0,NONE
1780024412.433,77.1,88.7,32.0,1539.0,44.7,13.8,31.8,31.8,32.2,31.7,optimal,optimal,optimal,optimal,optimal,optimal,↓ decreasing,→ stable,→ stable,99.0,✅ EXCELLENT,False,NONE,3.3,0.8,NONE
1780024413.434,78.3,90.4,32.3,1480.0,44.6,13.76,31.7,31.9,32.3,32.2,optimal,optimal,optimal,optimal,optimal,optimal,↓ decreasing,→ stable,→ stable,99.0,✅ EXCELLENT,False,NONE,3.0,0.0,NONE
1780024414.435,82.9,90.9,31.7,1536.0,44.4,13.78,32.3,32.0,31.7,32.1,optimal,optimal,optimal,optimal,optimal,optimal,↓ decreasing,→ stable,→ stable,99.0,✅ EXCELLENT,False,NONE,3.9,0.0,NONE
1780024415.435,81.0,89.3,32.2,1506.0,45.3,13.84,31.7,32.2,32.2,32.0,optimal,optimal,optimal,optimal,optimal,optimal,↓ decreasing,→ stable,→ stable,99.0,✅ EXCELLENT,False,NONE,3.2,0.2,NONE
1780024416.436,80.7,88.9,31.8,1548.0,44.2,13.76,31.6,31.9,32.0,32.3,optimal,optimal,optimal,optimal,optimal,optimal,→ stable,→ stable,→ stable,99.0,✅ EXCELLENT,False,NONE,3.7,0.6,NONE
1780024417.437,78.6,91.0,31.8,1454.0,44.6,13.81,32.3,31.8,32.3,32.2,optimal,optimal,optimal,optimal,optimal,optimal,→ stable,→ stable,→ stable,99.0,✅ EXCELLENT,False,NONE,3.6,0.0,NONE
1780024418.438,78.2,88.8,32.0,1537.0,45.8,13.84,31.9,31.8,31.6,32.0,optimal,optimal,optimal,optimal,optimal,optimal,→ stable,→ stable,→ stable,99.0,✅ EXCELLENT,False,NONE,3.4,0.7,NONE
1780024419.438,80.7,88.7,32.1,1547.0,45.7,13.78,31.7,31.7,32.4,31.8,optimal,optimal,optimal,optimal,optimal,optimal,↑ increasing,→ stable,→ stable,99.0,✅ EXCELLENT,False,NONE,3.3,0.8,NONE
1780024420.438,80.7,89.0,32.0,1466.0,45.0,13.77,31.7,32.0,31.7,32.1,optimal,optimal,optimal,optimal,optimal,optimal,↑ increasing,→ stable,→ stable,99.0,✅ EXCELLENT,False,NONE,3.5,0.5,NONE
1780024421.438,78.2,89.3,32.4,1489.0,44.2,13.79,31.6,32.4,32.2,31.6,optimal,optimal,optimal,optimal,optimal,optimal,→ stable,→ stable,→ stable,99.0,✅ EXCELLENT,False,NONE,2.9,0.2,NONE
1780024422.439,78.3,90.8,31.7,1458.0,44.1,13.75,31.8,32.3,32.1,32.1,optimal,optimal,optimal,optimal,optimal,optimal,↑ increasing,→ stable,→ stable,99.0,✅ EXCELLENT,False,NONE,3.7,0.0,NONE
1780024423.439,80.3,90.0,32.0,1452.0,45.5,13.83,31.7,32.1,32.4,32.0,optimal,optimal,optimal,optimal,optimal,optimal,↑ increasing,→ stable,→ stable,99.0,✅ EXCELLENT,False,NONE,3.4,0.0,NONE
1780024424.439,82.9,88.8,32.3,1463.0,45.3,13.83,31.6,31.8,32.1,32.0,optimal,optimal,optimal,optimal,optimal,optimal,↑ increasing,↓ decreasing,→ stable,99.0,✅ EXCELLENT,False,NONE,3.2,0.7,NONE
1780024425.441,78.8,91.0,31.8,1515.0,45.8,13.76,31.7,32.3,32.1,32.0,optimal,optimal,optimal,optimal,optimal,optimal,→ stable,→ stable,→ stable,99.0,✅ EXCELLENT,False,NONE,3.6,0.0,NONE
1780024426.442,80.3,88.7,32.2,1524.0,45.6,13.77,31.9,31.7,31.8,32.3,optimal,optimal,optimal,optimal,optimal,optimal,→ stable,→ stable,→ stable,99.0,✅ EXCELLENT,False,NONE,3.2,0.8,NONE
1780024427.443,79.8,89.7,31.8,1490.0,45.8,13.81,31.8,32.0,32.1,32.0,optimal,optimal,optimal,optimal,optimal,optimal,→ stable,→ stable,→ stable,99.0,✅ EXCELLENT,False,NONE,3.6,0.0,NONE
1780024428.443,79.1,88.9,32.1,1488.0,45.1,13.82,32.0,31.8,32.0,32.2,optimal,optimal,optimal,optimal,optimal,optimal,→ stable,→ stable,→ stable,99.0,✅ EXCELLENT,False,NONE,3.3,0.6,NONE
1780024429.445,78.4,91.3,31.8,1484.0,44.4,13.85,32.4,31.7,31.9,32.4,optimal,optimal,optimal,optimal,optimal,optimal,→ stable,→ stable,→ stable,99.0,✅ EXCELLENT,False,NONE,3.6,0.0,NONE
1780024430.445,77.9,91.3,32.0,1486.0,44.9,13.76,32.3,31.9,32.2,32.3,optimal,optimal,optimal,optimal,optimal,optimal,↓ decreasing,↑ increasing,→ stable,99.0,✅ EXCELLENT,False,NONE,3.3,0.0,NONE
1780024431.446,79.1,91.4,32.2,1526.0,44.1,13.83,31.6,31.7,32.1,31.6,optimal,optimal,optimal,optimal,optimal,optimal,→ stable,↑ increasing,→ stable,99.0,✅ EXCELLENT,False,NONE,3.2,0.0,NONE
1780024432.446,79.7,89.4,32.2,1523.0,45.1,13.78,31.6,32.1,32.4,31.9,optimal,optimal,optimal,optimal,optimal,optimal,→ stable,→ stable,→ stable,99.0,✅ EXCELLENT,False,NONE,3.2,0.2,NONE
1780024433.446,78.4,90.2,32.4,1478.0,44.7,13.76,31.6,32.0,32.1,32.0,optimal,optimal,optimal,optimal,optimal,optimal,↓ decreasing,→ stable,→ stable,99.0,✅ EXCELLENT,False,NONE,2.9,0.0,NONE
1780024434.448,82.6,89.3,32.4,1454.0,45.3,13.76,31.7,31.9,32.1,32.0,optimal,optimal,optimal,optimal,optimal,optimal,↓ decreasing,↑ increasing,→ stable,99.0,✅ EXCELLENT,False,NONE,3.1,0.2,NONE
1780024435.449,79.4,89.3,32.3,1545.0,44.6,13.83,32.2,31.8,31.7,32.1,optimal,optimal,optimal,optimal,optimal,optimal,→ stable,→ stable,→ stable,99.0,✅ EXCELLENT,False,NONE,3.1,0.2,NONE
1780024436.45,80.7,91.4,32.1,1492.0,45.5,13.81,32.2,32.1,32.2,32.3,optimal,optimal,optimal,optimal,optimal,optimal,→ stable,↑ increasing,→ stable,99.0,✅ EXCELLENT,False,NONE,3.3,0.0,NONE
1780024437.451,78.8,91.3,32.1,1484.0,44.4,13.83,32.0,32.1,32.4,31.9,optimal,optimal,optimal,optimal,optimal,optimal,→ stable,↑ increasing,→ stable,99.0,✅ EXCELLENT,False,NONE,3.3,0.0,NONE
1780024438.451,80.7,91.2,31.7,1455.0,45.3,13.77,32.1,31.8,31.6,32.4,optimal,optimal,optimal,optimal,optimal,optimal,→ stable,↑ increasing,→ stable,99.0,✅ EXCELLENT,False,NONE,3.8,0.0,NONE
1780024439.452,81.0,89.0,31.7,1525.0,45.6,13.8,31.7,32.2,31.7,32.1,optimal,optimal,optimal,optimal,optimal,optimal,→ stable,↑ increasing,→ stable,99.0,✅ EXCELLENT,False,NONE,3.8,0.5,NONE
1780024440.452,78.1,90.5,32.1,1529.0,45.4,13.81,32.2,32.2,32.2,32.0,optimal,optimal,optimal,optimal,optimal,optimal,→ stable,→ stable,→ stable,99.0,✅ EXCELLENT,False,NONE,3.2,0.0,NONE
1780024441.452,78.9,91.2,31.6,1462.0,45.8,13.81,32.0,32.2,31.7,32.4,optimal,optimal,optimal,optimal,optimal,optimal,→ stable,→ stable,→ stable,99.0,✅ EXCELLENT,False,NONE,3.8,0.0,NONE
1780024442.453,80.2,91.1,32.3,1527.0,45.3,13.78,32.0,32.4,32.2,32.3,optimal,optimal,optimal,optimal,optimal,optimal,→ stable,→ stable,→ stable,99.0,✅ EXCELLENT,False,NONE,3.1,0.0,NONE
1780024443.454,77.4,88.6,32.3,1504.0,45.0,13.79,32.1,32.0,32.0,31.7,optimal,optimal,optimal,optimal,optimal,optimal,→ stable,→ stable,→ stable,99.0,✅ EXCELLENT,False,NONE,3.0,1.0,NONE
1780024444.455,80.2,91.2,32.0,1491.0,44.8,13.77,31.9,32.2,31.9,32.0,optimal,optimal,optimal,optimal,optimal,optimal,→ stable,→ stable,→ stable,99.0,✅ EXCELLENT,False,NONE,3.4,0.0,NONE
1780024445.456,79.5,89.0,31.7,1537.0,45.4,13.78,32.1,32.0,32.2,31.9,optimal,optimal,optimal,optimal,optimal,optimal,→ stable,→ stable,→ stable,99.0,✅ EXCELLENT,False,NONE,3.7,0.5,NONE
1780024446.457,79.2,90.1,31.9,1503.0,45.8,13.81,32.0,32.0,31.7,32.0,optimal,optimal,optimal,optimal,optimal,optimal,→ stable,→ stable,→ stable,99.0,✅ EXCELLENT,False,NONE,3.5,0.0,NONE
1780024447.458,80.8,91.1,31.7,1493.0,45.6,13.82,31.7,31.9,32.2,31.9,optimal,optimal,optimal,optimal,optimal,optimal,→ stable,→ stable,→ stable,99.0,✅ EXCELLENT,False,NONE,3.8,0.0,NONE
1780024448.459,81.6,89.8,31.9,1499.0,44.9,13.83,32.3,31.7,32.3,31.8,optimal,optimal,optimal,optimal,optimal,optimal,→ stable,→ stable,→ stable,99.0,✅ EXCELLENT,False,NONE,3.6,0.0,NONE
1780024449.459,79.7,90.6,31.9,1469.0,46.0,13.77,32.1,31.8,32.2,31.7,optimal,optimal,optimal,optimal,optimal,optimal,→ stable,→ stable,→ stable,99.0,✅ EXCELLENT,False,NONE,3.5,0.0,NONE
1780024450.459,80.9,91.4,31.9,1536.0,45.0,13.84,31.7,31.7,32.0,32.3,optimal,optimal,optimal,optimal,optimal,optimal,→ stable,→ stable,→ stable,99.0,✅ EXCELLENT,False,NONE,3.6,0.0,NONE
1780024451.46,78.4,90.2,32.0,1542.0,44.6,13.79,31.9,31.8,32.2,31.7,optimal,optimal,optimal,optimal,optimal,optimal,→ stable,→ stable,→ stable,99.0,✅ EXCELLENT,False,NONE,3.4,0.0,NONE
1780024452.461,80.0,90.7,32.4,1531.0,45.6,13.77,32.2,31.9,31.8,31.6,optimal,optimal,optimal,optimal,optimal,optimal,→ stable,→ stable,→ stable,99.0,✅ EXCELLENT,False,NONE,3.0,0.0,NONE
1780024453.462,80.4,90.5,32.0,1526.0,44.4,13.8,31.6,32.1,31.6,31.7,optimal,optimal,optimal,optimal,optimal,optimal,→ stable,→ stable,→ stable,99.0,✅ EXCELLENT,False,NONE,3.4,0.0,NONE
1780024454.462,77.5,90.9,32.1,1480.0,45.4,13.84,32.2,31.9,32.3,32.0,optimal,optimal,optimal,optimal,optimal,optimal,→ stable,→ stable,→ stable,99.0,✅ EXCELLENT,False,NONE,3.2,0.0,NONE
1780024455.463,78.7,91.1,32.3,1511.0,44.6,13.76,32.1,32.4,31.9,32.4,optimal,optimal,optimal,optimal,optimal,optimal,→ stable,→ stable,→ stable,99.0,✅ EXCELLENT,False,NONE,3.0,0.0,NONE
1780024456.464,80.0,88.6,31.7,1476.0,44.7,13.8,32.2,32.2,31.7,31.9,optimal,optimal,optimal,optimal,optimal,optimal,→ stable,→ stable,→ stable,99.0,✅ EXCELLENT,False,NONE,3.8,1.0,NONE
1780024457.464,79.8,89.0,31.7,1526.0,45.7,13.79,32.0,32.4,31.8,32.0,optimal,optimal,optimal,optimal,optimal,optimal,→ stable,→ stable,→ stable,99.0,✅ EXCELLENT,False,NONE,3.8,0.5,NONE
1780024458.464,78.1,88.7,31.6,1463.0,45.2,13.81,32.3,32.0,32.2,32.2,optimal,optimal,optimal,optimal,optimal,optimal,→ stable,→ stable,→ stable,99.0,✅ EXCELLENT,False,NONE,3.8,0.8,NONE
1780024459.465,80.8,90.8,31.9,1490.0,45.8,13.83,32.2,31.8,32.3,31.8,optimal,optimal,optimal,optimal,optimal,optimal,→ stable,→ stable,→ stable,99.0,✅ EXCELLENT,False,NONE,3.6,0.0,NONE
1780024460.466,78.6,90.7,32.4,1481.0,44.6,13.77,32.4,32.1,32.2,31.9,optimal,optimal,optimal,optimal,optimal,optimal,↓ decreasing,→ stable,→ stable,99.0,✅ EXCELLENT,False,NONE,2.9,0.0,NONE
1780024461.466,80.8,91.3,32.4,1504.0,44.4,13.84,32.1,32.4,31.9,31.6,optimal,optimal,optimal,optimal,optimal,optimal,→ stable,→ stable,→ stable,99.0,✅ EXCELLENT,False,NONE,3.0,0.0,NONE
1780024462.466,82.4,89.8,32.1,1452.0,44.2,13.79,32.0,31.6,31.7,32.3,optimal,optimal,optimal,optimal,optimal,optimal,→ stable,→ stable,→ stable,99.0,✅ EXCELLENT,False,NONE,3.4,0.0,NONE
1780024463.468,82.4,89.3,32.1,1543.0,45.7,13.82,31.9,31.7,32.3,32.2,optimal,optimal,optimal,optimal,optimal,optimal,→ stable,→ stable,→ stable,99.0,✅ EXCELLENT,False,NONE,3.4,0.2,NONE
1780024464.468,79.3,90.8,31.8,1529.0,45.7,13.77,31.7,31.7,32.2,32.4,optimal,optimal,optimal,optimal,optimal,optimal,→ stable,→ stable,→ stable,99.0,✅ EXCELLENT,False,NONE,3.6,0.0,NONE
1780024465.469,80.0,91.4,32.1,1533.0,46.0,13.77,31.7,32.0,31.7,31.9,optimal,optimal,optimal,optimal,optimal,optimal,→ stable,↓ decreasing,→ stable,99.0,✅ EXCELLENT,False,NONE,3.3,0.0,NONE
1780024466.469,77.7,89.1,31.8,1528.0,45.5,13.79,31.6,32.4,31.9,32.2,optimal,optimal,optimal,optimal,optimal,optimal,→ stable,→ stable,→ stable,99.0,✅ EXCELLENT,False,NONE,3.6,0.4,NONE
1780024467.47,80.2,91.3,31.7,1475.0,44.5,13.8,31.9,31.9,32.4,31.6,optimal,optimal,optimal,optimal,optimal,optimal,→ stable,→ stable,→ stable,99.0,✅ EXCELLENT,False,NONE,3.8,0.0,NONE
1780024468.471,81.6,88.7,31.8,1522.0,45.4,13.75,31.8,31.7,32.1,32.1,optimal,optimal,optimal,optimal,optimal,optimal,↑ increasing,→ stable,→ stable,99.0,✅ EXCELLENT,False,NONE,3.7,0.8,NONE
1780024469.472,78.1,89.1,32.2,1543.0,44.0,13.77,31.9,32.0,32.3,32.1,optimal,optimal,optimal,optimal,optimal,optimal,↑ increasing,→ stable,→ stable,99.0,✅ EXCELLENT,False,NONE,3.1,0.4,NONE
1780024470.472,80.3,90.4,32.0,1516.0,45.0,13.75,32.2,32.1,31.8,31.7,optimal,optimal,optimal,optimal,optimal,optimal,↑ increasing,→ stable,→ stable,99.0,✅ EXCELLENT,False,NONE,3.4,0.0,NONE
1780024471.473,82.8,88.7,31.8,1497.0,45.8,13.82,32.4,31.8,32.2,32.0,optimal,optimal,optimal,optimal,optimal,optimal,↑ increasing,→ stable,→ stable,99.0,✅ EXCELLENT,False,NONE,3.8,0.8,NONE
1780024472.473,79.8,89.2,32.3,1536.0,45.6,13.83,31.8,31.8,31.6,32.0,optimal,optimal,optimal,optimal,optimal,optimal,↑ increasing,→ stable,→ stable,99.0,✅ EXCELLENT,False,NONE,3.1,0.3,NONE
1780024473.474,82.6,89.3,32.3,1524.0,44.4,13.76,31.7,31.7,31.6,32.1,optimal,optimal,optimal,optimal,optimal,optimal,→ stable,→ stable,→ stable,99.0,✅ EXCELLENT,False,NONE,3.2,0.2,NONE
1780024474.475,82.8,89.6,32.1,1539.0,45.9,13.79,31.9,32.0,32.2,32.3,optimal,optimal,optimal,optimal,optimal,optimal,→ stable,→ stable,→ stable,99.0,✅ EXCELLENT,False,NONE,3.4,0.1,NONE
1780024475.476,78.0,89.6,32.0,1488.0,44.1,13.77,31.7,32.1,32.0,32.1,optimal,optimal,optimal,optimal,optimal,optimal,→ stable,↓ decreasing,→ stable,99.0,✅ EXCELLENT,False,NONE,3.3,0.1,NONE
1780024476.476,80.4,90.5,32.3,1495.0,44.3,13.81,31.7,31.7,31.9,32.1,optimal,optimal,optimal,optimal,optimal,optimal,↑ increasing,→ stable,→ stable,99.0,✅ EXCELLENT,False,NONE,3.1,0.0,NONE
1780024477.477,80.7,90.5,32.1,1524.0,44.6,13.81,31.7,32.0,32.1,32.0,optimal,optimal,optimal,optimal,optimal,optimal,↑ increasing,↓ decreasing,→ stable,99.0,✅ EXCELLENT,False,NONE,3.3,0.0,NONE
1780024478.477,80.1,91.1,32.4,1463.0,44.1,13.82,32.1,31.8,31.9,32.2,optimal,optimal,optimal,optimal,optimal,optimal,→ stable,↓ decreasing,→ stable,99.0,✅ EXCELLENT,False,NONE,3.0,0.0,NONE
1780024479.477,81.8,90.4,32.2,1452.0,45.9,13.76,31.9,32.2,32.4,32.2,optimal,optimal,optimal,optimal,optimal,optimal,↑ increasing,→ stable,→ stable,99.0,✅ EXCELLENT,False,NONE,3.3,0.0,NONE
1780024480.478,79.5,91.3,32.3,1459.0,45.4,13.76,31.7,32.0,32.2,32.3,optimal,optimal,optimal,optimal,optimal,optimal,↑ increasing,→ stable,→ stable,99.0,✅ EXCELLENT,False,NONE,3.1,0.0,NONE
1780024481.479,79.8,91.0,32.1,1513.0,45.9,13.8,31.8,31.8,32.0,31.6,optimal,optimal,optimal,optimal,optimal,optimal,→ stable,→ stable,→ stable,99.0,✅ EXCELLENT,False,NONE,3.3,0.0,NONE
1780024482.479,80.7,90.5,31.8,1532.0,45.3,13.81,31.9,31.9,32.2,32.0,optimal,optimal,optimal,optimal,optimal,optimal,→ stable,↑ increasing,→ stable,99.0,✅ EXCELLENT,False,NONE,3.7,0.0,NONE
1780024483.48,78.1,91.2,32.1,1494.0,44.7,13.76,32.0,32.2,32.1,31.7,optimal,optimal,optimal,optimal,optimal,optimal,→ stable,↑ increasing,→ stable,99.0,✅ EXCELLENT,False,NONE,3.2,0.0,NONE
1780024484.481,82.0,91.0,32.0,1536.0,44.7,13.78,31.9,31.7,31.7,32.2,optimal,optimal,optimal,optimal,optimal,optimal,→ stable,↑ increasing,→ stable,99.0,✅ EXCELLENT,False,NONE,3.5,0.0,NONE
1780024485.482,77.6,90.4,31.7,1496.0,44.7,13.77,32.0,32.3,31.7,32.3,optimal,optimal,optimal,optimal,optimal,optimal,→ stable,↑ increasing,→ stable,99.0,✅ EXCELLENT,False,NONE,3.7,0.0,NONE
1780024486.483,82.0,91.0,32.4,1479.0,44.8,13.81,32.3,32.0,31.8,32.2,optimal,optimal,optimal,optimal,optimal,optimal,→ stable,↑ increasing,→ stable,99.0,✅ EXCELLENT,False,NONE,3.0,0.0,NONE
1780024487.484,81.0,90.3,31.7,1550.0,45.3,13.83,31.7,31.8,32.1,31.8,optimal,optimal,optimal,optimal,optimal,optimal,→ stable,↑ increasing,→ stable,99.0,✅ EXCELLENT,False,NONE,3.8,0.0,NONE
1780024488.484,77.0,89.5,32.0,1452.0,45.1,13.76,31.8,32.1,31.8,32.2,optimal,optimal,optimal,optimal,optimal,optimal,↓ decreasing,↑ increasing,→ stable,99.0,✅ EXCELLENT,False,NONE,3.3,0.1,NONE
1780024489.486,81.9,88.9,32.0,1460.0,45.5,13.83,31.8,31.9,32.1,32.0,optimal,optimal,optimal,optimal,optimal,optimal,↓ decreasing,↑ increasing,→ stable,99.0,✅ EXCELLENT,False,NONE,3.5,0.6,NONE
1780024490.487,77.9,89.1,32.1,1507.0,44.6,13.81,31.8,31.8,32.0,31.8,optimal,optimal,optimal,optimal,optimal,optimal,↓ decreasing,→ stable,→ stable,99.0,✅ EXCELLENT,False,NONE,3.2,0.4,NONE
1780024491.487,77.8,88.5,31.9,1452.0,45.7,13.76,31.9,32.3,32.3,32.2,optimal,optimal,optimal,optimal,optimal,optimal,↓ decreasing,→ stable,→ stable,99.0,✅ EXCELLENT,False,NONE,3.4,1.1,NONE
1780024492.487,78.7,89.7,32.0,1541.0,45.2,13.82,32.3,31.9,31.7,31.8,optimal,optimal,optimal,optimal,optimal,optimal,↓ decreasing,→ stable,→ stable,99.0,✅ EXCELLENT,False,NONE,3.4,0.0,NONE
1780024493.489,79.6,88.8,32.2,1499.0,45.8,13.84,31.7,32.0,31.9,32.4,optimal,optimal,optimal,optimal,optimal,optimal,↓ decreasing,↓ decreasing,→ stable,99.0,✅ EXCELLENT,False,NONE,3.2,0.7,NONE
1780024494.489,78.4,90.2,32.3,1514.0,44.9,13.78,31.9,32.0,32.1,31.9,optimal,optimal,optimal,optimal,optimal,optimal,↓ decreasing,↓ decreasing,→ stable,99.0,✅ EXCELLENT,False,NONE,3.0,0.0,NONE
1780024495.49,81.5,90.6,31.7,1489.0,45.1,13.75,31.8,31.9,31.9,32.0,optimal,optimal,optimal,optimal,optimal,optimal,→ stable,↓ decreasing,→ stable,99.0,✅ EXCELLENT,False,NONE,3.8,0.0,NONE
1780024496.491,82.0,89.2,31.8,1455.0,45.5,13.8,32.1,32.3,31.8,31.7,optimal,optimal,optimal,optimal,optimal,optimal,↓ decreasing,↓ decreasing,→ stable,99.0,✅ EXCELLENT,False,NONE,3.7,0.3,NONE
1780024497.491,79.2,90.1,32.0,1496.0,44.5,13.76,32.3,32.0,31.7,31.7,optimal,optimal,optimal,optimal,optimal,optimal,↓ decreasing,↓ decreasing,→ stable,99.0,✅ EXCELLENT,False,NONE,3.4,0.0,NONE
1780024498.493,78.1,91.2,32.2,1476.0,44.7,13.85,31.7,31.9,32.1,32.0,optimal,optimal,optimal,optimal,optimal,optimal,→ stable,↓ decreasing,→ stable,99.0,✅ EXCELLENT,False,NONE,3.1,0.0,NONE
1780024499.494,80.8,91.1,32.0,1493.0,45.9,13.84,32.0,32.3,32.1,32.1,optimal,optimal,optimal,optimal,optimal,optimal,↓ decreasing,↓ decreasing,→ stable,99.0,✅ EXCELLENT,False,NONE,3.5,0.0,NONE
1780024500.494,78.6,91.0,31.9,1465.0,44.7,13.81,32.2,31.8,31.9,31.6,optimal,optimal,optimal,optimal,optimal,optimal,→ stable,→ stable,→ stable,99.0,✅ EXCELLENT,False,NONE,3.5,0.0,NONE
1780024501.494,80.0,91.0,31.8,1481.0,45.8,13.82,32.0,32.0,31.7,32.1,optimal,optimal,optimal,optimal,optimal,optimal,→ stable,→ stable,→ stable,99.0,✅ EXCELLENT,False,NONE,3.7,0.0,NONE
1780024502.494,77.2,89.2,32.3,1535.0,45.5,13.83,31.9,32.4,32.3,32.2,optimal,optimal,optimal,optimal,optimal,optimal,→ stable,→ stable,→ stable,99.0,✅ EXCELLENT,False,NONE,3.0,0.3,NONE
1780024503.494,80.0,91.2,32.2,1487.0,44.3,13.83,32.0,32.2,32.0,32.1,optimal,optimal,optimal,optimal,optimal,optimal,→ stable,↑ increasing,→ stable,99.0,✅ EXCELLENT,False,NONE,3.2,0.0,NONE
1780024504.495,79.6,89.2,31.7,1457.0,45.7,13.84,31.7,32.1,31.8,31.7,optimal,optimal,optimal,optimal,optimal,optimal,↑ increasing,↑ increasing,→ stable,99.0,✅ EXCELLENT,False,NONE,3.8,0.3,NONE
1780024505.496,79.6,91.0,32.3,1535.0,45.2,13.83,31.7,31.8,32.2,32.3,optimal,optimal,optimal,optimal,optimal,optimal,→ stable,↑ increasing,→ stable,99.0,✅ EXCELLENT,False,NONE,3.1,0.0,NONE
1780024506.496,78.8,91.0,31.9,1518.0,44.9,13.82,31.9,32.2,32.1,32.2,optimal,optimal,optimal,optimal,optimal,optimal,→ stable,↑ increasing,→ stable,99.0,✅ EXCELLENT,False,NONE,3.5,0.0,NONE
1780024507.496,80.0,89.6,32.0,1548.0,45.8,13.83,32.1,32.0,31.9,32.1,optimal,optimal,optimal,optimal,optimal,optimal,→ stable,↑ increasing,→ stable,99.0,✅ EXCELLENT,False,NONE,3.4,0.1,NONE
1780024508.496,80.9,89.8,32.1,1517.0,44.5,13.84,32.0,31.8,32.3,32.4,optimal,optimal,optimal,optimal,optimal,optimal,→ stable,↑ increasing,→ stable,99.0,✅ EXCELLENT,False,NONE,3.4,0.0,NONE
1780024509.497,78.9,89.1,32.2,1529.0,45.2,13.75,32.0,32.1,31.8,31.9,optimal,optimal,optimal,optimal,optimal,optimal,→ stable,→ stable,→ stable,99.0,✅ EXCELLENT,False,NONE,3.2,0.4,NONE
1780024510.498,78.5,90.9,31.9,1530.0,45.3,13.78,31.9,31.9,31.8,32.2,optimal,optimal,optimal,optimal,optimal,optimal,→ stable,→ stable,→ stable,99.0,✅ EXCELLENT,False,NONE,3.5,0.0,NONE
1780024511.499,77.5,89.2,32.4,1506.0,45.1,13.77,32.1,32.2,31.9,32.0,optimal,optimal,optimal,optimal,optimal,optimal,↓ decreasing,→ stable,→ stable,99.0,✅ EXCELLENT,False,NONE,2.9,0.3,NONE
1780024512.5,77.4,89.6,32.2,1473.0,44.5,13.78,32.0,32.2,32.1,32.3,optimal,optimal,optimal,optimal,optimal,optimal,→ stable,→ stable,→ stable,99.0,✅ EXCELLENT,False,NONE,3.1,0.1,NONE
1780024513.5,78.2,90.3,32.1,1454.0,44.1,13.83,32.0,31.7,31.6,32.0,optimal,optimal,optimal,optimal,optimal,optimal,↓ decreasing,↓ decreasing,→ stable,99.0,✅ EXCELLENT,False,NONE,3.2,0.0,NONE
1780024514.501,79.0,91.1,32.0,1472.0,45.1,13.8,31.9,31.6,31.7,32.0,optimal,optimal,optimal,optimal,optimal,optimal,↓ decreasing,→ stable,→ stable,99.0,✅ EXCELLENT,False,NONE,3.4,0.0,NONE
1780024515.503,79.3,90.6,31.7,1547.0,45.9,13.75,32.4,31.8,32.0,32.1,optimal,optimal,optimal,optimal,optimal,optimal,↓ decreasing,→ stable,→ stable,99.0,✅ EXCELLENT,False,NONE,3.7,0.0,NONE
1780024516.504,77.1,88.9,31.6,1513.0,45.6,13.76,31.9,32.1,32.1,32.2,optimal,optimal,optimal,optimal,optimal,optimal,↓ decreasing,↓ decreasing,→ stable,99.0,✅ EXCELLENT,False,NONE,3.7,0.6,NONE
1780024517.505,81.1,90.7,31.7,1470.0,45.4,13.75,31.9,32.4,31.8,31.8,optimal,optimal,optimal,optimal,optimal,optimal,→ stable,↓ decreasing,→ stable,99.0,✅ EXCELLENT,False,NONE,3.8,0.0,NONE
1780024518.506,78.3,90.4,31.7,1494.0,44.9,13.84,32.0,31.8,32.1,32.1,optimal,optimal,optimal,optimal,optimal,optimal,↓ decreasing,→ stable,→ stable,99.0,✅ EXCELLENT,False,NONE,3.7,0.0,NONE
1780024519.507,78.3,90.3,32.3,1499.0,45.3,13.79,31.8,31.6,32.4,32.4,optimal,optimal,optimal,optimal,optimal,optimal,↓ decreasing,→ stable,→ stable,99.0,✅ EXCELLENT,False,NONE,3.0,0.0,NONE
1780024520.508,78.8,90.9,32.3,1478.0,44.3,13.84,32.1,32.4,31.8,31.8,optimal,optimal,optimal,optimal,optimal,optimal,↓ decreasing,→ stable,→ stable,99.0,✅ EXCELLENT,False,NONE,3.0,0.0,NONE
1780024521.507,78.4,90.8,31.7,1498.0,45.8,13.78,32.2,31.9,32.2,32.3,optimal,optimal,optimal,optimal,optimal,optimal,↓ decreasing,→ stable,→ stable,99.0,✅ EXCELLENT,False,NONE,3.7,0.0,NONE
1780024522.508,82.5,91.0,31.9,1482.0,44.4,13.79,31.8,31.7,32.2,32.3,optimal,optimal,optimal,optimal,optimal,optimal,→ stable,→ stable,→ stable,99.0,✅ EXCELLENT,False,NONE,3.7,0.0,NONE
1780024523.509,77.7,90.1,32.4,1540.0,44.3,13.79,32.2,32.2,32.1,32.1,optimal,optimal,optimal,optimal,optimal,optimal,→ stable,↑ increasing,→ stable,99.0,✅ EXCELLENT,False,NONE,2.9,0.0,NONE
1780024524.51,82.4,89.4,32.1,1512.0,45.1,13.79,32.4,32.3,31.9,32.2,optimal,optimal,optimal,optimal,optimal,optimal,↑ increasing,→ stable,→ stable,99.0,✅ EXCELLENT,False,NONE,3.4,0.2,NONE
1780024525.511,81.6,91.0,31.6,1458.0,46.0,13.83,31.9,32.3,32.2,32.2,optimal,optimal,optimal,optimal,optimal,optimal,↑ increasing,→ stable,→ stable,99.0,✅ EXCELLENT,False,NONE,4.0,0.0,NONE
1780024526.512,82.0,90.5,31.9,1499.0,44.5,13.78,31.9,32.3,32.3,31.7,optimal,optimal,optimal,optimal,optimal,optimal,↑ increasing,↑ increasing,→ stable,99.0,✅ EXCELLENT,False,NONE,3.6,0.0,NONE
1780024527.513,80.0,90.5,32.4,1528.0,45.6,13.83,31.9,31.7,32.2,31.8,optimal,optimal,optimal,optimal,optimal,optimal,↑ increasing,→ stable,→ stable,99.0,✅ EXCELLENT,False,NONE,3.0,0.0,NONE
1780024528.513,79.7,88.5,31.8,1541.0,44.2,13.77,31.8,31.7,32.3,32.3,optimal,optimal,optimal,optimal,optimal,optimal,↑ increasing,→ stable,→ stable,99.0,✅ EXCELLENT,False,NONE,3.6,1.1,NONE
1780024529.513,78.4,91.0,32.1,1486.0,45.5,13.81,31.9,32.1,32.0,31.8,optimal,optimal,optimal,optimal,optimal,optimal,↑ increasing,→ stable,→ stable,99.0,✅ EXCELLENT,False,NONE,3.2,0.0,NONE
1780024530.513,77.6,88.9,31.8,1476.0,44.3,13.78,32.4,31.9,32.0,32.2,optimal,optimal,optimal,optimal,optimal,optimal,↑ increasing,→ stable,→ stable,99.0,✅ EXCELLENT,False,NONE,3.5,0.6,NONE
1780024531.514,81.1,88.9,32.4,1482.0,45.7,13.75,31.8,31.9,31.9,32.2,optimal,optimal,optimal,optimal,optimal,optimal,↑ increasing,→ stable,→ stable,99.0,✅ EXCELLENT,False,NONE,3.0,0.6,NONE
1780024532.514,79.8,90.1,32.3,1486.0,44.9,13.8,31.9,32.1,32.4,32.1,optimal,optimal,optimal,optimal,optimal,optimal,↑ increasing,↓ decreasing,→ stable,99.0,✅ EXCELLENT,False,NONE,3.1,0.0,NONE
1780024533.515,77.4,90.6,32.3,1487.0,44.6,13.76,32.1,32.3,32.0,32.2,optimal,optimal,optimal,optimal,optimal,optimal,↑ increasing,↓ decreasing,→ stable,99.0,✅ EXCELLENT,False,NONE,3.0,0.0,NONE
1780024534.516,80.6,90.4,32.2,1485.0,44.6,13.85,31.7,31.7,31.8,32.4,optimal,optimal,optimal,optimal,optimal,optimal,→ stable,→ stable,→ stable,99.0,✅ EXCELLENT,False,NONE,3.2,0.0,NONE
1780024535.516,80.3,88.6,32.0,1465.0,44.4,13.82,31.8,32.0,32.0,32.0,optimal,optimal,optimal,optimal,optimal,optimal,→ stable,↓ decreasing,→ stable,99.0,✅ EXCELLENT,False,NONE,3.4,1.0,NONE
1780024536.518,77.1,91.3,32.2,1473.0,44.0,13.83,32.2,32.0,32.3,32.0,optimal,optimal,optimal,optimal,optimal,optimal,↓ decreasing,↓ decreasing,→ stable,99.0,✅ EXCELLENT,False,NONE,3.1,0.0,NONE
1780024537.519,81.4,91.4,32.4,1480.0,44.7,13.79,32.3,31.7,32.2,31.9,optimal,optimal,optimal,optimal,optimal,optimal,↓ decreasing,↓ decreasing,→ stable,99.0,✅ EXCELLENT,False,NONE,3.0,0.0,NONE
1780024538.519,78.7,89.6,32.2,1526.0,45.5,13.79,32.2,31.8,31.8,32.4,optimal,optimal,optimal,optimal,optimal,optimal,↓ decreasing,→ stable,→ stable,99.0,✅ EXCELLENT,False,NONE,3.1,0.1,NONE
1780024539.523,78.0,90.0,31.6,1526.0,45.7,13.84,32.1,31.9,31.9,32.4,optimal,optimal,optimal,optimal,optimal,optimal,↓ decreasing,→ stable,→ stable,99.0,✅ EXCELLENT,False,NONE,3.8,0.0,NONE
1780024540.524,81.4,91.0,32.2,1470.0,45.4,13.8,32.1,31.7,32.3,32.2,optimal,optimal,optimal,optimal,optimal,optimal,→ stable,→ stable,→ stable,99.0,✅ EXCELLENT,False,NONE,3.3,0.0,NONE
1780024541.524,79.3,89.9,32.0,1509.0,44.0,13.83,32.0,31.9,32.1,32.1,optimal,optimal,optimal,optimal,optimal,optimal,↓ decreasing,→ stable,→ stable,99.0,✅ EXCELLENT,False,NONE,3.4,0.0,NONE
1780024542.524,79.9,90.6,32.4,1475.0,45.7,13.79,31.9,32.2,32.2,32.1,optimal,optimal,optimal,optimal,optimal,optimal,↓ decreasing,→ stable,→ stable,99.0,✅ EXCELLENT,False,NONE,3.0,0.0,NONE
1780024543.524,78.5,90.8,32.4,1519.0,44.5,13.82,31.8,32.4,32.0,31.7,optimal,optimal,optimal,optimal,optimal,optimal,→ stable,→ stable,→ stable,99.0,✅ EXCELLENT,False,NONE,2.9,0.0,NONE
1780024544.526,82.1,89.2,31.9,1496.0,44.7,13.8,32.2,31.9,31.7,32.2,optimal,optimal,optimal,optimal,optimal,optimal,→ stable,→ stable,→ stable,99.0,✅ EXCELLENT,False,NONE,3.6,0.3,NONE
1780024545.526,79.4,90.2,32.0,1469.0,44.4,13.82,31.8,31.9,32.0,31.8,optimal,optimal,optimal,optimal,optimal,optimal,→ stable,↑ increasing,→ stable,99.0,✅ EXCELLENT,False,NONE,3.4,0.0,NONE
1780024546.527,82.9,91.4,32.3,1533.0,45.9,13.8,31.9,32.2,31.6,31.7,optimal,optimal,optimal,optimal,optimal,optimal,↑ increasing,↑ increasing,→ stable,99.0,✅ EXCELLENT,False,NONE,3.2,0.0,NONE
1780024547.529,82.9,89.5,31.7,1471.0,45.8,13.8,32.0,31.7,31.8,32.1,optimal,optimal,optimal,optimal,optimal,optimal,↑ increasing,→ stable,→ stable,99.0,✅ EXCELLENT,False,NONE,3.9,0.1,NONE
1780024548.529,79.3,91.3,32.1,1525.0,44.6,13.85,32.4,32.3,32.1,31.9,optimal,optimal,optimal,optimal,optimal,optimal,↑ increasing,→ stable,→ stable,99.0,✅ EXCELLENT,False,NONE,3.3,0.0,NONE
1780024549.53,82.8,91.2,32.0,1518.0,44.1,13.84,32.3,31.8,31.8,32.0,optimal,optimal,optimal,optimal,optimal,optimal,↑ increasing,↑ increasing,→ stable,99.0,✅ EXCELLENT,False,NONE,3.5,0.0,NONE
