timestamp,speed_kmh,engine_temp_c,tire_pressure_psi,engine_rpm,oil_pressure_psi,battery_voltage_v,tire_pressure_fl_psi,tire_pressure_fr_psi,tire_pressure_rl_psi,tire_pressure_rr_psi,speed_status,temp_status,psi_status,rpm_status,oil_status,battery_status,speed_trend,temp_trend,psi_trend,overall_health,health_status,emergency,contradictions,tire_speed_risk,temp_correlation_penalty,alerts
1780321026.65,79.0,89.4,31.9,1454.0,44.4,13.78,31.6,31.7,31.7,32.4,optimal,optimal,optimal,optimal,optimal,optimal,—,—,—,99.8,✅ EXCELLENT,False,NONE,3.8,0.2,NONE
1780321027.65,81.5,88.7,31.8,1509.0,45.9,13.77,32.3,31.6,32.4,32.2,optimal,optimal,optimal,optimal,optimal,optimal,↑ increasing,↓ decreasing,→ stable,99.8,✅ EXCELLENT,False,NONE,4.0,0.8,NONE
1780321028.65,80.2,90.6,32.3,1549.0,45.1,13.79,32.4,31.8,32.3,32.3,optimal,optimal,optimal,optimal,optimal,optimal,↑ increasing,↑ increasing,→ stable,99.8,✅ EXCELLENT,False,NONE,3.7,0.0,NONE
1780321029.65,77.3,90.9,32.3,1491.0,44.2,13.82,31.7,32.1,31.7,32.4,optimal,optimal,optimal,optimal,optimal,optimal,↓ decreasing,↑ increasing,→ stable,99.8,✅ EXCELLENT,False,NONE,3.6,0.0,NONE
1780321030.652,80.9,90.8,32.0,1529.0,45.6,13.85,31.9,31.6,32.1,31.9,optimal,optimal,optimal,optimal,optimal,optimal,↑ increasing,↑ increasing,→ stable,99.8,✅ EXCELLENT,False,NONE,3.9,0.0,NONE
1780321031.653,77.5,89.5,32.1,1548.0,44.1,13.79,32.3,31.9,31.9,31.7,optimal,optimal,optimal,optimal,optimal,optimal,↓ decreasing,→ stable,→ stable,99.8,✅ EXCELLENT,False,NONE,3.7,0.1,NONE
1780321032.653,81.1,90.3,32.2,1525.0,45.4,13.78,32.2,32.3,32.3,31.7,optimal,optimal,optimal,optimal,optimal,optimal,↑ increasing,↑ increasing,→ stable,99.8,✅ EXCELLENT,False,NONE,3.8,0.0,NONE
1780321033.655,79.9,89.9,32.0,1489.0,44.0,13.84,32.1,32.2,32.2,31.8,optimal,optimal,optimal,optimal,optimal,optimal,↑ increasing,→ stable,→ stable,99.8,✅ EXCELLENT,False,NONE,3.7,0.0,NONE
1780321034.655,82.3,91.1,32.1,1466.0,45.7,13.79,32.0,32.3,32.1,31.7,optimal,optimal,optimal,optimal,optimal,optimal,↑ increasing,↑ increasing,→ stable,99.8,✅ EXCELLENT,False,NONE,3.9,0.0,NONE
1780321035.655,67.1,90.9,31.8,1419.0,45.1,13.84,31.8,32.3,32.1,31.7,optimal,optimal,optimal,optimal,optimal,optimal,↓ decreasing,↑ increasing,→ stable,99.8,✅ EXCELLENT,False,NONE,3.2,0.0,NONE
1780321036.656,59.6,89.9,31.7,1319.0,43.6,13.97,31.7,31.9,31.7,31.9,optimal,optimal,optimal,optimal,optimal,optimal,↓ decreasing,→ stable,→ stable,99.8,✅ EXCELLENT,False,NONE,2.8,0.0,NONE
1780321037.658,51.4,91.0,31.9,1250.0,42.6,13.95,32.1,32.3,32.3,32.2,optimal,optimal,optimal,optimal,optimal,optimal,↓ decreasing,↑ increasing,→ stable,99.8,✅ EXCELLENT,False,NONE,2.3,0.0,NONE
1780321038.658,41.8,91.1,31.9,1162.0,43.3,13.92,32.1,32.1,31.9,31.7,optimal,optimal,optimal,optimal,optimal,optimal,↓ decreasing,↑ increasing,→ stable,99.8,✅ EXCELLENT,False,NONE,2.0,0.0,NONE
1780321039.659,33.7,90.4,31.9,1043.0,42.2,13.99,32.2,31.8,31.8,31.9,optimal,optimal,optimal,optimal,optimal,optimal,↓ decreasing,↑ increasing,→ stable,99.8,✅ EXCELLENT,False,NONE,1.5,0.0,NONE
1780321040.661,29.3,90.3,31.7,1019.0,41.6,13.98,32.3,32.4,32.0,31.9,optimal,optimal,optimal,optimal,optimal,optimal,↓ decreasing,↑ increasing,→ stable,99.8,✅ EXCELLENT,False,NONE,1.4,0.0,NONE
1780321041.661,28.5,89.0,32.2,1047.0,43.2,13.93,32.4,32.2,32.3,32.1,optimal,optimal,optimal,optimal,optimal,optimal,↓ decreasing,→ stable,→ stable,99.8,✅ EXCELLENT,False,NONE,1.2,0.5,NONE
1780321042.661,22.6,89.3,31.9,1013.0,43.1,13.99,31.8,31.7,32.1,32.3,optimal,optimal,optimal,optimal,optimal,optimal,↓ decreasing,→ stable,→ stable,99.8,✅ EXCELLENT,False,NONE,1.1,0.2,NONE
1780321043.663,16.5,89.8,32.2,1073.0,43.3,13.96,31.8,31.7,32.0,31.8,optimal,optimal,optimal,optimal,optimal,optimal,↓ decreasing,→ stable,→ stable,99.8,✅ EXCELLENT,False,NONE,0.8,0.0,NONE
1780321044.663,14.6,88.6,31.7,1081.0,42.4,13.9,32.3,32.4,32.2,31.9,optimal,optimal,optimal,optimal,optimal,optimal,↓ decreasing,↓ decreasing,→ stable,99.8,✅ EXCELLENT,False,NONE,0.7,1.0,NONE
1780321045.663,15.2,90.7,32.3,1101.0,42.7,13.92,32.2,32.2,31.9,32.1,optimal,optimal,optimal,optimal,optimal,optimal,↓ decreasing,→ stable,→ stable,99.8,✅ EXCELLENT,False,NONE,0.7,0.0,NONE
1780321046.663,21.0,91.4,31.7,1432.0,42.2,13.93,31.9,32.2,31.7,31.9,optimal,optimal,optimal,optimal,optimal,optimal,↓ decreasing,→ stable,→ stable,99.8,✅ EXCELLENT,False,NONE,1.0,0.0,NONE
1780321047.665,30.5,90.9,32.1,1835.0,43.0,13.95,31.7,31.9,32.3,32.3,optimal,optimal,optimal,optimal,optimal,optimal,↓ decreasing,→ stable,→ stable,99.8,✅ EXCELLENT,False,NONE,1.4,0.0,NONE
1780321048.665,36.4,88.6,32.0,2072.0,41.7,13.97,31.8,31.9,32.3,32.4,optimal,optimal,optimal,optimal,optimal,optimal,↓ decreasing,↓ decreasing,→ stable,99.8,✅ EXCELLENT,False,NONE,1.7,1.0,NONE
1780321049.665,45.0,89.0,31.8,2278.0,42.1,13.9,31.6,32.3,31.9,31.8,optimal,optimal,optimal,optimal,optimal,optimal,↓ decreasing,↓ decreasing,→ stable,99.8,✅ EXCELLENT,False,NONE,2.2,0.5,NONE
1780321050.666,50.8,88.9,32.3,2438.0,41.7,13.97,31.7,32.3,32.2,31.9,optimal,optimal,optimal,optimal,optimal,optimal,↓ decreasing,↓ decreasing,→ stable,99.8,✅ EXCELLENT,False,NONE,2.4,0.6,NONE
1780321051.666,53.0,89.3,31.9,2603.0,41.8,13.97,32.1,32.1,32.1,32.0,optimal,optimal,optimal,optimal,optimal,optimal,↓ decreasing,↓ decreasing,→ stable,99.8,✅ EXCELLENT,False,NONE,2.3,0.2,NONE
1780321052.667,56.7,89.6,32.2,2800.0,43.0,13.97,32.3,32.0,32.1,32.0,optimal,optimal,optimal,optimal,optimal,optimal,↓ decreasing,↓ decreasing,→ stable,99.8,✅ EXCELLENT,False,NONE,2.4,0.1,NONE
1780321053.668,64.3,91.2,31.7,2948.0,42.6,13.98,31.9,32.3,32.4,32.3,optimal,optimal,optimal,optimal,optimal,optimal,↓ decreasing,→ stable,→ stable,99.8,✅ EXCELLENT,False,NONE,3.0,0.0,NONE
1780321054.668,63.3,90.8,31.6,3034.0,41.7,13.99,31.7,32.3,31.7,32.0,optimal,optimal,optimal,warning,optimal,optimal,↑ increasing,→ stable,→ stable,99.8,✅ EXCELLENT,False,NONE,3.1,0.0,NONE
1780321055.669,65.6,91.3,31.7,3075.0,43.2,13.96,31.6,32.4,32.2,31.7,optimal,optimal,optimal,warning,optimal,optimal,↑ increasing,→ stable,→ stable,99.8,✅ EXCELLENT,False,NONE,3.2,0.0,NONE
1780321056.672,66.3,91.3,31.9,3188.0,41.8,13.96,32.1,32.2,32.2,32.2,optimal,optimal,optimal,warning,optimal,optimal,↑ increasing,→ stable,→ stable,99.8,✅ EXCELLENT,False,NONE,2.9,0.0,NONE
1780321057.673,73.2,91.2,32.1,3228.0,42.2,13.94,31.6,31.6,32.4,32.1,optimal,optimal,optimal,warning,optimal,optimal,↑ increasing,→ stable,→ stable,99.8,✅ EXCELLENT,False,NONE,3.6,0.0,NONE
1780321058.673,71.3,91.1,31.9,3282.0,42.3,13.95,31.8,32.3,32.1,31.6,optimal,optimal,optimal,warning,optimal,optimal,↑ increasing,→ stable,→ stable,99.8,✅ EXCELLENT,False,NONE,3.5,0.0,NONE
1780321059.674,73.9,89.3,32.3,3226.0,43.0,13.99,32.3,31.7,31.7,32.0,optimal,optimal,optimal,warning,optimal,optimal,↑ increasing,↑ increasing,→ stable,99.8,✅ EXCELLENT,False,NONE,3.5,0.2,NONE
1780321060.675,72.4,91.3,32.1,3222.0,41.9,13.99,31.8,31.7,31.6,31.6,optimal,optimal,optimal,warning,optimal,optimal,↑ increasing,↑ increasing,→ stable,99.8,✅ EXCELLENT,False,NONE,3.5,0.0,NONE
1780321061.676,76.5,88.8,31.6,3052.0,42.3,13.9,31.8,32.1,31.7,32.0,optimal,optimal,optimal,warning,optimal,optimal,↑ increasing,↑ increasing,→ stable,99.8,✅ EXCELLENT,False,NONE,3.7,0.7,NONE
1780321062.677,72.8,91.3,32.3,3001.0,42.3,13.96,32.4,31.7,32.1,31.7,optimal,optimal,optimal,warning,optimal,optimal,↑ increasing,↑ increasing,→ stable,99.8,✅ EXCELLENT,False,NONE,3.4,0.0,NONE
1780321063.678,79.5,90.5,31.9,2919.0,42.6,13.98,31.7,31.9,31.8,32.0,optimal,optimal,optimal,optimal,optimal,optimal,↑ increasing,↑ increasing,→ stable,99.8,✅ EXCELLENT,False,NONE,3.7,0.0,NONE
1780321064.678,77.1,90.7,32.2,2840.0,43.1,13.97,32.0,31.7,32.2,32.3,optimal,optimal,optimal,optimal,optimal,optimal,↑ increasing,↑ increasing,→ stable,99.8,✅ EXCELLENT,False,NONE,3.6,0.0,NONE
1780321065.679,76.4,91.3,31.7,2668.0,43.2,13.93,31.6,32.1,32.3,32.1,optimal,optimal,optimal,optimal,optimal,optimal,↑ increasing,↑ increasing,→ stable,99.8,✅ EXCELLENT,False,NONE,3.7,0.0,NONE
1780321066.68,75.7,88.8,31.7,2616.0,43.0,13.9,31.9,32.1,31.6,32.4,optimal,optimal,optimal,optimal,optimal,optimal,↑ increasing,→ stable,→ stable,99.8,✅ EXCELLENT,False,NONE,3.7,0.7,NONE
1780321067.681,75.3,89.0,31.9,2507.0,43.2,13.98,32.1,31.8,31.7,31.8,optimal,optimal,optimal,optimal,optimal,optimal,↑ increasing,→ stable,→ stable,99.8,✅ EXCELLENT,False,NONE,3.5,0.5,NONE
1780321068.682,76.9,89.6,32.1,2405.0,41.9,13.97,32.0,32.1,32.3,31.7,optimal,optimal,optimal,optimal,optimal,optimal,↑ increasing,→ stable,→ stable,99.8,✅ EXCELLENT,False,NONE,3.6,0.1,NONE
1780321069.682,77.9,89.2,31.9,2479.0,43.5,13.98,32.2,31.9,31.9,32.3,optimal,optimal,optimal,optimal,optimal,optimal,↑ increasing,→ stable,→ stable,99.8,✅ EXCELLENT,False,NONE,3.4,0.3,NONE
1780321070.683,75.9,91.4,32.0,2440.0,42.9,13.93,32.0,32.0,32.0,32.4,optimal,optimal,optimal,optimal,optimal,optimal,↑ increasing,↓ decreasing,→ stable,99.8,✅ EXCELLENT,False,NONE,3.3,0.0,NONE
1780321071.683,77.6,90.9,32.0,2407.0,43.1,13.96,31.7,32.1,31.9,32.3,optimal,optimal,optimal,optimal,optimal,optimal,↑ increasing,→ stable,→ stable,99.8,✅ EXCELLENT,False,NONE,3.7,0.0,NONE
1780321072.683,76.6,90.4,32.0,2471.0,42.7,13.91,31.9,32.4,31.8,31.9,optimal,optimal,optimal,optimal,optimal,optimal,↑ increasing,↓ decreasing,→ stable,99.8,✅ EXCELLENT,False,NONE,3.5,0.0,NONE
1780321073.684,79.6,90.3,32.3,2480.0,42.1,13.97,31.9,32.1,31.9,32.1,optimal,optimal,optimal,optimal,optimal,optimal,↑ increasing,↓ decreasing,→ stable,99.8,✅ EXCELLENT,False,NONE,3.5,0.0,NONE
1780321074.684,79.5,91.3,31.6,2429.0,41.6,13.93,32.0,32.0,32.1,32.4,optimal,optimal,optimal,optimal,optimal,optimal,↑ increasing,→ stable,→ stable,99.8,✅ EXCELLENT,False,NONE,3.9,0.0,NONE
1780321075.685,78.4,90.5,31.8,2489.0,41.7,13.97,32.3,31.8,31.9,32.2,optimal,optimal,optimal,optimal,optimal,optimal,↑ increasing,↓ decreasing,→ stable,99.8,✅ EXCELLENT,False,NONE,3.6,0.0,NONE
1780321076.685,75.3,89.7,31.8,2492.0,43.1,13.9,31.9,31.7,32.4,31.8,optimal,optimal,optimal,optimal,optimal,optimal,↑ increasing,→ stable,→ stable,99.8,✅ EXCELLENT,False,NONE,3.5,0.0,NONE
1780321077.686,80.2,89.8,32.4,2411.0,43.2,13.98,32.4,32.0,32.3,31.8,optimal,optimal,optimal,optimal,optimal,optimal,↑ increasing,→ stable,→ stable,99.8,✅ EXCELLENT,False,NONE,3.7,0.0,NONE
1780321078.686,79.9,89.2,31.9,2486.0,42.5,13.95,31.6,32.2,32.1,32.4,optimal,optimal,optimal,optimal,optimal,optimal,↑ increasing,→ stable,→ stable,99.8,✅ EXCELLENT,False,NONE,3.9,0.3,NONE
1780321079.687,77.5,91.2,32.2,2425.0,42.7,13.96,31.6,32.0,32.4,32.4,optimal,optimal,optimal,optimal,optimal,optimal,↑ increasing,→ stable,→ stable,99.8,✅ EXCELLENT,False,NONE,3.8,0.0,NONE
1780321080.687,77.8,89.3,31.9,2430.0,42.8,13.9,31.9,31.8,31.8,32.1,optimal,optimal,optimal,optimal,optimal,optimal,↑ increasing,→ stable,→ stable,99.8,✅ EXCELLENT,False,NONE,3.6,0.2,NONE
1780321081.687,78.9,90.0,32.0,2427.0,41.7,13.94,32.1,31.9,31.6,32.1,optimal,optimal,optimal,optimal,optimal,optimal,↑ increasing,→ stable,→ stable,99.8,✅ EXCELLENT,False,NONE,3.8,0.0,NONE
1780321082.687,75.6,89.8,32.4,2486.0,42.3,13.98,31.9,32.3,32.3,32.0,optimal,optimal,optimal,optimal,optimal,optimal,↑ increasing,→ stable,→ stable,99.8,✅ EXCELLENT,False,NONE,3.3,0.0,NONE
1780321083.687,77.9,89.7,32.2,2465.0,42.0,13.97,32.4,32.3,32.2,31.9,optimal,optimal,optimal,optimal,optimal,optimal,↑ increasing,→ stable,→ stable,99.8,✅ EXCELLENT,False,NONE,3.4,0.0,NONE
1780321084.688,76.7,89.8,32.4,2432.0,42.8,13.91,31.9,32.1,32.0,32.4,optimal,optimal,optimal,optimal,optimal,optimal,↑ increasing,→ stable,→ stable,99.8,✅ EXCELLENT,False,NONE,3.4,0.0,NONE
1780321085.69,78.9,89.3,31.8,2443.0,42.6,13.97,32.1,32.3,31.8,32.4,optimal,optimal,optimal,optimal,optimal,optimal,↑ increasing,→ stable,→ stable,99.8,✅ EXCELLENT,False,NONE,3.6,0.2,NONE
1780321086.69,78.8,91.1,32.0,2499.0,42.0,13.94,31.7,32.2,32.1,32.2,optimal,optimal,optimal,optimal,optimal,optimal,↑ increasing,→ stable,→ stable,99.8,✅ EXCELLENT,False,NONE,3.7,0.0,NONE
1780321087.69,78.8,90.7,31.8,2427.0,41.9,13.97,31.7,32.3,32.3,31.8,optimal,optimal,optimal,optimal,optimal,optimal,→ stable,→ stable,→ stable,99.8,✅ EXCELLENT,False,NONE,3.7,0.0,NONE
1780321088.692,79.5,89.2,32.3,2440.0,42.9,13.99,31.9,32.1,31.9,32.0,optimal,optimal,optimal,optimal,optimal,optimal,→ stable,→ stable,→ stable,99.8,✅ EXCELLENT,False,NONE,3.5,0.3,NONE
1780321089.692,75.6,90.2,32.2,2456.0,42.7,13.96,31.6,32.0,31.9,31.7,optimal,optimal,optimal,optimal,optimal,optimal,→ stable,↓ decreasing,→ stable,99.8,✅ EXCELLENT,False,NONE,3.7,0.0,NONE
1780321090.694,78.7,89.3,31.9,2502.0,42.9,13.95,32.2,32.2,31.7,31.9,optimal,optimal,optimal,optimal,optimal,optimal,→ stable,→ stable,→ stable,99.8,✅ EXCELLENT,False,NONE,3.7,0.2,NONE
1780321091.695,79.1,90.6,32.2,2481.0,43.1,13.91,32.4,32.0,31.6,32.3,optimal,optimal,optimal,optimal,optimal,optimal,→ stable,→ stable,→ stable,99.8,✅ EXCELLENT,False,NONE,3.8,0.0,NONE
1780321092.697,75.0,90.2,31.8,2439.0,42.0,13.99,32.3,31.8,32.2,32.3,optimal,optimal,optimal,optimal,optimal,optimal,→ stable,→ stable,→ stable,99.8,✅ EXCELLENT,False,NONE,3.4,0.0,NONE
1780321093.697,78.4,89.7,32.3,2493.0,42.3,13.91,32.0,32.1,32.4,32.2,optimal,optimal,optimal,optimal,optimal,optimal,→ stable,→ stable,→ stable,99.8,✅ EXCELLENT,False,NONE,3.4,0.0,NONE
1780321094.698,76.5,91.0,31.8,2462.0,43.1,13.98,31.9,31.7,32.1,32.1,optimal,optimal,optimal,optimal,optimal,optimal,→ stable,→ stable,→ stable,99.8,✅ EXCELLENT,False,NONE,3.6,0.0,NONE
1780321095.7,77.4,90.4,31.9,2458.0,42.8,13.9,31.9,31.9,31.7,32.0,optimal,optimal,optimal,optimal,optimal,optimal,→ stable,→ stable,→ stable,99.8,✅ EXCELLENT,False,NONE,3.6,0.0,NONE
1780321096.701,78.0,89.8,32.2,2434.0,42.9,13.92,32.1,31.9,31.9,32.0,optimal,optimal,optimal,optimal,optimal,optimal,↓ decreasing,→ stable,→ stable,99.8,✅ EXCELLENT,False,NONE,3.5,0.0,NONE
1780321097.701,78.6,88.5,32.3,2486.0,43.0,13.9,32.3,31.8,31.7,32.4,optimal,optimal,optimal,optimal,optimal,optimal,→ stable,→ stable,→ stable,99.8,✅ EXCELLENT,False,NONE,3.7,1.1,NONE
1780321098.704,77.3,90.2,31.8,2498.0,42.8,13.93,32.4,32.0,31.8,32.0,optimal,optimal,optimal,optimal,optimal,optimal,↓ decreasing,→ stable,→ stable,99.8,✅ EXCELLENT,False,NONE,3.5,0.0,NONE
1780321099.705,77.0,90.1,32.0,2484.0,42.9,13.95,31.8,32.1,32.0,32.0,optimal,optimal,optimal,optimal,optimal,optimal,→ stable,→ stable,→ stable,99.8,✅ EXCELLENT,False,NONE,3.5,0.0,NONE
1780321100.705,74.5,89.0,32.1,2487.0,43.5,13.98,32.2,32.0,31.6,31.7,optimal,optimal,optimal,optimal,optimal,optimal,↓ decreasing,→ stable,→ stable,99.8,✅ EXCELLENT,False,NONE,3.6,0.5,NONE
1780321101.705,76.2,89.0,31.7,2409.0,41.6,13.92,32.1,32.1,31.7,32.4,optimal,optimal,optimal,optimal,optimal,optimal,↓ decreasing,→ stable,→ stable,99.8,✅ EXCELLENT,False,NONE,3.6,0.5,NONE
1780321102.706,77.9,90.1,32.2,2481.0,42.4,13.92,32.4,31.9,32.4,32.1,optimal,optimal,optimal,optimal,optimal,optimal,↓ decreasing,→ stable,→ stable,99.8,✅ EXCELLENT,False,NONE,3.4,0.0,NONE
1780321103.708,76.1,91.0,31.8,2435.0,41.8,13.94,32.3,31.8,32.0,32.4,optimal,optimal,optimal,optimal,optimal,optimal,↓ decreasing,→ stable,→ stable,99.8,✅ EXCELLENT,False,NONE,3.5,0.0,NONE
1780321104.709,77.3,89.3,32.0,2439.0,41.9,13.91,32.3,31.8,31.9,31.7,optimal,optimal,optimal,optimal,optimal,optimal,↓ decreasing,→ stable,→ stable,99.8,✅ EXCELLENT,False,NONE,3.6,0.2,NONE
1780321105.71,74.9,90.8,32.3,2495.0,42.6,13.9,32.3,31.9,31.7,32.2,optimal,optimal,optimal,optimal,optimal,optimal,↓ decreasing,→ stable,→ stable,99.8,✅ EXCELLENT,False,NONE,3.5,0.0,NONE
1780321106.71,76.6,88.8,32.2,2440.0,41.9,13.96,32.2,31.7,32.0,31.8,optimal,optimal,optimal,optimal,optimal,optimal,↓ decreasing,→ stable,→ stable,99.8,✅ EXCELLENT,False,NONE,3.6,0.7,NONE
1780321107.711,79.1,90.9,32.3,2427.0,43.5,13.93,32.2,32.1,32.2,31.8,optimal,optimal,optimal,optimal,optimal,optimal,↓ decreasing,→ stable,→ stable,99.8,✅ EXCELLENT,False,NONE,3.6,0.0,NONE
1780321108.712,78.9,89.9,32.3,2494.0,42.8,13.92,31.8,31.7,32.2,31.9,optimal,optimal,optimal,optimal,optimal,optimal,↓ decreasing,→ stable,→ stable,99.8,✅ EXCELLENT,False,NONE,3.7,0.0,NONE
1780321109.712,79.8,91.3,31.7,2432.0,41.9,13.96,31.7,31.9,31.7,32.2,optimal,optimal,optimal,optimal,optimal,optimal,→ stable,→ stable,→ stable,99.8,✅ EXCELLENT,False,NONE,3.8,0.0,NONE
1780321110.714,76.7,88.6,31.8,2439.0,41.7,13.95,32.4,32.0,31.8,32.1,optimal,optimal,optimal,optimal,optimal,optimal,→ stable,→ stable,→ stable,99.8,✅ EXCELLENT,False,NONE,3.5,1.0,NONE
1780321111.714,78.3,89.1,32.4,2482.0,42.4,13.91,31.9,32.3,32.0,32.3,optimal,optimal,optimal,optimal,optimal,optimal,↑ increasing,→ stable,→ stable,99.8,✅ EXCELLENT,False,NONE,3.5,0.4,NONE
1780321112.715,77.2,88.6,32.0,2474.0,41.6,13.99,31.7,32.0,31.7,32.3,optimal,optimal,optimal,optimal,optimal,optimal,→ stable,→ stable,→ stable,99.8,✅ EXCELLENT,False,NONE,3.6,1.0,NONE
1780321113.715,74.5,89.7,32.3,2463.0,42.1,13.98,32.3,31.7,31.9,32.3,optimal,optimal,optimal,optimal,optimal,optimal,→ stable,→ stable,→ stable,99.8,✅ EXCELLENT,False,NONE,3.5,0.0,NONE
1780321114.717,80.2,91.3,32.3,2463.0,42.9,13.95,31.8,31.7,32.3,32.3,optimal,optimal,optimal,optimal,optimal,optimal,↑ increasing,→ stable,→ stable,99.8,✅ EXCELLENT,False,NONE,3.8,0.0,NONE
1780321115.717,78.0,89.7,31.6,2408.0,42.9,13.95,32.3,32.2,32.2,31.8,optimal,optimal,optimal,optimal,optimal,optimal,↑ increasing,→ stable,→ stable,99.8,✅ EXCELLENT,False,NONE,3.8,0.0,NONE
1780321116.718,77.4,89.8,31.8,2496.0,43.3,13.91,32.3,31.9,32.1,31.9,optimal,optimal,optimal,optimal,optimal,optimal,↑ increasing,→ stable,→ stable,99.8,✅ EXCELLENT,False,NONE,3.5,0.0,NONE
1780321117.719,79.9,88.7,31.9,2459.0,43.0,13.91,31.7,32.3,32.4,31.9,optimal,optimal,optimal,optimal,optimal,optimal,↑ increasing,→ stable,→ stable,99.8,✅ EXCELLENT,False,NONE,3.8,0.8,NONE
1780321118.721,77.2,90.9,32.3,2492.0,42.9,13.98,32.2,32.1,32.2,31.7,optimal,optimal,optimal,optimal,optimal,optimal,↑ increasing,→ stable,→ stable,99.8,✅ EXCELLENT,False,NONE,3.6,0.0,NONE
1780321119.721,79.9,91.3,31.9,2429.0,42.7,13.95,31.9,32.2,32.1,32.3,optimal,optimal,optimal,optimal,optimal,optimal,↑ increasing,→ stable,→ stable,99.8,✅ EXCELLENT,False,NONE,3.5,0.0,NONE
1780321120.723,78.7,89.9,31.7,2412.0,43.0,13.9,32.2,32.2,32.0,31.7,optimal,optimal,optimal,optimal,optimal,optimal,↑ increasing,→ stable,→ stable,99.8,✅ EXCELLENT,False,NONE,3.7,0.0,NONE
1780321121.724,78.3,89.1,32.4,2493.0,41.8,13.95,32.2,32.1,32.3,31.6,optimal,optimal,optimal,optimal,optimal,optimal,↑ increasing,→ stable,→ stable,99.8,✅ EXCELLENT,False,NONE,3.8,0.4,NONE
1780321122.724,77.4,90.1,31.8,2475.0,43.3,13.96,32.1,31.9,32.0,32.2,optimal,optimal,optimal,optimal,optimal,optimal,↑ increasing,→ stable,→ stable,99.8,✅ EXCELLENT,False,NONE,3.5,0.0,NONE
1780321123.726,75.2,90.2,31.8,2425.0,43.4,13.99,31.8,31.7,31.8,32.0,optimal,optimal,optimal,optimal,optimal,optimal,↑ increasing,→ stable,→ stable,99.8,✅ EXCELLENT,False,NONE,3.5,0.0,NONE
1780321124.726,79.1,91.3,32.3,2499.0,43.1,13.92,32.2,32.0,31.9,31.7,optimal,optimal,optimal,optimal,optimal,optimal,→ stable,→ stable,→ stable,99.8,✅ EXCELLENT,False,NONE,3.7,0.0,NONE
1780321125.727,76.9,90.1,31.6,2415.0,42.1,13.95,31.7,32.1,31.8,32.0,optimal,optimal,optimal,optimal,optimal,optimal,→ stable,→ stable,→ stable,99.8,✅ EXCELLENT,False,NONE,3.7,0.0,NONE
1780321126.729,77.2,88.7,31.8,2435.0,43.4,13.9,32.2,32.3,32.1,32.0,optimal,optimal,optimal,optimal,optimal,optimal,→ stable,→ stable,→ stable,99.8,✅ EXCELLENT,False,NONE,3.5,0.8,NONE
1780321127.729,76.7,89.4,31.7,2420.0,42.8,13.99,32.4,32.0,32.3,32.1,optimal,optimal,optimal,optimal,optimal,optimal,→ stable,→ stable,→ stable,99.8,✅ EXCELLENT,False,NONE,3.6,0.2,NONE
1780321128.73,75.0,91.3,31.6,2479.0,42.0,13.96,31.9,32.0,32.2,31.6,optimal,optimal,optimal,optimal,optimal,optimal,→ stable,→ stable,→ stable,99.8,✅ EXCELLENT,False,NONE,3.6,0.0,NONE
1780321129.73,74.8,88.6,32.1,2483.0,42.5,13.98,32.2,31.7,31.7,31.8,optimal,optimal,optimal,optimal,optimal,optimal,↓ decreasing,→ stable,→ stable,99.8,✅ EXCELLENT,False,NONE,3.5,1.0,NONE
1780321130.731,76.7,91.5,31.6,2465.0,43.0,13.9,32.3,31.7,31.7,32.0,optimal,optimal,optimal,optimal,optimal,optimal,↓ decreasing,→ stable,→ stable,99.8,✅ EXCELLENT,False,NONE,3.7,0.0,NONE
1780321131.732,74.8,89.1,31.7,2444.0,41.7,13.99,32.0,32.1,31.9,32.3,optimal,optimal,optimal,optimal,optimal,optimal,↓ decreasing,→ stable,→ stable,99.8,✅ EXCELLENT,False,NONE,3.5,0.4,NONE
1780321132.733,80.1,88.9,32.1,2477.0,43.4,13.95,31.9,32.4,31.7,32.3,optimal,optimal,optimal,optimal,optimal,optimal,↓ decreasing,→ stable,→ stable,99.8,✅ EXCELLENT,False,NONE,3.8,0.6,NONE
1780321133.733,74.9,89.3,32.1,2433.0,42.5,13.9,32.0,32.0,32.2,31.7,optimal,optimal,optimal,optimal,optimal,optimal,↓ decreasing,→ stable,→ stable,99.8,✅ EXCELLENT,False,NONE,3.5,0.2,NONE
1780321134.736,78.5,91.3,31.9,2436.0,42.6,13.97,31.6,32.3,31.6,31.8,optimal,optimal,optimal,optimal,optimal,optimal,↓ decreasing,→ stable,→ stable,99.8,✅ EXCELLENT,False,NONE,3.8,0.0,NONE
1780321135.737,76.7,90.9,32.3,2478.0,43.3,13.94,32.0,32.3,31.7,31.6,optimal,optimal,optimal,optimal,optimal,optimal,↓ decreasing,→ stable,→ stable,99.8,✅ EXCELLENT,False,NONE,3.7,0.0,NONE
1780321136.739,79.4,91.1,31.7,2499.0,43.1,13.97,32.0,32.2,32.4,31.9,optimal,optimal,optimal,optimal,optimal,optimal,↓ decreasing,→ stable,→ stable,99.8,✅ EXCELLENT,False,NONE,3.7,0.0,NONE
1780321137.739,79.7,91.4,32.3,2421.0,42.9,13.97,31.8,32.3,31.8,32.2,optimal,optimal,optimal,optimal,optimal,optimal,↓ decreasing,→ stable,→ stable,99.8,✅ EXCELLENT,False,NONE,3.6,0.0,NONE
1780321138.741,77.3,90.7,31.8,2500.0,42.7,13.94,32.4,31.7,32.2,32.1,optimal,optimal,optimal,optimal,optimal,optimal,→ stable,→ stable,→ stable,99.8,✅ EXCELLENT,False,NONE,3.6,0.0,NONE
1780321139.743,78.6,89.5,32.3,2468.0,42.4,13.9,32.1,31.9,32.2,31.7,optimal,optimal,optimal,optimal,optimal,optimal,↑ increasing,→ stable,→ stable,99.8,✅ EXCELLENT,False,NONE,3.7,0.1,NONE
1780321140.746,75.0,89.7,31.8,2479.0,41.9,13.98,31.8,32.3,31.9,32.1,optimal,optimal,optimal,optimal,optimal,optimal,↑ increasing,→ stable,→ stable,99.8,✅ EXCELLENT,False,NONE,3.4,0.0,NONE
1780321141.748,79.2,91.3,32.2,2408.0,43.3,13.97,32.2,32.1,32.2,31.7,optimal,optimal,optimal,optimal,optimal,optimal,↑ increasing,→ stable,→ stable,99.8,✅ EXCELLENT,False,NONE,3.7,0.0,NONE
1780321142.749,78.4,90.1,32.2,2422.0,42.9,13.9,31.9,31.8,31.8,31.8,optimal,optimal,optimal,optimal,optimal,optimal,↑ increasing,↑ increasing,→ stable,99.8,✅ EXCELLENT,False,NONE,3.6,0.0,NONE
1780321143.751,76.5,89.6,32.2,2420.0,41.7,13.98,31.9,32.2,32.2,32.3,optimal,optimal,optimal,optimal,optimal,optimal,↑ increasing,↑ increasing,→ stable,99.8,✅ EXCELLENT,False,NONE,3.4,0.1,NONE
1780321144.752,78.7,89.6,31.6,2502.0,42.2,13.99,31.7,31.7,32.2,32.2,optimal,optimal,optimal,optimal,optimal,optimal,↑ increasing,↑ increasing,→ stable,99.8,✅ EXCELLENT,False,NONE,3.8,0.1,NONE
1780321145.752,77.5,90.0,32.3,2427.0,43.0,13.93,32.0,32.1,31.7,32.0,optimal,optimal,optimal,optimal,optimal,optimal,↑ increasing,→ stable,→ stable,99.8,✅ EXCELLENT,False,NONE,3.7,0.0,NONE
1780321146.753,75.8,90.3,31.9,2500.0,43.3,13.97,31.8,31.8,31.7,32.2,optimal,optimal,optimal,optimal,optimal,optimal,↑ increasing,→ stable,→ stable,99.8,✅ EXCELLENT,False,NONE,3.6,0.0,NONE
1780321147.754,77.3,89.4,32.0,2450.0,43.1,13.96,32.0,32.2,32.1,31.9,optimal,optimal,optimal,optimal,optimal,optimal,→ stable,→ stable,→ stable,99.8,✅ EXCELLENT,False,NONE,3.4,0.2,NONE
1780321148.754,78.0,88.8,32.2,2474.0,42.3,13.96,31.8,32.0,32.1,31.8,optimal,optimal,optimal,optimal,optimal,optimal,→ stable,→ stable,→ stable,99.8,✅ EXCELLENT,False,NONE,3.6,0.7,NONE
1780321149.754,78.0,91.1,31.6,2503.0,41.9,13.98,32.1,31.7,32.3,32.2,optimal,optimal,optimal,optimal,optimal,optimal,→ stable,→ stable,→ stable,99.8,✅ EXCELLENT,False,NONE,3.8,0.0,NONE
1780321150.756,77.8,89.7,31.6,2459.0,43.4,13.96,32.0,31.7,31.7,32.0,optimal,optimal,optimal,optimal,optimal,optimal,→ stable,→ stable,→ stable,99.8,✅ EXCELLENT,False,NONE,3.8,0.0,NONE
1780321151.756,78.3,89.2,32.0,2459.0,41.6,13.93,32.3,32.3,31.6,32.1,optimal,optimal,optimal,optimal,optimal,optimal,→ stable,↓ decreasing,→ stable,99.8,✅ EXCELLENT,False,NONE,3.8,0.3,NONE
1780321152.757,79.6,91.5,32.0,2462.0,43.4,13.94,31.7,32.3,32.2,32.1,optimal,optimal,optimal,optimal,optimal,optimal,→ stable,↓ decreasing,→ stable,99.8,✅ EXCELLENT,False,NONE,3.8,0.0,NONE
1780321153.757,80.2,89.6,31.9,2464.0,42.5,13.9,32.3,31.7,31.8,32.1,optimal,optimal,optimal,optimal,optimal,optimal,→ stable,↓ decreasing,→ stable,99.8,✅ EXCELLENT,False,NONE,3.8,0.1,NONE
1780321154.757,78.3,90.2,32.0,2420.0,41.8,13.96,31.9,32.0,31.8,32.3,optimal,optimal,optimal,optimal,optimal,optimal,→ stable,→ stable,→ stable,99.8,✅ EXCELLENT,False,NONE,3.6,0.0,NONE
1780321155.758,80.4,89.3,31.9,2412.0,42.0,13.97,32.1,32.0,31.8,32.1,optimal,optimal,optimal,optimal,optimal,optimal,→ stable,→ stable,→ stable,99.8,✅ EXCELLENT,False,NONE,3.7,0.2,NONE
1780321156.76,76.2,89.4,32.3,2427.0,41.7,13.95,31.7,32.2,31.8,31.9,optimal,optimal,optimal,optimal,optimal,optimal,↑ increasing,→ stable,→ stable,99.8,✅ EXCELLENT,False,NONE,3.6,0.2,NONE
1780321157.76,77.3,89.5,31.7,2442.0,43.3,13.95,32.1,31.7,31.9,31.9,optimal,optimal,optimal,optimal,optimal,optimal,↑ increasing,→ stable,→ stable,99.8,✅ EXCELLENT,False,NONE,3.6,0.1,NONE
1780321158.761,75.8,88.7,32.0,2416.0,43.0,13.98,32.3,31.6,31.8,31.7,optimal,optimal,optimal,optimal,optimal,optimal,↑ increasing,→ stable,→ stable,99.8,✅ EXCELLENT,False,NONE,3.7,0.8,NONE
1780321159.762,79.0,88.8,32.0,2424.0,41.9,13.9,32.2,32.4,31.7,31.9,optimal,optimal,optimal,optimal,optimal,optimal,↑ increasing,→ stable,→ stable,99.8,✅ EXCELLENT,False,NONE,3.7,0.7,NONE
1780321160.764,74.5,89.3,31.7,2502.0,43.0,13.94,31.6,31.9,31.6,31.8,optimal,optimal,optimal,optimal,optimal,optimal,→ stable,→ stable,→ stable,99.8,✅ EXCELLENT,False,NONE,3.6,0.2,NONE
1780321161.764,76.7,89.5,32.3,2494.0,41.6,13.99,31.9,32.2,32.3,32.0,optimal,optimal,optimal,optimal,optimal,optimal,→ stable,→ stable,→ stable,99.8,✅ EXCELLENT,False,NONE,3.4,0.1,NONE
1780321162.765,77.9,88.8,32.0,2461.0,43.5,13.96,31.8,31.9,32.1,32.0,optimal,optimal,optimal,optimal,optimal,optimal,→ stable,↓ decreasing,→ stable,99.8,✅ EXCELLENT,False,NONE,3.6,0.7,NONE
1780321163.766,75.1,88.8,31.8,2418.0,42.0,13.94,31.6,31.7,31.8,32.0,optimal,optimal,optimal,optimal,optimal,optimal,↓ decreasing,↓ decreasing,→ stable,99.8,✅ EXCELLENT,False,NONE,3.6,0.7,NONE
1780321164.766,78.8,90.3,31.6,2487.0,41.6,13.92,31.9,31.6,31.9,32.3,optimal,optimal,optimal,optimal,optimal,optimal,↓ decreasing,↓ decreasing,→ stable,99.8,✅ EXCELLENT,False,NONE,3.8,0.0,NONE
1780321165.767,74.7,90.6,32.1,2452.0,43.4,13.91,31.8,31.8,32.4,32.3,optimal,optimal,optimal,optimal,optimal,optimal,↓ decreasing,↓ decreasing,→ stable,99.8,✅ EXCELLENT,False,NONE,3.4,0.0,NONE
1780321166.768,76.1,89.8,31.8,2484.0,43.5,13.99,31.8,32.3,31.8,32.1,optimal,optimal,optimal,optimal,optimal,optimal,↓ decreasing,→ stable,→ stable,99.8,✅ EXCELLENT,False,NONE,3.5,0.0,NONE
1780321167.769,75.5,89.0,32.1,2498.0,43.1,13.98,32.4,32.0,32.4,31.9,optimal,optimal,optimal,optimal,optimal,optimal,↓ decreasing,→ stable,→ stable,99.8,✅ EXCELLENT,False,NONE,3.3,0.5,NONE
1780321168.769,78.0,89.5,32.2,2418.0,42.6,13.97,32.2,32.1,31.7,32.1,optimal,optimal,optimal,optimal,optimal,optimal,↓ decreasing,→ stable,→ stable,99.8,✅ EXCELLENT,False,NONE,3.7,0.1,NONE
1780321169.77,79.3,89.9,32.0,2430.0,41.6,13.93,32.2,31.8,31.7,32.3,optimal,optimal,optimal,optimal,optimal,optimal,↓ decreasing,→ stable,→ stable,99.8,✅ EXCELLENT,False,NONE,3.7,0.0,NONE
1780321170.77,79.8,91.3,32.0,2474.0,41.7,13.99,32.3,32.0,32.2,32.0,optimal,optimal,optimal,optimal,optimal,optimal,↓ decreasing,→ stable,→ stable,99.8,✅ EXCELLENT,False,NONE,3.4,0.0,NONE
1780321171.77,77.5,90.4,32.1,2430.0,42.8,13.96,32.3,32.4,31.8,32.3,optimal,optimal,optimal,optimal,optimal,optimal,↓ decreasing,→ stable,→ stable,99.8,✅ EXCELLENT,False,NONE,3.5,0.0,NONE
1780321172.77,77.1,89.5,31.8,2423.0,42.0,13.96,31.9,31.8,31.8,31.7,optimal,optimal,optimal,optimal,optimal,optimal,→ stable,↑ increasing,→ stable,99.8,✅ EXCELLENT,False,NONE,3.6,0.1,NONE
1780321173.772,80.1,90.2,32.0,2462.0,41.6,13.95,31.6,32.4,32.3,32.4,optimal,optimal,optimal,optimal,optimal,optimal,↑ increasing,↑ increasing,→ stable,99.8,✅ EXCELLENT,False,NONE,3.9,0.0,NONE
1780321174.772,76.5,90.0,32.1,2489.0,42.2,13.99,31.8,31.9,32.2,31.9,optimal,optimal,optimal,optimal,optimal,optimal,→ stable,↑ increasing,→ stable,99.8,✅ EXCELLENT,False,NONE,3.5,0.0,NONE
1780321175.772,78.5,88.7,31.9,2435.0,41.8,13.99,32.1,31.9,32.0,32.1,optimal,optimal,optimal,optimal,optimal,optimal,↑ increasing,→ stable,→ stable,99.8,✅ EXCELLENT,False,NONE,3.5,0.8,NONE
1780321176.774,78.5,91.1,31.9,2474.0,42.8,13.94,31.8,32.1,31.9,31.7,optimal,optimal,optimal,optimal,optimal,optimal,↑ increasing,↑ increasing,→ stable,99.8,✅ EXCELLENT,False,NONE,3.7,0.0,NONE
1780321177.773,77.2,90.8,32.3,2426.0,42.6,13.94,32.4,32.1,31.9,32.1,optimal,optimal,optimal,optimal,optimal,optimal,↑ increasing,↑ increasing,→ stable,99.8,✅ EXCELLENT,False,NONE,3.4,0.0,NONE
1780321178.774,78.0,91.2,32.1,2408.0,42.4,13.92,32.2,31.8,32.0,31.9,optimal,optimal,optimal,optimal,optimal,optimal,↑ increasing,↑ increasing,→ stable,99.8,✅ EXCELLENT,False,NONE,3.6,0.0,NONE
1780321179.775,76.6,88.7,31.9,2421.0,42.5,13.99,31.9,32.1,32.2,31.9,optimal,optimal,optimal,optimal,optimal,optimal,↑ increasing,↑ increasing,→ stable,99.8,✅ EXCELLENT,False,NONE,3.4,0.8,NONE
1780321180.775,80.2,90.4,31.8,2461.0,42.6,13.98,32.0,31.9,31.9,32.0,optimal,optimal,optimal,optimal,optimal,optimal,↑ increasing,→ stable,→ stable,99.8,✅ EXCELLENT,False,NONE,3.7,0.0,NONE
1780321181.776,79.9,89.7,32.2,2482.0,43.4,13.93,32.0,32.3,32.1,31.9,optimal,optimal,optimal,optimal,optimal,optimal,↑ increasing,→ stable,→ stable,99.8,✅ EXCELLENT,False,NONE,3.5,0.0,NONE
1780321182.776,75.3,91.0,32.0,2432.0,42.1,13.96,31.8,32.2,31.8,32.3,optimal,optimal,optimal,optimal,optimal,optimal,↑ increasing,→ stable,→ stable,99.8,✅ EXCELLENT,False,NONE,3.4,0.0,NONE
1780321183.777,79.9,91.5,31.7,2411.0,42.9,13.9,32.0,32.1,32.2,32.3,optimal,optimal,optimal,optimal,optimal,optimal,→ stable,→ stable,→ stable,99.8,✅ EXCELLENT,False,NONE,3.8,0.0,NONE
1780321184.779,79.5,89.4,31.6,2436.0,41.6,13.96,31.8,32.4,32.1,31.8,optimal,optimal,optimal,optimal,optimal,optimal,↑ increasing,→ stable,→ stable,99.8,✅ EXCELLENT,False,NONE,3.9,0.2,NONE
1780321185.779,75.1,91.2,31.6,2496.0,42.1,13.94,32.1,32.1,31.8,32.0,optimal,optimal,optimal,optimal,optimal,optimal,→ stable,↑ increasing,→ stable,99.8,✅ EXCELLENT,False,NONE,3.6,0.0,NONE
1780321186.779,79.8,89.0,32.1,2489.0,43.4,13.91,32.3,32.0,32.2,32.3,optimal,optimal,optimal,optimal,optimal,optimal,→ stable,→ stable,→ stable,99.8,✅ EXCELLENT,False,NONE,3.4,0.5,NONE
1780321187.779,75.6,90.7,32.1,2440.0,42.0,13.91,31.7,32.3,32.0,32.1,optimal,optimal,optimal,optimal,optimal,optimal,→ stable,→ stable,→ stable,99.8,✅ EXCELLENT,False,NONE,3.6,0.0,NONE
1780321188.781,75.8,90.8,31.6,2429.0,41.9,13.92,32.1,32.1,31.8,32.4,optimal,optimal,optimal,optimal,optimal,optimal,→ stable,→ stable,→ stable,99.8,✅ EXCELLENT,False,NONE,3.7,0.0,NONE
1780321189.781,75.9,90.2,31.6,2471.0,42.1,13.94,32.1,32.2,32.3,31.7,optimal,optimal,optimal,optimal,optimal,optimal,→ stable,→ stable,→ stable,99.8,✅ EXCELLENT,False,NONE,3.7,0.0,NONE
1780321190.781,80.2,90.1,31.7,2486.0,41.7,13.93,32.3,32.3,31.8,32.4,optimal,optimal,optimal,optimal,optimal,optimal,→ stable,→ stable,→ stable,99.8,✅ EXCELLENT,False,NONE,3.8,0.0,NONE
1780321191.783,75.8,89.7,32.1,2457.0,41.6,13.93,32.3,32.1,32.3,31.8,optimal,optimal,optimal,optimal,optimal,optimal,↓ decreasing,→ stable,→ stable,99.8,✅ EXCELLENT,False,NONE,3.5,0.0,NONE
1780321192.784,76.3,90.9,32.1,2495.0,42.2,13.9,32.1,31.9,31.9,32.4,optimal,optimal,optimal,optimal,optimal,optimal,↓ decreasing,→ stable,→ stable,99.8,✅ EXCELLENT,False,NONE,3.4,0.0,NONE
1780321193.785,76.0,89.8,32.2,2421.0,42.4,13.95,31.9,31.9,31.8,32.3,optimal,optimal,optimal,optimal,optimal,optimal,↓ decreasing,→ stable,→ stable,99.8,✅ EXCELLENT,False,NONE,3.5,0.0,NONE
1780321194.787,76.8,90.9,32.0,2430.0,43.5,13.95,32.4,31.6,32.2,31.6,optimal,optimal,optimal,optimal,optimal,optimal,↓ decreasing,→ stable,→ stable,99.8,✅ EXCELLENT,False,NONE,3.7,0.0,NONE
1780321195.787,77.1,89.9,32.1,2419.0,42.1,13.9,31.8,31.9,31.7,32.1,optimal,optimal,optimal,optimal,optimal,optimal,↓ decreasing,→ stable,→ stable,99.8,✅ EXCELLENT,False,NONE,3.6,0.0,NONE
1780321196.789,79.2,90.8,31.8,2438.0,42.6,13.98,31.8,31.7,31.9,31.7,optimal,optimal,optimal,optimal,optimal,optimal,↓ decreasing,→ stable,→ stable,99.8,✅ EXCELLENT,False,NONE,3.7,0.0,NONE
1780321197.789,76.1,89.0,32.3,2492.0,42.0,13.95,31.9,32.4,31.9,31.6,optimal,optimal,optimal,optimal,optimal,optimal,↓ decreasing,→ stable,→ stable,99.8,✅ EXCELLENT,False,NONE,3.7,0.5,NONE
1780321198.79,77.4,90.4,32.0,2485.0,42.0,13.92,31.7,32.1,31.7,32.1,optimal,optimal,optimal,optimal,optimal,optimal,↓ decreasing,→ stable,→ stable,99.8,✅ EXCELLENT,False,NONE,3.6,0.0,NONE
1780321199.791,77.9,88.6,31.9,2479.0,42.4,13.91,32.3,31.6,32.1,31.8,optimal,optimal,optimal,optimal,optimal,optimal,→ stable,→ stable,→ stable,99.8,✅ EXCELLENT,False,NONE,3.8,1.0,NONE
1780321200.792,77.1,90.0,31.7,2465.0,41.8,13.94,31.9,31.7,31.9,32.3,optimal,optimal,optimal,optimal,optimal,optimal,↓ decreasing,→ stable,→ stable,99.8,✅ EXCELLENT,False,NONE,3.6,0.0,NONE
1780321201.793,75.4,89.9,32.3,2428.0,42.7,13.97,32.2,32.1,32.0,32.2,optimal,optimal,optimal,optimal,optimal,optimal,→ stable,→ stable,→ stable,99.8,✅ EXCELLENT,False,NONE,3.2,0.0,NONE
1780321202.794,77.7,90.1,32.0,2483.0,41.8,13.95,32.2,31.8,31.9,31.9,optimal,optimal,optimal,optimal,optimal,optimal,→ stable,→ stable,→ stable,99.8,✅ EXCELLENT,False,NONE,3.6,0.0,NONE
1780321203.795,77.0,88.8,31.8,2443.0,43.4,13.92,32.2,31.9,32.3,32.0,optimal,optimal,optimal,optimal,optimal,optimal,→ stable,→ stable,→ stable,99.8,✅ EXCELLENT,False,NONE,3.5,0.7,NONE
1780321204.795,76.4,89.7,32.2,2476.0,42.9,13.93,32.2,31.6,31.8,32.2,optimal,optimal,optimal,optimal,optimal,optimal,→ stable,↓ decreasing,→ stable,99.8,✅ EXCELLENT,False,NONE,3.7,0.0,NONE
1780321205.797,79.5,88.9,31.8,2466.0,43.0,13.97,31.8,32.0,32.0,32.3,optimal,optimal,optimal,optimal,optimal,optimal,→ stable,↓ decreasing,→ stable,99.8,✅ EXCELLENT,False,NONE,3.6,0.6,NONE
1780321206.797,79.5,89.1,32.3,2427.0,43.1,13.92,32.2,32.2,31.6,31.8,optimal,optimal,optimal,optimal,optimal,optimal,↑ increasing,↓ decreasing,→ stable,99.8,✅ EXCELLENT,False,NONE,3.9,0.4,NONE
1780321207.797,79.9,88.7,32.1,2441.0,43.2,13.97,32.4,32.2,31.7,32.2,optimal,optimal,optimal,optimal,optimal,optimal,↑ increasing,↓ decreasing,→ stable,99.8,✅ EXCELLENT,False,NONE,3.8,0.8,NONE
1780321208.798,79.1,88.9,32.0,2498.0,43.0,13.93,32.1,32.2,32.1,32.2,optimal,optimal,optimal,optimal,optimal,optimal,↑ increasing,↓ decreasing,→ stable,99.8,✅ EXCELLENT,False,NONE,3.4,0.6,NONE
1780321209.799,74.7,91.0,32.0,2471.0,42.9,13.97,31.7,32.1,31.8,32.2,optimal,optimal,optimal,optimal,optimal,optimal,→ stable,→ stable,→ stable,99.8,✅ EXCELLENT,False,NONE,3.5,0.0,NONE
1780321210.801,77.1,89.4,31.9,2471.0,42.5,13.9,32.1,31.6,32.1,32.3,optimal,optimal,optimal,optimal,optimal,optimal,↑ increasing,↓ decreasing,→ stable,99.8,✅ EXCELLENT,False,NONE,3.7,0.2,NONE
1780321211.801,79.5,90.6,31.7,2416.0,41.8,13.94,32.0,31.8,31.8,32.4,optimal,optimal,optimal,optimal,optimal,optimal,↑ increasing,→ stable,→ stable,99.8,✅ EXCELLENT,False,NONE,3.7,0.0,NONE
1780321212.802,79.0,90.4,32.2,2433.0,42.7,13.93,31.9,31.7,31.7,32.1,optimal,optimal,optimal,optimal,optimal,optimal,↑ increasing,→ stable,→ stable,99.8,✅ EXCELLENT,False,NONE,3.7,0.0,NONE
1780321213.803,79.5,89.3,31.9,2499.0,43.1,13.9,31.7,32.2,31.9,31.7,optimal,optimal,optimal,optimal,optimal,optimal,↑ increasing,→ stable,→ stable,99.8,✅ EXCELLENT,False,NONE,3.7,0.2,NONE
1780321214.803,79.9,90.7,31.8,2469.0,43.0,13.96,32.2,32.1,32.3,32.0,optimal,optimal,optimal,optimal,optimal,optimal,↑ increasing,→ stable,→ stable,99.8,✅ EXCELLENT,False,NONE,3.7,0.0,NONE
1780321215.805,75.2,89.9,31.8,2433.0,42.3,13.99,31.7,32.0,31.8,32.0,optimal,optimal,optimal,optimal,optimal,optimal,↑ increasing,→ stable,→ stable,99.8,✅ EXCELLENT,False,NONE,3.5,0.0,NONE
1780321216.806,79.5,91.2,31.8,2500.0,42.9,13.98,31.9,31.8,32.0,32.0,optimal,optimal,optimal,optimal,optimal,optimal,↑ increasing,↑ increasing,→ stable,99.8,✅ EXCELLENT,False,NONE,3.6,0.0,NONE
1780321217.807,79.8,89.8,31.7,2472.0,42.6,13.94,32.0,32.2,32.3,32.3,optimal,optimal,optimal,optimal,optimal,optimal,↑ increasing,↑ increasing,→ stable,99.8,✅ EXCELLENT,False,NONE,3.8,0.0,NONE
1780321218.807,76.5,90.6,32.2,2495.0,43.5,13.95,32.3,31.6,31.6,32.3,optimal,optimal,optimal,optimal,optimal,optimal,→ stable,↑ increasing,→ stable,99.8,✅ EXCELLENT,False,NONE,3.7,0.0,NONE
1780321219.807,76.2,90.5,32.1,2429.0,43.0,13.98,32.3,32.3,31.9,32.1,optimal,optimal,optimal,optimal,optimal,optimal,↑ increasing,↑ increasing,→ stable,99.8,✅ EXCELLENT,False,NONE,3.4,0.0,NONE
1780321220.81,78.7,90.7,31.9,2417.0,41.9,13.96,31.7,31.8,32.1,31.7,optimal,optimal,optimal,optimal,optimal,optimal,↑ increasing,↑ increasing,→ stable,99.8,✅ EXCELLENT,False,NONE,3.7,0.0,NONE
1780321221.81,76.0,91.0,31.9,2459.0,42.2,13.93,31.8,32.3,32.2,32.0,optimal,optimal,optimal,optimal,optimal,optimal,→ stable,↑ increasing,→ stable,99.8,✅ EXCELLENT,False,NONE,3.5,0.0,NONE
1780321222.812,78.9,89.9,32.2,2448.0,41.9,13.99,31.7,31.9,32.2,32.2,optimal,optimal,optimal,optimal,optimal,optimal,→ stable,↑ increasing,→ stable,99.8,✅ EXCELLENT,False,NONE,3.7,0.0,NONE
1780321223.813,79.5,90.5,32.2,2441.0,42.0,13.97,32.3,32.2,32.4,32.2,optimal,optimal,optimal,optimal,optimal,optimal,→ stable,↑ increasing,→ stable,99.8,✅ EXCELLENT,False,NONE,3.2,0.0,NONE
1780321224.814,79.9,91.1,32.2,2448.0,42.8,13.94,32.2,32.2,32.1,32.2,optimal,optimal,optimal,optimal,optimal,optimal,↓ decreasing,↑ increasing,→ stable,99.8,✅ EXCELLENT,False,NONE,3.3,0.0,NONE
1780321225.815,80.0,90.6,32.2,2495.0,43.4,13.96,32.3,32.3,32.2,32.4,optimal,optimal,optimal,optimal,optimal,optimal,→ stable,↑ increasing,→ stable,99.8,✅ EXCELLENT,False,NONE,3.2,0.0,NONE
1780321226.816,78.9,90.6,31.9,2425.0,43.4,13.91,32.1,31.8,32.4,31.7,optimal,optimal,optimal,optimal,optimal,optimal,→ stable,↑ increasing,→ stable,99.8,✅ EXCELLENT,False,NONE,3.7,0.0,NONE
1780321227.816,76.3,89.0,31.8,2474.0,41.7,13.93,31.9,32.2,31.8,31.7,optimal,optimal,optimal,optimal,optimal,optimal,→ stable,→ stable,→ stable,99.8,✅ EXCELLENT,False,NONE,3.6,0.5,NONE
1780321228.816,75.5,88.5,32.0,2472.0,43.4,13.9,32.2,32.1,31.6,32.2,optimal,optimal,optimal,optimal,optimal,optimal,→ stable,→ stable,→ stable,99.8,✅ EXCELLENT,False,NONE,3.7,1.1,NONE
1780321229.817,75.1,89.9,32.0,2468.0,42.7,13.92,31.9,31.8,31.8,32.1,optimal,optimal,optimal,optimal,optimal,optimal,→ stable,→ stable,→ stable,99.8,✅ EXCELLENT,False,NONE,3.4,0.0,NONE
1780321230.819,74.7,91.5,32.0,2430.0,43.0,13.99,32.1,31.7,31.7,31.9,optimal,optimal,optimal,optimal,optimal,optimal,↓ decreasing,→ stable,→ stable,99.8,✅ EXCELLENT,False,NONE,3.5,0.0,NONE
1780321231.819,78.1,91.4,31.6,2446.0,43.1,13.92,31.8,32.2,32.2,32.0,optimal,optimal,optimal,optimal,optimal,optimal,→ stable,→ stable,→ stable,99.8,✅ EXCELLENT,False,NONE,3.8,0.0,NONE
1780321232.819,75.7,89.4,32.0,2458.0,42.2,13.95,31.8,31.7,31.7,32.2,optimal,optimal,optimal,optimal,optimal,optimal,↓ decreasing,→ stable,→ stable,99.8,✅ EXCELLENT,False,NONE,3.6,0.2,NONE
1780321233.82,75.6,89.2,32.1,2488.0,42.6,13.98,31.9,32.1,31.8,31.6,optimal,optimal,optimal,optimal,optimal,optimal,↓ decreasing,→ stable,→ stable,99.8,✅ EXCELLENT,False,NONE,3.7,0.3,NONE
1780321234.821,80.3,90.8,32.3,2425.0,42.5,13.91,32.3,31.6,31.9,32.0,optimal,optimal,optimal,optimal,optimal,optimal,↓ decreasing,→ stable,→ stable,99.8,✅ EXCELLENT,False,NONE,3.9,0.0,NONE
1780321235.823,77.9,89.1,32.1,2409.0,42.4,13.96,32.1,32.2,31.9,32.1,optimal,optimal,optimal,optimal,optimal,optimal,↓ decreasing,↓ decreasing,→ stable,99.8,✅ EXCELLENT,False,NONE,3.4,0.4,NONE
1780321236.824,80.2,90.2,32.3,2465.0,42.8,13.96,31.8,32.2,31.9,31.6,optimal,optimal,optimal,optimal,optimal,optimal,↓ decreasing,↓ decreasing,→ stable,99.8,✅ EXCELLENT,False,NONE,3.9,0.0,NONE
1780321237.824,79.3,89.2,32.3,2447.0,43.2,13.93,32.2,31.8,32.4,32.0,optimal,optimal,optimal,optimal,optimal,optimal,↓ decreasing,↓ decreasing,→ stable,99.8,✅ EXCELLENT,False,NONE,3.6,0.3,NONE
1780321238.825,74.8,90.6,31.9,2482.0,43.0,13.98,32.2,31.8,31.9,32.3,optimal,optimal,optimal,optimal,optimal,optimal,↓ decreasing,→ stable,→ stable,99.8,✅ EXCELLENT,False,NONE,3.4,0.0,NONE
1780321239.826,76.1,91.0,32.2,2468.0,43.0,13.97,31.8,32.2,32.3,32.0,optimal,optimal,optimal,optimal,optimal,optimal,↓ decreasing,→ stable,→ stable,99.8,✅ EXCELLENT,False,NONE,3.5,0.0,NONE
1780321240.828,78.4,90.0,31.8,2470.0,41.7,13.93,31.9,32.1,31.7,32.2,optimal,optimal,optimal,optimal,optimal,optimal,→ stable,→ stable,→ stable,99.8,✅ EXCELLENT,False,NONE,3.7,0.0,NONE
1780321241.828,79.7,91.0,31.7,2474.0,42.1,13.98,31.9,31.8,31.6,32.1,optimal,optimal,optimal,optimal,optimal,optimal,→ stable,→ stable,→ stable,99.8,✅ EXCELLENT,False,NONE,3.9,0.0,NONE
1780321242.829,77.1,90.5,32.2,2470.0,42.2,13.95,31.9,32.2,32.3,32.2,optimal,optimal,optimal,optimal,optimal,optimal,↑ increasing,→ stable,→ stable,99.8,✅ EXCELLENT,False,NONE,3.4,0.0,NONE
1780321243.83,77.9,90.6,31.9,2464.0,42.5,13.91,31.8,31.6,32.2,32.1,optimal,optimal,optimal,optimal,optimal,optimal,↑ increasing,→ stable,→ stable,99.8,✅ EXCELLENT,False,NONE,3.8,0.0,NONE
1780321244.831,77.1,89.4,32.4,2472.0,42.5,13.91,31.7,32.3,32.1,32.4,optimal,optimal,optimal,optimal,optimal,optimal,↑ increasing,→ stable,→ stable,99.8,✅ EXCELLENT,False,NONE,3.6,0.2,NONE
1780321245.833,77.9,88.6,31.9,2449.0,43.4,13.9,32.3,32.3,31.7,31.8,optimal,optimal,optimal,optimal,optimal,optimal,↑ increasing,→ stable,→ stable,99.8,✅ EXCELLENT,False,NONE,3.7,1.0,NONE
1780321246.834,74.6,91.2,31.7,2466.0,42.8,13.92,31.7,32.3,31.7,32.3,optimal,optimal,optimal,optimal,optimal,optimal,→ stable,→ stable,→ stable,99.8,✅ EXCELLENT,False,NONE,3.5,0.0,NONE
1780321247.836,77.7,90.9,32.2,2437.0,43.2,13.9,31.8,31.8,31.9,32.0,optimal,optimal,optimal,optimal,optimal,optimal,→ stable,→ stable,→ stable,99.8,✅ EXCELLENT,False,NONE,3.6,0.0,NONE
1780321248.836,74.7,91.4,31.9,2448.0,42.1,13.91,32.4,32.0,31.9,32.3,optimal,optimal,optimal,optimal,optimal,optimal,→ stable,→ stable,→ stable,99.8,✅ EXCELLENT,False,NONE,3.3,0.0,NONE
1780321249.837,74.7,89.3,32.1,2473.0,42.5,13.98,32.2,32.2,32.0,31.8,optimal,optimal,optimal,optimal,optimal,optimal,→ stable,→ stable,→ stable,99.8,✅ EXCELLENT,False,NONE,3.4,0.2,NONE
1780321250.839,77.6,89.1,31.6,2458.0,43.4,13.96,32.4,32.3,31.9,32.2,optimal,optimal,optimal,optimal,optimal,optimal,↓ decreasing,→ stable,→ stable,99.8,✅ EXCELLENT,False,NONE,3.8,0.4,NONE
1780321251.839,80.1,89.6,31.8,2451.0,42.7,13.94,31.9,31.7,32.2,32.1,optimal,optimal,optimal,optimal,optimal,optimal,↓ decreasing,→ stable,→ stable,99.8,✅ EXCELLENT,False,NONE,3.8,0.1,NONE
1780321252.84,77.8,90.3,31.9,2483.0,42.3,13.97,32.2,31.6,32.4,32.2,optimal,optimal,optimal,optimal,optimal,optimal,↓ decreasing,→ stable,→ stable,99.8,✅ EXCELLENT,False,NONE,3.8,0.0,NONE
1780321253.842,76.8,88.6,31.9,2434.0,43.3,13.99,31.8,32.3,32.1,32.4,optimal,optimal,optimal,optimal,optimal,optimal,↓ decreasing,→ stable,→ stable,99.8,✅ EXCELLENT,False,NONE,3.5,1.0,NONE
1780321254.843,78.0,90.5,31.7,2495.0,43.3,13.96,32.0,32.3,32.1,32.3,optimal,optimal,optimal,optimal,optimal,optimal,↓ decreasing,→ stable,→ stable,99.8,✅ EXCELLENT,False,NONE,3.7,0.0,NONE
1780321255.844,80.2,89.7,31.9,2417.0,43.4,13.92,32.2,31.8,32.1,31.8,optimal,optimal,optimal,optimal,optimal,optimal,↓ decreasing,→ stable,→ stable,99.8,✅ EXCELLENT,False,NONE,3.7,0.0,NONE
1780321256.844,76.9,88.7,32.1,2493.0,41.6,13.97,32.3,31.7,31.7,32.2,optimal,optimal,optimal,optimal,optimal,optimal,→ stable,→ stable,→ stable,99.8,✅ EXCELLENT,False,NONE,3.6,0.8,NONE
1780321257.846,77.6,89.8,32.4,2444.0,42.8,13.96,32.2,31.8,32.0,32.3,optimal,optimal,optimal,optimal,optimal,optimal,→ stable,↓ decreasing,→ stable,99.8,✅ EXCELLENT,False,NONE,3.5,0.0,NONE
1780321258.846,76.4,88.7,32.3,2473.0,42.6,13.9,32.0,32.4,32.1,31.7,optimal,optimal,optimal,optimal,optimal,optimal,→ stable,↓ decreasing,→ stable,99.8,✅ EXCELLENT,False,NONE,3.6,0.8,NONE
1780321259.846,79.2,90.3,32.0,2504.0,42.9,13.93,31.9,32.3,32.2,32.3,optimal,optimal,optimal,optimal,optimal,optimal,↑ increasing,↓ decreasing,→ stable,99.8,✅ EXCELLENT,False,NONE,3.5,0.0,NONE
1780321260.846,75.9,88.9,32.1,2457.0,43.0,13.99,31.6,31.7,32.1,32.1,optimal,optimal,optimal,optimal,optimal,optimal,↑ increasing,↓ decreasing,→ stable,99.8,✅ EXCELLENT,False,NONE,3.7,0.6,NONE
1780321261.847,77.0,89.8,31.8,2445.0,43.0,13.96,32.4,32.0,32.2,32.1,optimal,optimal,optimal,optimal,optimal,optimal,↑ increasing,↓ decreasing,→ stable,99.8,✅ EXCELLENT,False,NONE,3.5,0.0,NONE
1780321262.849,77.5,90.0,32.4,2443.0,42.4,13.98,32.2,32.4,32.1,32.3,optimal,optimal,optimal,optimal,optimal,optimal,↑ increasing,↓ decreasing,→ stable,99.8,✅ EXCELLENT,False,NONE,3.2,0.0,NONE
1780321263.85,74.8,91.4,31.7,2451.0,42.5,13.92,31.7,32.3,32.3,31.6,optimal,optimal,optimal,optimal,optimal,optimal,→ stable,→ stable,→ stable,99.8,✅ EXCELLENT,False,NONE,3.6,0.0,NONE
1780321264.851,78.0,89.7,32.0,2446.0,42.7,13.99,31.8,32.2,32.2,32.4,optimal,optimal,optimal,optimal,optimal,optimal,→ stable,→ stable,→ stable,99.8,✅ EXCELLENT,False,NONE,3.6,0.0,NONE
1780321265.852,79.9,89.9,31.8,2431.0,43.0,13.98,32.2,32.0,32.2,31.9,optimal,optimal,optimal,optimal,optimal,optimal,→ stable,→ stable,→ stable,99.8,✅ EXCELLENT,False,NONE,3.7,0.0,NONE
1780321266.852,78.7,91.1,32.2,2413.0,42.7,13.92,32.1,31.7,32.0,32.1,optimal,optimal,optimal,optimal,optimal,optimal,→ stable,→ stable,→ stable,99.8,✅ EXCELLENT,False,NONE,3.7,0.0,NONE
1780321267.855,78.4,90.6,31.9,2450.0,43.5,13.95,31.6,31.8,32.0,32.2,optimal,optimal,optimal,optimal,optimal,optimal,→ stable,→ stable,→ stable,99.8,✅ EXCELLENT,False,NONE,3.8,0.0,NONE
1780321268.856,80.2,90.6,32.0,2439.0,42.3,13.93,31.8,31.7,31.6,32.0,optimal,optimal,optimal,optimal,optimal,optimal,→ stable,↑ increasing,→ stable,99.8,✅ EXCELLENT,False,NONE,3.9,0.0,NONE
1780321269.857,77.9,91.3,32.0,2411.0,43.3,13.97,31.7,32.2,32.2,32.4,optimal,optimal,optimal,optimal,optimal,optimal,→ stable,↑ increasing,→ stable,99.8,✅ EXCELLENT,False,NONE,3.7,0.0,NONE
1780321270.858,78.9,88.8,31.9,2484.0,43.0,13.99,31.7,31.9,31.7,32.1,optimal,optimal,optimal,optimal,optimal,optimal,→ stable,↑ increasing,→ stable,99.8,✅ EXCELLENT,False,NONE,3.7,0.7,NONE
1780321271.859,78.7,90.6,32.1,2497.0,42.2,13.96,32.2,31.8,31.6,32.3,optimal,optimal,optimal,optimal,optimal,optimal,↑ increasing,↑ increasing,→ stable,99.8,✅ EXCELLENT,False,NONE,3.8,0.0,NONE
1780321272.861,77.1,90.3,31.9,2423.0,42.3,13.93,31.8,32.1,32.4,31.9,optimal,optimal,optimal,optimal,optimal,optimal,↑ increasing,↑ increasing,→ stable,99.8,✅ EXCELLENT,False,NONE,3.5,0.0,NONE
1780321273.861,75.2,88.8,32.4,2407.0,41.8,13.99,31.6,32.2,32.1,32.1,optimal,optimal,optimal,optimal,optimal,optimal,↑ increasing,→ stable,→ stable,99.8,✅ EXCELLENT,False,NONE,3.7,0.7,NONE
1780321274.862,78.9,88.9,31.8,2412.0,41.6,13.9,31.8,32.1,32.1,32.2,optimal,optimal,optimal,optimal,optimal,optimal,↑ increasing,→ stable,→ stable,99.8,✅ EXCELLENT,False,NONE,3.6,0.6,NONE
1780321275.864,80.0,88.8,32.1,2431.0,41.8,13.95,31.8,31.9,31.8,31.7,optimal,optimal,optimal,optimal,optimal,optimal,↑ increasing,→ stable,→ stable,99.8,✅ EXCELLENT,False,NONE,3.8,0.7,NONE
1780321276.865,76.8,90.8,32.0,2450.0,41.6,13.95,32.1,31.8,32.3,31.7,optimal,optimal,optimal,optimal,optimal,optimal,↑ increasing,→ stable,→ stable,99.8,✅ EXCELLENT,False,NONE,3.6,0.0,NONE
1780321277.866,76.7,89.2,31.9,2412.0,42.6,13.94,31.8,31.8,32.1,32.3,optimal,optimal,optimal,optimal,optimal,optimal,→ stable,→ stable,→ stable,99.8,✅ EXCELLENT,False,NONE,3.5,0.3,NONE
1780321278.867,76.2,90.2,31.7,2432.0,41.7,13.95,32.0,32.2,32.3,32.3,optimal,optimal,optimal,optimal,optimal,optimal,→ stable,→ stable,→ stable,99.8,✅ EXCELLENT,False,NONE,3.6,0.0,NONE
1780321279.868,80.1,91.4,31.9,2464.0,43.0,13.96,32.2,32.3,32.3,31.7,optimal,optimal,optimal,optimal,optimal,optimal,→ stable,↓ decreasing,→ stable,99.8,✅ EXCELLENT,False,NONE,3.8,0.0,NONE
1780321280.868,77.1,89.8,32.4,2414.0,41.9,13.94,31.8,32.4,31.7,32.0,optimal,optimal,optimal,optimal,optimal,optimal,→ stable,→ stable,→ stable,99.8,✅ EXCELLENT,False,NONE,3.6,0.0,NONE
1780321281.869,79.3,90.3,32.4,2463.0,43.1,13.96,31.6,32.0,32.4,32.2,optimal,optimal,optimal,optimal,optimal,optimal,↓ decreasing,↓ decreasing,→ stable,99.8,✅ EXCELLENT,False,NONE,3.9,0.0,NONE
1780321282.871,78.8,90.3,31.7,2450.0,43.3,13.91,32.2,32.4,31.7,32.2,optimal,optimal,optimal,optimal,optimal,optimal,→ stable,↓ decreasing,→ stable,99.8,✅ EXCELLENT,False,NONE,3.7,0.0,NONE
1780321283.871,76.2,89.1,32.2,2418.0,41.7,13.97,31.8,32.1,32.2,31.7,optimal,optimal,optimal,optimal,optimal,optimal,→ stable,→ stable,→ stable,99.8,✅ EXCELLENT,False,NONE,3.6,0.4,NONE
1780321284.873,76.4,89.1,32.0,2450.0,43.3,13.99,32.1,32.2,32.0,32.4,optimal,optimal,optimal,optimal,optimal,optimal,↓ decreasing,→ stable,→ stable,99.8,✅ EXCELLENT,False,NONE,3.3,0.4,NONE
1780321285.874,75.1,89.8,32.2,2457.0,43.1,13.98,31.9,32.3,32.3,32.3,optimal,optimal,optimal,optimal,optimal,optimal,↓ decreasing,→ stable,→ stable,99.8,✅ EXCELLENT,False,NONE,3.3,0.0,NONE
1780321286.874,75.6,90.4,31.7,2459.0,42.6,13.91,31.7,31.8,31.8,32.3,optimal,optimal,optimal,optimal,optimal,optimal,↓ decreasing,→ stable,→ stable,99.8,✅ EXCELLENT,False,NONE,3.6,0.0,NONE
1780321287.875,77.0,90.9,31.6,2452.0,41.8,13.95,31.9,31.7,32.0,32.2,optimal,optimal,optimal,optimal,optimal,optimal,↓ decreasing,→ stable,→ stable,99.8,✅ EXCELLENT,False,NONE,3.7,0.0,NONE
1780321288.875,75.8,89.6,32.0,2422.0,42.3,13.9,32.4,32.0,32.3,32.2,optimal,optimal,optimal,optimal,optimal,optimal,→ stable,→ stable,→ stable,99.8,✅ EXCELLENT,False,NONE,3.2,0.1,NONE
1780321289.877,80.0,91.1,31.9,2456.0,42.5,13.97,31.7,32.2,31.6,31.8,optimal,optimal,optimal,optimal,optimal,optimal,↓ decreasing,→ stable,→ stable,99.8,✅ EXCELLENT,False,NONE,3.9,0.0,NONE
1780321290.877,76.9,89.5,32.2,2501.0,43.0,13.98,31.6,31.7,32.1,32.3,optimal,optimal,optimal,optimal,optimal,optimal,↓ decreasing,→ stable,→ stable,99.8,✅ EXCELLENT,False,NONE,3.7,0.1,NONE
1780321291.879,75.7,90.0,32.3,2435.0,41.7,13.96,31.8,32.2,32.0,32.2,optimal,optimal,optimal,optimal,optimal,optimal,↓ decreasing,→ stable,→ stable,99.8,✅ EXCELLENT,False,NONE,3.5,0.0,NONE
1780321292.879,78.5,88.6,31.6,2471.0,42.9,13.91,31.8,31.7,32.0,32.2,optimal,optimal,optimal,optimal,optimal,optimal,↓ decreasing,→ stable,→ stable,99.8,✅ EXCELLENT,False,NONE,3.8,1.0,NONE
1780321293.881,74.6,90.4,32.3,2433.0,42.0,13.94,32.3,31.8,32.3,32.3,optimal,optimal,optimal,optimal,optimal,optimal,↓ decreasing,→ stable,→ stable,99.8,✅ EXCELLENT,False,NONE,3.4,0.0,NONE
1780321294.882,75.3,90.7,32.4,2413.0,42.5,13.94,32.3,32.1,31.8,31.7,optimal,optimal,optimal,optimal,optimal,optimal,↓ decreasing,→ stable,→ stable,99.8,✅ EXCELLENT,False,NONE,3.5,0.0,NONE
1780321295.883,76.9,90.1,32.1,2470.0,42.1,13.92,31.6,32.1,32.0,32.4,optimal,optimal,optimal,optimal,optimal,optimal,↓ decreasing,→ stable,→ stable,99.8,✅ EXCELLENT,False,NONE,3.7,0.0,NONE
1780321296.885,78.7,89.4,31.8,2421.0,41.8,13.96,31.9,32.1,31.9,32.3,optimal,optimal,optimal,optimal,optimal,optimal,→ stable,→ stable,→ stable,99.8,✅ EXCELLENT,False,NONE,3.6,0.2,NONE
1780321297.885,76.8,88.9,32.4,2429.0,42.3,13.96,32.0,31.6,32.2,32.3,optimal,optimal,optimal,optimal,optimal,optimal,→ stable,→ stable,→ stable,99.8,✅ EXCELLENT,False,NONE,3.7,0.6,NONE
1780321298.886,77.9,89.6,31.8,2410.0,42.3,13.92,31.9,31.8,31.9,31.7,optimal,optimal,optimal,optimal,optimal,optimal,→ stable,→ stable,→ stable,99.8,✅ EXCELLENT,False,NONE,3.7,0.1,NONE
1780321299.888,77.4,89.3,31.9,2426.0,42.4,13.96,32.3,32.0,32.3,32.3,optimal,optimal,optimal,optimal,optimal,optimal,→ stable,→ stable,→ stable,99.8,✅ EXCELLENT,False,NONE,3.4,0.2,NONE
1780321300.888,80.0,89.1,31.6,2432.0,43.2,13.99,31.9,32.2,31.9,31.6,optimal,optimal,optimal,optimal,optimal,optimal,→ stable,→ stable,→ stable,99.8,✅ EXCELLENT,False,NONE,3.9,0.4,NONE
1780321301.89,75.7,90.1,32.1,2475.0,41.9,13.96,32.1,31.6,32.0,32.0,optimal,optimal,optimal,optimal,optimal,optimal,→ stable,→ stable,→ stable,99.8,✅ EXCELLENT,False,NONE,3.7,0.0,NONE
1780321302.891,76.1,90.8,31.8,2491.0,42.3,13.92,32.3,32.3,31.7,32.1,optimal,optimal,optimal,optimal,optimal,optimal,→ stable,→ stable,→ stable,99.8,✅ EXCELLENT,False,NONE,3.6,0.0,NONE
1780321303.891,80.4,91.0,32.2,2437.0,43.4,13.94,32.2,32.3,32.1,31.9,optimal,optimal,optimal,optimal,optimal,optimal,↑ increasing,→ stable,→ stable,99.8,✅ EXCELLENT,False,NONE,3.6,0.0,NONE
1780321304.893,78.9,88.9,32.0,2435.0,42.0,13.99,31.9,32.1,32.0,31.9,optimal,optimal,optimal,optimal,optimal,optimal,↑ increasing,→ stable,→ stable,99.8,✅ EXCELLENT,False,NONE,3.5,0.6,NONE
1780321305.895,75.9,88.7,32.4,2458.0,41.8,13.97,32.4,32.3,32.4,31.8,optimal,optimal,optimal,optimal,optimal,optimal,↑ increasing,↓ decreasing,→ stable,99.8,✅ EXCELLENT,False,NONE,3.5,0.8,NONE
1780321306.896,77.4,91.1,31.9,2494.0,43.3,13.94,31.9,32.0,31.7,32.2,optimal,optimal,optimal,optimal,optimal,optimal,↑ increasing,→ stable,→ stable,99.8,✅ EXCELLENT,False,NONE,3.6,0.0,NONE
1780321307.896,75.1,89.0,31.6,2494.0,43.1,13.95,32.1,32.1,32.0,31.9,optimal,optimal,optimal,optimal,optimal,optimal,↑ increasing,→ stable,→ stable,99.8,✅ EXCELLENT,False,NONE,3.6,0.5,NONE
1780321308.898,75.6,88.7,31.9,2471.0,41.9,13.95,32.3,32.2,32.3,31.7,optimal,optimal,optimal,optimal,optimal,optimal,→ stable,→ stable,→ stable,99.8,✅ EXCELLENT,False,NONE,3.6,0.8,NONE
1780321309.9,78.8,89.6,31.8,2440.0,42.3,13.95,31.7,32.1,32.3,32.2,optimal,optimal,optimal,optimal,optimal,optimal,↑ increasing,→ stable,→ stable,99.8,✅ EXCELLENT,False,NONE,3.7,0.1,NONE
1780321310.901,78.6,88.7,31.6,2422.0,41.9,13.92,32.0,32.3,31.8,31.9,optimal,optimal,optimal,optimal,optimal,optimal,→ stable,→ stable,→ stable,99.8,✅ EXCELLENT,False,NONE,3.8,0.8,NONE
1780321311.902,80.2,88.8,32.3,2438.0,42.8,13.94,31.7,32.0,32.2,32.3,optimal,optimal,optimal,optimal,optimal,optimal,↑ increasing,→ stable,→ stable,99.8,✅ EXCELLENT,False,NONE,3.8,0.7,NONE
1780321312.904,77.8,88.7,32.1,2409.0,41.6,13.94,31.7,31.8,31.6,31.7,optimal,optimal,optimal,optimal,optimal,optimal,↑ increasing,↓ decreasing,→ stable,99.8,✅ EXCELLENT,False,NONE,3.8,0.8,NONE
1780321313.905,75.4,89.9,32.4,2468.0,42.3,13.94,31.9,31.9,32.3,32.1,optimal,optimal,optimal,optimal,optimal,optimal,→ stable,↓ decreasing,→ stable,99.8,✅ EXCELLENT,False,NONE,3.3,0.0,NONE
1780321314.906,78.7,88.9,31.8,2466.0,42.7,13.94,32.1,31.7,32.1,31.9,optimal,optimal,optimal,optimal,optimal,optimal,↓ decreasing,↓ decreasing,→ stable,99.8,✅ EXCELLENT,False,NONE,3.7,0.6,NONE
1780321315.907,77.8,89.2,31.7,2502.0,42.0,13.96,31.9,31.7,32.2,31.7,optimal,optimal,optimal,optimal,optimal,optimal,→ stable,→ stable,→ stable,99.8,✅ EXCELLENT,False,NONE,3.7,0.3,NONE
1780321316.908,76.9,90.6,32.1,2469.0,42.1,13.91,31.9,31.8,32.1,32.0,optimal,optimal,optimal,optimal,optimal,optimal,→ stable,↓ decreasing,→ stable,99.8,✅ EXCELLENT,False,NONE,3.5,0.0,NONE
1780321317.91,75.6,90.1,31.8,2443.0,43.3,13.9,32.3,32.1,31.7,31.7,optimal,optimal,optimal,optimal,optimal,optimal,→ stable,→ stable,→ stable,99.8,✅ EXCELLENT,False,NONE,3.6,0.0,NONE
1780321318.911,77.2,89.8,32.2,2483.0,42.8,13.94,31.7,31.7,31.7,32.2,optimal,optimal,optimal,optimal,optimal,optimal,→ stable,→ stable,→ stable,99.8,✅ EXCELLENT,False,NONE,3.6,0.0,NONE
1780321319.913,75.8,90.5,32.0,2476.0,41.6,13.92,32.3,32.1,32.3,31.7,optimal,optimal,optimal,optimal,optimal,optimal,→ stable,→ stable,→ stable,99.8,✅ EXCELLENT,False,NONE,3.6,0.0,NONE
1780321320.915,78.5,90.7,32.1,2428.0,43.2,13.98,31.8,32.3,32.4,32.0,optimal,optimal,optimal,optimal,optimal,optimal,→ stable,→ stable,→ stable,99.8,✅ EXCELLENT,False,NONE,3.6,0.0,NONE
1780321321.915,79.7,91.2,31.6,2459.0,43.3,13.99,31.9,32.0,32.1,31.7,optimal,optimal,optimal,optimal,optimal,optimal,→ stable,→ stable,→ stable,99.8,✅ EXCELLENT,False,NONE,3.9,0.0,NONE
1780321322.916,77.2,89.6,32.1,2443.0,42.8,13.9,32.3,31.8,32.1,32.2,optimal,optimal,optimal,optimal,optimal,optimal,↓ decreasing,↑ increasing,→ stable,99.8,✅ EXCELLENT,False,NONE,3.5,0.1,NONE
1780321323.917,74.6,91.0,32.0,2443.0,43.0,13.93,32.4,31.7,31.7,32.3,optimal,optimal,optimal,optimal,optimal,optimal,→ stable,↑ increasing,→ stable,99.8,✅ EXCELLENT,False,NONE,3.5,0.0,NONE
1780321324.918,78.4,90.8,32.3,2418.0,43.1,13.98,31.8,31.8,32.3,31.9,optimal,optimal,optimal,optimal,optimal,optimal,→ stable,↑ increasing,→ stable,99.8,✅ EXCELLENT,False,NONE,3.6,0.0,NONE
1780321325.919,79.2,89.3,32.3,2489.0,41.7,13.97,32.1,32.0,32.3,32.1,optimal,optimal,optimal,optimal,optimal,optimal,→ stable,↑ increasing,→ stable,99.8,✅ EXCELLENT,False,NONE,3.4,0.2,NONE
1780321326.92,80.1,90.3,31.7,2451.0,42.1,13.93,32.4,32.3,31.9,32.2,optimal,optimal,optimal,optimal,optimal,optimal,→ stable,↑ increasing,→ stable,99.8,✅ EXCELLENT,False,NONE,3.8,0.0,NONE
1780321327.922,77.7,88.8,32.0,2474.0,42.2,13.91,31.7,31.8,32.1,32.1,optimal,optimal,optimal,optimal,optimal,optimal,→ stable,↑ increasing,→ stable,99.8,✅ EXCELLENT,False,NONE,3.7,0.7,NONE
1780321328.923,77.1,91.5,32.0,2427.0,43.3,13.91,32.1,32.0,31.9,32.2,optimal,optimal,optimal,optimal,optimal,optimal,→ stable,↑ increasing,→ stable,99.8,✅ EXCELLENT,False,NONE,3.4,0.0,NONE
1780321329.924,75.1,90.8,31.9,2491.0,43.3,13.98,32.2,32.4,32.2,32.2,optimal,optimal,optimal,optimal,optimal,optimal,→ stable,↑ increasing,→ stable,99.8,✅ EXCELLENT,False,NONE,3.3,0.0,NONE
1780321330.926,80.2,90.1,31.9,2432.0,41.8,13.96,32.1,31.9,31.8,32.2,optimal,optimal,optimal,optimal,optimal,optimal,↑ increasing,↑ increasing,→ stable,99.8,✅ EXCELLENT,False,NONE,3.7,0.0,NONE
1780321331.926,76.7,88.5,32.2,2504.0,43.3,13.9,32.1,31.7,31.9,31.6,optimal,optimal,optimal,optimal,optimal,optimal,→ stable,→ stable,→ stable,99.8,✅ EXCELLENT,False,NONE,3.7,1.1,NONE
1780321332.927,76.1,90.5,31.8,2483.0,43.4,13.91,32.3,31.8,31.9,31.8,optimal,optimal,optimal,optimal,optimal,optimal,→ stable,→ stable,→ stable,99.8,✅ EXCELLENT,False,NONE,3.5,0.0,NONE
1780321333.929,79.7,89.9,31.9,2462.0,42.9,13.94,31.6,32.3,32.0,31.7,optimal,optimal,optimal,optimal,optimal,optimal,↑ increasing,→ stable,→ stable,99.8,✅ EXCELLENT,False,NONE,3.9,0.0,NONE
1780321334.93,77.5,88.6,31.6,2454.0,41.7,13.98,32.2,32.0,32.4,32.4,optimal,optimal,optimal,optimal,optimal,optimal,↑ increasing,↓ decreasing,→ stable,99.8,✅ EXCELLENT,False,NONE,3.8,1.0,NONE
1780321335.931,74.6,90.7,31.9,2412.0,43.5,13.9,32.1,31.8,32.0,31.6,optimal,optimal,optimal,optimal,optimal,optimal,→ stable,→ stable,→ stable,99.8,✅ EXCELLENT,False,NONE,3.6,0.0,NONE
1780321336.933,79.7,88.9,32.0,2428.0,43.4,13.99,32.3,31.7,32.0,31.8,optimal,optimal,optimal,optimal,optimal,optimal,→ stable,→ stable,→ stable,99.8,✅ EXCELLENT,False,NONE,3.8,0.6,NONE
1780321337.933,77.2,90.8,32.1,2442.0,43.2,13.92,32.2,31.9,32.3,32.1,optimal,optimal,optimal,optimal,optimal,optimal,→ stable,→ stable,→ stable,99.8,✅ EXCELLENT,False,NONE,3.4,0.0,NONE
1780321338.935,75.2,89.1,31.8,2410.0,41.6,13.94,32.1,32.0,31.6,32.4,optimal,optimal,optimal,optimal,optimal,optimal,↓ decreasing,↓ decreasing,→ stable,99.8,✅ EXCELLENT,False,NONE,3.7,0.4,NONE
1780321339.935,79.2,88.6,32.2,2422.0,41.7,13.97,32.1,32.3,31.6,31.9,optimal,optimal,optimal,optimal,optimal,optimal,→ stable,↓ decreasing,→ stable,99.8,✅ EXCELLENT,False,NONE,3.8,1.0,NONE
1780321340.936,76.5,89.1,31.8,2446.0,43.0,13.98,31.6,32.0,32.1,32.1,optimal,optimal,optimal,optimal,optimal,optimal,↓ decreasing,↓ decreasing,→ stable,99.8,✅ EXCELLENT,False,NONE,3.7,0.4,NONE
1780321341.937,74.7,88.6,31.8,2481.0,41.8,13.93,32.4,32.3,32.2,31.9,optimal,optimal,optimal,optimal,optimal,optimal,↓ decreasing,↓ decreasing,→ stable,99.8,✅ EXCELLENT,False,NONE,3.4,1.0,NONE
1780321342.939,75.4,90.6,31.7,2481.0,42.1,13.94,32.2,32.4,32.0,31.7,optimal,optimal,optimal,optimal,optimal,optimal,↓ decreasing,↓ decreasing,→ stable,99.8,✅ EXCELLENT,False,NONE,3.6,0.0,NONE
1780321343.939,79.3,89.0,32.2,2494.0,43.5,13.95,31.8,32.0,31.7,31.6,optimal,optimal,optimal,optimal,optimal,optimal,↓ decreasing,↓ decreasing,→ stable,99.8,✅ EXCELLENT,False,NONE,3.9,0.5,NONE
1780321344.941,77.7,89.7,32.1,2472.0,42.3,13.9,32.3,31.8,32.1,31.9,optimal,optimal,optimal,optimal,optimal,optimal,↓ decreasing,→ stable,→ stable,99.8,✅ EXCELLENT,False,NONE,3.6,0.0,NONE
1780321345.941,76.2,89.4,31.9,2486.0,43.0,13.98,31.8,31.8,31.6,31.9,optimal,optimal,optimal,optimal,optimal,optimal,→ stable,↓ decreasing,→ stable,99.8,✅ EXCELLENT,False,NONE,3.7,0.2,NONE
1780321346.943,76.6,88.5,31.6,2490.0,41.8,13.98,31.8,31.7,31.9,32.1,optimal,optimal,optimal,optimal,optimal,optimal,↓ decreasing,→ stable,→ stable,99.8,✅ EXCELLENT,False,NONE,3.7,1.1,NONE
1780321347.943,76.0,88.7,31.8,2443.0,42.1,13.93,32.0,32.3,32.1,31.8,optimal,optimal,optimal,optimal,optimal,optimal,↓ decreasing,↓ decreasing,→ stable,99.8,✅ EXCELLENT,False,NONE,3.5,0.8,NONE
1780321348.945,75.4,88.7,32.3,2432.0,41.9,13.94,31.9,32.1,31.9,31.9,optimal,optimal,optimal,optimal,optimal,optimal,→ stable,↓ decreasing,→ stable,99.8,✅ EXCELLENT,False,NONE,3.3,0.8,NONE
1780321349.946,75.3,89.7,32.3,2486.0,41.7,13.94,31.8,31.8,32.2,32.3,optimal,optimal,optimal,optimal,optimal,optimal,↓ decreasing,→ stable,→ stable,99.8,✅ EXCELLENT,False,NONE,3.4,0.0,NONE
1780321350.948,80.1,89.7,32.0,2430.0,41.7,13.92,32.1,31.8,31.7,32.4,optimal,optimal,optimal,optimal,optimal,optimal,↓ decreasing,→ stable,→ stable,99.8,✅ EXCELLENT,False,NONE,3.8,0.0,NONE
1780321351.948,77.6,91.1,31.7,2465.0,42.6,13.97,31.7,32.3,31.6,31.6,optimal,optimal,optimal,optimal,optimal,optimal,→ stable,→ stable,→ stable,99.8,✅ EXCELLENT,False,NONE,3.8,0.0,NONE
1780321352.949,78.3,89.7,32.0,2492.0,43.1,13.99,32.0,31.8,32.4,32.2,optimal,optimal,optimal,optimal,optimal,optimal,→ stable,→ stable,→ stable,99.8,✅ EXCELLENT,False,NONE,3.6,0.0,NONE
1780321353.951,76.5,89.9,31.7,2486.0,42.0,13.92,32.4,32.4,32.2,32.0,optimal,optimal,optimal,optimal,optimal,optimal,→ stable,→ stable,→ stable,99.8,✅ EXCELLENT,False,NONE,3.6,0.0,NONE
1780321354.951,79.5,91.5,32.1,2486.0,42.7,13.92,31.7,32.3,31.7,31.7,optimal,optimal,optimal,optimal,optimal,optimal,→ stable,→ stable,→ stable,99.8,✅ EXCELLENT,False,NONE,3.7,0.0,NONE
1780321355.951,77.0,90.7,31.9,2475.0,41.6,13.9,31.7,32.4,32.1,32.2,optimal,optimal,optimal,optimal,optimal,optimal,→ stable,→ stable,→ stable,99.8,✅ EXCELLENT,False,NONE,3.6,0.0,NONE
1780321356.952,78.6,90.0,31.8,2464.0,43.3,13.92,31.7,32.3,31.9,32.0,optimal,optimal,optimal,optimal,optimal,optimal,↑ increasing,↑ increasing,→ stable,99.8,✅ EXCELLENT,False,NONE,3.7,0.0,NONE
1780321357.954,77.8,88.8,32.0,2457.0,41.9,13.99,31.8,31.6,31.8,32.2,optimal,optimal,optimal,optimal,optimal,optimal,↑ increasing,↑ increasing,→ stable,99.8,✅ EXCELLENT,False,NONE,3.8,0.7,NONE
1780321358.955,77.4,90.5,32.0,2412.0,42.2,13.97,31.9,31.9,31.6,32.2,optimal,optimal,optimal,optimal,optimal,optimal,↑ increasing,↑ increasing,→ stable,99.8,✅ EXCELLENT,False,NONE,3.8,0.0,NONE
1780321359.957,78.1,90.7,32.3,2454.0,42.0,13.93,31.7,32.0,32.0,31.8,optimal,optimal,optimal,optimal,optimal,optimal,↑ increasing,↑ increasing,→ stable,99.8,✅ EXCELLENT,False,NONE,3.7,0.0,NONE
1780321360.957,79.1,90.7,31.7,2494.0,42.2,13.95,32.3,32.2,32.1,31.7,optimal,optimal,optimal,optimal,optimal,optimal,↑ increasing,↑ increasing,→ stable,99.8,✅ EXCELLENT,False,NONE,3.7,0.0,NONE
1780321361.959,77.9,90.8,31.9,2465.0,41.7,13.94,32.1,32.1,32.3,31.9,optimal,optimal,optimal,optimal,optimal,optimal,↑ increasing,↑ increasing,→ stable,99.8,✅ EXCELLENT,False,NONE,3.4,0.0,NONE
1780321362.959,74.8,89.6,32.0,2492.0,42.3,13.96,31.9,32.3,31.9,32.0,optimal,optimal,optimal,optimal,optimal,optimal,→ stable,↑ increasing,→ stable,99.8,✅ EXCELLENT,False,NONE,3.3,0.1,NONE
1780321363.962,76.6,90.5,31.9,2501.0,43.3,13.95,31.6,32.1,31.7,32.2,optimal,optimal,optimal,optimal,optimal,optimal,↑ increasing,↑ increasing,→ stable,99.8,✅ EXCELLENT,False,NONE,3.7,0.0,NONE
1780321364.962,78.2,89.3,31.9,2429.0,41.8,13.98,32.4,32.1,31.7,32.2,optimal,optimal,optimal,optimal,optimal,optimal,→ stable,→ stable,→ stable,99.8,✅ EXCELLENT,False,NONE,3.7,0.2,NONE
1780321365.963,79.3,88.5,31.7,2495.0,42.9,13.99,31.7,31.9,32.3,32.4,optimal,optimal,optimal,optimal,optimal,optimal,↑ increasing,→ stable,→ stable,99.8,✅ EXCELLENT,False,NONE,3.7,1.1,NONE
1780321366.965,74.8,91.4,32.0,2440.0,41.7,13.99,31.7,32.4,31.8,32.1,optimal,optimal,optimal,optimal,optimal,optimal,→ stable,→ stable,→ stable,99.8,✅ EXCELLENT,False,NONE,3.5,0.0,NONE
1780321367.965,78.4,89.1,32.0,2432.0,42.9,13.94,31.6,31.8,31.9,31.9,optimal,optimal,optimal,optimal,optimal,optimal,→ stable,→ stable,→ stable,99.8,✅ EXCELLENT,False,NONE,3.8,0.4,NONE
1780321368.965,75.1,89.0,32.0,2496.0,42.2,13.93,31.7,31.8,32.3,32.0,optimal,optimal,optimal,optimal,optimal,optimal,↓ decreasing,→ stable,→ stable,99.8,✅ EXCELLENT,False,NONE,3.5,0.5,NONE
1780321369.966,77.1,89.0,32.0,2457.0,41.7,13.92,32.0,32.2,32.3,31.9,optimal,optimal,optimal,optimal,optimal,optimal,↓ decreasing,→ stable,→ stable,99.8,✅ EXCELLENT,False,NONE,3.4,0.5,NONE
1780321370.967,78.7,89.4,32.3,2446.0,42.4,13.93,32.2,31.8,31.9,32.3,optimal,optimal,optimal,optimal,optimal,optimal,↓ decreasing,↓ decreasing,→ stable,99.8,✅ EXCELLENT,False,NONE,3.6,0.2,NONE
1780321371.968,75.6,90.8,32.1,2417.0,43.2,13.98,31.6,32.1,31.6,32.3,optimal,optimal,optimal,optimal,optimal,optimal,↓ decreasing,↓ decreasing,→ stable,99.8,✅ EXCELLENT,False,NONE,3.7,0.0,NONE
1780321372.97,78.8,90.2,32.1,2424.0,42.5,13.99,32.1,31.9,32.0,32.2,optimal,optimal,optimal,optimal,optimal,optimal,→ stable,↓ decreasing,→ stable,99.8,✅ EXCELLENT,False,NONE,3.5,0.0,NONE
1780321373.971,76.4,90.8,32.3,2466.0,42.1,13.93,32.1,32.1,31.7,32.4,optimal,optimal,optimal,optimal,optimal,optimal,→ stable,↓ decreasing,→ stable,99.8,✅ EXCELLENT,False,NONE,3.6,0.0,NONE
1780321374.971,80.2,90.6,31.7,2457.0,41.9,13.91,32.0,31.7,31.7,32.3,optimal,optimal,optimal,optimal,optimal,optimal,→ stable,→ stable,→ stable,99.8,✅ EXCELLENT,False,NONE,3.8,0.0,NONE
1780321375.973,76.2,90.9,32.0,2465.0,42.8,13.9,32.4,31.9,32.0,32.0,optimal,optimal,optimal,optimal,optimal,optimal,↓ decreasing,→ stable,→ stable,99.8,✅ EXCELLENT,False,NONE,3.4,0.0,NONE
1780321376.975,79.8,90.4,31.7,2461.0,42.2,13.98,32.0,32.1,32.1,31.7,optimal,optimal,optimal,optimal,optimal,optimal,→ stable,→ stable,→ stable,99.8,✅ EXCELLENT,False,NONE,3.8,0.0,NONE
1780321377.976,74.7,90.3,31.8,2460.0,42.6,13.96,32.2,31.6,32.2,31.8,optimal,optimal,optimal,optimal,optimal,optimal,→ stable,→ stable,→ stable,99.8,✅ EXCELLENT,False,NONE,3.6,0.0,NONE
1780321378.976,75.7,89.7,31.7,2419.0,42.5,13.95,32.3,32.4,32.2,31.7,optimal,optimal,optimal,optimal,optimal,optimal,→ stable,→ stable,→ stable,99.8,✅ EXCELLENT,False,NONE,3.6,0.0,NONE
1780321379.977,80.0,91.4,32.0,2456.0,42.1,13.91,32.2,31.8,31.9,31.8,optimal,optimal,optimal,optimal,optimal,optimal,→ stable,↑ increasing,→ stable,99.8,✅ EXCELLENT,False,NONE,3.7,0.0,NONE
1780321380.978,79.5,88.7,32.0,2464.0,43.2,13.96,32.0,32.3,32.0,32.3,optimal,optimal,optimal,optimal,optimal,optimal,↑ increasing,↑ increasing,→ stable,99.8,✅ EXCELLENT,False,NONE,3.4,0.8,NONE
1780321381.98,78.3,88.9,31.7,2481.0,42.0,13.97,32.0,32.2,32.2,32.0,optimal,optimal,optimal,optimal,optimal,optimal,↑ increasing,↑ increasing,→ stable,99.8,✅ EXCELLENT,False,NONE,3.7,0.6,NONE
1780321382.981,79.3,90.7,31.7,2413.0,41.7,13.92,32.0,31.8,32.4,31.9,optimal,optimal,optimal,optimal,optimal,optimal,↑ increasing,↑ increasing,→ stable,99.8,✅ EXCELLENT,False,NONE,3.7,0.0,NONE
1780321383.981,76.9,90.4,31.7,2449.0,42.3,13.97,32.1,31.6,32.1,32.3,optimal,optimal,optimal,optimal,optimal,optimal,↑ increasing,→ stable,→ stable,99.8,✅ EXCELLENT,False,NONE,3.7,0.0,NONE
1780321384.982,76.6,88.9,32.1,2408.0,42.0,13.9,32.0,31.8,32.2,32.0,optimal,optimal,optimal,optimal,optimal,optimal,→ stable,→ stable,→ stable,99.8,✅ EXCELLENT,False,NONE,3.5,0.6,NONE
1780321385.984,75.8,90.8,32.1,2412.0,43.2,13.94,32.2,32.2,32.0,31.8,optimal,optimal,optimal,optimal,optimal,optimal,↑ increasing,→ stable,→ stable,99.8,✅ EXCELLENT,False,NONE,3.5,0.0,NONE
1780321386.985,75.4,88.7,31.9,2474.0,42.3,13.92,31.7,32.1,32.3,32.3,optimal,optimal,optimal,optimal,optimal,optimal,→ stable,→ stable,→ stable,99.8,✅ EXCELLENT,False,NONE,3.6,0.8,NONE
1780321387.986,78.0,88.9,31.7,2491.0,43.4,13.9,32.3,32.1,31.8,31.7,optimal,optimal,optimal,optimal,optimal,optimal,→ stable,→ stable,→ stable,99.8,✅ EXCELLENT,False,NONE,3.7,0.6,NONE
1780321388.988,74.7,91.3,31.7,2477.0,42.7,13.98,31.8,31.6,31.9,32.1,optimal,optimal,optimal,optimal,optimal,optimal,→ stable,→ stable,→ stable,99.8,✅ EXCELLENT,False,NONE,3.6,0.0,NONE
1780321389.988,76.3,89.1,31.9,2452.0,42.5,13.97,31.9,32.1,31.9,31.6,optimal,optimal,optimal,optimal,optimal,optimal,↓ decreasing,↓ decreasing,→ stable,99.8,✅ EXCELLENT,False,NONE,3.7,0.4,NONE
1780321390.99,78.5,89.7,31.7,2456.0,43.0,13.98,31.9,31.7,31.9,32.1,optimal,optimal,optimal,optimal,optimal,optimal,↓ decreasing,↓ decreasing,→ stable,99.8,✅ EXCELLENT,False,NONE,3.7,0.0,NONE
1780321391.991,74.5,88.7,32.1,2462.0,42.8,13.92,31.6,32.2,32.1,32.2,optimal,optimal,optimal,optimal,optimal,optimal,↓ decreasing,→ stable,→ stable,99.8,✅ EXCELLENT,False,NONE,3.6,0.8,NONE
1780321392.993,78.7,89.8,32.1,2497.0,43.2,13.93,32.1,32.2,31.6,32.2,optimal,optimal,optimal,optimal,optimal,optimal,↓ decreasing,↓ decreasing,→ stable,99.8,✅ EXCELLENT,False,NONE,3.8,0.0,NONE
1780321393.995,77.9,89.5,32.0,2468.0,43.3,13.99,31.7,32.3,32.1,31.6,optimal,optimal,optimal,optimal,optimal,optimal,↓ decreasing,↓ decreasing,→ stable,99.8,✅ EXCELLENT,False,NONE,3.8,0.1,NONE
1780321394.996,79.5,90.8,32.0,2436.0,42.9,13.94,32.3,32.3,31.7,32.1,optimal,optimal,optimal,optimal,optimal,optimal,↓ decreasing,→ stable,→ stable,99.8,✅ EXCELLENT,False,NONE,3.7,0.0,NONE
1780321395.996,79.1,90.0,31.9,2433.0,41.9,13.94,32.2,32.1,31.8,32.4,optimal,optimal,optimal,optimal,optimal,optimal,→ stable,→ stable,→ stable,99.8,✅ EXCELLENT,False,NONE,3.6,0.0,NONE
1780321396.998,80.3,89.1,32.1,2468.0,43.4,13.96,32.4,32.3,32.3,32.1,optimal,optimal,optimal,optimal,optimal,optimal,↑ increasing,→ stable,→ stable,99.8,✅ EXCELLENT,False,NONE,3.3,0.4,NONE
1780321397.998,78.4,91.2,32.0,2474.0,41.9,13.97,32.1,31.8,32.1,31.6,optimal,optimal,optimal,optimal,optimal,optimal,→ stable,→ stable,→ stable,99.8,✅ EXCELLENT,False,NONE,3.8,0.0,NONE
1780321398.999,78.3,89.1,32.1,2487.0,42.4,13.96,32.1,31.7,31.6,32.4,optimal,optimal,optimal,optimal,optimal,optimal,↑ increasing,→ stable,→ stable,99.8,✅ EXCELLENT,False,NONE,3.8,0.4,NONE
1780321400.0,78.3,89.9,31.8,2411.0,42.4,13.91,31.9,32.0,32.1,32.3,optimal,optimal,optimal,optimal,optimal,optimal,↑ increasing,→ stable,→ stable,99.8,✅ EXCELLENT,False,NONE,3.6,0.0,NONE
1780321401.002,77.8,90.3,32.1,2406.0,43.4,13.95,32.0,32.0,32.2,31.8,optimal,optimal,optimal,optimal,optimal,optimal,↑ increasing,→ stable,→ stable,99.8,✅ EXCELLENT,False,NONE,3.6,0.0,NONE
1780321402.002,77.3,90.7,32.0,2413.0,43.2,13.98,32.3,31.9,32.3,31.7,optimal,optimal,optimal,optimal,optimal,optimal,↑ increasing,→ stable,→ stable,99.8,✅ EXCELLENT,False,NONE,3.6,0.0,NONE
1780321403.004,79.9,89.5,32.4,2500.0,43.3,13.94,32.0,31.8,32.1,32.4,optimal,optimal,optimal,optimal,optimal,optimal,↑ increasing,→ stable,→ stable,99.8,✅ EXCELLENT,False,NONE,3.7,0.1,NONE
1780321404.005,75.1,89.8,31.7,2478.0,42.5,13.99,31.7,32.2,31.6,31.9,optimal,optimal,optimal,optimal,optimal,optimal,↑ increasing,→ stable,→ stable,99.8,✅ EXCELLENT,False,NONE,3.6,0.0,NONE
1780321405.007,79.5,89.5,32.3,2466.0,42.9,13.96,31.7,31.7,32.0,31.7,optimal,optimal,optimal,optimal,optimal,optimal,↑ increasing,→ stable,→ stable,99.8,✅ EXCELLENT,False,NONE,3.7,0.1,NONE
1780321406.007,78.0,89.2,32.2,2448.0,43.5,13.93,31.9,32.3,32.0,31.9,optimal,optimal,optimal,optimal,optimal,optimal,↑ increasing,→ stable,→ stable,99.8,✅ EXCELLENT,False,NONE,3.5,0.3,NONE
1780321407.008,77.0,91.1,32.1,2411.0,42.7,13.99,32.3,32.2,32.0,32.0,optimal,optimal,optimal,optimal,optimal,optimal,→ stable,→ stable,→ stable,99.8,✅ EXCELLENT,False,NONE,3.3,0.0,NONE
1780321408.009,78.6,89.9,31.7,2500.0,43.3,13.98,31.7,31.8,31.9,32.0,optimal,optimal,optimal,optimal,optimal,optimal,→ stable,→ stable,→ stable,99.8,✅ EXCELLENT,False,NONE,3.7,0.0,NONE
1780321409.01,75.3,89.1,32.4,2503.0,43.0,13.95,31.9,32.0,32.1,32.4,optimal,optimal,optimal,optimal,optimal,optimal,→ stable,→ stable,→ stable,99.8,✅ EXCELLENT,False,NONE,3.3,0.4,NONE
1780321410.011,80.2,90.8,31.9,2458.0,43.4,13.97,32.2,32.1,32.2,31.9,optimal,optimal,optimal,optimal,optimal,optimal,→ stable,→ stable,→ stable,99.8,✅ EXCELLENT,False,NONE,3.6,0.0,NONE
1780321411.012,77.1,90.5,32.1,2410.0,43.0,13.93,31.6,32.0,31.9,32.3,optimal,optimal,optimal,optimal,optimal,optimal,→ stable,→ stable,→ stable,99.8,✅ EXCELLENT,False,NONE,3.7,0.0,NONE
1780321412.013,79.6,90.2,32.2,2484.0,43.5,13.96,32.2,31.7,32.4,31.7,optimal,optimal,optimal,optimal,optimal,optimal,↓ decreasing,→ stable,→ stable,99.8,✅ EXCELLENT,False,NONE,3.8,0.0,NONE
1780321413.014,74.7,91.0,32.0,2457.0,41.6,13.98,32.4,31.8,31.8,31.6,optimal,optimal,optimal,optimal,optimal,optimal,↓ decreasing,→ stable,→ stable,99.8,✅ EXCELLENT,False,NONE,3.6,0.0,NONE
1780321414.016,80.0,89.6,32.0,2471.0,41.9,13.93,31.6,31.7,32.0,31.7,optimal,optimal,optimal,optimal,optimal,optimal,→ stable,→ stable,→ stable,99.8,✅ EXCELLENT,False,NONE,3.9,0.1,NONE
1780321415.017,76.8,89.6,31.9,2407.0,42.9,13.94,31.8,31.9,31.9,32.2,optimal,optimal,optimal,optimal,optimal,optimal,↓ decreasing,→ stable,→ stable,99.8,✅ EXCELLENT,False,NONE,3.5,0.1,NONE
1780321416.018,79.8,90.4,32.1,2412.0,42.2,13.94,31.9,31.8,31.8,32.3,optimal,optimal,optimal,optimal,optimal,optimal,→ stable,→ stable,→ stable,99.8,✅ EXCELLENT,False,NONE,3.6,0.0,NONE
1780321417.019,78.8,90.7,31.9,2498.0,43.4,13.93,32.2,31.8,32.0,32.1,optimal,optimal,optimal,optimal,optimal,optimal,→ stable,→ stable,→ stable,99.8,✅ EXCELLENT,False,NONE,3.6,0.0,NONE
1780321418.02,78.8,90.8,32.0,2427.0,42.8,13.92,32.3,32.1,31.9,31.7,optimal,optimal,optimal,optimal,optimal,optimal,→ stable,→ stable,→ stable,99.8,✅ EXCELLENT,False,NONE,3.7,0.0,NONE
1780321419.021,79.9,90.3,31.9,2413.0,43.0,13.98,32.0,31.7,32.1,32.0,optimal,optimal,optimal,optimal,optimal,optimal,↑ increasing,→ stable,→ stable,99.8,✅ EXCELLENT,False,NONE,3.8,0.0,NONE
1780321420.021,77.5,89.9,32.1,2505.0,42.4,13.99,31.9,32.0,31.7,32.2,optimal,optimal,optimal,optimal,optimal,optimal,→ stable,→ stable,→ stable,99.8,✅ EXCELLENT,False,NONE,3.7,0.0,NONE
1780321421.023,75.0,88.8,31.9,2466.0,42.8,13.98,31.9,32.4,31.6,32.2,optimal,optimal,optimal,optimal,optimal,optimal,→ stable,→ stable,→ stable,99.8,✅ EXCELLENT,False,NONE,3.6,0.7,NONE
1780321422.024,76.5,90.6,32.1,2453.0,41.8,13.91,32.1,32.1,32.3,32.2,optimal,optimal,optimal,optimal,optimal,optimal,→ stable,→ stable,→ stable,99.8,✅ EXCELLENT,False,NONE,3.2,0.0,NONE
1780321423.025,78.8,88.6,31.8,2419.0,43.4,13.96,32.3,31.6,32.1,32.4,optimal,optimal,optimal,optimal,optimal,optimal,↑ increasing,→ stable,→ stable,99.8,✅ EXCELLENT,False,NONE,3.8,1.0,NONE
1780321424.026,75.2,89.5,32.2,2484.0,43.3,13.93,32.4,32.1,32.1,32.1,optimal,optimal,optimal,optimal,optimal,optimal,→ stable,→ stable,→ stable,99.8,✅ EXCELLENT,False,NONE,3.1,0.1,NONE
1780321425.027,76.1,88.8,32.4,2450.0,43.2,13.93,32.1,31.7,31.6,32.4,optimal,optimal,optimal,optimal,optimal,optimal,→ stable,→ stable,→ stable,99.8,✅ EXCELLENT,False,NONE,3.7,0.7,NONE
1780321426.028,80.4,90.6,31.7,2456.0,43.1,13.94,32.2,32.3,31.8,32.0,optimal,optimal,optimal,optimal,optimal,optimal,→ stable,→ stable,→ stable,99.8,✅ EXCELLENT,False,NONE,3.8,0.0,NONE
1780321427.03,74.7,90.9,31.6,2416.0,43.5,13.9,32.1,32.3,32.2,32.4,optimal,optimal,optimal,optimal,optimal,optimal,↓ decreasing,→ stable,→ stable,99.8,✅ EXCELLENT,False,NONE,3.6,0.0,NONE
1780321428.03,75.9,89.2,32.2,2473.0,42.0,13.93,32.3,31.7,32.1,32.3,optimal,optimal,optimal,optimal,optimal,optimal,↓ decreasing,↓ decreasing,→ stable,99.8,✅ EXCELLENT,False,NONE,3.6,0.3,NONE
1780321429.032,75.1,90.2,32.3,2504.0,42.7,13.99,32.1,31.9,32.0,32.1,optimal,optimal,optimal,optimal,optimal,optimal,↓ decreasing,↓ decreasing,→ stable,99.8,✅ EXCELLENT,False,NONE,3.3,0.0,NONE
1780321430.033,78.7,88.6,32.2,2488.0,42.8,13.91,32.4,31.6,31.7,32.3,optimal,optimal,optimal,optimal,optimal,optimal,↓ decreasing,↓ decreasing,→ stable,99.8,✅ EXCELLENT,False,NONE,3.8,1.0,NONE
1780321431.034,77.5,90.4,32.0,2493.0,42.8,13.97,31.8,31.7,32.1,31.8,optimal,optimal,optimal,optimal,optimal,optimal,↓ decreasing,→ stable,→ stable,99.8,✅ EXCELLENT,False,NONE,3.7,0.0,NONE
1780321432.036,76.0,91.3,31.9,2438.0,43.2,13.98,31.9,31.9,31.6,32.1,optimal,optimal,optimal,optimal,optimal,optimal,↓ decreasing,→ stable,→ stable,99.8,✅ EXCELLENT,False,NONE,3.7,0.0,NONE
1780321433.036,78.3,90.3,31.8,2417.0,42.0,13.98,32.2,31.6,31.8,32.0,optimal,optimal,optimal,optimal,optimal,optimal,↓ decreasing,→ stable,→ stable,99.8,✅ EXCELLENT,False,NONE,3.8,0.0,NONE
1780321434.039,74.6,90.2,31.7,2419.0,42.9,13.92,32.1,32.2,31.7,31.9,optimal,optimal,optimal,optimal,optimal,optimal,↓ decreasing,→ stable,→ stable,99.8,✅ EXCELLENT,False,NONE,3.5,0.0,NONE
1780321435.04,75.5,89.4,32.2,2441.0,43.5,13.93,32.4,32.1,32.2,31.8,optimal,optimal,optimal,optimal,optimal,optimal,↓ decreasing,→ stable,→ stable,99.8,✅ EXCELLENT,False,NONE,3.5,0.2,NONE
1780321436.043,79.4,89.3,32.0,2414.0,42.8,13.98,32.2,32.2,31.9,31.8,optimal,optimal,optimal,optimal,optimal,optimal,↓ decreasing,→ stable,→ stable,99.8,✅ EXCELLENT,False,NONE,3.6,0.2,NONE
1780321437.043,76.4,88.8,32.1,2494.0,42.8,13.98,32.2,31.9,32.2,31.8,optimal,optimal,optimal,optimal,optimal,optimal,↓ decreasing,→ stable,→ stable,99.8,✅ EXCELLENT,False,NONE,3.5,0.7,NONE
1780321438.044,79.5,91.1,32.1,2481.0,42.1,13.93,31.7,31.6,32.2,32.0,optimal,optimal,optimal,optimal,optimal,optimal,→ stable,→ stable,→ stable,99.8,✅ EXCELLENT,False,NONE,3.9,0.0,NONE
1780321439.046,76.0,88.8,32.0,2484.0,42.2,13.99,32.1,31.8,32.2,31.7,optimal,optimal,optimal,optimal,optimal,optimal,↑ increasing,→ stable,→ stable,99.8,✅ EXCELLENT,False,NONE,3.6,0.7,NONE
1780321440.046,77.8,90.4,32.3,2453.0,43.2,13.92,31.6,31.9,31.7,32.0,optimal,optimal,optimal,optimal,optimal,optimal,→ stable,→ stable,→ stable,99.8,✅ EXCELLENT,False,NONE,3.8,0.0,NONE
1780321441.047,76.1,89.5,32.4,2429.0,42.6,13.95,32.3,31.7,32.3,32.4,optimal,optimal,optimal,optimal,optimal,optimal,→ stable,→ stable,→ stable,99.8,✅ EXCELLENT,False,NONE,3.6,0.1,NONE
1780321442.048,77.0,89.6,31.6,2450.0,42.2,13.93,31.7,31.7,32.1,31.6,optimal,optimal,optimal,optimal,optimal,optimal,→ stable,→ stable,→ stable,99.8,✅ EXCELLENT,False,NONE,3.7,0.1,NONE
1780321443.05,75.7,91.1,32.4,2483.0,41.9,13.95,31.6,32.3,32.1,31.6,optimal,optimal,optimal,optimal,optimal,optimal,→ stable,→ stable,→ stable,99.8,✅ EXCELLENT,False,NONE,3.7,0.0,NONE
1780321444.051,75.6,91.5,32.3,2484.0,42.5,13.95,31.8,31.7,32.0,31.9,optimal,optimal,optimal,optimal,optimal,optimal,→ stable,→ stable,→ stable,99.8,✅ EXCELLENT,False,NONE,3.6,0.0,NONE
1780321445.051,78.2,89.9,31.8,2504.0,43.3,13.93,32.3,32.2,31.8,31.6,optimal,optimal,optimal,optimal,optimal,optimal,→ stable,→ stable,→ stable,99.8,✅ EXCELLENT,False,NONE,3.8,0.0,NONE
1780321446.052,78.7,90.8,31.7,2441.0,42.2,13.96,32.0,31.7,31.7,32.3,optimal,optimal,optimal,optimal,optimal,optimal,↑ increasing,→ stable,→ stable,99.8,✅ EXCELLENT,False,NONE,3.7,0.0,NONE
1780321447.054,77.5,89.9,32.1,2498.0,42.2,13.97,31.7,31.6,31.6,31.9,optimal,optimal,optimal,optimal,optimal,optimal,→ stable,→ stable,→ stable,99.8,✅ EXCELLENT,False,NONE,3.8,0.0,NONE
1780321448.056,74.9,89.1,31.7,2415.0,41.8,13.91,31.6,32.0,31.9,32.1,optimal,optimal,optimal,optimal,optimal,optimal,→ stable,→ stable,→ stable,99.8,✅ EXCELLENT,False,NONE,3.6,0.4,NONE
1780321449.056,75.3,90.3,32.1,2500.0,42.1,13.92,32.4,32.3,31.7,31.8,optimal,optimal,optimal,optimal,optimal,optimal,↓ decreasing,→ stable,→ stable,99.8,✅ EXCELLENT,False,NONE,3.5,0.0,NONE
1780321450.058,75.0,88.9,31.7,2443.0,42.9,13.93,31.9,32.0,32.1,31.9,optimal,optimal,optimal,optimal,optimal,optimal,↓ decreasing,→ stable,→ stable,99.8,✅ EXCELLENT,False,NONE,3.5,0.6,NONE
1780321451.059,74.7,90.6,32.0,2465.0,41.9,13.92,31.8,31.8,31.9,32.0,optimal,optimal,optimal,optimal,optimal,optimal,↓ decreasing,→ stable,→ stable,99.8,✅ EXCELLENT,False,NONE,3.4,0.0,NONE
1780321452.059,76.1,89.6,32.2,2476.0,42.2,13.97,31.8,32.0,31.7,32.1,optimal,optimal,optimal,optimal,optimal,optimal,↓ decreasing,→ stable,→ stable,99.8,✅ EXCELLENT,False,NONE,3.6,0.1,NONE
1780321453.061,77.1,90.9,32.4,2442.0,42.1,13.97,31.8,31.8,32.4,32.4,optimal,optimal,optimal,optimal,optimal,optimal,→ stable,→ stable,→ stable,99.8,✅ EXCELLENT,False,NONE,3.5,0.0,NONE
1780321454.061,80.1,91.0,32.1,2436.0,42.6,13.93,32.3,31.8,31.8,32.1,optimal,optimal,optimal,optimal,optimal,optimal,→ stable,→ stable,→ stable,99.8,✅ EXCELLENT,False,NONE,3.7,0.0,NONE
1780321455.061,78.3,89.6,32.3,2493.0,43.3,13.92,31.7,32.3,31.9,31.9,optimal,optimal,optimal,optimal,optimal,optimal,→ stable,→ stable,→ stable,99.8,✅ EXCELLENT,False,NONE,3.7,0.1,NONE
1780321456.062,75.4,88.6,32.3,2494.0,42.7,13.99,31.6,31.9,31.9,32.0,optimal,optimal,optimal,optimal,optimal,optimal,↓ decreasing,→ stable,→ stable,99.8,✅ EXCELLENT,False,NONE,3.7,1.0,NONE
1780321457.063,79.6,90.9,32.1,2453.0,41.7,13.98,32.1,32.0,32.3,32.3,optimal,optimal,optimal,optimal,optimal,optimal,↓ decreasing,→ stable,→ stable,99.8,✅ EXCELLENT,False,NONE,3.4,0.0,NONE
1780321458.064,76.2,90.1,32.0,2414.0,43.2,13.98,31.6,32.2,32.2,32.1,optimal,optimal,optimal,optimal,optimal,optimal,→ stable,→ stable,→ stable,99.8,✅ EXCELLENT,False,NONE,3.7,0.0,NONE
1780321459.065,78.3,89.7,31.9,2430.0,43.4,13.92,32.1,31.7,32.2,32.0,optimal,optimal,optimal,optimal,optimal,optimal,→ stable,→ stable,→ stable,99.8,✅ EXCELLENT,False,NONE,3.7,0.0,NONE
1780321460.066,76.1,88.7,31.7,2484.0,42.6,13.91,32.1,32.1,32.1,32.3,optimal,optimal,optimal,optimal,optimal,optimal,↑ increasing,→ stable,→ stable,99.8,✅ EXCELLENT,False,NONE,3.6,0.8,NONE
1780321461.067,75.6,90.0,32.3,2419.0,43.5,13.94,31.7,31.9,32.1,32.3,optimal,optimal,optimal,optimal,optimal,optimal,↑ increasing,→ stable,→ stable,99.8,✅ EXCELLENT,False,NONE,3.6,0.0,NONE
1780321462.07,75.6,90.2,32.0,2409.0,42.3,13.98,32.2,32.3,32.2,32.1,optimal,optimal,optimal,optimal,optimal,optimal,↑ increasing,→ stable,→ stable,99.8,✅ EXCELLENT,False,NONE,3.2,0.0,NONE
1780321463.07,78.9,91.1,31.9,2489.0,43.1,13.96,32.3,32.2,31.7,32.1,optimal,optimal,optimal,optimal,optimal,optimal,↑ increasing,→ stable,→ stable,99.8,✅ EXCELLENT,False,NONE,3.7,0.0,NONE
1780321464.072,75.4,90.2,32.2,2461.0,42.9,13.99,32.2,31.9,32.3,31.7,optimal,optimal,optimal,optimal,optimal,optimal,→ stable,→ stable,→ stable,99.8,✅ EXCELLENT,False,NONE,3.6,0.0,NONE
1780321465.073,79.0,91.4,31.6,2409.0,42.3,13.96,31.6,32.1,32.1,31.8,optimal,optimal,optimal,optimal,optimal,optimal,→ stable,→ stable,→ stable,99.8,✅ EXCELLENT,False,NONE,3.8,0.0,NONE
1780321466.074,77.3,88.8,32.3,2457.0,43.5,13.95,31.9,32.0,32.3,32.2,optimal,optimal,optimal,optimal,optimal,optimal,↑ increasing,→ stable,→ stable,99.8,✅ EXCELLENT,False,NONE,3.4,0.7,NONE
1780321467.074,75.7,91.4,31.9,2486.0,43.4,13.93,32.3,31.8,32.1,31.9,optimal,optimal,optimal,optimal,optimal,optimal,→ stable,→ stable,→ stable,99.8,✅ EXCELLENT,False,NONE,3.5,0.0,NONE
1780321468.075,76.6,91.3,32.3,2427.0,42.1,13.95,32.2,31.7,31.6,31.9,optimal,optimal,optimal,optimal,optimal,optimal,→ stable,→ stable,→ stable,99.8,✅ EXCELLENT,False,NONE,3.7,0.0,NONE
1780321469.076,75.4,90.2,31.7,2406.0,42.5,13.91,32.0,32.1,32.2,32.3,optimal,optimal,optimal,optimal,optimal,optimal,↓ decreasing,→ stable,→ stable,99.8,✅ EXCELLENT,False,NONE,3.6,0.0,NONE
1780321470.077,80.1,90.0,32.0,2441.0,43.1,13.99,31.9,31.7,32.2,31.8,optimal,optimal,optimal,optimal,optimal,optimal,→ stable,→ stable,→ stable,99.8,✅ EXCELLENT,False,NONE,3.8,0.0,NONE
1780321471.078,75.1,91.2,32.0,2466.0,42.3,13.94,32.3,31.7,32.3,32.3,optimal,optimal,optimal,optimal,optimal,optimal,→ stable,↑ increasing,→ stable,99.8,✅ EXCELLENT,False,NONE,3.5,0.0,NONE
1780321472.08,80.0,90.6,32.4,2442.0,42.3,13.9,31.6,31.8,31.8,31.8,optimal,optimal,optimal,optimal,optimal,optimal,→ stable,↑ increasing,→ stable,99.8,✅ EXCELLENT,False,NONE,3.9,0.0,NONE
1780321473.081,78.0,89.1,31.6,2464.0,43.2,13.9,32.4,32.1,32.1,31.6,optimal,optimal,optimal,optimal,optimal,optimal,→ stable,→ stable,→ stable,99.8,✅ EXCELLENT,False,NONE,3.8,0.4,NONE
1780321474.082,75.5,88.6,32.3,2470.0,41.9,13.98,32.3,31.6,31.7,32.4,optimal,optimal,optimal,optimal,optimal,optimal,→ stable,→ stable,→ stable,99.8,✅ EXCELLENT,False,NONE,3.7,1.0,NONE
1780321475.083,76.5,88.6,32.0,2469.0,43.4,13.98,31.7,32.1,31.8,32.3,optimal,optimal,optimal,optimal,optimal,optimal,→ stable,→ stable,→ stable,99.8,✅ EXCELLENT,False,NONE,3.6,1.0,NONE
1780321476.084,79.0,91.3,32.0,2433.0,43.1,13.98,31.9,31.7,32.1,32.2,optimal,optimal,optimal,optimal,optimal,optimal,→ stable,→ stable,→ stable,99.8,✅ EXCELLENT,False,NONE,3.7,0.0,NONE
1780321477.085,75.0,89.7,32.4,2424.0,42.4,13.94,32.2,31.6,32.2,32.0,optimal,optimal,optimal,optimal,optimal,optimal,→ stable,→ stable,→ stable,99.8,✅ EXCELLENT,False,NONE,3.6,0.0,NONE
1780321478.085,74.7,90.4,32.1,2446.0,42.0,13.96,32.4,32.3,32.1,32.1,optimal,optimal,optimal,optimal,optimal,optimal,→ stable,→ stable,→ stable,99.8,✅ EXCELLENT,False,NONE,3.1,0.0,NONE
1780321479.086,79.9,89.9,32.1,2415.0,42.9,13.92,31.8,32.3,32.4,31.6,optimal,optimal,optimal,optimal,optimal,optimal,↑ increasing,→ stable,→ stable,99.8,✅ EXCELLENT,False,NONE,3.9,0.0,NONE
1780321480.087,77.5,88.6,31.9,2447.0,41.9,13.95,32.1,31.8,32.0,31.9,optimal,optimal,optimal,optimal,optimal,optimal,→ stable,↓ decreasing,→ stable,99.8,✅ EXCELLENT,False,NONE,3.5,1.0,NONE
1780321481.088,75.0,89.0,32.0,2498.0,41.8,13.95,32.3,31.8,32.4,31.7,optimal,optimal,optimal,optimal,optimal,optimal,→ stable,↓ decreasing,→ stable,99.8,✅ EXCELLENT,False,NONE,3.5,0.5,NONE
1780321482.089,77.6,89.1,31.7,2482.0,43.3,13.92,32.1,32.0,32.2,32.1,optimal,optimal,optimal,optimal,optimal,optimal,→ stable,↓ decreasing,→ stable,99.8,✅ EXCELLENT,False,NONE,3.7,0.4,NONE
1780321483.09,78.5,91.4,31.9,2416.0,41.8,13.96,31.8,31.7,31.6,31.7,optimal,optimal,optimal,optimal,optimal,optimal,→ stable,↓ decreasing,→ stable,99.8,✅ EXCELLENT,False,NONE,3.8,0.0,NONE
1780321484.091,77.3,90.6,32.4,2423.0,43.2,13.99,32.3,32.2,31.6,32.4,optimal,optimal,optimal,optimal,optimal,optimal,→ stable,→ stable,→ stable,99.8,✅ EXCELLENT,False,NONE,3.8,0.0,NONE
1780321485.092,79.2,89.8,31.9,2487.0,42.0,13.91,31.6,32.3,31.7,32.3,optimal,optimal,optimal,optimal,optimal,optimal,→ stable,→ stable,→ stable,99.8,✅ EXCELLENT,False,NONE,3.8,0.0,NONE
1780321486.094,78.4,88.6,31.9,2474.0,42.6,13.95,31.8,31.9,31.8,32.3,optimal,optimal,optimal,optimal,optimal,optimal,→ stable,↓ decreasing,→ stable,99.8,✅ EXCELLENT,False,NONE,3.6,1.0,NONE
1780321487.094,77.5,89.5,31.6,2461.0,41.9,13.96,31.6,32.0,31.9,31.9,optimal,optimal,optimal,optimal,optimal,optimal,→ stable,→ stable,→ stable,99.8,✅ EXCELLENT,False,NONE,3.8,0.1,NONE
1780321488.095,75.7,90.4,31.7,2406.0,42.8,13.98,31.7,32.3,31.9,31.6,optimal,optimal,optimal,optimal,optimal,optimal,↑ increasing,→ stable,→ stable,99.8,✅ EXCELLENT,False,NONE,3.7,0.0,NONE
1780321489.096,76.4,89.4,32.0,2483.0,43.2,13.97,31.8,31.7,31.8,32.0,optimal,optimal,optimal,optimal,optimal,optimal,→ stable,→ stable,→ stable,99.8,✅ EXCELLENT,False,NONE,3.6,0.2,NONE
1780321490.097,75.1,90.0,31.7,2438.0,43.3,13.93,32.4,32.1,32.3,31.8,optimal,optimal,optimal,optimal,optimal,optimal,→ stable,→ stable,→ stable,99.8,✅ EXCELLENT,False,NONE,3.5,0.0,NONE
1780321491.098,75.4,90.7,32.1,2420.0,42.5,13.93,31.8,32.1,31.8,32.4,optimal,optimal,optimal,optimal,optimal,optimal,→ stable,→ stable,→ stable,99.8,✅ EXCELLENT,False,NONE,3.4,0.0,NONE
1780321492.101,77.3,90.9,32.3,2471.0,42.8,13.94,31.9,32.0,32.0,31.9,optimal,optimal,optimal,optimal,optimal,optimal,→ stable,↑ increasing,→ stable,99.8,✅ EXCELLENT,False,NONE,3.4,0.0,NONE
1780321493.102,78.4,91.3,31.8,2410.0,42.9,13.93,32.2,32.0,32.3,32.4,optimal,optimal,optimal,optimal,optimal,optimal,→ stable,→ stable,→ stable,99.8,✅ EXCELLENT,False,NONE,3.6,0.0,NONE
1780321494.104,79.7,91.1,32.0,2430.0,42.5,13.98,32.1,31.9,31.9,31.7,optimal,optimal,optimal,optimal,optimal,optimal,→ stable,→ stable,→ stable,99.8,✅ EXCELLENT,False,NONE,3.8,0.0,NONE
1780321495.106,78.7,89.0,31.8,2494.0,43.3,13.9,32.0,31.6,31.6,31.7,optimal,optimal,optimal,optimal,optimal,optimal,→ stable,→ stable,→ stable,99.8,✅ EXCELLENT,False,NONE,3.8,0.5,NONE
1780321496.107,78.4,90.8,31.8,2422.0,42.1,13.98,32.2,32.2,31.9,31.9,optimal,optimal,optimal,optimal,optimal,optimal,→ stable,↑ increasing,→ stable,99.8,✅ EXCELLENT,False,NONE,3.6,0.0,NONE
1780321497.109,76.3,91.3,32.3,2408.0,42.2,13.94,31.7,31.9,31.9,32.1,optimal,optimal,optimal,optimal,optimal,optimal,→ stable,↑ increasing,→ stable,99.8,✅ EXCELLENT,False,NONE,3.6,0.0,NONE
1780321498.11,75.7,88.6,32.3,2452.0,42.0,13.97,32.2,31.9,32.0,31.7,optimal,optimal,optimal,optimal,optimal,optimal,↓ decreasing,↑ increasing,→ stable,99.8,✅ EXCELLENT,False,NONE,3.6,1.0,NONE
1780321499.11,78.9,90.2,31.9,2458.0,43.3,13.97,32.4,31.7,31.7,31.9,optimal,optimal,optimal,optimal,optimal,optimal,→ stable,↑ increasing,→ stable,99.8,✅ EXCELLENT,False,NONE,3.7,0.0,NONE
1780321500.112,79.2,89.4,32.1,2411.0,43.3,13.97,31.9,32.1,32.2,32.1,optimal,optimal,optimal,optimal,optimal,optimal,↑ increasing,↑ increasing,→ stable,99.8,✅ EXCELLENT,False,NONE,3.5,0.2,NONE
1780321501.113,78.7,89.3,32.4,2471.0,43.5,13.92,31.7,31.8,32.3,31.8,optimal,optimal,optimal,optimal,optimal,optimal,↑ increasing,→ stable,→ stable,99.8,✅ EXCELLENT,False,NONE,3.7,0.2,NONE
1780321502.113,75.3,91.5,31.8,2454.0,43.1,13.98,31.8,31.7,31.9,32.4,optimal,optimal,optimal,optimal,optimal,optimal,↑ increasing,→ stable,→ stable,99.8,✅ EXCELLENT,False,NONE,3.5,0.0,NONE
1780321503.114,77.8,91.4,32.1,2492.0,41.7,13.9,32.1,31.8,32.0,32.3,optimal,optimal,optimal,optimal,optimal,optimal,↑ increasing,→ stable,→ stable,99.8,✅ EXCELLENT,False,NONE,3.6,0.0,NONE
1780321504.115,75.9,90.9,31.9,2500.0,42.2,13.93,31.6,31.7,31.8,31.9,optimal,optimal,optimal,optimal,optimal,optimal,→ stable,→ stable,→ stable,99.8,✅ EXCELLENT,False,NONE,3.7,0.0,NONE
1780321505.115,78.6,91.4,32.4,2420.0,43.2,13.91,31.7,32.0,32.2,31.9,optimal,optimal,optimal,optimal,optimal,optimal,→ stable,→ stable,→ stable,99.8,✅ EXCELLENT,False,NONE,3.7,0.0,NONE
1780321506.117,77.1,89.6,31.7,2447.0,42.2,13.96,32.1,32.0,32.3,32.0,optimal,optimal,optimal,optimal,optimal,optimal,→ stable,→ stable,→ stable,99.8,✅ EXCELLENT,False,NONE,3.6,0.1,NONE
1780321507.117,76.3,88.8,31.7,2423.0,42.8,13.93,32.2,31.7,31.7,31.9,optimal,optimal,optimal,optimal,optimal,optimal,→ stable,→ stable,→ stable,99.8,✅ EXCELLENT,False,NONE,3.6,0.7,NONE
1780321508.119,80.1,88.6,32.2,2419.0,41.9,13.98,31.7,32.1,32.4,31.8,optimal,optimal,optimal,optimal,optimal,optimal,↑ increasing,→ stable,→ stable,99.8,✅ EXCELLENT,False,NONE,3.8,1.0,NONE
1780321509.12,76.2,91.2,32.3,2412.0,43.0,13.93,31.8,32.2,31.9,32.3,optimal,optimal,optimal,optimal,optimal,optimal,→ stable,→ stable,→ stable,99.8,✅ EXCELLENT,False,NONE,3.5,0.0,NONE
1780321510.122,75.6,90.6,31.8,2470.0,43.5,13.92,31.7,32.0,32.1,32.3,optimal,optimal,optimal,optimal,optimal,optimal,↓ decreasing,→ stable,→ stable,99.8,✅ EXCELLENT,False,NONE,3.6,0.0,NONE
1780321511.123,75.8,88.5,31.6,2447.0,43.5,13.91,32.0,32.0,32.4,31.9,optimal,optimal,optimal,optimal,optimal,optimal,↓ decreasing,→ stable,→ stable,99.8,✅ EXCELLENT,False,NONE,3.7,1.1,NONE
1780321512.124,79.6,89.0,32.3,2482.0,41.6,13.97,31.9,31.9,31.8,31.9,optimal,optimal,optimal,optimal,optimal,optimal,↓ decreasing,→ stable,→ stable,99.8,✅ EXCELLENT,False,NONE,3.6,0.5,NONE
1780321513.125,80.1,89.2,32.1,2459.0,42.5,13.93,31.6,31.9,32.2,32.1,optimal,optimal,optimal,optimal,optimal,optimal,→ stable,→ stable,→ stable,99.8,✅ EXCELLENT,False,NONE,3.9,0.3,NONE
1780321514.125,77.5,89.6,31.7,2505.0,42.0,13.94,32.1,32.3,31.8,32.0,optimal,optimal,optimal,optimal,optimal,optimal,→ stable,↓ decreasing,→ stable,99.8,✅ EXCELLENT,False,NONE,3.7,0.1,NONE
1780321515.126,74.6,90.0,31.9,2417.0,42.9,13.99,32.2,31.6,32.4,32.2,optimal,optimal,optimal,optimal,optimal,optimal,→ stable,↓ decreasing,→ stable,99.8,✅ EXCELLENT,False,NONE,3.6,0.0,NONE
1780321516.126,79.3,91.4,32.2,2419.0,42.6,13.95,32.3,31.6,31.6,31.9,optimal,optimal,optimal,optimal,optimal,optimal,→ stable,↓ decreasing,→ stable,99.8,✅ EXCELLENT,False,NONE,3.9,0.0,NONE
1780321517.127,79.7,90.1,32.3,2441.0,42.4,13.98,32.4,32.1,31.9,31.9,optimal,optimal,optimal,optimal,optimal,optimal,→ stable,→ stable,→ stable,99.8,✅ EXCELLENT,False,NONE,3.5,0.0,NONE
1780321518.128,76.2,88.6,31.9,2479.0,41.7,13.93,32.0,32.0,32.0,32.2,optimal,optimal,optimal,optimal,optimal,optimal,→ stable,→ stable,→ stable,99.8,✅ EXCELLENT,False,NONE,3.4,1.0,NONE
1780321519.129,75.8,89.7,32.2,2485.0,42.8,13.91,31.7,32.1,31.7,31.7,optimal,optimal,optimal,optimal,optimal,optimal,→ stable,↓ decreasing,→ stable,99.8,✅ EXCELLENT,False,NONE,3.6,0.0,NONE
1780321520.13,79.7,90.1,32.3,2472.0,41.9,13.94,32.0,32.0,31.9,31.7,optimal,optimal,optimal,optimal,optimal,optimal,↑ increasing,↓ decreasing,→ stable,99.8,✅ EXCELLENT,False,NONE,3.8,0.0,NONE
1780321521.131,79.2,89.0,31.8,2414.0,43.4,13.97,31.6,31.7,32.0,31.6,optimal,optimal,optimal,optimal,optimal,optimal,↑ increasing,↓ decreasing,→ stable,99.8,✅ EXCELLENT,False,NONE,3.8,0.5,NONE
1780321522.132,78.9,90.2,31.8,2471.0,43.4,13.96,32.1,32.3,32.0,31.9,optimal,optimal,optimal,optimal,optimal,optimal,↑ increasing,→ stable,→ stable,99.8,✅ EXCELLENT,False,NONE,3.6,0.0,NONE
1780321523.134,76.7,88.8,32.2,2423.0,42.5,13.93,32.4,32.0,31.7,32.2,optimal,optimal,optimal,optimal,optimal,optimal,→ stable,→ stable,→ stable,99.8,✅ EXCELLENT,False,NONE,3.6,0.7,NONE
1780321524.135,77.1,89.3,32.2,2448.0,42.8,13.94,31.7,32.3,32.0,31.8,optimal,optimal,optimal,optimal,optimal,optimal,→ stable,→ stable,→ stable,99.8,✅ EXCELLENT,False,NONE,3.6,0.2,NONE
1780321525.136,75.0,90.6,31.6,2481.0,42.9,13.9,32.2,32.4,31.8,32.0,optimal,optimal,optimal,optimal,optimal,optimal,→ stable,→ stable,→ stable,99.8,✅ EXCELLENT,False,NONE,3.6,0.0,NONE
1780321526.137,76.4,90.5,32.3,2460.0,42.5,13.98,31.7,31.7,32.1,32.3,optimal,optimal,optimal,optimal,optimal,optimal,→ stable,→ stable,→ stable,99.8,✅ EXCELLENT,False,NONE,3.6,0.0,NONE
1780321527.139,78.8,89.2,31.7,2420.0,41.8,13.94,31.9,32.1,32.1,31.6,optimal,optimal,optimal,optimal,optimal,optimal,→ stable,→ stable,→ stable,99.8,✅ EXCELLENT,False,NONE,3.8,0.3,NONE
1780321528.14,76.6,90.9,32.3,2408.0,41.7,13.95,32.3,32.1,32.3,32.2,optimal,optimal,optimal,optimal,optimal,optimal,→ stable,→ stable,→ stable,99.8,✅ EXCELLENT,False,NONE,3.2,0.0,NONE
1780321529.141,76.2,90.8,31.6,2411.0,41.7,13.95,32.0,32.3,31.9,32.1,optimal,optimal,optimal,optimal,optimal,optimal,→ stable,→ stable,→ stable,99.8,✅ EXCELLENT,False,NONE,3.7,0.0,NONE
1780321530.142,77.8,89.9,32.3,2471.0,43.0,13.91,32.2,32.3,32.3,31.9,optimal,optimal,optimal,optimal,optimal,optimal,↓ decreasing,→ stable,→ stable,99.8,✅ EXCELLENT,False,NONE,3.4,0.0,NONE
1780321531.143,79.3,91.2,31.6,2441.0,41.7,13.91,31.8,32.1,31.8,31.9,optimal,optimal,optimal,optimal,optimal,optimal,↓ decreasing,→ stable,→ stable,99.8,✅ EXCELLENT,False,NONE,3.9,0.0,NONE
1780321532.143,78.9,90.3,32.3,2429.0,43.2,13.9,31.7,32.2,32.2,32.1,optimal,optimal,optimal,optimal,optimal,optimal,↓ decreasing,→ stable,→ stable,99.8,✅ EXCELLENT,False,NONE,3.7,0.0,NONE
1780321533.144,76.1,89.4,31.9,2439.0,42.6,13.97,32.1,32.0,31.6,31.9,optimal,optimal,optimal,optimal,optimal,optimal,↓ decreasing,→ stable,→ stable,99.8,✅ EXCELLENT,False,NONE,3.7,0.2,NONE
1780321534.145,77.9,89.9,32.1,2488.0,41.8,13.91,32.2,32.2,32.3,32.2,optimal,optimal,optimal,optimal,optimal,optimal,→ stable,↑ increasing,→ stable,99.8,✅ EXCELLENT,False,NONE,3.2,0.0,NONE
1780321535.145,76.9,88.8,32.2,2455.0,42.9,13.98,32.3,31.8,31.6,32.0,optimal,optimal,optimal,optimal,optimal,optimal,→ stable,→ stable,→ stable,99.8,✅ EXCELLENT,False,NONE,3.7,0.7,NONE
1780321536.147,77.8,89.2,32.1,2463.0,43.4,13.97,32.1,31.7,32.2,31.8,optimal,optimal,optimal,optimal,optimal,optimal,→ stable,→ stable,→ stable,99.8,✅ EXCELLENT,False,NONE,3.7,0.3,NONE
1780321537.149,74.5,90.5,32.0,2451.0,42.0,13.96,32.0,31.9,31.7,32.0,optimal,optimal,optimal,optimal,optimal,optimal,→ stable,→ stable,→ stable,99.8,✅ EXCELLENT,False,NONE,3.5,0.0,NONE
1780321538.15,76.1,90.0,31.8,2499.0,41.7,13.9,32.3,31.9,32.3,31.9,optimal,optimal,optimal,optimal,optimal,optimal,→ stable,→ stable,→ stable,99.8,✅ EXCELLENT,False,NONE,3.5,0.0,NONE
1780321539.151,80.3,90.7,32.3,2429.0,42.1,13.9,32.2,32.4,31.7,32.1,optimal,optimal,optimal,optimal,optimal,optimal,→ stable,→ stable,→ stable,99.8,✅ EXCELLENT,False,NONE,3.8,0.0,NONE
1780321540.152,77.4,91.5,32.2,2460.0,43.3,13.99,32.2,32.0,31.6,32.0,optimal,optimal,optimal,optimal,optimal,optimal,→ stable,→ stable,→ stable,99.8,✅ EXCELLENT,False,NONE,3.8,0.0,NONE
1780321541.154,79.2,90.9,31.9,2420.0,43.4,13.91,31.9,32.3,32.2,31.7,optimal,optimal,optimal,optimal,optimal,optimal,→ stable,→ stable,→ stable,99.8,✅ EXCELLENT,False,NONE,3.7,0.0,NONE
1780321542.156,76.9,91.4,31.9,2446.0,42.2,13.98,31.8,32.0,32.2,32.3,optimal,optimal,optimal,optimal,optimal,optimal,→ stable,→ stable,→ stable,99.8,✅ EXCELLENT,False,NONE,3.5,0.0,NONE
1780321543.157,80.0,90.4,32.3,2466.0,42.3,13.95,31.9,31.7,32.1,32.1,optimal,optimal,optimal,optimal,optimal,optimal,→ stable,→ stable,→ stable,99.8,✅ EXCELLENT,False,NONE,3.8,0.0,NONE
1780321544.158,79.1,91.2,31.6,2416.0,41.9,13.94,32.0,32.2,31.8,32.2,optimal,optimal,optimal,optimal,optimal,optimal,↑ increasing,→ stable,→ stable,99.8,✅ EXCELLENT,False,NONE,3.8,0.0,NONE
1780321545.16,74.5,88.5,31.7,2476.0,42.6,13.92,32.1,32.0,31.8,31.6,optimal,optimal,optimal,optimal,optimal,optimal,→ stable,→ stable,→ stable,99.8,✅ EXCELLENT,False,NONE,3.6,1.1,NONE
1780321546.16,80.0,91.1,32.4,2411.0,42.5,13.92,32.3,32.3,31.7,31.6,optimal,optimal,optimal,optimal,optimal,optimal,→ stable,↑ increasing,→ stable,99.8,✅ EXCELLENT,False,NONE,3.9,0.0,NONE
1780321547.161,76.3,90.0,31.8,2471.0,42.5,13.91,31.7,32.0,31.9,31.7,optimal,optimal,optimal,optimal,optimal,optimal,↑ increasing,→ stable,→ stable,99.8,✅ EXCELLENT,False,NONE,3.6,0.0,NONE
1780321548.163,74.6,89.3,32.3,2492.0,42.4,13.97,31.8,31.6,31.6,31.9,optimal,optimal,optimal,optimal,optimal,optimal,↑ increasing,→ stable,→ stable,99.8,✅ EXCELLENT,False,NONE,3.6,0.2,NONE
1780321549.164,78.3,90.7,31.7,2407.0,43.5,13.9,31.7,32.2,31.9,32.0,optimal,optimal,optimal,optimal,optimal,optimal,→ stable,↑ increasing,→ stable,99.8,✅ EXCELLENT,False,NONE,3.7,0.0,NONE
1780321550.165,77.4,89.2,32.4,2460.0,42.3,13.93,31.9,32.2,32.2,32.3,optimal,optimal,optimal,optimal,optimal,optimal,→ stable,→ stable,→ stable,99.8,✅ EXCELLENT,False,NONE,3.4,0.3,NONE
1780321551.165,75.0,88.8,32.2,2460.0,41.9,13.98,32.2,31.7,31.8,31.9,optimal,optimal,optimal,optimal,optimal,optimal,→ stable,→ stable,→ stable,99.8,✅ EXCELLENT,False,NONE,3.5,0.7,NONE
1780321552.166,80.1,91.4,31.9,2500.0,41.7,13.99,32.0,32.4,31.6,32.4,optimal,optimal,optimal,optimal,optimal,optimal,→ stable,→ stable,→ stable,99.8,✅ EXCELLENT,False,NONE,3.9,0.0,NONE
1780321553.168,78.8,91.4,32.3,2455.0,42.2,13.97,31.8,32.1,31.8,31.8,optimal,optimal,optimal,optimal,optimal,optimal,→ stable,→ stable,→ stable,99.8,✅ EXCELLENT,False,NONE,3.6,0.0,NONE
1780321554.169,75.8,90.8,31.7,2487.0,43.0,13.98,31.8,32.0,32.2,32.4,optimal,optimal,optimal,optimal,optimal,optimal,↓ decreasing,→ stable,→ stable,99.8,✅ EXCELLENT,False,NONE,3.6,0.0,NONE
1780321555.171,77.5,89.7,31.7,2495.0,43.3,13.98,32.2,31.6,32.2,32.4,optimal,optimal,optimal,optimal,optimal,optimal,→ stable,→ stable,→ stable,99.8,✅ EXCELLENT,False,NONE,3.8,0.0,NONE
1780321556.171,77.3,89.5,31.7,2421.0,41.6,13.99,32.0,32.2,32.3,31.7,optimal,optimal,optimal,optimal,optimal,optimal,↓ decreasing,↓ decreasing,→ stable,99.8,✅ EXCELLENT,False,NONE,3.6,0.1,NONE
1780321557.173,77.0,91.1,31.9,2422.0,43.4,13.94,31.6,32.1,32.4,31.8,optimal,optimal,optimal,optimal,optimal,optimal,↓ decreasing,→ stable,→ stable,99.8,✅ EXCELLENT,False,NONE,3.7,0.0,NONE
1780321558.174,79.8,90.0,32.3,2483.0,42.8,13.95,32.0,31.6,32.1,31.8,optimal,optimal,optimal,optimal,optimal,optimal,→ stable,→ stable,→ stable,99.8,✅ EXCELLENT,False,NONE,3.9,0.0,NONE
1780321559.174,74.9,89.3,31.7,2467.0,43.1,13.96,32.2,32.3,31.8,31.6,optimal,optimal,optimal,optimal,optimal,optimal,→ stable,→ stable,→ stable,99.8,✅ EXCELLENT,False,NONE,3.6,0.2,NONE
1780321560.176,74.7,91.5,32.3,2492.0,41.6,13.96,31.7,31.8,32.3,32.2,optimal,optimal,optimal,optimal,optimal,optimal,↓ decreasing,→ stable,→ stable,99.8,✅ EXCELLENT,False,NONE,3.5,0.0,NONE
1780321561.176,79.3,90.2,32.3,2447.0,43.2,13.96,32.4,31.6,31.9,31.7,optimal,optimal,optimal,optimal,optimal,optimal,→ stable,→ stable,→ stable,99.8,✅ EXCELLENT,False,NONE,3.9,0.0,NONE
1780321562.178,77.8,88.6,32.0,2434.0,42.5,13.99,32.4,32.0,32.1,32.0,optimal,optimal,optimal,optimal,optimal,optimal,→ stable,→ stable,→ stable,99.8,✅ EXCELLENT,False,NONE,3.3,1.0,NONE
1780321563.179,78.4,89.7,31.8,2472.0,43.2,13.93,31.7,31.8,31.8,31.9,optimal,optimal,optimal,optimal,optimal,optimal,→ stable,→ stable,→ stable,99.8,✅ EXCELLENT,False,NONE,3.7,0.0,NONE
1780321564.18,79.4,89.8,32.2,2481.0,43.4,13.95,32.1,31.8,32.3,32.2,optimal,optimal,optimal,optimal,optimal,optimal,↑ increasing,→ stable,→ stable,99.8,✅ EXCELLENT,False,NONE,3.6,0.0,NONE
1780321565.18,78.6,89.7,31.6,2489.0,42.3,13.99,32.0,32.1,31.8,32.3,optimal,optimal,optimal,optimal,optimal,optimal,→ stable,→ stable,→ stable,99.8,✅ EXCELLENT,False,NONE,3.8,0.0,NONE
1780321566.181,76.0,89.7,32.0,2484.0,42.9,13.91,32.0,32.1,31.8,32.2,optimal,optimal,optimal,optimal,optimal,optimal,→ stable,→ stable,→ stable,99.8,✅ EXCELLENT,False,NONE,3.5,0.0,NONE
1780321567.181,75.4,89.2,32.1,2446.0,41.7,13.94,31.8,32.3,31.9,32.0,optimal,optimal,optimal,optimal,optimal,optimal,→ stable,→ stable,→ stable,99.8,✅ EXCELLENT,False,NONE,3.4,0.3,NONE
1780321568.182,78.4,90.0,31.8,2460.0,42.8,13.93,31.7,32.1,32.3,32.4,optimal,optimal,optimal,optimal,optimal,optimal,→ stable,→ stable,→ stable,99.8,✅ EXCELLENT,False,NONE,3.7,0.0,NONE
1780321569.184,76.0,90.5,31.9,2503.0,42.9,13.99,32.1,31.7,31.7,32.2,optimal,optimal,optimal,optimal,optimal,optimal,→ stable,→ stable,→ stable,99.8,✅ EXCELLENT,False,NONE,3.6,0.0,NONE
1780321570.185,77.3,90.7,32.1,2448.0,43.0,13.97,32.3,31.8,32.1,31.7,optimal,optimal,optimal,optimal,optimal,optimal,↑ increasing,↓ decreasing,→ stable,99.8,✅ EXCELLENT,False,NONE,3.6,0.0,NONE
1780321571.187,75.5,89.2,31.8,2447.0,42.9,13.94,32.2,32.0,31.7,31.7,optimal,optimal,optimal,optimal,optimal,optimal,→ stable,↓ decreasing,→ stable,99.8,✅ EXCELLENT,False,NONE,3.6,0.3,NONE
1780321572.187,74.7,90.0,31.7,2435.0,41.7,13.93,31.7,31.8,31.7,31.8,optimal,optimal,optimal,optimal,optimal,optimal,→ stable,→ stable,→ stable,99.8,✅ EXCELLENT,False,NONE,3.5,0.0,NONE
1780321573.188,76.1,91.0,31.9,2443.0,41.8,13.95,31.9,32.2,31.9,31.6,optimal,optimal,optimal,optimal,optimal,optimal,↓ decreasing,→ stable,→ stable,99.8,✅ EXCELLENT,False,NONE,3.7,0.0,NONE
1780321574.19,77.8,89.0,32.2,2450.0,42.4,13.93,31.7,32.1,31.8,31.9,optimal,optimal,optimal,optimal,optimal,optimal,↓ decreasing,→ stable,→ stable,99.8,✅ EXCELLENT,False,NONE,3.7,0.5,NONE
1780321575.19,75.3,89.2,32.3,2451.0,42.5,13.96,32.2,31.8,31.8,31.7,optimal,optimal,optimal,optimal,optimal,optimal,↓ decreasing,→ stable,→ stable,99.8,✅ EXCELLENT,False,NONE,3.5,0.3,NONE
1780321576.191,75.6,91.3,32.3,2469.0,42.6,13.93,32.4,31.9,32.1,32.4,optimal,optimal,optimal,optimal,optimal,optimal,↓ decreasing,→ stable,→ stable,99.8,✅ EXCELLENT,False,NONE,3.3,0.0,NONE
1780321577.191,75.5,90.7,31.7,2411.0,41.7,13.92,32.4,32.3,31.9,32.0,optimal,optimal,optimal,optimal,optimal,optimal,↓ decreasing,→ stable,→ stable,99.8,✅ EXCELLENT,False,NONE,3.6,0.0,NONE
1780321578.192,77.6,88.7,32.0,2423.0,43.4,13.92,32.2,31.7,32.2,32.4,optimal,optimal,optimal,optimal,optimal,optimal,↓ decreasing,→ stable,→ stable,99.8,✅ EXCELLENT,False,NONE,3.7,0.8,NONE
1780321579.194,78.6,90.4,32.2,2449.0,43.0,13.95,31.8,32.2,31.6,32.2,optimal,optimal,optimal,optimal,optimal,optimal,↓ decreasing,→ stable,→ stable,99.8,✅ EXCELLENT,False,NONE,3.8,0.0,NONE
1780321580.195,75.8,90.8,32.1,2460.0,42.9,13.93,32.0,31.8,32.0,32.2,optimal,optimal,optimal,optimal,optimal,optimal,↓ decreasing,→ stable,→ stable,99.8,✅ EXCELLENT,False,NONE,3.5,0.0,NONE
1780321581.196,77.6,91.1,32.3,2412.0,41.9,13.95,31.8,32.2,31.7,31.9,optimal,optimal,optimal,optimal,optimal,optimal,↓ decreasing,↑ increasing,→ stable,99.8,✅ EXCELLENT,False,NONE,3.7,0.0,NONE
1780321582.196,76.2,90.3,32.2,2475.0,43.1,13.99,32.0,31.6,31.9,31.8,optimal,optimal,optimal,optimal,optimal,optimal,→ stable,→ stable,→ stable,99.8,✅ EXCELLENT,False,NONE,3.7,0.0,NONE
1780321583.198,76.6,88.7,32.2,2421.0,43.4,13.98,31.8,32.2,32.1,31.6,optimal,optimal,optimal,optimal,optimal,optimal,→ stable,→ stable,→ stable,99.8,✅ EXCELLENT,False,NONE,3.7,0.8,NONE
1780321584.199,77.9,89.1,32.2,2444.0,42.1,13.98,32.0,32.3,31.9,31.8,optimal,optimal,optimal,optimal,optimal,optimal,→ stable,→ stable,→ stable,99.8,✅ EXCELLENT,False,NONE,3.6,0.4,NONE
1780321585.2,79.4,88.9,32.1,2422.0,42.0,13.99,31.9,32.1,32.3,31.8,optimal,optimal,optimal,optimal,optimal,optimal,↑ increasing,→ stable,→ stable,99.8,✅ EXCELLENT,False,NONE,3.6,0.6,NONE
1780321586.202,74.9,89.5,32.0,2480.0,42.7,13.98,32.4,32.3,32.0,32.3,optimal,optimal,optimal,optimal,optimal,optimal,↑ increasing,→ stable,→ stable,99.8,✅ EXCELLENT,False,NONE,3.2,0.1,NONE
1780321587.202,75.5,89.1,32.3,2413.0,42.1,13.9,32.0,31.8,32.0,32.3,optimal,optimal,optimal,optimal,optimal,optimal,↑ increasing,→ stable,→ stable,99.8,✅ EXCELLENT,False,NONE,3.5,0.4,NONE
1780321588.203,74.6,89.4,31.6,2414.0,43.4,13.97,32.3,32.3,32.1,32.1,optimal,optimal,optimal,optimal,optimal,optimal,↑ increasing,→ stable,→ stable,99.8,✅ EXCELLENT,False,NONE,3.6,0.2,NONE
1780321589.205,77.5,89.8,31.6,2455.0,42.5,13.9,32.3,32.1,32.0,31.8,optimal,optimal,optimal,optimal,optimal,optimal,→ stable,→ stable,→ stable,99.8,✅ EXCELLENT,False,NONE,3.8,0.0,NONE
1780321590.205,74.7,89.3,32.2,2418.0,42.6,13.97,32.3,31.9,32.1,32.2,optimal,optimal,optimal,optimal,optimal,optimal,→ stable,↓ decreasing,→ stable,99.8,✅ EXCELLENT,False,NONE,3.3,0.2,NONE
1780321591.206,79.4,90.7,31.9,2468.0,41.7,13.95,31.9,31.6,31.8,31.9,optimal,optimal,optimal,optimal,optimal,optimal,→ stable,↓ decreasing,→ stable,99.8,✅ EXCELLENT,False,NONE,3.9,0.0,NONE
1780321592.207,78.7,88.7,31.8,2438.0,43.0,13.95,32.2,31.6,31.9,32.2,optimal,optimal,optimal,optimal,optimal,optimal,→ stable,↓ decreasing,→ stable,99.8,✅ EXCELLENT,False,NONE,3.8,0.8,NONE
1780321593.208,78.8,91.4,32.1,2454.0,43.2,13.9,32.3,32.4,31.7,32.2,optimal,optimal,optimal,optimal,optimal,optimal,→ stable,→ stable,→ stable,99.8,✅ EXCELLENT,False,NONE,3.7,0.0,NONE
1780321594.208,75.5,88.5,32.3,2430.0,43.2,13.93,32.1,32.3,31.8,32.0,optimal,optimal,optimal,optimal,optimal,optimal,→ stable,→ stable,→ stable,99.8,✅ EXCELLENT,False,NONE,3.5,1.1,NONE
1780321595.21,78.8,91.1,32.4,2455.0,42.2,13.93,31.9,31.6,31.7,31.6,optimal,optimal,optimal,optimal,optimal,optimal,→ stable,→ stable,→ stable,99.8,✅ EXCELLENT,False,NONE,3.8,0.0,NONE
1780321596.211,77.5,90.5,32.3,2436.0,42.2,13.9,32.2,32.2,32.0,31.9,optimal,optimal,optimal,optimal,optimal,optimal,→ stable,→ stable,→ stable,99.8,✅ EXCELLENT,False,NONE,3.4,0.0,NONE
1780321597.212,80.0,89.9,31.7,2411.0,42.5,13.91,31.7,31.8,32.2,32.0,optimal,optimal,optimal,optimal,optimal,optimal,↑ increasing,→ stable,→ stable,99.8,✅ EXCELLENT,False,NONE,3.8,0.0,NONE
1780321598.212,76.5,89.2,31.6,2410.0,42.2,13.9,31.9,31.8,31.8,32.0,optimal,optimal,optimal,optimal,optimal,optimal,↑ increasing,→ stable,→ stable,99.8,✅ EXCELLENT,False,NONE,3.7,0.3,NONE
1780321599.213,76.7,90.1,31.7,2407.0,42.9,13.95,31.6,31.9,31.8,32.3,optimal,optimal,optimal,optimal,optimal,optimal,↑ increasing,→ stable,→ stable,99.8,✅ EXCELLENT,False,NONE,3.7,0.0,NONE
1780321600.214,79.3,88.8,32.0,2476.0,42.1,13.92,32.2,31.9,31.6,31.6,optimal,optimal,optimal,optimal,optimal,optimal,↑ increasing,→ stable,→ stable,99.8,✅ EXCELLENT,False,NONE,3.9,0.7,NONE
1780321601.215,76.7,89.6,32.3,2442.0,42.4,13.99,31.8,31.7,32.2,32.3,optimal,optimal,optimal,optimal,optimal,optimal,↑ increasing,→ stable,→ stable,99.8,✅ EXCELLENT,False,NONE,3.6,0.1,NONE
1780321602.218,75.7,90.2,31.7,2430.0,41.7,13.98,31.9,32.2,32.3,32.2,optimal,optimal,optimal,optimal,optimal,optimal,↑ increasing,↑ increasing,→ stable,99.8,✅ EXCELLENT,False,NONE,3.6,0.0,NONE
1780321603.219,80.3,91.1,32.3,2463.0,42.7,13.97,32.2,31.8,32.2,31.7,optimal,optimal,optimal,optimal,optimal,optimal,↑ increasing,→ stable,→ stable,99.8,✅ EXCELLENT,False,NONE,3.8,0.0,NONE
1780321604.221,75.0,91.1,31.7,2422.0,41.6,13.93,32.1,31.9,32.2,31.8,optimal,optimal,optimal,optimal,optimal,optimal,↑ increasing,↑ increasing,→ stable,99.8,✅ EXCELLENT,False,NONE,3.5,0.0,NONE
1780321605.222,80.2,90.8,32.0,2425.0,42.3,13.98,31.7,32.2,31.8,31.6,optimal,optimal,optimal,optimal,optimal,optimal,↑ increasing,→ stable,→ stable,99.8,✅ EXCELLENT,False,NONE,3.9,0.0,NONE
1780321606.222,79.1,89.2,31.8,2493.0,43.4,13.93,31.8,32.0,32.3,32.1,optimal,optimal,optimal,optimal,optimal,optimal,↑ increasing,→ stable,→ stable,99.8,✅ EXCELLENT,False,NONE,3.6,0.3,NONE
1780321607.224,75.0,89.7,31.7,2452.0,41.9,13.9,31.6,32.2,32.3,32.0,optimal,optimal,optimal,optimal,optimal,optimal,→ stable,→ stable,→ stable,99.8,✅ EXCELLENT,False,NONE,3.6,0.0,NONE
1780321608.224,78.0,90.9,32.1,2441.0,43.3,13.94,32.2,31.9,31.6,31.7,optimal,optimal,optimal,optimal,optimal,optimal,→ stable,→ stable,→ stable,99.8,✅ EXCELLENT,False,NONE,3.8,0.0,NONE
1780321609.225,78.8,89.8,32.2,2453.0,41.9,13.99,32.2,31.6,31.7,31.7,optimal,optimal,optimal,optimal,optimal,optimal,→ stable,→ stable,→ stable,99.8,✅ EXCELLENT,False,NONE,3.8,0.0,NONE
1780321610.225,77.6,91.4,31.6,2449.0,41.6,13.94,32.4,32.4,32.1,32.2,optimal,optimal,optimal,optimal,optimal,optimal,→ stable,→ stable,→ stable,99.8,✅ EXCELLENT,False,NONE,3.8,0.0,NONE
1780321611.226,75.5,88.5,31.8,2500.0,42.3,13.92,32.0,32.0,32.4,32.4,optimal,optimal,optimal,optimal,optimal,optimal,→ stable,→ stable,→ stable,99.8,✅ EXCELLENT,False,NONE,3.5,1.1,NONE
1780321612.226,79.6,91.2,31.7,2456.0,42.2,13.9,31.9,31.9,32.4,32.2,optimal,optimal,optimal,optimal,optimal,optimal,→ stable,→ stable,→ stable,99.8,✅ EXCELLENT,False,NONE,3.8,0.0,NONE
1780321613.227,76.1,90.0,31.9,2470.0,41.7,13.9,31.7,32.4,32.0,32.0,optimal,optimal,optimal,optimal,optimal,optimal,→ stable,→ stable,→ stable,99.8,✅ EXCELLENT,False,NONE,3.6,0.0,NONE
1780321614.228,76.0,88.6,32.3,2437.0,43.4,13.98,32.1,31.8,32.2,31.6,optimal,optimal,optimal,optimal,optimal,optimal,→ stable,→ stable,→ stable,99.8,✅ EXCELLENT,False,NONE,3.7,1.0,NONE
1780321615.229,75.6,88.7,32.2,2492.0,43.3,13.99,31.8,32.4,31.7,32.0,optimal,optimal,optimal,optimal,optimal,optimal,↓ decreasing,→ stable,→ stable,99.8,✅ EXCELLENT,False,NONE,3.6,0.8,NONE
1780321616.23,75.9,89.2,32.1,2486.0,42.4,13.91,31.7,32.0,32.3,32.4,optimal,optimal,optimal,optimal,optimal,optimal,↓ decreasing,→ stable,→ stable,99.8,✅ EXCELLENT,False,NONE,3.6,0.3,NONE
1780321617.231,75.1,89.8,32.1,2450.0,42.5,13.98,32.1,32.0,32.1,32.0,optimal,optimal,optimal,optimal,optimal,optimal,↓ decreasing,→ stable,→ stable,99.8,✅ EXCELLENT,False,NONE,3.2,0.0,NONE
1780321618.233,78.1,89.3,31.8,2405.0,42.1,13.96,31.7,32.2,31.9,31.6,optimal,optimal,optimal,optimal,optimal,optimal,↓ decreasing,→ stable,→ stable,99.8,✅ EXCELLENT,False,NONE,3.8,0.2,NONE
1780321619.234,79.0,90.7,32.4,2467.0,42.1,13.98,31.8,32.0,32.2,31.9,optimal,optimal,optimal,optimal,optimal,optimal,↓ decreasing,→ stable,→ stable,99.8,✅ EXCELLENT,False,NONE,3.6,0.0,NONE
1780321620.235,78.4,90.6,31.7,2408.0,42.7,13.93,31.9,31.9,32.2,32.2,optimal,optimal,optimal,optimal,optimal,optimal,↓ decreasing,↓ decreasing,→ stable,99.8,✅ EXCELLENT,False,NONE,3.7,0.0,NONE
1780321621.236,80.1,89.6,31.8,2481.0,42.1,13.95,32.1,31.9,32.1,31.7,optimal,optimal,optimal,optimal,optimal,optimal,→ stable,→ stable,→ stable,99.8,✅ EXCELLENT,False,NONE,3.8,0.1,NONE
1780321622.237,79.0,89.9,32.1,2443.0,41.6,13.98,31.9,32.4,32.2,32.4,optimal,optimal,optimal,optimal,optimal,optimal,↓ decreasing,↓ decreasing,→ stable,99.8,✅ EXCELLENT,False,NONE,3.5,0.0,NONE
1780321623.239,75.1,91.3,31.9,2434.0,43.5,13.94,31.7,32.1,31.8,31.8,optimal,optimal,optimal,optimal,optimal,optimal,→ stable,→ stable,→ stable,99.8,✅ EXCELLENT,False,NONE,3.5,0.0,NONE
1780321624.24,77.2,90.0,32.1,2429.0,42.7,13.9,32.2,31.7,31.9,32.4,optimal,optimal,optimal,optimal,optimal,optimal,→ stable,→ stable,→ stable,99.8,✅ EXCELLENT,False,NONE,3.6,0.0,NONE
1780321625.242,77.4,89.0,32.1,2471.0,42.9,13.97,32.1,32.4,31.9,32.1,optimal,optimal,optimal,optimal,optimal,optimal,→ stable,→ stable,→ stable,99.8,✅ EXCELLENT,False,NONE,3.4,0.5,NONE
1780321626.242,76.6,90.2,32.1,2476.0,42.8,13.96,31.8,32.0,31.9,31.8,optimal,optimal,optimal,optimal,optimal,optimal,↑ increasing,→ stable,→ stable,99.8,✅ EXCELLENT,False,NONE,3.5,0.0,NONE
1780321627.243,78.8,89.5,32.3,2466.0,43.3,13.95,31.7,32.0,32.1,32.4,optimal,optimal,optimal,optimal,optimal,optimal,↑ increasing,→ stable,→ stable,99.8,✅ EXCELLENT,False,NONE,3.7,0.1,NONE
1780321628.244,74.6,89.1,31.8,2412.0,42.9,13.99,32.3,32.3,32.2,32.4,optimal,optimal,optimal,optimal,optimal,optimal,↑ increasing,→ stable,→ stable,99.8,✅ EXCELLENT,False,NONE,3.4,0.4,NONE
1780321629.244,74.7,90.3,32.4,2429.0,42.7,13.91,31.6,31.6,32.4,31.9,optimal,optimal,optimal,optimal,optimal,optimal,→ stable,→ stable,→ stable,99.8,✅ EXCELLENT,False,NONE,3.6,0.0,NONE
1780321630.244,74.5,88.8,32.4,2471.0,41.7,13.96,31.9,31.9,32.0,32.3,optimal,optimal,optimal,optimal,optimal,optimal,→ stable,→ stable,→ stable,99.8,✅ EXCELLENT,False,NONE,3.3,0.7,NONE
1780321631.245,74.5,91.5,32.1,2447.0,42.2,13.94,31.8,31.9,32.3,32.1,optimal,optimal,optimal,optimal,optimal,optimal,↓ decreasing,→ stable,→ stable,99.8,✅ EXCELLENT,False,NONE,3.4,0.0,NONE
1780321632.247,77.7,88.7,31.8,2414.0,41.7,13.91,31.8,32.1,32.1,32.3,optimal,optimal,optimal,optimal,optimal,optimal,↓ decreasing,→ stable,→ stable,99.8,✅ EXCELLENT,False,NONE,3.6,0.8,NONE
1780321633.247,78.6,91.4,31.7,2488.0,42.3,13.93,31.9,31.8,32.4,31.9,optimal,optimal,optimal,optimal,optimal,optimal,↓ decreasing,→ stable,→ stable,99.8,✅ EXCELLENT,False,NONE,3.7,0.0,NONE
1780321634.247,79.3,88.6,32.3,2433.0,41.8,13.93,31.7,31.9,32.3,32.2,optimal,optimal,optimal,optimal,optimal,optimal,↓ decreasing,→ stable,→ stable,99.8,✅ EXCELLENT,False,NONE,3.7,1.0,NONE
1780321635.249,80.1,90.2,32.3,2420.0,43.3,13.97,32.2,31.8,31.9,32.1,optimal,optimal,optimal,optimal,optimal,optimal,↓ decreasing,→ stable,→ stable,99.8,✅ EXCELLENT,False,NONE,3.7,0.0,NONE
1780321636.25,79.3,90.0,31.7,2426.0,43.5,13.97,32.2,31.8,32.2,31.6,optimal,optimal,optimal,optimal,optimal,optimal,→ stable,→ stable,→ stable,99.8,✅ EXCELLENT,False,NONE,3.9,0.0,NONE
1780321637.251,77.9,90.6,31.9,2444.0,42.6,13.92,32.2,32.3,31.6,31.7,optimal,optimal,optimal,optimal,optimal,optimal,↓ decreasing,→ stable,→ stable,99.8,✅ EXCELLENT,False,NONE,3.8,0.0,NONE
1780321638.252,75.1,89.9,32.0,2495.0,42.1,13.98,31.7,31.7,32.1,31.8,optimal,optimal,optimal,optimal,optimal,optimal,→ stable,→ stable,→ stable,99.8,✅ EXCELLENT,False,NONE,3.5,0.0,NONE
1780321639.254,76.8,89.9,31.9,2449.0,41.8,13.99,31.6,31.6,31.6,32.0,optimal,optimal,optimal,optimal,optimal,optimal,→ stable,→ stable,→ stable,99.8,✅ EXCELLENT,False,NONE,3.7,0.0,NONE
1780321640.256,79.2,89.3,31.7,2468.0,43.5,13.99,31.9,31.8,31.9,32.0,optimal,optimal,optimal,optimal,optimal,optimal,↑ increasing,→ stable,→ stable,99.8,✅ EXCELLENT,False,NONE,3.7,0.2,NONE
1780321641.256,77.4,91.1,32.3,2468.0,42.7,13.96,31.7,32.0,31.9,32.2,optimal,optimal,optimal,optimal,optimal,optimal,↑ increasing,→ stable,→ stable,99.8,✅ EXCELLENT,False,NONE,3.6,0.0,NONE
1780321642.256,80.3,88.6,32.3,2409.0,43.3,13.99,32.0,32.2,31.7,32.2,optimal,optimal,optimal,optimal,optimal,optimal,↑ increasing,→ stable,→ stable,99.8,✅ EXCELLENT,False,NONE,3.8,1.0,NONE
1780321643.257,76.5,90.4,31.9,2436.0,42.7,13.94,31.9,31.7,31.6,31.9,optimal,optimal,optimal,optimal,optimal,optimal,↑ increasing,→ stable,→ stable,99.8,✅ EXCELLENT,False,NONE,3.7,0.0,NONE
1780321644.258,77.9,89.8,32.2,2481.0,42.0,13.95,31.8,32.2,32.0,32.1,optimal,optimal,optimal,optimal,optimal,optimal,↑ increasing,→ stable,→ stable,99.8,✅ EXCELLENT,False,NONE,3.6,0.0,NONE
1780321645.258,76.8,90.3,32.0,2406.0,42.6,13.9,32.2,32.1,31.6,31.9,optimal,optimal,optimal,optimal,optimal,optimal,↑ increasing,→ stable,→ stable,99.8,✅ EXCELLENT,False,NONE,3.7,0.0,NONE
1780321646.26,77.7,89.5,32.4,2504.0,41.7,13.9,31.7,32.1,32.3,31.6,optimal,optimal,optimal,optimal,optimal,optimal,→ stable,→ stable,→ stable,99.8,✅ EXCELLENT,False,NONE,3.8,0.1,NONE
1780321647.261,78.2,88.9,31.7,2498.0,42.5,13.92,31.6,32.1,32.0,32.0,optimal,optimal,optimal,optimal,optimal,optimal,→ stable,→ stable,→ stable,99.8,✅ EXCELLENT,False,NONE,3.8,0.6,NONE
1780321648.262,76.5,90.2,32.2,2461.0,42.1,13.96,32.2,32.3,31.7,32.3,optimal,optimal,optimal,optimal,optimal,optimal,↑ increasing,→ stable,→ stable,99.8,✅ EXCELLENT,False,NONE,3.6,0.0,NONE
1780321649.263,77.8,90.1,31.9,2490.0,42.1,13.95,31.9,31.7,32.3,31.7,optimal,optimal,optimal,optimal,optimal,optimal,→ stable,→ stable,→ stable,99.8,✅ EXCELLENT,False,NONE,3.7,0.0,NONE
1780321650.263,75.3,89.7,31.9,2500.0,42.9,13.98,31.9,32.1,32.3,31.7,optimal,optimal,optimal,optimal,optimal,optimal,→ stable,→ stable,→ stable,99.8,✅ EXCELLENT,False,NONE,3.5,0.0,NONE
1780321651.263,74.7,90.3,32.3,2486.0,43.4,13.99,32.4,32.4,32.1,32.2,optimal,optimal,optimal,optimal,optimal,optimal,↓ decreasing,→ stable,→ stable,99.8,✅ EXCELLENT,False,NONE,3.1,0.0,NONE
1780321652.264,79.5,91.2,32.2,2413.0,43.0,13.99,31.6,32.0,32.4,31.8,optimal,optimal,optimal,optimal,optimal,optimal,↓ decreasing,→ stable,→ stable,99.8,✅ EXCELLENT,False,NONE,3.9,0.0,NONE
1780321653.265,75.5,88.5,32.0,2412.0,43.3,13.92,32.0,32.0,32.2,31.9,optimal,optimal,optimal,optimal,optimal,optimal,↓ decreasing,→ stable,→ stable,99.8,✅ EXCELLENT,False,NONE,3.3,1.1,NONE
1780321654.266,74.6,89.4,31.7,2496.0,42.8,13.98,32.3,31.9,31.9,32.0,optimal,optimal,optimal,optimal,optimal,optimal,↓ decreasing,→ stable,→ stable,99.8,✅ EXCELLENT,False,NONE,3.5,0.2,NONE
1780321655.266,76.1,91.3,31.8,2491.0,42.8,13.91,32.2,31.9,32.3,32.2,optimal,optimal,optimal,optimal,optimal,optimal,↓ decreasing,→ stable,→ stable,99.8,✅ EXCELLENT,False,NONE,3.5,0.0,NONE
1780321656.266,80.2,89.6,32.4,2483.0,42.5,13.97,32.0,31.9,31.9,32.2,optimal,optimal,optimal,optimal,optimal,optimal,↓ decreasing,→ stable,→ stable,99.8,✅ EXCELLENT,False,NONE,3.6,0.1,NONE
1780321657.266,77.9,89.3,31.9,2472.0,42.5,13.92,32.3,31.8,32.1,32.2,optimal,optimal,optimal,optimal,optimal,optimal,↓ decreasing,→ stable,→ stable,99.8,✅ EXCELLENT,False,NONE,3.6,0.2,NONE
1780321658.267,77.6,91.2,31.9,2435.0,42.5,13.99,32.2,32.3,31.9,31.7,optimal,optimal,optimal,optimal,optimal,optimal,↓ decreasing,→ stable,→ stable,99.8,✅ EXCELLENT,False,NONE,3.7,0.0,NONE
1780321659.268,77.8,90.3,31.9,2504.0,41.7,13.9,31.7,31.9,31.8,32.2,optimal,optimal,optimal,optimal,optimal,optimal,↓ decreasing,→ stable,→ stable,99.8,✅ EXCELLENT,False,NONE,3.7,0.0,NONE
1780321660.268,74.6,90.3,32.0,2443.0,41.7,13.93,32.4,32.1,31.9,32.2,optimal,optimal,optimal,optimal,optimal,optimal,↓ decreasing,→ stable,→ stable,99.8,✅ EXCELLENT,False,NONE,3.3,0.0,NONE
1780321661.269,77.1,91.4,32.2,2410.0,42.4,13.94,31.9,31.7,31.8,31.9,optimal,optimal,optimal,optimal,optimal,optimal,→ stable,→ stable,→ stable,99.8,✅ EXCELLENT,False,NONE,3.6,0.0,NONE
1780321662.27,76.7,89.3,31.9,2478.0,43.3,13.9,31.7,32.1,32.2,32.3,optimal,optimal,optimal,optimal,optimal,optimal,→ stable,→ stable,→ stable,99.8,✅ EXCELLENT,False,NONE,3.6,0.2,NONE
1780321663.272,76.3,91.5,32.1,2441.0,43.0,13.92,32.2,31.6,32.4,31.8,optimal,optimal,optimal,optimal,optimal,optimal,→ stable,↑ increasing,→ stable,99.8,✅ EXCELLENT,False,NONE,3.7,0.0,NONE
1780321664.273,76.1,90.2,32.3,2478.0,43.1,13.9,31.6,32.4,31.9,32.1,optimal,optimal,optimal,optimal,optimal,optimal,→ stable,↑ increasing,→ stable,99.8,✅ EXCELLENT,False,NONE,3.7,0.0,NONE
1780321665.275,76.0,91.5,32.2,2443.0,42.6,13.9,31.7,32.4,31.7,31.8,optimal,optimal,optimal,optimal,optimal,optimal,→ stable,↑ increasing,→ stable,99.8,✅ EXCELLENT,False,NONE,3.6,0.0,NONE
1780321666.277,76.8,89.5,31.6,2491.0,42.6,13.95,31.9,32.1,32.0,31.8,optimal,optimal,optimal,optimal,optimal,optimal,→ stable,↑ increasing,→ stable,99.8,✅ EXCELLENT,False,NONE,3.7,0.1,NONE
1780321667.278,75.8,91.0,32.4,2469.0,43.5,13.96,32.1,31.8,31.9,31.8,optimal,optimal,optimal,optimal,optimal,optimal,→ stable,↑ increasing,→ stable,99.8,✅ EXCELLENT,False,NONE,3.5,0.0,NONE
1780321668.279,78.1,90.8,32.1,2482.0,43.2,13.93,32.3,32.1,31.8,32.3,optimal,optimal,optimal,optimal,optimal,optimal,→ stable,↑ increasing,→ stable,99.8,✅ EXCELLENT,False,NONE,3.6,0.0,NONE
1780321669.28,79.2,90.5,31.7,2408.0,41.9,13.96,31.8,31.7,32.1,31.9,optimal,optimal,optimal,optimal,optimal,optimal,→ stable,↑ increasing,→ stable,99.8,✅ EXCELLENT,False,NONE,3.7,0.0,NONE
1780321670.281,78.9,89.3,32.4,2411.0,43.4,13.92,32.3,31.9,32.1,32.2,optimal,optimal,optimal,optimal,optimal,optimal,→ stable,→ stable,→ stable,99.8,✅ EXCELLENT,False,NONE,3.5,0.2,NONE
1780321671.282,78.2,90.1,32.4,2423.0,43.5,13.94,32.0,32.0,32.2,32.1,optimal,optimal,optimal,optimal,optimal,optimal,→ stable,→ stable,→ stable,99.8,✅ EXCELLENT,False,NONE,3.4,0.0,NONE
1780321672.282,79.5,90.1,31.7,2467.0,41.6,13.9,31.7,32.0,31.8,32.0,optimal,optimal,optimal,optimal,optimal,optimal,↑ increasing,→ stable,→ stable,99.8,✅ EXCELLENT,False,NONE,3.7,0.0,NONE
1780321673.284,78.8,89.7,31.7,2441.0,41.7,13.99,31.7,31.7,31.7,31.9,optimal,optimal,optimal,optimal,optimal,optimal,↑ increasing,→ stable,→ stable,99.8,✅ EXCELLENT,False,NONE,3.7,0.0,NONE
1780321674.284,80.1,89.2,32.3,2478.0,43.3,13.9,32.3,32.1,31.6,31.8,optimal,optimal,optimal,optimal,optimal,optimal,↑ increasing,→ stable,→ stable,99.8,✅ EXCELLENT,False,NONE,3.9,0.3,NONE
1780321675.286,75.9,91.0,32.3,2458.0,43.5,13.97,31.6,31.9,31.9,32.1,optimal,optimal,optimal,optimal,optimal,optimal,↑ increasing,→ stable,→ stable,99.8,✅ EXCELLENT,False,NONE,3.7,0.0,NONE
1780321676.286,78.8,88.8,31.9,2452.0,42.9,13.95,32.3,32.1,32.3,31.6,optimal,optimal,optimal,optimal,optimal,optimal,↑ increasing,→ stable,→ stable,99.8,✅ EXCELLENT,False,NONE,3.8,0.7,NONE
1780321677.287,79.2,89.7,31.9,2406.0,42.9,13.93,31.6,32.3,32.0,31.9,optimal,optimal,optimal,optimal,optimal,optimal,↑ increasing,↓ decreasing,→ stable,99.8,✅ EXCELLENT,False,NONE,3.8,0.0,NONE
1780321678.288,74.5,89.4,32.4,2410.0,43.1,13.96,31.6,32.1,32.3,31.9,optimal,optimal,optimal,optimal,optimal,optimal,↑ increasing,↓ decreasing,→ stable,99.8,✅ EXCELLENT,False,NONE,3.6,0.2,NONE
1780321679.289,77.6,91.3,32.3,2445.0,43.3,13.91,32.4,31.8,32.2,31.8,optimal,optimal,optimal,optimal,optimal,optimal,↑ increasing,↓ decreasing,→ stable,99.8,✅ EXCELLENT,False,NONE,3.5,0.0,NONE
1780321680.29,79.0,88.9,32.2,2501.0,43.2,13.94,32.1,31.8,32.1,31.7,optimal,optimal,optimal,optimal,optimal,optimal,↑ increasing,↓ decreasing,→ stable,99.8,✅ EXCELLENT,False,NONE,3.7,0.6,NONE
1780321681.291,76.1,89.8,31.7,2430.0,41.6,13.9,32.4,32.1,32.3,32.2,optimal,optimal,optimal,optimal,optimal,optimal,↑ increasing,↓ decreasing,→ stable,99.8,✅ EXCELLENT,False,NONE,3.6,0.0,NONE
1780321682.292,77.0,88.6,32.3,2419.0,41.8,13.97,31.9,32.3,31.8,31.7,optimal,optimal,optimal,optimal,optimal,optimal,→ stable,↓ decreasing,→ stable,99.8,✅ EXCELLENT,False,NONE,3.6,1.0,NONE
1780321683.294,78.8,89.0,32.3,2446.0,42.0,13.97,32.3,32.0,32.4,32.1,optimal,optimal,optimal,optimal,optimal,optimal,→ stable,↓ decreasing,→ stable,99.8,✅ EXCELLENT,False,NONE,3.4,0.5,NONE
1780321684.295,80.0,91.1,31.6,2474.0,42.0,13.93,32.2,31.9,31.8,31.9,optimal,optimal,optimal,optimal,optimal,optimal,→ stable,→ stable,→ stable,99.8,✅ EXCELLENT,False,NONE,3.9,0.0,NONE
1780321685.295,79.8,90.8,32.3,2413.0,42.8,13.93,32.0,31.8,31.8,32.1,optimal,optimal,optimal,optimal,optimal,optimal,→ stable,→ stable,→ stable,99.8,✅ EXCELLENT,False,NONE,3.6,0.0,NONE
1780321686.296,78.2,91.0,31.7,2423.0,42.9,13.99,32.3,31.6,32.0,31.7,optimal,optimal,optimal,optimal,optimal,optimal,→ stable,→ stable,→ stable,99.8,✅ EXCELLENT,False,NONE,3.8,0.0,NONE
1780321687.297,75.0,90.7,31.9,2421.0,42.9,13.96,32.0,32.1,31.6,32.3,optimal,optimal,optimal,optimal,optimal,optimal,↓ decreasing,→ stable,→ stable,99.8,✅ EXCELLENT,False,NONE,3.6,0.0,NONE
1780321688.298,80.4,89.6,32.0,2473.0,43.2,13.95,32.1,31.7,31.8,32.1,optimal,optimal,optimal,optimal,optimal,optimal,→ stable,→ stable,→ stable,99.8,✅ EXCELLENT,False,NONE,3.8,0.1,NONE
1780321689.299,76.6,89.0,32.0,2410.0,43.1,13.99,31.6,31.9,31.8,32.3,optimal,optimal,optimal,optimal,optimal,optimal,→ stable,→ stable,→ stable,99.8,✅ EXCELLENT,False,NONE,3.7,0.5,NONE
1780321690.299,78.8,89.2,32.3,2477.0,42.5,13.98,31.7,32.0,31.9,31.7,optimal,optimal,optimal,optimal,optimal,optimal,→ stable,→ stable,→ stable,99.8,✅ EXCELLENT,False,NONE,3.7,0.3,NONE
1780321691.3,78.6,90.0,31.9,2488.0,42.8,13.94,32.0,32.0,32.1,32.3,optimal,optimal,optimal,optimal,optimal,optimal,→ stable,→ stable,→ stable,99.8,✅ EXCELLENT,False,NONE,3.5,0.0,NONE
1780321692.3,76.5,89.3,31.7,2463.0,42.5,13.9,32.2,32.0,31.9,31.6,optimal,optimal,optimal,optimal,optimal,optimal,↑ increasing,→ stable,→ stable,99.8,✅ EXCELLENT,False,NONE,3.7,0.2,NONE
1780321693.302,78.1,91.1,32.0,2463.0,42.6,13.94,32.0,32.4,31.7,31.9,optimal,optimal,optimal,optimal,optimal,optimal,→ stable,↑ increasing,→ stable,99.8,✅ EXCELLENT,False,NONE,3.7,0.0,NONE
1780321694.303,75.8,89.5,31.9,2437.0,42.6,13.9,32.0,31.8,32.1,31.7,optimal,optimal,optimal,optimal,optimal,optimal,→ stable,→ stable,→ stable,99.8,✅ EXCELLENT,False,NONE,3.6,0.1,NONE
1780321695.304,75.9,90.0,31.9,2496.0,43.2,13.96,31.6,32.1,31.6,32.0,optimal,optimal,optimal,optimal,optimal,optimal,↓ decreasing,→ stable,→ stable,99.8,✅ EXCELLENT,False,NONE,3.7,0.0,NONE
1780321696.305,78.2,90.5,31.7,2447.0,43.1,13.96,32.4,32.4,32.0,32.0,optimal,optimal,optimal,optimal,optimal,optimal,↓ decreasing,→ stable,→ stable,99.8,✅ EXCELLENT,False,NONE,3.7,0.0,NONE
1780321697.307,76.8,89.7,31.7,2415.0,41.9,13.96,32.3,31.8,31.7,32.2,optimal,optimal,optimal,optimal,optimal,optimal,→ stable,→ stable,→ stable,99.8,✅ EXCELLENT,False,NONE,3.6,0.0,NONE
1780321698.308,76.3,91.1,32.1,2455.0,41.9,13.99,32.1,31.7,31.8,31.7,optimal,optimal,optimal,optimal,optimal,optimal,↓ decreasing,→ stable,→ stable,99.8,✅ EXCELLENT,False,NONE,3.6,0.0,NONE
1780321699.31,78.5,90.5,31.7,2432.0,42.6,13.98,31.7,32.2,31.6,31.6,optimal,optimal,optimal,optimal,optimal,optimal,↓ decreasing,→ stable,→ stable,99.8,✅ EXCELLENT,False,NONE,3.8,0.0,NONE
1780321700.311,77.2,90.0,32.3,2498.0,41.8,13.93,32.1,32.3,32.3,31.8,optimal,optimal,optimal,optimal,optimal,optimal,↓ decreasing,→ stable,→ stable,99.8,✅ EXCELLENT,False,NONE,3.5,0.0,NONE
1780321701.312,77.7,89.3,31.7,2425.0,42.2,13.95,31.6,32.1,31.8,31.6,optimal,optimal,optimal,optimal,optimal,optimal,↓ decreasing,→ stable,→ stable,99.8,✅ EXCELLENT,False,NONE,3.8,0.2,NONE
1780321702.314,78.8,90.7,31.8,2477.0,41.6,13.98,32.0,32.1,32.2,32.0,optimal,optimal,optimal,optimal,optimal,optimal,↓ decreasing,→ stable,→ stable,99.8,✅ EXCELLENT,False,NONE,3.6,0.0,NONE
1780321703.315,75.0,91.3,32.1,2497.0,43.5,13.93,31.6,32.2,32.2,31.9,optimal,optimal,optimal,optimal,optimal,optimal,↓ decreasing,→ stable,→ stable,99.8,✅ EXCELLENT,False,NONE,3.6,0.0,NONE
1780321704.315,75.9,89.1,32.0,2462.0,41.6,13.97,31.9,32.3,32.2,31.8,optimal,optimal,optimal,optimal,optimal,optimal,↓ decreasing,→ stable,→ stable,99.8,✅ EXCELLENT,False,NONE,3.5,0.4,NONE
1780321705.315,76.3,89.7,32.3,2461.0,41.9,13.98,31.8,31.6,32.3,32.0,optimal,optimal,optimal,optimal,optimal,optimal,→ stable,→ stable,→ stable,99.8,✅ EXCELLENT,False,NONE,3.7,0.0,NONE
1780321706.316,77.2,90.2,31.8,2459.0,41.6,13.93,31.9,31.8,31.7,32.0,optimal,optimal,optimal,optimal,optimal,optimal,→ stable,→ stable,→ stable,99.8,✅ EXCELLENT,False,NONE,3.6,0.0,NONE
1780321707.317,79.2,90.1,31.7,2414.0,42.1,13.97,31.7,31.7,31.8,32.0,optimal,optimal,optimal,optimal,optimal,optimal,→ stable,→ stable,→ stable,99.8,✅ EXCELLENT,False,NONE,3.7,0.0,NONE
1780321708.317,75.0,89.5,31.6,2446.0,42.3,13.96,32.4,32.3,32.4,31.9,optimal,optimal,optimal,optimal,optimal,optimal,→ stable,→ stable,→ stable,99.8,✅ EXCELLENT,False,NONE,3.6,0.1,NONE
1780321709.317,79.7,89.8,32.0,2425.0,42.9,13.94,31.9,32.2,32.2,32.3,optimal,optimal,optimal,optimal,optimal,optimal,→ stable,→ stable,→ stable,99.8,✅ EXCELLENT,False,NONE,3.5,0.0,NONE
1780321710.318,79.7,88.6,32.2,2413.0,43.2,13.98,32.4,31.8,31.8,32.2,optimal,optimal,optimal,optimal,optimal,optimal,→ stable,→ stable,→ stable,99.8,✅ EXCELLENT,False,NONE,3.6,1.0,NONE
1780321711.318,76.7,89.4,31.8,2445.0,41.8,13.93,31.6,31.9,32.2,31.8,optimal,optimal,optimal,optimal,optimal,optimal,→ stable,→ stable,→ stable,99.8,✅ EXCELLENT,False,NONE,3.7,0.2,NONE
1780321712.319,76.7,90.0,32.0,2471.0,43.4,13.91,31.9,32.3,32.3,31.9,optimal,optimal,optimal,optimal,optimal,optimal,→ stable,→ stable,→ stable,99.8,✅ EXCELLENT,False,NONE,3.4,0.0,NONE
1780321713.32,75.3,90.3,32.4,2425.0,42.9,13.93,31.7,31.9,32.1,32.1,optimal,optimal,optimal,optimal,optimal,optimal,→ stable,↓ decreasing,→ stable,99.8,✅ EXCELLENT,False,NONE,3.5,0.0,NONE
1780321714.321,78.0,91.0,32.1,2496.0,42.6,13.91,31.9,31.7,31.7,31.9,optimal,optimal,optimal,optimal,optimal,optimal,→ stable,→ stable,→ stable,99.8,✅ EXCELLENT,False,NONE,3.7,0.0,NONE
1780321715.322,76.3,91.4,32.2,2442.0,41.6,13.91,32.3,31.9,32.1,31.6,optimal,optimal,optimal,optimal,optimal,optimal,→ stable,→ stable,→ stable,99.8,✅ EXCELLENT,False,NONE,3.7,0.0,NONE
1780321716.323,80.2,89.1,32.1,2490.0,43.1,13.92,32.3,32.3,32.2,32.1,optimal,optimal,optimal,optimal,optimal,optimal,↑ increasing,→ stable,→ stable,99.8,✅ EXCELLENT,False,NONE,3.3,0.4,NONE
1780321717.324,76.3,90.5,31.6,2456.0,43.4,13.96,31.6,32.3,31.7,32.2,optimal,optimal,optimal,optimal,optimal,optimal,→ stable,→ stable,→ stable,99.8,✅ EXCELLENT,False,NONE,3.7,0.0,NONE
1780321718.324,76.2,90.1,32.0,2426.0,43.4,13.95,32.2,31.9,31.6,31.9,optimal,optimal,optimal,optimal,optimal,optimal,→ stable,→ stable,→ stable,99.8,✅ EXCELLENT,False,NONE,3.7,0.0,NONE
1780321719.325,79.3,90.1,31.8,2438.0,42.9,13.93,31.9,32.3,32.2,32.4,optimal,optimal,optimal,optimal,optimal,optimal,→ stable,→ stable,→ stable,99.8,✅ EXCELLENT,False,NONE,3.6,0.0,NONE
1780321720.326,75.7,90.5,31.9,2492.0,43.2,13.9,31.9,32.4,31.7,32.1,optimal,optimal,optimal,optimal,optimal,optimal,→ stable,→ stable,→ stable,99.8,✅ EXCELLENT,False,NONE,3.6,0.0,NONE
1780321721.327,76.9,91.4,32.1,2501.0,42.4,13.91,32.3,32.2,31.9,31.6,optimal,optimal,optimal,optimal,optimal,optimal,→ stable,↑ increasing,→ stable,99.8,✅ EXCELLENT,False,NONE,3.7,0.0,NONE
1780321722.328,80.1,90.5,32.1,2453.0,42.5,13.9,32.0,31.7,31.6,32.0,optimal,optimal,optimal,optimal,optimal,optimal,→ stable,↑ increasing,→ stable,99.8,✅ EXCELLENT,False,NONE,3.9,0.0,NONE
1780321723.328,77.6,90.5,31.9,2504.0,41.6,13.94,32.1,31.8,32.4,32.1,optimal,optimal,optimal,optimal,optimal,optimal,→ stable,↑ increasing,→ stable,99.8,✅ EXCELLENT,False,NONE,3.5,0.0,NONE
1780321724.329,75.0,90.2,32.1,2497.0,42.7,13.94,32.0,31.7,32.3,32.3,optimal,optimal,optimal,optimal,optimal,optimal,→ stable,↑ increasing,→ stable,99.8,✅ EXCELLENT,False,NONE,3.5,0.0,NONE
1780321725.33,77.9,90.6,32.1,2500.0,42.4,13.94,32.0,32.3,32.1,32.0,optimal,optimal,optimal,optimal,optimal,optimal,→ stable,→ stable,→ stable,99.8,✅ EXCELLENT,False,NONE,3.3,0.0,NONE
1780321726.332,80.4,91.0,32.0,2497.0,41.9,13.99,31.6,32.0,32.3,32.3,optimal,optimal,optimal,optimal,optimal,optimal,→ stable,↑ increasing,→ stable,99.8,✅ EXCELLENT,False,NONE,3.9,0.0,NONE
1780321727.333,79.2,90.3,31.7,2439.0,43.4,13.98,31.8,32.0,32.3,32.2,optimal,optimal,optimal,optimal,optimal,optimal,→ stable,↑ increasing,→ stable,99.8,✅ EXCELLENT,False,NONE,3.7,0.0,NONE
1780321728.334,77.9,90.9,31.9,2456.0,42.8,13.94,31.7,32.1,31.9,32.1,optimal,optimal,optimal,optimal,optimal,optimal,→ stable,↑ increasing,→ stable,99.8,✅ EXCELLENT,False,NONE,3.7,0.0,NONE
1780321729.335,78.1,88.6,32.4,2449.0,43.4,13.99,31.7,32.0,31.6,31.7,optimal,optimal,optimal,optimal,optimal,optimal,→ stable,→ stable,→ stable,99.8,✅ EXCELLENT,False,NONE,3.8,1.0,NONE
1780321730.335,77.2,90.2,31.9,2505.0,42.8,13.96,31.6,32.1,31.7,31.6,optimal,optimal,optimal,optimal,optimal,optimal,↑ increasing,→ stable,→ stable,99.8,✅ EXCELLENT,False,NONE,3.7,0.0,NONE
1780321731.336,76.3,91.0,32.2,2417.0,42.5,13.9,32.0,31.9,32.3,32.3,optimal,optimal,optimal,optimal,optimal,optimal,↑ increasing,→ stable,→ stable,99.8,✅ EXCELLENT,False,NONE,3.4,0.0,NONE
1780321732.337,78.0,91.0,31.9,2490.0,43.1,13.98,31.9,31.7,31.9,32.0,optimal,optimal,optimal,optimal,optimal,optimal,→ stable,→ stable,→ stable,99.8,✅ EXCELLENT,False,NONE,3.7,0.0,NONE
1780321733.338,79.6,90.3,31.9,2490.0,43.2,13.96,32.1,31.6,32.2,32.3,optimal,optimal,optimal,optimal,optimal,optimal,→ stable,→ stable,→ stable,99.8,✅ EXCELLENT,False,NONE,3.9,0.0,NONE
1780321734.34,77.1,90.2,32.2,2488.0,43.1,13.9,32.0,32.2,32.1,32.2,optimal,optimal,optimal,optimal,optimal,optimal,↑ increasing,→ stable,→ stable,99.8,✅ EXCELLENT,False,NONE,3.3,0.0,NONE
1780321735.34,76.9,90.5,31.9,2432.0,42.6,13.94,31.8,31.7,32.2,32.0,optimal,optimal,optimal,optimal,optimal,optimal,↑ increasing,→ stable,→ stable,99.8,✅ EXCELLENT,False,NONE,3.6,0.0,NONE
1780321736.341,75.3,89.9,32.2,2493.0,41.7,13.9,32.2,31.9,32.1,32.3,optimal,optimal,optimal,optimal,optimal,optimal,→ stable,→ stable,→ stable,99.8,✅ EXCELLENT,False,NONE,3.3,0.0,NONE
1780321737.342,79.4,90.2,32.0,2496.0,43.0,13.98,31.9,31.8,32.1,32.1,optimal,optimal,optimal,optimal,optimal,optimal,→ stable,→ stable,→ stable,99.8,✅ EXCELLENT,False,NONE,3.6,0.0,NONE
1780321738.344,78.5,88.7,32.0,2496.0,42.9,13.96,31.7,32.0,32.0,32.1,optimal,optimal,optimal,optimal,optimal,optimal,→ stable,↓ decreasing,→ stable,99.8,✅ EXCELLENT,False,NONE,3.7,0.8,NONE
1780321739.344,79.4,89.7,32.2,2478.0,42.8,13.9,32.3,31.9,31.7,32.3,optimal,optimal,optimal,optimal,optimal,optimal,→ stable,→ stable,→ stable,99.8,✅ EXCELLENT,False,NONE,3.7,0.0,NONE
1780321740.346,77.2,89.5,31.9,2485.0,42.8,13.91,31.8,31.7,31.7,32.0,optimal,optimal,optimal,optimal,optimal,optimal,→ stable,→ stable,→ stable,99.8,✅ EXCELLENT,False,NONE,3.6,0.1,NONE
1780321741.348,76.3,90.4,31.9,2469.0,41.9,13.94,32.3,32.2,32.0,31.9,optimal,optimal,optimal,optimal,optimal,optimal,→ stable,→ stable,→ stable,99.8,✅ EXCELLENT,False,NONE,3.4,0.0,NONE
1780321742.348,78.0,90.3,32.2,2440.0,42.1,13.99,31.9,32.4,32.3,32.2,optimal,optimal,optimal,optimal,optimal,optimal,→ stable,→ stable,→ stable,99.8,✅ EXCELLENT,False,NONE,3.5,0.0,NONE
1780321743.35,75.5,91.3,32.0,2431.0,42.1,13.91,31.9,32.0,31.6,32.4,optimal,optimal,optimal,optimal,optimal,optimal,↓ decreasing,→ stable,→ stable,99.8,✅ EXCELLENT,False,NONE,3.7,0.0,NONE
1780321744.35,75.5,90.8,32.0,2482.0,43.5,13.98,31.7,32.3,32.1,31.8,optimal,optimal,optimal,optimal,optimal,optimal,↓ decreasing,→ stable,→ stable,99.8,✅ EXCELLENT,False,NONE,3.6,0.0,NONE
1780321745.352,76.2,89.9,31.7,2498.0,42.1,13.92,31.8,32.1,32.3,32.2,optimal,optimal,optimal,optimal,optimal,optimal,↓ decreasing,→ stable,→ stable,99.8,✅ EXCELLENT,False,NONE,3.6,0.0,NONE
1780321746.353,76.6,89.7,32.0,2436.0,43.3,13.97,32.0,32.2,31.7,31.7,optimal,optimal,optimal,optimal,optimal,optimal,→ stable,→ stable,→ stable,99.8,✅ EXCELLENT,False,NONE,3.6,0.0,NONE
1780321747.353,75.2,89.8,32.0,2498.0,43.2,13.97,31.6,32.1,31.9,32.2,optimal,optimal,optimal,optimal,optimal,optimal,↓ decreasing,→ stable,→ stable,99.8,✅ EXCELLENT,False,NONE,3.7,0.0,NONE
1780321748.354,77.9,89.6,31.9,2430.0,42.9,13.98,32.1,32.1,32.3,32.0,optimal,optimal,optimal,optimal,optimal,optimal,↓ decreasing,→ stable,→ stable,99.8,✅ EXCELLENT,False,NONE,3.4,0.1,NONE
1780321749.355,79.0,91.3,31.7,2456.0,43.3,13.97,31.9,31.9,32.3,32.4,optimal,optimal,optimal,optimal,optimal,optimal,↓ decreasing,→ stable,→ stable,99.8,✅ EXCELLENT,False,NONE,3.7,0.0,NONE
1780321750.355,77.6,90.4,32.3,2472.0,42.7,13.98,31.7,31.7,32.1,31.8,optimal,optimal,optimal,optimal,optimal,optimal,↓ decreasing,→ stable,→ stable,99.8,✅ EXCELLENT,False,NONE,3.7,0.0,NONE
1780321751.357,79.9,90.5,31.8,2482.0,43.5,13.96,31.7,31.8,31.8,31.6,optimal,optimal,optimal,optimal,optimal,optimal,↓ decreasing,→ stable,→ stable,99.8,✅ EXCELLENT,False,NONE,3.9,0.0,NONE
1780321752.358,76.6,91.2,31.9,2490.0,43.3,13.99,31.6,31.6,31.9,32.1,optimal,optimal,optimal,optimal,optimal,optimal,↓ decreasing,→ stable,→ stable,99.8,✅ EXCELLENT,False,NONE,3.7,0.0,NONE
1780321753.358,76.7,88.9,31.7,2460.0,43.0,13.92,31.6,32.4,32.2,32.2,optimal,optimal,optimal,optimal,optimal,optimal,→ stable,→ stable,→ stable,99.8,✅ EXCELLENT,False,NONE,3.7,0.6,NONE
1780321754.359,75.5,88.8,32.0,2433.0,42.6,13.95,32.1,31.9,32.3,32.2,optimal,optimal,optimal,optimal,optimal,optimal,→ stable,→ stable,→ stable,99.8,✅ EXCELLENT,False,NONE,3.3,0.7,NONE
1780321755.361,74.6,89.7,32.0,2465.0,42.2,13.92,32.2,31.6,32.4,32.1,optimal,optimal,optimal,optimal,optimal,optimal,→ stable,→ stable,→ stable,99.8,✅ EXCELLENT,False,NONE,3.6,0.0,NONE
1780321756.361,77.8,91.2,32.3,2501.0,41.8,13.99,31.7,32.1,32.0,31.7,optimal,optimal,optimal,optimal,optimal,optimal,→ stable,→ stable,→ stable,99.8,✅ EXCELLENT,False,NONE,3.7,0.0,NONE
1780321757.362,79.0,88.8,31.9,2446.0,41.7,13.95,31.7,32.0,32.0,31.7,optimal,optimal,optimal,optimal,optimal,optimal,↑ increasing,→ stable,→ stable,99.8,✅ EXCELLENT,False,NONE,3.7,0.7,NONE
1780321758.364,74.7,90.8,32.3,2450.0,41.6,13.96,32.1,31.7,32.0,31.8,optimal,optimal,optimal,optimal,optimal,optimal,→ stable,→ stable,→ stable,99.8,✅ EXCELLENT,False,NONE,3.5,0.0,NONE
1780321759.364,75.7,90.6,32.2,2423.0,41.9,13.9,31.7,32.1,31.7,31.7,optimal,optimal,optimal,optimal,optimal,optimal,→ stable,→ stable,→ stable,99.8,✅ EXCELLENT,False,NONE,3.6,0.0,NONE
1780321760.366,79.6,90.0,32.3,2453.0,42.7,13.98,32.4,31.9,31.8,32.0,optimal,optimal,optimal,optimal,optimal,optimal,→ stable,→ stable,→ stable,99.8,✅ EXCELLENT,False,NONE,3.6,0.0,NONE
1780321761.366,78.7,90.0,32.1,2424.0,43.3,13.99,31.8,32.0,31.8,32.0,optimal,optimal,optimal,optimal,optimal,optimal,→ stable,→ stable,→ stable,99.8,✅ EXCELLENT,False,NONE,3.6,0.0,NONE
1780321762.367,77.6,91.3,31.9,2486.0,43.5,13.94,31.7,31.7,31.8,31.8,optimal,optimal,optimal,optimal,optimal,optimal,→ stable,→ stable,→ stable,99.8,✅ EXCELLENT,False,NONE,3.7,0.0,NONE
1780321763.368,78.6,89.1,31.7,2442.0,42.7,13.9,31.9,31.9,32.3,31.7,optimal,optimal,optimal,optimal,optimal,optimal,→ stable,→ stable,→ stable,99.8,✅ EXCELLENT,False,NONE,3.7,0.4,NONE
1780321764.369,79.0,91.0,32.1,2435.0,42.2,13.96,32.2,31.9,32.2,32.0,optimal,optimal,optimal,optimal,optimal,optimal,→ stable,→ stable,→ stable,99.8,✅ EXCELLENT,False,NONE,3.5,0.0,NONE
1780321765.371,76.4,88.6,31.6,2416.0,41.6,13.96,31.8,32.2,32.4,32.4,optimal,optimal,optimal,optimal,optimal,optimal,↑ increasing,→ stable,→ stable,99.8,✅ EXCELLENT,False,NONE,3.7,1.0,NONE
1780321766.371,78.8,91.3,32.1,2469.0,41.8,13.94,32.1,31.8,32.0,31.9,optimal,optimal,optimal,optimal,optimal,optimal,↑ increasing,→ stable,→ stable,99.8,✅ EXCELLENT,False,NONE,3.6,0.0,NONE
1780321767.372,79.9,89.3,31.6,2409.0,42.2,13.96,31.8,32.1,31.8,32.1,optimal,optimal,optimal,optimal,optimal,optimal,→ stable,→ stable,→ stable,99.8,✅ EXCELLENT,False,NONE,3.9,0.2,NONE
1780321768.374,75.3,89.2,31.9,2470.0,43.2,13.92,32.3,31.9,32.2,31.8,optimal,optimal,optimal,optimal,optimal,optimal,↑ increasing,→ stable,→ stable,99.8,✅ EXCELLENT,False,NONE,3.4,0.3,NONE
1780321769.374,78.9,90.5,31.9,2411.0,43.0,13.9,32.2,31.7,31.6,32.0,optimal,optimal,optimal,optimal,optimal,optimal,↑ increasing,→ stable,→ stable,99.8,✅ EXCELLENT,False,NONE,3.8,0.0,NONE
1780321770.375,80.2,89.1,31.9,2430.0,42.0,13.97,32.1,32.1,31.6,31.8,optimal,optimal,optimal,optimal,optimal,optimal,↑ increasing,→ stable,→ stable,99.8,✅ EXCELLENT,False,NONE,3.9,0.4,NONE
1780321771.376,75.0,90.5,32.2,2494.0,43.4,13.91,31.9,31.7,32.0,31.8,optimal,optimal,optimal,optimal,optimal,optimal,↑ increasing,→ stable,→ stable,99.8,✅ EXCELLENT,False,NONE,3.5,0.0,NONE
1780321772.378,77.5,90.8,32.1,2493.0,43.0,13.92,32.3,31.7,31.6,32.1,optimal,optimal,optimal,optimal,optimal,optimal,↑ increasing,→ stable,→ stable,99.8,✅ EXCELLENT,False,NONE,3.8,0.0,NONE
1780321773.378,75.7,91.1,32.3,2414.0,42.4,13.91,32.1,31.8,32.0,31.7,optimal,optimal,optimal,optimal,optimal,optimal,→ stable,→ stable,→ stable,99.8,✅ EXCELLENT,False,NONE,3.6,0.0,NONE
1780321774.38,76.7,88.8,32.2,2497.0,43.3,13.91,31.8,32.2,31.7,32.0,optimal,optimal,optimal,optimal,optimal,optimal,→ stable,→ stable,→ stable,99.8,✅ EXCELLENT,False,NONE,3.6,0.7,NONE
1780321775.382,76.3,90.5,32.2,2419.0,41.7,13.94,31.8,32.1,32.0,31.9,optimal,optimal,optimal,optimal,optimal,optimal,→ stable,→ stable,→ stable,99.8,✅ EXCELLENT,False,NONE,3.5,0.0,NONE
1780321776.382,79.0,90.4,32.2,2490.0,42.6,13.91,32.0,32.3,31.7,32.0,optimal,optimal,optimal,optimal,optimal,optimal,→ stable,→ stable,→ stable,99.8,✅ EXCELLENT,False,NONE,3.7,0.0,NONE
1780321777.384,77.8,90.7,32.3,2422.0,42.5,13.95,32.2,32.1,31.8,32.2,optimal,optimal,optimal,optimal,optimal,optimal,↓ decreasing,→ stable,→ stable,99.8,✅ EXCELLENT,False,NONE,3.6,0.0,NONE
1780321778.384,79.8,89.8,31.9,2493.0,42.7,13.94,32.3,32.1,32.0,31.8,optimal,optimal,optimal,optimal,optimal,optimal,→ stable,→ stable,→ stable,99.8,✅ EXCELLENT,False,NONE,3.6,0.0,NONE
1780321779.385,75.2,89.3,32.3,2464.0,41.6,13.97,31.8,31.9,32.1,32.0,optimal,optimal,optimal,optimal,optimal,optimal,↓ decreasing,→ stable,→ stable,99.8,✅ EXCELLENT,False,NONE,3.4,0.2,NONE
1780321780.387,76.1,90.3,31.9,2500.0,42.3,13.91,31.7,31.8,31.7,32.2,optimal,optimal,optimal,optimal,optimal,optimal,↓ decreasing,→ stable,→ stable,99.8,✅ EXCELLENT,False,NONE,3.6,0.0,NONE
1780321781.387,77.7,90.8,31.7,2443.0,41.9,13.9,32.0,32.2,32.1,31.8,optimal,optimal,optimal,optimal,optimal,optimal,↓ decreasing,→ stable,→ stable,99.8,✅ EXCELLENT,False,NONE,3.7,0.0,NONE
1780321782.388,74.9,90.1,32.4,2472.0,42.6,13.97,31.9,31.9,31.8,32.0,optimal,optimal,optimal,optimal,optimal,optimal,↓ decreasing,→ stable,→ stable,99.8,✅ EXCELLENT,False,NONE,3.4,0.0,NONE
1780321783.389,78.0,88.5,31.6,2445.0,43.3,13.96,32.3,32.2,32.4,32.3,optimal,optimal,optimal,optimal,optimal,optimal,↓ decreasing,→ stable,→ stable,99.8,✅ EXCELLENT,False,NONE,3.8,1.1,NONE
1780321784.391,77.0,88.9,32.2,2464.0,42.1,13.93,32.0,31.8,31.6,31.8,optimal,optimal,optimal,optimal,optimal,optimal,→ stable,→ stable,→ stable,99.8,✅ EXCELLENT,False,NONE,3.7,0.6,NONE
1780321785.391,77.3,90.4,32.4,2489.0,41.8,13.91,32.0,32.1,32.1,32.1,optimal,optimal,optimal,optimal,optimal,optimal,→ stable,→ stable,→ stable,99.8,✅ EXCELLENT,False,NONE,3.3,0.0,NONE
1780321786.392,77.6,90.3,31.6,2410.0,41.6,13.93,31.6,32.3,32.2,32.2,optimal,optimal,optimal,optimal,optimal,optimal,→ stable,→ stable,→ stable,99.8,✅ EXCELLENT,False,NONE,3.8,0.0,NONE
1780321787.392,76.7,89.5,31.8,2408.0,43.5,13.96,32.1,32.0,32.2,32.4,optimal,optimal,optimal,optimal,optimal,optimal,→ stable,→ stable,→ stable,99.8,✅ EXCELLENT,False,NONE,3.5,0.1,NONE
1780321788.393,75.8,90.3,32.2,2453.0,43.5,13.96,31.6,31.6,31.8,31.6,optimal,optimal,optimal,optimal,optimal,optimal,↓ decreasing,→ stable,→ stable,99.8,✅ EXCELLENT,False,NONE,3.7,0.0,NONE
1780321789.394,79.4,89.3,31.8,2467.0,43.0,13.98,32.2,31.7,31.7,32.4,optimal,optimal,optimal,optimal,optimal,optimal,→ stable,→ stable,→ stable,99.8,✅ EXCELLENT,False,NONE,3.7,0.2,NONE
1780321790.396,79.5,90.5,31.8,2475.0,41.6,13.94,32.4,31.8,32.1,31.9,optimal,optimal,optimal,optimal,optimal,optimal,→ stable,→ stable,→ stable,99.8,✅ EXCELLENT,False,NONE,3.6,0.0,NONE
1780321791.397,79.3,90.5,31.8,2474.0,42.6,13.98,31.9,31.7,32.4,32.0,optimal,optimal,optimal,optimal,optimal,optimal,→ stable,→ stable,→ stable,99.8,✅ EXCELLENT,False,NONE,3.7,0.0,NONE
1780321792.398,76.9,90.1,32.1,2442.0,42.0,13.92,32.4,31.7,31.9,32.0,optimal,optimal,optimal,optimal,optimal,optimal,↑ increasing,→ stable,→ stable,99.8,✅ EXCELLENT,False,NONE,3.6,0.0,NONE
1780321793.398,78.7,89.0,31.7,2447.0,41.7,13.96,32.1,32.0,32.1,31.9,optimal,optimal,optimal,optimal,optimal,optimal,↑ increasing,→ stable,→ stable,99.8,✅ EXCELLENT,False,NONE,3.7,0.5,NONE
1780321794.4,75.2,90.1,32.1,2481.0,42.7,13.95,32.0,31.9,31.8,32.3,optimal,optimal,optimal,optimal,optimal,optimal,→ stable,→ stable,→ stable,99.8,✅ EXCELLENT,False,NONE,3.4,0.0,NONE
1780321795.401,77.6,91.2,32.4,2469.0,42.4,13.93,32.2,32.2,32.3,32.0,optimal,optimal,optimal,optimal,optimal,optimal,→ stable,→ stable,→ stable,99.8,✅ EXCELLENT,False,NONE,3.3,0.0,NONE
1780321796.402,78.8,90.7,31.9,2426.0,42.3,13.93,31.7,32.3,31.6,32.4,optimal,optimal,optimal,optimal,optimal,optimal,↑ increasing,→ stable,→ stable,99.8,✅ EXCELLENT,False,NONE,3.8,0.0,NONE
1780321797.403,75.0,89.0,32.0,2466.0,43.3,13.93,32.3,31.9,32.0,32.0,optimal,optimal,optimal,optimal,optimal,optimal,↑ increasing,→ stable,→ stable,99.8,✅ EXCELLENT,False,NONE,3.3,0.5,NONE
1780321798.405,76.8,90.4,32.2,2446.0,43.2,13.91,32.1,31.8,31.6,32.1,optimal,optimal,optimal,optimal,optimal,optimal,↑ increasing,→ stable,→ stable,99.8,✅ EXCELLENT,False,NONE,3.7,0.0,NONE
1780321799.406,79.9,89.4,32.0,2504.0,42.4,13.93,32.4,32.0,31.6,31.9,optimal,optimal,optimal,optimal,optimal,optimal,↑ increasing,→ stable,→ stable,99.8,✅ EXCELLENT,False,NONE,3.9,0.2,NONE
1780321800.406,80.3,90.9,31.6,2410.0,43.0,13.95,31.8,31.8,32.3,31.6,optimal,optimal,optimal,optimal,optimal,optimal,→ stable,→ stable,→ stable,99.8,✅ EXCELLENT,False,NONE,3.9,0.0,NONE
1780321801.407,79.8,89.0,31.9,2502.0,43.1,13.93,31.9,31.7,31.6,32.3,optimal,optimal,optimal,optimal,optimal,optimal,→ stable,→ stable,→ stable,99.8,✅ EXCELLENT,False,NONE,3.9,0.5,NONE
1780321802.407,74.9,89.1,31.9,2477.0,41.9,13.98,31.9,32.1,32.2,32.0,optimal,optimal,optimal,optimal,optimal,optimal,→ stable,→ stable,→ stable,99.8,✅ EXCELLENT,False,NONE,3.3,0.4,NONE
1780321803.408,79.1,91.0,31.8,2444.0,41.9,13.92,31.6,32.0,31.8,31.8,optimal,optimal,optimal,optimal,optimal,optimal,→ stable,→ stable,→ stable,99.8,✅ EXCELLENT,False,NONE,3.8,0.0,NONE
1780321804.409,76.0,91.3,32.3,2425.0,43.1,13.95,31.6,32.0,31.8,31.8,optimal,optimal,optimal,optimal,optimal,optimal,→ stable,→ stable,→ stable,99.8,✅ EXCELLENT,False,NONE,3.7,0.0,NONE
1780321805.411,77.4,89.2,32.3,2491.0,42.4,13.95,32.3,31.8,31.7,32.4,optimal,optimal,optimal,optimal,optimal,optimal,→ stable,→ stable,→ stable,99.8,✅ EXCELLENT,False,NONE,3.6,0.3,NONE
