timestamp,speed_kmh,engine_temp_c,tire_pressure_psi,engine_rpm,oil_pressure_psi,battery_voltage_v,tire_pressure_fl_psi,tire_pressure_fr_psi,tire_pressure_rl_psi,tire_pressure_rr_psi,speed_status,temp_status,psi_status,rpm_status,oil_status,battery_status,speed_trend,temp_trend,psi_trend,overall_health,health_status,emergency,contradictions,tire_speed_risk,temp_correlation_penalty,alerts
1780022655.666,80.9,91.1,31.7,1516.0,45.4,13.78,32.4,32.1,32.4,32.3,optimal,optimal,optimal,optimal,optimal,optimal,—,—,—,100.0,✅ EXCELLENT,False,NONE,3.8,0.0,NONE
1780022656.667,81.0,90.3,32.3,1496.0,44.5,13.84,31.6,32.3,32.2,31.8,optimal,optimal,optimal,optimal,optimal,optimal,→ stable,↓ decreasing,↑ increasing,100.0,✅ EXCELLENT,False,NONE,3.1,0.0,NONE
1780022657.667,82.3,88.6,31.9,1462.0,44.9,13.8,32.4,32.0,32.0,32.3,optimal,optimal,optimal,optimal,optimal,optimal,↑ increasing,↓ decreasing,→ stable,100.0,✅ EXCELLENT,False,NONE,3.6,1.0,NONE
1780022658.668,78.5,89.6,32.2,1538.0,44.5,13.8,31.7,32.0,31.7,32.3,optimal,optimal,optimal,optimal,optimal,optimal,↓ decreasing,↓ decreasing,→ stable,100.0,✅ EXCELLENT,False,NONE,3.1,0.1,NONE
1780022659.669,81.6,89.5,31.7,1543.0,44.5,13.83,32.1,31.6,31.9,32.0,optimal,optimal,optimal,optimal,optimal,optimal,↑ increasing,↓ decreasing,→ stable,100.0,✅ EXCELLENT,False,NONE,3.8,0.1,NONE
1780022660.671,81.1,91.2,32.4,1464.0,45.6,13.75,32.0,32.3,32.3,32.3,optimal,optimal,optimal,optimal,optimal,optimal,→ stable,→ stable,↑ increasing,100.0,✅ EXCELLENT,False,NONE,3.0,0.0,NONE
1780022661.672,82.9,91.4,32.4,1489.0,45.4,13.78,31.8,31.9,32.3,32.3,optimal,optimal,optimal,optimal,optimal,optimal,↑ increasing,→ stable,↑ increasing,100.0,✅ EXCELLENT,False,NONE,3.1,0.0,NONE
1780022662.673,79.8,90.2,32.2,1454.0,46.0,13.8,32.2,31.7,32.2,32.1,optimal,optimal,optimal,optimal,optimal,optimal,↓ decreasing,↓ decreasing,→ stable,100.0,✅ EXCELLENT,False,NONE,3.2,0.0,NONE
1780022663.674,79.7,90.7,31.6,1517.0,44.9,13.76,31.8,32.1,32.1,31.9,optimal,optimal,optimal,optimal,optimal,optimal,↓ decreasing,→ stable,→ stable,100.0,✅ EXCELLENT,False,NONE,3.9,0.0,NONE
1780022664.675,77.0,90.2,31.8,1546.0,44.7,13.81,32.4,32.3,31.8,32.2,optimal,optimal,optimal,optimal,optimal,optimal,↓ decreasing,↓ decreasing,→ stable,100.0,✅ EXCELLENT,False,NONE,3.5,0.0,NONE
1780022665.675,80.2,91.1,31.7,1483.0,45.6,13.79,31.8,31.8,32.0,32.4,optimal,optimal,optimal,optimal,optimal,optimal,↓ decreasing,→ stable,→ stable,100.0,✅ EXCELLENT,False,NONE,3.8,0.0,NONE
1780022666.675,77.6,89.7,31.8,1546.0,45.2,13.84,32.1,31.6,32.2,32.2,optimal,optimal,optimal,optimal,optimal,optimal,↓ decreasing,↓ decreasing,→ stable,100.0,✅ EXCELLENT,False,NONE,3.5,0.0,NONE
1780022667.677,82.8,91.3,31.6,1515.0,44.3,13.85,31.7,31.7,32.3,32.3,optimal,optimal,optimal,optimal,optimal,optimal,↑ increasing,→ stable,→ stable,100.0,✅ EXCELLENT,False,NONE,4.0,0.0,NONE
1780022668.678,79.0,90.4,31.9,1456.0,45.8,13.76,32.2,32.0,31.9,32.1,optimal,optimal,optimal,optimal,optimal,optimal,↓ decreasing,↓ decreasing,→ stable,100.0,✅ EXCELLENT,False,NONE,3.5,0.0,NONE
1780022669.679,77.7,88.9,31.9,1498.0,12.4,13.78,32.2,32.3,32.4,31.8,optimal,optimal,optimal,optimal,danger,optimal,↓ decreasing,↓ decreasing,→ stable,86.4,✅ EXCELLENT,False,NONE,3.4,0.6,NONE
1780022670.679,80.0,90.1,32.0,1456.0,11.9,13.75,32.0,31.8,32.0,31.7,optimal,optimal,optimal,optimal,danger,optimal,↓ decreasing,↓ decreasing,→ stable,73.1,🟢 GOOD,False,NONE,3.4,0.0,NONE
1780022671.679,81.6,89.0,32.4,1467.0,11.6,13.85,31.9,32.0,32.2,32.1,optimal,optimal,optimal,optimal,danger,optimal,↑ increasing,↓ decreasing,↑ increasing,59.6,🟡 FAIR,False,NONE,3.0,0.5,NONE
1780022672.679,81.6,89.1,32.0,1547.0,11.0,13.82,32.2,32.1,32.3,31.9,optimal,optimal,optimal,optimal,danger,optimal,↑ increasing,↓ decreasing,→ stable,59.6,🟡 FAIR,False,NONE,3.5,0.4,NONE
1780022673.679,80.2,89.0,31.6,1515.0,11.2,13.78,31.7,31.8,31.9,31.8,optimal,optimal,optimal,optimal,danger,optimal,↓ decreasing,↓ decreasing,→ stable,59.6,🟡 FAIR,False,NONE,3.9,0.5,NONE
1780022674.68,77.2,89.1,31.6,1478.0,12.2,13.84,31.6,31.7,31.6,32.1,optimal,optimal,optimal,optimal,danger,optimal,↓ decreasing,↓ decreasing,→ stable,59.6,🟡 FAIR,False,NONE,3.7,0.4,NONE
1780022675.681,77.5,91.0,32.2,1498.0,12.4,13.85,32.4,31.8,31.8,32.3,optimal,optimal,optimal,optimal,danger,optimal,↓ decreasing,↓ decreasing,→ stable,59.6,🟡 FAIR,False,NONE,3.1,0.0,NONE
1780022676.682,79.6,89.3,32.0,1451.0,12.3,13.8,31.6,31.7,32.4,32.1,optimal,optimal,optimal,optimal,danger,optimal,→ stable,→ stable,→ stable,59.6,🟡 FAIR,False,NONE,3.4,0.2,NONE
1780022677.683,78.8,90.4,32.2,1531.0,13.0,13.79,32.3,32.3,32.4,31.9,optimal,optimal,optimal,optimal,danger,optimal,↓ decreasing,↓ decreasing,→ stable,59.6,🟡 FAIR,False,NONE,3.2,0.0,NONE
1780022678.684,77.4,88.8,32.3,1522.0,12.3,13.76,31.7,32.2,31.8,31.7,optimal,optimal,optimal,optimal,danger,optimal,↓ decreasing,↓ decreasing,→ stable,59.6,🟡 FAIR,False,NONE,3.0,0.7,NONE
1780022679.686,78.4,88.7,31.7,1463.0,12.3,13.83,31.8,31.8,31.6,32.2,optimal,optimal,optimal,optimal,danger,optimal,↓ decreasing,↓ decreasing,→ stable,59.6,🟡 FAIR,False,NONE,3.7,0.8,NONE
1780022680.687,82.7,89.4,32.2,1471.0,12.9,13.78,32.4,31.8,32.2,32.3,optimal,optimal,optimal,optimal,danger,optimal,→ stable,↓ decreasing,→ stable,59.6,🟡 FAIR,False,NONE,3.3,0.2,NONE
1780022681.688,79.0,91.1,31.9,1465.0,11.4,13.82,32.2,32.1,32.3,31.7,optimal,optimal,optimal,optimal,danger,optimal,→ stable,↓ decreasing,→ stable,59.6,🟡 FAIR,False,NONE,3.5,0.0,NONE
1780022682.689,81.8,89.1,32.0,1512.0,11.2,13.77,32.4,31.7,32.3,31.7,optimal,optimal,optimal,optimal,danger,optimal,→ stable,→ stable,→ stable,59.6,🟡 FAIR,False,NONE,3.5,0.4,NONE
1780022683.691,81.9,89.6,31.7,1544.0,12.5,13.83,32.2,32.1,32.1,32.2,optimal,optimal,optimal,optimal,danger,optimal,→ stable,→ stable,→ stable,59.6,🟡 FAIR,False,NONE,3.9,0.1,NONE
1780022684.691,82.9,89.7,32.3,1534.0,12.1,13.8,32.4,32.1,31.6,31.7,optimal,optimal,optimal,optimal,danger,optimal,→ stable,→ stable,→ stable,59.6,🟡 FAIR,False,NONE,3.2,0.0,NONE
1780022685.693,79.7,88.7,32.2,1536.0,11.7,13.81,31.9,31.8,31.9,31.8,optimal,optimal,optimal,optimal,danger,optimal,↑ increasing,→ stable,→ stable,59.6,🟡 FAIR,False,NONE,3.2,0.8,NONE
1780022686.694,82.5,91.1,32.1,1509.0,12.2,13.77,31.8,31.6,31.8,32.0,optimal,optimal,optimal,optimal,danger,optimal,↑ increasing,→ stable,→ stable,59.6,🟡 FAIR,False,NONE,3.4,0.0,NONE
1780022687.694,77.9,90.8,32.1,1513.0,12.7,13.78,31.9,32.2,32.3,32.2,optimal,optimal,optimal,optimal,danger,optimal,↑ increasing,→ stable,→ stable,59.6,🟡 FAIR,False,NONE,3.2,0.0,NONE
1780022688.694,79.0,90.6,31.7,1546.0,12.7,13.81,32.1,32.0,32.3,31.9,optimal,optimal,optimal,optimal,danger,optimal,↑ increasing,→ stable,→ stable,59.6,🟡 FAIR,False,NONE,3.7,0.0,NONE
1780022689.694,82.6,89.9,32.4,1477.0,11.4,13.85,31.9,32.2,31.8,31.7,optimal,optimal,optimal,optimal,danger,optimal,↑ increasing,↑ increasing,→ stable,59.6,🟡 FAIR,False,NONE,3.1,0.0,NONE
1780022690.695,81.0,90.0,32.2,1486.0,12.3,13.76,31.9,31.7,31.6,32.2,optimal,optimal,optimal,optimal,danger,optimal,↑ increasing,↑ increasing,→ stable,59.6,🟡 FAIR,False,NONE,3.2,0.0,NONE
1780022691.696,81.1,89.8,32.0,1461.0,11.4,13.82,32.1,31.9,32.2,31.9,optimal,optimal,optimal,optimal,danger,optimal,↑ increasing,→ stable,→ stable,59.6,🟡 FAIR,False,NONE,3.5,0.0,NONE
1780022692.697,79.2,91.0,32.4,1521.0,11.3,13.8,32.0,31.7,32.2,32.3,optimal,optimal,optimal,optimal,danger,optimal,↑ increasing,↑ increasing,→ stable,59.6,🟡 FAIR,False,NONE,2.9,0.0,NONE
1780022693.698,79.4,88.8,32.0,1520.0,12.7,13.77,32.0,32.4,32.0,31.8,optimal,optimal,optimal,optimal,danger,optimal,↑ increasing,→ stable,→ stable,59.6,🟡 FAIR,False,NONE,3.4,0.7,NONE
1780022694.699,78.1,90.6,31.7,1495.0,12.6,13.79,31.7,32.0,31.8,31.6,optimal,optimal,optimal,optimal,danger,optimal,→ stable,→ stable,→ stable,59.6,🟡 FAIR,False,NONE,3.7,0.0,NONE
1780022695.7,78.0,90.7,31.8,1495.0,11.7,13.78,32.1,31.9,32.2,31.8,optimal,optimal,optimal,optimal,danger,optimal,→ stable,↑ increasing,→ stable,59.6,🟡 FAIR,False,NONE,3.6,0.0,NONE
1780022696.701,78.3,89.5,31.8,1453.0,0.1,13.85,32.3,31.9,32.1,31.9,optimal,optimal,optimal,optimal,danger,optimal,↓ decreasing,↑ increasing,→ stable,59.6,🟡 FAIR,False,NONE,3.6,0.1,NONE
1780022697.701,81.4,90.8,31.8,1464.0,0.4,13.8,31.6,31.9,31.9,32.3,optimal,optimal,optimal,optimal,danger,optimal,↓ decreasing,→ stable,→ stable,59.6,🟡 FAIR,False,NONE,3.7,0.0,NONE
1780022698.701,81.3,90.6,31.9,1469.0,-1.0,13.77,32.4,32.4,32.1,31.6,optimal,optimal,optimal,optimal,danger,optimal,↓ decreasing,→ stable,→ stable,59.6,🟡 FAIR,False,NONE,3.6,0.0,NONE
1780022699.703,83.0,90.1,32.1,1509.0,-0.9,13.77,32.0,32.2,32.2,32.2,optimal,optimal,optimal,optimal,danger,optimal,↓ decreasing,→ stable,→ stable,59.6,🟡 FAIR,False,NONE,3.4,0.0,NONE
1780022700.704,81.2,90.8,32.0,1511.0,-0.0,13.8,31.9,32.1,32.1,31.9,optimal,optimal,optimal,optimal,danger,optimal,↓ decreasing,→ stable,→ stable,59.6,🟡 FAIR,False,NONE,3.5,0.0,NONE
1780022701.705,77.0,91.4,32.0,1550.0,0.0,13.83,31.8,31.7,31.8,32.2,optimal,optimal,optimal,optimal,danger,optimal,↓ decreasing,→ stable,→ stable,59.6,🟡 FAIR,False,NONE,3.3,0.0,NONE
1780022702.706,82.3,90.5,31.9,1541.0,0.3,13.77,31.9,31.7,32.3,32.1,optimal,optimal,optimal,optimal,danger,optimal,↓ decreasing,→ stable,→ stable,59.6,🟡 FAIR,False,NONE,3.6,0.0,NONE
1780022703.707,82.3,90.6,32.3,1463.0,-0.2,13.75,31.8,32.2,32.3,31.7,optimal,optimal,optimal,optimal,danger,optimal,→ stable,↑ increasing,→ stable,59.6,🟡 FAIR,False,NONE,3.2,0.0,NONE
1780022704.709,79.9,91.4,32.0,1544.0,0.7,13.79,31.9,32.2,32.0,32.3,optimal,optimal,optimal,optimal,danger,optimal,→ stable,↑ increasing,→ stable,59.6,🟡 FAIR,False,NONE,3.4,0.0,NONE
1780022705.71,80.1,88.5,32.3,1455.0,-0.3,13.81,32.1,32.2,31.8,32.1,optimal,optimal,optimal,optimal,danger,optimal,↑ increasing,→ stable,→ stable,59.6,🟡 FAIR,False,NONE,3.1,1.1,NONE
1780022706.711,78.5,89.3,31.9,1536.0,-0.7,13.84,31.9,31.9,32.4,32.0,optimal,optimal,optimal,optimal,danger,optimal,↑ increasing,→ stable,→ stable,59.6,🟡 FAIR,False,NONE,3.5,0.2,NONE
1780022707.712,80.5,89.8,32.2,1536.0,-0.6,13.77,32.2,31.9,31.9,31.6,optimal,optimal,optimal,optimal,danger,optimal,↑ increasing,→ stable,→ stable,59.6,🟡 FAIR,False,NONE,3.2,0.0,NONE
1780022708.713,81.8,90.7,31.8,1494.0,-0.9,13.75,32.3,32.1,31.9,31.9,optimal,optimal,optimal,optimal,danger,optimal,↑ increasing,→ stable,→ stable,59.6,🟡 FAIR,False,NONE,3.7,0.0,NONE
1780022709.714,78.6,90.5,31.7,1540.0,-0.2,13.76,32.1,31.8,32.4,31.8,optimal,optimal,optimal,optimal,danger,optimal,→ stable,→ stable,→ stable,59.6,🟡 FAIR,False,NONE,3.7,0.0,NONE
1780022710.715,81.8,89.8,31.9,1496.0,-0.8,13.82,32.3,31.8,31.8,31.6,optimal,optimal,optimal,optimal,danger,optimal,→ stable,→ stable,→ stable,59.6,🟡 FAIR,False,NONE,3.6,0.0,NONE
1780022711.716,79.7,90.7,32.2,1544.0,-0.5,13.81,32.0,32.1,32.2,32.1,optimal,optimal,optimal,optimal,danger,optimal,↑ increasing,→ stable,→ stable,59.6,🟡 FAIR,False,NONE,3.2,0.0,NONE
1780022712.716,79.3,89.8,31.8,1499.0,-0.1,13.8,31.8,-0.3,32.1,31.7,optimal,optimal,optimal,optimal,danger,optimal,→ stable,→ stable,→ stable,51.4,🟡 FAIR,False,NONE,3.6,0.0,NONE
1780022713.718,82.6,89.1,31.6,1539.0,0.3,13.79,31.9,0.3,32.3,32.2,optimal,optimal,optimal,optimal,danger,optimal,→ stable,↓ decreasing,→ stable,43.6,🟡 FAIR,False,NONE,4.0,0.4,NONE
1780022714.718,77.7,89.0,32.1,1463.0,-0.3,13.81,31.7,-0.3,32.4,32.2,optimal,optimal,optimal,optimal,danger,optimal,→ stable,↓ decreasing,→ stable,35.4,🟡 FAIR,False,NONE,3.2,0.5,NONE
1780022715.72,80.7,89.7,31.6,1507.0,0.3,13.8,31.7,-0.2,32.0,31.9,optimal,optimal,optimal,optimal,danger,optimal,↓ decreasing,↓ decreasing,→ stable,35.4,🟡 FAIR,False,NONE,3.9,0.0,NONE
1780022716.72,80.5,89.6,31.9,1543.0,0.8,13.75,31.9,0.0,31.6,31.9,optimal,optimal,optimal,optimal,danger,optimal,→ stable,↓ decreasing,→ stable,35.4,🟡 FAIR,False,NONE,3.6,0.1,NONE
1780022717.72,78.0,90.0,32.2,1460.0,-0.7,13.81,31.7,-0.1,32.0,32.1,optimal,optimal,optimal,optimal,danger,optimal,↓ decreasing,→ stable,→ stable,35.4,🟡 FAIR,False,NONE,3.1,0.0,NONE
1780022718.722,82.8,91.1,31.8,1473.0,-0.1,13.8,32.3,-0.2,31.7,32.1,optimal,optimal,optimal,optimal,danger,optimal,→ stable,→ stable,→ stable,35.4,🟡 FAIR,False,NONE,3.8,0.0,NONE
1780022719.723,81.6,90.0,31.6,1539.0,-0.4,13.84,31.8,-0.1,31.8,31.6,optimal,optimal,optimal,optimal,danger,optimal,→ stable,→ stable,→ stable,35.4,🟡 FAIR,False,NONE,4.0,0.0,NONE
1780022720.724,78.0,91.4,31.9,1505.0,-0.4,13.84,32.3,-0.3,32.3,32.2,optimal,optimal,optimal,optimal,danger,optimal,→ stable,→ stable,→ stable,35.4,🟡 FAIR,False,NONE,3.5,0.0,NONE
1780022721.725,81.9,90.1,32.2,1477.0,-0.9,13.83,31.7,0.2,32.4,32.3,optimal,optimal,optimal,optimal,danger,optimal,→ stable,→ stable,→ stable,35.4,🟡 FAIR,False,NONE,3.3,0.0,NONE
1780022722.726,79.3,91.1,32.0,1475.0,0.7,13.79,31.8,0.3,31.6,32.1,optimal,optimal,optimal,optimal,danger,optimal,→ stable,→ stable,→ stable,35.4,🟡 FAIR,False,NONE,3.4,0.0,NONE
1780022723.727,78.6,89.2,32.0,1474.0,-0.6,13.81,32.0,-0.2,31.7,31.7,optimal,optimal,optimal,optimal,danger,optimal,→ stable,→ stable,→ stable,35.4,🟡 FAIR,False,NONE,3.4,0.3,NONE
1780022724.727,80.6,91.0,31.8,1451.0,0.7,13.82,31.6,0.3,31.9,32.3,optimal,optimal,optimal,optimal,danger,optimal,→ stable,↑ increasing,→ stable,35.4,🟡 FAIR,False,NONE,3.7,0.0,NONE
1780022725.728,78.3,89.3,32.3,1506.0,0.0,13.8,32.4,0.1,32.2,32.3,optimal,optimal,optimal,optimal,danger,optimal,→ stable,→ stable,→ stable,35.4,🟡 FAIR,False,NONE,3.0,0.2,NONE
1780022726.729,81.1,91.2,32.3,1508.0,-0.3,13.82,32.1,0.2,31.6,-0.2,optimal,optimal,optimal,optimal,danger,optimal,→ stable,↑ increasing,→ stable,24.5,🔴 CRITICAL,False,NONE,3.1,0.0,NONE
1780022727.729,82.5,89.0,31.7,1547.0,-0.8,13.79,31.7,-0.1,31.7,-0.1,optimal,optimal,optimal,optimal,danger,optimal,→ stable,→ stable,→ stable,12.5,🔴 CRITICAL,False,NONE,3.9,0.5,NONE
1780022728.729,81.0,88.8,31.8,1533.0,0.4,13.83,32.4,-0.3,32.1,-0.1,optimal,optimal,optimal,optimal,danger,optimal,→ stable,→ stable,→ stable,0.0,🔴 CRITICAL,False,NONE,3.7,0.7,NONE
1780022729.73,81.3,90.3,31.7,1539.0,-0.3,13.75,32.2,0.0,32.0,0.1,optimal,optimal,optimal,optimal,danger,optimal,→ stable,→ stable,→ stable,0.0,🔴 CRITICAL,False,NONE,3.8,0.0,NONE
1780022730.732,82.7,89.3,31.7,1502.0,0.3,13.77,32.3,0.2,32.0,-0.0,optimal,optimal,optimal,optimal,danger,optimal,↑ increasing,→ stable,→ stable,0.0,🔴 CRITICAL,False,NONE,3.9,0.2,NONE
1780022731.734,78.7,88.7,31.9,1497.0,0.0,13.84,31.8,0.2,32.3,0.2,optimal,optimal,optimal,optimal,danger,optimal,→ stable,→ stable,→ stable,0.0,🔴 CRITICAL,False,NONE,3.5,0.8,NONE
1780022732.735,79.3,91.0,32.3,1549.0,-0.5,13.85,31.7,0.0,32.2,0.1,optimal,optimal,optimal,optimal,danger,optimal,→ stable,→ stable,→ stable,0.0,🔴 CRITICAL,False,NONE,3.1,0.0,NONE
1780022733.736,78.5,90.6,32.3,1476.0,0.5,13.85,31.6,-0.3,32.1,-0.1,optimal,optimal,optimal,optimal,danger,optimal,→ stable,→ stable,→ stable,0.0,🔴 CRITICAL,False,NONE,3.0,0.0,NONE
1780022734.736,82.6,88.9,32.2,1515.0,-0.3,13.79,31.6,-0.0,32.2,0.2,optimal,optimal,optimal,optimal,danger,optimal,→ stable,↓ decreasing,→ stable,0.0,🔴 CRITICAL,False,NONE,3.3,0.6,NONE
1780022735.737,82.3,90.2,31.8,1517.0,-0.7,13.78,32.1,-0.1,31.9,-0.3,optimal,optimal,optimal,optimal,danger,optimal,↑ increasing,→ stable,→ stable,0.0,🔴 CRITICAL,False,NONE,3.8,0.0,NONE
1780022736.737,78.2,89.1,32.1,1523.0,-0.7,13.82,32.0,-0.3,32.3,0.2,optimal,optimal,optimal,optimal,danger,optimal,↑ increasing,↓ decreasing,→ stable,0.0,🔴 CRITICAL,False,NONE,3.2,0.4,NONE
1780022737.738,80.1,90.3,32.2,1506.0,-0.9,13.81,31.8,0.1,32.0,0.1,optimal,optimal,optimal,optimal,danger,optimal,→ stable,↓ decreasing,→ stable,0.0,🔴 CRITICAL,False,NONE,3.2,0.0,NONE
1780022738.738,79.4,90.2,32.3,1473.0,0.8,13.79,31.7,0.1,31.6,0.0,optimal,optimal,optimal,optimal,danger,optimal,→ stable,→ stable,→ stable,0.0,🔴 CRITICAL,False,NONE,3.1,0.0,NONE
1780022739.738,78.8,88.6,32.1,1477.0,-0.5,13.81,32.0,0.0,31.7,-0.1,optimal,optimal,optimal,optimal,danger,optimal,→ stable,→ stable,→ stable,0.0,🔴 CRITICAL,False,NONE,3.3,1.0,NONE
1780022740.74,78.2,91.1,31.7,1542.0,-0.9,13.84,31.7,-0.1,32.0,-0.3,optimal,optimal,optimal,optimal,danger,optimal,↓ decreasing,→ stable,→ stable,0.0,🔴 CRITICAL,False,NONE,3.7,0.0,NONE
1780022741.74,80.4,90.2,32.0,1509.0,-0.8,13.81,32.1,-0.3,32.0,0.4,optimal,optimal,optimal,optimal,danger,optimal,↓ decreasing,→ stable,→ stable,0.0,🔴 CRITICAL,False,NONE,3.4,0.0,NONE
1780022742.741,80.2,90.3,32.4,1503.0,0.3,13.77,32.3,0.4,32.4,-0.1,optimal,optimal,optimal,optimal,danger,optimal,↓ decreasing,→ stable,→ stable,0.0,🔴 CRITICAL,False,NONE,3.0,0.0,NONE
1780022743.742,79.8,90.1,32.1,1550.0,-0.2,13.81,32.0,-0.3,31.9,0.0,optimal,optimal,optimal,optimal,danger,optimal,→ stable,→ stable,→ stable,0.0,🔴 CRITICAL,False,NONE,3.3,0.0,NONE
1780022744.742,79.7,89.8,32.1,1501.0,-0.9,13.81,31.8,-0.2,31.7,-0.3,optimal,optimal,optimal,optimal,danger,optimal,↓ decreasing,→ stable,→ stable,0.0,🔴 CRITICAL,False,NONE,3.3,0.0,NONE
1780022745.743,82.4,90.6,32.3,1483.0,0.8,13.84,32.1,0.1,31.6,-0.0,optimal,optimal,optimal,optimal,danger,optimal,↓ decreasing,→ stable,→ stable,0.0,🔴 CRITICAL,False,NONE,3.2,0.0,NONE
1780022746.743,79.7,91.4,32.0,1540.0,-0.4,13.79,32.2,-0.4,32.3,0.2,optimal,optimal,optimal,optimal,danger,optimal,↓ decreasing,↑ increasing,→ stable,0.0,🔴 CRITICAL,False,NONE,3.4,0.0,NONE
1780022747.743,80.1,90.3,32.3,1502.0,0.0,13.79,32.1,0.2,31.7,-0.3,optimal,optimal,optimal,optimal,danger,optimal,↓ decreasing,↑ increasing,→ stable,0.0,🔴 CRITICAL,False,NONE,3.1,0.0,NONE
1780022748.743,78.2,91.3,32.1,1537.0,0.8,13.81,32.1,0.4,32.3,-0.4,optimal,optimal,optimal,optimal,danger,optimal,↓ decreasing,↑ increasing,→ stable,0.0,🔴 CRITICAL,False,NONE,3.2,0.0,NONE
1780022749.744,77.6,90.7,31.6,1460.0,0.3,13.85,31.8,-0.0,31.8,0.3,optimal,optimal,optimal,optimal,danger,optimal,→ stable,↑ increasing,→ stable,0.0,🔴 CRITICAL,False,NONE,3.8,0.0,NONE
1780022750.745,83.0,91.1,31.7,1512.0,0.4,13.77,32.4,-0.2,32.2,-0.1,optimal,optimal,optimal,optimal,danger,optimal,→ stable,↑ increasing,→ stable,0.0,🔴 CRITICAL,False,NONE,3.9,0.0,NONE
1780022751.746,79.7,88.6,32.0,1531.0,0.8,13.81,32.0,-0.2,32.2,-0.0,optimal,optimal,optimal,optimal,danger,optimal,→ stable,→ stable,→ stable,0.0,🔴 CRITICAL,False,NONE,3.4,1.0,NONE
1780022752.748,77.3,90.9,32.1,1491.0,35.9,13.77,32.3,0.3,32.2,-0.2,optimal,optimal,optimal,optimal,optimal,optimal,→ stable,↑ increasing,→ stable,0.0,🔴 CRITICAL,False,NONE,3.2,0.0,NONE
1780022753.749,80.8,89.2,32.2,1542.0,35.6,13.81,32.1,-0.0,31.9,-0.1,optimal,optimal,optimal,optimal,optimal,optimal,→ stable,→ stable,→ stable,0.0,🔴 CRITICAL,False,NONE,3.2,0.3,NONE
1780022754.749,81.9,90.3,32.3,1496.0,34.6,13.82,32.0,0.3,32.3,-0.4,optimal,optimal,optimal,optimal,optimal,optimal,→ stable,→ stable,→ stable,0.0,🔴 CRITICAL,False,NONE,3.2,0.0,NONE
1780022755.749,81.6,90.8,32.4,1493.0,34.9,13.78,32.0,0.1,32.3,0.2,optimal,optimal,optimal,optimal,optimal,optimal,→ stable,→ stable,→ stable,0.0,🔴 CRITICAL,False,NONE,3.0,0.0,NONE
1780022756.75,81.5,88.6,32.1,1479.0,34.3,13.82,32.4,-0.1,32.0,0.2,optimal,optimal,optimal,optimal,optimal,optimal,→ stable,→ stable,→ stable,0.0,🔴 CRITICAL,False,NONE,3.4,1.0,NONE
1780022757.751,82.5,91.4,32.1,1461.0,34.1,13.8,31.9,-0.4,31.6,0.3,optimal,optimal,optimal,optimal,optimal,optimal,↑ increasing,→ stable,→ stable,0.0,🔴 CRITICAL,False,NONE,3.4,0.0,NONE
1780022758.752,80.1,89.4,32.0,1474.0,35.3,13.78,31.8,0.1,32.1,-0.2,optimal,optimal,optimal,optimal,optimal,optimal,↑ increasing,→ stable,→ stable,0.0,🔴 CRITICAL,False,NONE,3.4,0.2,NONE
1780022759.752,79.7,89.9,32.1,1506.0,35.2,13.75,32.4,-0.2,32.3,0.3,optimal,optimal,optimal,optimal,optimal,optimal,↑ increasing,↓ decreasing,→ stable,0.0,🔴 CRITICAL,False,NONE,3.3,0.0,NONE
1780022760.753,80.4,89.0,31.9,1538.0,36.0,13.75,32.4,0.3,31.7,-0.1,optimal,optimal,optimal,optimal,optimal,optimal,→ stable,↓ decreasing,→ stable,0.0,🔴 CRITICAL,False,NONE,3.6,0.5,NONE
1780022761.754,82.9,90.4,32.2,1544.0,34.9,13.76,31.6,-0.0,31.9,-0.1,optimal,optimal,optimal,optimal,optimal,optimal,↑ increasing,→ stable,→ stable,0.0,🔴 CRITICAL,False,NONE,3.3,0.0,NONE
1780022762.755,82.8,89.9,32.1,1518.0,35.9,13.78,32.2,-0.1,31.9,-0.1,optimal,optimal,optimal,optimal,optimal,optimal,↑ increasing,↓ decreasing,→ stable,0.0,🔴 CRITICAL,False,NONE,3.4,0.0,NONE
1780022763.755,82.9,91.2,31.7,1532.0,34.4,13.79,31.7,0.1,32.1,0.1,optimal,optimal,optimal,optimal,optimal,optimal,↑ increasing,→ stable,→ stable,0.0,🔴 CRITICAL,False,NONE,3.9,0.0,NONE
1780022764.756,77.7,90.0,31.9,1513.0,34.8,13.83,31.8,0.3,32.1,0.1,optimal,optimal,optimal,optimal,optimal,optimal,↑ increasing,→ stable,→ stable,0.0,🔴 CRITICAL,False,NONE,3.4,0.0,NONE
1780022765.757,301.6,89.5,31.6,1464.0,36.0,13.75,32.2,-0.3,32.3,0.4,danger,optimal,optimal,optimal,optimal,optimal,↑ increasing,↓ decreasing,→ stable,0.0,🚨 EMERGENCY,True,NONE,14.6,0.1,⚠️ EXCESSIVE_SPEED: Vehicle speed exceeds safe limits
1780022766.758,298.2,89.9,31.6,1481.0,34.5,13.85,31.9,0.1,31.7,0.2,danger,optimal,optimal,optimal,optimal,optimal,↑ increasing,→ stable,→ stable,0.0,🚨 EMERGENCY,True,NONE,14.5,0.0,⚠️ EXCESSIVE_SPEED: Vehicle speed exceeds safe limits
1780022767.758,300.4,90.3,32.0,1533.0,34.9,13.83,31.8,0.2,32.3,-0.2,danger,optimal,optimal,optimal,optimal,optimal,↑ increasing,→ stable,→ stable,0.0,🚨 EMERGENCY,True,NONE,12.9,0.0,⚠️ EXCESSIVE_SPEED: Vehicle speed exceeds safe limits
1780022768.759,297.8,91.5,31.7,1542.0,35.8,13.84,31.7,0.3,31.8,0.0,danger,optimal,optimal,optimal,optimal,optimal,↑ increasing,→ stable,→ stable,0.0,🚨 EMERGENCY,True,NONE,14.0,0.0,⚠️ EXCESSIVE_SPEED: Vehicle speed exceeds safe limits
1780022769.76,297.4,90.8,32.3,1484.0,34.1,13.79,32.0,0.2,31.6,0.3,danger,optimal,optimal,optimal,optimal,optimal,↑ increasing,→ stable,→ stable,0.0,🚨 EMERGENCY,True,NONE,11.5,0.0,⚠️ EXCESSIVE_SPEED: Vehicle speed exceeds safe limits
1780022770.761,300.6,89.9,31.7,1454.0,35.1,13.77,32.1,-0.3,31.6,-0.3,danger,optimal,optimal,optimal,optimal,optimal,↑ increasing,↑ increasing,→ stable,0.0,🚨 EMERGENCY,True,NONE,14.1,0.0,⚠️ EXCESSIVE_SPEED: Vehicle speed exceeds safe limits
1780022771.761,302.9,88.8,32.1,1511.0,35.1,13.77,32.0,0.0,32.3,0.2,danger,optimal,optimal,optimal,optimal,optimal,↑ increasing,→ stable,→ stable,0.0,🚨 EMERGENCY,True,NONE,12.4,0.7,⚠️ EXCESSIVE_SPEED: Vehicle speed exceeds safe limits
1780022772.761,297.0,90.2,32.2,1536.0,34.0,13.79,31.8,-0.2,31.7,0.0,danger,optimal,optimal,optimal,optimal,optimal,↑ increasing,→ stable,→ stable,0.0,🚨 EMERGENCY,True,NONE,11.9,0.0,⚠️ EXCESSIVE_SPEED: Vehicle speed exceeds safe limits
1780022773.762,301.6,90.0,31.7,1507.0,34.1,13.85,32.2,-0.1,32.2,-0.2,danger,optimal,optimal,optimal,optimal,optimal,↑ increasing,→ stable,→ stable,0.0,🚨 EMERGENCY,True,NONE,14.1,0.0,⚠️ EXCESSIVE_SPEED: Vehicle speed exceeds safe limits
1780022774.763,297.2,88.9,32.0,1527.0,34.7,13.85,31.7,0.1,31.9,0.2,danger,optimal,optimal,optimal,optimal,optimal,↑ increasing,→ stable,→ stable,0.0,🚨 EMERGENCY,True,NONE,12.7,0.6,⚠️ EXCESSIVE_SPEED: Vehicle speed exceeds safe limits
1780022775.763,301.6,90.3,32.1,1513.0,35.3,13.75,32.0,0.1,32.0,0.1,danger,optimal,optimal,optimal,optimal,optimal,↑ increasing,→ stable,→ stable,0.0,🚨 EMERGENCY,True,NONE,12.4,0.0,⚠️ EXCESSIVE_SPEED: Vehicle speed exceeds safe limits
1780022776.764,299.5,89.2,31.9,1458.0,34.2,13.77,32.2,-0.3,32.1,-0.0,danger,optimal,optimal,optimal,optimal,optimal,↑ increasing,→ stable,→ stable,0.0,🚨 EMERGENCY,True,NONE,13.3,0.3,⚠️ EXCESSIVE_SPEED: Vehicle speed exceeds safe limits
1780022777.764,297.0,91.2,32.0,1470.0,34.0,13.76,32.3,-0.1,31.7,-0.0,danger,optimal,optimal,optimal,optimal,optimal,↑ increasing,→ stable,→ stable,0.0,🚨 EMERGENCY,True,NONE,12.7,0.0,⚠️ EXCESSIVE_SPEED: Vehicle speed exceeds safe limits
1780022778.764,301.9,89.5,31.7,1515.0,35.6,13.83,32.1,0.3,32.2,-0.1,danger,optimal,optimal,optimal,optimal,optimal,↑ increasing,→ stable,→ stable,0.0,🚨 EMERGENCY,True,NONE,14.1,0.1,⚠️ EXCESSIVE_SPEED: Vehicle speed exceeds safe limits
1780022779.765,302.8,90.8,31.7,1538.0,35.5,13.77,31.7,0.3,32.1,0.0,danger,optimal,optimal,optimal,optimal,optimal,↑ increasing,→ stable,→ stable,0.0,🚨 EMERGENCY,True,NONE,14.1,0.0,⚠️ EXCESSIVE_SPEED: Vehicle speed exceeds safe limits
1780022780.767,298.5,89.0,31.7,1478.0,34.5,13.76,31.9,-0.1,31.9,-0.2,danger,optimal,optimal,optimal,optimal,optimal,↑ increasing,↓ decreasing,→ stable,0.0,🚨 EMERGENCY,True,NONE,14.1,0.5,⚠️ EXCESSIVE_SPEED: Vehicle speed exceeds safe limits
1780022781.767,302.8,90.6,31.8,1516.0,35.1,13.85,32.3,-0.2,31.7,-0.1,danger,optimal,optimal,optimal,optimal,optimal,↑ increasing,→ stable,→ stable,0.0,🚨 EMERGENCY,True,NONE,13.7,0.0,⚠️ EXCESSIVE_SPEED: Vehicle speed exceeds safe limits
1780022782.768,300.5,89.5,31.8,1474.0,34.4,13.83,31.8,-0.0,32.1,-0.3,danger,optimal,optimal,optimal,optimal,optimal,↑ increasing,→ stable,→ stable,0.0,🚨 EMERGENCY,True,NONE,13.7,0.1,⚠️ EXCESSIVE_SPEED: Vehicle speed exceeds safe limits
1780022783.768,297.6,89.7,32.2,1548.0,35.1,13.82,31.7,-0.2,31.7,-0.1,danger,optimal,optimal,optimal,optimal,optimal,↑ increasing,→ stable,→ stable,0.0,🚨 EMERGENCY,True,NONE,11.9,0.0,⚠️ EXCESSIVE_SPEED: Vehicle speed exceeds safe limits
1780022784.769,302.9,89.5,32.1,1504.0,34.7,13.85,32.2,-0.3,32.1,0.1,danger,optimal,optimal,optimal,optimal,optimal,↑ increasing,→ stable,→ stable,0.0,🚨 EMERGENCY,True,NONE,12.4,0.1,⚠️ EXCESSIVE_SPEED: Vehicle speed exceeds safe limits
1780022785.769,299.2,88.6,32.0,1496.0,35.3,13.84,32.0,-0.2,31.9,-0.1,danger,optimal,optimal,optimal,optimal,optimal,↑ increasing,→ stable,→ stable,0.0,🚨 EMERGENCY,True,NONE,12.8,1.0,⚠️ EXCESSIVE_SPEED: Vehicle speed exceeds safe limits
1780022786.771,298.4,91.0,31.8,1459.0,34.3,13.8,31.7,-0.4,31.9,-0.1,danger,optimal,optimal,optimal,optimal,optimal,↑ increasing,→ stable,→ stable,0.0,🚨 EMERGENCY,True,NONE,13.6,0.0,⚠️ EXCESSIVE_SPEED: Vehicle speed exceeds safe limits
1780022787.772,302.9,90.0,32.2,1457.0,35.4,13.79,31.9,0.4,32.2,0.0,danger,optimal,optimal,optimal,optimal,optimal,↑ increasing,→ stable,→ stable,0.0,🚨 EMERGENCY,True,NONE,12.0,0.0,⚠️ EXCESSIVE_SPEED: Vehicle speed exceeds safe limits
1780022788.773,298.3,88.6,31.7,1488.0,35.7,13.8,32.2,-0.2,32.3,0.2,danger,optimal,optimal,optimal,optimal,optimal,↑ increasing,→ stable,→ stable,0.0,🚨 EMERGENCY,True,NONE,14.1,1.0,⚠️ EXCESSIVE_SPEED: Vehicle speed exceeds safe limits
1780022789.774,298.7,90.1,32.1,1523.0,35.7,13.79,31.6,-0.2,32.2,0.3,danger,optimal,optimal,optimal,optimal,optimal,→ stable,→ stable,→ stable,0.0,🚨 EMERGENCY,True,NONE,12.4,0.0,⚠️ EXCESSIVE_SPEED: Vehicle speed exceeds safe limits
1780022790.775,301.0,89.7,31.9,1533.0,34.5,13.75,31.9,-0.3,32.0,-0.2,danger,optimal,optimal,optimal,optimal,optimal,→ stable,→ stable,→ stable,0.0,🚨 EMERGENCY,True,NONE,13.3,0.0,⚠️ EXCESSIVE_SPEED: Vehicle speed exceeds safe limits
1780022791.776,302.3,89.1,31.7,1480.0,34.4,13.79,32.4,-0.3,31.9,0.2,danger,optimal,optimal,optimal,optimal,optimal,→ stable,→ stable,→ stable,0.0,🚨 EMERGENCY,True,NONE,14.1,0.4,⚠️ EXCESSIVE_SPEED: Vehicle speed exceeds safe limits
1780022792.777,302.2,88.6,31.9,1546.0,34.7,13.83,31.7,0.0,31.9,0.1,danger,optimal,optimal,optimal,optimal,optimal,→ stable,→ stable,→ stable,0.0,🚨 EMERGENCY,True,NONE,13.3,1.0,⚠️ EXCESSIVE_SPEED: Vehicle speed exceeds safe limits
1780022793.777,298.3,90.1,31.6,1480.0,35.6,13.83,32.0,-0.2,32.1,0.4,danger,optimal,optimal,optimal,optimal,optimal,→ stable,→ stable,→ stable,0.0,🚨 EMERGENCY,True,NONE,14.5,0.0,⚠️ EXCESSIVE_SPEED: Vehicle speed exceeds safe limits
1780022794.777,300.9,89.5,31.6,1532.0,34.4,13.79,32.2,0.1,32.2,-0.0,danger,optimal,optimal,optimal,optimal,optimal,→ stable,→ stable,→ stable,0.0,🚨 EMERGENCY,True,NONE,14.6,0.1,⚠️ EXCESSIVE_SPEED: Vehicle speed exceeds safe limits
1780022795.778,297.2,90.9,31.8,1475.0,35.1,13.82,31.8,0.4,32.0,0.3,danger,optimal,optimal,optimal,optimal,optimal,→ stable,→ stable,→ stable,0.0,🚨 EMERGENCY,True,NONE,13.6,0.0,⚠️ EXCESSIVE_SPEED: Vehicle speed exceeds safe limits
1780022796.779,298.7,89.0,31.6,1493.0,34.4,13.8,31.9,0.2,32.0,-0.4,danger,optimal,optimal,optimal,optimal,optimal,→ stable,→ stable,→ stable,0.0,🚨 EMERGENCY,True,NONE,14.5,0.5,⚠️ EXCESSIVE_SPEED: Vehicle speed exceeds safe limits
1780022797.779,300.6,89.5,32.3,1488.0,34.7,13.8,32.3,-0.2,32.3,0.2,danger,optimal,optimal,optimal,optimal,optimal,↓ decreasing,→ stable,→ stable,0.0,🚨 EMERGENCY,True,NONE,11.6,0.1,⚠️ EXCESSIVE_SPEED: Vehicle speed exceeds safe limits
1780022798.781,302.4,89.6,32.1,1545.0,35.9,13.8,32.0,0.1,32.1,0.4,danger,optimal,optimal,optimal,optimal,optimal,→ stable,→ stable,→ stable,0.0,🚨 EMERGENCY,True,NONE,12.4,0.1,⚠️ EXCESSIVE_SPEED: Vehicle speed exceeds safe limits
1780022799.781,99.4,88.5,32.1,1476.0,36.0,13.8,32.1,0.4,31.6,0.1,optimal,optimal,optimal,optimal,optimal,optimal,↓ decreasing,→ stable,→ stable,0.0,🔴 CRITICAL,False,NONE,4.1,1.1,NONE
1780022800.782,99.5,89.4,32.0,1456.0,35.5,13.82,31.9,-0.3,32.2,0.3,optimal,optimal,optimal,optimal,optimal,optimal,↓ decreasing,→ stable,→ stable,0.0,🔴 CRITICAL,False,NONE,4.3,0.2,NONE
1780022801.783,102.2,88.7,31.7,1532.0,35.1,13.76,31.8,-0.1,31.9,0.1,optimal,optimal,optimal,optimal,optimal,optimal,↓ decreasing,→ stable,→ stable,0.0,🔴 CRITICAL,False,NONE,4.8,0.8,NONE
1780022802.784,101.4,90.8,32.0,1497.0,35.7,13.78,32.1,-0.3,31.9,0.1,optimal,optimal,optimal,optimal,optimal,optimal,↓ decreasing,→ stable,→ stable,0.0,🔴 CRITICAL,False,NONE,4.3,0.0,NONE
1780022803.785,101.9,89.3,32.1,1481.0,35.7,13.81,32.1,0.1,32.0,-0.2,optimal,optimal,optimal,optimal,optimal,optimal,↓ decreasing,→ stable,→ stable,0.0,🔴 CRITICAL,False,NONE,4.2,0.2,NONE
1780022804.787,102.8,91.0,31.9,1502.0,35.6,13.78,31.7,0.2,31.7,-0.1,optimal,optimal,optimal,optimal,optimal,optimal,↓ decreasing,→ stable,→ stable,0.0,🔴 CRITICAL,False,NONE,4.6,0.0,NONE
1780022805.788,101.9,90.2,32.1,1467.0,36.0,13.76,31.8,-0.1,31.6,-0.1,optimal,optimal,optimal,optimal,optimal,optimal,↓ decreasing,→ stable,→ stable,0.0,🔴 CRITICAL,False,NONE,4.2,0.0,NONE
1780022806.788,98.8,91.4,32.0,1471.0,34.2,13.75,32.2,59.8,32.2,-0.2,optimal,optimal,optimal,optimal,optimal,optimal,↓ decreasing,→ stable,→ stable,33.3,🟡 FAIR,False,NONE,4.2,0.0,NONE
1780022807.79,100.8,88.7,32.2,1487.0,34.9,13.84,32.0,60.0,32.1,-0.1,optimal,optimal,optimal,optimal,optimal,optimal,↓ decreasing,→ stable,→ stable,66.3,🟢 GOOD,False,NONE,4.0,0.8,NONE
1780022808.791,97.1,89.7,31.7,1512.0,34.4,13.78,31.9,59.9,32.2,0.2,optimal,optimal,optimal,optimal,optimal,optimal,↓ decreasing,→ stable,→ stable,99.6,✅ EXCELLENT,False,NONE,4.6,0.0,NONE
1780022809.791,98.2,90.1,32.4,1481.0,35.5,13.84,31.9,60.3,31.8,-0.3,optimal,optimal,optimal,optimal,optimal,optimal,↓ decreasing,→ stable,→ stable,99.6,✅ EXCELLENT,False,NONE,3.6,0.0,NONE
1780022810.792,102.8,90.5,32.1,1450.0,35.4,13.81,32.3,59.8,32.3,-0.4,optimal,optimal,optimal,optimal,optimal,optimal,↓ decreasing,↑ increasing,→ stable,99.6,✅ EXCELLENT,False,NONE,4.3,0.0,NONE
1780022811.792,98.9,90.6,32.4,1476.0,35.4,13.83,31.9,60.2,32.2,-0.3,optimal,optimal,optimal,optimal,optimal,optimal,↓ decreasing,↑ increasing,→ stable,99.6,✅ EXCELLENT,False,NONE,3.7,0.0,NONE
1780022812.793,99.2,91.5,32.3,1506.0,35.6,13.8,31.7,60.2,31.9,0.2,optimal,optimal,optimal,optimal,optimal,optimal,↓ decreasing,↑ increasing,→ stable,99.6,✅ EXCELLENT,False,NONE,3.8,0.0,NONE
1780022813.794,99.1,91.0,32.0,1520.0,34.6,13.76,31.6,60.2,31.9,-0.2,optimal,optimal,optimal,optimal,optimal,optimal,↓ decreasing,↑ increasing,→ stable,99.6,✅ EXCELLENT,False,NONE,4.2,0.0,NONE
1780022814.795,101.4,91.1,31.6,1474.0,34.6,13.75,32.1,59.6,32.0,-0.3,optimal,optimal,optimal,optimal,optimal,optimal,↓ decreasing,↑ increasing,→ stable,99.6,✅ EXCELLENT,False,NONE,4.9,0.0,NONE
1780022815.796,97.3,88.9,31.7,1543.0,35.2,13.81,31.6,60.1,32.2,0.1,optimal,optimal,optimal,optimal,optimal,optimal,↓ decreasing,↑ increasing,→ stable,99.6,✅ EXCELLENT,False,NONE,4.6,0.6,NONE
1780022816.797,100.7,89.9,31.7,1544.0,34.7,13.8,32.3,60.2,31.9,-0.1,optimal,optimal,optimal,optimal,optimal,optimal,↓ decreasing,→ stable,→ stable,99.6,✅ EXCELLENT,False,NONE,4.7,0.0,NONE
1780022817.798,99.8,88.6,32.0,1501.0,35.1,13.81,32.1,60.2,32.1,-0.4,optimal,optimal,optimal,optimal,optimal,optimal,↓ decreasing,→ stable,→ stable,99.6,✅ EXCELLENT,False,NONE,4.3,1.0,NONE
1780022818.798,100.5,89.4,31.8,1527.0,35.1,13.78,32.4,59.7,31.7,-0.1,optimal,optimal,optimal,optimal,optimal,optimal,↓ decreasing,→ stable,→ stable,99.6,✅ EXCELLENT,False,NONE,4.6,0.2,NONE
1780022819.799,103.0,90.4,32.0,1546.0,34.9,13.83,32.3,60.0,31.8,-0.0,optimal,optimal,optimal,optimal,optimal,optimal,→ stable,→ stable,→ stable,99.6,✅ EXCELLENT,False,NONE,4.4,0.0,NONE
1780022820.8,100.8,91.0,31.9,1474.0,35.8,13.81,32.4,60.2,31.9,0.3,optimal,optimal,optimal,optimal,optimal,optimal,↓ decreasing,→ stable,→ stable,99.6,✅ EXCELLENT,False,NONE,4.5,0.0,NONE
1780022821.801,101.7,91.0,32.1,1521.0,34.7,13.84,31.8,60.1,31.7,-0.3,optimal,optimal,optimal,optimal,optimal,optimal,→ stable,→ stable,→ stable,99.6,✅ EXCELLENT,False,NONE,4.2,0.0,NONE
1780022822.802,98.2,91.0,32.0,1466.0,34.9,13.76,31.8,60.0,31.7,-0.0,optimal,optimal,optimal,optimal,optimal,optimal,→ stable,→ stable,→ stable,99.6,✅ EXCELLENT,False,NONE,4.2,0.0,NONE
1780022823.802,102.3,88.5,32.0,1486.0,35.1,13.84,32.1,60.1,31.7,0.3,optimal,optimal,optimal,optimal,optimal,optimal,↑ increasing,→ stable,→ stable,99.6,✅ EXCELLENT,False,NONE,4.4,1.1,NONE
1780022824.804,98.8,90.8,31.9,1469.0,35.2,13.82,32.3,60.2,32.2,-0.3,optimal,optimal,optimal,optimal,optimal,optimal,→ stable,↓ decreasing,→ stable,99.6,✅ EXCELLENT,False,NONE,4.4,0.0,NONE
1780022825.804,102.0,91.1,32.2,1538.0,36.0,13.76,32.0,60.1,31.8,0.4,optimal,optimal,optimal,optimal,optimal,optimal,↑ increasing,→ stable,→ stable,99.6,✅ EXCELLENT,False,NONE,4.1,0.0,NONE
1780022826.805,102.9,89.3,32.3,1477.0,35.5,13.8,32.2,59.6,32.3,-0.1,optimal,optimal,optimal,optimal,optimal,optimal,↑ increasing,→ stable,→ stable,99.6,✅ EXCELLENT,False,NONE,4.0,0.2,NONE
1780022827.807,99.9,89.5,31.9,1500.0,34.4,13.8,32.0,59.7,31.7,0.4,optimal,optimal,optimal,optimal,optimal,optimal,↑ increasing,→ stable,→ stable,99.6,✅ EXCELLENT,False,NONE,4.4,0.1,NONE
1780022828.808,98.6,89.0,31.8,1508.0,35.9,13.78,31.6,59.7,31.7,-0.2,optimal,optimal,optimal,optimal,optimal,optimal,↑ increasing,→ stable,→ stable,99.6,✅ EXCELLENT,False,NONE,4.5,0.5,NONE
1780022829.809,97.7,89.6,31.6,1464.0,34.2,13.76,31.9,59.7,32.2,0.2,optimal,optimal,optimal,optimal,optimal,optimal,→ stable,→ stable,→ stable,99.6,✅ EXCELLENT,False,NONE,4.7,0.1,NONE
1780022830.81,98.7,91.4,32.2,1455.0,35.6,13.77,32.1,59.9,31.7,-0.3,optimal,optimal,optimal,optimal,optimal,optimal,→ stable,→ stable,→ stable,99.6,✅ EXCELLENT,False,NONE,3.9,0.0,NONE
1780022831.811,101.5,89.0,31.8,1476.0,34.3,13.81,31.9,60.1,31.6,-0.1,optimal,optimal,optimal,optimal,optimal,optimal,→ stable,→ stable,→ stable,99.6,✅ EXCELLENT,False,NONE,4.6,0.5,NONE
1780022832.811,100.3,89.5,32.2,1536.0,34.9,13.79,32.3,59.8,32.3,0.0,optimal,optimal,optimal,optimal,optimal,optimal,→ stable,→ stable,→ stable,99.6,✅ EXCELLENT,False,NONE,4.0,0.1,NONE
1780022833.812,102.3,88.7,32.1,1464.0,34.2,13.79,32.2,60.2,31.7,-0.0,optimal,optimal,optimal,optimal,optimal,optimal,→ stable,→ stable,→ stable,99.6,✅ EXCELLENT,False,NONE,4.2,0.8,NONE
1780022834.813,97.4,89.4,31.7,1500.0,34.6,13.76,32.0,60.3,31.8,-0.2,optimal,optimal,optimal,optimal,optimal,optimal,→ stable,→ stable,→ stable,99.6,✅ EXCELLENT,False,NONE,4.6,0.2,NONE
1780022835.814,97.0,90.8,31.7,1507.0,34.6,13.76,32.3,60.2,32.3,0.1,optimal,optimal,optimal,optimal,optimal,optimal,↓ decreasing,↓ decreasing,→ stable,99.6,✅ EXCELLENT,False,NONE,4.6,0.0,NONE
1780022836.815,97.7,90.0,31.8,1534.0,35.3,13.79,32.0,60.4,31.6,0.4,optimal,optimal,optimal,optimal,optimal,optimal,↓ decreasing,→ stable,→ stable,99.6,✅ EXCELLENT,False,NONE,4.5,0.0,NONE
1780022837.816,102.1,91.3,31.9,1494.0,34.5,13.78,31.9,59.9,31.7,-0.4,optimal,optimal,optimal,optimal,optimal,optimal,↓ decreasing,→ stable,→ stable,99.6,✅ EXCELLENT,False,NONE,4.5,0.0,NONE
1780022838.817,100.3,89.5,32.0,1525.0,35.2,13.8,31.8,60.1,32.0,0.1,optimal,optimal,optimal,optimal,optimal,optimal,↓ decreasing,→ stable,→ stable,99.6,✅ EXCELLENT,False,NONE,4.3,0.1,NONE
1780022839.818,100.6,90.5,32.2,1477.0,35.4,13.78,32.0,59.6,32.2,0.1,optimal,optimal,optimal,optimal,optimal,optimal,→ stable,→ stable,→ stable,99.6,✅ EXCELLENT,False,NONE,4.0,0.0,NONE
1780022840.818,98.2,89.9,31.8,1514.0,35.1,13.76,32.0,60.2,32.0,0.4,optimal,optimal,optimal,optimal,optimal,optimal,→ stable,→ stable,→ stable,99.6,✅ EXCELLENT,False,NONE,4.5,0.0,NONE
1780022841.819,98.7,88.6,32.3,1520.0,35.6,13.81,31.7,60.3,31.9,0.3,optimal,optimal,optimal,optimal,optimal,optimal,↓ decreasing,→ stable,→ stable,99.6,✅ EXCELLENT,False,NONE,3.8,1.0,NONE
1780022842.819,102.4,90.1,32.1,1549.0,34.1,13.75,32.0,59.8,32.3,-0.1,optimal,optimal,optimal,optimal,optimal,optimal,↓ decreasing,→ stable,→ stable,99.6,✅ EXCELLENT,False,NONE,4.2,0.0,NONE
1780022843.819,98.4,89.8,31.9,1489.0,34.4,13.81,32.3,59.9,31.8,0.2,optimal,optimal,optimal,optimal,optimal,optimal,↓ decreasing,→ stable,→ stable,99.6,✅ EXCELLENT,False,NONE,4.4,0.0,NONE
1780022844.82,100.7,89.3,32.2,1490.0,34.8,13.78,31.6,60.1,31.9,0.2,optimal,optimal,optimal,optimal,optimal,optimal,↓ decreasing,→ stable,→ stable,99.6,✅ EXCELLENT,False,NONE,4.0,0.2,NONE
1780022845.822,100.3,89.1,32.2,1512.0,35.1,13.79,31.9,60.3,32.0,-0.4,optimal,optimal,optimal,optimal,optimal,optimal,→ stable,→ stable,→ stable,99.6,✅ EXCELLENT,False,NONE,4.0,0.4,NONE
1780022846.822,99.5,89.7,31.6,1502.0,34.2,13.83,31.9,60.1,31.8,0.3,optimal,optimal,optimal,optimal,optimal,optimal,↑ increasing,→ stable,→ stable,99.6,✅ EXCELLENT,False,NONE,4.8,0.0,NONE
1780022847.822,100.0,89.7,32.1,1546.0,34.6,13.79,32.3,60.0,32.1,0.1,optimal,optimal,optimal,optimal,optimal,optimal,↑ increasing,→ stable,→ stable,99.6,✅ EXCELLENT,False,NONE,4.1,0.0,NONE
1780022848.824,102.9,90.6,32.3,1496.0,35.1,13.76,31.8,59.9,32.3,0.3,optimal,optimal,optimal,optimal,optimal,optimal,↑ increasing,→ stable,→ stable,99.6,✅ EXCELLENT,False,NONE,4.0,0.0,NONE
1780022849.824,99.3,88.9,32.0,1531.0,34.2,13.76,32.2,60.2,32.3,-0.1,optimal,optimal,optimal,optimal,optimal,optimal,→ stable,→ stable,→ stable,99.6,✅ EXCELLENT,False,NONE,4.3,0.6,NONE
1780022850.824,100.4,91.3,31.8,1547.0,35.5,13.82,31.6,59.8,31.9,0.3,optimal,optimal,optimal,optimal,optimal,optimal,↑ increasing,→ stable,→ stable,99.6,✅ EXCELLENT,False,NONE,4.6,0.0,NONE
1780022851.824,97.4,88.7,32.0,1483.0,34.9,13.82,31.8,60.1,31.9,0.0,optimal,optimal,optimal,optimal,optimal,optimal,↑ increasing,→ stable,→ stable,99.6,✅ EXCELLENT,False,NONE,4.2,0.8,NONE
1780022852.824,98.2,91.2,32.1,1460.0,34.1,13.85,32.4,59.7,31.6,0.3,optimal,optimal,optimal,optimal,optimal,optimal,→ stable,→ stable,→ stable,99.6,✅ EXCELLENT,False,NONE,4.1,0.0,NONE
1780022853.824,102.7,88.5,32.2,1475.0,35.2,13.77,32.1,60.1,32.1,-0.2,optimal,optimal,optimal,optimal,optimal,optimal,↑ increasing,→ stable,→ stable,99.6,✅ EXCELLENT,False,NONE,4.1,1.1,NONE
1780022854.826,102.8,90.6,31.8,1534.0,35.6,13.83,32.0,60.4,31.8,-0.2,optimal,optimal,optimal,optimal,optimal,optimal,↑ increasing,→ stable,→ stable,99.6,✅ EXCELLENT,False,NONE,4.7,0.0,NONE
1780022855.826,101.9,90.9,32.1,1546.0,34.1,13.84,31.8,59.9,32.4,0.4,optimal,optimal,optimal,optimal,optimal,optimal,↑ increasing,→ stable,→ stable,99.6,✅ EXCELLENT,False,NONE,4.2,0.0,NONE
1780022856.826,100.0,91.2,31.8,1458.0,35.3,13.8,32.1,60.2,31.7,-0.1,optimal,optimal,optimal,optimal,optimal,optimal,→ stable,→ stable,→ stable,99.6,✅ EXCELLENT,False,NONE,4.6,0.0,NONE
1780022857.828,98.9,89.6,32.3,1457.0,34.4,13.81,32.3,59.7,31.7,0.2,optimal,optimal,optimal,optimal,optimal,optimal,↑ increasing,↑ increasing,→ stable,99.6,✅ EXCELLENT,False,NONE,3.8,0.1,NONE
1780022858.829,101.6,88.8,32.2,1539.0,34.9,13.8,32.2,60.2,32.3,-0.2,optimal,optimal,optimal,optimal,optimal,optimal,→ stable,→ stable,→ stable,99.6,✅ EXCELLENT,False,NONE,4.1,0.7,NONE
1780022859.83,102.5,88.6,31.9,1452.0,34.3,13.76,32.0,59.7,32.3,0.1,optimal,optimal,optimal,optimal,optimal,optimal,↑ increasing,→ stable,→ stable,99.6,✅ EXCELLENT,False,NONE,4.5,1.0,NONE
1780022860.831,98.9,90.5,32.2,1549.0,35.1,13.79,32.4,59.6,32.3,-0.3,optimal,optimal,optimal,optimal,optimal,optimal,→ stable,→ stable,→ stable,99.6,✅ EXCELLENT,False,NONE,4.0,0.0,NONE
1780022861.831,100.3,89.9,31.8,1482.0,35.1,13.8,31.9,59.6,31.8,0.2,optimal,optimal,optimal,optimal,optimal,optimal,↑ increasing,→ stable,→ stable,99.6,✅ EXCELLENT,False,NONE,4.6,0.0,NONE
1780022862.831,97.4,90.9,31.6,1486.0,34.3,13.79,32.0,59.8,31.6,-0.2,optimal,optimal,optimal,optimal,optimal,optimal,↑ increasing,→ stable,→ stable,99.6,✅ EXCELLENT,False,NONE,4.7,0.0,NONE
1780022863.832,102.9,90.7,32.2,1500.0,35.7,13.83,31.8,59.9,32.2,-0.1,optimal,optimal,optimal,optimal,optimal,optimal,↑ increasing,→ stable,→ stable,99.6,✅ EXCELLENT,False,NONE,4.1,0.0,NONE
1780022864.832,98.5,89.0,31.9,1513.0,35.5,13.79,31.7,60.2,32.2,0.3,optimal,optimal,optimal,optimal,optimal,optimal,→ stable,→ stable,→ stable,99.6,✅ EXCELLENT,False,NONE,4.4,0.5,NONE
1780022865.832,99.7,91.0,32.2,1471.0,34.2,13.78,31.7,59.9,31.7,0.2,optimal,optimal,optimal,optimal,optimal,optimal,→ stable,→ stable,→ stable,99.6,✅ EXCELLENT,False,NONE,4.0,0.0,NONE
1780022866.832,98.9,90.7,32.1,1539.0,34.6,13.78,31.8,60.4,31.9,0.3,optimal,optimal,optimal,optimal,optimal,optimal,↓ decreasing,→ stable,→ stable,99.6,✅ EXCELLENT,False,NONE,4.1,0.0,NONE
1780022867.832,102.1,90.5,31.9,1486.0,35.5,13.79,32.3,59.8,32.1,-0.0,optimal,optimal,optimal,optimal,optimal,optimal,→ stable,→ stable,→ stable,99.6,✅ EXCELLENT,False,NONE,4.5,0.0,NONE
1780022868.833,101.4,90.2,32.0,1500.0,35.7,13.82,31.8,60.1,32.2,0.1,optimal,optimal,optimal,optimal,optimal,optimal,→ stable,→ stable,→ stable,99.6,✅ EXCELLENT,False,NONE,4.3,0.0,NONE
1780022869.835,97.5,88.8,32.3,1484.0,35.8,13.75,32.2,60.1,32.1,-0.2,optimal,optimal,optimal,optimal,optimal,optimal,↓ decreasing,→ stable,→ stable,99.6,✅ EXCELLENT,False,NONE,3.8,0.7,NONE
1780022870.836,100.6,90.1,32.0,1527.0,35.4,13.82,32.1,60.4,31.8,0.1,optimal,optimal,optimal,optimal,optimal,optimal,↓ decreasing,→ stable,→ stable,99.6,✅ EXCELLENT,False,NONE,4.3,0.0,NONE
1780022871.837,99.6,89.6,32.2,1467.0,34.6,13.76,31.7,59.8,31.8,-0.3,optimal,optimal,optimal,optimal,optimal,optimal,↓ decreasing,→ stable,→ stable,99.6,✅ EXCELLENT,False,NONE,4.0,0.1,NONE
1780022872.837,97.4,88.7,32.3,1518.0,35.0,13.78,31.7,60.1,32.4,-0.0,optimal,optimal,optimal,optimal,optimal,optimal,↓ decreasing,→ stable,→ stable,99.6,✅ EXCELLENT,False,NONE,3.8,0.8,NONE
1780022873.838,101.8,89.5,31.7,1508.0,35.3,13.81,32.0,60.3,32.3,-0.0,optimal,optimal,optimal,optimal,optimal,optimal,↓ decreasing,→ stable,→ stable,99.6,✅ EXCELLENT,False,NONE,4.8,0.1,NONE
1780022874.839,102.8,89.0,31.7,1514.0,34.8,13.77,31.6,60.3,31.8,0.0,optimal,optimal,optimal,optimal,optimal,optimal,→ stable,→ stable,→ stable,99.6,✅ EXCELLENT,False,NONE,4.8,0.5,NONE
1780022875.839,97.6,91.1,31.6,1497.0,34.7,13.76,31.7,60.3,32.4,-0.2,optimal,optimal,optimal,optimal,optimal,optimal,→ stable,→ stable,→ stable,99.6,✅ EXCELLENT,False,NONE,4.7,0.0,NONE
1780022876.84,102.6,89.1,32.0,1537.0,34.6,13.77,31.7,59.8,31.7,0.1,optimal,optimal,optimal,optimal,optimal,optimal,→ stable,→ stable,→ stable,99.6,✅ EXCELLENT,False,NONE,4.4,0.4,NONE
1780022877.84,101.1,89.3,32.1,1541.0,34.4,13.79,32.3,60.1,31.7,0.2,optimal,optimal,optimal,optimal,optimal,optimal,→ stable,↓ decreasing,→ stable,99.6,✅ EXCELLENT,False,NONE,4.2,0.2,NONE
1780022878.84,101.7,89.5,32.0,1508.0,35.7,13.81,31.9,60.0,31.8,0.3,optimal,optimal,optimal,optimal,optimal,optimal,→ stable,↓ decreasing,→ stable,99.6,✅ EXCELLENT,False,NONE,4.4,0.1,NONE
1780022879.841,101.0,89.8,31.8,1491.0,34.1,13.77,31.9,60.4,31.7,-0.1,optimal,optimal,optimal,optimal,optimal,optimal,↑ increasing,↓ decreasing,→ stable,99.6,✅ EXCELLENT,False,NONE,4.6,0.0,NONE
1780022880.842,101.4,90.8,32.4,1532.0,34.2,13.85,31.9,60.0,32.2,0.3,optimal,optimal,optimal,optimal,optimal,optimal,↑ increasing,↓ decreasing,→ stable,99.6,✅ EXCELLENT,False,NONE,3.8,0.0,NONE
1780022881.842,99.5,90.8,32.1,1502.0,35.3,13.78,31.8,60.3,32.3,-0.1,optimal,optimal,optimal,optimal,optimal,optimal,↑ increasing,→ stable,→ stable,99.6,✅ EXCELLENT,False,NONE,4.1,0.0,NONE
1780022882.844,97.5,90.0,31.9,1519.0,34.2,13.78,31.9,59.9,32.4,-0.4,optimal,optimal,optimal,optimal,optimal,optimal,↑ increasing,→ stable,→ stable,99.6,✅ EXCELLENT,False,NONE,4.3,0.0,NONE
1780022883.846,101.5,91.0,31.9,1532.0,35.5,13.78,32.4,60.0,32.2,-0.2,optimal,optimal,optimal,optimal,optimal,optimal,↑ increasing,→ stable,→ stable,99.6,✅ EXCELLENT,False,NONE,4.5,0.0,NONE
1780022884.846,101.9,91.0,32.2,1549.0,35.9,13.83,32.0,60.0,31.9,0.0,optimal,optimal,optimal,optimal,optimal,optimal,→ stable,→ stable,→ stable,99.6,✅ EXCELLENT,False,NONE,4.1,0.0,NONE
1780022885.846,99.0,90.6,32.3,1543.0,35.2,13.78,32.2,59.8,31.8,-0.4,optimal,optimal,optimal,optimal,optimal,optimal,↑ increasing,→ stable,→ stable,99.6,✅ EXCELLENT,False,NONE,3.8,0.0,NONE
1780022886.846,98.5,88.7,31.6,1484.0,36.0,13.83,32.2,59.9,31.9,0.2,optimal,optimal,optimal,optimal,optimal,optimal,→ stable,→ stable,→ stable,99.6,✅ EXCELLENT,False,NONE,4.8,0.8,NONE
1780022887.848,100.7,88.7,31.8,1457.0,34.0,13.8,32.1,60.1,32.3,0.4,optimal,optimal,optimal,optimal,optimal,optimal,→ stable,↑ increasing,→ stable,99.6,✅ EXCELLENT,False,NONE,4.6,0.8,NONE
1780022888.848,100.7,91.1,32.0,1482.0,34.5,13.82,31.8,60.0,31.6,-0.2,optimal,optimal,optimal,optimal,optimal,optimal,→ stable,↑ increasing,→ stable,99.6,✅ EXCELLENT,False,NONE,4.3,0.0,NONE
1780022889.848,100.3,89.9,31.7,1515.0,35.3,13.78,32.4,59.7,32.3,0.2,optimal,optimal,optimal,optimal,optimal,optimal,↓ decreasing,↑ increasing,→ stable,99.6,✅ EXCELLENT,False,NONE,4.7,0.0,NONE
1780022890.848,100.4,90.7,31.6,1462.0,34.3,13.77,32.4,60.0,31.7,-0.2,optimal,optimal,optimal,optimal,optimal,optimal,↓ decreasing,↑ increasing,→ stable,99.6,✅ EXCELLENT,False,NONE,4.9,0.0,NONE
1780022891.85,98.9,88.7,32.1,1502.0,34.5,13.84,32.1,60.0,31.7,-0.2,optimal,optimal,optimal,optimal,optimal,optimal,↓ decreasing,→ stable,→ stable,99.6,✅ EXCELLENT,False,NONE,4.1,0.8,NONE
1780022892.851,98.9,88.7,32.2,1532.0,34.4,13.78,31.9,59.7,32.0,-0.0,optimal,optimal,optimal,optimal,optimal,optimal,↓ decreasing,→ stable,→ stable,99.6,✅ EXCELLENT,False,NONE,4.0,0.8,NONE
1780022893.852,99.5,90.4,31.9,1534.0,34.6,13.8,32.0,60.0,31.9,0.4,optimal,optimal,optimal,optimal,optimal,optimal,↓ decreasing,→ stable,→ stable,99.6,✅ EXCELLENT,False,NONE,4.4,0.0,NONE
1780022894.853,101.8,91.5,31.8,1507.0,34.0,13.77,31.8,59.8,32.0,-0.1,optimal,optimal,optimal,optimal,optimal,optimal,↓ decreasing,→ stable,→ stable,99.6,✅ EXCELLENT,False,NONE,4.7,0.0,NONE
1780022895.854,102.7,89.1,32.2,1504.0,35.8,13.76,31.7,60.4,31.7,-0.1,optimal,optimal,optimal,optimal,optimal,optimal,→ stable,→ stable,→ stable,99.6,✅ EXCELLENT,False,NONE,4.1,0.4,NONE
1780022896.855,99.5,90.3,31.9,1503.0,35.9,13.84,32.0,60.2,31.8,-0.3,optimal,optimal,optimal,optimal,optimal,optimal,→ stable,→ stable,→ stable,99.6,✅ EXCELLENT,False,NONE,4.4,0.0,NONE
1780022897.856,98.1,89.7,32.2,1536.0,35.0,13.83,32.3,59.8,32.3,0.1,optimal,optimal,optimal,optimal,optimal,optimal,→ stable,→ stable,→ stable,99.6,✅ EXCELLENT,False,NONE,3.9,0.0,NONE
1780022898.857,101.7,89.8,32.1,1484.0,34.9,13.84,32.0,60.4,32.3,-0.2,optimal,optimal,optimal,optimal,optimal,optimal,→ stable,→ stable,→ stable,99.6,✅ EXCELLENT,False,NONE,4.2,0.0,NONE
1780022899.858,99.1,90.3,31.6,1514.0,35.0,13.84,31.6,60.1,31.7,0.3,optimal,optimal,optimal,optimal,optimal,optimal,→ stable,→ stable,→ stable,99.6,✅ EXCELLENT,False,NONE,4.8,0.0,NONE
1780022900.859,100.0,91.1,31.9,1483.0,35.5,13.81,32.1,60.3,31.7,0.1,optimal,optimal,optimal,optimal,optimal,optimal,→ stable,→ stable,→ stable,99.6,✅ EXCELLENT,False,NONE,4.4,0.0,NONE
1780022901.86,100.5,89.1,32.3,1494.0,34.0,13.79,32.3,60.0,31.9,-0.2,optimal,optimal,optimal,optimal,optimal,optimal,→ stable,→ stable,→ stable,99.6,✅ EXCELLENT,False,NONE,3.9,0.4,NONE
1780022902.861,97.1,90.4,32.1,1454.0,35.0,13.75,31.7,60.1,32.1,0.3,optimal,optimal,optimal,optimal,optimal,optimal,→ stable,→ stable,→ stable,99.6,✅ EXCELLENT,False,NONE,4.0,0.0,NONE
1780022903.861,100.2,89.1,32.0,1503.0,35.0,13.83,32.4,59.8,32.0,-0.2,optimal,optimal,optimal,optimal,optimal,optimal,→ stable,→ stable,→ stable,99.6,✅ EXCELLENT,False,NONE,4.3,0.4,NONE
1780022904.863,97.4,89.0,32.2,1517.0,35.8,13.84,31.8,60.3,31.6,0.1,optimal,optimal,optimal,optimal,optimal,optimal,→ stable,→ stable,→ stable,99.6,✅ EXCELLENT,False,NONE,3.9,0.5,NONE
1780022905.864,99.7,90.0,32.3,1493.0,35.9,13.81,32.2,59.6,31.7,0.1,optimal,optimal,optimal,optimal,optimal,optimal,↓ decreasing,→ stable,→ stable,99.6,✅ EXCELLENT,False,NONE,3.8,0.0,NONE
1780022906.865,98.3,88.7,32.2,1516.0,35.9,13.85,32.1,60.3,32.2,-0.3,optimal,optimal,optimal,optimal,optimal,optimal,↓ decreasing,→ stable,→ stable,99.6,✅ EXCELLENT,False,NONE,3.9,0.8,NONE
1780022907.865,101.4,91.1,31.7,1493.0,34.3,13.8,32.4,59.7,31.6,-0.4,optimal,optimal,optimal,optimal,optimal,optimal,↓ decreasing,→ stable,→ stable,99.6,✅ EXCELLENT,False,NONE,4.8,0.0,NONE
1780022908.866,98.1,89.0,32.2,1513.0,35.1,13.82,32.3,59.8,32.3,-0.3,optimal,optimal,optimal,optimal,optimal,optimal,↓ decreasing,→ stable,→ stable,99.6,✅ EXCELLENT,False,NONE,3.9,0.5,NONE
1780022909.867,97.4,91.1,32.3,1536.0,34.8,13.81,32.0,60.3,32.1,0.1,optimal,optimal,optimal,optimal,optimal,optimal,↓ decreasing,→ stable,→ stable,99.6,✅ EXCELLENT,False,NONE,3.8,0.0,NONE
1780022910.868,102.1,88.9,32.1,1476.0,34.6,13.77,31.7,60.4,32.3,0.3,optimal,optimal,optimal,optimal,optimal,optimal,↓ decreasing,→ stable,→ stable,99.6,✅ EXCELLENT,False,NONE,4.2,0.6,NONE
1780022911.869,101.0,88.7,32.1,1549.0,35.0,13.82,31.7,59.8,32.3,-0.2,optimal,optimal,optimal,optimal,optimal,optimal,↓ decreasing,→ stable,→ stable,99.6,✅ EXCELLENT,False,NONE,4.2,0.8,NONE
1780022912.869,99.3,89.5,32.4,1528.0,34.3,13.81,31.9,60.1,31.6,-0.2,optimal,optimal,optimal,optimal,optimal,optimal,↓ decreasing,↓ decreasing,→ stable,99.6,✅ EXCELLENT,False,NONE,3.7,0.1,NONE
1780022913.87,102.9,91.2,31.8,1510.0,34.3,13.79,32.0,60.3,32.3,-0.1,optimal,optimal,optimal,optimal,optimal,optimal,→ stable,→ stable,→ stable,99.6,✅ EXCELLENT,False,NONE,4.7,0.0,NONE
1780022914.871,99.6,90.2,32.3,1495.0,35.5,13.77,31.9,60.2,31.9,-0.1,optimal,optimal,optimal,optimal,optimal,optimal,→ stable,→ stable,→ stable,99.6,✅ EXCELLENT,False,NONE,3.8,0.0,NONE
1780022915.872,100.3,89.2,32.0,1536.0,34.0,13.77,31.9,59.8,31.7,0.0,optimal,optimal,optimal,optimal,optimal,optimal,↑ increasing,→ stable,→ stable,99.6,✅ EXCELLENT,False,NONE,4.3,0.3,NONE
1780022916.872,100.2,89.7,32.1,1535.0,34.3,13.78,31.8,60.3,31.8,0.4,optimal,optimal,optimal,optimal,optimal,optimal,↑ increasing,→ stable,→ stable,99.6,✅ EXCELLENT,False,NONE,4.2,0.0,NONE
1780022917.874,98.2,89.4,32.0,1451.0,36.0,13.84,31.7,59.6,32.0,-0.2,optimal,optimal,optimal,optimal,optimal,optimal,→ stable,→ stable,→ stable,99.6,✅ EXCELLENT,False,NONE,4.2,0.2,NONE
1780022918.875,97.7,90.5,31.6,1451.0,35.8,13.77,31.7,60.3,32.4,0.3,optimal,optimal,optimal,optimal,optimal,optimal,↑ increasing,→ stable,→ stable,99.6,✅ EXCELLENT,False,NONE,4.7,0.0,NONE
1780022919.876,101.3,88.9,31.7,1469.0,34.9,13.76,31.9,60.2,32.1,0.4,optimal,optimal,optimal,optimal,optimal,optimal,↑ increasing,→ stable,→ stable,99.6,✅ EXCELLENT,False,NONE,4.8,0.6,NONE
1780022920.877,101.1,91.2,31.8,1518.0,35.1,13.85,31.9,60.3,31.6,0.4,optimal,optimal,optimal,optimal,optimal,optimal,↑ increasing,→ stable,→ stable,99.6,✅ EXCELLENT,False,NONE,4.6,0.0,NONE
1780022921.877,101.0,88.6,32.4,1512.0,35.7,13.85,32.1,60.2,32.2,0.4,optimal,optimal,optimal,optimal,optimal,optimal,↑ increasing,→ stable,→ stable,99.6,✅ EXCELLENT,False,NONE,3.8,1.0,NONE
1780022922.878,99.3,88.7,31.6,1499.0,35.7,13.81,32.2,59.7,32.0,0.2,optimal,optimal,optimal,optimal,optimal,optimal,↑ increasing,→ stable,→ stable,99.6,✅ EXCELLENT,False,NONE,4.8,0.8,NONE
1780022923.879,100.9,91.1,32.4,1483.0,35.6,13.83,32.3,60.0,31.7,-0.2,optimal,optimal,optimal,optimal,optimal,optimal,→ stable,→ stable,→ stable,99.6,✅ EXCELLENT,False,NONE,3.7,0.0,NONE
1780022924.879,101.7,89.7,32.2,1517.0,35.5,13.75,31.9,60.0,31.9,-0.4,optimal,optimal,optimal,optimal,optimal,optimal,→ stable,→ stable,→ stable,99.6,✅ EXCELLENT,False,NONE,4.1,0.0,NONE
1780022925.88,101.9,90.6,31.7,1478.0,34.6,13.77,31.6,60.0,32.2,0.1,optimal,optimal,optimal,optimal,optimal,optimal,→ stable,→ stable,→ stable,99.6,✅ EXCELLENT,False,NONE,4.8,0.0,NONE
1780022926.88,99.5,90.0,31.8,1547.0,35.6,13.81,32.1,60.0,31.7,0.3,optimal,optimal,optimal,optimal,optimal,optimal,→ stable,→ stable,→ stable,99.6,✅ EXCELLENT,False,NONE,4.5,0.0,NONE
1780022927.88,97.5,88.7,31.6,1522.0,35.8,13.81,32.3,59.7,32.3,0.2,optimal,optimal,optimal,optimal,optimal,optimal,→ stable,→ stable,→ stable,99.6,✅ EXCELLENT,False,NONE,4.7,0.8,NONE
1780022928.88,102.2,90.7,32.3,1455.0,35.0,13.84,32.4,59.7,31.8,0.4,optimal,optimal,optimal,optimal,optimal,optimal,↑ increasing,→ stable,→ stable,99.6,✅ EXCELLENT,False,NONE,3.9,0.0,NONE
1780022929.881,101.1,89.9,32.2,1510.0,35.6,13.81,31.7,60.2,32.1,0.3,optimal,optimal,optimal,optimal,optimal,optimal,→ stable,→ stable,→ stable,99.6,✅ EXCELLENT,False,NONE,4.0,0.0,NONE
1780022930.882,102.3,89.9,31.7,1525.0,34.4,13.77,32.3,59.8,32.2,0.2,optimal,optimal,optimal,optimal,optimal,optimal,↑ increasing,→ stable,→ stable,99.6,✅ EXCELLENT,False,NONE,4.8,0.0,NONE
1780022931.883,102.8,89.2,32.0,1525.0,34.7,13.76,32.2,60.4,32.0,-0.2,optimal,optimal,optimal,optimal,optimal,optimal,↑ increasing,→ stable,→ stable,99.6,✅ EXCELLENT,False,NONE,4.4,0.3,NONE
1780022932.884,101.1,91.2,31.7,1544.0,34.6,13.81,32.1,60.2,31.7,0.4,optimal,optimal,optimal,optimal,optimal,optimal,↑ increasing,→ stable,→ stable,99.6,✅ EXCELLENT,False,NONE,4.8,0.0,NONE
1780022933.885,103.0,90.9,32.2,1473.0,35.1,13.84,31.9,59.7,32.3,-0.1,optimal,optimal,optimal,optimal,optimal,optimal,↑ increasing,→ stable,→ stable,99.6,✅ EXCELLENT,False,NONE,4.1,0.0,NONE
1780022934.885,100.2,88.7,31.8,1491.0,35.8,13.81,32.1,59.9,31.9,0.1,optimal,optimal,optimal,optimal,optimal,optimal,↑ increasing,→ stable,→ stable,99.6,✅ EXCELLENT,False,NONE,4.6,0.8,NONE
1780022935.886,99.0,91.0,32.3,1451.0,35.9,13.81,32.4,59.7,32.3,0.1,optimal,optimal,optimal,optimal,optimal,optimal,↑ increasing,→ stable,→ stable,99.6,✅ EXCELLENT,False,NONE,3.8,0.0,NONE
1780022936.887,99.3,89.9,31.9,1469.0,35.9,13.77,32.0,60.3,31.8,0.2,optimal,optimal,optimal,optimal,optimal,optimal,↑ increasing,→ stable,→ stable,99.6,✅ EXCELLENT,False,NONE,4.4,0.0,NONE
1780022937.888,97.9,89.6,32.4,1543.0,35.7,13.77,31.8,59.9,31.9,0.2,optimal,optimal,optimal,optimal,optimal,optimal,↑ increasing,→ stable,→ stable,99.6,✅ EXCELLENT,False,NONE,3.6,0.1,NONE
1780022938.889,97.6,89.4,32.0,1463.0,34.1,13.77,31.9,60.2,31.9,-0.1,optimal,optimal,optimal,optimal,optimal,optimal,→ stable,→ stable,→ stable,99.6,✅ EXCELLENT,False,NONE,4.2,0.2,NONE
1780022939.89,102.6,89.0,31.7,1505.0,35.9,13.84,32.4,60.0,31.7,0.1,optimal,optimal,optimal,optimal,optimal,optimal,→ stable,→ stable,→ stable,99.6,✅ EXCELLENT,False,NONE,4.8,0.5,NONE
1780022940.891,102.7,91.0,31.6,1454.0,35.7,13.83,32.3,60.0,32.3,-0.2,optimal,optimal,optimal,optimal,optimal,optimal,→ stable,→ stable,→ stable,99.6,✅ EXCELLENT,False,NONE,5.0,0.0,NONE
1780022941.892,97.6,89.7,32.1,1524.0,35.5,13.81,31.9,60.2,32.1,0.2,optimal,optimal,optimal,optimal,optimal,optimal,↓ decreasing,→ stable,→ stable,99.6,✅ EXCELLENT,False,NONE,4.0,0.0,NONE
1780022942.893,97.1,90.2,32.2,1532.0,35.9,13.75,31.9,60.2,31.8,-0.3,optimal,optimal,optimal,optimal,optimal,optimal,↓ decreasing,→ stable,→ stable,99.6,✅ EXCELLENT,False,NONE,3.9,0.0,NONE
1780022943.894,101.5,89.1,31.9,1483.0,34.4,13.79,32.3,59.8,32.3,0.0,optimal,optimal,optimal,optimal,optimal,optimal,↓ decreasing,→ stable,→ stable,99.6,✅ EXCELLENT,False,NONE,4.5,0.4,NONE
1780022944.895,100.0,91.4,31.9,1458.0,35.1,13.81,32.1,59.9,32.1,-0.3,optimal,optimal,optimal,optimal,optimal,optimal,↓ decreasing,→ stable,→ stable,99.6,✅ EXCELLENT,False,NONE,4.4,0.0,NONE
1780022945.895,102.8,90.7,32.1,1510.0,35.9,13.77,32.2,59.9,31.7,0.1,optimal,optimal,optimal,optimal,optimal,optimal,↓ decreasing,→ stable,→ stable,99.6,✅ EXCELLENT,False,NONE,4.3,0.0,NONE
1780022946.897,101.9,91.2,32.3,1514.0,34.0,13.81,32.1,60.3,32.0,0.3,optimal,optimal,optimal,optimal,optimal,optimal,↓ decreasing,→ stable,→ stable,99.6,✅ EXCELLENT,False,NONE,3.9,0.0,NONE
1780022947.898,102.3,90.4,31.9,1526.0,34.1,13.8,32.3,59.9,31.8,-0.1,optimal,optimal,optimal,optimal,optimal,optimal,→ stable,→ stable,→ stable,99.6,✅ EXCELLENT,False,NONE,4.5,0.0,NONE
1780022948.899,102.4,90.2,32.4,1533.0,35.0,13.78,31.7,59.7,31.9,-0.0,optimal,optimal,optimal,optimal,optimal,optimal,↑ increasing,→ stable,→ stable,99.6,✅ EXCELLENT,False,NONE,3.8,0.0,NONE
1780022949.9,101.8,89.5,31.8,1499.0,34.7,13.8,31.9,59.7,32.0,-0.1,optimal,optimal,optimal,optimal,optimal,optimal,→ stable,→ stable,→ stable,99.6,✅ EXCELLENT,False,NONE,4.7,0.1,NONE
1780022950.901,101.8,88.9,32.1,1481.0,34.7,13.75,31.7,59.7,31.9,0.2,optimal,optimal,optimal,optimal,optimal,optimal,→ stable,→ stable,→ stable,99.6,✅ EXCELLENT,False,NONE,4.2,0.6,NONE
1780022951.902,98.0,90.2,32.2,1464.0,34.7,13.8,32.2,59.9,31.9,0.2,optimal,optimal,optimal,optimal,optimal,optimal,↑ increasing,→ stable,→ stable,99.6,✅ EXCELLENT,False,NONE,3.9,0.0,NONE
1780022952.903,97.8,91.3,32.2,1462.0,34.6,13.8,32.2,60.0,32.1,-0.2,optimal,optimal,optimal,optimal,optimal,optimal,↑ increasing,→ stable,→ stable,99.6,✅ EXCELLENT,False,NONE,3.9,0.0,NONE
1780022953.904,101.5,90.7,31.8,1518.0,34.7,13.84,31.7,60.0,32.0,0.2,optimal,optimal,optimal,optimal,optimal,optimal,↑ increasing,↑ increasing,→ stable,99.6,✅ EXCELLENT,False,NONE,4.6,0.0,NONE
1780022954.904,102.2,89.5,31.8,1482.0,34.9,13.78,32.2,60.1,31.8,-0.1,optimal,optimal,optimal,optimal,optimal,optimal,↑ increasing,→ stable,→ stable,99.6,✅ EXCELLENT,False,NONE,4.7,0.1,NONE
1780022955.904,99.1,88.9,32.1,1485.0,34.1,13.81,31.7,60.1,31.8,0.4,optimal,optimal,optimal,optimal,optimal,optimal,↑ increasing,→ stable,→ stable,99.6,✅ EXCELLENT,False,NONE,4.1,0.6,NONE
1780022956.905,99.9,89.9,32.4,1524.0,34.1,13.84,32.4,59.8,31.9,-0.4,optimal,optimal,optimal,optimal,optimal,optimal,↑ increasing,→ stable,→ stable,99.6,✅ EXCELLENT,False,NONE,3.7,0.0,NONE
1780022957.905,102.2,90.7,32.4,1525.0,34.1,13.79,32.3,60.0,32.2,-0.1,optimal,optimal,optimal,optimal,optimal,optimal,→ stable,→ stable,→ stable,99.6,✅ EXCELLENT,False,NONE,3.8,0.0,NONE
1780022958.906,102.9,90.6,31.7,1487.0,35.5,13.8,32.3,60.3,32.1,0.1,optimal,optimal,optimal,optimal,optimal,optimal,→ stable,→ stable,→ stable,99.6,✅ EXCELLENT,False,NONE,4.9,0.0,NONE
1780022959.907,101.8,88.6,31.7,1486.0,35.3,13.75,32.1,59.7,31.7,-0.0,optimal,optimal,optimal,optimal,optimal,optimal,→ stable,→ stable,→ stable,99.6,✅ EXCELLENT,False,NONE,4.8,1.0,NONE
1780022960.907,102.3,89.1,31.6,1549.0,35.9,13.84,31.8,59.8,31.8,-0.1,optimal,optimal,optimal,optimal,optimal,optimal,→ stable,→ stable,→ stable,99.6,✅ EXCELLENT,False,NONE,5.0,0.4,NONE
1780022961.907,100.1,89.8,31.9,1509.0,34.6,13.85,31.9,60.0,32.3,-0.3,optimal,optimal,optimal,optimal,optimal,optimal,→ stable,→ stable,→ stable,99.6,✅ EXCELLENT,False,NONE,4.4,0.0,NONE
1780022962.907,101.3,89.4,32.1,1496.0,36.0,13.79,32.0,59.7,31.9,-0.2,optimal,optimal,optimal,optimal,optimal,optimal,→ stable,↓ decreasing,→ stable,99.6,✅ EXCELLENT,False,NONE,4.2,0.2,NONE
1780022963.907,101.7,91.4,32.0,1509.0,34.3,13.79,31.7,59.7,31.8,-0.3,optimal,optimal,optimal,optimal,optimal,optimal,→ stable,↓ decreasing,→ stable,99.6,✅ EXCELLENT,False,NONE,4.4,0.0,NONE
1780022964.907,100.2,90.7,31.8,1502.0,35.7,13.85,32.3,59.6,32.1,-0.3,optimal,optimal,optimal,optimal,optimal,optimal,→ stable,→ stable,→ stable,99.6,✅ EXCELLENT,False,NONE,4.6,0.0,NONE
1780022965.908,98.8,90.0,31.6,1507.0,36.0,13.76,31.6,59.7,32.4,-0.1,optimal,optimal,optimal,optimal,optimal,optimal,→ stable,→ stable,→ stable,99.6,✅ EXCELLENT,False,NONE,4.8,0.0,NONE
1780022966.908,101.3,90.9,31.9,1545.0,35.8,13.84,31.8,60.3,32.2,0.3,optimal,optimal,optimal,optimal,optimal,optimal,↑ increasing,→ stable,→ stable,99.6,✅ EXCELLENT,False,NONE,4.5,0.0,NONE
1780022967.91,101.6,89.9,31.7,1505.0,35.3,13.8,32.4,59.7,31.8,-0.1,optimal,optimal,optimal,optimal,optimal,optimal,↑ increasing,→ stable,→ stable,99.6,✅ EXCELLENT,False,NONE,4.8,0.0,NONE
1780022968.91,100.0,89.4,32.0,1523.0,35.5,13.82,32.4,60.3,32.0,0.2,optimal,optimal,optimal,optimal,optimal,optimal,→ stable,→ stable,→ stable,99.6,✅ EXCELLENT,False,NONE,4.3,0.2,NONE
1780022969.912,100.1,88.9,31.7,1520.0,34.1,13.79,31.9,60.2,31.8,-0.4,optimal,optimal,optimal,optimal,optimal,optimal,→ stable,→ stable,→ stable,99.6,✅ EXCELLENT,False,NONE,4.7,0.6,NONE
1780022970.913,99.5,89.2,32.3,1463.0,35.1,13.81,31.6,59.7,32.1,-0.3,optimal,optimal,optimal,optimal,optimal,optimal,→ stable,→ stable,→ stable,99.6,✅ EXCELLENT,False,NONE,3.8,0.3,NONE
1780022971.914,101.8,89.9,32.2,1533.0,35.5,13.83,32.0,59.6,32.1,-0.1,optimal,optimal,optimal,optimal,optimal,optimal,→ stable,→ stable,→ stable,99.6,✅ EXCELLENT,False,NONE,4.1,0.0,NONE
1780022972.915,98.9,89.7,31.6,1452.0,34.6,13.8,31.7,60.4,32.1,0.1,optimal,optimal,optimal,optimal,optimal,optimal,↓ decreasing,→ stable,→ stable,99.6,✅ EXCELLENT,False,NONE,4.8,0.0,NONE
1780022973.916,99.5,91.4,32.2,1459.0,35.8,13.76,32.2,60.1,32.0,-0.2,optimal,optimal,optimal,optimal,optimal,optimal,↓ decreasing,→ stable,→ stable,99.6,✅ EXCELLENT,False,NONE,4.0,0.0,NONE
1780022974.916,99.4,89.5,32.2,1467.0,35.4,13.76,32.0,60.2,31.9,-0.4,optimal,optimal,optimal,optimal,optimal,optimal,↓ decreasing,→ stable,→ stable,99.6,✅ EXCELLENT,False,NONE,4.0,0.1,NONE
1780022975.916,98.7,91.0,32.2,1456.0,35.0,13.78,32.1,60.0,32.1,0.0,optimal,optimal,optimal,optimal,optimal,optimal,↓ decreasing,→ stable,→ stable,99.6,✅ EXCELLENT,False,NONE,3.9,0.0,NONE
1780022976.917,97.8,90.3,32.2,1507.0,35.7,13.8,32.1,60.1,31.9,0.2,optimal,optimal,optimal,optimal,optimal,optimal,↓ decreasing,→ stable,→ stable,99.6,✅ EXCELLENT,False,NONE,3.9,0.0,NONE
1780022977.918,100.2,89.0,31.6,1482.0,34.6,13.85,31.7,59.9,31.9,-0.0,optimal,optimal,optimal,optimal,optimal,optimal,↓ decreasing,→ stable,→ stable,99.6,✅ EXCELLENT,False,NONE,4.9,0.5,NONE
1780022978.919,98.4,89.5,32.4,1532.0,35.0,13.83,31.7,60.1,32.2,0.3,optimal,optimal,optimal,optimal,optimal,optimal,↓ decreasing,→ stable,→ stable,99.6,✅ EXCELLENT,False,NONE,3.7,0.1,NONE
1780022979.921,101.0,89.9,31.9,1549.0,35.5,13.76,31.9,59.9,32.1,0.4,optimal,optimal,optimal,optimal,optimal,optimal,↓ decreasing,→ stable,→ stable,99.6,✅ EXCELLENT,False,NONE,4.5,0.0,NONE
1780022980.921,97.1,89.8,32.3,1518.0,34.5,13.79,31.9,60.0,32.0,-0.3,optimal,optimal,optimal,optimal,optimal,optimal,↓ decreasing,→ stable,→ stable,99.6,✅ EXCELLENT,False,NONE,3.7,0.0,NONE
1780022981.921,97.2,89.9,31.8,1454.0,34.2,13.82,31.7,60.2,32.3,-0.3,optimal,optimal,optimal,optimal,optimal,optimal,↓ decreasing,→ stable,→ stable,99.6,✅ EXCELLENT,False,NONE,4.4,0.0,NONE
1780022982.923,99.3,89.4,31.6,1486.0,35.3,13.76,31.8,60.2,32.4,0.3,optimal,optimal,optimal,optimal,optimal,optimal,↓ decreasing,→ stable,→ stable,99.6,✅ EXCELLENT,False,NONE,4.8,0.2,NONE
1780022983.924,97.5,88.9,32.2,1490.0,34.4,13.82,31.9,59.9,31.8,-0.3,optimal,optimal,optimal,optimal,optimal,optimal,↓ decreasing,→ stable,→ stable,99.6,✅ EXCELLENT,False,NONE,3.9,0.6,NONE
1780022984.925,100.4,90.9,32.2,1535.0,35.9,13.8,32.0,60.1,31.8,-0.3,optimal,optimal,optimal,optimal,optimal,optimal,↓ decreasing,→ stable,→ stable,99.6,✅ EXCELLENT,False,NONE,4.0,0.0,NONE
1780022985.925,97.8,90.3,32.3,1475.0,34.4,13.8,32.0,60.4,32.3,0.2,optimal,optimal,optimal,optimal,optimal,optimal,↓ decreasing,→ stable,→ stable,99.6,✅ EXCELLENT,False,NONE,3.8,0.0,NONE
1780022986.925,99.5,90.8,31.9,1478.0,35.0,13.78,32.2,59.6,32.4,0.3,optimal,optimal,optimal,optimal,optimal,optimal,↓ decreasing,→ stable,→ stable,99.6,✅ EXCELLENT,False,NONE,4.4,0.0,NONE
1780022987.925,100.0,91.1,32.0,1495.0,35.2,13.84,32.1,60.1,31.7,-0.1,optimal,optimal,optimal,optimal,optimal,optimal,↓ decreasing,→ stable,→ stable,99.6,✅ EXCELLENT,False,NONE,4.3,0.0,NONE
1780022988.926,100.2,91.5,32.2,1491.0,35.8,13.78,32.3,59.9,32.0,-0.1,optimal,optimal,optimal,optimal,optimal,optimal,→ stable,→ stable,→ stable,99.6,✅ EXCELLENT,False,NONE,4.0,0.0,NONE
1780022989.926,97.1,91.1,31.7,1526.0,34.8,13.83,31.9,59.8,32.2,-0.3,optimal,optimal,optimal,optimal,optimal,optimal,↓ decreasing,→ stable,→ stable,99.6,✅ EXCELLENT,False,NONE,4.6,0.0,NONE
1780022990.926,101.6,89.7,32.1,1471.0,35.8,13.82,31.8,59.7,32.2,0.2,optimal,optimal,optimal,optimal,optimal,optimal,→ stable,→ stable,→ stable,99.6,✅ EXCELLENT,False,NONE,4.2,0.0,NONE
1780022991.927,103.0,89.8,32.3,1524.0,35.0,13.8,32.2,60.2,32.3,0.3,optimal,optimal,optimal,optimal,optimal,optimal,↑ increasing,→ stable,→ stable,99.6,✅ EXCELLENT,False,NONE,4.0,0.0,NONE
1780022992.927,100.7,89.4,32.2,1508.0,35.1,13.79,31.7,60.1,32.3,-0.2,optimal,optimal,optimal,optimal,optimal,optimal,↑ increasing,→ stable,→ stable,99.6,✅ EXCELLENT,False,NONE,4.0,0.2,NONE
1780022993.928,99.9,91.0,31.9,1549.0,34.2,13.82,32.4,60.1,31.6,0.2,optimal,optimal,optimal,optimal,optimal,optimal,↑ increasing,↑ increasing,→ stable,99.6,✅ EXCELLENT,False,NONE,4.4,0.0,NONE
1780022994.929,99.8,91.2,32.3,1504.0,34.4,13.82,31.8,60.0,31.8,-0.2,optimal,optimal,optimal,optimal,optimal,optimal,↑ increasing,↑ increasing,→ stable,99.6,✅ EXCELLENT,False,NONE,3.8,0.0,NONE
1780022995.93,98.3,89.5,32.0,1530.0,34.6,13.77,31.7,59.6,31.7,-0.3,optimal,optimal,optimal,optimal,optimal,optimal,↑ increasing,↑ increasing,→ stable,99.6,✅ EXCELLENT,False,NONE,4.2,0.1,NONE
1780022996.931,101.8,91.1,31.9,1494.0,35.6,13.85,32.4,60.2,32.2,0.4,optimal,optimal,optimal,optimal,optimal,optimal,↑ increasing,↑ increasing,→ stable,99.6,✅ EXCELLENT,False,NONE,4.5,0.0,NONE
1780022997.932,102.9,90.0,32.0,1465.0,34.5,13.78,31.7,59.7,32.0,-0.1,optimal,optimal,optimal,optimal,optimal,optimal,↑ increasing,→ stable,→ stable,99.6,✅ EXCELLENT,False,NONE,4.4,0.0,NONE
1780022998.932,98.7,91.0,32.0,1470.0,34.6,13.77,31.8,60.4,32.0,0.1,optimal,optimal,optimal,optimal,optimal,optimal,↑ increasing,→ stable,→ stable,99.6,✅ EXCELLENT,False,NONE,4.2,0.0,NONE
1780022999.933,98.6,89.9,32.0,1549.0,35.5,13.83,31.7,59.8,31.8,0.1,optimal,optimal,optimal,optimal,optimal,optimal,↑ increasing,→ stable,→ stable,99.6,✅ EXCELLENT,False,NONE,4.2,0.0,NONE
1780023000.933,99.6,89.9,32.0,1452.0,35.1,13.76,31.8,59.8,31.9,-0.2,optimal,optimal,optimal,optimal,optimal,optimal,↑ increasing,→ stable,→ stable,99.6,✅ EXCELLENT,False,NONE,4.3,0.0,NONE
1780023001.934,101.4,90.7,31.9,1541.0,35.8,13.83,31.8,59.9,31.9,0.1,optimal,optimal,optimal,optimal,optimal,optimal,↑ increasing,→ stable,→ stable,99.6,✅ EXCELLENT,False,NONE,4.5,0.0,NONE
1780023002.934,99.6,90.7,32.0,1528.0,35.9,13.76,32.1,60.2,31.9,0.1,optimal,optimal,optimal,optimal,optimal,optimal,→ stable,→ stable,→ stable,99.6,✅ EXCELLENT,False,NONE,4.3,0.0,NONE
1780023003.935,102.5,89.6,32.4,1465.0,35.7,13.84,31.9,60.1,32.3,0.0,optimal,optimal,optimal,optimal,optimal,optimal,→ stable,→ stable,→ stable,99.6,✅ EXCELLENT,False,NONE,3.8,0.1,NONE
1780023004.936,100.5,88.5,32.2,1531.0,34.5,13.84,32.3,60.0,32.2,-0.0,optimal,optimal,optimal,optimal,optimal,optimal,→ stable,→ stable,→ stable,99.6,✅ EXCELLENT,False,NONE,4.0,1.1,NONE
1780023005.937,97.6,89.8,32.4,1477.0,34.1,13.77,31.9,60.1,31.6,-0.1,optimal,optimal,optimal,optimal,optimal,optimal,→ stable,→ stable,→ stable,99.6,✅ EXCELLENT,False,NONE,3.6,0.0,NONE
1780023006.938,101.4,91.3,31.7,1462.0,34.6,13.82,31.7,60.0,31.9,0.2,optimal,optimal,optimal,optimal,optimal,optimal,→ stable,→ stable,→ stable,99.6,✅ EXCELLENT,False,NONE,4.8,0.0,NONE
1780023007.938,100.9,89.2,31.9,1501.0,35.3,13.84,32.3,59.7,31.8,0.4,optimal,optimal,optimal,optimal,optimal,optimal,→ stable,→ stable,→ stable,99.6,✅ EXCELLENT,False,NONE,4.5,0.3,NONE
1780023008.938,98.8,90.6,32.2,1451.0,34.2,13.84,31.9,59.7,31.8,-0.2,optimal,optimal,optimal,optimal,optimal,optimal,→ stable,→ stable,→ stable,99.6,✅ EXCELLENT,False,NONE,4.0,0.0,NONE
1780023009.939,98.3,89.7,32.1,1493.0,35.6,13.76,32.4,59.9,31.6,0.2,optimal,optimal,optimal,optimal,optimal,optimal,→ stable,→ stable,→ stable,99.6,✅ EXCELLENT,False,NONE,4.1,0.0,NONE
1780023010.94,100.6,89.3,32.1,1523.0,35.6,13.79,32.3,59.9,32.0,-0.2,optimal,optimal,optimal,optimal,optimal,optimal,→ stable,→ stable,→ stable,99.6,✅ EXCELLENT,False,NONE,4.2,0.2,NONE
1780023011.941,103.0,89.7,32.2,1524.0,34.4,13.76,32.1,60.1,32.0,0.0,optimal,optimal,optimal,optimal,optimal,optimal,→ stable,↓ decreasing,→ stable,99.6,✅ EXCELLENT,False,NONE,4.1,0.0,NONE
1780023012.942,100.4,90.7,32.3,1538.0,35.0,13.84,31.8,60.4,31.9,-0.3,optimal,optimal,optimal,optimal,optimal,optimal,→ stable,↓ decreasing,→ stable,99.6,✅ EXCELLENT,False,NONE,3.9,0.0,NONE
1780023013.943,101.6,90.2,32.4,1499.0,34.8,13.79,31.6,60.1,32.2,0.3,optimal,optimal,optimal,optimal,optimal,optimal,→ stable,→ stable,→ stable,99.6,✅ EXCELLENT,False,NONE,3.8,0.0,NONE
1780023014.944,100.5,90.1,31.9,1537.0,34.4,13.79,32.0,59.9,32.3,0.2,optimal,optimal,optimal,optimal,optimal,optimal,→ stable,→ stable,→ stable,99.6,✅ EXCELLENT,False,NONE,4.5,0.0,NONE
1780023015.945,100.5,89.2,32.3,1468.0,34.9,13.79,32.0,60.4,32.1,-0.3,optimal,optimal,optimal,optimal,optimal,optimal,→ stable,→ stable,→ stable,99.6,✅ EXCELLENT,False,NONE,3.9,0.3,NONE
1780023016.945,101.9,89.8,32.4,1502.0,35.2,13.79,32.4,60.1,31.9,-0.2,optimal,optimal,optimal,optimal,optimal,optimal,→ stable,→ stable,→ stable,99.6,✅ EXCELLENT,False,NONE,3.8,0.0,NONE
1780023017.947,102.2,90.5,32.2,1464.0,35.9,13.77,31.8,60.2,31.7,-0.2,optimal,optimal,optimal,optimal,optimal,optimal,↑ increasing,→ stable,→ stable,99.6,✅ EXCELLENT,False,NONE,4.1,0.0,NONE
1780023018.948,98.2,90.4,31.8,1455.0,35.9,13.77,32.2,59.8,32.2,0.4,optimal,optimal,optimal,optimal,optimal,optimal,↑ increasing,→ stable,→ stable,99.6,✅ EXCELLENT,False,NONE,4.5,0.0,NONE
1780023019.949,99.4,91.3,31.8,1515.0,35.7,13.85,32.3,60.3,32.2,0.0,optimal,optimal,optimal,optimal,optimal,optimal,↑ increasing,→ stable,→ stable,99.6,✅ EXCELLENT,False,NONE,4.5,0.0,NONE
1780023020.95,100.4,88.8,32.2,1471.0,35.8,13.81,32.0,60.3,31.8,0.2,optimal,optimal,optimal,optimal,optimal,optimal,↑ increasing,→ stable,→ stable,99.6,✅ EXCELLENT,False,NONE,4.0,0.7,NONE
1780023021.951,98.6,91.0,32.1,1532.0,34.9,13.79,31.9,59.7,32.2,0.3,optimal,optimal,optimal,optimal,optimal,optimal,→ stable,→ stable,→ stable,99.6,✅ EXCELLENT,False,NONE,4.1,0.0,NONE
1780023022.951,98.8,90.3,31.7,1509.0,36.0,13.78,32.3,60.0,32.0,0.0,optimal,optimal,optimal,optimal,optimal,optimal,→ stable,→ stable,→ stable,99.6,✅ EXCELLENT,False,NONE,4.7,0.0,NONE
1780023023.951,98.1,91.4,31.6,1549.0,35.3,13.83,31.8,59.8,31.8,-0.1,optimal,optimal,optimal,optimal,optimal,optimal,→ stable,→ stable,→ stable,99.6,✅ EXCELLENT,False,NONE,4.8,0.0,NONE
1780023024.953,97.9,89.7,31.7,1455.0,34.4,13.77,32.0,59.9,31.8,0.0,optimal,optimal,optimal,optimal,optimal,optimal,↓ decreasing,→ stable,→ stable,99.6,✅ EXCELLENT,False,NONE,4.6,0.0,NONE
1780023025.954,100.4,88.8,31.7,1479.0,34.4,13.84,32.0,59.8,32.3,-0.3,optimal,optimal,optimal,optimal,optimal,optimal,↓ decreasing,→ stable,→ stable,99.6,✅ EXCELLENT,False,NONE,4.7,0.7,NONE
1780023026.955,97.6,89.6,31.9,1484.0,34.0,13.82,32.0,59.7,31.8,-0.3,optimal,optimal,optimal,optimal,optimal,optimal,↓ decreasing,→ stable,→ stable,99.6,✅ EXCELLENT,False,NONE,4.3,0.1,NONE
1780023027.956,100.9,88.9,32.0,1486.0,34.8,13.75,31.8,60.3,31.8,-0.4,optimal,optimal,optimal,optimal,optimal,optimal,↓ decreasing,→ stable,→ stable,99.6,✅ EXCELLENT,False,NONE,4.3,0.6,NONE
1780023028.956,101.9,88.8,32.2,1517.0,34.4,13.81,31.9,59.6,32.4,-0.2,optimal,optimal,optimal,optimal,optimal,optimal,↓ decreasing,→ stable,→ stable,99.6,✅ EXCELLENT,False,NONE,4.1,0.7,NONE
1780023029.956,99.7,90.0,31.7,1477.0,34.9,13.84,32.1,60.1,32.0,0.3,optimal,optimal,optimal,optimal,optimal,optimal,↓ decreasing,→ stable,→ stable,99.6,✅ EXCELLENT,False,NONE,4.7,0.0,NONE
1780023030.957,99.9,90.6,32.2,1483.0,35.1,13.8,31.8,60.0,31.7,0.1,optimal,optimal,optimal,optimal,optimal,optimal,↓ decreasing,→ stable,→ stable,99.6,✅ EXCELLENT,False,NONE,4.0,0.0,NONE
1780023031.957,102.6,88.7,32.1,1510.0,35.6,13.8,32.2,59.9,31.9,-0.1,optimal,optimal,optimal,optimal,optimal,optimal,↓ decreasing,↓ decreasing,→ stable,99.6,✅ EXCELLENT,False,NONE,4.3,0.8,NONE
1780023032.957,99.9,88.6,32.3,1533.0,34.5,13.81,32.3,60.3,32.0,0.0,optimal,optimal,optimal,optimal,optimal,optimal,→ stable,↓ decreasing,→ stable,99.6,✅ EXCELLENT,False,NONE,3.9,1.0,NONE
1780023033.957,97.6,89.1,31.6,1520.0,35.6,13.79,32.4,59.7,32.1,0.1,optimal,optimal,optimal,optimal,optimal,optimal,→ stable,↓ decreasing,→ stable,99.6,✅ EXCELLENT,False,NONE,4.7,0.4,NONE
1780023034.957,100.6,89.3,31.8,1515.0,34.5,13.82,31.8,59.9,31.6,0.1,optimal,optimal,optimal,optimal,optimal,optimal,↑ increasing,↓ decreasing,→ stable,99.6,✅ EXCELLENT,False,NONE,4.6,0.2,NONE
1780023035.958,101.8,89.6,31.8,1511.0,34.2,13.77,31.8,59.9,32.1,-0.1,optimal,optimal,optimal,optimal,optimal,optimal,↑ increasing,↓ decreasing,→ stable,99.6,✅ EXCELLENT,False,NONE,4.7,0.1,NONE
1780023036.96,99.1,89.3,31.7,1530.0,34.2,13.8,31.6,59.6,32.3,-0.3,optimal,optimal,optimal,optimal,optimal,optimal,↑ increasing,↓ decreasing,→ stable,99.6,✅ EXCELLENT,False,NONE,4.7,0.2,NONE
1780023037.961,99.3,89.9,32.2,1496.0,35.7,13.84,31.8,60.1,32.3,0.2,optimal,optimal,optimal,optimal,optimal,optimal,↑ increasing,↓ decreasing,→ stable,99.6,✅ EXCELLENT,False,NONE,4.0,0.0,NONE
1780023038.962,101.2,90.2,31.7,1501.0,35.5,13.79,31.7,59.7,32.3,-0.3,optimal,optimal,optimal,optimal,optimal,optimal,↑ increasing,→ stable,→ stable,99.6,✅ EXCELLENT,False,NONE,4.8,0.0,NONE
1780023039.963,100.8,90.1,31.9,1549.0,34.4,13.77,31.8,59.6,32.2,0.3,optimal,optimal,optimal,optimal,optimal,optimal,↑ increasing,→ stable,→ stable,99.6,✅ EXCELLENT,False,NONE,4.5,0.0,NONE
1780023040.964,99.6,89.3,31.7,1541.0,35.1,13.79,31.7,60.0,31.9,0.2,optimal,optimal,optimal,optimal,optimal,optimal,↑ increasing,→ stable,→ stable,99.6,✅ EXCELLENT,False,NONE,4.7,0.2,NONE
1780023041.965,100.0,88.6,31.9,1454.0,36.0,13.83,32.0,60.4,32.1,-0.1,optimal,optimal,optimal,optimal,optimal,optimal,→ stable,→ stable,→ stable,99.6,✅ EXCELLENT,False,NONE,4.4,1.0,NONE
1780023042.965,99.0,90.5,32.2,1510.0,35.0,13.84,32.4,60.1,32.3,0.2,optimal,optimal,optimal,optimal,optimal,optimal,→ stable,→ stable,→ stable,99.6,✅ EXCELLENT,False,NONE,4.0,0.0,NONE
1780023043.966,99.2,88.5,31.9,1541.0,34.7,13.8,32.4,59.7,31.8,0.0,optimal,optimal,optimal,optimal,optimal,optimal,→ stable,→ stable,→ stable,99.6,✅ EXCELLENT,False,NONE,4.4,1.1,NONE
1780023044.966,98.3,90.7,32.2,1491.0,35.1,13.76,32.4,59.7,32.3,0.1,optimal,optimal,optimal,optimal,optimal,optimal,→ stable,→ stable,→ stable,99.6,✅ EXCELLENT,False,NONE,3.9,0.0,NONE
1780023045.966,102.8,90.4,31.8,1501.0,35.8,13.77,31.9,59.6,31.8,-0.2,optimal,optimal,optimal,optimal,optimal,optimal,→ stable,→ stable,→ stable,99.6,✅ EXCELLENT,False,NONE,4.7,0.0,NONE
1780023046.966,97.2,89.6,31.7,1527.0,35.0,13.83,31.9,59.6,31.9,0.2,optimal,optimal,optimal,optimal,optimal,optimal,↓ decreasing,→ stable,→ stable,99.6,✅ EXCELLENT,False,NONE,4.6,0.1,NONE
1780023047.966,99.6,90.9,31.8,1476.0,34.5,13.78,31.9,60.1,31.6,0.3,optimal,optimal,optimal,optimal,optimal,optimal,→ stable,→ stable,→ stable,99.6,✅ EXCELLENT,False,NONE,4.6,0.0,NONE
1780023048.966,99.3,91.0,32.3,1479.0,34.9,13.81,32.0,60.0,32.0,0.3,optimal,optimal,optimal,optimal,optimal,optimal,↓ decreasing,→ stable,→ stable,99.6,✅ EXCELLENT,False,NONE,3.8,0.0,NONE
1780023049.966,101.4,88.6,32.1,1545.0,35.7,13.8,32.4,60.1,31.9,-0.3,optimal,optimal,optimal,optimal,optimal,optimal,↓ decreasing,→ stable,→ stable,99.6,✅ EXCELLENT,False,NONE,4.2,1.0,NONE
1780023050.966,99.5,89.6,32.2,1549.0,35.1,13.78,32.3,59.8,31.6,-0.1,optimal,optimal,optimal,optimal,optimal,optimal,↓ decreasing,→ stable,→ stable,99.6,✅ EXCELLENT,False,NONE,4.0,0.1,NONE
1780023051.967,98.5,91.3,32.4,1498.0,34.8,13.81,31.8,60.3,32.2,-0.4,optimal,optimal,optimal,optimal,optimal,optimal,↓ decreasing,↑ increasing,→ stable,99.6,✅ EXCELLENT,False,NONE,3.7,0.0,NONE
1780023052.969,97.7,91.0,32.1,1545.0,35.2,13.76,31.7,59.9,32.2,-0.0,optimal,optimal,optimal,optimal,optimal,optimal,↓ decreasing,↑ increasing,→ stable,99.6,✅ EXCELLENT,False,NONE,4.0,0.0,NONE
1780023053.97,98.6,88.5,32.1,1484.0,35.8,13.82,32.1,59.9,31.7,0.1,optimal,optimal,optimal,optimal,optimal,optimal,↓ decreasing,↑ increasing,→ stable,99.6,✅ EXCELLENT,False,NONE,4.1,1.1,NONE
1780023054.971,98.1,90.3,31.7,1482.0,35.3,13.77,31.8,60.3,32.3,-0.2,optimal,optimal,optimal,optimal,optimal,optimal,↓ decreasing,→ stable,→ stable,99.6,✅ EXCELLENT,False,NONE,4.6,0.0,NONE
1780023055.971,102.0,90.3,32.2,1468.0,34.3,13.77,31.7,59.9,31.8,-0.1,optimal,optimal,optimal,optimal,optimal,optimal,↓ decreasing,→ stable,→ stable,99.6,✅ EXCELLENT,False,NONE,4.1,0.0,NONE
1780023056.972,98.6,90.3,32.3,1520.0,34.6,13.76,32.2,60.3,32.1,0.1,optimal,optimal,optimal,optimal,optimal,optimal,→ stable,→ stable,→ stable,99.6,✅ EXCELLENT,False,NONE,3.8,0.0,NONE
1780023057.972,102.6,90.2,32.2,1522.0,35.0,13.78,32.3,59.8,31.8,0.1,optimal,optimal,optimal,optimal,optimal,optimal,→ stable,→ stable,→ stable,99.6,✅ EXCELLENT,False,NONE,4.1,0.0,NONE
1780023058.974,101.8,89.4,32.1,1535.0,35.9,13.79,32.1,59.9,32.3,-0.1,optimal,optimal,optimal,optimal,optimal,optimal,→ stable,→ stable,→ stable,99.6,✅ EXCELLENT,False,NONE,4.2,0.2,NONE
1780023059.975,98.8,91.2,31.9,1498.0,34.1,13.8,32.2,59.6,32.1,-0.3,optimal,optimal,optimal,optimal,optimal,optimal,→ stable,→ stable,→ stable,99.6,✅ EXCELLENT,False,NONE,4.4,0.0,NONE
1780023060.976,98.4,90.5,31.7,1472.0,35.7,13.83,32.2,59.6,31.6,-0.3,optimal,optimal,optimal,optimal,optimal,optimal,→ stable,→ stable,→ stable,99.6,✅ EXCELLENT,False,NONE,4.6,0.0,NONE
1780023061.976,97.9,88.8,32.3,1493.0,35.6,13.77,31.8,59.7,32.3,-0.1,optimal,optimal,optimal,optimal,optimal,optimal,→ stable,→ stable,→ stable,99.6,✅ EXCELLENT,False,NONE,3.8,0.7,NONE
1780023062.976,102.2,90.0,32.3,1456.0,34.5,13.79,32.4,60.1,31.8,0.2,optimal,optimal,optimal,optimal,optimal,optimal,↑ increasing,→ stable,→ stable,99.6,✅ EXCELLENT,False,NONE,3.9,0.0,NONE
1780023063.976,100.0,90.3,32.1,1527.0,34.5,13.82,31.8,60.1,32.2,-0.3,optimal,optimal,optimal,optimal,optimal,optimal,↑ increasing,→ stable,→ stable,99.6,✅ EXCELLENT,False,NONE,4.1,0.0,NONE
1780023064.977,100.4,89.4,31.9,1503.0,35.3,13.8,32.3,59.8,32.2,0.1,optimal,optimal,optimal,optimal,optimal,optimal,↑ increasing,→ stable,→ stable,99.6,✅ EXCELLENT,False,NONE,4.4,0.2,NONE
1780023065.977,99.7,89.9,31.7,1544.0,35.7,13.79,32.2,59.7,32.3,-0.2,optimal,optimal,optimal,optimal,optimal,optimal,↑ increasing,→ stable,→ stable,99.6,✅ EXCELLENT,False,NONE,4.7,0.0,NONE
1780023066.977,101.5,89.5,32.1,1494.0,34.4,13.83,32.1,60.0,31.7,-0.2,optimal,optimal,optimal,optimal,optimal,optimal,↑ increasing,→ stable,→ stable,99.6,✅ EXCELLENT,False,NONE,4.2,0.1,NONE
1780023067.979,100.5,88.7,31.9,1509.0,35.1,13.82,31.7,59.7,31.8,-0.0,optimal,optimal,optimal,optimal,optimal,optimal,→ stable,→ stable,→ stable,99.6,✅ EXCELLENT,False,NONE,4.5,0.8,NONE
1780023068.98,101.0,89.4,32.0,1454.0,34.1,13.84,31.7,60.0,31.9,-0.1,optimal,optimal,optimal,optimal,optimal,optimal,→ stable,→ stable,→ stable,99.6,✅ EXCELLENT,False,NONE,4.3,0.2,NONE
1780023069.981,101.4,89.5,32.3,1485.0,35.8,13.78,32.3,59.9,31.9,0.0,optimal,optimal,optimal,optimal,optimal,optimal,↑ increasing,↓ decreasing,→ stable,99.6,✅ EXCELLENT,False,NONE,3.9,0.1,NONE
1780023070.983,97.7,89.3,31.7,1534.0,34.8,13.81,32.0,59.8,31.8,-0.3,optimal,optimal,optimal,optimal,optimal,optimal,↑ increasing,↓ decreasing,→ stable,99.6,✅ EXCELLENT,False,NONE,4.6,0.2,NONE
1780023071.984,98.7,89.5,32.1,1483.0,35.1,13.83,31.9,60.1,32.2,0.4,optimal,optimal,optimal,optimal,optimal,optimal,↑ increasing,→ stable,→ stable,99.6,✅ EXCELLENT,False,NONE,4.1,0.1,NONE
1780023072.984,99.9,90.6,31.6,1469.0,34.7,13.76,32.4,60.0,31.8,0.3,optimal,optimal,optimal,optimal,optimal,optimal,→ stable,→ stable,→ stable,99.6,✅ EXCELLENT,False,NONE,4.9,0.0,NONE
1780023073.984,102.3,89.6,32.1,1458.0,35.0,13.76,31.7,60.1,31.7,0.3,optimal,optimal,optimal,optimal,optimal,optimal,→ stable,↓ decreasing,→ stable,99.6,✅ EXCELLENT,False,NONE,4.2,0.1,NONE
1780023074.986,97.7,89.9,31.7,1458.0,35.8,13.83,31.9,59.9,32.1,0.3,optimal,optimal,optimal,optimal,optimal,optimal,→ stable,→ stable,→ stable,99.6,✅ EXCELLENT,False,NONE,4.6,0.0,NONE
1780023075.986,102.4,90.2,32.2,1461.0,35.6,13.75,31.8,59.8,32.4,-0.0,optimal,optimal,optimal,optimal,optimal,optimal,→ stable,→ stable,→ stable,99.6,✅ EXCELLENT,False,NONE,4.1,0.0,NONE
1780023076.988,101.5,90.7,31.8,1487.0,35.2,13.8,32.3,59.6,31.6,-0.2,optimal,optimal,optimal,optimal,optimal,optimal,→ stable,→ stable,→ stable,99.6,✅ EXCELLENT,False,NONE,4.6,0.0,NONE
1780023077.989,101.4,90.9,31.7,1546.0,34.8,13.82,32.0,60.1,32.1,-0.1,optimal,optimal,optimal,optimal,optimal,optimal,→ stable,→ stable,→ stable,99.6,✅ EXCELLENT,False,NONE,4.8,0.0,NONE
1780023078.989,101.4,90.7,32.2,1479.0,34.2,13.75,31.8,60.2,31.6,0.4,optimal,optimal,optimal,optimal,optimal,optimal,→ stable,→ stable,→ stable,99.6,✅ EXCELLENT,False,NONE,4.1,0.0,NONE
1780023079.991,100.1,90.1,31.8,1542.0,35.0,13.82,31.6,60.3,32.3,0.1,optimal,optimal,optimal,optimal,optimal,optimal,→ stable,↑ increasing,→ stable,99.6,✅ EXCELLENT,False,NONE,4.6,0.0,NONE
1780023080.991,102.2,88.7,31.8,1481.0,34.0,13.82,31.9,60.1,32.1,0.2,optimal,optimal,optimal,optimal,optimal,optimal,↑ increasing,↑ increasing,→ stable,99.6,✅ EXCELLENT,False,NONE,4.7,0.8,NONE
1780023081.992,102.4,88.5,31.7,1521.0,35.1,13.8,32.0,59.9,32.0,-0.2,optimal,optimal,optimal,optimal,optimal,optimal,↑ increasing,→ stable,→ stable,99.6,✅ EXCELLENT,False,NONE,4.8,1.1,NONE
1780023082.993,99.5,91.3,32.1,1483.0,35.3,13.83,32.0,60.3,32.0,0.3,optimal,optimal,optimal,optimal,optimal,optimal,↑ increasing,→ stable,→ stable,99.6,✅ EXCELLENT,False,NONE,4.1,0.0,NONE
1780023083.994,99.9,88.8,32.3,1474.0,35.3,13.83,32.3,60.3,31.7,-0.2,optimal,optimal,optimal,optimal,optimal,optimal,↑ increasing,→ stable,→ stable,99.6,✅ EXCELLENT,False,NONE,3.9,0.7,NONE
1780023084.994,102.7,89.2,31.9,1517.0,35.0,13.77,31.8,60.4,32.3,-0.3,optimal,optimal,optimal,optimal,optimal,optimal,↑ increasing,→ stable,→ stable,99.6,✅ EXCELLENT,False,NONE,4.5,0.3,NONE
1780023085.994,101.4,89.3,32.4,1528.0,34.9,13.76,32.1,59.8,32.1,-0.2,optimal,optimal,optimal,optimal,optimal,optimal,↑ increasing,→ stable,→ stable,99.6,✅ EXCELLENT,False,NONE,3.8,0.2,NONE
1780023086.996,102.7,89.5,31.7,1527.0,34.7,13.75,31.8,60.3,32.0,0.0,optimal,optimal,optimal,optimal,optimal,optimal,↑ increasing,→ stable,→ stable,99.6,✅ EXCELLENT,False,NONE,4.8,0.1,NONE
1780023087.997,102.2,90.9,32.0,1474.0,35.8,13.78,32.3,60.0,32.1,-0.3,optimal,optimal,optimal,optimal,optimal,optimal,↑ increasing,→ stable,→ stable,99.6,✅ EXCELLENT,False,NONE,4.4,0.0,NONE
1780023088.997,102.5,88.9,32.0,1535.0,35.8,13.75,32.1,59.9,31.9,0.2,optimal,optimal,optimal,optimal,optimal,optimal,↑ increasing,↓ decreasing,→ stable,99.6,✅ EXCELLENT,False,NONE,4.4,0.6,NONE
1780023089.997,97.5,91.5,32.4,1464.0,35.8,13.81,32.1,60.0,31.9,-0.1,optimal,optimal,optimal,optimal,optimal,optimal,↑ increasing,→ stable,→ stable,99.6,✅ EXCELLENT,False,NONE,3.6,0.0,NONE
1780023090.997,99.1,90.1,32.1,1487.0,35.3,13.84,31.8,59.9,32.1,0.0,optimal,optimal,optimal,optimal,optimal,optimal,→ stable,→ stable,→ stable,99.6,✅ EXCELLENT,False,NONE,4.1,0.0,NONE
1780023091.998,98.9,90.3,32.2,1454.0,35.4,13.84,32.3,60.4,32.1,-0.3,optimal,optimal,optimal,optimal,optimal,optimal,→ stable,→ stable,→ stable,99.6,✅ EXCELLENT,False,NONE,4.0,0.0,NONE
1780023092.999,97.6,89.0,32.3,1466.0,34.8,13.77,31.9,60.4,32.2,0.2,optimal,optimal,optimal,optimal,optimal,optimal,↓ decreasing,→ stable,→ stable,99.6,✅ EXCELLENT,False,NONE,3.8,0.5,NONE
1780023093.999,101.5,90.5,31.8,1474.0,35.5,13.75,32.3,60.0,32.1,-0.3,optimal,optimal,optimal,optimal,optimal,optimal,→ stable,→ stable,→ stable,99.6,✅ EXCELLENT,False,NONE,4.6,0.0,NONE
1780023095.0,102.1,88.9,32.3,1492.0,34.4,13.8,32.2,60.1,32.3,0.3,optimal,optimal,optimal,optimal,optimal,optimal,↓ decreasing,→ stable,→ stable,99.6,✅ EXCELLENT,False,NONE,3.9,0.6,NONE
1780023096.001,99.7,88.7,32.3,1486.0,34.7,13.85,31.8,60.1,31.9,0.2,optimal,optimal,optimal,optimal,optimal,optimal,↓ decreasing,→ stable,→ stable,99.6,✅ EXCELLENT,False,NONE,3.8,0.8,NONE
1780023097.002,97.3,90.0,32.2,1545.0,35.0,13.81,32.3,59.6,31.8,-0.2,optimal,optimal,optimal,optimal,optimal,optimal,↓ decreasing,→ stable,→ stable,99.6,✅ EXCELLENT,False,NONE,3.9,0.0,NONE
1780023098.003,100.3,89.7,32.4,1537.0,35.5,13.79,32.2,60.3,32.3,-0.4,optimal,optimal,optimal,optimal,optimal,optimal,↓ decreasing,→ stable,→ stable,99.6,✅ EXCELLENT,False,NONE,3.7,0.0,NONE
1780023099.003,103.0,91.3,32.1,1459.0,34.5,13.84,31.7,59.6,32.2,-0.1,optimal,optimal,optimal,optimal,optimal,optimal,↓ decreasing,→ stable,→ stable,99.6,✅ EXCELLENT,False,NONE,4.3,0.0,NONE
1780023100.004,99.4,88.5,32.1,1538.0,35.7,13.84,31.9,60.1,31.7,0.2,optimal,optimal,optimal,optimal,optimal,optimal,↓ decreasing,→ stable,→ stable,99.6,✅ EXCELLENT,False,NONE,4.1,1.1,NONE
1780023101.004,97.4,88.8,32.3,1521.0,34.4,13.84,31.9,60.0,31.9,-0.0,optimal,optimal,optimal,optimal,optimal,optimal,↓ decreasing,→ stable,→ stable,99.6,✅ EXCELLENT,False,NONE,3.8,0.7,NONE
1780023102.005,98.6,91.1,31.9,1510.0,34.1,13.81,32.2,59.8,31.8,-0.2,optimal,optimal,optimal,optimal,optimal,optimal,↓ decreasing,→ stable,→ stable,99.6,✅ EXCELLENT,False,NONE,4.4,0.0,NONE
1780023103.005,100.8,89.2,31.8,1481.0,35.7,13.82,32.1,60.1,31.7,0.1,optimal,optimal,optimal,optimal,optimal,optimal,→ stable,→ stable,→ stable,99.6,✅ EXCELLENT,False,NONE,4.6,0.3,NONE
1780023104.007,101.0,89.5,31.9,1534.0,35.9,13.77,31.8,60.0,32.1,0.3,optimal,optimal,optimal,optimal,optimal,optimal,↓ decreasing,→ stable,→ stable,99.6,✅ EXCELLENT,False,NONE,4.5,0.1,NONE
1780023105.007,99.8,88.9,32.2,1516.0,34.2,13.75,31.8,59.7,31.9,-0.1,optimal,optimal,optimal,optimal,optimal,optimal,↓ decreasing,→ stable,→ stable,99.6,✅ EXCELLENT,False,NONE,4.0,0.6,NONE
1780023106.007,97.7,90.4,32.3,1502.0,35.6,13.78,32.1,60.2,32.0,-0.2,optimal,optimal,optimal,optimal,optimal,optimal,↓ decreasing,→ stable,→ stable,99.6,✅ EXCELLENT,False,NONE,3.8,0.0,NONE
1780023107.008,102.5,90.4,32.1,1477.0,34.6,13.79,31.9,60.4,32.0,0.3,optimal,optimal,optimal,optimal,optimal,optimal,→ stable,→ stable,→ stable,99.6,✅ EXCELLENT,False,NONE,4.2,0.0,NONE
1780023108.01,97.3,89.7,31.8,1484.0,34.7,13.75,31.8,59.7,31.7,0.1,optimal,optimal,optimal,optimal,optimal,optimal,→ stable,→ stable,→ stable,99.6,✅ EXCELLENT,False,NONE,4.4,0.0,NONE
1780023109.011,102.5,91.4,32.0,1506.0,35.6,13.83,32.0,60.3,32.2,-0.2,optimal,optimal,optimal,optimal,optimal,optimal,→ stable,→ stable,→ stable,99.6,✅ EXCELLENT,False,NONE,4.4,0.0,NONE
1780023110.012,97.6,89.1,31.7,1529.0,35.4,13.75,31.9,60.1,31.6,-0.0,optimal,optimal,optimal,optimal,optimal,optimal,→ stable,→ stable,→ stable,99.6,✅ EXCELLENT,False,NONE,4.6,0.4,NONE
1780023111.013,101.7,90.2,32.2,1464.0,34.5,13.84,32.0,59.6,32.4,0.1,optimal,optimal,optimal,optimal,optimal,optimal,→ stable,→ stable,→ stable,99.6,✅ EXCELLENT,False,NONE,4.1,0.0,NONE
1780023112.014,101.6,90.1,32.2,1527.0,36.0,13.81,32.4,59.8,31.8,-0.2,optimal,optimal,optimal,optimal,optimal,optimal,↑ increasing,→ stable,→ stable,99.6,✅ EXCELLENT,False,NONE,4.1,0.0,NONE
1780023113.015,97.0,89.1,32.3,1454.0,35.0,13.75,31.8,60.1,31.6,0.2,optimal,optimal,optimal,optimal,optimal,optimal,→ stable,→ stable,→ stable,99.6,✅ EXCELLENT,False,NONE,3.7,0.4,NONE
1780023114.015,100.0,90.5,32.2,1474.0,34.5,13.79,32.2,60.1,31.9,0.2,optimal,optimal,optimal,optimal,optimal,optimal,→ stable,→ stable,→ stable,99.6,✅ EXCELLENT,False,NONE,4.0,0.0,NONE
1780023115.015,99.1,89.4,31.8,1544.0,35.5,13.85,31.9,60.1,31.9,-0.2,optimal,optimal,optimal,optimal,optimal,optimal,→ stable,→ stable,→ stable,99.6,✅ EXCELLENT,False,NONE,4.5,0.2,NONE
1780023116.017,97.1,89.9,32.1,1521.0,34.4,13.83,32.4,60.0,31.7,0.1,optimal,optimal,optimal,optimal,optimal,optimal,→ stable,→ stable,→ stable,99.6,✅ EXCELLENT,False,NONE,4.0,0.0,NONE
1780023117.018,97.7,91.0,32.2,1539.0,34.6,13.78,32.3,59.7,32.2,0.2,optimal,optimal,optimal,optimal,optimal,optimal,↓ decreasing,→ stable,→ stable,99.6,✅ EXCELLENT,False,NONE,3.9,0.0,NONE
1780023118.018,99.8,89.5,32.3,1500.0,34.2,13.82,31.7,59.9,32.0,0.3,optimal,optimal,optimal,optimal,optimal,optimal,→ stable,→ stable,→ stable,99.6,✅ EXCELLENT,False,NONE,3.8,0.1,NONE
1780023119.018,100.0,88.6,32.0,1529.0,34.8,13.84,31.9,60.1,31.9,-0.3,optimal,optimal,optimal,optimal,optimal,optimal,↓ decreasing,→ stable,→ stable,99.6,✅ EXCELLENT,False,NONE,4.3,1.0,NONE
1780023120.019,101.7,90.1,32.4,1520.0,35.1,13.85,32.1,60.2,32.2,0.1,optimal,optimal,optimal,optimal,optimal,optimal,→ stable,→ stable,→ stable,99.6,✅ EXCELLENT,False,NONE,3.8,0.0,NONE
1780023121.02,98.2,90.7,31.8,1455.0,34.7,13.76,32.3,59.7,31.9,0.1,optimal,optimal,optimal,optimal,optimal,optimal,↓ decreasing,→ stable,→ stable,99.6,✅ EXCELLENT,False,NONE,4.5,0.0,NONE
1780023122.021,101.7,89.2,32.3,1516.0,34.9,13.82,32.1,60.0,31.7,-0.3,optimal,optimal,optimal,optimal,optimal,optimal,↓ decreasing,→ stable,→ stable,99.6,✅ EXCELLENT,False,NONE,3.9,0.3,NONE
1780023123.022,97.9,91.3,31.8,1528.0,35.8,13.81,31.6,60.1,32.0,0.3,optimal,optimal,optimal,optimal,optimal,optimal,↓ decreasing,→ stable,→ stable,99.6,✅ EXCELLENT,False,NONE,4.5,0.0,NONE
1780023124.022,98.5,91.0,31.9,1469.0,34.1,13.78,31.9,60.1,32.3,-0.3,optimal,optimal,optimal,optimal,optimal,optimal,↓ decreasing,→ stable,→ stable,99.6,✅ EXCELLENT,False,NONE,4.4,0.0,NONE
1780023125.023,101.3,90.7,32.1,1461.0,34.6,13.77,31.7,59.9,32.2,-0.1,optimal,optimal,optimal,optimal,optimal,optimal,→ stable,→ stable,→ stable,99.6,✅ EXCELLENT,False,NONE,4.2,0.0,NONE
1780023126.023,100.5,88.8,32.0,1536.0,34.9,13.77,32.3,59.8,32.3,-0.2,optimal,optimal,optimal,optimal,optimal,optimal,→ stable,→ stable,→ stable,99.6,✅ EXCELLENT,False,NONE,4.3,0.7,NONE
1780023127.024,97.4,90.7,32.2,1510.0,35.8,13.84,32.2,60.3,32.0,-0.1,optimal,optimal,optimal,optimal,optimal,optimal,↑ increasing,→ stable,→ stable,99.6,✅ EXCELLENT,False,NONE,3.9,0.0,NONE
1780023128.025,102.0,89.5,31.9,1485.0,35.8,13.82,31.7,60.1,32.4,0.4,optimal,optimal,optimal,optimal,optimal,optimal,↑ increasing,→ stable,→ stable,99.6,✅ EXCELLENT,False,NONE,4.5,0.1,NONE
1780023129.027,98.0,91.4,32.2,1542.0,34.6,13.79,32.0,60.1,32.3,0.1,optimal,optimal,optimal,optimal,optimal,optimal,↑ increasing,↑ increasing,→ stable,99.6,✅ EXCELLENT,False,NONE,3.9,0.0,NONE
1780023130.027,101.0,89.4,32.1,1467.0,35.9,13.85,32.3,60.3,32.0,-0.2,optimal,optimal,optimal,optimal,optimal,optimal,→ stable,→ stable,→ stable,99.6,✅ EXCELLENT,False,NONE,4.2,0.2,NONE
1780023131.028,97.2,88.7,31.9,1526.0,35.6,13.83,31.9,60.3,32.2,0.3,optimal,optimal,optimal,optimal,optimal,optimal,→ stable,→ stable,→ stable,99.6,✅ EXCELLENT,False,NONE,4.3,0.8,NONE
1780023132.028,101.0,89.9,32.4,1465.0,35.1,13.79,31.9,60.3,31.7,-0.2,optimal,optimal,optimal,optimal,optimal,optimal,→ stable,→ stable,→ stable,99.6,✅ EXCELLENT,False,NONE,3.8,0.0,NONE
1780023133.029,102.6,90.8,31.7,1498.0,35.2,13.76,32.2,60.1,32.2,0.1,optimal,optimal,optimal,optimal,optimal,optimal,↑ increasing,→ stable,→ stable,99.6,✅ EXCELLENT,False,NONE,4.8,0.0,NONE
1780023134.03,99.6,89.6,32.0,1468.0,34.2,13.77,32.0,59.8,31.8,-0.4,optimal,optimal,optimal,optimal,optimal,optimal,↑ increasing,→ stable,→ stable,99.6,✅ EXCELLENT,False,NONE,4.3,0.1,NONE
1780023135.031,100.9,89.7,32.3,1518.0,34.6,13.84,32.3,59.8,31.7,-0.4,optimal,optimal,optimal,optimal,optimal,optimal,↑ increasing,→ stable,→ stable,99.6,✅ EXCELLENT,False,NONE,3.9,0.0,NONE
1780023136.032,101.0,91.0,32.3,1499.0,35.7,13.84,32.4,60.0,32.1,0.0,optimal,optimal,optimal,optimal,optimal,optimal,→ stable,→ stable,→ stable,99.6,✅ EXCELLENT,False,NONE,3.9,0.0,NONE
1780023137.033,99.8,89.5,32.1,1504.0,34.8,13.8,32.1,60.1,32.0,0.3,optimal,optimal,optimal,optimal,optimal,optimal,↑ increasing,→ stable,→ stable,99.6,✅ EXCELLENT,False,NONE,4.1,0.1,NONE
1780023138.035,99.9,89.8,31.6,1544.0,34.2,13.76,32.4,59.8,31.7,0.1,optimal,optimal,optimal,optimal,optimal,optimal,→ stable,→ stable,→ stable,99.6,✅ EXCELLENT,False,NONE,4.9,0.0,NONE
1780023139.035,101.4,91.0,32.2,1529.0,35.2,13.77,32.0,59.7,32.3,0.2,optimal,optimal,optimal,optimal,optimal,optimal,↑ increasing,→ stable,→ stable,99.6,✅ EXCELLENT,False,NONE,4.1,0.0,NONE
1780023140.035,102.0,91.1,32.0,1545.0,34.3,13.78,31.6,59.7,32.0,-0.3,optimal,optimal,optimal,optimal,optimal,optimal,↑ increasing,→ stable,→ stable,99.6,✅ EXCELLENT,False,NONE,4.4,0.0,NONE
1780023141.035,100.0,90.5,31.7,1545.0,34.9,13.76,32.4,59.9,31.9,0.3,optimal,optimal,optimal,optimal,optimal,optimal,↑ increasing,→ stable,→ stable,99.6,✅ EXCELLENT,False,NONE,4.7,0.0,NONE
1780023142.036,101.4,91.2,32.2,1502.0,35.6,13.78,31.6,60.4,31.8,0.3,optimal,optimal,optimal,optimal,optimal,optimal,↑ increasing,→ stable,→ stable,99.6,✅ EXCELLENT,False,NONE,4.1,0.0,NONE
1780023143.037,101.4,91.4,32.3,1486.0,35.9,13.8,32.2,60.1,32.2,0.3,optimal,optimal,optimal,optimal,optimal,optimal,↑ increasing,→ stable,→ stable,99.6,✅ EXCELLENT,False,NONE,3.9,0.0,NONE
1780023144.038,99.2,90.3,32.3,1522.0,34.9,13.84,31.7,59.8,32.3,0.3,optimal,optimal,optimal,optimal,optimal,optimal,↑ increasing,↑ increasing,→ stable,99.6,✅ EXCELLENT,False,NONE,3.8,0.0,NONE
1780023145.038,102.4,89.8,31.8,1500.0,35.3,13.8,32.1,60.0,31.7,-0.0,optimal,optimal,optimal,optimal,optimal,optimal,↑ increasing,↑ increasing,→ stable,99.6,✅ EXCELLENT,False,NONE,4.7,0.0,NONE
1780023146.039,98.2,88.5,32.2,1513.0,34.4,13.83,32.2,60.2,32.0,0.3,optimal,optimal,optimal,optimal,optimal,optimal,→ stable,→ stable,→ stable,99.6,✅ EXCELLENT,False,NONE,3.9,1.1,NONE
1780023147.04,100.1,88.9,32.4,1517.0,34.3,13.84,32.0,59.8,32.2,-0.4,optimal,optimal,optimal,optimal,optimal,optimal,→ stable,→ stable,→ stable,99.6,✅ EXCELLENT,False,NONE,3.7,0.6,NONE
1780023148.041,102.0,89.3,32.2,1530.0,34.8,13.85,31.6,60.1,31.8,0.4,optimal,optimal,optimal,optimal,optimal,optimal,↑ increasing,→ stable,→ stable,99.6,✅ EXCELLENT,False,NONE,4.1,0.2,NONE
1780023149.042,101.6,89.4,32.0,1456.0,35.0,13.76,31.7,60.2,32.2,0.1,optimal,optimal,optimal,optimal,optimal,optimal,→ stable,→ stable,→ stable,99.6,✅ EXCELLENT,False,NONE,4.4,0.2,NONE
1780023150.043,102.3,89.1,31.7,1457.0,35.2,13.84,31.7,59.9,31.7,-0.1,optimal,optimal,optimal,optimal,optimal,optimal,→ stable,→ stable,→ stable,99.6,✅ EXCELLENT,False,NONE,4.8,0.4,NONE
1780023151.044,101.1,90.9,32.2,1498.0,35.2,13.84,31.6,59.9,32.1,0.1,optimal,optimal,optimal,optimal,optimal,optimal,→ stable,→ stable,→ stable,99.6,✅ EXCELLENT,False,NONE,4.0,0.0,NONE
1780023152.044,101.3,90.1,31.6,1532.0,35.8,13.77,32.3,59.9,32.2,0.1,optimal,optimal,optimal,optimal,optimal,optimal,→ stable,↓ decreasing,→ stable,99.6,✅ EXCELLENT,False,NONE,4.9,0.0,NONE
1780023153.045,102.6,89.8,32.0,1459.0,35.8,13.83,32.0,60.1,31.7,0.3,optimal,optimal,optimal,optimal,optimal,optimal,→ stable,↓ decreasing,→ stable,99.6,✅ EXCELLENT,False,NONE,4.4,0.0,NONE
1780023154.045,102.1,89.9,31.8,1519.0,34.1,13.78,31.7,59.8,31.6,-0.4,optimal,optimal,optimal,optimal,optimal,optimal,↑ increasing,↓ decreasing,→ stable,99.6,✅ EXCELLENT,False,NONE,4.7,0.0,NONE
1780023155.046,98.8,89.5,31.7,1541.0,35.3,13.78,31.6,60.3,31.9,0.4,optimal,optimal,optimal,optimal,optimal,optimal,→ stable,↓ decreasing,→ stable,99.6,✅ EXCELLENT,False,NONE,4.7,0.1,NONE
1780023156.047,101.9,88.9,32.3,1548.0,34.1,13.76,32.4,60.0,31.6,-0.0,optimal,optimal,optimal,optimal,optimal,optimal,↑ increasing,↓ decreasing,→ stable,99.6,✅ EXCELLENT,False,NONE,3.9,0.6,NONE
1780023157.048,99.6,89.5,31.9,1533.0,34.1,13.81,32.0,60.3,32.1,-0.1,optimal,optimal,optimal,optimal,optimal,optimal,↑ increasing,↓ decreasing,→ stable,99.6,✅ EXCELLENT,False,NONE,4.4,0.1,NONE
1780023158.049,102.9,89.4,32.4,1516.0,35.6,13.8,31.6,60.0,32.4,0.1,optimal,optimal,optimal,optimal,optimal,optimal,↑ increasing,↓ decreasing,→ stable,99.6,✅ EXCELLENT,False,NONE,3.8,0.2,NONE
1780023159.05,99.2,88.6,31.8,1466.0,34.9,13.79,31.7,60.3,31.9,0.1,optimal,optimal,optimal,optimal,optimal,optimal,→ stable,→ stable,→ stable,99.6,✅ EXCELLENT,False,NONE,4.5,1.0,NONE
1780023160.05,98.5,91.4,32.0,1534.0,34.6,13.85,31.8,60.2,32.3,0.3,optimal,optimal,optimal,optimal,optimal,optimal,→ stable,→ stable,→ stable,99.6,✅ EXCELLENT,False,NONE,4.2,0.0,NONE
1780023161.051,100.4,89.2,32.3,1500.0,35.2,13.79,32.0,60.1,31.7,-0.2,optimal,optimal,optimal,optimal,optimal,optimal,→ stable,→ stable,→ stable,99.6,✅ EXCELLENT,False,NONE,3.9,0.3,NONE
1780023162.051,99.1,90.0,32.0,1528.0,34.7,13.78,32.2,60.3,32.2,0.1,optimal,optimal,optimal,optimal,optimal,optimal,→ stable,→ stable,→ stable,99.6,✅ EXCELLENT,False,NONE,4.2,0.0,NONE
1780023163.053,99.0,89.7,32.0,1463.0,34.5,13.76,31.8,60.4,32.0,0.3,optimal,optimal,optimal,optimal,optimal,optimal,↓ decreasing,→ stable,→ stable,99.6,✅ EXCELLENT,False,NONE,4.2,0.0,NONE
1780023164.054,98.9,89.9,31.9,1532.0,34.1,13.75,31.8,60.3,31.8,0.4,optimal,optimal,optimal,optimal,optimal,optimal,↓ decreasing,→ stable,→ stable,99.6,✅ EXCELLENT,False,NONE,4.4,0.0,NONE
1780023165.055,100.1,91.4,32.3,1517.0,35.7,13.77,31.8,60.3,31.7,0.2,optimal,optimal,optimal,optimal,optimal,optimal,↓ decreasing,→ stable,→ stable,99.6,✅ EXCELLENT,False,NONE,3.9,0.0,NONE
1780023166.055,100.2,89.2,31.9,1474.0,35.3,13.81,32.3,60.4,32.3,0.1,optimal,optimal,optimal,optimal,optimal,optimal,↓ decreasing,→ stable,→ stable,99.6,✅ EXCELLENT,False,NONE,4.4,0.3,NONE
1780023167.056,97.0,90.6,31.9,1525.0,34.5,13.82,31.8,60.0,32.1,-0.3,optimal,optimal,optimal,optimal,optimal,optimal,↓ decreasing,→ stable,→ stable,99.6,✅ EXCELLENT,False,NONE,4.3,0.0,NONE
1780023168.056,100.4,90.2,32.1,1522.0,34.7,13.82,32.3,60.3,31.9,-0.1,optimal,optimal,optimal,optimal,optimal,optimal,↓ decreasing,→ stable,→ stable,99.6,✅ EXCELLENT,False,NONE,4.2,0.0,NONE
1780023169.056,97.2,90.9,32.3,1505.0,34.1,13.77,32.3,59.9,32.3,-0.3,optimal,optimal,optimal,optimal,optimal,optimal,↓ decreasing,↑ increasing,→ stable,99.6,✅ EXCELLENT,False,NONE,3.7,0.0,NONE
1780023170.058,97.3,89.7,32.1,1536.0,34.6,13.75,32.0,60.4,32.3,-0.2,optimal,optimal,optimal,optimal,optimal,optimal,↓ decreasing,→ stable,→ stable,99.6,✅ EXCELLENT,False,NONE,4.0,0.0,NONE
1780023171.058,97.8,88.7,32.0,1543.0,34.1,13.76,32.0,60.0,32.3,0.1,optimal,optimal,optimal,optimal,optimal,optimal,↓ decreasing,→ stable,→ stable,99.6,✅ EXCELLENT,False,NONE,4.2,0.8,NONE
1780023172.058,98.2,88.6,31.7,1473.0,34.5,13.81,31.8,59.7,32.0,0.4,optimal,optimal,optimal,optimal,optimal,optimal,↓ decreasing,→ stable,→ stable,99.6,✅ EXCELLENT,False,NONE,4.6,1.0,NONE
1780023173.058,99.8,89.7,32.3,1463.0,34.9,13.79,32.2,59.6,32.2,0.3,optimal,optimal,optimal,optimal,optimal,optimal,↓ decreasing,→ stable,→ stable,99.6,✅ EXCELLENT,False,NONE,3.8,0.0,NONE
1780023174.058,102.9,89.8,32.0,1472.0,36.0,13.83,32.0,60.1,31.7,-0.4,optimal,optimal,optimal,optimal,optimal,optimal,↓ decreasing,→ stable,→ stable,99.6,✅ EXCELLENT,False,NONE,4.4,0.0,NONE
1780023175.058,98.6,91.4,31.9,1533.0,35.5,13.84,31.6,59.7,31.8,-0.2,optimal,optimal,optimal,optimal,optimal,optimal,↓ decreasing,→ stable,→ stable,99.6,✅ EXCELLENT,False,NONE,4.4,0.0,NONE
1780023176.059,99.7,89.5,32.2,1537.0,34.8,13.77,32.3,59.9,31.9,0.1,optimal,optimal,optimal,optimal,optimal,optimal,↓ decreasing,→ stable,→ stable,99.6,✅ EXCELLENT,False,NONE,4.0,0.1,NONE
1780023177.061,97.8,90.1,31.7,1451.0,35.0,13.8,32.2,60.0,32.1,-0.3,optimal,optimal,optimal,optimal,optimal,optimal,↓ decreasing,→ stable,→ stable,99.6,✅ EXCELLENT,False,NONE,4.6,0.0,NONE
1780023178.061,98.3,91.3,32.3,1490.0,35.8,13.77,32.2,60.2,32.3,-0.2,optimal,optimal,optimal,optimal,optimal,optimal,↓ decreasing,→ stable,→ stable,99.6,✅ EXCELLENT,False,NONE,3.8,0.0,NONE
1780023179.063,101.2,90.6,32.4,1493.0,34.7,13.81,31.9,60.0,31.8,0.2,optimal,optimal,optimal,optimal,optimal,optimal,→ stable,→ stable,→ stable,99.6,✅ EXCELLENT,False,NONE,3.8,0.0,NONE
1780023180.064,100.4,89.0,32.3,1505.0,35.2,13.76,31.9,59.8,31.9,0.3,optimal,optimal,optimal,optimal,optimal,optimal,↑ increasing,→ stable,→ stable,99.6,✅ EXCELLENT,False,NONE,3.9,0.5,NONE
1780023181.064,98.5,91.0,31.7,1482.0,35.0,13.76,31.8,59.9,31.6,-0.2,optimal,optimal,optimal,optimal,optimal,optimal,↑ increasing,→ stable,→ stable,99.6,✅ EXCELLENT,False,NONE,4.6,0.0,NONE
1780023182.065,98.3,89.0,31.7,1487.0,34.4,13.81,31.8,59.9,31.8,0.2,optimal,optimal,optimal,optimal,optimal,optimal,↑ increasing,→ stable,→ stable,99.6,✅ EXCELLENT,False,NONE,4.6,0.5,NONE
1780023183.066,98.1,91.1,32.3,1514.0,35.1,13.82,31.7,59.6,31.8,-0.0,optimal,optimal,optimal,optimal,optimal,optimal,↑ increasing,→ stable,→ stable,99.6,✅ EXCELLENT,False,NONE,3.8,0.0,NONE
1780023184.067,102.0,89.8,32.0,1517.0,35.3,13.75,32.4,59.9,32.3,-0.0,optimal,optimal,optimal,optimal,optimal,optimal,→ stable,→ stable,→ stable,99.6,✅ EXCELLENT,False,NONE,4.4,0.0,NONE
1780023185.068,102.2,91.1,31.9,1482.0,34.3,13.79,32.3,59.9,31.7,0.4,optimal,optimal,optimal,optimal,optimal,optimal,↑ increasing,→ stable,→ stable,99.6,✅ EXCELLENT,False,NONE,4.5,0.0,NONE
1780023186.07,100.0,88.6,32.3,1523.0,35.6,13.8,31.7,59.6,32.0,-0.3,optimal,optimal,optimal,optimal,optimal,optimal,↑ increasing,→ stable,→ stable,99.6,✅ EXCELLENT,False,NONE,3.9,1.0,NONE
1780023187.071,100.2,89.3,32.0,1488.0,36.0,13.8,31.9,60.3,32.0,0.1,optimal,optimal,optimal,optimal,optimal,optimal,↑ increasing,→ stable,→ stable,99.6,✅ EXCELLENT,False,NONE,4.3,0.2,NONE
1780023188.071,99.9,89.5,32.1,1500.0,35.4,13.79,31.7,59.7,32.1,0.3,optimal,optimal,optimal,optimal,optimal,optimal,↑ increasing,→ stable,→ stable,99.6,✅ EXCELLENT,False,NONE,4.1,0.1,NONE
1780023189.071,99.5,91.3,31.9,1479.0,35.6,13.76,32.1,59.8,31.8,0.4,optimal,optimal,optimal,optimal,optimal,optimal,↑ increasing,→ stable,→ stable,99.6,✅ EXCELLENT,False,NONE,4.4,0.0,NONE
1780023190.073,100.2,91.0,32.2,1484.0,34.5,13.78,32.3,60.3,32.2,-0.4,optimal,optimal,optimal,optimal,optimal,optimal,→ stable,→ stable,→ stable,99.6,✅ EXCELLENT,False,NONE,4.0,0.0,NONE
1780023191.073,100.7,90.7,31.6,1479.0,35.3,13.83,32.4,59.8,31.7,-0.1,optimal,optimal,optimal,optimal,optimal,optimal,↑ increasing,→ stable,→ stable,99.6,✅ EXCELLENT,False,NONE,4.9,0.0,NONE
1780023192.073,102.4,88.8,32.2,1509.0,34.8,13.76,31.7,60.2,32.2,-0.3,optimal,optimal,optimal,optimal,optimal,optimal,↑ increasing,→ stable,→ stable,99.6,✅ EXCELLENT,False,NONE,4.1,0.7,NONE
1780023193.073,100.8,88.7,31.6,1513.0,35.8,13.77,32.3,59.9,32.4,-0.3,optimal,optimal,optimal,optimal,optimal,optimal,↑ increasing,→ stable,→ stable,99.6,✅ EXCELLENT,False,NONE,4.9,0.8,NONE
1780023194.075,97.5,90.9,32.1,1487.0,35.1,13.77,32.0,60.2,31.9,0.2,optimal,optimal,optimal,optimal,optimal,optimal,↑ increasing,→ stable,→ stable,99.6,✅ EXCELLENT,False,NONE,4.0,0.0,NONE
1780023195.076,97.9,90.6,32.3,1529.0,34.2,13.83,31.7,60.1,31.8,-0.3,optimal,optimal,optimal,optimal,optimal,optimal,→ stable,→ stable,→ stable,99.6,✅ EXCELLENT,False,NONE,3.8,0.0,NONE
1780023196.076,100.1,89.8,32.1,1499.0,34.3,13.83,32.0,60.1,31.7,0.3,optimal,optimal,optimal,optimal,optimal,optimal,→ stable,→ stable,→ stable,99.6,✅ EXCELLENT,False,NONE,4.1,0.0,NONE
1780023197.076,99.1,89.4,31.9,1498.0,35.0,13.8,32.3,60.3,32.1,-0.1,optimal,optimal,optimal,optimal,optimal,optimal,→ stable,→ stable,→ stable,99.6,✅ EXCELLENT,False,NONE,4.4,0.2,NONE
1780023198.077,98.6,89.0,32.1,1518.0,35.1,13.81,31.7,59.8,32.1,-0.1,optimal,optimal,optimal,optimal,optimal,optimal,→ stable,→ stable,→ stable,99.6,✅ EXCELLENT,False,NONE,4.1,0.5,NONE
1780023199.077,98.6,90.2,32.3,1452.0,35.6,13.81,32.4,59.8,31.6,0.3,optimal,optimal,optimal,optimal,optimal,optimal,→ stable,→ stable,→ stable,99.6,✅ EXCELLENT,False,NONE,3.8,0.0,NONE
1780023200.077,102.5,89.9,32.3,1470.0,34.1,13.77,32.2,60.3,31.6,-0.3,optimal,optimal,optimal,optimal,optimal,optimal,→ stable,→ stable,→ stable,99.6,✅ EXCELLENT,False,NONE,4.0,0.0,NONE
1780023201.078,97.7,89.2,31.8,1524.0,36.0,13.85,31.6,60.1,32.3,0.0,optimal,optimal,optimal,optimal,optimal,optimal,↓ decreasing,→ stable,→ stable,99.6,✅ EXCELLENT,False,NONE,4.5,0.3,NONE
1780023202.079,100.1,91.0,32.2,1515.0,35.5,13.78,31.8,59.7,32.3,-0.3,optimal,optimal,optimal,optimal,optimal,optimal,↓ decreasing,→ stable,→ stable,99.6,✅ EXCELLENT,False,NONE,4.0,0.0,NONE
1780023203.08,97.9,90.4,31.8,1482.0,34.8,13.82,31.7,60.3,31.7,0.1,optimal,optimal,optimal,optimal,optimal,optimal,↓ decreasing,→ stable,→ stable,99.6,✅ EXCELLENT,False,NONE,4.5,0.0,NONE
1780023204.081,97.8,90.0,32.3,1495.0,34.1,13.84,31.8,60.4,32.4,0.0,optimal,optimal,optimal,optimal,optimal,optimal,↓ decreasing,→ stable,→ stable,99.6,✅ EXCELLENT,False,NONE,3.8,0.0,NONE
1780023205.081,98.4,90.4,32.1,1467.0,34.5,13.81,31.9,60.4,31.7,-0.1,optimal,optimal,optimal,optimal,optimal,optimal,↓ decreasing,→ stable,→ stable,99.6,✅ EXCELLENT,False,NONE,4.1,0.0,NONE
1780023206.081,98.8,88.7,31.8,1512.0,35.9,13.79,31.8,60.4,31.8,0.1,optimal,optimal,optimal,optimal,optimal,optimal,↓ decreasing,→ stable,→ stable,99.6,✅ EXCELLENT,False,NONE,4.5,0.8,NONE
1780023207.082,102.0,91.2,32.1,1512.0,35.6,13.78,31.9,60.2,32.3,-0.3,optimal,optimal,optimal,optimal,optimal,optimal,↓ decreasing,→ stable,→ stable,99.6,✅ EXCELLENT,False,NONE,4.2,0.0,NONE
1780023208.083,99.6,90.1,32.3,1535.0,35.3,13.8,31.8,60.2,32.0,-0.0,optimal,optimal,optimal,optimal,optimal,optimal,→ stable,→ stable,→ stable,99.6,✅ EXCELLENT,False,NONE,3.8,0.0,NONE
1780023209.083,100.4,90.3,32.3,1528.0,36.0,13.84,31.9,59.7,31.9,0.2,optimal,optimal,optimal,optimal,optimal,optimal,→ stable,→ stable,→ stable,99.6,✅ EXCELLENT,False,NONE,3.9,0.0,NONE
1780023210.083,102.2,91.0,32.4,1517.0,35.7,13.78,31.8,60.4,31.9,-0.2,optimal,optimal,optimal,optimal,optimal,optimal,→ stable,→ stable,→ stable,99.6,✅ EXCELLENT,False,NONE,3.8,0.0,NONE
1780023211.084,97.1,89.9,31.8,1509.0,35.8,13.79,31.9,60.1,32.1,0.1,optimal,optimal,optimal,optimal,optimal,optimal,→ stable,↑ increasing,→ stable,99.6,✅ EXCELLENT,False,NONE,4.4,0.0,NONE
1780023212.085,99.8,91.0,32.1,1510.0,35.1,13.77,32.3,60.1,31.9,0.4,optimal,optimal,optimal,optimal,optimal,optimal,→ stable,→ stable,→ stable,99.6,✅ EXCELLENT,False,NONE,4.1,0.0,NONE
1780023213.085,101.1,88.7,31.9,1459.0,34.2,13.78,32.4,59.7,31.6,-0.1,optimal,optimal,optimal,optimal,optimal,optimal,↑ increasing,→ stable,→ stable,99.6,✅ EXCELLENT,False,NONE,4.5,0.8,NONE
1780023214.087,100.1,89.5,32.3,1489.0,35.4,13.77,31.8,60.2,31.9,-0.3,optimal,optimal,optimal,optimal,optimal,optimal,↑ increasing,→ stable,→ stable,99.6,✅ EXCELLENT,False,NONE,3.9,0.1,NONE
1780023215.088,100.7,90.4,32.2,1526.0,34.7,13.76,32.0,60.2,31.6,0.2,optimal,optimal,optimal,optimal,optimal,optimal,↑ increasing,→ stable,→ stable,99.6,✅ EXCELLENT,False,NONE,4.0,0.0,NONE
1780023216.089,101.6,90.5,31.7,1458.0,35.1,13.82,32.0,59.9,31.9,0.1,optimal,optimal,optimal,optimal,optimal,optimal,↑ increasing,→ stable,→ stable,99.6,✅ EXCELLENT,False,NONE,4.8,0.0,NONE
1780023217.09,98.7,91.0,32.3,1476.0,34.2,13.77,32.1,60.3,32.3,-0.3,optimal,optimal,optimal,optimal,optimal,optimal,↑ increasing,→ stable,→ stable,99.6,✅ EXCELLENT,False,NONE,3.8,0.0,NONE
1780023218.091,97.2,90.1,31.8,1546.0,34.8,13.76,31.9,60.3,32.1,-0.4,optimal,optimal,optimal,optimal,optimal,optimal,↑ increasing,→ stable,→ stable,99.6,✅ EXCELLENT,False,NONE,4.4,0.0,NONE
1780023219.092,99.4,91.2,32.1,1496.0,34.7,13.84,32.0,60.0,32.2,-0.3,optimal,optimal,optimal,optimal,optimal,optimal,→ stable,→ stable,→ stable,99.6,✅ EXCELLENT,False,NONE,4.1,0.0,NONE
1780023220.092,102.3,90.4,31.9,1545.0,35.1,13.79,32.1,59.6,32.3,-0.3,optimal,optimal,optimal,optimal,optimal,optimal,→ stable,→ stable,→ stable,99.6,✅ EXCELLENT,False,NONE,4.5,0.0,NONE
1780023221.093,101.2,90.1,32.1,1471.0,34.4,13.79,31.9,60.2,31.9,-0.3,optimal,optimal,optimal,optimal,optimal,optimal,↑ increasing,→ stable,→ stable,99.6,✅ EXCELLENT,False,NONE,4.2,0.0,NONE
1780023222.094,101.4,89.4,32.2,1533.0,36.0,13.78,31.9,60.0,31.7,0.0,optimal,optimal,optimal,optimal,optimal,optimal,↑ increasing,→ stable,→ stable,99.6,✅ EXCELLENT,False,NONE,4.1,0.2,NONE
1780023223.095,100.0,89.6,31.8,1467.0,35.1,13.82,31.9,59.8,32.3,-0.4,optimal,optimal,optimal,optimal,optimal,optimal,↑ increasing,→ stable,→ stable,99.6,✅ EXCELLENT,False,NONE,4.6,0.1,NONE
1780023224.095,97.7,89.1,31.8,1458.0,34.4,13.79,32.3,59.6,32.2,0.1,optimal,optimal,optimal,optimal,optimal,optimal,→ stable,→ stable,→ stable,99.6,✅ EXCELLENT,False,NONE,4.5,0.4,NONE
1780023225.096,101.7,89.6,32.2,1498.0,34.1,13.77,32.2,60.2,32.2,-0.2,optimal,optimal,optimal,optimal,optimal,optimal,→ stable,→ stable,→ stable,99.6,✅ EXCELLENT,False,NONE,4.1,0.1,NONE
1780023226.097,100.4,91.0,31.9,1513.0,34.3,13.85,32.1,60.1,31.9,-0.2,optimal,optimal,optimal,optimal,optimal,optimal,→ stable,→ stable,→ stable,99.6,✅ EXCELLENT,False,NONE,4.4,0.0,NONE
1780023227.098,99.3,89.0,31.7,1524.0,34.7,13.79,31.6,60.3,31.9,0.2,optimal,optimal,optimal,optimal,optimal,optimal,→ stable,→ stable,→ stable,99.6,✅ EXCELLENT,False,NONE,4.7,0.5,NONE
1780023228.099,100.8,90.1,32.3,1473.0,35.1,13.83,32.4,60.0,32.1,-0.1,optimal,optimal,optimal,optimal,optimal,optimal,↑ increasing,→ stable,→ stable,99.6,✅ EXCELLENT,False,NONE,3.9,0.0,NONE
1780023229.1,100.6,90.1,31.8,1520.0,35.6,13.85,32.3,60.0,31.9,0.2,optimal,optimal,optimal,optimal,optimal,optimal,↑ increasing,→ stable,→ stable,99.6,✅ EXCELLENT,False,NONE,4.6,0.0,NONE
1780023230.1,102.4,90.4,31.7,1505.0,34.5,13.78,32.4,60.1,32.0,-0.2,optimal,optimal,optimal,optimal,optimal,optimal,↑ increasing,→ stable,→ stable,99.6,✅ EXCELLENT,False,NONE,4.8,0.0,NONE
1780023231.101,102.5,90.1,32.1,1526.0,35.0,13.8,32.1,60.1,32.2,-0.1,optimal,optimal,optimal,optimal,optimal,optimal,→ stable,→ stable,→ stable,99.6,✅ EXCELLENT,False,NONE,4.2,0.0,NONE
1780023232.101,102.8,91.3,32.2,1474.0,35.0,13.81,31.9,59.9,32.2,0.4,optimal,optimal,optimal,optimal,optimal,optimal,→ stable,→ stable,→ stable,99.6,✅ EXCELLENT,False,NONE,4.1,0.0,NONE
1780023233.101,100.0,89.4,32.1,1487.0,35.7,13.77,32.0,59.8,32.3,-0.2,optimal,optimal,optimal,optimal,optimal,optimal,↑ increasing,→ stable,→ stable,99.6,✅ EXCELLENT,False,NONE,4.1,0.2,NONE
1780023234.101,102.8,89.7,32.1,1462.0,35.3,13.78,31.8,60.4,32.1,-0.0,optimal,optimal,optimal,optimal,optimal,optimal,↑ increasing,→ stable,→ stable,99.6,✅ EXCELLENT,False,NONE,4.3,0.0,NONE
1780023235.101,100.0,91.2,32.2,1548.0,35.9,13.84,31.9,59.9,31.7,-0.4,optimal,optimal,optimal,optimal,optimal,optimal,↑ increasing,→ stable,→ stable,99.6,✅ EXCELLENT,False,NONE,4.0,0.0,NONE
1780023236.101,102.0,91.4,31.8,1520.0,34.4,13.77,32.0,60.0,32.1,0.1,optimal,optimal,optimal,optimal,optimal,optimal,↑ increasing,→ stable,→ stable,99.6,✅ EXCELLENT,False,NONE,4.7,0.0,NONE
1780023237.103,100.4,89.0,32.1,1453.0,34.1,13.82,31.9,59.6,32.4,0.2,optimal,optimal,optimal,optimal,optimal,optimal,↑ increasing,→ stable,→ stable,99.6,✅ EXCELLENT,False,NONE,4.2,0.5,NONE
1780023238.104,97.7,88.9,31.9,1466.0,35.0,13.76,31.7,60.1,31.7,-0.0,optimal,optimal,optimal,optimal,optimal,optimal,↑ increasing,→ stable,→ stable,99.6,✅ EXCELLENT,False,NONE,4.3,0.6,NONE
1780023239.105,100.8,88.8,32.1,1457.0,35.2,13.78,31.7,60.2,31.7,0.2,optimal,optimal,optimal,optimal,optimal,optimal,↑ increasing,→ stable,→ stable,99.6,✅ EXCELLENT,False,NONE,4.2,0.7,NONE
1780023240.105,102.0,89.1,32.2,1458.0,35.1,13.85,31.7,59.9,31.8,-0.4,optimal,optimal,optimal,optimal,optimal,optimal,↑ increasing,→ stable,→ stable,99.6,✅ EXCELLENT,False,NONE,4.1,0.4,NONE
1780023241.105,97.4,89.2,32.3,1455.0,35.0,13.77,32.2,60.4,32.3,-0.3,optimal,optimal,optimal,optimal,optimal,optimal,→ stable,→ stable,→ stable,99.6,✅ EXCELLENT,False,NONE,3.8,0.3,NONE
1780023242.106,102.2,90.9,32.2,1486.0,34.8,13.76,31.7,60.1,32.3,0.2,optimal,optimal,optimal,optimal,optimal,optimal,→ stable,→ stable,→ stable,99.6,✅ EXCELLENT,False,NONE,4.1,0.0,NONE
1780023243.106,99.9,89.4,32.4,1473.0,34.4,13.77,31.9,59.7,32.3,-0.1,optimal,optimal,optimal,optimal,optimal,optimal,→ stable,→ stable,→ stable,99.6,✅ EXCELLENT,False,NONE,3.7,0.2,NONE
1780023244.107,101.4,90.3,31.8,1470.0,34.4,13.84,31.9,59.9,31.9,0.3,optimal,optimal,optimal,optimal,optimal,optimal,↓ decreasing,→ stable,→ stable,99.6,✅ EXCELLENT,False,NONE,4.6,0.0,NONE
1780023245.108,99.4,90.1,31.9,1470.0,34.0,13.82,32.4,60.2,31.7,-0.2,optimal,optimal,optimal,optimal,optimal,optimal,↓ decreasing,↓ decreasing,→ stable,99.6,✅ EXCELLENT,False,NONE,4.4,0.0,NONE
1780023246.109,100.0,90.5,32.0,1537.0,35.6,13.83,31.8,59.8,32.1,-0.3,optimal,optimal,optimal,optimal,optimal,optimal,↓ decreasing,↓ decreasing,→ stable,99.6,✅ EXCELLENT,False,NONE,4.3,0.0,NONE
1780023247.11,101.3,89.3,32.0,1504.0,35.7,13.81,32.2,60.2,31.9,-0.2,optimal,optimal,optimal,optimal,optimal,optimal,↓ decreasing,↓ decreasing,→ stable,99.6,✅ EXCELLENT,False,NONE,4.3,0.2,NONE
1780023248.11,100.3,89.5,31.9,1501.0,35.5,13.84,32.2,59.6,32.1,-0.2,optimal,optimal,optimal,optimal,optimal,optimal,↓ decreasing,→ stable,→ stable,99.6,✅ EXCELLENT,False,NONE,4.4,0.1,NONE
1780023249.111,97.7,89.3,32.3,1540.0,35.0,13.79,31.9,59.7,31.7,-0.1,optimal,optimal,optimal,optimal,optimal,optimal,↓ decreasing,→ stable,→ stable,99.6,✅ EXCELLENT,False,NONE,3.8,0.2,NONE
1780023250.111,97.9,89.4,31.9,1516.0,35.4,13.79,32.3,60.2,31.8,-0.2,optimal,optimal,optimal,optimal,optimal,optimal,↓ decreasing,→ stable,→ stable,99.6,✅ EXCELLENT,False,NONE,4.3,0.2,NONE
1780023251.113,101.9,89.7,32.0,1460.0,35.9,13.75,32.2,59.8,32.0,0.2,optimal,optimal,optimal,optimal,optimal,optimal,→ stable,→ stable,→ stable,99.6,✅ EXCELLENT,False,NONE,4.4,0.0,NONE
1780023252.114,97.2,90.2,31.7,1496.0,34.0,13.82,31.8,59.8,32.0,-0.2,optimal,optimal,optimal,optimal,optimal,optimal,↓ decreasing,→ stable,→ stable,99.6,✅ EXCELLENT,False,NONE,4.6,0.0,NONE
1780023253.115,97.4,89.9,31.9,1539.0,35.2,13.81,32.0,60.3,31.7,0.0,optimal,optimal,optimal,optimal,optimal,optimal,↓ decreasing,→ stable,→ stable,99.6,✅ EXCELLENT,False,NONE,4.3,0.0,NONE
1780023254.116,99.3,91.4,31.8,1453.0,35.4,13.77,31.8,60.0,31.6,-0.2,optimal,optimal,optimal,optimal,optimal,optimal,↓ decreasing,→ stable,→ stable,99.6,✅ EXCELLENT,False,NONE,4.5,0.0,NONE
1780023255.117,97.5,91.4,31.9,1490.0,34.0,13.79,32.2,59.9,32.4,-0.2,optimal,optimal,optimal,optimal,optimal,optimal,↓ decreasing,→ stable,→ stable,99.6,✅ EXCELLENT,False,NONE,4.3,0.0,NONE
1780023256.118,102.3,90.2,32.1,1539.0,35.1,13.84,31.9,60.3,31.7,-0.3,optimal,optimal,optimal,optimal,optimal,optimal,↓ decreasing,→ stable,→ stable,99.6,✅ EXCELLENT,False,NONE,4.2,0.0,NONE
1780023257.118,102.0,91.3,31.8,1458.0,34.0,13.77,31.9,60.1,32.2,-0.0,optimal,optimal,optimal,optimal,optimal,optimal,↓ decreasing,↑ increasing,→ stable,99.6,✅ EXCELLENT,False,NONE,4.7,0.0,NONE
1780023258.118,101.5,90.9,32.1,1508.0,34.3,13.79,32.3,59.6,32.2,0.2,optimal,optimal,optimal,optimal,optimal,optimal,↓ decreasing,↑ increasing,→ stable,99.6,✅ EXCELLENT,False,NONE,4.2,0.0,NONE
1780023259.12,101.0,89.6,31.8,1500.0,35.9,13.81,32.1,60.1,31.9,-0.0,optimal,optimal,optimal,optimal,optimal,optimal,→ stable,↑ increasing,→ stable,99.6,✅ EXCELLENT,False,NONE,4.6,0.1,NONE
1780023260.12,100.2,88.6,31.7,1519.0,35.2,13.8,31.6,59.9,31.7,0.2,optimal,optimal,optimal,optimal,optimal,optimal,→ stable,↑ increasing,→ stable,99.6,✅ EXCELLENT,False,NONE,4.7,1.0,NONE
1780023261.122,98.3,88.7,31.7,1531.0,35.9,13.8,32.3,60.2,32.4,-0.0,optimal,optimal,optimal,optimal,optimal,optimal,↓ decreasing,→ stable,→ stable,99.6,✅ EXCELLENT,False,NONE,4.6,0.8,NONE
1780023262.123,100.0,90.3,32.4,1537.0,34.9,13.81,32.3,59.9,32.0,-0.0,optimal,optimal,optimal,optimal,optimal,optimal,→ stable,→ stable,→ stable,99.6,✅ EXCELLENT,False,NONE,3.7,0.0,NONE
1780023263.123,97.9,90.0,32.4,1480.0,35.4,13.8,31.9,60.0,32.1,-0.1,optimal,optimal,optimal,optimal,optimal,optimal,↑ increasing,→ stable,→ stable,99.6,✅ EXCELLENT,False,NONE,3.6,0.0,NONE
1780023264.125,102.4,89.1,32.2,1464.0,35.1,13.77,32.4,60.3,32.0,-0.1,optimal,optimal,optimal,optimal,optimal,optimal,↑ increasing,→ stable,→ stable,99.6,✅ EXCELLENT,False,NONE,4.1,0.4,NONE
1780023265.126,102.4,91.4,31.9,1460.0,35.4,13.77,31.8,60.2,31.6,0.1,optimal,optimal,optimal,optimal,optimal,optimal,↑ increasing,→ stable,→ stable,99.6,✅ EXCELLENT,False,NONE,4.5,0.0,NONE
1780023266.126,99.6,90.2,31.6,1516.0,34.9,13.85,31.7,59.8,31.7,0.2,optimal,optimal,optimal,optimal,optimal,optimal,↑ increasing,→ stable,→ stable,99.6,✅ EXCELLENT,False,NONE,4.8,0.0,NONE
1780023267.128,97.9,88.5,32.0,1529.0,34.1,13.75,31.8,60.0,32.1,-0.3,optimal,optimal,optimal,optimal,optimal,optimal,↑ increasing,→ stable,→ stable,99.6,✅ EXCELLENT,False,NONE,4.2,1.1,NONE
1780023268.129,101.4,90.5,32.1,1456.0,34.5,13.79,32.2,59.9,32.0,-0.3,optimal,optimal,optimal,optimal,optimal,optimal,↑ increasing,↓ decreasing,→ stable,99.6,✅ EXCELLENT,False,NONE,4.2,0.0,NONE
1780023269.129,102.3,89.1,31.9,1493.0,35.9,13.76,32.3,60.0,32.2,-0.3,optimal,optimal,optimal,optimal,optimal,optimal,→ stable,↓ decreasing,→ stable,99.6,✅ EXCELLENT,False,NONE,4.5,0.4,NONE
1780023270.131,97.5,88.6,32.1,1519.0,35.5,13.81,32.2,59.9,32.0,-0.3,optimal,optimal,optimal,optimal,optimal,optimal,→ stable,↓ decreasing,→ stable,99.6,✅ EXCELLENT,False,NONE,4.0,1.0,NONE
1780023271.131,98.9,89.3,32.2,1547.0,34.6,13.82,32.0,59.6,31.6,0.3,optimal,optimal,optimal,optimal,optimal,optimal,→ stable,↓ decreasing,→ stable,99.6,✅ EXCELLENT,False,NONE,4.0,0.2,NONE
1780023272.132,101.2,89.2,32.1,1516.0,35.8,13.81,32.2,60.2,31.9,-0.1,optimal,optimal,optimal,optimal,optimal,optimal,→ stable,↓ decreasing,→ stable,99.6,✅ EXCELLENT,False,NONE,4.2,0.3,NONE
1780023273.133,101.5,89.7,31.8,1477.0,35.9,13.83,31.7,59.9,32.0,0.3,optimal,optimal,optimal,optimal,optimal,optimal,↑ increasing,↓ decreasing,→ stable,99.6,✅ EXCELLENT,False,NONE,4.6,0.0,NONE
1780023274.134,99.7,90.9,32.0,1496.0,35.1,13.75,32.3,59.7,32.3,-0.3,optimal,optimal,optimal,optimal,optimal,optimal,→ stable,→ stable,→ stable,99.6,✅ EXCELLENT,False,NONE,4.3,0.0,NONE
1780023275.135,101.7,91.4,31.7,1509.0,34.6,13.8,32.0,60.3,31.8,0.0,optimal,optimal,optimal,optimal,optimal,optimal,↓ decreasing,→ stable,→ stable,99.6,✅ EXCELLENT,False,NONE,4.8,0.0,NONE
1780023276.136,100.6,91.1,31.7,1545.0,34.1,13.77,31.7,59.9,32.3,-0.2,optimal,optimal,optimal,optimal,optimal,optimal,→ stable,→ stable,→ stable,99.6,✅ EXCELLENT,False,NONE,4.7,0.0,NONE
1780023277.136,102.5,91.1,32.1,1543.0,35.3,13.77,32.3,60.1,31.7,-0.3,optimal,optimal,optimal,optimal,optimal,optimal,↑ increasing,→ stable,→ stable,99.6,✅ EXCELLENT,False,NONE,4.2,0.0,NONE
1780023278.138,102.2,91.1,31.6,1453.0,34.9,13.82,31.8,60.0,32.4,0.1,optimal,optimal,optimal,optimal,optimal,optimal,↑ increasing,→ stable,→ stable,99.6,✅ EXCELLENT,False,NONE,5.0,0.0,NONE
1780023279.139,102.3,91.1,32.3,1467.0,34.4,13.78,32.2,60.1,31.7,0.3,optimal,optimal,optimal,optimal,optimal,optimal,↑ increasing,↑ increasing,→ stable,99.6,✅ EXCELLENT,False,NONE,3.9,0.0,NONE
1780023280.14,98.2,89.8,32.3,1532.0,34.3,13.84,32.2,59.9,32.2,-0.2,optimal,optimal,optimal,optimal,optimal,optimal,↑ increasing,↑ increasing,→ stable,99.6,✅ EXCELLENT,False,NONE,3.8,0.0,NONE
1780023281.141,101.3,89.6,32.1,1491.0,35.2,13.75,31.9,60.4,31.9,-0.1,optimal,optimal,optimal,optimal,optimal,optimal,↑ increasing,↑ increasing,→ stable,99.6,✅ EXCELLENT,False,NONE,4.2,0.1,NONE
1780023282.141,100.9,89.8,32.1,1462.0,35.7,13.8,32.4,60.4,31.8,0.3,optimal,optimal,optimal,optimal,optimal,optimal,↑ increasing,↑ increasing,→ stable,99.6,✅ EXCELLENT,False,NONE,4.2,0.0,NONE
1780023283.142,98.0,89.7,31.7,1546.0,34.7,13.77,32.3,59.7,31.9,-0.0,optimal,optimal,optimal,optimal,optimal,optimal,→ stable,↑ increasing,→ stable,99.6,✅ EXCELLENT,False,NONE,4.6,0.0,NONE
1780023284.142,101.3,90.1,32.0,1473.0,35.4,13.79,31.8,59.6,32.1,0.1,optimal,optimal,optimal,optimal,optimal,optimal,↑ increasing,↑ increasing,→ stable,99.6,✅ EXCELLENT,False,NONE,4.3,0.0,NONE
1780023285.143,100.0,89.9,31.9,1520.0,34.1,13.83,32.0,59.8,32.1,0.2,optimal,optimal,optimal,optimal,optimal,optimal,↑ increasing,↑ increasing,→ stable,99.6,✅ EXCELLENT,False,NONE,4.4,0.0,NONE
1780023286.145,102.6,89.7,32.2,1452.0,34.8,13.78,32.2,60.0,31.7,0.1,optimal,optimal,optimal,optimal,optimal,optimal,↑ increasing,→ stable,→ stable,99.6,✅ EXCELLENT,False,NONE,4.1,0.0,NONE
1780023287.146,101.3,90.7,32.3,1543.0,34.6,13.84,32.3,60.1,31.9,-0.1,optimal,optimal,optimal,optimal,optimal,optimal,→ stable,→ stable,→ stable,99.6,✅ EXCELLENT,False,NONE,3.9,0.0,NONE
1780023288.146,100.2,91.2,31.7,1455.0,36.0,13.79,31.7,60.0,32.4,0.3,optimal,optimal,optimal,optimal,optimal,optimal,→ stable,→ stable,→ stable,99.6,✅ EXCELLENT,False,NONE,4.7,0.0,NONE
1780023289.147,97.0,89.2,32.0,1456.0,34.3,13.82,32.0,60.1,31.9,0.4,optimal,optimal,optimal,optimal,optimal,optimal,↓ decreasing,→ stable,→ stable,99.6,✅ EXCELLENT,False,NONE,4.2,0.3,NONE
1780023290.147,99.4,88.8,32.0,1527.0,35.8,13.76,32.1,60.2,31.7,-0.0,optimal,optimal,optimal,optimal,optimal,optimal,↓ decreasing,↓ decreasing,→ stable,99.6,✅ EXCELLENT,False,NONE,4.3,0.7,NONE
1780023291.148,99.7,89.2,32.3,1505.0,34.7,13.76,32.0,60.1,32.1,-0.4,optimal,optimal,optimal,optimal,optimal,optimal,↓ decreasing,↓ decreasing,→ stable,99.6,✅ EXCELLENT,False,NONE,3.8,0.3,NONE
1780023292.149,100.2,90.6,31.7,1503.0,35.7,13.77,31.8,59.7,31.6,0.3,optimal,optimal,optimal,optimal,optimal,optimal,↓ decreasing,↓ decreasing,→ stable,99.6,✅ EXCELLENT,False,NONE,4.7,0.0,NONE
1780023293.15,99.0,89.6,32.1,1484.0,35.5,13.79,32.1,59.8,31.8,-0.2,optimal,optimal,optimal,optimal,optimal,optimal,↓ decreasing,↓ decreasing,→ stable,99.6,✅ EXCELLENT,False,NONE,4.1,0.1,NONE
1780023294.15,101.2,91.4,31.7,1463.0,34.9,13.8,32.1,60.4,32.0,-0.1,optimal,optimal,optimal,optimal,optimal,optimal,↓ decreasing,→ stable,→ stable,99.6,✅ EXCELLENT,False,NONE,4.8,0.0,NONE
1780023295.15,99.3,88.8,32.2,1462.0,34.7,13.78,31.7,60.4,31.8,0.3,optimal,optimal,optimal,optimal,optimal,optimal,↓ decreasing,→ stable,→ stable,99.6,✅ EXCELLENT,False,NONE,4.0,0.7,NONE
1780023296.15,101.4,88.7,32.4,1522.0,35.0,13.77,31.7,59.9,32.3,0.3,optimal,optimal,optimal,optimal,optimal,optimal,↓ decreasing,→ stable,→ stable,99.6,✅ EXCELLENT,False,NONE,3.8,0.8,NONE
1780023297.152,100.9,89.5,32.3,1469.0,35.9,13.79,31.8,60.3,31.8,0.1,optimal,optimal,optimal,optimal,optimal,optimal,↓ decreasing,→ stable,→ stable,99.6,✅ EXCELLENT,False,NONE,3.9,0.1,NONE
1780023298.152,100.9,91.4,32.3,1517.0,36.0,13.8,32.4,60.2,31.7,0.3,optimal,optimal,optimal,optimal,optimal,optimal,↓ decreasing,→ stable,→ stable,99.6,✅ EXCELLENT,False,NONE,3.9,0.0,NONE
1780023299.153,102.8,91.5,31.9,1485.0,35.4,13.8,31.9,59.9,32.1,-0.4,optimal,optimal,optimal,optimal,optimal,optimal,→ stable,→ stable,→ stable,99.6,✅ EXCELLENT,False,NONE,4.6,0.0,NONE
1780023300.154,100.3,90.8,31.8,1466.0,34.7,13.84,31.7,60.0,32.1,-0.1,optimal,optimal,optimal,optimal,optimal,optimal,→ stable,→ stable,→ stable,99.6,✅ EXCELLENT,False,NONE,4.6,0.0,NONE
1780023301.154,98.2,90.7,32.0,1544.0,35.5,13.81,31.7,59.6,32.1,-0.3,optimal,optimal,optimal,optimal,optimal,optimal,→ stable,→ stable,→ stable,99.6,✅ EXCELLENT,False,NONE,4.2,0.0,NONE
1780023302.156,101.6,90.5,31.9,1535.0,35.0,13.78,31.8,59.9,32.1,-0.3,optimal,optimal,optimal,optimal,optimal,optimal,↑ increasing,→ stable,→ stable,99.6,✅ EXCELLENT,False,NONE,4.5,0.0,NONE
1780023303.156,99.8,89.3,32.1,1457.0,35.2,13.76,32.3,59.7,31.9,-0.3,optimal,optimal,optimal,optimal,optimal,optimal,↑ increasing,→ stable,→ stable,99.6,✅ EXCELLENT,False,NONE,4.1,0.2,NONE
1780023304.158,100.0,90.9,31.7,1529.0,35.2,13.78,32.0,60.3,31.6,0.1,optimal,optimal,optimal,optimal,optimal,optimal,→ stable,→ stable,→ stable,99.6,✅ EXCELLENT,False,NONE,4.7,0.0,NONE
1780023305.159,97.2,90.3,31.7,1521.0,35.5,13.77,31.7,59.9,32.3,-0.1,optimal,optimal,optimal,optimal,optimal,optimal,→ stable,→ stable,→ stable,99.6,✅ EXCELLENT,False,NONE,4.6,0.0,NONE
1780023306.159,97.8,90.3,32.1,1549.0,35.6,13.8,31.8,59.7,32.1,-0.3,optimal,optimal,optimal,optimal,optimal,optimal,→ stable,↑ increasing,→ stable,99.6,✅ EXCELLENT,False,NONE,4.1,0.0,NONE
1780023307.159,99.6,90.6,31.6,1492.0,35.7,13.79,32.4,59.9,31.9,-0.3,optimal,optimal,optimal,optimal,optimal,optimal,→ stable,↑ increasing,→ stable,99.6,✅ EXCELLENT,False,NONE,4.8,0.0,NONE
1780023308.159,99.8,89.6,32.2,1531.0,35.0,13.77,31.7,60.2,32.1,0.2,optimal,optimal,optimal,optimal,optimal,optimal,→ stable,↑ increasing,→ stable,99.6,✅ EXCELLENT,False,NONE,4.0,0.1,NONE
1780023309.159,101.3,91.3,32.2,1513.0,34.4,13.77,32.3,60.1,31.7,-0.0,optimal,optimal,optimal,optimal,optimal,optimal,↓ decreasing,→ stable,→ stable,99.6,✅ EXCELLENT,False,NONE,4.1,0.0,NONE
1780023310.161,98.6,91.3,32.2,1472.0,35.4,13.84,31.6,60.2,32.2,-0.4,optimal,optimal,optimal,optimal,optimal,optimal,↓ decreasing,→ stable,→ stable,99.6,✅ EXCELLENT,False,NONE,3.9,0.0,NONE
1780023311.161,98.0,90.3,32.2,1477.0,35.8,13.79,32.2,59.7,31.8,0.1,optimal,optimal,optimal,optimal,optimal,optimal,↓ decreasing,→ stable,→ stable,99.6,✅ EXCELLENT,False,NONE,3.9,0.0,NONE
1780023312.161,100.5,90.6,31.7,1509.0,34.2,13.83,31.6,60.2,31.9,0.4,optimal,optimal,optimal,optimal,optimal,optimal,↓ decreasing,→ stable,→ stable,99.6,✅ EXCELLENT,False,NONE,4.7,0.0,NONE
1780023313.163,102.6,89.8,31.8,1521.0,35.7,13.79,32.2,60.2,31.9,0.4,optimal,optimal,optimal,optimal,optimal,optimal,↓ decreasing,→ stable,→ stable,99.6,✅ EXCELLENT,False,NONE,4.7,0.0,NONE
1780023314.164,101.3,90.4,31.9,1500.0,34.1,13.78,31.8,59.9,32.4,-0.1,optimal,optimal,optimal,optimal,optimal,optimal,↓ decreasing,→ stable,→ stable,99.6,✅ EXCELLENT,False,NONE,4.5,0.0,NONE
1780023315.165,101.6,90.3,31.7,1491.0,34.5,13.83,32.3,60.1,31.7,0.4,optimal,optimal,optimal,optimal,optimal,optimal,→ stable,→ stable,→ stable,99.6,✅ EXCELLENT,False,NONE,4.8,0.0,NONE
1780023316.166,99.4,90.0,31.9,1531.0,34.6,13.81,32.3,60.1,32.3,-0.3,optimal,optimal,optimal,optimal,optimal,optimal,→ stable,→ stable,→ stable,99.6,✅ EXCELLENT,False,NONE,4.4,0.0,NONE
1780023317.167,99.4,91.1,31.7,1546.0,35.8,13.84,32.3,60.4,31.8,0.2,optimal,optimal,optimal,optimal,optimal,optimal,→ stable,→ stable,→ stable,99.6,✅ EXCELLENT,False,NONE,4.7,0.0,NONE
1780023318.168,102.9,89.6,31.6,1465.0,35.1,13.79,31.8,60.1,31.8,-0.4,optimal,optimal,optimal,optimal,optimal,optimal,↑ increasing,→ stable,→ stable,99.6,✅ EXCELLENT,False,NONE,5.0,0.1,NONE
1780023319.17,98.4,89.9,31.8,1521.0,35.2,13.79,31.9,59.8,31.8,-0.2,optimal,optimal,optimal,optimal,optimal,optimal,↑ increasing,→ stable,→ stable,99.6,✅ EXCELLENT,False,NONE,4.5,0.0,NONE
1780023320.171,102.7,89.9,31.6,1514.0,34.3,13.81,32.3,60.3,32.4,0.3,optimal,optimal,optimal,optimal,optimal,optimal,↑ increasing,→ stable,→ stable,99.6,✅ EXCELLENT,False,NONE,5.0,0.0,NONE
1780023321.172,100.9,88.5,31.9,1457.0,34.5,13.78,32.0,59.9,32.3,0.1,optimal,optimal,optimal,optimal,optimal,optimal,↑ increasing,→ stable,→ stable,99.6,✅ EXCELLENT,False,NONE,4.5,1.1,NONE
1780023322.174,98.1,90.9,31.8,1491.0,34.3,13.83,31.9,60.2,32.2,-0.1,optimal,optimal,optimal,optimal,optimal,optimal,↑ increasing,→ stable,→ stable,99.6,✅ EXCELLENT,False,NONE,4.5,0.0,NONE
1780023323.176,98.0,90.9,32.0,1534.0,34.1,13.83,32.1,60.1,31.6,-0.2,optimal,optimal,optimal,optimal,optimal,optimal,↑ increasing,→ stable,→ stable,99.6,✅ EXCELLENT,False,NONE,4.2,0.0,NONE
1780023324.177,101.4,89.8,32.2,1487.0,34.5,13.82,32.0,60.2,32.2,0.1,optimal,optimal,optimal,optimal,optimal,optimal,↑ increasing,→ stable,→ stable,99.6,✅ EXCELLENT,False,NONE,4.1,0.0,NONE
1780023325.177,97.2,91.4,32.0,1536.0,35.6,13.75,32.1,59.7,32.2,0.4,optimal,optimal,optimal,optimal,optimal,optimal,→ stable,→ stable,→ stable,99.6,✅ EXCELLENT,False,NONE,4.2,0.0,NONE
1780023326.179,101.8,89.2,31.9,1508.0,34.2,13.82,31.8,60.3,32.2,-0.2,optimal,optimal,optimal,optimal,optimal,optimal,→ stable,→ stable,→ stable,99.6,✅ EXCELLENT,False,NONE,4.5,0.3,NONE
1780023327.179,97.5,88.7,32.4,1514.0,34.5,13.8,32.3,59.6,31.6,-0.1,optimal,optimal,optimal,optimal,optimal,optimal,→ stable,↓ decreasing,→ stable,99.6,✅ EXCELLENT,False,NONE,3.6,0.8,NONE
1780023328.181,97.0,88.6,31.6,1469.0,34.6,13.77,32.4,60.1,32.1,0.2,optimal,optimal,optimal,optimal,optimal,optimal,↓ decreasing,↓ decreasing,→ stable,99.6,✅ EXCELLENT,False,NONE,4.7,1.0,NONE
1780023329.182,101.0,90.9,32.1,1469.0,35.4,13.84,32.2,59.7,32.3,-0.4,optimal,optimal,optimal,optimal,optimal,optimal,↓ decreasing,→ stable,→ stable,99.6,✅ EXCELLENT,False,NONE,4.2,0.0,NONE
1780023330.183,97.6,89.1,32.0,1539.0,36.0,13.75,32.0,59.7,31.6,-0.2,optimal,optimal,optimal,optimal,optimal,optimal,↓ decreasing,→ stable,→ stable,99.6,✅ EXCELLENT,False,NONE,4.2,0.4,NONE
1780023331.184,98.1,90.0,31.9,1481.0,34.1,13.81,31.7,59.7,31.7,-0.3,optimal,optimal,optimal,optimal,optimal,optimal,↓ decreasing,→ stable,→ stable,99.6,✅ EXCELLENT,False,NONE,4.3,0.0,NONE
1780023332.185,100.1,90.8,32.1,1546.0,35.9,13.83,31.9,60.2,31.8,0.2,optimal,optimal,optimal,optimal,optimal,optimal,↓ decreasing,→ stable,→ stable,99.6,✅ EXCELLENT,False,NONE,4.1,0.0,NONE
1780023333.186,97.6,89.3,32.3,1510.0,35.8,13.8,32.2,60.1,32.0,-0.2,optimal,optimal,optimal,optimal,optimal,optimal,↓ decreasing,→ stable,→ stable,99.6,✅ EXCELLENT,False,NONE,3.8,0.2,NONE
1780023334.186,98.3,88.5,32.3,1494.0,34.8,13.76,32.0,59.9,32.3,0.0,optimal,optimal,optimal,optimal,optimal,optimal,↓ decreasing,→ stable,→ stable,99.6,✅ EXCELLENT,False,NONE,3.8,1.1,NONE
1780023335.187,101.8,91.4,31.7,1517.0,34.8,13.77,32.3,59.8,32.0,0.2,optimal,optimal,optimal,optimal,optimal,optimal,↓ decreasing,↓ decreasing,→ stable,99.6,✅ EXCELLENT,False,NONE,4.8,0.0,NONE
1780023336.188,100.3,90.8,32.1,1517.0,34.8,13.81,31.8,60.0,32.1,0.2,optimal,optimal,optimal,optimal,optimal,optimal,↓ decreasing,→ stable,→ stable,99.6,✅ EXCELLENT,False,NONE,4.2,0.0,NONE
1780023337.189,102.0,89.1,32.0,1454.0,34.5,13.82,32.3,59.8,31.8,-0.2,optimal,optimal,optimal,optimal,optimal,optimal,↓ decreasing,→ stable,→ stable,99.6,✅ EXCELLENT,False,NONE,4.4,0.4,NONE
1780023338.19,99.0,90.2,31.9,1529.0,34.1,13.82,32.2,60.0,31.9,-0.3,optimal,optimal,optimal,optimal,optimal,optimal,→ stable,→ stable,→ stable,99.6,✅ EXCELLENT,False,NONE,4.4,0.0,NONE
1780023339.19,98.6,90.9,31.9,1453.0,34.7,13.78,31.8,60.1,32.0,0.3,optimal,optimal,optimal,optimal,optimal,optimal,→ stable,→ stable,→ stable,99.6,✅ EXCELLENT,False,NONE,4.4,0.0,NONE
1780023340.19,101.9,89.2,32.3,1532.0,34.8,13.76,32.3,59.7,32.0,0.0,optimal,optimal,optimal,optimal,optimal,optimal,↑ increasing,→ stable,→ stable,99.6,✅ EXCELLENT,False,NONE,3.9,0.3,NONE
1780023341.191,102.8,89.6,31.9,1471.0,34.4,13.75,31.9,59.6,31.7,-0.3,optimal,optimal,optimal,optimal,optimal,optimal,↑ increasing,→ stable,→ stable,99.6,✅ EXCELLENT,False,NONE,4.6,0.1,NONE
1780023342.192,97.0,89.4,32.0,1467.0,35.0,13.76,31.7,60.2,31.7,-0.2,optimal,optimal,optimal,optimal,optimal,optimal,↑ increasing,→ stable,→ stable,99.6,✅ EXCELLENT,False,NONE,4.2,0.2,NONE
1780023343.193,97.2,90.0,32.1,1454.0,35.0,13.77,32.2,60.1,31.9,-0.1,optimal,optimal,optimal,optimal,optimal,optimal,↑ increasing,→ stable,→ stable,99.6,✅ EXCELLENT,False,NONE,4.0,0.0,NONE
1780023344.194,102.9,88.9,32.0,1543.0,35.7,13.83,31.9,60.0,31.7,-0.1,optimal,optimal,optimal,optimal,optimal,optimal,↑ increasing,→ stable,→ stable,99.6,✅ EXCELLENT,False,NONE,4.4,0.6,NONE
1780023345.195,97.2,91.2,31.9,1485.0,35.5,13.82,31.8,59.7,32.3,-0.0,optimal,optimal,optimal,optimal,optimal,optimal,↑ increasing,→ stable,→ stable,99.6,✅ EXCELLENT,False,NONE,4.3,0.0,NONE
1780023346.197,97.0,89.8,31.7,1519.0,34.7,13.77,32.3,60.0,32.3,-0.0,optimal,optimal,optimal,optimal,optimal,optimal,↑ increasing,→ stable,→ stable,99.6,✅ EXCELLENT,False,NONE,4.6,0.0,NONE
1780023347.197,100.8,89.8,32.3,1472.0,35.6,13.81,32.0,59.9,32.2,-0.3,optimal,optimal,optimal,optimal,optimal,optimal,→ stable,→ stable,→ stable,99.6,✅ EXCELLENT,False,NONE,3.9,0.0,NONE
1780023348.198,97.7,90.7,31.7,1504.0,34.7,13.79,31.8,60.3,31.7,0.4,optimal,optimal,optimal,optimal,optimal,optimal,→ stable,→ stable,→ stable,99.6,✅ EXCELLENT,False,NONE,4.6,0.0,NONE
1780023349.199,102.7,91.3,32.4,1465.0,35.0,13.76,32.1,59.6,32.4,-0.2,optimal,optimal,optimal,optimal,optimal,optimal,→ stable,→ stable,→ stable,99.6,✅ EXCELLENT,False,NONE,3.8,0.0,NONE
1780023350.2,103.0,90.2,32.3,1518.0,34.9,13.81,32.4,59.8,31.9,0.1,optimal,optimal,optimal,optimal,optimal,optimal,→ stable,→ stable,→ stable,99.6,✅ EXCELLENT,False,NONE,4.0,0.0,NONE
1780023351.201,98.8,89.1,31.8,1477.0,35.6,13.8,32.3,60.1,32.0,0.0,optimal,optimal,optimal,optimal,optimal,optimal,↓ decreasing,→ stable,→ stable,99.6,✅ EXCELLENT,False,NONE,4.5,0.4,NONE
1780023352.202,98.0,89.5,32.0,1513.0,34.6,13.78,32.0,59.9,32.1,0.0,optimal,optimal,optimal,optimal,optimal,optimal,→ stable,→ stable,→ stable,99.6,✅ EXCELLENT,False,NONE,4.2,0.1,NONE
1780023353.202,102.9,89.2,32.1,1469.0,34.1,13.83,32.1,59.6,31.8,-0.3,optimal,optimal,optimal,optimal,optimal,optimal,→ stable,→ stable,→ stable,99.6,✅ EXCELLENT,False,NONE,4.3,0.3,NONE
1780023354.202,99.3,91.0,32.0,1544.0,35.4,13.85,32.2,60.2,32.2,-0.4,optimal,optimal,optimal,optimal,optimal,optimal,↓ decreasing,→ stable,→ stable,99.6,✅ EXCELLENT,False,NONE,4.3,0.0,NONE
1780023355.202,97.6,88.5,32.0,1490.0,34.8,13.76,32.2,60.0,32.1,0.3,optimal,optimal,optimal,optimal,optimal,optimal,→ stable,→ stable,→ stable,99.6,✅ EXCELLENT,False,NONE,4.2,1.1,NONE
1780023356.203,98.8,91.1,31.7,1471.0,35.6,13.79,32.2,60.1,32.4,0.2,optimal,optimal,optimal,optimal,optimal,optimal,→ stable,→ stable,→ stable,99.6,✅ EXCELLENT,False,NONE,4.7,0.0,NONE
1780023357.204,99.7,90.9,31.8,1500.0,36.0,13.81,31.9,60.0,31.7,-0.3,optimal,optimal,optimal,optimal,optimal,optimal,→ stable,→ stable,→ stable,99.6,✅ EXCELLENT,False,NONE,4.6,0.0,NONE
1780023358.206,100.6,89.7,31.8,1492.0,34.9,13.84,32.1,59.7,31.9,0.2,optimal,optimal,optimal,optimal,optimal,optimal,↑ increasing,→ stable,→ stable,99.6,✅ EXCELLENT,False,NONE,4.6,0.0,NONE
1780023359.207,98.2,91.1,31.7,1456.0,34.5,13.84,32.3,59.7,31.8,0.0,optimal,optimal,optimal,optimal,optimal,optimal,→ stable,→ stable,→ stable,99.6,✅ EXCELLENT,False,NONE,4.6,0.0,NONE
1780023360.207,99.8,90.6,31.9,1481.0,34.9,13.85,31.7,59.6,32.0,-0.2,optimal,optimal,optimal,optimal,optimal,optimal,→ stable,→ stable,→ stable,99.6,✅ EXCELLENT,False,NONE,4.4,0.0,NONE
1780023361.208,99.0,90.5,32.2,1544.0,35.1,13.8,32.1,59.8,31.9,-0.2,optimal,optimal,optimal,optimal,optimal,optimal,→ stable,→ stable,→ stable,99.6,✅ EXCELLENT,False,NONE,4.0,0.0,NONE
1780023362.21,101.2,90.7,32.1,1487.0,34.2,13.82,31.8,60.0,32.2,-0.2,optimal,optimal,optimal,optimal,optimal,optimal,→ stable,→ stable,→ stable,99.6,✅ EXCELLENT,False,NONE,4.2,0.0,NONE
1780023363.21,102.8,90.2,32.2,1548.0,34.4,13.79,32.1,60.2,32.3,0.2,optimal,optimal,optimal,optimal,optimal,optimal,→ stable,→ stable,→ stable,99.6,✅ EXCELLENT,False,NONE,4.1,0.0,NONE
1780023364.211,102.7,88.6,32.3,1472.0,34.6,13.81,31.8,59.6,32.0,0.3,optimal,optimal,optimal,optimal,optimal,optimal,→ stable,→ stable,→ stable,99.6,✅ EXCELLENT,False,NONE,4.0,1.0,NONE
1780023365.211,102.2,89.3,31.7,1512.0,35.1,13.85,32.4,59.8,32.0,0.2,optimal,optimal,optimal,optimal,optimal,optimal,↑ increasing,→ stable,→ stable,99.6,✅ EXCELLENT,False,NONE,4.8,0.2,NONE
1780023366.212,100.3,89.1,32.2,1547.0,34.2,13.83,31.9,59.6,31.6,-0.2,optimal,optimal,optimal,optimal,optimal,optimal,↑ increasing,→ stable,→ stable,99.6,✅ EXCELLENT,False,NONE,4.0,0.4,NONE
1780023367.212,102.2,91.3,31.8,1458.0,35.6,13.78,32.0,60.0,32.3,0.1,optimal,optimal,optimal,optimal,optimal,optimal,↑ increasing,→ stable,→ stable,99.6,✅ EXCELLENT,False,NONE,4.7,0.0,NONE
1780023368.212,99.0,91.0,32.2,1455.0,34.1,13.76,31.8,60.3,32.3,-0.1,optimal,optimal,optimal,optimal,optimal,optimal,↑ increasing,→ stable,→ stable,99.6,✅ EXCELLENT,False,NONE,4.0,0.0,NONE
1780023369.212,100.0,90.7,31.8,1479.0,35.4,13.75,31.9,60.3,32.1,-0.3,optimal,optimal,optimal,optimal,optimal,optimal,↑ increasing,→ stable,→ stable,99.6,✅ EXCELLENT,False,NONE,4.6,0.0,NONE
1780023370.211,102.1,89.5,32.2,1480.0,35.0,13.85,31.7,59.8,31.8,-0.3,optimal,optimal,optimal,optimal,optimal,optimal,↑ increasing,→ stable,→ stable,99.6,✅ EXCELLENT,False,NONE,4.1,0.1,NONE
1780023371.213,98.9,90.9,32.2,1515.0,35.5,13.8,31.8,60.3,31.6,0.3,optimal,optimal,optimal,optimal,optimal,optimal,↑ increasing,→ stable,→ stable,99.6,✅ EXCELLENT,False,NONE,4.0,0.0,NONE
1780023372.215,99.3,89.3,32.0,1466.0,34.1,13.83,31.9,59.7,31.9,0.0,optimal,optimal,optimal,optimal,optimal,optimal,↑ increasing,→ stable,→ stable,99.6,✅ EXCELLENT,False,NONE,4.3,0.2,NONE
1780023373.216,100.7,90.0,32.0,1469.0,34.1,13.79,31.9,60.0,32.3,0.1,optimal,optimal,optimal,optimal,optimal,optimal,↑ increasing,→ stable,→ stable,99.6,✅ EXCELLENT,False,NONE,4.3,0.0,NONE
1780023374.216,98.7,90.3,32.0,1549.0,34.4,13.85,32.3,60.3,32.2,0.3,optimal,optimal,optimal,optimal,optimal,optimal,→ stable,→ stable,→ stable,99.6,✅ EXCELLENT,False,NONE,4.2,0.0,NONE
1780023375.218,102.9,88.5,32.0,1472.0,35.7,13.83,31.7,59.9,32.0,-0.2,optimal,optimal,optimal,optimal,optimal,optimal,→ stable,→ stable,→ stable,99.6,✅ EXCELLENT,False,NONE,4.4,1.1,NONE
1780023376.219,98.1,90.5,31.6,1504.0,34.0,13.8,31.7,59.7,31.8,0.2,optimal,optimal,optimal,optimal,optimal,optimal,→ stable,→ stable,→ stable,99.6,✅ EXCELLENT,False,NONE,4.8,0.0,NONE
1780023377.219,97.8,90.8,31.7,1543.0,35.3,13.83,31.7,60.4,32.0,-0.3,optimal,optimal,optimal,optimal,optimal,optimal,↓ decreasing,→ stable,→ stable,99.6,✅ EXCELLENT,False,NONE,4.6,0.0,NONE
1780023378.219,97.2,90.3,32.3,1543.0,34.1,13.76,31.7,60.3,32.0,-0.1,optimal,optimal,optimal,optimal,optimal,optimal,↓ decreasing,→ stable,→ stable,99.6,✅ EXCELLENT,False,NONE,3.7,0.0,NONE
1780023379.22,99.2,90.3,31.9,1475.0,35.1,13.84,31.7,60.0,32.1,0.4,optimal,optimal,optimal,optimal,optimal,optimal,↓ decreasing,→ stable,→ stable,99.6,✅ EXCELLENT,False,NONE,4.4,0.0,NONE
1780023380.221,101.1,90.0,32.2,1482.0,34.1,13.82,31.8,59.9,32.1,-0.4,optimal,optimal,optimal,optimal,optimal,optimal,↓ decreasing,→ stable,→ stable,99.6,✅ EXCELLENT,False,NONE,4.0,0.0,NONE
1780023381.223,100.7,90.5,31.9,1451.0,35.9,13.78,31.7,59.6,32.4,0.3,optimal,optimal,optimal,optimal,optimal,optimal,↓ decreasing,→ stable,→ stable,99.6,✅ EXCELLENT,False,NONE,4.5,0.0,NONE
1780023382.223,97.9,90.1,32.3,1474.0,35.8,13.76,31.9,59.8,32.2,-0.3,optimal,optimal,optimal,optimal,optimal,optimal,↓ decreasing,→ stable,→ stable,99.6,✅ EXCELLENT,False,NONE,3.8,0.0,NONE
1780023383.225,99.8,89.8,31.9,1521.0,35.1,13.79,31.8,60.1,32.3,0.3,optimal,optimal,optimal,optimal,optimal,optimal,↓ decreasing,→ stable,→ stable,99.6,✅ EXCELLENT,False,NONE,4.4,0.0,NONE
1780023384.226,98.0,91.2,31.8,1464.0,35.1,13.75,32.0,60.3,32.2,0.4,optimal,optimal,optimal,optimal,optimal,optimal,↓ decreasing,→ stable,→ stable,99.6,✅ EXCELLENT,False,NONE,4.5,0.0,NONE
1780023385.227,99.2,90.9,31.8,1511.0,34.6,13.81,31.9,59.9,32.2,-0.0,optimal,optimal,optimal,optimal,optimal,optimal,↓ decreasing,→ stable,→ stable,99.6,✅ EXCELLENT,False,NONE,4.5,0.0,NONE
1780023386.228,100.4,88.9,32.1,1513.0,35.2,13.82,31.9,60.1,31.6,-0.4,optimal,optimal,optimal,optimal,optimal,optimal,↓ decreasing,→ stable,→ stable,99.6,✅ EXCELLENT,False,NONE,4.2,0.6,NONE
1780023387.228,99.6,88.5,31.8,1459.0,34.3,13.77,31.9,59.6,31.9,0.1,optimal,optimal,optimal,optimal,optimal,optimal,→ stable,→ stable,→ stable,99.6,✅ EXCELLENT,False,NONE,4.6,1.1,NONE
1780023388.228,97.5,89.6,31.9,1499.0,34.3,13.8,31.7,59.7,32.2,0.2,optimal,optimal,optimal,optimal,optimal,optimal,→ stable,→ stable,→ stable,99.6,✅ EXCELLENT,False,NONE,4.3,0.1,NONE
1780023389.229,102.8,90.2,31.9,1458.0,34.1,13.81,32.1,60.2,31.9,0.3,optimal,optimal,optimal,optimal,optimal,optimal,→ stable,→ stable,→ stable,99.6,✅ EXCELLENT,False,NONE,4.6,0.0,NONE
1780023390.23,102.7,90.6,31.8,1532.0,34.5,13.76,32.1,59.8,32.0,0.2,optimal,optimal,optimal,optimal,optimal,optimal,→ stable,→ stable,→ stable,99.6,✅ EXCELLENT,False,NONE,4.7,0.0,NONE
1780023391.23,99.9,90.9,31.6,1518.0,34.1,13.78,31.7,59.7,31.9,-0.1,optimal,optimal,optimal,optimal,optimal,optimal,→ stable,→ stable,→ stable,99.6,✅ EXCELLENT,False,NONE,4.9,0.0,NONE
1780023392.23,99.3,90.8,32.2,1484.0,35.9,13.82,32.2,59.8,32.4,-0.1,optimal,optimal,optimal,optimal,optimal,optimal,→ stable,→ stable,→ stable,99.6,✅ EXCELLENT,False,NONE,4.0,0.0,NONE
1780023393.232,100.4,89.3,32.0,1532.0,35.8,13.82,31.7,60.3,31.9,-0.2,optimal,optimal,optimal,optimal,optimal,optimal,↑ increasing,→ stable,→ stable,99.6,✅ EXCELLENT,False,NONE,4.3,0.2,NONE
1780023394.233,97.6,90.1,31.7,1506.0,34.9,13.84,31.6,59.9,32.1,0.1,optimal,optimal,optimal,optimal,optimal,optimal,↑ increasing,→ stable,→ stable,99.6,✅ EXCELLENT,False,NONE,4.6,0.0,NONE
1780023395.233,102.9,88.6,31.7,1523.0,34.6,13.85,31.9,60.2,31.6,0.3,optimal,optimal,optimal,optimal,optimal,optimal,↑ increasing,↓ decreasing,→ stable,99.6,✅ EXCELLENT,False,NONE,4.9,1.0,NONE
1780023396.235,98.0,91.2,31.8,1471.0,35.6,13.78,32.3,60.4,31.9,-0.0,optimal,optimal,optimal,optimal,optimal,optimal,↑ increasing,→ stable,→ stable,99.6,✅ EXCELLENT,False,NONE,4.5,0.0,NONE
1780023397.236,102.8,91.3,32.4,1494.0,34.7,13.82,31.9,60.3,32.0,-0.1,optimal,optimal,optimal,optimal,optimal,optimal,↑ increasing,→ stable,→ stable,99.6,✅ EXCELLENT,False,NONE,3.8,0.0,NONE
1780023398.236,98.3,89.5,31.7,1472.0,35.4,13.83,32.3,60.3,32.2,-0.3,optimal,optimal,optimal,optimal,optimal,optimal,↑ increasing,→ stable,→ stable,99.6,✅ EXCELLENT,False,NONE,4.6,0.1,NONE
1780023399.237,97.6,90.2,32.3,1541.0,35.2,13.79,31.6,60.3,31.7,0.1,optimal,optimal,optimal,optimal,optimal,optimal,→ stable,→ stable,→ stable,99.6,✅ EXCELLENT,False,NONE,3.8,0.0,NONE
1780023400.237,98.5,90.4,32.2,1458.0,34.3,13.79,31.9,59.7,32.1,0.0,optimal,optimal,optimal,optimal,optimal,optimal,→ stable,→ stable,→ stable,99.6,✅ EXCELLENT,False,NONE,3.9,0.0,NONE
1780023401.238,102.7,90.0,32.0,1512.0,35.7,13.83,32.1,60.2,31.8,-0.4,optimal,optimal,optimal,optimal,optimal,optimal,→ stable,→ stable,→ stable,99.6,✅ EXCELLENT,False,NONE,4.4,0.0,NONE
1780023402.239,102.1,90.9,32.0,1523.0,35.2,13.78,32.4,59.8,32.3,-0.3,optimal,optimal,optimal,optimal,optimal,optimal,→ stable,→ stable,→ stable,99.6,✅ EXCELLENT,False,NONE,4.4,0.0,NONE
1780023403.239,100.8,89.5,32.4,1478.0,35.5,13.8,32.2,60.1,32.3,0.0,optimal,optimal,optimal,optimal,optimal,optimal,→ stable,→ stable,→ stable,99.6,✅ EXCELLENT,False,NONE,3.7,0.1,NONE
1780023404.24,99.4,89.2,31.6,1512.0,35.6,13.8,32.0,59.7,32.4,-0.3,optimal,optimal,optimal,optimal,optimal,optimal,→ stable,→ stable,→ stable,99.6,✅ EXCELLENT,False,NONE,4.8,0.3,NONE
1780023405.241,102.2,89.1,32.0,1467.0,35.3,13.8,32.1,59.9,31.8,0.2,optimal,optimal,optimal,optimal,optimal,optimal,→ stable,→ stable,→ stable,99.6,✅ EXCELLENT,False,NONE,4.4,0.4,NONE
1780023406.241,99.6,89.2,32.4,1524.0,35.9,13.83,31.8,59.8,31.6,-0.3,optimal,optimal,optimal,optimal,optimal,optimal,→ stable,→ stable,→ stable,99.6,✅ EXCELLENT,False,NONE,3.7,0.3,NONE
1780023407.241,97.6,89.3,32.1,1495.0,35.8,13.83,32.1,60.2,32.3,-0.3,optimal,optimal,optimal,optimal,optimal,optimal,↓ decreasing,↓ decreasing,→ stable,99.6,✅ EXCELLENT,False,NONE,4.0,0.2,NONE
1780023408.241,101.9,89.9,32.3,1514.0,35.7,13.81,32.3,59.8,31.7,-0.1,optimal,optimal,optimal,optimal,optimal,optimal,→ stable,→ stable,→ stable,99.6,✅ EXCELLENT,False,NONE,3.9,0.0,NONE
1780023409.242,99.7,91.4,32.4,1451.0,36.0,13.79,32.0,59.6,31.6,0.1,optimal,optimal,optimal,optimal,optimal,optimal,→ stable,→ stable,→ stable,99.6,✅ EXCELLENT,False,NONE,3.7,0.0,NONE
1780023410.243,102.0,90.2,31.9,1520.0,34.2,13.83,32.0,60.1,31.8,-0.2,optimal,optimal,optimal,optimal,optimal,optimal,↑ increasing,→ stable,→ stable,99.6,✅ EXCELLENT,False,NONE,4.5,0.0,NONE
1780023411.244,100.7,90.2,32.3,1529.0,34.2,13.82,32.0,60.3,31.8,-0.2,optimal,optimal,optimal,optimal,optimal,optimal,↑ increasing,→ stable,→ stable,99.6,✅ EXCELLENT,False,NONE,3.9,0.0,NONE
1780023412.245,98.2,91.1,32.4,1478.0,34.2,13.75,32.1,60.3,31.8,-0.1,optimal,optimal,optimal,optimal,optimal,optimal,→ stable,→ stable,→ stable,99.6,✅ EXCELLENT,False,NONE,3.6,0.0,NONE
1780023413.246,101.2,90.2,31.8,1497.0,34.2,13.79,31.8,60.1,32.2,0.2,optimal,optimal,optimal,optimal,optimal,optimal,→ stable,→ stable,→ stable,99.6,✅ EXCELLENT,False,NONE,4.6,0.0,NONE
1780023414.246,98.2,88.5,32.3,1499.0,35.8,13.79,31.8,60.1,31.8,-0.3,optimal,optimal,optimal,optimal,optimal,optimal,→ stable,→ stable,→ stable,99.6,✅ EXCELLENT,False,NONE,3.8,1.1,NONE
1780023415.246,101.1,89.7,32.2,1467.0,34.6,13.85,31.7,60.0,32.0,0.3,optimal,optimal,optimal,optimal,optimal,optimal,→ stable,→ stable,→ stable,99.6,✅ EXCELLENT,False,NONE,4.0,0.0,NONE
1780023416.247,99.0,88.5,31.7,1466.0,35.8,13.79,32.0,59.7,32.1,-0.1,optimal,optimal,optimal,optimal,optimal,optimal,→ stable,→ stable,→ stable,99.6,✅ EXCELLENT,False,NONE,4.7,1.1,NONE
1780023417.248,98.3,90.0,32.1,1482.0,35.5,13.75,31.8,60.1,32.0,0.2,optimal,optimal,optimal,optimal,optimal,optimal,→ stable,→ stable,→ stable,99.6,✅ EXCELLENT,False,NONE,4.1,0.0,NONE
1780023418.249,102.7,89.4,31.8,1499.0,34.6,13.78,31.9,60.1,32.1,-0.3,optimal,optimal,optimal,optimal,optimal,optimal,→ stable,→ stable,→ stable,99.6,✅ EXCELLENT,False,NONE,4.7,0.2,NONE
1780023419.25,102.0,90.0,32.0,1504.0,35.2,13.77,32.3,60.0,32.0,0.1,optimal,optimal,optimal,optimal,optimal,optimal,→ stable,→ stable,→ stable,99.6,✅ EXCELLENT,False,NONE,4.4,0.0,NONE
1780023420.25,98.8,90.7,31.8,1502.0,35.6,13.8,31.9,59.8,32.1,0.4,optimal,optimal,optimal,optimal,optimal,optimal,↓ decreasing,→ stable,→ stable,99.6,✅ EXCELLENT,False,NONE,4.5,0.0,NONE
1780023421.252,100.2,89.8,31.9,1483.0,34.3,13.81,31.8,60.2,32.2,-0.4,optimal,optimal,optimal,optimal,optimal,optimal,↓ decreasing,→ stable,→ stable,99.6,✅ EXCELLENT,False,NONE,4.4,0.0,NONE
1780023422.252,102.4,88.6,31.9,1467.0,35.0,13.76,32.2,60.3,32.2,0.2,optimal,optimal,optimal,optimal,optimal,optimal,→ stable,→ stable,→ stable,99.6,✅ EXCELLENT,False,NONE,4.5,1.0,NONE
1780023423.253,101.6,88.8,31.7,1524.0,34.3,13.82,31.7,59.9,31.7,-0.2,optimal,optimal,optimal,optimal,optimal,optimal,→ stable,↓ decreasing,→ stable,99.6,✅ EXCELLENT,False,NONE,4.8,0.7,NONE
1780023424.254,99.1,89.8,32.2,1527.0,34.5,13.82,31.9,60.2,31.8,0.0,optimal,optimal,optimal,optimal,optimal,optimal,→ stable,→ stable,→ stable,99.6,✅ EXCELLENT,False,NONE,4.0,0.0,NONE
1780023425.254,101.8,89.7,32.0,1471.0,34.3,13.77,32.2,60.4,31.9,-0.2,optimal,optimal,optimal,optimal,optimal,optimal,↑ increasing,→ stable,→ stable,99.6,✅ EXCELLENT,False,NONE,4.4,0.0,NONE
1780023426.254,99.6,89.2,32.1,1465.0,34.2,13.76,32.2,59.6,31.6,0.1,optimal,optimal,optimal,optimal,optimal,optimal,↑ increasing,→ stable,→ stable,99.6,✅ EXCELLENT,False,NONE,4.1,0.3,NONE
1780023427.254,97.3,91.0,31.8,1484.0,34.5,13.83,32.3,60.1,31.8,-0.4,optimal,optimal,optimal,optimal,optimal,optimal,↑ increasing,→ stable,→ stable,99.6,✅ EXCELLENT,False,NONE,4.4,0.0,NONE
1780023428.254,98.5,89.9,32.4,1507.0,35.6,13.76,31.8,59.7,32.4,-0.3,optimal,optimal,optimal,optimal,optimal,optimal,→ stable,→ stable,→ stable,99.6,✅ EXCELLENT,False,NONE,3.7,0.0,NONE
1780023429.255,102.0,90.0,31.9,1534.0,35.3,13.79,32.3,59.9,31.9,-0.1,optimal,optimal,optimal,optimal,optimal,optimal,→ stable,→ stable,→ stable,99.6,✅ EXCELLENT,False,NONE,4.5,0.0,NONE
1780023430.256,101.8,89.3,31.8,1489.0,35.7,13.78,32.1,60.2,31.9,0.3,optimal,optimal,optimal,optimal,optimal,optimal,→ stable,→ stable,→ stable,99.6,✅ EXCELLENT,False,NONE,4.7,0.2,NONE
1780023431.256,100.6,89.2,31.8,1497.0,34.8,13.79,32.2,59.6,32.1,-0.3,optimal,optimal,optimal,optimal,optimal,optimal,→ stable,→ stable,→ stable,99.6,✅ EXCELLENT,False,NONE,4.6,0.3,NONE
1780023432.257,101.2,88.7,31.7,1509.0,34.7,13.82,32.1,60.2,32.1,0.0,optimal,optimal,optimal,optimal,optimal,optimal,→ stable,→ stable,→ stable,99.6,✅ EXCELLENT,False,NONE,4.8,0.8,NONE
1780023433.258,100.0,89.1,31.7,1489.0,34.2,13.81,31.7,59.7,32.3,0.2,optimal,optimal,optimal,optimal,optimal,optimal,→ stable,→ stable,→ stable,99.6,✅ EXCELLENT,False,NONE,4.7,0.4,NONE
1780023434.258,98.8,89.7,32.2,1461.0,34.8,13.8,31.7,59.8,32.3,0.2,optimal,optimal,optimal,optimal,optimal,optimal,→ stable,→ stable,→ stable,99.6,✅ EXCELLENT,False,NONE,4.0,0.0,NONE
1780023435.259,99.4,91.3,32.3,1456.0,35.8,13.83,32.0,59.7,31.7,0.0,optimal,optimal,optimal,optimal,optimal,optimal,↓ decreasing,→ stable,→ stable,99.6,✅ EXCELLENT,False,NONE,3.8,0.0,NONE
1780023436.259,100.9,90.6,32.1,1468.0,34.1,13.82,32.4,60.4,32.0,-0.2,optimal,optimal,optimal,optimal,optimal,optimal,↓ decreasing,→ stable,→ stable,99.6,✅ EXCELLENT,False,NONE,4.2,0.0,NONE
1780023437.261,102.9,90.4,32.4,1496.0,34.1,13.75,32.3,59.6,31.9,-0.4,optimal,optimal,optimal,optimal,optimal,optimal,→ stable,→ stable,→ stable,99.6,✅ EXCELLENT,False,NONE,3.8,0.0,NONE
1780023438.262,100.0,91.2,31.8,1524.0,35.3,13.82,32.1,59.7,32.3,-0.3,optimal,optimal,optimal,optimal,optimal,optimal,↑ increasing,→ stable,→ stable,99.6,✅ EXCELLENT,False,NONE,4.6,0.0,NONE
1780023439.262,99.5,90.9,32.3,1540.0,35.2,13.76,32.4,60.1,32.4,0.3,optimal,optimal,optimal,optimal,optimal,optimal,→ stable,→ stable,→ stable,99.6,✅ EXCELLENT,False,NONE,3.8,0.0,NONE
1780023440.262,99.6,91.2,31.8,1519.0,34.7,13.77,32.3,59.7,32.2,0.4,optimal,optimal,optimal,optimal,optimal,optimal,→ stable,↑ increasing,→ stable,99.6,✅ EXCELLENT,False,NONE,4.6,0.0,NONE
1780023441.263,101.3,90.4,32.3,1540.0,35.3,13.83,31.8,59.7,32.1,-0.3,optimal,optimal,optimal,optimal,optimal,optimal,→ stable,↑ increasing,→ stable,99.6,✅ EXCELLENT,False,NONE,3.9,0.0,NONE
1780023442.263,99.3,88.5,31.8,1455.0,35.3,13.78,31.7,59.8,31.7,-0.2,optimal,optimal,optimal,optimal,optimal,optimal,→ stable,↑ increasing,→ stable,99.6,✅ EXCELLENT,False,NONE,4.5,1.1,NONE
1780023443.264,99.4,90.7,31.8,1504.0,35.8,13.8,32.0,60.2,32.2,0.3,optimal,optimal,optimal,optimal,optimal,optimal,→ stable,↑ increasing,→ stable,99.6,✅ EXCELLENT,False,NONE,4.5,0.0,NONE
1780023444.265,101.6,89.7,32.3,1470.0,34.9,13.79,31.6,60.3,31.8,-0.1,optimal,optimal,optimal,optimal,optimal,optimal,→ stable,↑ increasing,→ stable,99.6,✅ EXCELLENT,False,NONE,3.9,0.0,NONE
1780023445.265,100.1,89.9,32.0,1499.0,34.0,13.81,32.2,60.2,31.8,-0.3,optimal,optimal,optimal,optimal,optimal,optimal,↑ increasing,↑ increasing,→ stable,99.6,✅ EXCELLENT,False,NONE,4.3,0.0,NONE
1780023446.266,102.9,91.4,32.3,1544.0,35.6,13.85,31.9,59.6,32.2,0.1,optimal,optimal,optimal,optimal,optimal,optimal,↑ increasing,↑ increasing,→ stable,99.6,✅ EXCELLENT,False,NONE,4.0,0.0,NONE
1780023447.267,99.9,90.6,32.3,1471.0,34.7,13.81,32.1,60.1,32.3,0.3,optimal,optimal,optimal,optimal,optimal,optimal,→ stable,↑ increasing,→ stable,99.6,✅ EXCELLENT,False,NONE,3.9,0.0,NONE
1780023448.269,98.6,91.4,32.3,1497.0,34.3,13.8,32.1,60.1,32.1,0.1,optimal,optimal,optimal,optimal,optimal,optimal,↓ decreasing,↑ increasing,→ stable,99.6,✅ EXCELLENT,False,NONE,3.8,0.0,NONE
1780023449.269,99.9,91.1,32.1,1506.0,35.5,13.84,31.6,60.0,32.0,-0.0,optimal,optimal,optimal,optimal,optimal,optimal,→ stable,→ stable,→ stable,99.6,✅ EXCELLENT,False,NONE,4.1,0.0,NONE
1780023450.271,101.5,88.7,32.2,1472.0,34.4,13.83,32.2,59.8,31.9,-0.1,optimal,optimal,optimal,optimal,optimal,optimal,→ stable,→ stable,→ stable,99.6,✅ EXCELLENT,False,NONE,4.1,0.8,NONE
1780023451.272,102.7,90.7,32.3,1498.0,35.5,13.82,32.0,60.3,32.3,-0.0,optimal,optimal,optimal,optimal,optimal,optimal,→ stable,→ stable,→ stable,99.6,✅ EXCELLENT,False,NONE,4.0,0.0,NONE
1780023452.273,100.5,89.7,32.0,1529.0,34.3,13.77,32.4,60.1,32.4,0.1,optimal,optimal,optimal,optimal,optimal,optimal,↑ increasing,→ stable,→ stable,99.6,✅ EXCELLENT,False,NONE,4.3,0.0,NONE
1780023453.274,102.5,91.2,32.1,1460.0,34.6,13.85,31.9,60.0,31.7,-0.1,optimal,optimal,optimal,optimal,optimal,optimal,↑ increasing,→ stable,→ stable,99.6,✅ EXCELLENT,False,NONE,4.2,0.0,NONE
1780023454.274,100.1,90.0,31.9,1516.0,35.9,13.8,31.9,60.2,32.4,-0.2,optimal,optimal,optimal,optimal,optimal,optimal,→ stable,→ stable,→ stable,99.6,✅ EXCELLENT,False,NONE,4.4,0.0,NONE
1780023455.275,98.2,89.9,31.7,1510.0,34.0,13.77,32.2,59.8,32.3,0.2,optimal,optimal,optimal,optimal,optimal,optimal,→ stable,→ stable,→ stable,99.6,✅ EXCELLENT,False,NONE,4.6,0.0,NONE
1780023456.275,98.0,88.9,31.9,1490.0,34.5,13.82,32.3,59.9,32.2,-0.1,optimal,optimal,optimal,optimal,optimal,optimal,→ stable,→ stable,→ stable,99.6,✅ EXCELLENT,False,NONE,4.3,0.6,NONE
1780023457.277,100.4,90.1,31.8,1464.0,35.8,13.78,31.9,59.8,32.3,0.1,optimal,optimal,optimal,optimal,optimal,optimal,→ stable,→ stable,→ stable,99.6,✅ EXCELLENT,False,NONE,4.6,0.0,NONE
1780023458.277,100.5,89.4,32.2,1498.0,35.5,13.76,31.7,59.8,32.2,-0.3,optimal,optimal,optimal,optimal,optimal,optimal,→ stable,→ stable,→ stable,99.6,✅ EXCELLENT,False,NONE,4.0,0.2,NONE
1780023459.277,98.2,90.5,31.7,1450.0,35.7,13.82,31.9,59.9,31.9,-0.3,optimal,optimal,optimal,optimal,optimal,optimal,→ stable,↓ decreasing,→ stable,99.6,✅ EXCELLENT,False,NONE,4.6,0.0,NONE
1780023460.277,97.7,90.5,31.8,1541.0,35.9,13.83,32.4,59.9,32.4,0.0,optimal,optimal,optimal,optimal,optimal,optimal,↓ decreasing,→ stable,→ stable,99.6,✅ EXCELLENT,False,NONE,4.5,0.0,NONE
1780023461.277,99.6,90.1,31.8,1535.0,35.3,13.76,32.2,60.0,32.3,0.1,optimal,optimal,optimal,optimal,optimal,optimal,↓ decreasing,→ stable,→ stable,99.6,✅ EXCELLENT,False,NONE,4.6,0.0,NONE
1780023462.278,102.7,89.3,32.2,1469.0,35.4,13.84,32.3,59.9,31.8,0.1,optimal,optimal,optimal,optimal,optimal,optimal,↓ decreasing,→ stable,→ stable,99.6,✅ EXCELLENT,False,NONE,4.1,0.2,NONE
1780023463.279,100.4,88.9,32.2,1492.0,34.0,13.77,31.8,60.0,32.4,0.2,optimal,optimal,optimal,optimal,optimal,optimal,↓ decreasing,↓ decreasing,→ stable,99.6,✅ EXCELLENT,False,NONE,4.0,0.6,NONE
1780023464.28,101.7,88.5,32.3,1523.0,35.8,13.84,31.6,59.7,31.6,-0.0,optimal,optimal,optimal,optimal,optimal,optimal,↓ decreasing,↓ decreasing,→ stable,99.6,✅ EXCELLENT,False,NONE,3.9,1.1,NONE
1780023465.28,101.3,89.6,32.1,1482.0,35.3,13.78,31.6,60.2,31.7,0.4,optimal,optimal,optimal,optimal,optimal,optimal,↓ decreasing,↓ decreasing,→ stable,99.6,✅ EXCELLENT,False,NONE,4.2,0.1,NONE
1780023466.282,98.3,91.4,31.7,1511.0,34.3,13.82,32.1,60.0,32.1,-0.2,optimal,optimal,optimal,optimal,optimal,optimal,→ stable,→ stable,→ stable,99.6,✅ EXCELLENT,False,NONE,4.6,0.0,NONE
1780023467.283,99.6,91.2,32.0,1548.0,36.0,13.79,31.7,59.8,31.9,-0.4,optimal,optimal,optimal,optimal,optimal,optimal,→ stable,→ stable,→ stable,99.6,✅ EXCELLENT,False,NONE,4.3,0.0,NONE
1780023468.283,98.3,88.9,32.3,1520.0,34.4,13.79,32.2,60.4,31.9,-0.1,optimal,optimal,optimal,optimal,optimal,optimal,↓ decreasing,→ stable,→ stable,99.6,✅ EXCELLENT,False,NONE,3.8,0.6,NONE
1780023469.285,101.2,91.0,31.8,1531.0,34.7,13.76,31.7,59.6,31.8,-0.0,optimal,optimal,optimal,optimal,optimal,optimal,→ stable,→ stable,→ stable,99.6,✅ EXCELLENT,False,NONE,4.6,0.0,NONE
1780023470.285,101.2,90.7,32.0,1462.0,34.6,13.82,32.4,59.7,32.3,0.4,optimal,optimal,optimal,optimal,optimal,optimal,↑ increasing,→ stable,→ stable,99.6,✅ EXCELLENT,False,NONE,4.3,0.0,NONE
1780023471.287,100.7,89.4,32.1,1499.0,35.6,13.84,31.7,59.7,31.8,0.1,optimal,optimal,optimal,optimal,optimal,optimal,↑ increasing,→ stable,→ stable,99.6,✅ EXCELLENT,False,NONE,4.2,0.2,NONE
1780023472.287,102.7,88.9,31.9,1498.0,35.4,13.78,31.9,60.1,31.7,-0.4,optimal,optimal,optimal,optimal,optimal,optimal,↑ increasing,→ stable,→ stable,99.6,✅ EXCELLENT,False,NONE,4.5,0.6,NONE
1780023473.287,99.6,90.6,31.9,1520.0,35.6,13.8,31.7,60.0,32.3,-0.2,optimal,optimal,optimal,optimal,optimal,optimal,↑ increasing,→ stable,→ stable,99.6,✅ EXCELLENT,False,NONE,4.4,0.0,NONE
1780023474.287,101.8,90.1,31.8,1480.0,35.9,13.82,32.3,59.9,31.7,-0.2,optimal,optimal,optimal,optimal,optimal,optimal,↑ increasing,↑ increasing,→ stable,99.6,✅ EXCELLENT,False,NONE,4.7,0.0,NONE
1780023475.289,97.6,89.9,32.2,1512.0,35.4,13.84,31.7,60.2,32.0,0.1,optimal,optimal,optimal,optimal,optimal,optimal,→ stable,↑ increasing,→ stable,99.6,✅ EXCELLENT,False,NONE,3.9,0.0,NONE
1780023476.29,101.5,91.3,32.1,1517.0,35.1,13.85,31.9,59.8,31.6,-0.1,optimal,optimal,optimal,optimal,optimal,optimal,→ stable,→ stable,→ stable,99.6,✅ EXCELLENT,False,NONE,4.2,0.0,NONE
1780023477.291,98.7,88.9,31.7,1505.0,34.0,13.81,32.4,59.8,32.3,0.4,optimal,optimal,optimal,optimal,optimal,optimal,→ stable,→ stable,→ stable,99.6,✅ EXCELLENT,False,NONE,4.7,0.6,NONE
1780023478.291,97.6,91.4,31.9,1455.0,34.1,13.8,32.1,60.1,31.9,-0.1,optimal,optimal,optimal,optimal,optimal,optimal,→ stable,→ stable,→ stable,99.6,✅ EXCELLENT,False,NONE,4.3,0.0,NONE
1780023479.292,99.1,90.5,32.0,1515.0,35.4,13.81,31.7,60.2,31.6,-0.2,optimal,optimal,optimal,optimal,optimal,optimal,→ stable,→ stable,→ stable,99.6,✅ EXCELLENT,False,NONE,4.2,0.0,NONE
1780023480.292,101.2,90.7,32.3,1523.0,35.2,13.75,32.1,59.8,32.0,-0.1,optimal,optimal,optimal,optimal,optimal,optimal,→ stable,→ stable,→ stable,99.6,✅ EXCELLENT,False,NONE,3.9,0.0,NONE
1780023481.292,99.3,90.5,32.2,1495.0,34.6,13.83,31.7,59.9,32.3,0.1,optimal,optimal,optimal,optimal,optimal,optimal,↓ decreasing,→ stable,→ stable,99.6,✅ EXCELLENT,False,NONE,4.0,0.0,NONE
1780023482.293,101.3,91.1,31.8,1491.0,34.1,13.76,31.7,60.2,32.2,0.3,optimal,optimal,optimal,optimal,optimal,optimal,↓ decreasing,↑ increasing,→ stable,99.6,✅ EXCELLENT,False,NONE,4.6,0.0,NONE
1780023483.293,97.6,89.6,31.9,1480.0,34.8,13.82,31.7,60.4,31.7,-0.1,optimal,optimal,optimal,optimal,optimal,optimal,↓ decreasing,→ stable,→ stable,99.6,✅ EXCELLENT,False,NONE,4.3,0.1,NONE
1780023484.294,101.1,91.0,31.6,1503.0,35.4,13.78,32.1,60.2,32.2,-0.2,optimal,optimal,optimal,optimal,optimal,optimal,↓ decreasing,→ stable,→ stable,99.6,✅ EXCELLENT,False,NONE,4.9,0.0,NONE
1780023485.295,102.7,89.2,31.8,1457.0,34.1,13.82,31.7,59.9,32.3,0.0,optimal,optimal,optimal,optimal,optimal,optimal,→ stable,→ stable,→ stable,99.6,✅ EXCELLENT,False,NONE,4.7,0.3,NONE
1780023486.295,98.7,91.3,31.8,1500.0,34.4,13.77,32.0,59.7,31.9,-0.3,optimal,optimal,optimal,optimal,optimal,optimal,↓ decreasing,→ stable,→ stable,99.6,✅ EXCELLENT,False,NONE,4.5,0.0,NONE
1780023487.296,102.3,88.8,32.0,1461.0,35.5,13.85,31.8,59.6,31.8,-0.3,optimal,optimal,optimal,optimal,optimal,optimal,→ stable,→ stable,→ stable,99.6,✅ EXCELLENT,False,NONE,4.4,0.7,NONE
1780023488.296,97.4,88.6,31.6,1484.0,34.4,13.8,31.9,60.3,32.4,0.3,optimal,optimal,optimal,optimal,optimal,optimal,→ stable,→ stable,→ stable,99.6,✅ EXCELLENT,False,NONE,4.7,1.0,NONE
1780023489.296,99.8,88.8,31.9,1532.0,35.9,13.83,32.2,59.8,31.7,0.2,optimal,optimal,optimal,optimal,optimal,optimal,→ stable,→ stable,→ stable,99.6,✅ EXCELLENT,False,NONE,4.4,0.7,NONE
1780023490.297,101.3,89.6,32.1,1472.0,34.5,13.79,31.9,59.9,31.8,0.2,optimal,optimal,optimal,optimal,optimal,optimal,→ stable,→ stable,→ stable,99.6,✅ EXCELLENT,False,NONE,4.2,0.1,NONE
1780023491.297,98.2,89.0,31.6,1493.0,34.3,13.84,31.8,60.1,32.0,-0.0,optimal,optimal,optimal,optimal,optimal,optimal,→ stable,↓ decreasing,→ stable,99.6,✅ EXCELLENT,False,NONE,4.8,0.5,NONE
1780023492.298,98.6,88.7,32.4,1458.0,35.1,13.81,31.9,60.2,32.1,0.4,optimal,optimal,optimal,optimal,optimal,optimal,→ stable,↓ decreasing,→ stable,99.6,✅ EXCELLENT,False,NONE,3.7,0.8,NONE
1780023493.299,99.4,89.3,32.3,1492.0,35.3,13.85,32.4,59.6,32.1,0.4,optimal,optimal,optimal,optimal,optimal,optimal,→ stable,↓ decreasing,→ stable,99.6,✅ EXCELLENT,False,NONE,3.8,0.2,NONE
1780023494.3,101.5,88.8,32.0,1487.0,34.2,13.82,31.9,59.6,32.2,0.2,optimal,optimal,optimal,optimal,optimal,optimal,→ stable,↓ decreasing,→ stable,99.6,✅ EXCELLENT,False,NONE,4.4,0.7,NONE
1780023495.301,99.9,89.9,32.3,1492.0,34.3,13.77,32.3,60.0,32.2,-0.4,optimal,optimal,optimal,optimal,optimal,optimal,→ stable,↓ decreasing,→ stable,99.6,✅ EXCELLENT,False,NONE,3.9,0.0,NONE
1780023496.301,99.8,89.7,31.7,1482.0,34.5,13.85,32.0,60.2,31.7,0.1,optimal,optimal,optimal,optimal,optimal,optimal,→ stable,↓ decreasing,→ stable,99.6,✅ EXCELLENT,False,NONE,4.7,0.0,NONE
1780023497.301,99.1,90.3,32.2,1488.0,34.9,13.84,32.1,59.8,32.3,0.3,optimal,optimal,optimal,optimal,optimal,optimal,↓ decreasing,↓ decreasing,→ stable,99.6,✅ EXCELLENT,False,NONE,4.0,0.0,NONE
1780023498.301,99.6,90.6,32.1,1512.0,35.6,13.75,31.8,59.9,32.0,-0.0,optimal,optimal,optimal,optimal,optimal,optimal,→ stable,↓ decreasing,→ stable,99.6,✅ EXCELLENT,False,NONE,4.1,0.0,NONE
1780023499.301,97.1,89.8,31.8,1524.0,34.5,13.8,32.3,60.3,32.2,0.3,optimal,optimal,optimal,optimal,optimal,optimal,↓ decreasing,→ stable,→ stable,99.6,✅ EXCELLENT,False,NONE,4.4,0.0,NONE
1780023500.301,100.7,88.8,32.1,1470.0,35.2,13.76,31.8,60.0,32.1,0.0,optimal,optimal,optimal,optimal,optimal,optimal,↓ decreasing,→ stable,→ stable,99.6,✅ EXCELLENT,False,NONE,4.2,0.7,NONE
1780023501.303,99.8,89.9,31.8,1549.0,34.4,13.84,31.9,59.7,32.1,-0.4,optimal,optimal,optimal,optimal,optimal,optimal,→ stable,→ stable,→ stable,99.6,✅ EXCELLENT,False,NONE,4.6,0.0,NONE
1780023502.303,97.7,88.8,32.1,1469.0,35.8,13.81,32.2,60.1,31.6,0.2,optimal,optimal,optimal,optimal,optimal,optimal,→ stable,→ stable,→ stable,99.6,✅ EXCELLENT,False,NONE,4.0,0.7,NONE
1780023503.304,98.7,90.3,31.6,1497.0,34.3,13.79,32.2,59.8,32.0,-0.1,optimal,optimal,optimal,optimal,optimal,optimal,↓ decreasing,→ stable,→ stable,99.6,✅ EXCELLENT,False,NONE,4.8,0.0,NONE
1780023504.305,102.4,90.9,32.2,1455.0,34.5,13.8,31.8,60.3,32.1,0.3,optimal,optimal,optimal,optimal,optimal,optimal,↓ decreasing,↑ increasing,→ stable,99.6,✅ EXCELLENT,False,NONE,4.1,0.0,NONE
1780023505.306,100.9,89.0,31.9,1535.0,34.0,13.82,31.8,60.1,31.9,0.1,optimal,optimal,optimal,optimal,optimal,optimal,→ stable,↑ increasing,→ stable,99.6,✅ EXCELLENT,False,NONE,4.5,0.5,NONE
1780023506.307,101.5,91.3,31.6,1503.0,35.6,13.78,32.2,60.0,31.7,-0.3,optimal,optimal,optimal,optimal,optimal,optimal,→ stable,↑ increasing,→ stable,99.6,✅ EXCELLENT,False,NONE,4.9,0.0,NONE
1780023507.307,97.8,90.1,31.7,1491.0,35.4,13.78,32.3,60.4,31.8,-0.3,optimal,optimal,optimal,optimal,optimal,optimal,→ stable,↑ increasing,→ stable,99.6,✅ EXCELLENT,False,NONE,4.6,0.0,NONE
1780023508.307,102.8,88.7,31.9,1482.0,34.0,13.83,32.1,60.3,32.3,-0.3,optimal,optimal,optimal,optimal,optimal,optimal,→ stable,→ stable,→ stable,99.6,✅ EXCELLENT,False,NONE,4.6,0.8,NONE
1780023509.307,99.0,89.1,32.1,1523.0,34.3,13.75,31.9,60.0,31.7,0.1,optimal,optimal,optimal,optimal,optimal,optimal,↑ increasing,→ stable,→ stable,99.6,✅ EXCELLENT,False,NONE,4.1,0.4,NONE
1780023510.307,100.2,89.5,31.8,1540.0,34.4,13.8,31.9,60.2,31.7,0.4,optimal,optimal,optimal,optimal,optimal,optimal,↑ increasing,→ stable,→ stable,99.6,✅ EXCELLENT,False,NONE,4.6,0.1,NONE
1780023511.309,97.9,91.3,32.4,1479.0,36.0,13.83,31.8,60.3,32.0,-0.1,optimal,optimal,optimal,optimal,optimal,optimal,→ stable,→ stable,→ stable,99.6,✅ EXCELLENT,False,NONE,3.6,0.0,NONE
1780023512.309,101.4,89.7,31.6,1471.0,34.8,13.78,32.3,60.3,31.6,-0.3,optimal,optimal,optimal,optimal,optimal,optimal,↑ increasing,→ stable,→ stable,99.6,✅ EXCELLENT,False,NONE,4.9,0.0,NONE
1780023513.309,99.3,89.9,31.9,1467.0,34.3,13.82,31.7,59.9,31.9,-0.4,optimal,optimal,optimal,optimal,optimal,optimal,↑ increasing,→ stable,→ stable,99.6,✅ EXCELLENT,False,NONE,4.4,0.0,NONE
1780023514.309,101.5,90.5,31.8,1485.0,34.8,13.77,32.1,59.8,31.7,-0.0,optimal,optimal,optimal,optimal,optimal,optimal,↑ increasing,→ stable,→ stable,99.6,✅ EXCELLENT,False,NONE,4.6,0.0,NONE
1780023515.309,100.0,89.0,32.1,1538.0,35.8,13.82,32.2,59.6,31.8,-0.2,optimal,optimal,optimal,optimal,optimal,optimal,↑ increasing,→ stable,→ stable,99.6,✅ EXCELLENT,False,NONE,4.1,0.5,NONE
1780023516.309,99.1,88.5,31.9,1453.0,35.5,13.78,32.1,60.3,31.9,0.3,optimal,optimal,optimal,optimal,optimal,optimal,→ stable,→ stable,→ stable,99.6,✅ EXCELLENT,False,NONE,4.4,1.1,NONE
1780023517.31,101.0,89.7,32.1,1495.0,34.6,13.8,32.3,60.3,32.0,0.1,optimal,optimal,optimal,optimal,optimal,optimal,↑ increasing,→ stable,→ stable,99.6,✅ EXCELLENT,False,NONE,4.2,0.0,NONE
1780023518.312,98.7,89.0,31.8,1452.0,34.8,13.84,31.9,60.3,32.4,-0.1,optimal,optimal,optimal,optimal,optimal,optimal,→ stable,→ stable,→ stable,99.6,✅ EXCELLENT,False,NONE,4.5,0.5,NONE
1780023519.312,102.0,90.9,32.1,1516.0,35.1,13.83,32.1,59.9,32.3,0.2,optimal,optimal,optimal,optimal,optimal,optimal,→ stable,→ stable,→ stable,99.6,✅ EXCELLENT,False,NONE,4.2,0.0,NONE
1780023520.314,98.5,90.7,32.3,1526.0,35.8,13.8,31.8,59.6,32.1,-0.2,optimal,optimal,optimal,optimal,optimal,optimal,→ stable,→ stable,→ stable,99.6,✅ EXCELLENT,False,NONE,3.8,0.0,NONE
1780023521.316,101.1,90.2,32.1,1462.0,35.9,13.76,32.3,60.2,32.0,0.2,optimal,optimal,optimal,optimal,optimal,optimal,→ stable,→ stable,→ stable,99.6,✅ EXCELLENT,False,NONE,4.2,0.0,NONE
1780023522.317,100.5,89.7,32.3,1497.0,34.8,13.78,32.2,59.6,31.9,-0.0,optimal,optimal,optimal,optimal,optimal,optimal,→ stable,→ stable,→ stable,99.6,✅ EXCELLENT,False,NONE,3.9,0.0,NONE
1780023523.318,99.8,90.6,32.2,1480.0,35.0,13.84,32.4,59.8,32.2,0.4,optimal,optimal,optimal,optimal,optimal,optimal,→ stable,→ stable,→ stable,99.6,✅ EXCELLENT,False,NONE,4.0,0.0,NONE
1780023524.318,101.6,91.0,32.4,1491.0,34.7,13.84,32.0,60.1,32.0,-0.1,optimal,optimal,optimal,optimal,optimal,optimal,→ stable,→ stable,→ stable,99.6,✅ EXCELLENT,False,NONE,3.8,0.0,NONE
1780023525.318,97.9,89.9,31.9,1485.0,35.6,13.79,32.3,60.1,31.7,-0.2,optimal,optimal,optimal,optimal,optimal,optimal,→ stable,→ stable,→ stable,99.6,✅ EXCELLENT,False,NONE,4.3,0.0,NONE
1780023526.32,97.1,90.3,31.8,1472.0,34.6,13.82,32.1,59.9,31.9,-0.1,optimal,optimal,optimal,optimal,optimal,optimal,→ stable,↑ increasing,→ stable,99.6,✅ EXCELLENT,False,NONE,4.4,0.0,NONE
1780023527.321,102.5,89.9,32.1,1498.0,35.3,13.8,31.6,60.0,31.9,0.2,optimal,optimal,optimal,optimal,optimal,optimal,→ stable,↑ increasing,→ stable,99.6,✅ EXCELLENT,False,NONE,4.2,0.0,NONE
1780023528.322,102.4,89.8,31.9,1470.0,34.0,13.79,32.1,60.2,32.1,0.4,optimal,optimal,optimal,optimal,optimal,optimal,↑ increasing,↑ increasing,→ stable,99.6,✅ EXCELLENT,False,NONE,4.5,0.0,NONE
1780023529.323,97.5,90.4,32.2,1473.0,35.1,13.78,31.9,60.0,31.6,-0.3,optimal,optimal,optimal,optimal,optimal,optimal,→ stable,→ stable,→ stable,99.6,✅ EXCELLENT,False,NONE,3.9,0.0,NONE
1780023530.323,101.7,89.4,31.7,1505.0,35.5,13.79,32.3,60.2,32.1,0.2,optimal,optimal,optimal,optimal,optimal,optimal,→ stable,→ stable,→ stable,99.6,✅ EXCELLENT,False,NONE,4.8,0.2,NONE
1780023531.324,100.0,90.6,32.0,1464.0,35.8,13.79,32.0,59.9,31.7,-0.1,optimal,optimal,optimal,optimal,optimal,optimal,→ stable,→ stable,→ stable,99.6,✅ EXCELLENT,False,NONE,4.3,0.0,NONE
1780023532.325,97.6,89.3,31.9,1533.0,35.1,13.77,32.1,59.7,32.3,0.2,optimal,optimal,optimal,optimal,optimal,optimal,→ stable,→ stable,→ stable,99.6,✅ EXCELLENT,False,NONE,4.3,0.2,NONE
1780023533.326,102.4,89.6,32.3,1510.0,34.5,13.83,31.7,59.6,32.3,0.3,optimal,optimal,optimal,optimal,optimal,optimal,→ stable,→ stable,→ stable,99.6,✅ EXCELLENT,False,NONE,3.9,0.1,NONE
1780023534.328,101.8,89.4,31.6,1542.0,34.7,13.77,32.2,60.3,32.1,-0.4,optimal,optimal,optimal,optimal,optimal,optimal,→ stable,→ stable,→ stable,99.6,✅ EXCELLENT,False,NONE,4.9,0.2,NONE
1780023535.329,102.6,88.7,31.7,1479.0,35.6,13.82,32.2,60.3,32.4,0.1,optimal,optimal,optimal,optimal,optimal,optimal,↑ increasing,→ stable,→ stable,99.6,✅ EXCELLENT,False,NONE,4.8,0.8,NONE
1780023536.33,99.9,89.1,31.8,1512.0,35.9,13.84,32.1,59.9,31.9,-0.1,optimal,optimal,optimal,optimal,optimal,optimal,↑ increasing,↓ decreasing,→ stable,99.6,✅ EXCELLENT,False,NONE,4.6,0.4,NONE
1780023537.331,101.5,89.8,32.2,1541.0,35.1,13.81,31.7,59.9,31.9,0.1,optimal,optimal,optimal,optimal,optimal,optimal,↑ increasing,↓ decreasing,→ stable,99.6,✅ EXCELLENT,False,NONE,4.1,0.0,NONE
1780023538.331,100.7,89.5,32.2,1476.0,35.2,13.77,31.6,59.9,31.8,-0.4,optimal,optimal,optimal,optimal,optimal,optimal,→ stable,↓ decreasing,→ stable,99.6,✅ EXCELLENT,False,NONE,4.0,0.1,NONE
1780023539.333,101.4,89.1,32.1,1503.0,35.1,13.82,31.6,59.9,32.1,0.3,optimal,optimal,optimal,optimal,optimal,optimal,↑ increasing,↓ decreasing,→ stable,99.6,✅ EXCELLENT,False,NONE,4.2,0.4,NONE
1780023540.334,99.4,90.4,32.3,1475.0,34.8,13.81,32.0,60.4,31.6,-0.3,optimal,optimal,optimal,optimal,optimal,optimal,↑ increasing,↓ decreasing,→ stable,99.6,✅ EXCELLENT,False,NONE,3.8,0.0,NONE
1780023541.334,100.4,90.0,31.8,1487.0,35.8,13.79,31.6,59.7,31.7,0.4,optimal,optimal,optimal,optimal,optimal,optimal,↑ increasing,↓ decreasing,→ stable,99.6,✅ EXCELLENT,False,NONE,4.6,0.0,NONE
1780023542.335,97.5,89.2,32.2,1492.0,34.8,13.76,32.2,60.1,31.6,-0.2,optimal,optimal,optimal,optimal,optimal,optimal,↑ increasing,↓ decreasing,→ stable,99.6,✅ EXCELLENT,False,NONE,3.9,0.3,NONE
1780023543.336,97.7,89.7,31.8,1466.0,34.5,13.76,32.1,59.6,32.0,0.2,optimal,optimal,optimal,optimal,optimal,optimal,→ stable,↓ decreasing,→ stable,99.6,✅ EXCELLENT,False,NONE,4.5,0.0,NONE
1780023544.338,98.7,91.2,31.8,1490.0,35.5,13.8,32.3,60.1,31.9,0.1,optimal,optimal,optimal,optimal,optimal,optimal,→ stable,→ stable,→ stable,99.6,✅ EXCELLENT,False,NONE,4.5,0.0,NONE
1780023545.339,98.4,91.5,31.8,1532.0,35.9,13.8,32.4,59.8,32.1,0.2,optimal,optimal,optimal,optimal,optimal,optimal,↓ decreasing,→ stable,→ stable,99.6,✅ EXCELLENT,False,NONE,4.5,0.0,NONE
1780023546.34,102.8,91.4,31.8,1476.0,35.0,13.8,32.2,59.9,31.8,-0.1,optimal,optimal,optimal,optimal,optimal,optimal,↓ decreasing,↑ increasing,→ stable,99.6,✅ EXCELLENT,False,NONE,4.7,0.0,NONE
1780023547.341,100.6,90.8,32.0,1470.0,35.3,13.8,32.0,60.0,31.6,0.2,optimal,optimal,optimal,optimal,optimal,optimal,↓ decreasing,↑ increasing,→ stable,99.6,✅ EXCELLENT,False,NONE,4.3,0.0,NONE
1780023548.342,97.5,90.8,32.0,1468.0,35.0,13.75,32.2,60.3,31.8,-0.1,optimal,optimal,optimal,optimal,optimal,optimal,↓ decreasing,↑ increasing,→ stable,99.6,✅ EXCELLENT,False,NONE,4.2,0.0,NONE
1780023549.343,102.4,91.0,32.1,1540.0,35.6,13.77,32.1,60.4,32.0,0.0,optimal,optimal,optimal,optimal,optimal,optimal,↓ decreasing,↑ increasing,→ stable,99.6,✅ EXCELLENT,False,NONE,4.2,0.0,NONE
1780023550.344,102.4,90.7,31.8,1462.0,34.5,13.85,31.9,59.6,31.9,-0.4,optimal,optimal,optimal,optimal,optimal,optimal,↓ decreasing,↑ increasing,→ stable,99.6,✅ EXCELLENT,False,NONE,4.7,0.0,NONE
1780023551.345,100.1,90.8,32.1,1469.0,35.1,13.83,31.6,60.1,31.8,0.2,optimal,optimal,optimal,optimal,optimal,optimal,↓ decreasing,↑ increasing,→ stable,99.6,✅ EXCELLENT,False,NONE,4.1,0.0,NONE
1780023552.345,98.1,90.5,32.1,1501.0,34.2,13.84,32.2,59.7,31.8,-0.2,optimal,optimal,optimal,optimal,optimal,optimal,↓ decreasing,↑ increasing,→ stable,99.6,✅ EXCELLENT,False,NONE,4.1,0.0,NONE
1780023553.346,99.7,90.9,31.7,1488.0,35.5,13.85,31.8,59.7,32.3,-0.3,optimal,optimal,optimal,optimal,optimal,optimal,→ stable,↑ increasing,→ stable,99.6,✅ EXCELLENT,False,NONE,4.7,0.0,NONE
1780023554.346,102.0,88.5,31.9,1484.0,34.8,13.83,31.7,60.1,32.3,-0.2,optimal,optimal,optimal,optimal,optimal,optimal,→ stable,↑ increasing,→ stable,99.6,✅ EXCELLENT,False,NONE,4.5,1.1,NONE
1780023555.346,99.0,89.2,31.6,1452.0,35.8,13.79,32.3,59.6,31.7,-0.0,optimal,optimal,optimal,optimal,optimal,optimal,↑ increasing,↑ increasing,→ stable,99.6,✅ EXCELLENT,False,NONE,4.8,0.3,NONE
1780023556.348,101.7,89.4,31.7,1505.0,35.7,13.78,31.6,60.3,32.0,-0.1,optimal,optimal,optimal,optimal,optimal,optimal,→ stable,→ stable,→ stable,99.6,✅ EXCELLENT,False,NONE,4.8,0.2,NONE
1780023557.349,101.8,91.4,32.3,1497.0,34.6,13.79,31.6,59.7,32.2,-0.0,optimal,optimal,optimal,optimal,optimal,optimal,↑ increasing,→ stable,→ stable,99.6,✅ EXCELLENT,False,NONE,3.9,0.0,NONE
1780023558.35,97.0,90.7,31.7,1546.0,34.9,13.84,32.3,59.8,31.8,0.2,optimal,optimal,optimal,optimal,optimal,optimal,↑ increasing,→ stable,→ stable,99.6,✅ EXCELLENT,False,NONE,4.6,0.0,NONE
1780023559.35,98.6,90.1,31.8,1538.0,35.4,13.8,32.2,60.0,32.1,0.3,optimal,optimal,optimal,optimal,optimal,optimal,→ stable,→ stable,→ stable,99.6,✅ EXCELLENT,False,NONE,4.5,0.0,NONE
1780023560.351,98.9,91.1,32.1,1533.0,35.9,13.8,31.8,59.9,32.2,0.2,optimal,optimal,optimal,optimal,optimal,optimal,→ stable,→ stable,→ stable,99.6,✅ EXCELLENT,False,NONE,4.1,0.0,NONE
1780023561.352,99.9,90.6,31.9,1461.0,35.2,13.78,32.3,60.3,32.0,0.3,optimal,optimal,optimal,optimal,optimal,optimal,→ stable,→ stable,→ stable,99.6,✅ EXCELLENT,False,NONE,4.4,0.0,NONE
1780023562.353,101.6,91.1,32.0,1479.0,34.3,13.78,31.8,60.2,31.9,0.4,optimal,optimal,optimal,optimal,optimal,optimal,→ stable,↓ decreasing,→ stable,99.6,✅ EXCELLENT,False,NONE,4.4,0.0,NONE
