timestamp,speed_kmh,engine_temp_c,tire_pressure_psi,engine_rpm,oil_pressure_psi,battery_voltage_v,tire_pressure_fl_psi,tire_pressure_fr_psi,tire_pressure_rl_psi,tire_pressure_rr_psi,speed_status,temp_status,psi_status,rpm_status,oil_status,battery_status,speed_trend,temp_trend,psi_trend,overall_health,health_status,emergency,contradictions,tire_speed_risk,temp_correlation_penalty,alerts
1779688232.992,81.8,89.1,31.8,1525.0,44.9,13.78,32.3,31.7,31.8,32.1,optimal,optimal,optimal,optimal,optimal,optimal,—,—,—,99.5,✅ EXCELLENT,False,NONE,3.7,0.4,NONE
1779688233.992,77.0,90.4,32.2,1499.0,45.2,13.77,32.2,32.4,31.8,31.6,optimal,optimal,optimal,optimal,optimal,optimal,↓ decreasing,↑ increasing,→ stable,99.5,✅ EXCELLENT,False,NONE,3.1,0.0,NONE
1779688234.994,79.9,89.6,32.2,1498.0,45.6,13.82,32.3,31.7,31.9,32.2,optimal,optimal,optimal,optimal,optimal,optimal,↓ decreasing,→ stable,→ stable,99.5,✅ EXCELLENT,False,NONE,3.2,0.1,NONE
1779688235.994,77.4,91.2,32.2,1468.0,44.1,13.76,31.7,31.6,32.0,32.0,optimal,optimal,optimal,optimal,optimal,optimal,↓ decreasing,↑ increasing,→ stable,99.5,✅ EXCELLENT,False,NONE,3.1,0.0,NONE
1779688236.995,82.6,91.0,31.7,1542.0,44.2,13.8,32.3,31.8,32.2,32.3,optimal,optimal,optimal,optimal,optimal,optimal,↑ increasing,↑ increasing,→ stable,99.5,✅ EXCELLENT,False,NONE,3.9,0.0,NONE
1779688237.996,81.0,91.3,31.6,1462.0,44.1,13.8,32.4,32.3,32.1,32.0,optimal,optimal,optimal,optimal,optimal,optimal,↓ decreasing,↑ increasing,→ stable,99.5,✅ EXCELLENT,False,NONE,3.9,0.0,NONE
1779688238.997,81.8,89.6,32.2,1496.0,45.9,13.81,31.7,31.8,31.6,32.1,optimal,optimal,optimal,optimal,optimal,optimal,→ stable,→ stable,→ stable,99.5,✅ EXCELLENT,False,NONE,3.3,0.1,NONE
1779688239.999,78.7,90.3,32.3,1505.0,45.8,13.82,32.0,31.9,31.6,31.6,optimal,optimal,optimal,optimal,optimal,optimal,↓ decreasing,↑ increasing,→ stable,99.5,✅ EXCELLENT,False,NONE,3.0,0.0,NONE
1779688240.999,80.3,89.3,31.7,1455.0,45.0,13.76,31.6,32.2,32.0,32.0,optimal,optimal,optimal,optimal,optimal,optimal,↓ decreasing,→ stable,→ stable,99.5,✅ EXCELLENT,False,NONE,3.8,0.2,NONE
1779688241.999,77.5,91.0,31.8,1456.0,45.4,13.84,32.2,31.8,32.4,32.0,optimal,optimal,optimal,optimal,optimal,optimal,↓ decreasing,↑ increasing,→ stable,99.5,✅ EXCELLENT,False,NONE,3.5,0.0,NONE
1779688243.0,81.3,90.9,32.1,1506.0,44.8,13.82,32.2,31.6,32.1,31.8,optimal,optimal,optimal,optimal,optimal,optimal,→ stable,↑ increasing,→ stable,99.5,✅ EXCELLENT,False,NONE,3.4,0.0,NONE
1779688244.002,78.2,91.4,31.8,1462.0,45.0,13.8,31.6,32.0,31.8,32.2,optimal,optimal,optimal,optimal,optimal,optimal,↓ decreasing,↑ increasing,→ stable,99.5,✅ EXCELLENT,False,NONE,3.6,0.0,📈 RAPID_TEMP_RISE: Engine temperature rising quickly
1779688245.002,82.6,89.2,32.1,1453.0,44.4,13.84,32.3,32.0,32.0,31.9,optimal,optimal,optimal,optimal,optimal,optimal,↑ increasing,→ stable,→ stable,99.5,✅ EXCELLENT,False,NONE,3.4,0.3,NONE
1779688246.003,79.6,89.8,32.0,1472.0,44.6,13.85,31.8,32.0,32.0,31.7,optimal,optimal,optimal,optimal,optimal,optimal,↓ decreasing,↑ increasing,→ stable,99.5,✅ EXCELLENT,False,NONE,3.4,0.0,NONE
1779688247.004,77.6,91.1,31.6,1463.0,45.8,13.76,32.1,31.8,32.0,32.2,optimal,optimal,optimal,optimal,optimal,optimal,↓ decreasing,↑ increasing,→ stable,99.5,✅ EXCELLENT,False,NONE,3.8,0.0,NONE
1779688248.005,82.0,89.3,32.4,1462.0,44.3,13.84,32.1,31.6,32.1,31.9,optimal,optimal,optimal,optimal,optimal,optimal,→ stable,→ stable,↑ increasing,99.5,✅ EXCELLENT,False,NONE,3.0,0.2,NONE
1779688249.005,78.9,91.2,32.0,1470.0,44.8,13.81,31.9,32.1,31.6,32.2,optimal,optimal,optimal,optimal,optimal,optimal,↓ decreasing,↑ increasing,→ stable,99.5,✅ EXCELLENT,False,NONE,3.4,0.0,📈 RAPID_TEMP_RISE: Engine temperature rising quickly
1779688250.005,81.1,89.8,31.9,1533.0,45.6,13.76,32.0,31.7,31.9,32.0,optimal,optimal,optimal,optimal,optimal,optimal,↓ decreasing,↑ increasing,→ stable,99.5,✅ EXCELLENT,False,NONE,3.6,0.0,NONE
1779688251.006,79.8,91.1,32.0,1454.0,44.9,13.79,31.9,32.4,31.8,31.8,optimal,optimal,optimal,optimal,optimal,optimal,↓ decreasing,↑ increasing,→ stable,99.5,✅ EXCELLENT,False,NONE,3.4,0.0,NONE
1779688252.007,77.4,91.2,31.7,1513.0,45.3,13.81,31.7,32.0,32.2,31.8,optimal,optimal,optimal,optimal,optimal,optimal,→ stable,→ stable,→ stable,99.5,✅ EXCELLENT,False,NONE,3.6,0.0,NONE
1779688253.008,80.1,89.1,32.3,1493.0,45.9,13.78,32.2,32.3,31.8,32.2,optimal,optimal,optimal,optimal,optimal,optimal,→ stable,→ stable,→ stable,99.5,✅ EXCELLENT,False,NONE,3.1,0.4,NONE
1779688254.01,81.1,91.4,31.9,1515.0,44.1,13.85,32.2,31.9,32.1,31.7,optimal,optimal,optimal,optimal,optimal,optimal,→ stable,→ stable,→ stable,99.5,✅ EXCELLENT,False,NONE,3.6,0.0,NONE
1779688255.011,82.5,90.1,31.9,1502.0,45.4,13.76,31.8,32.0,32.2,32.2,optimal,optimal,optimal,optimal,optimal,optimal,→ stable,→ stable,→ stable,99.5,✅ EXCELLENT,False,NONE,3.7,0.0,NONE
1779688256.011,79.5,90.8,32.1,1534.0,45.9,13.77,32.3,32.1,31.8,31.6,optimal,optimal,optimal,optimal,optimal,optimal,→ stable,→ stable,→ stable,99.5,✅ EXCELLENT,False,NONE,3.3,0.0,NONE
1779688257.012,80.5,91.0,32.0,1477.0,44.8,13.8,31.7,32.3,31.9,32.0,optimal,optimal,optimal,optimal,optimal,optimal,→ stable,→ stable,→ stable,99.5,✅ EXCELLENT,False,NONE,3.5,0.0,NONE
1779688258.013,77.6,88.9,31.8,1472.0,46.0,13.79,32.4,31.8,31.7,32.2,optimal,optimal,optimal,optimal,optimal,optimal,→ stable,→ stable,→ stable,99.5,✅ EXCELLENT,False,NONE,3.5,0.6,NONE
1779688259.015,77.6,88.9,31.7,1487.0,45.1,13.81,31.9,32.3,32.1,32.3,optimal,optimal,optimal,optimal,optimal,optimal,→ stable,→ stable,→ stable,99.5,✅ EXCELLENT,False,NONE,3.7,0.6,NONE
1779688260.015,78.1,88.9,32.0,1466.0,44.9,13.84,32.1,32.2,32.2,32.3,optimal,optimal,optimal,optimal,optimal,optimal,→ stable,→ stable,→ stable,99.5,✅ EXCELLENT,False,NONE,3.3,0.6,NONE
1779688261.016,81.2,89.0,32.2,1524.0,45.6,13.84,31.6,32.2,32.1,31.8,optimal,optimal,optimal,optimal,optimal,optimal,→ stable,↓ decreasing,→ stable,99.5,✅ EXCELLENT,False,NONE,3.2,0.5,NONE
1779688262.017,79.0,90.6,31.8,1485.0,44.6,13.84,31.8,32.2,31.7,31.7,optimal,optimal,optimal,optimal,optimal,optimal,→ stable,↓ decreasing,→ stable,99.5,✅ EXCELLENT,False,NONE,3.6,0.0,NONE
1779688263.017,81.1,89.9,31.7,1452.0,44.6,13.77,32.1,31.9,32.3,32.2,optimal,optimal,optimal,optimal,optimal,optimal,→ stable,→ stable,→ stable,99.5,✅ EXCELLENT,False,NONE,3.8,0.0,NONE
1779688264.019,82.1,88.8,31.8,1511.0,45.7,13.81,31.8,31.7,32.2,32.4,optimal,optimal,optimal,optimal,optimal,optimal,→ stable,↓ decreasing,→ stable,99.5,✅ EXCELLENT,False,NONE,3.8,0.7,NONE
1779688265.019,78.0,91.0,32.0,1493.0,45.0,13.8,31.8,32.2,32.1,32.2,optimal,optimal,optimal,optimal,optimal,optimal,↓ decreasing,↓ decreasing,→ stable,99.5,✅ EXCELLENT,False,NONE,3.3,0.0,NONE
1779688266.02,79.6,90.4,32.2,1451.0,45.1,13.83,31.8,31.6,31.7,32.3,optimal,optimal,optimal,optimal,optimal,optimal,↓ decreasing,↓ decreasing,→ stable,99.5,✅ EXCELLENT,False,NONE,3.2,0.0,NONE
1779688267.02,77.4,88.9,31.7,1478.0,44.1,13.82,31.7,32.3,31.7,31.9,optimal,optimal,optimal,optimal,optimal,optimal,↓ decreasing,↓ decreasing,→ stable,99.5,✅ EXCELLENT,False,NONE,3.6,0.6,NONE
1779688268.022,77.4,89.3,32.1,1454.0,45.1,13.85,31.8,32.4,32.0,31.8,optimal,optimal,optimal,optimal,optimal,optimal,↓ decreasing,↓ decreasing,→ stable,99.5,✅ EXCELLENT,False,NONE,3.2,0.2,NONE
1779688269.022,80.1,89.8,32.1,1506.0,44.5,13.84,31.9,32.2,32.1,32.0,optimal,optimal,optimal,optimal,optimal,optimal,→ stable,↓ decreasing,→ stable,99.5,✅ EXCELLENT,False,NONE,3.3,0.0,NONE
1779688270.023,80.0,89.0,32.0,1500.0,44.1,13.81,31.7,32.0,32.0,32.1,optimal,optimal,optimal,optimal,optimal,optimal,→ stable,→ stable,→ stable,99.5,✅ EXCELLENT,False,NONE,3.4,0.5,NONE
1779688271.023,82.6,88.7,31.7,1497.0,45.3,13.77,32.4,31.7,31.8,31.9,optimal,optimal,optimal,optimal,optimal,optimal,→ stable,→ stable,→ stable,99.5,✅ EXCELLENT,False,NONE,3.9,0.8,NONE
1779688272.024,80.9,88.7,32.0,1517.0,44.1,13.84,32.1,31.9,32.3,31.7,optimal,optimal,optimal,optimal,optimal,optimal,→ stable,→ stable,→ stable,99.5,✅ EXCELLENT,False,NONE,3.5,0.8,NONE
1779688273.025,80.9,91.3,32.1,1508.0,45.5,13.78,32.2,31.8,32.2,32.0,optimal,optimal,optimal,optimal,optimal,optimal,→ stable,→ stable,→ stable,99.5,✅ EXCELLENT,False,NONE,3.4,0.0,NONE
1779688274.026,79.1,89.4,31.8,1507.0,46.0,13.85,32.3,32.4,32.2,32.0,optimal,optimal,optimal,optimal,optimal,optimal,→ stable,→ stable,→ stable,99.5,✅ EXCELLENT,False,NONE,3.6,0.2,NONE
1779688275.025,79.6,91.5,32.1,1533.0,44.5,13.83,32.3,31.9,32.3,31.8,optimal,optimal,optimal,optimal,optimal,optimal,→ stable,→ stable,→ stable,99.5,✅ EXCELLENT,False,NONE,3.3,0.0,NONE
1779688276.026,78.1,91.1,31.8,1510.0,44.4,13.77,31.7,32.1,31.8,31.6,optimal,optimal,optimal,optimal,optimal,optimal,→ stable,→ stable,→ stable,99.5,✅ EXCELLENT,False,NONE,3.6,0.0,NONE
1779688277.027,80.8,90.6,32.3,1501.0,44.2,13.81,31.8,31.6,31.9,31.8,optimal,optimal,optimal,optimal,optimal,optimal,↑ increasing,→ stable,→ stable,99.5,✅ EXCELLENT,False,NONE,3.1,0.0,NONE
1779688278.028,83.0,90.1,32.0,1523.0,45.0,13.8,32.0,31.8,31.9,31.7,optimal,optimal,optimal,optimal,optimal,optimal,↑ increasing,→ stable,→ stable,99.5,✅ EXCELLENT,False,NONE,3.6,0.0,NONE
1779688279.03,80.7,89.0,31.8,1484.0,45.7,13.83,32.1,32.0,32.2,32.1,optimal,optimal,optimal,optimal,optimal,optimal,↑ increasing,→ stable,→ stable,99.5,✅ EXCELLENT,False,NONE,3.7,0.5,NONE
1779688280.03,82.4,88.6,32.3,1457.0,45.8,13.82,31.6,31.8,32.3,32.4,optimal,optimal,optimal,optimal,optimal,optimal,↑ increasing,→ stable,→ stable,99.5,✅ EXCELLENT,False,NONE,3.2,1.0,NONE
1779688281.031,79.4,91.3,32.4,1461.0,44.1,13.79,32.3,31.9,32.2,31.9,optimal,optimal,optimal,optimal,optimal,optimal,↑ increasing,↑ increasing,→ stable,99.5,✅ EXCELLENT,False,NONE,2.9,0.0,NONE
1779688282.032,82.5,90.3,32.1,1462.0,45.0,13.8,32.0,32.3,31.8,32.3,optimal,optimal,optimal,optimal,optimal,optimal,↑ increasing,↑ increasing,→ stable,99.5,✅ EXCELLENT,False,NONE,3.4,0.0,NONE
1779688283.033,82.5,89.9,32.0,1492.0,44.1,13.8,32.3,31.7,31.7,31.9,optimal,optimal,optimal,optimal,optimal,optimal,↑ increasing,↑ increasing,→ stable,99.5,✅ EXCELLENT,False,NONE,3.5,0.0,NONE
1779688284.035,82.9,89.9,32.2,1510.0,44.2,13.78,31.6,32.1,32.1,32.3,optimal,optimal,optimal,optimal,optimal,optimal,↑ increasing,↑ increasing,→ stable,99.5,✅ EXCELLENT,False,NONE,3.3,0.0,NONE
1779688285.036,77.1,89.0,31.9,1472.0,44.8,13.81,32.2,31.7,32.0,32.2,optimal,optimal,optimal,optimal,optimal,optimal,↑ increasing,→ stable,→ stable,99.5,✅ EXCELLENT,False,NONE,3.4,0.5,NONE
1779688286.038,77.3,89.6,32.3,1531.0,45.6,13.78,31.8,32.2,31.9,32.0,optimal,optimal,optimal,optimal,optimal,optimal,↑ increasing,→ stable,→ stable,99.5,✅ EXCELLENT,False,NONE,3.0,0.1,NONE
1779688287.038,81.4,91.4,31.7,1464.0,45.5,13.78,32.2,32.0,31.7,32.1,optimal,optimal,optimal,optimal,optimal,optimal,↑ increasing,→ stable,→ stable,99.5,✅ EXCELLENT,False,NONE,3.8,0.0,NONE
1779688288.039,80.8,90.0,31.9,1462.0,45.5,13.81,32.3,31.7,32.3,31.6,optimal,optimal,optimal,optimal,optimal,optimal,→ stable,→ stable,→ stable,99.5,✅ EXCELLENT,False,NONE,3.6,0.0,NONE
1779688289.041,80.9,91.4,31.7,1535.0,44.2,13.77,31.7,31.8,32.3,32.3,optimal,optimal,optimal,optimal,optimal,optimal,→ stable,→ stable,→ stable,99.5,✅ EXCELLENT,False,NONE,3.8,0.0,NONE
1779688290.041,77.4,88.5,31.6,1462.0,44.9,13.8,31.9,32.0,32.0,31.6,optimal,optimal,optimal,optimal,optimal,optimal,↓ decreasing,→ stable,→ stable,99.5,✅ EXCELLENT,False,NONE,3.8,1.1,NONE
1779688291.043,80.3,89.3,32.1,1534.0,44.4,13.81,31.8,31.9,31.8,32.3,optimal,optimal,optimal,optimal,optimal,optimal,→ stable,→ stable,→ stable,99.5,✅ EXCELLENT,False,NONE,3.3,0.2,NONE
1779688292.044,82.8,90.3,31.6,1510.0,44.6,13.76,32.0,32.1,32.0,32.2,optimal,optimal,optimal,optimal,optimal,optimal,→ stable,→ stable,→ stable,99.5,✅ EXCELLENT,False,NONE,4.0,0.0,NONE
1779688293.044,80.2,90.3,31.9,1458.0,44.5,13.79,32.2,32.3,32.3,32.2,optimal,optimal,optimal,optimal,optimal,optimal,↓ decreasing,→ stable,→ stable,99.5,✅ EXCELLENT,False,NONE,3.6,0.0,NONE
1779688294.044,80.2,90.5,31.9,1531.0,44.9,13.79,31.7,32.2,32.4,31.9,optimal,optimal,optimal,optimal,optimal,optimal,↓ decreasing,→ stable,→ stable,99.5,✅ EXCELLENT,False,NONE,3.6,0.0,NONE
1779688295.045,81.7,90.1,31.9,1487.0,45.5,13.84,32.2,32.2,32.0,32.2,optimal,optimal,optimal,optimal,optimal,optimal,↓ decreasing,→ stable,→ stable,99.5,✅ EXCELLENT,False,NONE,3.6,0.0,NONE
1779688296.047,77.9,89.8,32.3,1544.0,45.4,13.83,31.7,31.7,32.3,32.3,optimal,optimal,optimal,optimal,optimal,optimal,→ stable,→ stable,→ stable,99.5,✅ EXCELLENT,False,NONE,3.0,0.0,NONE
1779688297.047,80.9,90.9,32.3,1496.0,46.0,13.78,32.0,31.7,31.8,31.9,optimal,optimal,optimal,optimal,optimal,optimal,↓ decreasing,→ stable,→ stable,99.5,✅ EXCELLENT,False,NONE,3.1,0.0,NONE
1779688298.047,81.6,90.2,32.2,1475.0,46.0,13.76,32.2,32.1,31.9,31.7,optimal,optimal,optimal,optimal,optimal,optimal,→ stable,→ stable,→ stable,99.5,✅ EXCELLENT,False,NONE,3.3,0.0,NONE
1779688299.048,82.1,89.5,31.9,1549.0,44.6,13.78,31.7,32.1,31.7,32.0,optimal,optimal,optimal,optimal,optimal,optimal,→ stable,→ stable,→ stable,99.5,✅ EXCELLENT,False,NONE,3.6,0.1,NONE
1779688300.048,81.2,90.3,32.2,1490.0,44.0,13.78,31.7,31.9,32.0,31.9,optimal,optimal,optimal,optimal,optimal,optimal,↑ increasing,→ stable,→ stable,99.5,✅ EXCELLENT,False,NONE,3.2,0.0,NONE
1779688301.049,78.8,90.8,32.4,1466.0,44.6,13.77,31.8,31.7,31.7,32.1,optimal,optimal,optimal,optimal,optimal,optimal,→ stable,→ stable,→ stable,99.5,✅ EXCELLENT,False,NONE,2.9,0.0,NONE
1779688302.05,77.9,88.9,32.3,1518.0,45.0,13.83,32.2,32.0,32.3,32.3,optimal,optimal,optimal,optimal,optimal,optimal,→ stable,→ stable,→ stable,99.5,✅ EXCELLENT,False,NONE,3.0,0.6,NONE
1779688303.05,82.4,89.9,32.1,1546.0,44.1,13.8,32.1,32.2,31.8,31.9,optimal,optimal,optimal,optimal,optimal,optimal,→ stable,→ stable,→ stable,99.5,✅ EXCELLENT,False,NONE,3.4,0.0,NONE
1779688304.051,80.4,88.5,31.9,1483.0,45.5,13.84,31.8,31.8,31.9,31.7,optimal,optimal,optimal,optimal,optimal,optimal,↑ increasing,→ stable,→ stable,99.5,✅ EXCELLENT,False,NONE,3.6,1.1,NONE
1779688305.051,79.6,88.6,32.2,1504.0,45.1,13.81,32.0,32.2,32.0,32.3,optimal,optimal,optimal,optimal,optimal,optimal,→ stable,→ stable,→ stable,99.5,✅ EXCELLENT,False,NONE,3.2,1.0,NONE
1779688306.052,82.9,91.4,32.3,1459.0,45.4,13.82,32.0,31.8,32.2,31.6,optimal,optimal,optimal,optimal,optimal,optimal,→ stable,→ stable,→ stable,99.5,✅ EXCELLENT,False,NONE,3.2,0.0,NONE
1779688307.054,77.2,89.0,32.2,1476.0,44.2,13.8,32.3,31.6,32.3,31.8,optimal,optimal,optimal,optimal,optimal,optimal,→ stable,→ stable,→ stable,99.5,✅ EXCELLENT,False,NONE,3.1,0.5,NONE
1779688308.054,79.6,90.1,31.9,1476.0,44.1,13.8,32.2,32.4,31.8,31.9,optimal,optimal,optimal,optimal,optimal,optimal,→ stable,→ stable,→ stable,99.5,✅ EXCELLENT,False,NONE,3.5,0.0,NONE
1779688309.055,80.2,89.2,31.8,1477.0,44.1,13.82,31.9,31.9,31.6,31.8,optimal,optimal,optimal,optimal,optimal,optimal,→ stable,→ stable,→ stable,99.5,✅ EXCELLENT,False,NONE,3.7,0.3,NONE
1779688310.055,78.8,90.9,32.2,1471.0,44.0,13.77,32.1,32.2,32.3,32.1,optimal,optimal,optimal,optimal,optimal,optimal,↓ decreasing,→ stable,→ stable,99.5,✅ EXCELLENT,False,NONE,3.2,0.0,NONE
1779688311.056,77.8,89.0,32.2,1463.0,45.3,13.76,32.3,31.6,32.0,32.2,optimal,optimal,optimal,optimal,optimal,optimal,↓ decreasing,↓ decreasing,→ stable,99.5,✅ EXCELLENT,False,NONE,3.1,0.5,NONE
1779688312.057,82.9,91.3,31.7,1488.0,44.7,13.79,32.1,32.0,32.1,32.1,optimal,optimal,optimal,optimal,optimal,optimal,→ stable,→ stable,→ stable,99.5,✅ EXCELLENT,False,NONE,3.9,0.0,NONE
1779688313.058,82.6,88.7,32.2,1470.0,44.8,13.75,32.2,32.1,32.0,32.1,optimal,optimal,optimal,optimal,optimal,optimal,→ stable,→ stable,→ stable,99.5,✅ EXCELLENT,False,NONE,3.3,0.8,NONE
1779688314.059,78.8,91.0,31.9,1480.0,45.9,13.84,31.9,31.8,32.3,32.0,optimal,optimal,optimal,optimal,optimal,optimal,→ stable,→ stable,→ stable,99.5,✅ EXCELLENT,False,NONE,3.5,0.0,NONE
1779688315.059,82.3,89.9,31.8,1502.0,45.9,13.81,32.0,32.2,31.7,31.8,optimal,optimal,optimal,optimal,optimal,optimal,→ stable,→ stable,→ stable,99.5,✅ EXCELLENT,False,NONE,3.8,0.0,NONE
1779688316.059,77.2,88.8,31.9,1517.0,45.1,13.8,31.7,32.4,31.6,32.2,optimal,optimal,optimal,optimal,optimal,optimal,↓ decreasing,→ stable,→ stable,99.5,✅ EXCELLENT,False,NONE,3.4,0.7,NONE
1779688317.061,80.6,89.4,32.3,1466.0,45.2,13.81,32.1,31.7,32.0,31.7,optimal,optimal,optimal,optimal,optimal,optimal,→ stable,→ stable,→ stable,99.5,✅ EXCELLENT,False,NONE,3.1,0.2,NONE
1779688318.062,79.3,89.1,32.1,1493.0,44.8,13.8,31.8,31.8,32.0,31.7,optimal,optimal,optimal,optimal,optimal,optimal,→ stable,→ stable,→ stable,99.5,✅ EXCELLENT,False,NONE,3.3,0.4,NONE
1779688319.062,81.2,90.7,31.8,1461.0,46.0,13.76,31.8,32.1,31.6,31.9,optimal,optimal,optimal,optimal,optimal,optimal,→ stable,→ stable,→ stable,99.5,✅ EXCELLENT,False,NONE,3.7,0.0,NONE
1779688320.065,78.9,91.1,32.4,1531.0,45.2,13.79,31.7,31.7,32.2,31.7,optimal,optimal,optimal,optimal,optimal,optimal,→ stable,→ stable,→ stable,99.5,✅ EXCELLENT,False,NONE,2.9,0.0,NONE
1779688321.065,77.5,89.8,32.1,1537.0,45.2,13.83,32.4,31.7,31.8,32.1,optimal,optimal,optimal,optimal,optimal,optimal,→ stable,→ stable,→ stable,99.5,✅ EXCELLENT,False,NONE,3.2,0.0,NONE
1779688322.066,81.9,88.6,32.1,1468.0,44.9,13.76,32.1,32.3,31.7,32.3,optimal,optimal,optimal,optimal,optimal,optimal,→ stable,→ stable,→ stable,99.5,✅ EXCELLENT,False,NONE,3.4,1.0,NONE
1779688323.068,80.9,89.4,31.8,1471.0,45.5,13.81,32.0,31.9,32.4,32.2,optimal,optimal,optimal,optimal,optimal,optimal,→ stable,→ stable,→ stable,99.5,✅ EXCELLENT,False,NONE,3.7,0.2,NONE
1779688324.068,77.5,91.5,31.8,1486.0,44.7,13.82,32.0,31.7,31.7,31.6,optimal,optimal,optimal,optimal,optimal,optimal,→ stable,→ stable,→ stable,99.5,✅ EXCELLENT,False,NONE,3.5,0.0,NONE
1779688325.068,80.1,90.6,31.8,1457.0,44.9,13.79,32.1,32.2,31.9,32.3,optimal,optimal,optimal,optimal,optimal,optimal,↓ decreasing,→ stable,→ stable,99.5,✅ EXCELLENT,False,NONE,3.7,0.0,NONE
1779688326.069,77.7,89.7,31.9,1549.0,44.0,13.76,31.7,31.8,32.3,31.7,optimal,optimal,optimal,optimal,optimal,optimal,→ stable,→ stable,→ stable,99.5,✅ EXCELLENT,False,NONE,3.4,0.0,NONE
1779688327.069,77.9,88.8,32.1,1538.0,45.6,13.82,32.2,31.9,32.1,31.8,optimal,optimal,optimal,optimal,optimal,optimal,↓ decreasing,→ stable,→ stable,99.5,✅ EXCELLENT,False,NONE,3.2,0.7,NONE
1779688328.069,79.0,90.3,31.7,1548.0,45.0,13.81,32.3,32.0,32.1,31.8,optimal,optimal,optimal,optimal,optimal,optimal,↓ decreasing,→ stable,→ stable,99.5,✅ EXCELLENT,False,NONE,3.7,0.0,NONE
1779688329.071,78.3,90.0,31.8,1525.0,45.2,13.83,31.8,32.1,32.2,31.6,optimal,optimal,optimal,optimal,optimal,optimal,↓ decreasing,→ stable,→ stable,99.5,✅ EXCELLENT,False,NONE,3.6,0.0,NONE
1779688330.073,79.8,90.4,32.2,1531.0,44.5,13.84,31.8,31.6,32.3,32.0,optimal,optimal,optimal,optimal,optimal,optimal,↓ decreasing,→ stable,→ stable,99.5,✅ EXCELLENT,False,NONE,3.2,0.0,NONE
1779688331.073,79.0,88.8,32.3,1531.0,45.7,13.79,32.3,31.7,31.9,31.9,optimal,optimal,optimal,optimal,optimal,optimal,↓ decreasing,→ stable,→ stable,99.5,✅ EXCELLENT,False,NONE,3.0,0.7,NONE
1779688332.073,78.2,89.6,32.3,1528.0,44.9,13.77,32.1,31.9,32.2,32.0,optimal,optimal,optimal,optimal,optimal,optimal,↓ decreasing,→ stable,→ stable,99.5,✅ EXCELLENT,False,NONE,3.0,0.1,NONE
1779688333.074,82.5,90.4,32.2,1530.0,45.6,13.83,32.0,32.3,31.9,32.2,optimal,optimal,optimal,optimal,optimal,optimal,↓ decreasing,→ stable,→ stable,99.5,✅ EXCELLENT,False,NONE,3.3,0.0,NONE
1779688334.075,81.1,89.4,32.3,1545.0,44.6,13.79,31.9,31.7,31.7,31.7,optimal,optimal,optimal,optimal,optimal,optimal,→ stable,→ stable,→ stable,99.5,✅ EXCELLENT,False,NONE,3.1,0.2,NONE
1779688335.076,80.3,89.2,32.2,1500.0,44.4,13.78,32.1,31.9,31.9,31.6,optimal,optimal,optimal,optimal,optimal,optimal,→ stable,→ stable,→ stable,99.5,✅ EXCELLENT,False,NONE,3.2,0.3,NONE
1779688336.076,80.1,91.2,31.9,1481.0,44.1,13.81,32.0,31.6,31.9,32.3,optimal,optimal,optimal,optimal,optimal,optimal,→ stable,→ stable,→ stable,99.5,✅ EXCELLENT,False,NONE,3.5,0.0,NONE
1779688337.076,80.9,90.5,31.7,1473.0,45.1,13.75,31.8,31.7,31.9,31.7,optimal,optimal,optimal,optimal,optimal,optimal,↑ increasing,→ stable,→ stable,99.5,✅ EXCELLENT,False,NONE,3.8,0.0,NONE
1779688338.077,81.6,90.6,31.7,1516.0,44.9,13.82,32.0,32.1,31.8,32.2,optimal,optimal,optimal,optimal,optimal,optimal,↑ increasing,→ stable,→ stable,99.5,✅ EXCELLENT,False,NONE,3.8,0.0,NONE
1779688339.077,83.0,89.1,32.3,1530.0,44.4,13.82,32.3,32.0,32.0,31.8,optimal,optimal,optimal,optimal,optimal,optimal,↑ increasing,→ stable,→ stable,99.5,✅ EXCELLENT,False,NONE,3.2,0.4,NONE
1779688340.077,81.5,89.4,32.3,1511.0,44.7,13.76,32.3,31.8,31.6,32.0,optimal,optimal,optimal,optimal,optimal,optimal,↑ increasing,→ stable,→ stable,99.5,✅ EXCELLENT,False,NONE,3.1,0.2,NONE
1779688341.078,81.5,90.0,32.0,1516.0,44.6,13.77,32.0,32.1,32.1,32.4,optimal,optimal,optimal,optimal,optimal,optimal,↑ increasing,→ stable,→ stable,99.5,✅ EXCELLENT,False,NONE,3.5,0.0,NONE
1779688342.079,80.2,90.3,31.7,1456.0,45.1,13.85,32.3,31.7,31.7,31.7,optimal,optimal,optimal,optimal,optimal,optimal,↑ increasing,→ stable,→ stable,99.5,✅ EXCELLENT,False,NONE,3.8,0.0,NONE
1779688343.08,83.0,89.9,32.3,1522.0,45.7,13.84,32.2,32.4,32.3,31.7,optimal,optimal,optimal,optimal,optimal,optimal,↑ increasing,→ stable,→ stable,99.5,✅ EXCELLENT,False,NONE,3.2,0.0,NONE
1779688344.08,80.4,90.3,32.2,1537.0,45.1,13.83,32.3,31.9,32.3,32.1,optimal,optimal,optimal,optimal,optimal,optimal,↑ increasing,→ stable,→ stable,99.5,✅ EXCELLENT,False,NONE,3.2,0.0,NONE
1779688345.082,77.9,90.2,32.1,1509.0,44.3,13.77,31.7,31.9,31.6,32.2,optimal,optimal,optimal,optimal,optimal,optimal,↑ increasing,→ stable,→ stable,99.5,✅ EXCELLENT,False,NONE,3.2,0.0,NONE
1779688346.083,82.0,89.9,31.6,1460.0,45.2,13.77,31.8,31.8,32.2,31.9,optimal,optimal,optimal,optimal,optimal,optimal,↑ increasing,→ stable,→ stable,99.5,✅ EXCELLENT,False,NONE,4.0,0.0,NONE
1779688347.083,82.0,89.8,32.0,1530.0,45.3,13.79,31.8,31.8,32.1,32.3,optimal,optimal,optimal,optimal,optimal,optimal,↑ increasing,→ stable,→ stable,99.5,✅ EXCELLENT,False,NONE,3.5,0.0,NONE
1779688348.084,78.7,90.3,31.7,1496.0,45.7,13.83,31.6,31.8,32.0,31.6,optimal,optimal,optimal,optimal,optimal,optimal,↑ increasing,→ stable,→ stable,99.5,✅ EXCELLENT,False,NONE,3.7,0.0,NONE
1779688349.085,77.1,89.8,32.1,1543.0,45.6,13.75,31.9,31.9,31.6,32.1,optimal,optimal,optimal,optimal,optimal,optimal,→ stable,→ stable,→ stable,99.5,✅ EXCELLENT,False,NONE,3.2,0.0,NONE
1779688350.085,78.1,90.4,32.2,1489.0,44.7,13.8,32.2,31.9,32.0,32.2,optimal,optimal,optimal,optimal,optimal,optimal,↓ decreasing,→ stable,→ stable,99.5,✅ EXCELLENT,False,NONE,3.1,0.0,NONE
1779688351.086,79.4,90.1,32.3,1526.0,45.1,13.76,31.9,32.0,32.1,32.4,optimal,optimal,optimal,optimal,optimal,optimal,↓ decreasing,→ stable,→ stable,99.5,✅ EXCELLENT,False,NONE,3.1,0.0,NONE
1779688352.086,80.7,89.4,32.1,1455.0,45.7,13.77,31.9,32.2,32.1,31.6,optimal,optimal,optimal,optimal,optimal,optimal,↓ decreasing,→ stable,→ stable,99.5,✅ EXCELLENT,False,NONE,3.3,0.2,NONE
1779688353.087,77.2,89.7,32.1,1533.0,45.9,13.76,31.7,32.0,32.2,31.8,optimal,optimal,optimal,optimal,optimal,optimal,↓ decreasing,→ stable,→ stable,99.5,✅ EXCELLENT,False,NONE,3.2,0.0,NONE
1779688354.087,82.6,88.6,32.2,1489.0,44.9,13.75,32.1,32.0,31.8,31.7,optimal,optimal,optimal,optimal,optimal,optimal,↓ decreasing,→ stable,→ stable,99.5,✅ EXCELLENT,False,NONE,3.3,1.0,NONE
1779688355.087,82.7,89.9,32.0,1534.0,44.4,13.77,31.6,31.8,32.3,32.2,optimal,optimal,optimal,optimal,optimal,optimal,↓ decreasing,→ stable,→ stable,99.5,✅ EXCELLENT,False,NONE,3.5,0.0,NONE
1779688356.088,82.0,89.6,32.3,1490.0,44.2,13.83,31.9,31.7,31.6,31.7,optimal,optimal,optimal,optimal,optimal,optimal,↓ decreasing,→ stable,→ stable,99.5,✅ EXCELLENT,False,NONE,3.2,0.1,NONE
1779688357.09,79.3,88.9,31.8,1544.0,44.1,13.8,31.8,32.2,31.7,31.9,optimal,optimal,optimal,optimal,optimal,optimal,↓ decreasing,→ stable,→ stable,99.5,✅ EXCELLENT,False,NONE,3.6,0.6,NONE
1779688358.09,79.6,88.6,32.0,1482.0,45.4,13.83,32.2,31.9,32.4,32.0,optimal,optimal,optimal,optimal,optimal,optimal,↓ decreasing,→ stable,→ stable,99.5,✅ EXCELLENT,False,NONE,3.4,1.0,NONE
1779688359.092,79.7,88.9,32.1,1534.0,45.2,13.82,32.1,31.6,32.4,32.0,optimal,optimal,optimal,optimal,optimal,optimal,→ stable,↓ decreasing,→ stable,99.5,✅ EXCELLENT,False,NONE,3.3,0.6,NONE
1779688360.092,80.7,90.7,31.8,1516.0,44.0,13.77,32.2,32.2,32.2,31.6,optimal,optimal,optimal,optimal,optimal,optimal,→ stable,↓ decreasing,→ stable,99.5,✅ EXCELLENT,False,NONE,3.7,0.0,NONE
1779688361.092,78.4,90.6,32.1,1517.0,45.0,13.81,31.6,31.9,32.1,32.0,optimal,optimal,optimal,optimal,optimal,optimal,→ stable,↓ decreasing,→ stable,99.5,✅ EXCELLENT,False,NONE,3.2,0.0,NONE
1779688362.094,77.5,90.7,31.8,1533.0,45.8,13.75,32.1,31.9,32.3,31.9,optimal,optimal,optimal,optimal,optimal,optimal,→ stable,→ stable,→ stable,99.5,✅ EXCELLENT,False,NONE,3.5,0.0,NONE
1779688363.094,77.9,90.1,32.3,1486.0,45.1,13.75,31.9,32.1,31.6,32.1,optimal,optimal,optimal,optimal,optimal,optimal,↑ increasing,→ stable,→ stable,99.5,✅ EXCELLENT,False,NONE,3.0,0.0,NONE
1779688364.094,82.1,89.5,31.7,1457.0,45.5,13.81,32.0,31.6,32.1,32.3,optimal,optimal,optimal,optimal,optimal,optimal,→ stable,→ stable,→ stable,99.5,✅ EXCELLENT,False,NONE,3.9,0.1,NONE
1779688365.095,80.9,89.5,31.7,1468.0,45.7,13.76,32.4,32.1,31.6,32.0,optimal,optimal,optimal,optimal,optimal,optimal,→ stable,→ stable,→ stable,99.5,✅ EXCELLENT,False,NONE,3.8,0.1,NONE
1779688366.096,82.6,89.8,32.1,1458.0,44.9,13.82,31.8,32.2,32.2,31.7,optimal,optimal,optimal,optimal,optimal,optimal,→ stable,→ stable,→ stable,99.5,✅ EXCELLENT,False,NONE,3.4,0.0,NONE
1779688367.097,81.0,89.7,31.6,1503.0,45.2,13.78,32.2,31.6,32.4,32.3,optimal,optimal,optimal,optimal,optimal,optimal,→ stable,→ stable,→ stable,99.5,✅ EXCELLENT,False,NONE,3.9,0.0,NONE
1779688368.098,82.6,89.1,32.1,1463.0,44.4,13.78,31.7,32.1,32.4,32.1,optimal,optimal,optimal,optimal,optimal,optimal,→ stable,→ stable,→ stable,99.5,✅ EXCELLENT,False,NONE,3.4,0.4,NONE
1779688369.098,78.1,88.8,32.0,1521.0,46.0,13.84,32.3,31.6,32.1,31.7,optimal,optimal,optimal,optimal,optimal,optimal,→ stable,→ stable,→ stable,99.5,✅ EXCELLENT,False,NONE,3.3,0.7,NONE
1779688370.098,81.8,89.5,32.2,1481.0,45.4,13.81,32.2,32.2,32.3,32.4,optimal,optimal,optimal,optimal,optimal,optimal,→ stable,→ stable,→ stable,99.5,✅ EXCELLENT,False,NONE,3.3,0.1,NONE
1779688371.099,77.9,88.6,32.1,1465.0,45.5,13.79,32.4,32.3,32.0,31.8,optimal,optimal,optimal,optimal,optimal,optimal,→ stable,→ stable,→ stable,99.5,✅ EXCELLENT,False,NONE,3.2,1.0,NONE
1779688372.1,78.7,90.9,31.7,1462.0,45.1,13.84,32.0,32.4,32.1,32.2,optimal,optimal,optimal,optimal,optimal,optimal,→ stable,→ stable,→ stable,99.5,✅ EXCELLENT,False,NONE,3.7,0.0,NONE
1779688373.101,80.0,88.8,31.7,1454.0,44.7,13.84,32.3,32.4,31.9,32.2,optimal,optimal,optimal,optimal,optimal,optimal,↑ increasing,→ stable,→ stable,99.5,✅ EXCELLENT,False,NONE,3.8,0.7,NONE
1779688374.101,78.3,88.9,32.4,1519.0,44.3,13.77,32.4,32.2,31.7,31.9,optimal,optimal,optimal,optimal,optimal,optimal,→ stable,→ stable,→ stable,99.5,✅ EXCELLENT,False,NONE,2.9,0.6,NONE
1779688375.101,82.2,90.5,32.1,1518.0,44.1,13.78,31.7,32.1,31.8,32.3,optimal,optimal,optimal,optimal,optimal,optimal,↑ increasing,→ stable,→ stable,99.5,✅ EXCELLENT,False,NONE,3.4,0.0,NONE
1779688376.102,79.6,89.7,32.0,1460.0,44.7,13.84,32.3,32.1,32.0,31.7,optimal,optimal,optimal,optimal,optimal,optimal,→ stable,→ stable,→ stable,99.5,✅ EXCELLENT,False,NONE,3.4,0.0,NONE
1779688377.103,82.1,90.9,32.1,1514.0,44.2,13.83,31.7,32.4,31.7,32.3,optimal,optimal,optimal,optimal,optimal,optimal,→ stable,→ stable,→ stable,99.5,✅ EXCELLENT,False,NONE,3.4,0.0,NONE
1779688378.103,79.4,91.4,31.7,1465.0,45.5,13.83,32.3,32.4,32.2,32.2,optimal,optimal,optimal,optimal,optimal,optimal,↓ decreasing,→ stable,→ stable,99.5,✅ EXCELLENT,False,NONE,3.7,0.0,NONE
1779688379.103,78.2,89.0,31.7,1509.0,45.2,13.78,31.6,32.1,32.3,31.9,optimal,optimal,optimal,optimal,optimal,optimal,→ stable,→ stable,→ stable,99.5,✅ EXCELLENT,False,NONE,3.7,0.5,NONE
1779688380.104,77.4,90.3,31.9,1464.0,45.5,13.76,32.0,32.1,32.3,31.9,optimal,optimal,optimal,optimal,optimal,optimal,↓ decreasing,→ stable,→ stable,99.5,✅ EXCELLENT,False,NONE,3.4,0.0,NONE
1779688381.104,77.6,89.8,31.8,1471.0,46.0,13.82,31.6,31.7,32.3,31.9,optimal,optimal,optimal,optimal,optimal,optimal,↓ decreasing,→ stable,→ stable,99.5,✅ EXCELLENT,False,NONE,3.5,0.0,NONE
1779688382.105,80.7,89.6,32.2,1522.0,45.6,13.81,32.2,32.0,31.7,32.3,optimal,optimal,optimal,optimal,optimal,optimal,↓ decreasing,→ stable,→ stable,99.5,✅ EXCELLENT,False,NONE,3.2,0.1,NONE
1779688383.107,80.8,90.4,32.3,1546.0,45.1,13.85,31.7,31.7,32.2,31.7,optimal,optimal,optimal,optimal,optimal,optimal,↓ decreasing,↑ increasing,→ stable,99.5,✅ EXCELLENT,False,NONE,3.1,0.0,NONE
1779688384.107,83.0,90.8,31.8,1524.0,44.1,13.84,32.1,31.6,32.3,31.9,optimal,optimal,optimal,optimal,optimal,optimal,→ stable,↑ increasing,→ stable,99.5,✅ EXCELLENT,False,NONE,3.8,0.0,NONE
1779688385.107,80.9,90.7,32.1,1465.0,45.0,13.83,31.6,31.8,31.9,31.8,optimal,optimal,optimal,optimal,optimal,optimal,→ stable,↑ increasing,→ stable,99.5,✅ EXCELLENT,False,NONE,3.4,0.0,NONE
1779688386.108,81.6,91.0,32.3,1547.0,45.2,13.78,32.1,32.2,32.2,32.4,optimal,optimal,optimal,optimal,optimal,optimal,→ stable,↑ increasing,→ stable,99.5,✅ EXCELLENT,False,NONE,3.1,0.0,NONE
1779688387.109,79.9,89.2,32.1,1471.0,44.6,13.85,32.2,31.6,31.9,32.1,optimal,optimal,optimal,optimal,optimal,optimal,→ stable,↑ increasing,→ stable,99.5,✅ EXCELLENT,False,NONE,3.3,0.3,NONE
1779688388.11,80.2,88.6,31.9,1453.0,45.8,13.75,32.0,31.8,31.9,31.7,optimal,optimal,optimal,optimal,optimal,optimal,→ stable,→ stable,→ stable,99.5,✅ EXCELLENT,False,NONE,3.6,1.0,NONE
1779688389.111,82.4,91.2,31.8,1504.0,44.4,13.78,31.8,31.7,31.7,31.9,optimal,optimal,optimal,optimal,optimal,optimal,↑ increasing,→ stable,→ stable,99.5,✅ EXCELLENT,False,NONE,3.8,0.0,NONE
1779688390.111,80.5,89.4,32.4,1454.0,45.0,13.75,31.9,32.2,31.9,31.9,optimal,optimal,optimal,optimal,optimal,optimal,↑ increasing,→ stable,→ stable,99.5,✅ EXCELLENT,False,NONE,3.0,0.2,NONE
1779688391.112,82.8,90.1,31.8,1530.0,45.1,13.77,31.8,32.3,32.0,32.4,optimal,optimal,optimal,optimal,optimal,optimal,↑ increasing,→ stable,→ stable,99.5,✅ EXCELLENT,False,NONE,3.8,0.0,NONE
1779688392.112,78.6,88.5,32.1,1532.0,44.5,13.81,31.9,31.9,31.6,32.3,optimal,optimal,optimal,optimal,optimal,optimal,↑ increasing,→ stable,→ stable,99.5,✅ EXCELLENT,False,NONE,3.3,1.1,NONE
1779688393.112,77.0,89.8,32.4,1511.0,45.6,13.84,32.2,32.1,32.1,32.3,optimal,optimal,optimal,optimal,optimal,optimal,↑ increasing,→ stable,→ stable,99.5,✅ EXCELLENT,False,NONE,2.9,0.0,NONE
1779688394.113,77.1,91.0,32.1,1457.0,45.7,13.83,32.1,31.7,32.4,31.8,optimal,optimal,optimal,optimal,optimal,optimal,→ stable,→ stable,→ stable,99.5,✅ EXCELLENT,False,NONE,3.2,0.0,NONE
1779688395.115,82.2,88.7,31.6,1504.0,44.4,13.84,32.3,31.6,31.8,32.3,optimal,optimal,optimal,optimal,optimal,optimal,→ stable,↓ decreasing,→ stable,99.5,✅ EXCELLENT,False,NONE,4.0,0.8,NONE
1779688396.116,77.0,91.2,32.3,1508.0,44.6,13.81,31.6,32.3,32.4,31.6,optimal,optimal,optimal,optimal,optimal,optimal,→ stable,↓ decreasing,→ stable,99.5,✅ EXCELLENT,False,NONE,3.0,0.0,NONE
1779688397.117,82.7,89.3,32.2,1455.0,45.6,13.83,31.9,32.0,32.4,31.8,optimal,optimal,optimal,optimal,optimal,optimal,→ stable,→ stable,→ stable,99.5,✅ EXCELLENT,False,NONE,3.3,0.2,NONE
1779688398.117,82.6,91.2,31.6,1498.0,45.0,13.77,31.9,32.3,32.2,31.8,optimal,optimal,optimal,optimal,optimal,optimal,→ stable,→ stable,→ stable,99.5,✅ EXCELLENT,False,NONE,4.0,0.0,NONE
1779688399.118,78.8,90.9,32.0,1517.0,44.9,13.79,32.3,31.7,32.1,32.1,optimal,optimal,optimal,optimal,optimal,optimal,↓ decreasing,→ stable,→ stable,99.5,✅ EXCELLENT,False,NONE,3.4,0.0,NONE
1779688400.119,83.0,89.6,32.0,1527.0,45.6,13.77,32.0,31.7,31.7,32.1,optimal,optimal,optimal,optimal,optimal,optimal,↓ decreasing,→ stable,→ stable,99.5,✅ EXCELLENT,False,NONE,3.6,0.1,NONE
1779688401.12,80.9,89.0,32.1,1481.0,44.3,13.84,31.8,31.8,32.0,32.1,optimal,optimal,optimal,optimal,optimal,optimal,↓ decreasing,→ stable,→ stable,99.5,✅ EXCELLENT,False,NONE,3.4,0.5,NONE
1779688402.121,80.9,90.4,32.3,1489.0,44.1,13.81,31.7,32.1,31.8,32.2,optimal,optimal,optimal,optimal,optimal,optimal,↓ decreasing,→ stable,→ stable,99.5,✅ EXCELLENT,False,NONE,3.1,0.0,NONE
1779688403.123,82.6,90.0,31.7,1467.0,45.4,13.81,32.4,32.2,32.0,32.2,optimal,optimal,optimal,optimal,optimal,optimal,→ stable,→ stable,→ stable,99.5,✅ EXCELLENT,False,NONE,3.9,0.0,NONE
1779688404.123,80.4,90.3,31.8,1522.0,45.8,13.81,32.3,32.3,32.1,32.2,optimal,optimal,optimal,optimal,optimal,optimal,↑ increasing,→ stable,→ stable,99.5,✅ EXCELLENT,False,NONE,3.7,0.0,NONE
1779688405.125,79.3,88.6,31.9,1515.0,44.6,13.83,31.6,32.1,31.6,31.8,optimal,optimal,optimal,optimal,optimal,optimal,↑ increasing,→ stable,→ stable,99.5,✅ EXCELLENT,False,NONE,3.5,1.0,NONE
1779688406.125,80.2,88.6,31.9,1525.0,44.2,13.81,32.1,32.4,32.1,31.8,optimal,optimal,optimal,optimal,optimal,optimal,↑ increasing,→ stable,→ stable,99.5,✅ EXCELLENT,False,NONE,3.6,1.0,NONE
1779688407.125,78.8,88.6,31.9,1518.0,46.0,13.81,32.3,32.2,32.1,32.2,optimal,optimal,optimal,optimal,optimal,optimal,↑ increasing,→ stable,→ stable,99.5,✅ EXCELLENT,False,NONE,3.5,1.0,NONE
1779688408.126,79.0,91.2,32.3,1502.0,45.4,13.76,31.8,31.9,31.8,32.3,optimal,optimal,optimal,optimal,optimal,optimal,→ stable,→ stable,→ stable,99.5,✅ EXCELLENT,False,NONE,3.0,0.0,NONE
1779688409.127,77.6,88.6,32.1,1479.0,44.7,13.78,31.9,32.0,31.7,31.7,optimal,optimal,optimal,optimal,optimal,optimal,→ stable,↓ decreasing,→ stable,99.5,✅ EXCELLENT,False,NONE,3.2,1.0,NONE
1779688410.128,79.9,90.6,32.1,1517.0,44.4,13.82,31.9,32.3,32.2,32.3,optimal,optimal,optimal,optimal,optimal,optimal,→ stable,→ stable,→ stable,99.5,✅ EXCELLENT,False,NONE,3.3,0.0,NONE
1779688411.131,81.6,91.1,31.8,1471.0,44.6,13.77,31.7,32.4,32.2,32.1,optimal,optimal,optimal,optimal,optimal,optimal,→ stable,→ stable,→ stable,99.5,✅ EXCELLENT,False,NONE,3.7,0.0,NONE
1779688412.131,77.4,89.2,31.6,1533.0,44.8,13.81,31.7,31.6,31.8,31.8,optimal,optimal,optimal,optimal,optimal,optimal,↓ decreasing,→ stable,→ stable,99.5,✅ EXCELLENT,False,NONE,3.8,0.3,NONE
1779688413.133,78.8,90.7,32.0,1550.0,44.4,13.81,31.9,31.8,32.3,31.8,optimal,optimal,optimal,optimal,optimal,optimal,↓ decreasing,→ stable,→ stable,99.5,✅ EXCELLENT,False,NONE,3.4,0.0,NONE
1779688414.134,81.2,91.3,31.6,1494.0,44.5,13.85,32.3,31.6,31.9,32.3,optimal,optimal,optimal,optimal,optimal,optimal,↓ decreasing,→ stable,→ stable,99.5,✅ EXCELLENT,False,NONE,3.9,0.0,NONE
1779688415.136,82.1,88.9,32.1,1547.0,44.6,13.82,32.3,31.6,31.9,32.4,optimal,optimal,optimal,optimal,optimal,optimal,↓ decreasing,→ stable,→ stable,99.5,✅ EXCELLENT,False,NONE,3.4,0.6,NONE
1779688416.136,82.5,91.1,32.1,1516.0,45.8,13.85,32.4,32.1,31.8,31.9,optimal,optimal,optimal,optimal,optimal,optimal,↓ decreasing,→ stable,→ stable,99.5,✅ EXCELLENT,False,NONE,3.4,0.0,NONE
1779688417.136,81.8,89.7,31.7,1462.0,44.6,13.79,31.7,32.1,32.1,32.3,optimal,optimal,optimal,optimal,optimal,optimal,↓ decreasing,↑ increasing,→ stable,99.5,✅ EXCELLENT,False,NONE,3.9,0.0,NONE
1779688418.137,77.8,90.3,32.1,1505.0,45.9,13.77,31.7,32.0,31.8,31.9,optimal,optimal,optimal,optimal,optimal,optimal,→ stable,→ stable,→ stable,99.5,✅ EXCELLENT,False,NONE,3.2,0.0,NONE
1779688419.138,77.1,91.5,31.8,1525.0,45.0,13.84,31.8,32.0,31.7,31.9,optimal,optimal,optimal,optimal,optimal,optimal,→ stable,↑ increasing,→ stable,99.5,✅ EXCELLENT,False,NONE,3.5,0.0,NONE
1779688420.14,82.4,89.3,32.3,1504.0,45.3,13.77,31.7,32.1,31.8,31.9,optimal,optimal,optimal,optimal,optimal,optimal,→ stable,↑ increasing,→ stable,99.5,✅ EXCELLENT,False,NONE,3.2,0.2,NONE
1779688421.141,78.2,88.8,32.1,1535.0,44.8,13.84,32.3,31.8,31.9,32.0,optimal,optimal,optimal,optimal,optimal,optimal,→ stable,→ stable,→ stable,99.5,✅ EXCELLENT,False,NONE,3.2,0.7,NONE
1779688422.142,82.6,90.3,32.2,1526.0,44.7,13.76,32.1,32.1,31.9,32.1,optimal,optimal,optimal,optimal,optimal,optimal,↑ increasing,↑ increasing,→ stable,99.5,✅ EXCELLENT,False,NONE,3.3,0.0,NONE
1779688423.143,80.3,91.0,32.3,1529.0,45.3,13.82,32.4,31.7,31.6,31.6,optimal,optimal,optimal,optimal,optimal,optimal,↑ increasing,→ stable,→ stable,99.5,✅ EXCELLENT,False,NONE,3.1,0.0,NONE
1779688424.143,79.3,88.8,32.0,1488.0,44.8,13.81,31.7,31.9,31.7,31.8,optimal,optimal,optimal,optimal,optimal,optimal,↑ increasing,→ stable,→ stable,99.5,✅ EXCELLENT,False,NONE,3.4,0.7,NONE
1779688425.143,80.1,89.5,31.6,1487.0,44.9,13.83,31.7,32.4,32.2,32.1,optimal,optimal,optimal,optimal,optimal,optimal,↑ increasing,→ stable,→ stable,99.5,✅ EXCELLENT,False,NONE,3.9,0.1,NONE
1779688426.144,78.4,89.2,31.8,1541.0,45.5,13.81,31.9,32.1,31.9,31.9,optimal,optimal,optimal,optimal,optimal,optimal,→ stable,→ stable,→ stable,99.5,✅ EXCELLENT,False,NONE,3.6,0.3,NONE
1779688427.144,77.7,91.0,31.7,1485.0,44.1,13.85,31.6,32.1,31.7,32.4,optimal,optimal,optimal,optimal,optimal,optimal,↓ decreasing,→ stable,→ stable,99.5,✅ EXCELLENT,False,NONE,3.7,0.0,NONE
1779688428.145,78.5,90.4,31.7,1472.0,45.2,13.78,32.0,32.3,31.6,32.0,optimal,optimal,optimal,optimal,optimal,optimal,↓ decreasing,→ stable,→ stable,99.5,✅ EXCELLENT,False,NONE,3.7,0.0,NONE
1779688429.147,79.5,89.6,32.2,1524.0,45.9,13.78,32.1,32.2,31.7,31.6,optimal,optimal,optimal,optimal,optimal,optimal,→ stable,↓ decreasing,→ stable,99.5,✅ EXCELLENT,False,NONE,3.2,0.1,NONE
1779688430.147,77.7,91.3,31.7,1484.0,44.3,13.8,32.4,32.2,32.1,31.9,optimal,optimal,optimal,optimal,optimal,optimal,↓ decreasing,→ stable,→ stable,99.5,✅ EXCELLENT,False,NONE,3.7,0.0,NONE
1779688431.148,77.5,91.0,31.8,1523.0,45.7,13.79,31.6,32.0,31.9,31.6,optimal,optimal,optimal,optimal,optimal,optimal,↓ decreasing,→ stable,→ stable,99.5,✅ EXCELLENT,False,NONE,3.5,0.0,NONE
1779688432.149,78.5,90.5,32.4,1498.0,45.0,13.85,32.0,32.3,32.3,32.3,optimal,optimal,optimal,optimal,optimal,optimal,↓ decreasing,→ stable,→ stable,99.5,✅ EXCELLENT,False,NONE,2.9,0.0,NONE
1779688433.15,78.9,88.8,32.0,1513.0,45.9,13.83,32.4,32.2,31.8,31.7,optimal,optimal,optimal,optimal,optimal,optimal,↓ decreasing,→ stable,→ stable,99.5,✅ EXCELLENT,False,NONE,3.4,0.7,NONE
1779688434.151,79.9,89.3,31.8,1514.0,44.2,13.77,32.2,32.0,32.0,31.8,optimal,optimal,optimal,optimal,optimal,optimal,↓ decreasing,→ stable,→ stable,99.5,✅ EXCELLENT,False,NONE,3.7,0.2,NONE
1779688435.151,78.6,90.7,32.3,1485.0,45.4,13.85,31.9,32.1,31.9,32.3,optimal,optimal,optimal,optimal,optimal,optimal,↓ decreasing,→ stable,→ stable,99.5,✅ EXCELLENT,False,NONE,3.0,0.0,NONE
1779688436.152,77.9,90.8,32.0,1490.0,44.4,13.81,32.4,31.8,31.9,32.0,optimal,optimal,optimal,optimal,optimal,optimal,↓ decreasing,→ stable,→ stable,99.5,✅ EXCELLENT,False,NONE,3.3,0.0,NONE
1779688437.153,80.2,91.1,32.1,1533.0,44.7,13.82,31.9,31.8,32.0,31.8,optimal,optimal,optimal,optimal,optimal,optimal,↓ decreasing,→ stable,→ stable,99.5,✅ EXCELLENT,False,NONE,3.3,0.0,NONE
1779688438.154,82.9,89.5,32.4,1485.0,45.4,13.77,32.3,32.2,32.3,32.3,optimal,optimal,optimal,optimal,optimal,optimal,→ stable,→ stable,→ stable,99.5,✅ EXCELLENT,False,NONE,3.1,0.1,NONE
1779688439.155,78.1,89.5,31.9,1504.0,44.1,13.8,31.7,32.3,31.8,32.0,optimal,optimal,optimal,optimal,optimal,optimal,↓ decreasing,→ stable,→ stable,99.5,✅ EXCELLENT,False,NONE,3.5,0.1,NONE
1779688440.156,82.9,89.7,32.0,1531.0,45.3,13.78,32.3,31.7,31.7,32.2,optimal,optimal,optimal,optimal,optimal,optimal,→ stable,→ stable,→ stable,99.5,✅ EXCELLENT,False,NONE,3.6,0.0,NONE
1779688441.158,78.6,89.7,32.1,1457.0,45.7,13.78,32.2,31.9,32.0,32.0,optimal,optimal,optimal,optimal,optimal,optimal,→ stable,→ stable,→ stable,99.5,✅ EXCELLENT,False,NONE,3.3,0.0,NONE
1779688442.158,79.2,90.9,32.1,1469.0,44.9,13.8,32.0,32.2,32.4,32.0,optimal,optimal,optimal,optimal,optimal,optimal,↑ increasing,→ stable,→ stable,99.5,✅ EXCELLENT,False,NONE,3.3,0.0,NONE
1779688443.158,81.1,88.7,32.1,1474.0,45.8,13.77,32.2,32.1,32.0,32.2,optimal,optimal,optimal,optimal,optimal,optimal,↑ increasing,→ stable,→ stable,99.5,✅ EXCELLENT,False,NONE,3.4,0.8,NONE
1779688444.159,77.5,91.1,31.8,1522.0,45.8,13.75,31.9,31.8,32.3,31.7,optimal,optimal,optimal,optimal,optimal,optimal,↑ increasing,→ stable,→ stable,99.5,✅ EXCELLENT,False,NONE,3.5,0.0,NONE
1779688445.16,82.2,89.9,31.8,1547.0,45.6,13.84,31.9,32.0,31.8,32.2,optimal,optimal,optimal,optimal,optimal,optimal,↑ increasing,→ stable,→ stable,99.5,✅ EXCELLENT,False,NONE,3.8,0.0,NONE
1779688446.161,81.6,88.8,32.3,1512.0,45.6,13.85,32.0,32.0,31.7,31.9,optimal,optimal,optimal,optimal,optimal,optimal,↑ increasing,→ stable,→ stable,99.5,✅ EXCELLENT,False,NONE,3.1,0.7,NONE
1779688447.161,80.6,89.5,32.1,1481.0,45.5,13.83,32.1,31.6,32.3,32.2,optimal,optimal,optimal,optimal,optimal,optimal,↑ increasing,↓ decreasing,→ stable,99.5,✅ EXCELLENT,False,NONE,3.3,0.1,NONE
1779688448.162,77.8,89.0,32.2,1546.0,45.4,13.78,31.6,32.2,31.8,31.7,optimal,optimal,optimal,optimal,optimal,optimal,↑ increasing,↓ decreasing,→ stable,99.5,✅ EXCELLENT,False,NONE,3.1,0.5,NONE
1779688449.164,79.2,91.2,32.2,1483.0,44.8,13.76,32.3,31.9,32.1,32.1,optimal,optimal,optimal,optimal,optimal,optimal,↑ increasing,→ stable,→ stable,99.5,✅ EXCELLENT,False,NONE,3.2,0.0,NONE
1779688450.164,79.2,90.4,31.7,1481.0,45.3,13.79,31.8,31.8,31.9,32.0,optimal,optimal,optimal,optimal,optimal,optimal,→ stable,→ stable,→ stable,99.5,✅ EXCELLENT,False,NONE,3.7,0.0,NONE
1779688451.166,80.4,89.3,32.2,1503.0,44.8,13.76,32.0,32.2,31.9,32.0,optimal,optimal,optimal,optimal,optimal,optimal,→ stable,→ stable,→ stable,99.5,✅ EXCELLENT,False,NONE,3.2,0.2,NONE
1779688452.166,78.2,90.3,32.1,1509.0,45.7,13.84,31.9,32.3,32.4,32.1,optimal,optimal,optimal,optimal,optimal,optimal,→ stable,→ stable,→ stable,99.5,✅ EXCELLENT,False,NONE,3.2,0.0,NONE
1779688453.166,79.9,90.8,31.9,1528.0,45.5,13.82,31.9,31.7,31.9,31.7,optimal,optimal,optimal,optimal,optimal,optimal,→ stable,→ stable,→ stable,99.5,✅ EXCELLENT,False,NONE,3.5,0.0,NONE
1779688454.167,81.8,88.7,31.6,1529.0,44.1,13.77,32.2,31.9,32.1,31.8,optimal,optimal,optimal,optimal,optimal,optimal,→ stable,→ stable,→ stable,99.5,✅ EXCELLENT,False,NONE,4.0,0.8,NONE
1779688455.168,77.9,89.4,32.0,1452.0,44.7,13.78,31.6,31.7,31.9,31.7,optimal,optimal,optimal,optimal,optimal,optimal,→ stable,→ stable,→ stable,99.5,✅ EXCELLENT,False,NONE,3.3,0.2,NONE
1779688456.169,81.3,90.9,32.1,1550.0,44.7,13.81,31.7,32.2,32.1,32.1,optimal,optimal,optimal,optimal,optimal,optimal,↓ decreasing,→ stable,→ stable,99.5,✅ EXCELLENT,False,NONE,3.4,0.0,NONE
1779688457.169,79.5,90.9,31.8,1491.0,45.4,13.76,31.7,31.9,32.1,32.4,optimal,optimal,optimal,optimal,optimal,optimal,↓ decreasing,→ stable,→ stable,99.5,✅ EXCELLENT,False,NONE,3.6,0.0,NONE
1779688458.17,79.3,90.6,31.7,1468.0,44.4,13.8,32.2,32.1,32.0,31.7,optimal,optimal,optimal,optimal,optimal,optimal,→ stable,↑ increasing,→ stable,99.5,✅ EXCELLENT,False,NONE,3.7,0.0,NONE
1779688459.172,82.9,89.1,31.9,1516.0,45.1,13.77,32.3,32.3,32.1,31.6,optimal,optimal,optimal,optimal,optimal,optimal,→ stable,→ stable,→ stable,99.5,✅ EXCELLENT,False,NONE,3.7,0.4,NONE
1779688460.173,82.8,89.9,32.0,1500.0,44.0,13.77,31.9,32.2,31.9,32.3,optimal,optimal,optimal,optimal,optimal,optimal,↑ increasing,→ stable,→ stable,99.5,✅ EXCELLENT,False,NONE,3.5,0.0,NONE
1779688461.174,79.0,89.8,32.3,1451.0,45.3,13.78,31.9,31.6,31.7,32.2,optimal,optimal,optimal,optimal,optimal,optimal,→ stable,→ stable,→ stable,99.5,✅ EXCELLENT,False,NONE,3.0,0.0,NONE
1779688462.174,79.7,90.2,32.3,1494.0,45.8,13.78,32.1,32.0,32.1,32.1,optimal,optimal,optimal,optimal,optimal,optimal,↑ increasing,→ stable,→ stable,99.5,✅ EXCELLENT,False,NONE,3.1,0.0,NONE
1779688463.176,81.2,90.9,32.2,1453.0,45.5,13.77,32.0,32.2,31.8,31.6,optimal,optimal,optimal,optimal,optimal,optimal,↑ increasing,→ stable,→ stable,99.5,✅ EXCELLENT,False,NONE,3.2,0.0,NONE
1779688464.177,79.4,89.5,31.9,1475.0,45.9,13.81,32.0,32.2,32.2,32.2,optimal,optimal,optimal,optimal,optimal,optimal,→ stable,→ stable,→ stable,99.5,✅ EXCELLENT,False,NONE,3.5,0.1,NONE
1779688465.179,78.9,88.6,31.8,1462.0,45.9,13.84,32.1,32.2,32.4,31.9,optimal,optimal,optimal,optimal,optimal,optimal,↑ increasing,→ stable,→ stable,99.5,✅ EXCELLENT,False,NONE,3.6,1.0,NONE
1779688466.179,82.6,90.7,32.3,1470.0,44.6,13.81,32.3,31.7,32.2,31.8,optimal,optimal,optimal,optimal,optimal,optimal,↑ increasing,→ stable,→ stable,99.5,✅ EXCELLENT,False,NONE,3.2,0.0,NONE
1779688467.18,80.2,89.2,32.2,1475.0,44.5,13.77,31.9,31.6,31.8,32.0,optimal,optimal,optimal,optimal,optimal,optimal,↑ increasing,→ stable,→ stable,99.5,✅ EXCELLENT,False,NONE,3.2,0.3,NONE
1779688468.182,78.9,89.1,32.2,1484.0,45.8,13.84,32.2,31.6,32.1,32.0,optimal,optimal,optimal,optimal,optimal,optimal,↑ increasing,↓ decreasing,→ stable,99.5,✅ EXCELLENT,False,NONE,3.2,0.4,NONE
1779688469.183,82.2,88.6,31.8,1531.0,45.6,13.75,31.7,32.2,32.3,31.7,optimal,optimal,optimal,optimal,optimal,optimal,→ stable,→ stable,→ stable,99.5,✅ EXCELLENT,False,NONE,3.8,1.0,NONE
1779688470.183,82.2,88.6,32.0,1536.0,44.2,13.78,31.6,32.0,32.1,31.8,optimal,optimal,optimal,optimal,optimal,optimal,→ stable,→ stable,→ stable,99.5,✅ EXCELLENT,False,NONE,3.5,1.0,NONE
1779688471.183,82.8,91.0,32.2,1459.0,44.8,13.79,32.2,32.2,31.9,32.0,optimal,optimal,optimal,optimal,optimal,optimal,↑ increasing,→ stable,→ stable,99.5,✅ EXCELLENT,False,NONE,3.3,0.0,NONE
1779688472.184,82.9,88.9,31.7,1522.0,45.9,13.84,32.1,32.4,31.7,32.3,optimal,optimal,optimal,optimal,optimal,optimal,↑ increasing,↓ decreasing,→ stable,99.5,✅ EXCELLENT,False,NONE,3.9,0.6,NONE
1779688473.184,79.5,89.2,31.9,1523.0,45.9,13.79,31.8,31.8,32.3,31.9,optimal,optimal,optimal,optimal,optimal,optimal,→ stable,↓ decreasing,→ stable,99.5,✅ EXCELLENT,False,NONE,3.5,0.3,NONE
1779688474.184,78.0,90.7,32.3,1504.0,44.1,13.82,32.3,32.3,31.7,31.7,optimal,optimal,optimal,optimal,optimal,optimal,↑ increasing,↓ decreasing,→ stable,99.5,✅ EXCELLENT,False,NONE,3.0,0.0,NONE
1779688475.185,80.5,88.9,32.0,1488.0,44.1,13.84,31.8,31.9,31.9,32.1,optimal,optimal,optimal,optimal,optimal,optimal,↑ increasing,↓ decreasing,→ stable,99.5,✅ EXCELLENT,False,NONE,3.5,0.6,NONE
1779688476.186,77.0,89.1,31.9,1539.0,44.6,13.84,32.2,31.8,32.3,31.8,optimal,optimal,optimal,optimal,optimal,optimal,→ stable,↓ decreasing,→ stable,99.5,✅ EXCELLENT,False,NONE,3.4,0.4,NONE
1779688477.187,81.0,91.1,31.7,1467.0,44.7,13.84,32.3,32.0,32.1,31.7,optimal,optimal,optimal,optimal,optimal,optimal,→ stable,→ stable,→ stable,99.5,✅ EXCELLENT,False,NONE,3.8,0.0,NONE
1779688478.187,82.5,90.6,32.2,1459.0,44.7,13.85,31.8,31.9,32.0,32.3,optimal,optimal,optimal,optimal,optimal,optimal,→ stable,→ stable,→ stable,99.5,✅ EXCELLENT,False,NONE,3.3,0.0,NONE
1779688479.188,82.2,89.6,31.9,1489.0,45.3,13.84,32.2,32.4,32.1,32.4,optimal,optimal,optimal,optimal,optimal,optimal,→ stable,→ stable,→ stable,99.5,✅ EXCELLENT,False,NONE,3.6,0.1,NONE
1779688480.189,78.7,90.4,32.3,1455.0,44.8,13.82,32.2,32.1,31.9,32.4,optimal,optimal,optimal,optimal,optimal,optimal,→ stable,→ stable,→ stable,99.5,✅ EXCELLENT,False,NONE,3.0,0.0,NONE
1779688481.19,79.6,88.9,31.9,1522.0,45.5,13.78,32.2,32.2,32.2,31.8,optimal,optimal,optimal,optimal,optimal,optimal,↓ decreasing,→ stable,→ stable,99.5,✅ EXCELLENT,False,NONE,3.5,0.6,NONE
1779688482.191,80.5,90.8,31.7,1455.0,44.7,13.76,32.0,31.8,31.7,32.1,optimal,optimal,optimal,optimal,optimal,optimal,↓ decreasing,→ stable,→ stable,99.5,✅ EXCELLENT,False,NONE,3.8,0.0,NONE
1779688483.192,82.5,91.3,32.2,1471.0,45.2,13.79,32.2,32.3,31.6,31.7,optimal,optimal,optimal,optimal,optimal,optimal,↓ decreasing,↑ increasing,→ stable,99.5,✅ EXCELLENT,False,NONE,3.3,0.0,NONE
1779688484.194,79.6,90.3,32.0,1540.0,44.1,13.83,32.1,32.2,31.9,31.8,optimal,optimal,optimal,optimal,optimal,optimal,→ stable,↑ increasing,→ stable,99.5,✅ EXCELLENT,False,NONE,3.4,0.0,NONE
1779688485.194,81.0,89.1,31.9,1536.0,45.3,13.85,32.2,32.1,32.1,32.1,optimal,optimal,optimal,optimal,optimal,optimal,↓ decreasing,↑ increasing,→ stable,99.5,✅ EXCELLENT,False,NONE,3.6,0.4,NONE
1779688486.194,77.4,90.9,32.2,1532.0,45.8,13.8,31.9,32.1,32.3,32.0,optimal,optimal,optimal,optimal,optimal,optimal,→ stable,↑ increasing,→ stable,99.5,✅ EXCELLENT,False,NONE,3.1,0.0,NONE
1779688487.195,77.6,89.2,32.2,1467.0,44.9,13.76,31.8,32.4,32.1,31.6,optimal,optimal,optimal,optimal,optimal,optimal,→ stable,↑ increasing,→ stable,99.5,✅ EXCELLENT,False,NONE,3.1,0.3,NONE
1779688488.196,79.3,90.0,32.4,1547.0,45.8,13.77,31.8,32.4,31.6,32.2,optimal,optimal,optimal,optimal,optimal,optimal,↓ decreasing,→ stable,→ stable,99.5,✅ EXCELLENT,False,NONE,2.9,0.0,NONE
1779688489.196,78.4,89.2,32.3,1477.0,46.0,13.77,32.1,31.8,32.0,31.7,optimal,optimal,optimal,optimal,optimal,optimal,↓ decreasing,→ stable,→ stable,99.5,✅ EXCELLENT,False,NONE,3.0,0.3,NONE
1779688490.197,77.7,91.5,32.1,1534.0,45.3,13.81,32.2,32.4,31.8,32.3,optimal,optimal,optimal,optimal,optimal,optimal,↓ decreasing,→ stable,→ stable,99.5,✅ EXCELLENT,False,NONE,3.2,0.0,NONE
1779688491.197,78.6,89.7,31.6,1481.0,44.2,13.76,32.2,31.6,32.2,32.3,optimal,optimal,optimal,optimal,optimal,optimal,↓ decreasing,→ stable,→ stable,99.5,✅ EXCELLENT,False,NONE,3.8,0.0,NONE
1779688492.198,77.5,89.1,32.2,1484.0,45.8,13.76,32.1,32.2,31.8,31.7,optimal,optimal,optimal,optimal,optimal,optimal,↓ decreasing,→ stable,→ stable,99.5,✅ EXCELLENT,False,NONE,3.1,0.4,NONE
1779688493.2,77.1,89.6,31.8,1502.0,45.2,13.83,32.4,32.2,31.9,31.9,optimal,optimal,optimal,optimal,optimal,optimal,↓ decreasing,→ stable,→ stable,99.5,✅ EXCELLENT,False,NONE,3.5,0.1,NONE
1779688494.2,83.0,89.1,32.2,1487.0,45.4,13.82,31.6,31.7,32.1,32.1,optimal,optimal,optimal,optimal,optimal,optimal,↓ decreasing,→ stable,→ stable,99.5,✅ EXCELLENT,False,NONE,3.3,0.4,NONE
1779688495.202,77.9,90.3,31.8,1488.0,44.9,13.8,31.7,31.8,32.2,31.9,optimal,optimal,optimal,optimal,optimal,optimal,↓ decreasing,→ stable,→ stable,99.5,✅ EXCELLENT,False,NONE,3.6,0.0,NONE
1779688496.202,82.3,90.8,31.8,1465.0,45.4,13.83,31.7,31.9,32.2,31.8,optimal,optimal,optimal,optimal,optimal,optimal,↓ decreasing,→ stable,→ stable,99.5,✅ EXCELLENT,False,NONE,3.8,0.0,NONE
1779688497.203,80.2,89.8,31.6,1528.0,45.3,13.81,32.4,32.1,32.1,32.1,optimal,optimal,optimal,optimal,optimal,optimal,↓ decreasing,→ stable,→ stable,99.5,✅ EXCELLENT,False,NONE,3.9,0.0,NONE
1779688498.203,79.5,89.2,32.0,1484.0,45.7,13.84,32.3,32.1,31.8,32.2,optimal,optimal,optimal,optimal,optimal,optimal,↓ decreasing,→ stable,→ stable,99.5,✅ EXCELLENT,False,NONE,3.4,0.3,NONE
1779688499.205,82.2,91.1,32.0,1527.0,45.1,13.77,31.7,32.3,32.2,31.7,optimal,optimal,optimal,optimal,optimal,optimal,→ stable,→ stable,→ stable,99.5,✅ EXCELLENT,False,NONE,3.5,0.0,NONE
1779688500.205,79.5,88.5,31.8,1476.0,45.9,13.84,32.1,32.3,32.4,31.8,optimal,optimal,optimal,optimal,optimal,optimal,→ stable,→ stable,→ stable,99.5,✅ EXCELLENT,False,NONE,3.6,1.1,NONE
1779688501.205,80.0,90.5,31.9,1533.0,44.5,13.79,32.3,31.7,31.6,31.6,optimal,optimal,optimal,optimal,optimal,optimal,↑ increasing,→ stable,→ stable,99.5,✅ EXCELLENT,False,NONE,3.5,0.0,NONE
1779688502.206,79.5,90.0,32.2,1497.0,45.4,13.82,31.7,31.9,32.0,31.7,optimal,optimal,optimal,optimal,optimal,optimal,↑ increasing,→ stable,→ stable,99.5,✅ EXCELLENT,False,NONE,3.2,0.0,NONE
1779688503.207,82.4,88.9,32.4,1517.0,45.8,13.84,32.1,31.7,32.1,31.7,optimal,optimal,optimal,optimal,optimal,optimal,↑ increasing,→ stable,→ stable,99.5,✅ EXCELLENT,False,NONE,3.1,0.6,NONE
1779688504.208,79.7,90.8,31.8,1526.0,44.6,13.75,32.0,32.0,32.4,31.8,optimal,optimal,optimal,optimal,optimal,optimal,↑ increasing,→ stable,→ stable,99.5,✅ EXCELLENT,False,NONE,3.6,0.0,NONE
1779688505.209,77.1,91.2,31.8,1470.0,45.0,13.81,31.9,32.3,32.1,32.4,optimal,optimal,optimal,optimal,optimal,optimal,↑ increasing,→ stable,→ stable,99.5,✅ EXCELLENT,False,NONE,3.5,0.0,NONE
1779688506.21,79.2,91.4,32.2,1491.0,45.2,13.77,31.7,31.8,32.1,31.7,optimal,optimal,optimal,optimal,optimal,optimal,↑ increasing,→ stable,→ stable,99.5,✅ EXCELLENT,False,NONE,3.2,0.0,NONE
1779688507.212,80.1,90.0,31.9,1531.0,44.2,13.77,32.3,32.3,31.8,31.7,optimal,optimal,optimal,optimal,optimal,optimal,↑ increasing,→ stable,→ stable,99.5,✅ EXCELLENT,False,NONE,3.5,0.0,NONE
1779688508.213,80.2,89.3,32.0,1528.0,45.0,13.81,32.4,32.2,31.9,32.2,optimal,optimal,optimal,optimal,optimal,optimal,↑ increasing,→ stable,→ stable,99.5,✅ EXCELLENT,False,NONE,3.4,0.2,NONE
1779688509.214,77.3,90.6,31.9,1513.0,44.3,13.8,32.0,31.7,32.1,32.2,optimal,optimal,optimal,optimal,optimal,optimal,→ stable,→ stable,→ stable,99.5,✅ EXCELLENT,False,NONE,3.4,0.0,NONE
1779688510.215,80.7,89.9,32.2,1477.0,45.5,13.8,32.0,31.9,31.9,31.6,optimal,optimal,optimal,optimal,optimal,optimal,→ stable,↑ increasing,→ stable,99.5,✅ EXCELLENT,False,NONE,3.2,0.0,NONE
1779688511.216,82.3,90.1,31.8,1531.0,45.0,13.84,32.2,32.3,32.2,32.0,optimal,optimal,optimal,optimal,optimal,optimal,→ stable,→ stable,→ stable,99.5,✅ EXCELLENT,False,NONE,3.8,0.0,NONE
1779688512.216,81.2,89.8,31.6,1490.0,45.4,13.76,32.1,32.3,32.3,32.1,optimal,optimal,optimal,optimal,optimal,optimal,→ stable,→ stable,→ stable,99.5,✅ EXCELLENT,False,NONE,3.9,0.0,NONE
1779688513.217,81.7,90.9,31.8,1464.0,45.4,13.83,31.8,31.8,32.2,32.3,optimal,optimal,optimal,optimal,optimal,optimal,↓ decreasing,↑ increasing,→ stable,99.5,✅ EXCELLENT,False,NONE,3.7,0.0,NONE
1779688514.217,81.6,89.9,32.0,1498.0,45.2,13.77,32.1,32.3,31.8,32.4,optimal,optimal,optimal,optimal,optimal,optimal,→ stable,→ stable,→ stable,99.5,✅ EXCELLENT,False,NONE,3.5,0.0,NONE
1779688515.217,78.2,90.8,32.0,1529.0,45.3,13.77,31.8,32.2,31.8,32.2,optimal,optimal,optimal,optimal,optimal,optimal,→ stable,→ stable,→ stable,99.5,✅ EXCELLENT,False,NONE,3.4,0.0,NONE
1779688516.219,80.6,89.2,32.1,1452.0,44.8,13.76,31.7,31.6,31.6,31.6,optimal,optimal,optimal,optimal,optimal,optimal,→ stable,→ stable,→ stable,99.5,✅ EXCELLENT,False,NONE,3.3,0.3,NONE
1779688517.22,80.7,90.6,32.0,1499.0,44.2,13.78,32.1,32.0,32.1,31.9,optimal,optimal,optimal,optimal,optimal,optimal,↑ increasing,→ stable,→ stable,99.5,✅ EXCELLENT,False,NONE,3.5,0.0,NONE
1779688518.221,81.7,91.0,32.0,1534.0,45.9,13.84,32.2,31.9,31.9,31.9,optimal,optimal,optimal,optimal,optimal,optimal,↑ increasing,→ stable,→ stable,99.5,✅ EXCELLENT,False,NONE,3.5,0.0,NONE
1779688519.222,79.4,89.1,31.9,1513.0,45.6,13.79,32.3,32.2,31.9,32.2,optimal,optimal,optimal,optimal,optimal,optimal,↑ increasing,→ stable,→ stable,99.5,✅ EXCELLENT,False,NONE,3.5,0.4,NONE
1779688520.222,79.5,90.4,31.9,1484.0,45.5,13.83,32.0,31.7,31.9,32.0,optimal,optimal,optimal,optimal,optimal,optimal,↑ increasing,→ stable,→ stable,99.5,✅ EXCELLENT,False,NONE,3.5,0.0,NONE
1779688521.223,79.7,90.0,32.1,1460.0,44.3,13.77,32.2,31.7,32.1,31.9,optimal,optimal,optimal,optimal,optimal,optimal,↑ increasing,→ stable,→ stable,99.5,✅ EXCELLENT,False,NONE,3.3,0.0,NONE
1779688522.223,81.3,89.4,31.9,1508.0,44.3,13.8,32.0,32.1,32.2,31.8,optimal,optimal,optimal,optimal,optimal,optimal,→ stable,→ stable,→ stable,99.5,✅ EXCELLENT,False,NONE,3.6,0.2,NONE
1779688523.224,80.0,88.7,32.3,1455.0,45.7,13.78,31.7,32.0,31.9,31.9,optimal,optimal,optimal,optimal,optimal,optimal,→ stable,→ stable,→ stable,99.5,✅ EXCELLENT,False,NONE,3.1,0.8,NONE
1779688524.224,77.1,90.4,32.0,1513.0,45.7,13.8,31.8,32.1,31.9,32.1,optimal,optimal,optimal,optimal,optimal,optimal,→ stable,→ stable,→ stable,99.5,✅ EXCELLENT,False,NONE,3.3,0.0,NONE
1779688525.225,81.7,89.4,31.6,1547.0,45.1,13.83,32.2,32.1,32.2,32.3,optimal,optimal,optimal,optimal,optimal,optimal,→ stable,→ stable,→ stable,99.5,✅ EXCELLENT,False,NONE,4.0,0.2,NONE
1779688526.226,81.8,90.8,32.4,1475.0,44.0,13.83,31.8,32.4,32.2,31.6,optimal,optimal,optimal,optimal,optimal,optimal,→ stable,→ stable,→ stable,99.5,✅ EXCELLENT,False,NONE,3.0,0.0,NONE
1779688527.227,80.1,89.3,31.7,1474.0,45.2,13.82,32.2,31.6,32.3,32.3,optimal,optimal,optimal,optimal,optimal,optimal,→ stable,→ stable,→ stable,99.5,✅ EXCELLENT,False,NONE,3.8,0.2,NONE
1779688528.228,81.0,88.7,32.2,1492.0,45.7,13.78,32.2,32.1,31.7,31.9,optimal,optimal,optimal,optimal,optimal,optimal,→ stable,↓ decreasing,→ stable,99.5,✅ EXCELLENT,False,NONE,3.2,0.8,NONE
1779688529.229,79.4,88.6,31.8,1533.0,45.2,13.76,32.3,31.7,32.4,32.4,optimal,optimal,optimal,optimal,optimal,optimal,↓ decreasing,↓ decreasing,→ stable,99.5,✅ EXCELLENT,False,NONE,3.6,1.0,NONE
1779688530.23,79.5,88.7,32.1,1531.0,45.3,13.77,32.4,32.0,31.7,31.8,optimal,optimal,optimal,optimal,optimal,optimal,↓ decreasing,↓ decreasing,→ stable,99.5,✅ EXCELLENT,False,NONE,3.3,0.8,NONE
1779688531.231,78.3,88.9,31.9,1481.0,45.8,13.79,31.8,32.3,32.1,32.3,optimal,optimal,optimal,optimal,optimal,optimal,→ stable,↓ decreasing,→ stable,99.5,✅ EXCELLENT,False,NONE,3.5,0.6,NONE
1779688532.231,78.0,90.1,31.6,1520.0,44.7,13.78,32.3,31.7,32.0,31.7,optimal,optimal,optimal,optimal,optimal,optimal,↓ decreasing,↓ decreasing,→ stable,99.5,✅ EXCELLENT,False,NONE,3.8,0.0,NONE
1779688533.232,82.6,90.2,32.0,1453.0,44.4,13.81,32.2,32.3,32.2,32.0,optimal,optimal,optimal,optimal,optimal,optimal,→ stable,→ stable,→ stable,99.5,✅ EXCELLENT,False,NONE,3.5,0.0,NONE
1779688534.232,78.6,88.6,32.2,1505.0,44.9,13.83,31.8,32.3,32.1,31.8,optimal,optimal,optimal,optimal,optimal,optimal,→ stable,↓ decreasing,→ stable,99.5,✅ EXCELLENT,False,NONE,3.1,1.0,NONE
1779688535.233,78.7,91.4,31.7,1461.0,44.2,13.8,32.3,32.3,32.3,32.1,optimal,optimal,optimal,optimal,optimal,optimal,→ stable,→ stable,→ stable,99.5,✅ EXCELLENT,False,NONE,3.7,0.0,NONE
1779688536.234,82.8,90.7,32.0,1523.0,44.5,13.84,32.2,32.0,32.1,32.1,optimal,optimal,optimal,optimal,optimal,optimal,→ stable,→ stable,→ stable,99.5,✅ EXCELLENT,False,NONE,3.5,0.0,NONE
1779688537.234,82.3,90.3,32.1,1516.0,45.2,13.85,32.2,32.0,31.7,31.9,optimal,optimal,optimal,optimal,optimal,optimal,→ stable,→ stable,→ stable,99.5,✅ EXCELLENT,False,NONE,3.4,0.0,NONE
1779688538.235,79.0,91.2,31.9,1472.0,45.2,13.78,32.4,31.8,32.2,32.3,optimal,optimal,optimal,optimal,optimal,optimal,→ stable,→ stable,→ stable,99.5,✅ EXCELLENT,False,NONE,3.5,0.0,NONE
1779688539.236,79.2,88.9,31.8,1468.0,45.6,13.76,32.2,31.8,32.3,32.1,optimal,optimal,optimal,optimal,optimal,optimal,→ stable,→ stable,→ stable,99.5,✅ EXCELLENT,False,NONE,3.6,0.6,NONE
1779688540.238,77.2,90.8,32.2,1530.0,45.9,13.85,31.7,32.1,31.7,31.8,optimal,optimal,optimal,optimal,optimal,optimal,→ stable,↑ increasing,→ stable,99.5,✅ EXCELLENT,False,NONE,3.1,0.0,NONE
1779688541.24,81.3,89.0,32.2,1470.0,45.4,13.77,31.8,31.8,31.8,31.7,optimal,optimal,optimal,optimal,optimal,optimal,→ stable,↑ increasing,→ stable,99.5,✅ EXCELLENT,False,NONE,3.3,0.5,NONE
1779688542.24,81.7,89.2,32.3,1539.0,45.5,13.78,31.7,32.1,31.8,31.6,optimal,optimal,optimal,optimal,optimal,optimal,↑ increasing,↑ increasing,→ stable,99.5,✅ EXCELLENT,False,NONE,3.2,0.3,NONE
1779688543.241,82.2,90.8,31.6,1522.0,44.9,13.82,32.3,31.8,32.1,32.3,optimal,optimal,optimal,optimal,optimal,optimal,→ stable,↑ increasing,→ stable,99.5,✅ EXCELLENT,False,NONE,4.0,0.0,NONE
1779688544.242,79.1,90.2,32.1,1525.0,44.3,13.75,31.7,32.0,31.9,32.2,optimal,optimal,optimal,optimal,optimal,optimal,→ stable,↑ increasing,→ stable,99.5,✅ EXCELLENT,False,NONE,3.3,0.0,NONE
1779688545.243,77.7,90.8,32.1,1486.0,46.0,13.77,31.9,32.0,32.3,32.4,optimal,optimal,optimal,optimal,optimal,optimal,→ stable,↑ increasing,→ stable,99.5,✅ EXCELLENT,False,NONE,3.2,0.0,NONE
1779688546.245,79.6,89.3,31.7,1458.0,44.3,13.81,32.2,32.0,31.7,32.3,optimal,optimal,optimal,optimal,optimal,optimal,→ stable,↑ increasing,→ stable,99.5,✅ EXCELLENT,False,NONE,3.8,0.2,NONE
1779688547.245,77.6,90.1,31.7,1499.0,44.7,13.81,31.7,31.9,31.7,32.2,optimal,optimal,optimal,optimal,optimal,optimal,↓ decreasing,→ stable,→ stable,99.5,✅ EXCELLENT,False,NONE,3.7,0.0,NONE
1779688548.246,79.0,88.5,32.3,1529.0,44.4,13.85,32.0,32.4,32.0,32.0,optimal,optimal,optimal,optimal,optimal,optimal,→ stable,→ stable,→ stable,99.5,✅ EXCELLENT,False,NONE,3.0,1.1,NONE
1779688549.247,78.4,90.0,32.2,1498.0,45.3,13.81,32.3,31.7,31.9,31.8,optimal,optimal,optimal,optimal,optimal,optimal,↓ decreasing,→ stable,→ stable,99.5,✅ EXCELLENT,False,NONE,3.1,0.0,NONE
1779688550.248,83.0,88.8,31.9,1485.0,45.2,13.76,31.7,32.3,31.7,32.3,optimal,optimal,optimal,optimal,optimal,optimal,→ stable,→ stable,→ stable,99.5,✅ EXCELLENT,False,NONE,3.7,0.7,NONE
1779688551.249,81.5,89.7,32.2,1509.0,45.4,13.77,31.7,31.7,31.7,32.3,optimal,optimal,optimal,optimal,optimal,optimal,→ stable,→ stable,→ stable,99.5,✅ EXCELLENT,False,NONE,3.3,0.0,NONE
1779688552.249,82.1,91.3,32.3,1538.0,45.6,13.76,32.2,31.9,32.1,31.8,optimal,optimal,optimal,optimal,optimal,optimal,→ stable,→ stable,→ stable,99.5,✅ EXCELLENT,False,NONE,3.2,0.0,NONE
1779688553.249,82.7,88.8,31.6,1456.0,44.4,13.78,32.2,31.7,32.0,32.3,optimal,optimal,optimal,optimal,optimal,optimal,→ stable,→ stable,→ stable,99.5,✅ EXCELLENT,False,NONE,4.0,0.7,NONE
1779688554.25,82.3,90.6,31.9,1496.0,44.7,13.77,31.6,32.2,32.3,32.3,optimal,optimal,optimal,optimal,optimal,optimal,→ stable,→ stable,→ stable,99.5,✅ EXCELLENT,False,NONE,3.6,0.0,NONE
1779688555.251,81.6,88.9,31.7,1528.0,44.5,13.78,31.8,31.8,32.0,32.3,optimal,optimal,optimal,optimal,optimal,optimal,↑ increasing,↓ decreasing,→ stable,99.5,✅ EXCELLENT,False,NONE,3.8,0.6,NONE
1779688556.252,77.1,89.9,32.2,1492.0,44.5,13.79,31.8,32.2,31.7,31.8,optimal,optimal,optimal,optimal,optimal,optimal,↑ increasing,→ stable,→ stable,99.5,✅ EXCELLENT,False,NONE,3.1,0.0,NONE
1779688557.253,77.9,91.4,32.0,1483.0,45.0,13.82,32.1,31.6,31.8,31.9,optimal,optimal,optimal,optimal,optimal,optimal,↑ increasing,→ stable,→ stable,99.5,✅ EXCELLENT,False,NONE,3.3,0.0,NONE
1779688558.253,81.3,88.7,31.9,1546.0,44.2,13.77,31.6,32.4,31.8,32.1,optimal,optimal,optimal,optimal,optimal,optimal,↑ increasing,→ stable,→ stable,99.5,✅ EXCELLENT,False,NONE,3.6,0.8,NONE
1779688559.255,79.6,88.8,32.0,1478.0,44.4,13.84,31.6,32.2,31.7,31.6,optimal,optimal,optimal,optimal,optimal,optimal,↑ increasing,→ stable,→ stable,99.5,✅ EXCELLENT,False,NONE,3.4,0.7,NONE
1779688560.256,81.5,90.4,32.0,1504.0,45.3,13.82,32.1,31.7,31.8,31.8,optimal,optimal,optimal,optimal,optimal,optimal,↑ increasing,→ stable,→ stable,99.5,✅ EXCELLENT,False,NONE,3.5,0.0,NONE
1779688561.256,81.1,91.5,31.9,1547.0,45.4,13.81,32.1,32.2,31.7,31.8,optimal,optimal,optimal,optimal,optimal,optimal,↑ increasing,→ stable,→ stable,99.5,✅ EXCELLENT,False,NONE,3.6,0.0,NONE
1779688562.257,78.1,89.3,32.0,1473.0,45.3,13.8,31.8,31.7,31.9,32.0,optimal,optimal,optimal,optimal,optimal,optimal,→ stable,→ stable,→ stable,99.5,✅ EXCELLENT,False,NONE,3.3,0.2,NONE
1779688563.257,80.1,89.1,32.3,1531.0,45.2,13.78,32.1,32.2,32.2,31.6,optimal,optimal,optimal,optimal,optimal,optimal,→ stable,→ stable,→ stable,99.5,✅ EXCELLENT,False,NONE,3.1,0.4,NONE
1779688564.257,77.7,90.4,32.2,1537.0,44.3,13.78,31.9,32.3,31.9,32.0,optimal,optimal,optimal,optimal,optimal,optimal,↓ decreasing,→ stable,→ stable,99.5,✅ EXCELLENT,False,NONE,3.1,0.0,NONE
1779688565.259,77.2,89.5,31.6,1492.0,45.1,13.8,32.4,31.9,32.2,32.0,optimal,optimal,optimal,optimal,optimal,optimal,↓ decreasing,→ stable,→ stable,99.5,✅ EXCELLENT,False,NONE,3.7,0.1,NONE
1779688566.26,77.5,91.1,32.2,1542.0,45.4,13.76,32.0,31.9,32.2,32.3,optimal,optimal,optimal,optimal,optimal,optimal,↓ decreasing,→ stable,→ stable,99.5,✅ EXCELLENT,False,NONE,3.1,0.0,NONE
1779688567.26,80.7,89.4,32.4,1474.0,44.8,13.83,32.1,31.9,31.8,32.0,optimal,optimal,optimal,optimal,optimal,optimal,↓ decreasing,→ stable,→ stable,99.5,✅ EXCELLENT,False,NONE,3.0,0.2,NONE
1779688568.26,78.7,88.5,32.2,1516.0,44.1,13.84,32.1,32.3,32.4,31.9,optimal,optimal,optimal,optimal,optimal,optimal,↓ decreasing,→ stable,→ stable,99.5,✅ EXCELLENT,False,NONE,3.1,1.1,NONE
1779688569.261,79.9,89.8,32.1,1450.0,45.2,13.85,31.9,31.6,32.3,32.4,optimal,optimal,optimal,optimal,optimal,optimal,↓ decreasing,→ stable,→ stable,99.5,✅ EXCELLENT,False,NONE,3.3,0.0,NONE
1779688570.263,82.8,90.1,31.8,1450.0,45.4,13.81,31.7,32.2,32.3,32.1,optimal,optimal,optimal,optimal,optimal,optimal,↓ decreasing,→ stable,→ stable,99.5,✅ EXCELLENT,False,NONE,3.8,0.0,NONE
1779688571.264,82.3,90.6,32.1,1503.0,45.4,13.79,31.6,32.4,32.3,32.2,optimal,optimal,optimal,optimal,optimal,optimal,↓ decreasing,→ stable,→ stable,99.5,✅ EXCELLENT,False,NONE,3.4,0.0,NONE
1779688572.265,78.6,90.6,32.2,1532.0,45.0,13.79,31.9,31.8,32.0,32.1,optimal,optimal,optimal,optimal,optimal,optimal,↓ decreasing,→ stable,→ stable,99.5,✅ EXCELLENT,False,NONE,3.1,0.0,NONE
1779688573.265,78.1,89.0,31.9,1528.0,46.0,13.76,31.9,31.6,31.8,31.8,optimal,optimal,optimal,optimal,optimal,optimal,↓ decreasing,→ stable,→ stable,99.5,✅ EXCELLENT,False,NONE,3.5,0.5,NONE
1779688574.266,79.9,89.0,32.3,1549.0,44.3,13.8,31.7,32.2,32.3,32.2,optimal,optimal,optimal,optimal,optimal,optimal,→ stable,→ stable,→ stable,99.5,✅ EXCELLENT,False,NONE,3.1,0.5,NONE
1779688575.267,83.0,89.6,31.6,1473.0,45.1,13.84,31.8,31.8,32.4,31.9,optimal,optimal,optimal,optimal,optimal,optimal,↑ increasing,→ stable,→ stable,99.5,✅ EXCELLENT,False,NONE,4.0,0.1,NONE
1779688576.267,81.6,90.3,31.8,1498.0,44.1,13.8,32.3,32.2,31.8,32.2,optimal,optimal,optimal,optimal,optimal,optimal,↑ increasing,→ stable,→ stable,99.5,✅ EXCELLENT,False,NONE,3.7,0.0,NONE
1779688577.268,77.4,90.1,32.2,1541.0,44.4,13.81,32.2,31.6,32.2,31.7,optimal,optimal,optimal,optimal,optimal,optimal,↑ increasing,→ stable,→ stable,99.5,✅ EXCELLENT,False,NONE,3.1,0.0,NONE
1779688578.269,78.5,88.9,31.9,1471.0,45.3,13.84,31.9,32.0,31.7,32.0,optimal,optimal,optimal,optimal,optimal,optimal,↑ increasing,→ stable,→ stable,99.5,✅ EXCELLENT,False,NONE,3.5,0.6,NONE
1779688579.269,80.1,90.5,32.1,1500.0,45.9,13.79,32.0,31.7,32.2,32.3,optimal,optimal,optimal,optimal,optimal,optimal,↑ increasing,→ stable,→ stable,99.5,✅ EXCELLENT,False,NONE,3.3,0.0,NONE
1779688580.27,78.4,88.9,31.8,1451.0,45.0,13.78,31.9,31.9,32.3,32.4,optimal,optimal,optimal,optimal,optimal,optimal,→ stable,→ stable,→ stable,99.5,✅ EXCELLENT,False,NONE,3.6,0.6,NONE
1779688581.271,79.6,90.5,31.7,1486.0,45.4,13.83,32.3,32.4,32.0,32.1,optimal,optimal,optimal,optimal,optimal,optimal,→ stable,→ stable,→ stable,99.5,✅ EXCELLENT,False,NONE,3.8,0.0,NONE
1779688582.272,80.7,89.4,32.1,1466.0,45.3,13.76,32.2,31.9,31.9,32.0,optimal,optimal,optimal,optimal,optimal,optimal,→ stable,→ stable,→ stable,99.5,✅ EXCELLENT,False,NONE,3.3,0.2,NONE
1779688583.275,78.3,90.9,32.2,1526.0,45.8,13.77,31.9,32.1,32.2,31.8,optimal,optimal,optimal,optimal,optimal,optimal,→ stable,→ stable,→ stable,99.5,✅ EXCELLENT,False,NONE,3.1,0.0,NONE
1779688584.275,78.8,89.6,31.7,1508.0,45.5,13.81,32.0,32.1,32.1,31.6,optimal,optimal,optimal,optimal,optimal,optimal,→ stable,→ stable,→ stable,99.5,✅ EXCELLENT,False,NONE,3.7,0.1,NONE
1779688585.275,80.6,90.4,31.9,1459.0,45.8,13.79,32.2,31.9,32.3,31.8,optimal,optimal,optimal,optimal,optimal,optimal,↓ decreasing,→ stable,→ stable,99.5,✅ EXCELLENT,False,NONE,3.6,0.0,NONE
1779688586.276,80.3,88.6,31.8,1521.0,45.2,13.77,31.8,32.3,32.2,31.9,optimal,optimal,optimal,optimal,optimal,optimal,↓ decreasing,→ stable,→ stable,99.5,✅ EXCELLENT,False,NONE,3.7,1.0,NONE
1779688587.276,77.8,89.1,31.6,1494.0,44.6,13.81,31.7,31.6,32.0,32.2,optimal,optimal,optimal,optimal,optimal,optimal,↓ decreasing,→ stable,→ stable,99.5,✅ EXCELLENT,False,NONE,3.8,0.4,NONE
1779688588.277,80.1,90.4,32.3,1509.0,44.1,13.77,31.9,31.9,31.9,32.2,optimal,optimal,optimal,optimal,optimal,optimal,↓ decreasing,→ stable,→ stable,99.5,✅ EXCELLENT,False,NONE,3.1,0.0,NONE
1779688589.279,79.3,89.5,32.4,1461.0,44.8,13.81,32.3,32.2,32.4,31.7,optimal,optimal,optimal,optimal,optimal,optimal,↓ decreasing,→ stable,→ stable,99.5,✅ EXCELLENT,False,NONE,2.9,0.1,NONE
1779688590.28,80.9,89.1,32.4,1466.0,45.6,13.84,32.1,31.7,31.9,32.0,optimal,optimal,optimal,optimal,optimal,optimal,→ stable,→ stable,→ stable,99.5,✅ EXCELLENT,False,NONE,3.0,0.4,NONE
1779688591.28,78.8,89.6,31.7,1494.0,45.5,13.83,31.9,32.2,32.4,31.8,optimal,optimal,optimal,optimal,optimal,optimal,→ stable,→ stable,→ stable,99.5,✅ EXCELLENT,False,NONE,3.7,0.1,NONE
1779688592.281,78.0,88.5,31.9,1469.0,45.7,13.84,32.3,32.4,31.8,32.0,optimal,optimal,optimal,optimal,optimal,optimal,→ stable,→ stable,→ stable,99.5,✅ EXCELLENT,False,NONE,3.5,1.1,NONE
1779688593.282,82.3,88.9,31.9,1479.0,44.8,13.84,31.6,32.0,31.8,32.1,optimal,optimal,optimal,optimal,optimal,optimal,→ stable,→ stable,→ stable,99.5,✅ EXCELLENT,False,NONE,3.6,0.6,NONE
1779688594.283,80.6,90.5,31.9,1500.0,45.0,13.76,31.9,32.1,31.9,31.9,optimal,optimal,optimal,optimal,optimal,optimal,→ stable,→ stable,→ stable,99.5,✅ EXCELLENT,False,NONE,3.6,0.0,NONE
1779688595.284,79.2,89.2,32.1,1532.0,44.9,13.78,32.3,31.7,32.1,32.4,optimal,optimal,optimal,optimal,optimal,optimal,→ stable,↓ decreasing,→ stable,99.5,✅ EXCELLENT,False,NONE,3.3,0.3,NONE
1779688596.285,80.1,88.7,32.3,1497.0,45.6,13.77,32.1,31.9,32.0,32.1,optimal,optimal,optimal,optimal,optimal,optimal,→ stable,→ stable,→ stable,99.5,✅ EXCELLENT,False,NONE,3.1,0.8,NONE
1779688597.285,82.4,89.6,32.2,1511.0,45.2,13.81,31.9,31.8,31.8,31.8,optimal,optimal,optimal,optimal,optimal,optimal,↑ increasing,→ stable,→ stable,99.5,✅ EXCELLENT,False,NONE,3.3,0.1,NONE
1779688598.285,81.2,88.5,31.9,1473.0,45.7,13.78,32.4,32.1,31.9,32.2,optimal,optimal,optimal,optimal,optimal,optimal,↑ increasing,↓ decreasing,→ stable,99.5,✅ EXCELLENT,False,NONE,3.6,1.1,NONE
1779688599.286,80.3,90.5,32.2,1515.0,44.4,13.76,31.7,32.2,31.7,31.8,optimal,optimal,optimal,optimal,optimal,optimal,↑ increasing,→ stable,→ stable,99.5,✅ EXCELLENT,False,NONE,3.2,0.0,NONE
1779688600.287,79.2,90.8,32.3,1470.0,45.5,13.83,32.2,31.9,31.6,31.9,optimal,optimal,optimal,optimal,optimal,optimal,↑ increasing,→ stable,→ stable,99.5,✅ EXCELLENT,False,NONE,3.1,0.0,NONE
1779688601.288,82.5,89.6,31.6,1546.0,44.5,13.84,31.8,31.7,31.7,32.1,optimal,optimal,optimal,optimal,optimal,optimal,↑ increasing,→ stable,→ stable,99.5,✅ EXCELLENT,False,NONE,4.0,0.1,NONE
1779688602.288,77.9,88.6,32.1,1472.0,45.1,13.8,32.0,31.7,31.8,31.9,optimal,optimal,optimal,optimal,optimal,optimal,↑ increasing,→ stable,→ stable,99.5,✅ EXCELLENT,False,NONE,3.2,1.0,NONE
1779688603.289,78.3,88.9,32.1,1458.0,45.1,13.8,32.2,32.0,32.3,32.3,optimal,optimal,optimal,optimal,optimal,optimal,→ stable,→ stable,→ stable,99.5,✅ EXCELLENT,False,NONE,3.2,0.6,NONE
1779688604.29,80.3,90.5,32.3,1453.0,44.4,13.78,31.8,32.1,32.2,32.0,optimal,optimal,optimal,optimal,optimal,optimal,→ stable,→ stable,→ stable,99.5,✅ EXCELLENT,False,NONE,3.1,0.0,NONE
1779688605.292,80.7,89.0,32.3,1510.0,44.9,13.83,31.8,31.8,32.1,32.3,optimal,optimal,optimal,optimal,optimal,optimal,↑ increasing,→ stable,→ stable,99.5,✅ EXCELLENT,False,NONE,3.1,0.5,NONE
1779688606.293,77.2,89.3,31.9,1520.0,45.1,13.77,32.0,31.8,32.1,31.9,optimal,optimal,optimal,optimal,optimal,optimal,→ stable,→ stable,→ stable,99.5,✅ EXCELLENT,False,NONE,3.4,0.2,NONE
1779688607.294,79.5,90.8,32.2,1547.0,44.1,13.76,31.9,32.3,31.8,32.4,optimal,optimal,optimal,optimal,optimal,optimal,→ stable,→ stable,→ stable,99.5,✅ EXCELLENT,False,NONE,3.2,0.0,NONE
1779688608.294,80.5,89.7,31.9,1460.0,45.7,13.83,31.9,31.8,32.3,32.4,optimal,optimal,optimal,optimal,optimal,optimal,↓ decreasing,↑ increasing,→ stable,99.5,✅ EXCELLENT,False,NONE,3.6,0.0,NONE
1779688609.294,77.4,90.4,31.8,1547.0,45.5,13.84,31.8,32.2,32.2,31.8,optimal,optimal,optimal,optimal,optimal,optimal,↓ decreasing,→ stable,→ stable,99.5,✅ EXCELLENT,False,NONE,3.5,0.0,NONE
1779688610.295,80.4,90.6,32.0,1490.0,44.3,13.81,32.1,32.2,32.3,32.3,optimal,optimal,optimal,optimal,optimal,optimal,↓ decreasing,→ stable,→ stable,99.5,✅ EXCELLENT,False,NONE,3.4,0.0,NONE
1779688611.295,82.1,90.6,31.7,1549.0,45.1,13.77,32.1,31.9,31.8,32.0,optimal,optimal,optimal,optimal,optimal,optimal,↓ decreasing,→ stable,→ stable,99.5,✅ EXCELLENT,False,NONE,3.9,0.0,NONE
1779688612.296,82.4,89.3,32.2,1534.0,45.4,13.83,32.2,32.4,32.2,31.9,optimal,optimal,optimal,optimal,optimal,optimal,↓ decreasing,→ stable,→ stable,99.5,✅ EXCELLENT,False,NONE,3.3,0.2,NONE
1779688613.296,82.0,90.5,31.8,1537.0,45.9,13.83,32.0,31.7,31.9,31.9,optimal,optimal,optimal,optimal,optimal,optimal,→ stable,↑ increasing,→ stable,99.5,✅ EXCELLENT,False,NONE,3.7,0.0,NONE
1779688614.297,79.2,89.8,31.9,1459.0,44.3,13.78,32.3,32.1,31.7,31.6,optimal,optimal,optimal,optimal,optimal,optimal,→ stable,↑ increasing,→ stable,99.5,✅ EXCELLENT,False,NONE,3.5,0.0,NONE
1779688615.298,82.7,91.4,31.8,1489.0,45.1,13.81,32.0,31.8,31.8,32.3,optimal,optimal,optimal,optimal,optimal,optimal,→ stable,↑ increasing,→ stable,99.5,✅ EXCELLENT,False,NONE,3.8,0.0,NONE
1779688616.298,79.4,88.8,32.3,1536.0,45.1,13.83,31.8,32.0,31.9,31.9,optimal,optimal,optimal,optimal,optimal,optimal,↑ increasing,↑ increasing,→ stable,99.5,✅ EXCELLENT,False,NONE,3.1,0.7,NONE
1779688617.299,78.7,90.1,32.1,1514.0,45.7,13.75,31.9,31.6,32.2,32.1,optimal,optimal,optimal,optimal,optimal,optimal,↑ increasing,→ stable,→ stable,99.5,✅ EXCELLENT,False,NONE,3.3,0.0,NONE
1779688618.3,77.1,89.0,32.4,1513.0,45.6,13.81,32.3,32.0,32.3,31.9,optimal,optimal,optimal,optimal,optimal,optimal,→ stable,→ stable,→ stable,99.5,✅ EXCELLENT,False,NONE,2.9,0.5,NONE
1779688619.301,78.0,89.0,31.7,1509.0,45.8,13.84,32.2,32.2,32.3,31.8,optimal,optimal,optimal,optimal,optimal,optimal,↑ increasing,→ stable,→ stable,99.5,✅ EXCELLENT,False,NONE,3.7,0.5,NONE
1779688620.301,80.1,88.6,32.2,1522.0,45.2,13.77,31.9,31.8,31.7,31.8,optimal,optimal,optimal,optimal,optimal,optimal,↑ increasing,→ stable,→ stable,99.5,✅ EXCELLENT,False,NONE,3.2,1.0,NONE
1779688621.303,78.8,90.1,31.6,1514.0,44.2,13.82,32.2,31.9,32.1,32.2,optimal,optimal,optimal,optimal,optimal,optimal,→ stable,→ stable,→ stable,99.5,✅ EXCELLENT,False,NONE,3.8,0.0,NONE
1779688622.304,77.4,89.4,31.8,1511.0,45.9,13.81,32.1,32.0,31.9,32.2,optimal,optimal,optimal,optimal,optimal,optimal,↓ decreasing,→ stable,→ stable,99.5,✅ EXCELLENT,False,NONE,3.5,0.2,NONE
1779688623.304,78.7,90.0,31.9,1544.0,45.6,13.79,32.4,31.7,31.6,31.8,optimal,optimal,optimal,optimal,optimal,optimal,↓ decreasing,→ stable,→ stable,99.5,✅ EXCELLENT,False,NONE,3.5,0.0,NONE
1779688624.305,80.6,90.1,32.0,1459.0,44.1,13.83,31.8,32.4,32.2,32.3,optimal,optimal,optimal,optimal,optimal,optimal,↓ decreasing,→ stable,→ stable,99.5,✅ EXCELLENT,False,NONE,3.5,0.0,NONE
1779688625.306,80.9,89.3,31.9,1496.0,44.5,13.82,31.7,32.0,32.3,31.8,optimal,optimal,optimal,optimal,optimal,optimal,↓ decreasing,↓ decreasing,→ stable,99.5,✅ EXCELLENT,False,NONE,3.6,0.2,NONE
1779688626.307,78.9,91.4,31.9,1474.0,45.5,13.8,32.2,31.9,32.4,32.2,optimal,optimal,optimal,optimal,optimal,optimal,↓ decreasing,→ stable,→ stable,99.5,✅ EXCELLENT,False,NONE,3.5,0.0,NONE
1779688627.309,78.3,91.1,31.6,1451.0,44.9,13.76,32.1,31.7,32.0,32.1,optimal,optimal,optimal,optimal,optimal,optimal,↓ decreasing,→ stable,→ stable,99.5,✅ EXCELLENT,False,NONE,3.8,0.0,NONE
1779688628.309,80.6,91.1,32.3,1453.0,44.6,13.83,31.8,32.3,31.8,31.9,optimal,optimal,optimal,optimal,optimal,optimal,↓ decreasing,→ stable,→ stable,99.5,✅ EXCELLENT,False,NONE,3.1,0.0,NONE
1779688629.309,80.1,88.8,31.8,1470.0,44.4,13.84,32.4,32.4,31.7,32.2,optimal,optimal,optimal,optimal,optimal,optimal,↓ decreasing,→ stable,→ stable,99.5,✅ EXCELLENT,False,NONE,3.7,0.7,NONE
1779688630.31,82.0,90.8,32.0,1501.0,45.1,13.78,32.1,32.0,31.9,32.2,optimal,optimal,optimal,optimal,optimal,optimal,↓ decreasing,→ stable,→ stable,99.5,✅ EXCELLENT,False,NONE,3.5,0.0,NONE
1779688631.31,80.3,90.7,32.0,1509.0,45.6,13.76,31.8,31.7,32.1,31.8,optimal,optimal,optimal,optimal,optimal,optimal,→ stable,↑ increasing,→ stable,99.5,✅ EXCELLENT,False,NONE,3.4,0.0,NONE
1779688632.312,79.9,89.8,32.0,1522.0,45.3,13.77,32.3,32.2,31.9,32.3,optimal,optimal,optimal,optimal,optimal,optimal,↑ increasing,↑ increasing,→ stable,99.5,✅ EXCELLENT,False,NONE,3.4,0.0,NONE
1779688633.312,77.6,90.4,32.0,1549.0,45.1,13.83,31.9,31.9,31.8,31.8,optimal,optimal,optimal,optimal,optimal,optimal,↑ increasing,↑ increasing,→ stable,99.5,✅ EXCELLENT,False,NONE,3.3,0.0,NONE
1779688634.312,80.0,89.3,32.1,1500.0,44.1,13.84,32.3,32.1,31.8,32.2,optimal,optimal,optimal,optimal,optimal,optimal,↑ increasing,↑ increasing,→ stable,99.5,✅ EXCELLENT,False,NONE,3.3,0.2,NONE
1779688635.313,77.6,91.1,31.9,1486.0,44.8,13.79,32.3,31.8,31.9,32.2,optimal,optimal,optimal,optimal,optimal,optimal,↑ increasing,↑ increasing,→ stable,99.5,✅ EXCELLENT,False,NONE,3.4,0.0,NONE
1779688636.315,78.8,89.6,31.8,1498.0,44.6,13.83,32.2,32.0,32.0,32.3,optimal,optimal,optimal,optimal,optimal,optimal,↑ increasing,↑ increasing,→ stable,99.5,✅ EXCELLENT,False,NONE,3.6,0.1,NONE
1779688637.315,81.1,90.2,31.6,1521.0,45.9,13.79,31.9,32.0,31.7,31.7,optimal,optimal,optimal,optimal,optimal,optimal,↑ increasing,→ stable,→ stable,99.5,✅ EXCELLENT,False,NONE,3.9,0.0,NONE
1779688638.316,80.4,89.7,31.7,1511.0,44.1,13.84,32.3,32.1,32.3,32.2,optimal,optimal,optimal,optimal,optimal,optimal,↑ increasing,→ stable,→ stable,99.5,✅ EXCELLENT,False,NONE,3.8,0.0,NONE
1779688639.317,78.4,88.9,32.3,1477.0,44.6,13.79,32.2,32.1,32.3,32.1,optimal,optimal,optimal,optimal,optimal,optimal,→ stable,→ stable,→ stable,99.5,✅ EXCELLENT,False,NONE,3.0,0.6,NONE
1779688640.318,82.9,90.2,32.0,1503.0,46.0,13.8,31.8,32.4,32.2,32.0,optimal,optimal,optimal,optimal,optimal,optimal,→ stable,→ stable,→ stable,99.5,✅ EXCELLENT,False,NONE,3.6,0.0,NONE
1779688641.319,80.1,91.1,31.8,1504.0,44.7,13.83,32.3,31.8,31.6,32.2,optimal,optimal,optimal,optimal,optimal,optimal,→ stable,→ stable,→ stable,99.5,✅ EXCELLENT,False,NONE,3.7,0.0,NONE
1779688642.319,82.9,91.5,31.8,1465.0,45.3,13.76,31.8,32.4,31.8,32.0,optimal,optimal,optimal,optimal,optimal,optimal,→ stable,→ stable,→ stable,99.5,✅ EXCELLENT,False,NONE,3.8,0.0,NONE
1779688643.32,81.9,89.7,32.2,1491.0,45.0,13.82,31.9,32.3,31.9,32.2,optimal,optimal,optimal,optimal,optimal,optimal,→ stable,→ stable,→ stable,99.5,✅ EXCELLENT,False,NONE,3.3,0.0,NONE
1779688644.322,77.7,89.0,31.6,1502.0,45.8,13.78,31.8,32.2,32.0,31.7,optimal,optimal,optimal,optimal,optimal,optimal,→ stable,→ stable,→ stable,99.5,✅ EXCELLENT,False,NONE,3.8,0.5,NONE
1779688645.323,78.7,88.6,32.4,1503.0,44.7,13.75,32.3,32.2,32.4,31.9,optimal,optimal,optimal,optimal,optimal,optimal,↑ increasing,↓ decreasing,→ stable,99.5,✅ EXCELLENT,False,NONE,2.9,1.0,NONE
1779688646.323,79.8,90.0,32.3,1475.0,44.5,13.79,31.7,32.1,31.7,32.0,optimal,optimal,optimal,optimal,optimal,optimal,↑ increasing,→ stable,→ stable,99.5,✅ EXCELLENT,False,NONE,3.1,0.0,NONE
1779688647.323,80.1,91.5,31.6,1513.0,44.2,13.77,31.7,32.3,32.2,31.8,optimal,optimal,optimal,optimal,optimal,optimal,→ stable,→ stable,→ stable,99.5,✅ EXCELLENT,False,NONE,3.9,0.0,NONE
1779688648.324,82.5,90.3,32.3,1536.0,45.1,13.76,32.3,31.9,32.3,31.9,optimal,optimal,optimal,optimal,optimal,optimal,↑ increasing,→ stable,→ stable,99.5,✅ EXCELLENT,False,NONE,3.2,0.0,NONE
1779688649.326,83.0,91.3,32.1,1485.0,45.3,13.83,31.8,31.8,31.7,31.8,optimal,optimal,optimal,optimal,optimal,optimal,↑ increasing,→ stable,→ stable,99.5,✅ EXCELLENT,False,NONE,3.4,0.0,NONE
1779688650.327,81.3,90.5,32.0,1469.0,45.8,13.78,32.2,32.1,32.4,32.0,optimal,optimal,optimal,optimal,optimal,optimal,↑ increasing,→ stable,→ stable,99.5,✅ EXCELLENT,False,NONE,3.5,0.0,NONE
1779688651.328,82.0,90.7,32.2,1524.0,45.7,13.81,31.9,32.2,31.7,31.8,optimal,optimal,optimal,optimal,optimal,optimal,↑ increasing,→ stable,→ stable,99.5,✅ EXCELLENT,False,NONE,3.3,0.0,NONE
1779688652.328,81.8,90.0,31.7,1505.0,44.2,13.77,32.0,32.3,32.0,32.2,optimal,optimal,optimal,optimal,optimal,optimal,↑ increasing,→ stable,→ stable,99.5,✅ EXCELLENT,False,NONE,3.9,0.0,NONE
1779688653.328,79.3,91.5,31.6,1469.0,45.5,13.82,32.3,32.0,31.7,32.1,optimal,optimal,optimal,optimal,optimal,optimal,→ stable,→ stable,→ stable,99.5,✅ EXCELLENT,False,NONE,3.9,0.0,NONE
1779688654.328,79.0,89.6,31.9,1519.0,44.9,13.77,32.3,31.8,31.7,32.3,optimal,optimal,optimal,optimal,optimal,optimal,↑ increasing,→ stable,→ stable,99.5,✅ EXCELLENT,False,NONE,3.5,0.1,NONE
1779688655.329,79.0,90.0,32.1,1492.0,45.8,13.84,32.1,31.7,32.1,31.9,optimal,optimal,optimal,optimal,optimal,optimal,→ stable,↑ increasing,→ stable,99.5,✅ EXCELLENT,False,NONE,3.3,0.0,NONE
1779688656.33,78.6,89.2,31.7,1504.0,44.3,13.82,31.9,32.3,31.8,32.0,optimal,optimal,optimal,optimal,optimal,optimal,→ stable,↑ increasing,→ stable,99.5,✅ EXCELLENT,False,NONE,3.7,0.3,NONE
1779688657.33,77.8,91.0,32.3,1456.0,44.9,13.78,32.1,32.2,31.7,31.8,optimal,optimal,optimal,optimal,optimal,optimal,→ stable,→ stable,→ stable,99.5,✅ EXCELLENT,False,NONE,3.0,0.0,NONE
1779688658.331,82.4,90.8,31.6,1473.0,44.8,13.84,31.7,31.7,31.7,32.1,optimal,optimal,optimal,optimal,optimal,optimal,→ stable,→ stable,→ stable,99.5,✅ EXCELLENT,False,NONE,4.0,0.0,NONE
1779688659.333,77.8,89.1,32.3,1476.0,45.3,13.79,31.7,32.0,31.8,32.2,optimal,optimal,optimal,optimal,optimal,optimal,↓ decreasing,→ stable,→ stable,99.5,✅ EXCELLENT,False,NONE,3.0,0.4,NONE
1779688660.334,80.9,89.3,31.7,1540.0,44.6,13.75,32.4,31.9,32.4,32.3,optimal,optimal,optimal,optimal,optimal,optimal,↓ decreasing,→ stable,→ stable,99.5,✅ EXCELLENT,False,NONE,3.8,0.2,NONE
1779688661.334,82.9,89.3,31.6,1483.0,45.1,13.83,32.1,32.2,32.2,32.3,optimal,optimal,optimal,optimal,optimal,optimal,↓ decreasing,→ stable,→ stable,99.5,✅ EXCELLENT,False,NONE,4.0,0.2,NONE
1779688662.335,82.3,90.1,32.3,1523.0,44.4,13.84,32.3,32.3,31.8,31.8,optimal,optimal,optimal,optimal,optimal,optimal,↓ decreasing,→ stable,→ stable,99.5,✅ EXCELLENT,False,NONE,3.2,0.0,NONE
1779688663.336,81.9,88.9,32.3,1535.0,44.8,13.79,32.4,31.7,32.0,32.3,optimal,optimal,optimal,optimal,optimal,optimal,→ stable,↓ decreasing,→ stable,99.5,✅ EXCELLENT,False,NONE,3.2,0.6,NONE
1779688664.337,78.7,88.5,32.1,1530.0,44.7,13.77,31.8,31.6,32.3,31.9,optimal,optimal,optimal,optimal,optimal,optimal,↓ decreasing,↓ decreasing,→ stable,99.5,✅ EXCELLENT,False,NONE,3.3,1.1,NONE
1779688665.337,78.7,90.2,31.6,1493.0,45.9,13.84,31.8,32.0,32.4,32.3,optimal,optimal,optimal,optimal,optimal,optimal,↓ decreasing,↓ decreasing,→ stable,99.5,✅ EXCELLENT,False,NONE,3.8,0.0,NONE
1779688666.338,78.5,90.9,32.3,1531.0,44.6,13.8,32.4,31.6,31.6,31.6,optimal,optimal,optimal,optimal,optimal,optimal,→ stable,↓ decreasing,→ stable,99.5,✅ EXCELLENT,False,NONE,3.0,0.0,NONE
1779688667.339,80.4,90.6,31.9,1525.0,44.6,13.84,32.1,31.7,31.9,32.0,optimal,optimal,optimal,optimal,optimal,optimal,→ stable,↓ decreasing,→ stable,99.5,✅ EXCELLENT,False,NONE,3.6,0.0,NONE
1779688668.339,79.7,90.4,32.2,1513.0,45.9,13.8,31.8,31.6,32.1,32.3,optimal,optimal,optimal,optimal,optimal,optimal,→ stable,↓ decreasing,→ stable,99.5,✅ EXCELLENT,False,NONE,3.2,0.0,NONE
1779688669.34,80.8,91.2,31.7,1530.0,44.7,13.76,31.8,31.7,32.0,32.1,optimal,optimal,optimal,optimal,optimal,optimal,↑ increasing,→ stable,→ stable,99.5,✅ EXCELLENT,False,NONE,3.8,0.0,NONE
1779688670.34,81.8,90.5,32.4,1480.0,45.6,13.84,31.7,31.9,32.3,31.6,optimal,optimal,optimal,optimal,optimal,optimal,↑ increasing,→ stable,→ stable,99.5,✅ EXCELLENT,False,NONE,3.0,0.0,NONE
1779688671.341,78.8,91.5,32.0,1493.0,44.1,13.76,31.9,32.0,32.1,32.3,optimal,optimal,optimal,optimal,optimal,optimal,→ stable,→ stable,→ stable,99.5,✅ EXCELLENT,False,NONE,3.4,0.0,NONE
1779688672.341,82.3,89.7,32.2,1510.0,45.8,13.8,32.0,31.9,32.0,32.1,optimal,optimal,optimal,optimal,optimal,optimal,→ stable,→ stable,→ stable,99.5,✅ EXCELLENT,False,NONE,3.3,0.0,NONE
1779688673.343,78.9,89.3,32.0,1506.0,44.4,13.83,32.0,32.1,31.6,32.3,optimal,optimal,optimal,optimal,optimal,optimal,→ stable,↑ increasing,→ stable,99.5,✅ EXCELLENT,False,NONE,3.4,0.2,NONE
1779688674.344,78.4,89.5,32.3,1456.0,44.6,13.83,32.0,32.2,32.3,31.7,optimal,optimal,optimal,optimal,optimal,optimal,→ stable,↑ increasing,→ stable,99.5,✅ EXCELLENT,False,NONE,3.0,0.1,NONE
1779688675.344,79.9,90.6,32.0,1478.0,44.9,13.76,32.2,32.1,32.2,31.7,optimal,optimal,optimal,optimal,optimal,optimal,→ stable,↑ increasing,→ stable,99.5,✅ EXCELLENT,False,NONE,3.4,0.0,NONE
1779688676.345,80.4,89.6,32.1,1512.0,44.7,13.81,32.3,31.6,31.9,32.4,optimal,optimal,optimal,optimal,optimal,optimal,→ stable,→ stable,→ stable,99.5,✅ EXCELLENT,False,NONE,3.3,0.1,NONE
1779688677.345,79.8,89.2,31.7,1540.0,44.6,13.84,32.2,31.7,32.2,31.7,optimal,optimal,optimal,optimal,optimal,optimal,→ stable,→ stable,→ stable,99.5,✅ EXCELLENT,False,NONE,3.8,0.3,NONE
1779688678.346,80.3,90.9,32.3,1478.0,44.9,13.78,32.4,32.4,31.6,31.8,optimal,optimal,optimal,optimal,optimal,optimal,→ stable,→ stable,→ stable,99.5,✅ EXCELLENT,False,NONE,3.1,0.0,NONE
1779688679.346,82.9,90.3,32.2,1519.0,44.3,13.83,31.8,32.1,31.8,32.3,optimal,optimal,optimal,optimal,optimal,optimal,→ stable,→ stable,→ stable,99.5,✅ EXCELLENT,False,NONE,3.3,0.0,NONE
1779688680.346,80.4,90.1,31.6,1493.0,45.4,13.77,31.9,31.8,31.6,32.1,optimal,optimal,optimal,optimal,optimal,optimal,→ stable,→ stable,→ stable,99.5,✅ EXCELLENT,False,NONE,3.9,0.0,NONE
1779688681.348,79.9,90.1,32.0,1531.0,45.2,13.84,31.8,31.9,31.8,32.4,optimal,optimal,optimal,optimal,optimal,optimal,→ stable,→ stable,→ stable,99.5,✅ EXCELLENT,False,NONE,3.4,0.0,NONE
1779688682.348,81.5,89.6,31.6,1495.0,46.0,13.83,32.0,31.7,31.7,31.9,optimal,optimal,optimal,optimal,optimal,optimal,→ stable,→ stable,→ stable,99.5,✅ EXCELLENT,False,NONE,4.0,0.1,NONE
1779688683.349,82.0,88.5,31.9,1496.0,44.2,13.81,32.3,31.9,31.7,32.1,optimal,optimal,optimal,optimal,optimal,optimal,↑ increasing,→ stable,→ stable,99.5,✅ EXCELLENT,False,NONE,3.6,1.1,NONE
1779688684.35,80.9,90.8,32.0,1475.0,44.4,13.85,31.7,32.0,31.7,31.9,optimal,optimal,optimal,optimal,optimal,optimal,↑ increasing,→ stable,→ stable,99.5,✅ EXCELLENT,False,NONE,3.5,0.0,NONE
1779688685.35,78.6,89.1,32.0,1470.0,45.0,13.8,32.0,32.3,32.0,32.2,optimal,optimal,optimal,optimal,optimal,optimal,↑ increasing,↓ decreasing,→ stable,99.5,✅ EXCELLENT,False,NONE,3.4,0.4,NONE
1779688686.351,79.9,89.3,32.1,1511.0,45.8,13.77,32.4,32.3,31.8,31.8,optimal,optimal,optimal,optimal,optimal,optimal,→ stable,→ stable,→ stable,99.5,✅ EXCELLENT,False,NONE,3.3,0.2,NONE
1779688687.352,80.4,90.6,31.6,1511.0,45.6,13.78,32.2,32.0,31.9,32.0,optimal,optimal,optimal,optimal,optimal,optimal,↑ increasing,→ stable,→ stable,99.5,✅ EXCELLENT,False,NONE,3.9,0.0,NONE
1779688688.353,79.7,91.2,31.7,1486.0,45.7,13.82,31.8,31.8,32.0,32.1,optimal,optimal,optimal,optimal,optimal,optimal,→ stable,→ stable,→ stable,99.5,✅ EXCELLENT,False,NONE,3.8,0.0,NONE
1779688689.354,78.5,88.9,32.0,1528.0,45.8,13.8,32.1,32.1,31.7,31.7,optimal,optimal,optimal,optimal,optimal,optimal,→ stable,→ stable,→ stable,99.5,✅ EXCELLENT,False,NONE,3.4,0.6,NONE
1779688690.355,81.2,88.5,32.1,1529.0,44.6,13.78,32.2,31.7,32.2,32.1,optimal,optimal,optimal,optimal,optimal,optimal,→ stable,→ stable,→ stable,99.5,✅ EXCELLENT,False,NONE,3.4,1.1,NONE
1779688691.355,77.8,89.2,32.2,1539.0,45.7,13.85,31.9,32.2,31.8,32.2,optimal,optimal,optimal,optimal,optimal,optimal,→ stable,→ stable,→ stable,99.5,✅ EXCELLENT,False,NONE,3.1,0.3,NONE
1779688692.356,82.6,89.0,32.2,1502.0,45.5,13.78,32.2,31.6,32.4,32.1,optimal,optimal,optimal,optimal,optimal,optimal,→ stable,→ stable,→ stable,99.5,✅ EXCELLENT,False,NONE,3.3,0.5,NONE
1779688693.357,77.9,91.0,32.2,1471.0,45.3,13.83,32.0,32.1,31.7,32.3,optimal,optimal,optimal,optimal,optimal,optimal,↓ decreasing,→ stable,→ stable,99.5,✅ EXCELLENT,False,NONE,3.1,0.0,NONE
1779688694.359,78.4,90.7,32.3,1488.0,45.2,13.8,32.1,32.2,32.0,32.2,optimal,optimal,optimal,optimal,optimal,optimal,↓ decreasing,→ stable,→ stable,99.5,✅ EXCELLENT,False,NONE,3.0,0.0,NONE
1779688695.36,80.4,89.1,32.1,1537.0,44.1,13.8,32.2,32.1,31.6,31.9,optimal,optimal,optimal,optimal,optimal,optimal,↓ decreasing,→ stable,→ stable,99.5,✅ EXCELLENT,False,NONE,3.3,0.4,NONE
1779688696.36,80.2,91.2,31.9,1517.0,45.1,13.85,31.7,31.9,31.6,31.9,optimal,optimal,optimal,optimal,optimal,optimal,↓ decreasing,→ stable,→ stable,99.5,✅ EXCELLENT,False,NONE,3.6,0.0,NONE
1779688697.36,78.9,90.6,32.0,1531.0,45.5,13.8,32.3,31.9,32.2,32.0,optimal,optimal,optimal,optimal,optimal,optimal,↓ decreasing,→ stable,→ stable,99.5,✅ EXCELLENT,False,NONE,3.4,0.0,NONE
1779688698.36,78.7,89.4,31.7,1521.0,45.6,13.82,31.9,32.0,31.9,32.1,optimal,optimal,optimal,optimal,optimal,optimal,↓ decreasing,→ stable,→ stable,99.5,✅ EXCELLENT,False,NONE,3.7,0.2,NONE
1779688699.36,77.9,91.4,32.3,1502.0,44.5,13.82,32.3,32.0,31.8,32.2,optimal,optimal,optimal,optimal,optimal,optimal,↓ decreasing,→ stable,→ stable,99.5,✅ EXCELLENT,False,NONE,3.0,0.0,NONE
1779688700.361,77.9,90.9,31.6,1523.0,44.6,13.82,32.0,31.9,32.2,32.1,optimal,optimal,optimal,optimal,optimal,optimal,↓ decreasing,↑ increasing,→ stable,99.5,✅ EXCELLENT,False,NONE,3.8,0.0,NONE
1779688701.361,78.1,91.3,31.9,1510.0,45.4,13.8,31.7,31.9,32.1,32.0,optimal,optimal,optimal,optimal,optimal,optimal,↓ decreasing,↑ increasing,→ stable,99.5,✅ EXCELLENT,False,NONE,3.5,0.0,NONE
1779688702.361,78.6,90.6,32.3,1454.0,44.1,13.75,31.9,32.0,31.8,31.8,optimal,optimal,optimal,optimal,optimal,optimal,↓ decreasing,↑ increasing,→ stable,99.5,✅ EXCELLENT,False,NONE,3.0,0.0,NONE
1779688703.361,77.8,91.0,31.9,1482.0,45.2,13.79,32.0,31.8,32.4,32.3,optimal,optimal,optimal,optimal,optimal,optimal,↓ decreasing,↑ increasing,→ stable,99.5,✅ EXCELLENT,False,NONE,3.4,0.0,NONE
1779688704.362,77.1,89.4,32.0,1468.0,45.7,13.77,32.2,32.0,32.1,32.2,optimal,optimal,optimal,optimal,optimal,optimal,↓ decreasing,↑ increasing,→ stable,99.5,✅ EXCELLENT,False,NONE,3.3,0.2,NONE
1779688705.364,81.1,91.1,32.3,1469.0,44.0,13.77,32.2,31.6,32.0,32.1,optimal,optimal,optimal,optimal,optimal,optimal,↓ decreasing,↑ increasing,→ stable,99.5,✅ EXCELLENT,False,NONE,3.1,0.0,NONE
1779688706.364,81.8,89.9,31.8,1488.0,45.1,13.82,31.7,31.7,31.9,31.7,optimal,optimal,optimal,optimal,optimal,optimal,↓ decreasing,↑ increasing,→ stable,99.5,✅ EXCELLENT,False,NONE,3.7,0.0,NONE
1779688707.364,77.7,90.4,32.2,1512.0,44.6,13.78,32.1,32.2,32.0,31.9,optimal,optimal,optimal,optimal,optimal,optimal,↓ decreasing,↑ increasing,→ stable,99.5,✅ EXCELLENT,False,NONE,3.1,0.0,NONE
1779688708.364,82.5,90.0,32.3,1531.0,45.6,13.78,31.8,32.1,32.3,32.1,optimal,optimal,optimal,optimal,optimal,optimal,→ stable,↑ increasing,→ stable,99.5,✅ EXCELLENT,False,NONE,3.2,0.0,NONE
1779688709.364,79.0,91.5,32.3,1518.0,46.0,13.81,31.6,32.4,32.2,31.7,optimal,optimal,optimal,optimal,optimal,optimal,→ stable,↑ increasing,→ stable,99.5,✅ EXCELLENT,False,NONE,3.0,0.0,NONE
1779688710.365,80.7,90.6,32.1,1515.0,45.7,13.77,32.0,31.7,31.8,32.4,optimal,optimal,optimal,optimal,optimal,optimal,→ stable,→ stable,→ stable,99.5,✅ EXCELLENT,False,NONE,3.3,0.0,NONE
1779688711.365,77.5,89.5,31.8,1539.0,44.4,13.76,31.8,31.7,31.9,31.7,optimal,optimal,optimal,optimal,optimal,optimal,→ stable,→ stable,→ stable,99.5,✅ EXCELLENT,False,NONE,3.5,0.1,NONE
1779688712.365,78.3,90.1,32.2,1451.0,44.6,13.8,31.8,31.6,31.7,32.3,optimal,optimal,optimal,optimal,optimal,optimal,↑ increasing,→ stable,→ stable,99.5,✅ EXCELLENT,False,NONE,3.1,0.0,NONE
1779688713.366,79.2,89.2,32.1,1508.0,45.8,13.76,32.2,32.0,31.9,32.0,optimal,optimal,optimal,optimal,optimal,optimal,↑ increasing,→ stable,→ stable,99.5,✅ EXCELLENT,False,NONE,3.3,0.3,NONE
1779688714.368,80.5,90.5,32.0,1503.0,45.2,13.8,32.2,31.6,32.2,32.3,optimal,optimal,optimal,optimal,optimal,optimal,↑ increasing,→ stable,→ stable,99.5,✅ EXCELLENT,False,NONE,3.5,0.0,NONE
1779688715.368,78.2,88.5,31.9,1548.0,45.2,13.8,32.3,32.1,31.7,31.8,optimal,optimal,optimal,optimal,optimal,optimal,↑ increasing,↓ decreasing,→ stable,99.5,✅ EXCELLENT,False,NONE,3.5,1.1,NONE
1779688716.369,82.5,90.3,32.0,1477.0,44.9,13.85,32.2,31.6,31.9,31.8,optimal,optimal,optimal,optimal,optimal,optimal,↑ increasing,→ stable,→ stable,99.5,✅ EXCELLENT,False,NONE,3.5,0.0,NONE
1779688717.37,82.9,90.5,32.1,1525.0,44.2,13.84,31.7,32.1,32.3,32.3,optimal,optimal,optimal,optimal,optimal,optimal,↑ increasing,→ stable,→ stable,99.5,✅ EXCELLENT,False,NONE,3.4,0.0,NONE
1779688718.37,79.7,91.0,32.0,1548.0,45.1,13.75,31.9,32.2,32.4,32.3,optimal,optimal,optimal,optimal,optimal,optimal,↑ increasing,→ stable,→ stable,99.5,✅ EXCELLENT,False,NONE,3.4,0.0,NONE
1779688719.37,80.9,88.6,32.1,1475.0,44.4,13.82,31.9,32.0,32.2,31.9,optimal,optimal,optimal,optimal,optimal,optimal,↑ increasing,↓ decreasing,→ stable,99.5,✅ EXCELLENT,False,NONE,3.4,1.0,NONE
1779688720.371,77.8,90.0,32.1,1512.0,44.7,13.83,32.4,32.4,31.8,32.3,optimal,optimal,optimal,optimal,optimal,optimal,→ stable,↓ decreasing,→ stable,99.5,✅ EXCELLENT,False,NONE,3.2,0.0,NONE
1779688721.372,79.5,90.7,31.8,1487.0,44.3,13.84,32.0,32.1,31.8,32.2,optimal,optimal,optimal,optimal,optimal,optimal,↑ increasing,→ stable,→ stable,99.5,✅ EXCELLENT,False,NONE,3.6,0.0,NONE
1779688722.373,82.4,88.9,31.9,1496.0,45.4,13.76,31.8,31.7,32.3,32.2,optimal,optimal,optimal,optimal,optimal,optimal,↑ increasing,↓ decreasing,→ stable,99.5,✅ EXCELLENT,False,NONE,3.6,0.6,NONE
1779688723.375,81.4,89.8,31.9,1522.0,44.5,13.78,31.6,31.9,32.3,32.0,optimal,optimal,optimal,optimal,optimal,optimal,↑ increasing,→ stable,→ stable,99.5,✅ EXCELLENT,False,NONE,3.6,0.0,NONE
1779688724.375,77.9,88.9,31.6,1511.0,45.0,13.79,32.1,32.0,32.4,31.7,optimal,optimal,optimal,optimal,optimal,optimal,→ stable,↓ decreasing,→ stable,99.5,✅ EXCELLENT,False,NONE,3.8,0.6,NONE
1779688725.376,80.3,88.6,31.8,1457.0,45.7,13.79,32.2,32.2,31.6,32.3,optimal,optimal,optimal,optimal,optimal,optimal,↑ increasing,→ stable,→ stable,99.5,✅ EXCELLENT,False,NONE,3.7,1.0,NONE
1779688726.376,80.4,90.2,31.9,1549.0,44.7,13.77,31.8,32.3,32.4,32.1,optimal,optimal,optimal,optimal,optimal,optimal,↑ increasing,→ stable,→ stable,99.5,✅ EXCELLENT,False,NONE,3.6,0.0,NONE
1779688727.376,78.8,90.6,32.0,1473.0,45.8,13.85,32.2,31.8,31.6,31.9,optimal,optimal,optimal,optimal,optimal,optimal,→ stable,→ stable,→ stable,99.5,✅ EXCELLENT,False,NONE,3.4,0.0,NONE
1779688728.378,78.5,90.4,31.6,1506.0,44.3,13.78,32.0,31.8,32.3,31.7,optimal,optimal,optimal,optimal,optimal,optimal,→ stable,→ stable,→ stable,99.5,✅ EXCELLENT,False,NONE,3.8,0.0,NONE
1779688729.378,79.6,91.4,32.1,1464.0,45.7,13.77,32.1,31.9,32.3,31.8,optimal,optimal,optimal,optimal,optimal,optimal,→ stable,→ stable,→ stable,99.5,✅ EXCELLENT,False,NONE,3.3,0.0,NONE
1779688730.379,78.0,89.3,32.4,1484.0,45.8,13.85,31.8,31.9,31.9,32.0,optimal,optimal,optimal,optimal,optimal,optimal,→ stable,→ stable,→ stable,99.5,✅ EXCELLENT,False,NONE,2.9,0.2,NONE
1779688731.38,79.6,90.4,31.9,1512.0,45.5,13.79,32.3,31.8,32.1,31.6,optimal,optimal,optimal,optimal,optimal,optimal,→ stable,→ stable,→ stable,99.5,✅ EXCELLENT,False,NONE,3.5,0.0,NONE
1779688732.382,77.8,90.4,32.3,1538.0,44.1,13.83,32.1,31.9,32.1,32.1,optimal,optimal,optimal,optimal,optimal,optimal,↓ decreasing,→ stable,→ stable,99.5,✅ EXCELLENT,False,NONE,3.0,0.0,NONE
1779688733.382,77.9,91.4,32.0,1463.0,44.4,13.78,32.1,32.3,32.0,32.3,optimal,optimal,optimal,optimal,optimal,optimal,↓ decreasing,→ stable,→ stable,99.5,✅ EXCELLENT,False,NONE,3.3,0.0,NONE
1779688734.383,78.8,90.5,31.8,1512.0,44.6,13.8,32.1,31.9,31.7,31.7,optimal,optimal,optimal,optimal,optimal,optimal,↓ decreasing,↑ increasing,→ stable,99.5,✅ EXCELLENT,False,NONE,3.6,0.0,NONE
1779688735.384,77.4,90.2,31.8,1481.0,45.1,13.76,32.0,32.4,32.4,31.7,optimal,optimal,optimal,optimal,optimal,optimal,↓ decreasing,↑ increasing,→ stable,99.5,✅ EXCELLENT,False,NONE,3.5,0.0,NONE
1779688736.384,78.4,91.2,31.8,1519.0,45.1,13.81,32.1,32.3,31.9,31.7,optimal,optimal,optimal,optimal,optimal,optimal,↓ decreasing,↑ increasing,→ stable,99.5,✅ EXCELLENT,False,NONE,3.6,0.0,NONE
1779688737.384,80.5,90.6,31.8,1500.0,44.9,13.83,32.1,31.6,32.3,31.9,optimal,optimal,optimal,optimal,optimal,optimal,↓ decreasing,↑ increasing,→ stable,99.5,✅ EXCELLENT,False,NONE,3.7,0.0,NONE
1779688738.385,78.3,90.7,32.4,1540.0,45.3,13.82,31.8,31.7,32.1,32.0,optimal,optimal,optimal,optimal,optimal,optimal,↓ decreasing,↑ increasing,→ stable,99.5,✅ EXCELLENT,False,NONE,2.9,0.0,NONE
1779688739.385,80.6,88.5,32.4,1532.0,44.6,13.76,32.4,32.0,32.4,32.2,optimal,optimal,optimal,optimal,optimal,optimal,↓ decreasing,→ stable,→ stable,99.5,✅ EXCELLENT,False,NONE,3.0,1.1,NONE
1779688740.385,82.9,90.8,32.0,1547.0,44.8,13.83,31.8,32.1,31.7,32.1,optimal,optimal,optimal,optimal,optimal,optimal,→ stable,↑ increasing,→ stable,99.5,✅ EXCELLENT,False,NONE,3.6,0.0,NONE
1779688741.386,77.7,90.8,31.6,1468.0,45.0,13.82,31.8,32.4,32.2,32.4,optimal,optimal,optimal,optimal,optimal,optimal,↓ decreasing,↑ increasing,→ stable,99.5,✅ EXCELLENT,False,NONE,3.8,0.0,NONE
1779688742.386,80.0,89.1,32.2,1537.0,44.5,13.82,31.9,32.4,31.7,31.8,optimal,optimal,optimal,optimal,optimal,optimal,→ stable,→ stable,→ stable,99.5,✅ EXCELLENT,False,NONE,3.2,0.4,NONE
1779688743.387,78.2,90.4,32.0,1529.0,45.4,13.77,31.9,32.2,32.2,31.9,optimal,optimal,optimal,optimal,optimal,optimal,→ stable,→ stable,→ stable,99.5,✅ EXCELLENT,False,NONE,3.4,0.0,NONE
1779688744.388,81.0,90.3,32.0,1452.0,45.3,13.79,31.8,32.1,32.4,32.3,optimal,optimal,optimal,optimal,optimal,optimal,↑ increasing,→ stable,→ stable,99.5,✅ EXCELLENT,False,NONE,3.5,0.0,NONE
1779688745.389,81.8,91.1,31.8,1464.0,45.5,13.83,32.0,31.7,32.4,31.7,optimal,optimal,optimal,optimal,optimal,optimal,↑ increasing,→ stable,→ stable,99.5,✅ EXCELLENT,False,NONE,3.7,0.0,NONE
1779688746.389,77.2,91.3,31.9,1507.0,44.2,13.83,31.8,32.0,32.3,32.0,optimal,optimal,optimal,optimal,optimal,optimal,↑ increasing,→ stable,→ stable,99.5,✅ EXCELLENT,False,NONE,3.4,0.0,NONE
1779688747.391,82.6,89.3,31.9,1460.0,44.2,13.79,32.0,32.1,31.8,32.1,optimal,optimal,optimal,optimal,optimal,optimal,↑ increasing,→ stable,→ stable,99.5,✅ EXCELLENT,False,NONE,3.7,0.2,NONE
1779688748.392,80.5,90.3,31.7,1511.0,44.6,13.8,32.0,32.2,32.2,32.3,optimal,optimal,optimal,optimal,optimal,optimal,↑ increasing,→ stable,→ stable,99.5,✅ EXCELLENT,False,NONE,3.8,0.0,NONE
1779688749.392,79.1,89.1,31.8,1534.0,44.3,13.76,32.1,31.8,32.0,31.6,optimal,optimal,optimal,optimal,optimal,optimal,↑ increasing,→ stable,→ stable,99.5,✅ EXCELLENT,False,NONE,3.6,0.4,NONE
1779688750.393,79.9,89.3,32.3,1450.0,45.2,13.76,31.7,32.3,31.6,32.3,optimal,optimal,optimal,optimal,optimal,optimal,↑ increasing,→ stable,→ stable,99.5,✅ EXCELLENT,False,NONE,3.1,0.2,NONE
1779688751.394,77.7,91.2,32.1,1498.0,44.5,13.79,32.3,32.3,32.1,32.0,optimal,optimal,optimal,optimal,optimal,optimal,↑ increasing,→ stable,→ stable,99.5,✅ EXCELLENT,False,NONE,3.2,0.0,NONE
1779688752.396,79.4,90.4,32.4,1535.0,44.9,13.85,31.6,32.0,32.3,31.7,optimal,optimal,optimal,optimal,optimal,optimal,→ stable,→ stable,→ stable,99.5,✅ EXCELLENT,False,NONE,2.9,0.0,NONE
1779688753.396,80.1,89.5,32.3,1456.0,44.7,13.75,31.8,32.1,31.7,32.2,optimal,optimal,optimal,optimal,optimal,optimal,↑ increasing,→ stable,→ stable,99.5,✅ EXCELLENT,False,NONE,3.1,0.1,NONE
1779688754.397,81.5,88.6,31.6,1472.0,44.3,13.77,31.8,32.2,31.7,32.1,optimal,optimal,optimal,optimal,optimal,optimal,→ stable,→ stable,→ stable,99.5,✅ EXCELLENT,False,NONE,4.0,1.0,NONE
1779688755.399,81.7,89.0,31.7,1514.0,45.6,13.8,32.0,32.3,31.9,31.6,optimal,optimal,optimal,optimal,optimal,optimal,→ stable,↓ decreasing,→ stable,99.5,✅ EXCELLENT,False,NONE,3.9,0.5,NONE
1779688756.399,82.3,89.2,31.6,1494.0,45.6,13.8,31.7,32.2,31.8,32.3,optimal,optimal,optimal,optimal,optimal,optimal,↑ increasing,↓ decreasing,→ stable,99.5,✅ EXCELLENT,False,NONE,4.0,0.3,NONE
1779688757.401,81.9,88.8,31.8,1475.0,45.4,13.75,32.4,32.1,32.0,32.1,optimal,optimal,optimal,optimal,optimal,optimal,→ stable,↓ decreasing,→ stable,99.5,✅ EXCELLENT,False,NONE,3.7,0.7,NONE
1779688758.401,77.7,88.8,31.9,1467.0,45.7,13.8,31.8,32.3,31.7,31.7,optimal,optimal,optimal,optimal,optimal,optimal,→ stable,↓ decreasing,→ stable,99.5,✅ EXCELLENT,False,NONE,3.4,0.7,NONE
1779688759.401,82.1,89.6,31.7,1471.0,45.6,13.78,32.3,31.9,32.0,32.0,optimal,optimal,optimal,optimal,optimal,optimal,→ stable,↓ decreasing,→ stable,99.5,✅ EXCELLENT,False,NONE,3.9,0.1,NONE
1779688760.402,78.4,90.5,32.2,1484.0,44.6,13.84,31.8,32.3,32.0,31.9,optimal,optimal,optimal,optimal,optimal,optimal,→ stable,↓ decreasing,→ stable,99.5,✅ EXCELLENT,False,NONE,3.1,0.0,NONE
1779688761.403,82.4,90.1,31.9,1467.0,44.1,13.8,32.1,32.0,32.2,32.4,optimal,optimal,optimal,optimal,optimal,optimal,↑ increasing,↓ decreasing,→ stable,99.5,✅ EXCELLENT,False,NONE,3.6,0.0,NONE
1779688762.404,78.0,89.9,31.8,1524.0,44.6,13.81,32.0,31.9,31.6,32.2,optimal,optimal,optimal,optimal,optimal,optimal,↑ increasing,↓ decreasing,→ stable,99.5,✅ EXCELLENT,False,NONE,3.6,0.0,NONE
1779688763.406,81.1,89.8,31.7,1495.0,45.8,13.77,31.6,31.9,32.2,31.8,optimal,optimal,optimal,optimal,optimal,optimal,↑ increasing,↓ decreasing,→ stable,99.5,✅ EXCELLENT,False,NONE,3.8,0.0,NONE
1779688764.406,80.9,89.7,31.6,1491.0,44.8,13.79,32.3,32.1,32.3,31.7,optimal,optimal,optimal,optimal,optimal,optimal,↑ increasing,→ stable,→ stable,99.5,✅ EXCELLENT,False,NONE,3.9,0.0,NONE
1779688765.407,81.1,91.1,31.7,1541.0,45.5,13.79,31.7,32.1,31.7,31.7,optimal,optimal,optimal,optimal,optimal,optimal,↑ increasing,→ stable,→ stable,99.5,✅ EXCELLENT,False,NONE,3.8,0.0,NONE
1779688766.408,77.2,89.1,32.1,1536.0,44.8,13.79,32.1,32.0,32.3,32.0,optimal,optimal,optimal,optimal,optimal,optimal,→ stable,→ stable,→ stable,99.5,✅ EXCELLENT,False,NONE,3.2,0.4,NONE
1779688767.409,82.8,90.6,32.0,1532.0,45.9,13.82,31.9,32.0,31.8,32.2,optimal,optimal,optimal,optimal,optimal,optimal,→ stable,→ stable,→ stable,99.5,✅ EXCELLENT,False,NONE,3.5,0.0,NONE
1779688768.409,80.7,90.7,32.0,1529.0,44.7,13.84,31.7,31.6,31.8,32.3,optimal,optimal,optimal,optimal,optimal,optimal,→ stable,↑ increasing,→ stable,99.5,✅ EXCELLENT,False,NONE,3.5,0.0,NONE
1779688769.411,78.1,89.9,31.8,1524.0,45.8,13.83,31.7,32.2,31.7,31.9,optimal,optimal,optimal,optimal,optimal,optimal,→ stable,↑ increasing,→ stable,99.5,✅ EXCELLENT,False,NONE,3.6,0.0,NONE
1779688770.413,77.2,88.8,31.9,1470.0,44.8,13.81,31.8,32.3,32.1,32.0,optimal,optimal,optimal,optimal,optimal,optimal,→ stable,→ stable,→ stable,99.5,✅ EXCELLENT,False,NONE,3.4,0.7,NONE
1779688771.414,78.2,89.0,31.8,1512.0,44.6,13.78,31.7,32.0,31.9,32.2,optimal,optimal,optimal,optimal,optimal,optimal,↓ decreasing,→ stable,→ stable,99.5,✅ EXCELLENT,False,NONE,3.6,0.5,NONE
1779688772.415,79.0,89.0,31.8,1458.0,44.4,13.79,32.2,31.9,32.2,31.8,optimal,optimal,optimal,optimal,optimal,optimal,↓ decreasing,→ stable,→ stable,99.5,✅ EXCELLENT,False,NONE,3.6,0.5,NONE
1779688773.417,81.9,88.8,31.9,1459.0,44.0,13.81,32.1,31.7,31.7,31.9,optimal,optimal,optimal,optimal,optimal,optimal,↓ decreasing,→ stable,→ stable,99.5,✅ EXCELLENT,False,NONE,3.6,0.7,NONE
1779688774.417,80.3,91.0,32.2,1505.0,45.9,13.82,32.0,31.6,32.0,32.0,optimal,optimal,optimal,optimal,optimal,optimal,↓ decreasing,→ stable,→ stable,99.5,✅ EXCELLENT,False,NONE,3.2,0.0,NONE
1779688775.418,80.7,89.6,32.1,1483.0,45.4,13.81,31.8,32.0,32.2,32.0,optimal,optimal,optimal,optimal,optimal,optimal,↓ decreasing,→ stable,→ stable,99.5,✅ EXCELLENT,False,NONE,3.3,0.1,NONE
1779688776.419,81.6,88.9,32.0,1485.0,45.0,13.79,31.6,32.3,32.0,31.6,optimal,optimal,optimal,optimal,optimal,optimal,→ stable,→ stable,→ stable,99.5,✅ EXCELLENT,False,NONE,3.5,0.6,NONE
1779688777.419,82.5,90.6,31.8,1476.0,45.4,13.78,32.2,31.7,31.9,32.0,optimal,optimal,optimal,optimal,optimal,optimal,→ stable,→ stable,→ stable,99.5,✅ EXCELLENT,False,NONE,3.8,0.0,NONE
1779688778.42,81.3,88.7,31.7,1536.0,45.3,13.81,32.2,32.0,32.3,32.2,optimal,optimal,optimal,optimal,optimal,optimal,→ stable,↓ decreasing,→ stable,99.5,✅ EXCELLENT,False,NONE,3.8,0.8,NONE
1779688779.421,78.6,89.5,31.9,1473.0,44.6,13.78,31.8,32.0,32.4,31.7,optimal,optimal,optimal,optimal,optimal,optimal,→ stable,↓ decreasing,→ stable,99.5,✅ EXCELLENT,False,NONE,3.5,0.1,NONE
1779688780.423,79.6,89.2,31.9,1462.0,45.1,13.8,31.9,31.9,32.3,32.0,optimal,optimal,optimal,optimal,optimal,optimal,→ stable,↓ decreasing,→ stable,99.5,✅ EXCELLENT,False,NONE,3.5,0.3,NONE
1779688781.423,78.9,91.4,32.4,1500.0,44.9,13.82,32.0,32.1,31.9,31.8,optimal,optimal,optimal,optimal,optimal,optimal,↑ increasing,→ stable,→ stable,99.5,✅ EXCELLENT,False,NONE,2.9,0.0,NONE
1779688782.424,81.3,89.4,31.9,1457.0,44.4,13.79,32.3,32.1,31.6,31.8,optimal,optimal,optimal,optimal,optimal,optimal,↑ increasing,→ stable,→ stable,99.5,✅ EXCELLENT,False,NONE,3.6,0.2,NONE
1779688783.425,79.6,89.6,31.8,1469.0,44.6,13.75,31.7,32.0,32.0,32.2,optimal,optimal,optimal,optimal,optimal,optimal,↑ increasing,→ stable,→ stable,99.5,✅ EXCELLENT,False,NONE,3.6,0.1,NONE
1779688784.425,79.7,89.1,31.9,1466.0,44.4,13.83,31.7,32.1,32.0,31.8,optimal,optimal,optimal,optimal,optimal,optimal,↑ increasing,→ stable,→ stable,99.5,✅ EXCELLENT,False,NONE,3.5,0.4,NONE
1779688785.426,78.0,90.8,32.1,1511.0,45.9,13.83,32.0,32.4,32.2,32.1,optimal,optimal,optimal,optimal,optimal,optimal,→ stable,→ stable,→ stable,99.5,✅ EXCELLENT,False,NONE,3.2,0.0,NONE
1779688786.426,81.7,89.7,32.0,1533.0,44.0,13.75,32.3,32.3,32.3,32.4,optimal,optimal,optimal,optimal,optimal,optimal,→ stable,→ stable,→ stable,99.5,✅ EXCELLENT,False,NONE,3.5,0.0,NONE
1779688787.428,79.4,91.3,32.2,1517.0,44.3,13.78,32.4,32.3,31.7,32.0,optimal,optimal,optimal,optimal,optimal,optimal,→ stable,→ stable,→ stable,99.5,✅ EXCELLENT,False,NONE,3.2,0.0,NONE
1779688788.429,80.8,91.1,32.3,1465.0,45.3,13.83,32.4,32.2,32.3,31.7,optimal,optimal,optimal,optimal,optimal,optimal,→ stable,↑ increasing,→ stable,99.5,✅ EXCELLENT,False,NONE,3.1,0.0,NONE
1779688789.43,77.1,88.7,32.4,1547.0,45.6,13.75,31.8,32.0,31.6,31.7,optimal,optimal,optimal,optimal,optimal,optimal,↓ decreasing,↑ increasing,→ stable,99.5,✅ EXCELLENT,False,NONE,2.9,0.8,NONE
1779688790.43,77.5,88.9,31.6,1528.0,44.2,13.81,31.8,32.3,32.3,31.6,optimal,optimal,optimal,optimal,optimal,optimal,↓ decreasing,↑ increasing,→ stable,99.5,✅ EXCELLENT,False,NONE,3.8,0.6,NONE
1779688791.431,79.9,91.3,31.9,1469.0,45.8,13.8,32.0,32.3,32.0,31.6,optimal,optimal,optimal,optimal,optimal,optimal,↓ decreasing,→ stable,→ stable,99.5,✅ EXCELLENT,False,NONE,3.5,0.0,NONE
1779688792.432,79.7,91.2,31.9,1498.0,45.7,13.83,32.1,32.2,32.1,32.0,optimal,optimal,optimal,optimal,optimal,optimal,↓ decreasing,→ stable,→ stable,99.5,✅ EXCELLENT,False,NONE,3.5,0.0,NONE
1779688793.432,80.3,88.6,32.3,1472.0,44.4,13.8,32.1,31.7,31.7,31.9,optimal,optimal,optimal,optimal,optimal,optimal,↓ decreasing,→ stable,→ stable,99.5,✅ EXCELLENT,False,NONE,3.1,1.0,NONE
1779688794.433,79.8,89.3,32.0,1452.0,44.9,13.82,32.4,31.9,32.2,31.8,optimal,optimal,optimal,optimal,optimal,optimal,↓ decreasing,→ stable,→ stable,99.5,✅ EXCELLENT,False,NONE,3.4,0.2,NONE
1779688795.435,79.3,89.9,31.8,1516.0,44.4,13.75,31.9,32.1,32.1,32.2,optimal,optimal,optimal,optimal,optimal,optimal,↓ decreasing,→ stable,→ stable,99.5,✅ EXCELLENT,False,NONE,3.6,0.0,NONE
1779688796.435,80.8,91.0,32.3,1546.0,44.9,13.82,32.0,32.1,31.6,32.0,optimal,optimal,optimal,optimal,optimal,optimal,↓ decreasing,→ stable,→ stable,99.5,✅ EXCELLENT,False,NONE,3.1,0.0,NONE
1779688797.435,78.3,90.8,31.8,1532.0,45.3,13.76,31.9,31.9,31.6,32.1,optimal,optimal,optimal,optimal,optimal,optimal,→ stable,→ stable,→ stable,99.5,✅ EXCELLENT,False,NONE,3.6,0.0,NONE
1779688798.436,77.5,89.1,32.2,1459.0,45.4,13.84,32.0,32.3,31.9,32.2,optimal,optimal,optimal,optimal,optimal,optimal,↓ decreasing,→ stable,→ stable,99.5,✅ EXCELLENT,False,NONE,3.1,0.4,NONE
1779688799.437,81.0,90.8,31.6,1476.0,45.4,13.85,31.8,32.0,31.7,32.2,optimal,optimal,optimal,optimal,optimal,optimal,→ stable,→ stable,→ stable,99.5,✅ EXCELLENT,False,NONE,3.9,0.0,NONE
1779688800.439,81.9,89.0,32.0,1526.0,45.3,13.79,31.7,32.4,32.1,32.2,optimal,optimal,optimal,optimal,optimal,optimal,→ stable,→ stable,→ stable,99.5,✅ EXCELLENT,False,NONE,3.5,0.5,NONE
1779688801.439,80.4,89.1,32.0,1501.0,45.1,13.81,31.8,32.3,32.3,32.2,optimal,optimal,optimal,optimal,optimal,optimal,→ stable,→ stable,→ stable,99.5,✅ EXCELLENT,False,NONE,3.4,0.4,NONE
1779688802.44,80.7,88.7,31.9,1478.0,44.7,13.8,32.1,31.6,31.7,31.6,optimal,optimal,optimal,optimal,optimal,optimal,↑ increasing,↓ decreasing,→ stable,99.5,✅ EXCELLENT,False,NONE,3.6,0.8,NONE
1779688803.441,78.0,90.9,31.6,1474.0,44.0,13.83,32.0,32.1,32.1,32.1,optimal,optimal,optimal,optimal,optimal,optimal,→ stable,→ stable,→ stable,99.5,✅ EXCELLENT,False,NONE,3.8,0.0,NONE
1779688804.442,81.7,90.3,32.2,1535.0,44.9,13.76,32.2,31.8,32.0,32.3,optimal,optimal,optimal,optimal,optimal,optimal,↑ increasing,→ stable,→ stable,99.5,✅ EXCELLENT,False,NONE,3.3,0.0,NONE
1779688805.443,78.5,91.5,32.4,1453.0,44.5,13.78,32.1,31.8,32.2,31.9,optimal,optimal,optimal,optimal,optimal,optimal,→ stable,→ stable,→ stable,99.5,✅ EXCELLENT,False,NONE,2.9,0.0,NONE
1779688806.444,77.5,88.8,32.1,1490.0,44.9,13.76,31.9,32.0,32.3,31.7,optimal,optimal,optimal,optimal,optimal,optimal,→ stable,→ stable,→ stable,99.5,✅ EXCELLENT,False,NONE,3.2,0.7,NONE
1779688807.445,79.1,91.3,32.2,1458.0,45.4,13.75,32.4,31.6,31.7,32.0,optimal,optimal,optimal,optimal,optimal,optimal,→ stable,→ stable,→ stable,99.5,✅ EXCELLENT,False,NONE,3.2,0.0,NONE
1779688808.447,80.3,88.6,31.6,1507.0,45.2,13.82,31.7,32.3,32.3,31.9,optimal,optimal,optimal,optimal,optimal,optimal,↑ increasing,→ stable,→ stable,99.5,✅ EXCELLENT,False,NONE,3.9,1.0,NONE
1779688809.447,82.9,89.1,32.3,1539.0,45.8,13.79,32.4,32.0,32.3,31.9,optimal,optimal,optimal,optimal,optimal,optimal,↑ increasing,→ stable,→ stable,99.5,✅ EXCELLENT,False,NONE,3.2,0.4,NONE
1779688810.448,77.5,90.5,32.1,1508.0,45.6,13.76,32.1,31.8,32.2,31.7,optimal,optimal,optimal,optimal,optimal,optimal,→ stable,→ stable,→ stable,99.5,✅ EXCELLENT,False,NONE,3.2,0.0,NONE
1779688811.449,79.3,89.6,31.7,1524.0,44.0,13.8,32.2,31.8,32.4,32.3,optimal,optimal,optimal,optimal,optimal,optimal,→ stable,→ stable,→ stable,99.5,✅ EXCELLENT,False,NONE,3.7,0.1,NONE
1779688812.45,82.9,90.3,31.9,1524.0,44.9,13.8,31.7,31.6,32.1,31.6,optimal,optimal,optimal,optimal,optimal,optimal,→ stable,→ stable,→ stable,99.5,✅ EXCELLENT,False,NONE,3.7,0.0,NONE
1779688813.452,80.7,88.9,32.2,1547.0,44.6,13.82,31.9,32.4,32.4,31.6,optimal,optimal,optimal,optimal,optimal,optimal,→ stable,→ stable,→ stable,99.5,✅ EXCELLENT,False,NONE,3.2,0.6,NONE
1779688814.453,77.9,89.1,31.9,1505.0,44.3,13.83,31.7,31.7,32.3,31.9,optimal,optimal,optimal,optimal,optimal,optimal,→ stable,→ stable,→ stable,99.5,✅ EXCELLENT,False,NONE,3.4,0.4,NONE
1779688815.454,79.6,89.2,32.3,1503.0,44.5,13.83,31.7,32.2,31.7,31.8,optimal,optimal,optimal,optimal,optimal,optimal,→ stable,↓ decreasing,→ stable,99.5,✅ EXCELLENT,False,NONE,3.1,0.3,NONE
1779688816.456,78.0,89.6,32.1,1467.0,45.7,13.81,32.3,31.8,32.2,32.4,optimal,optimal,optimal,optimal,optimal,optimal,→ stable,→ stable,→ stable,99.5,✅ EXCELLENT,False,NONE,3.2,0.1,NONE
1779688817.456,79.2,90.9,32.3,1504.0,45.0,13.78,31.8,32.0,32.0,32.1,optimal,optimal,optimal,optimal,optimal,optimal,→ stable,→ stable,→ stable,99.5,✅ EXCELLENT,False,NONE,3.1,0.0,NONE
1779688818.456,79.8,89.3,31.9,1468.0,45.3,13.76,32.2,32.2,31.8,32.2,optimal,optimal,optimal,optimal,optimal,optimal,→ stable,→ stable,→ stable,99.5,✅ EXCELLENT,False,NONE,3.5,0.2,NONE
1779688819.456,81.0,90.8,31.8,1548.0,45.2,13.76,31.8,31.9,32.0,32.3,optimal,optimal,optimal,optimal,optimal,optimal,↓ decreasing,→ stable,→ stable,99.5,✅ EXCELLENT,False,NONE,3.7,0.0,NONE
1779688820.457,78.0,89.7,32.2,1518.0,44.0,13.84,32.1,31.9,31.7,32.3,optimal,optimal,optimal,optimal,optimal,optimal,→ stable,→ stable,→ stable,99.5,✅ EXCELLENT,False,NONE,3.1,0.0,NONE
1779688821.458,78.5,89.0,32.4,1496.0,45.4,13.78,32.1,31.7,31.8,31.7,optimal,optimal,optimal,optimal,optimal,optimal,→ stable,→ stable,→ stable,99.5,✅ EXCELLENT,False,NONE,2.9,0.5,NONE
1779688822.458,81.9,89.5,32.1,1475.0,44.9,13.8,32.0,32.3,32.1,32.0,optimal,optimal,optimal,optimal,optimal,optimal,→ stable,→ stable,→ stable,99.5,✅ EXCELLENT,False,NONE,3.4,0.1,NONE
1779688823.459,78.8,90.9,32.1,1545.0,44.5,13.78,32.3,32.1,32.2,32.2,optimal,optimal,optimal,optimal,optimal,optimal,↓ decreasing,→ stable,→ stable,99.5,✅ EXCELLENT,False,NONE,3.3,0.0,NONE
1779688824.459,80.1,89.3,31.6,1460.0,44.8,13.79,31.9,32.1,32.1,31.7,optimal,optimal,optimal,optimal,optimal,optimal,→ stable,→ stable,→ stable,99.5,✅ EXCELLENT,False,NONE,3.9,0.2,NONE
1779688825.461,78.1,88.8,31.9,1521.0,44.1,13.78,32.0,31.9,31.8,32.3,optimal,optimal,optimal,optimal,optimal,optimal,→ stable,→ stable,→ stable,99.5,✅ EXCELLENT,False,NONE,3.5,0.7,NONE
1779688826.462,82.6,91.2,31.6,1484.0,44.8,13.8,32.3,32.0,32.3,32.0,optimal,optimal,optimal,optimal,optimal,optimal,→ stable,→ stable,→ stable,99.5,✅ EXCELLENT,False,NONE,4.0,0.0,NONE
1779688827.463,78.7,91.1,32.1,1468.0,45.3,13.77,32.4,32.1,32.2,31.8,optimal,optimal,optimal,optimal,optimal,optimal,→ stable,→ stable,→ stable,99.5,✅ EXCELLENT,False,NONE,3.3,0.0,NONE
1779688828.463,82.7,91.5,32.1,1505.0,46.0,13.85,32.4,32.1,31.7,32.0,optimal,optimal,optimal,optimal,optimal,optimal,→ stable,↑ increasing,→ stable,99.5,✅ EXCELLENT,False,NONE,3.4,0.0,NONE
1779688829.463,82.7,89.2,31.8,1463.0,44.8,13.79,32.0,31.9,32.0,32.0,optimal,optimal,optimal,optimal,optimal,optimal,↑ increasing,→ stable,→ stable,99.5,✅ EXCELLENT,False,NONE,3.8,0.3,NONE
1779688830.463,78.7,89.2,32.3,1451.0,44.2,13.81,32.2,32.4,31.7,32.2,optimal,optimal,optimal,optimal,optimal,optimal,↑ increasing,→ stable,→ stable,99.5,✅ EXCELLENT,False,NONE,3.0,0.3,NONE
1779688831.463,79.5,89.2,31.7,1507.0,45.9,13.8,32.3,31.7,32.1,31.7,optimal,optimal,optimal,optimal,optimal,optimal,↑ increasing,→ stable,→ stable,99.5,✅ EXCELLENT,False,NONE,3.7,0.3,NONE
1779688832.464,78.3,89.9,31.8,1517.0,44.2,13.81,32.0,32.1,32.3,32.4,optimal,optimal,optimal,optimal,optimal,optimal,↑ increasing,→ stable,→ stable,99.5,✅ EXCELLENT,False,NONE,3.6,0.0,NONE
1779688833.465,79.6,89.3,32.2,1514.0,44.0,13.84,31.9,32.2,31.9,32.2,optimal,optimal,optimal,optimal,optimal,optimal,↑ increasing,→ stable,→ stable,99.5,✅ EXCELLENT,False,NONE,3.2,0.2,NONE
1779688834.466,80.7,91.1,31.9,1530.0,45.4,13.81,31.7,32.4,32.0,32.1,optimal,optimal,optimal,optimal,optimal,optimal,↑ increasing,→ stable,→ stable,99.5,✅ EXCELLENT,False,NONE,3.6,0.0,NONE
1779688835.467,77.5,90.9,31.6,1497.0,46.0,13.78,32.2,31.7,32.3,32.1,optimal,optimal,optimal,optimal,optimal,optimal,↑ increasing,→ stable,→ stable,99.5,✅ EXCELLENT,False,NONE,3.8,0.0,NONE
1779688836.467,80.8,90.2,32.3,1486.0,44.7,13.83,32.2,32.4,31.7,32.0,optimal,optimal,optimal,optimal,optimal,optimal,→ stable,→ stable,→ stable,99.5,✅ EXCELLENT,False,NONE,3.1,0.0,NONE
1779688837.468,79.2,90.5,31.7,1452.0,45.9,13.76,31.8,32.0,31.7,32.2,optimal,optimal,optimal,optimal,optimal,optimal,→ stable,→ stable,→ stable,99.5,✅ EXCELLENT,False,NONE,3.7,0.0,NONE
1779688838.469,77.9,89.0,32.1,1469.0,44.7,13.82,31.7,32.3,32.0,32.0,optimal,optimal,optimal,optimal,optimal,optimal,↓ decreasing,→ stable,→ stable,99.5,✅ EXCELLENT,False,NONE,3.2,0.5,NONE
1779688839.469,79.7,90.1,32.3,1456.0,45.7,13.75,32.1,31.7,31.7,31.8,optimal,optimal,optimal,optimal,optimal,optimal,↓ decreasing,→ stable,→ stable,99.5,✅ EXCELLENT,False,NONE,3.1,0.0,NONE
1779688840.469,78.1,91.4,32.1,1500.0,45.5,13.82,32.4,32.3,32.0,31.9,optimal,optimal,optimal,optimal,optimal,optimal,↓ decreasing,→ stable,→ stable,99.5,✅ EXCELLENT,False,NONE,3.2,0.0,NONE
1779688841.47,78.9,90.0,31.9,1491.0,45.7,13.78,32.0,31.8,32.4,32.0,optimal,optimal,optimal,optimal,optimal,optimal,↓ decreasing,→ stable,→ stable,99.5,✅ EXCELLENT,False,NONE,3.5,0.0,NONE
1779688842.471,78.4,89.3,31.7,1519.0,45.6,13.81,32.2,31.7,32.4,32.1,optimal,optimal,optimal,optimal,optimal,optimal,↓ decreasing,→ stable,→ stable,99.5,✅ EXCELLENT,False,NONE,3.7,0.2,NONE
1779688843.472,80.5,89.5,32.3,1541.0,45.4,13.78,31.7,31.7,32.2,32.0,optimal,optimal,optimal,optimal,optimal,optimal,↓ decreasing,→ stable,→ stable,99.5,✅ EXCELLENT,False,NONE,3.1,0.1,NONE
1779688844.473,82.7,90.4,32.2,1548.0,45.5,13.78,32.2,32.0,31.7,32.3,optimal,optimal,optimal,optimal,optimal,optimal,↓ decreasing,→ stable,→ stable,99.5,✅ EXCELLENT,False,NONE,3.3,0.0,NONE
1779688845.474,82.2,91.4,31.9,1473.0,45.9,13.82,32.1,32.3,31.7,32.0,optimal,optimal,optimal,optimal,optimal,optimal,→ stable,→ stable,→ stable,99.5,✅ EXCELLENT,False,NONE,3.6,0.0,NONE
1779688846.474,82.6,88.6,32.1,1472.0,46.0,13.8,32.2,31.8,31.8,32.4,optimal,optimal,optimal,optimal,optimal,optimal,→ stable,→ stable,→ stable,99.5,✅ EXCELLENT,False,NONE,3.4,1.0,NONE
1779688847.475,81.1,91.4,31.8,1535.0,45.5,13.76,32.1,32.1,32.1,32.2,optimal,optimal,optimal,optimal,optimal,optimal,→ stable,→ stable,→ stable,99.5,✅ EXCELLENT,False,NONE,3.7,0.0,NONE
1779688848.475,81.1,91.3,32.3,1535.0,45.6,13.81,32.2,31.9,31.8,32.0,optimal,optimal,optimal,optimal,optimal,optimal,↑ increasing,→ stable,→ stable,99.5,✅ EXCELLENT,False,NONE,3.1,0.0,NONE
1779688849.476,79.6,90.5,31.9,1502.0,44.5,13.8,31.7,32.3,31.7,32.0,optimal,optimal,optimal,optimal,optimal,optimal,↑ increasing,→ stable,→ stable,99.5,✅ EXCELLENT,False,NONE,3.5,0.0,NONE
1779688850.477,81.7,91.2,32.1,1546.0,44.4,13.83,31.7,32.0,32.2,31.8,optimal,optimal,optimal,optimal,optimal,optimal,↑ increasing,→ stable,→ stable,99.5,✅ EXCELLENT,False,NONE,3.4,0.0,NONE
1779688851.479,77.1,91.3,32.3,1516.0,44.1,13.8,32.3,32.2,32.0,32.3,optimal,optimal,optimal,optimal,optimal,optimal,↑ increasing,→ stable,→ stable,99.5,✅ EXCELLENT,False,NONE,3.0,0.0,NONE
1779688852.48,82.7,89.0,31.9,1548.0,45.8,13.84,31.7,31.8,32.2,31.8,optimal,optimal,optimal,optimal,optimal,optimal,↑ increasing,→ stable,→ stable,99.5,✅ EXCELLENT,False,NONE,3.7,0.5,NONE
1779688853.48,80.5,88.8,32.3,1489.0,45.9,13.84,32.3,31.6,31.7,32.3,optimal,optimal,optimal,optimal,optimal,optimal,↑ increasing,→ stable,→ stable,99.5,✅ EXCELLENT,False,NONE,3.1,0.7,NONE
1779688854.481,80.4,90.8,32.1,1550.0,45.8,13.82,32.1,31.7,32.0,32.2,optimal,optimal,optimal,optimal,optimal,optimal,↑ increasing,→ stable,→ stable,99.5,✅ EXCELLENT,False,NONE,3.3,0.0,NONE
1779688855.482,79.1,88.5,32.2,1469.0,44.9,13.83,31.8,32.4,32.0,31.7,optimal,optimal,optimal,optimal,optimal,optimal,↑ increasing,→ stable,→ stable,99.5,✅ EXCELLENT,False,NONE,3.2,1.1,NONE
1779688856.483,78.2,89.1,31.7,1540.0,45.3,13.85,32.4,32.2,31.6,31.6,optimal,optimal,optimal,optimal,optimal,optimal,→ stable,→ stable,→ stable,99.5,✅ EXCELLENT,False,NONE,3.7,0.4,NONE
1779688857.483,78.5,91.5,31.8,1499.0,45.2,13.78,31.9,32.0,32.1,32.1,optimal,optimal,optimal,optimal,optimal,optimal,→ stable,→ stable,→ stable,99.5,✅ EXCELLENT,False,NONE,3.6,0.0,NONE
1779688858.486,79.7,90.7,31.9,1466.0,44.8,13.76,31.9,31.8,31.8,31.7,optimal,optimal,optimal,optimal,optimal,optimal,↓ decreasing,→ stable,→ stable,99.5,✅ EXCELLENT,False,NONE,3.5,0.0,NONE
1779688859.487,78.7,90.2,32.4,1477.0,45.4,13.78,32.2,32.2,32.3,31.9,optimal,optimal,optimal,optimal,optimal,optimal,↓ decreasing,→ stable,→ stable,99.5,✅ EXCELLENT,False,NONE,2.9,0.0,NONE
1779688860.487,80.1,90.5,31.6,1464.0,45.5,13.82,31.8,32.4,32.1,31.8,optimal,optimal,optimal,optimal,optimal,optimal,↓ decreasing,→ stable,→ stable,99.5,✅ EXCELLENT,False,NONE,3.9,0.0,NONE
1779688861.487,77.8,90.3,32.4,1492.0,45.1,13.76,32.2,31.6,32.0,32.2,optimal,optimal,optimal,optimal,optimal,optimal,↓ decreasing,↓ decreasing,→ stable,99.5,✅ EXCELLENT,False,NONE,2.9,0.0,NONE
1779688862.488,80.0,89.0,31.7,1493.0,44.1,13.76,31.7,32.2,31.7,31.9,optimal,optimal,optimal,optimal,optimal,optimal,↓ decreasing,↓ decreasing,→ stable,99.5,✅ EXCELLENT,False,NONE,3.8,0.5,NONE
1779688863.489,82.4,91.3,32.3,1502.0,45.3,13.8,31.7,32.4,32.2,32.2,optimal,optimal,optimal,optimal,optimal,optimal,↓ decreasing,→ stable,→ stable,99.5,✅ EXCELLENT,False,NONE,3.2,0.0,NONE
1779688864.49,80.9,88.8,32.4,1487.0,45.1,13.82,32.3,31.7,32.1,32.1,optimal,optimal,optimal,optimal,optimal,optimal,↓ decreasing,→ stable,→ stable,99.5,✅ EXCELLENT,False,NONE,3.0,0.7,NONE
1779688865.492,82.1,90.4,31.9,1495.0,45.8,13.84,32.1,32.3,32.2,32.3,optimal,optimal,optimal,optimal,optimal,optimal,↓ decreasing,→ stable,→ stable,99.5,✅ EXCELLENT,False,NONE,3.6,0.0,NONE
1779688866.492,80.6,88.5,31.9,1466.0,45.4,13.77,32.2,32.1,32.1,32.3,optimal,optimal,optimal,optimal,optimal,optimal,→ stable,→ stable,→ stable,99.5,✅ EXCELLENT,False,NONE,3.6,1.1,NONE
1779688867.493,77.7,90.5,31.8,1525.0,45.8,13.84,32.1,32.1,32.0,32.2,optimal,optimal,optimal,optimal,optimal,optimal,→ stable,→ stable,→ stable,99.5,✅ EXCELLENT,False,NONE,3.6,0.0,NONE
1779688868.494,81.1,88.8,32.1,1477.0,45.4,13.78,32.2,31.6,31.7,32.0,optimal,optimal,optimal,optimal,optimal,optimal,→ stable,→ stable,→ stable,99.5,✅ EXCELLENT,False,NONE,3.4,0.7,NONE
1779688869.495,82.9,91.2,31.7,1524.0,45.4,13.83,32.3,32.2,31.7,32.4,optimal,optimal,optimal,optimal,optimal,optimal,↑ increasing,→ stable,→ stable,99.5,✅ EXCELLENT,False,NONE,3.9,0.0,NONE
1779688870.496,78.2,90.4,32.1,1475.0,44.9,13.78,32.1,32.0,31.7,32.0,optimal,optimal,optimal,optimal,optimal,optimal,↑ increasing,→ stable,→ stable,99.5,✅ EXCELLENT,False,NONE,3.2,0.0,NONE
1779688871.498,82.8,89.2,32.4,1500.0,44.9,13.83,32.2,32.2,32.0,32.0,optimal,optimal,optimal,optimal,optimal,optimal,↑ increasing,→ stable,→ stable,99.5,✅ EXCELLENT,False,NONE,3.1,0.3,NONE
1779688872.498,81.7,89.1,31.8,1496.0,45.9,13.81,31.8,31.8,31.9,31.7,optimal,optimal,optimal,optimal,optimal,optimal,↑ increasing,→ stable,→ stable,99.5,✅ EXCELLENT,False,NONE,3.7,0.4,NONE
1779688873.5,77.1,91.0,31.9,1502.0,44.9,13.85,32.3,31.8,31.8,31.8,optimal,optimal,optimal,optimal,optimal,optimal,↑ increasing,→ stable,→ stable,99.5,✅ EXCELLENT,False,NONE,3.4,0.0,NONE
1779688874.501,81.8,88.6,32.1,1494.0,45.8,13.78,32.4,31.7,31.9,31.8,optimal,optimal,optimal,optimal,optimal,optimal,↑ increasing,→ stable,→ stable,99.5,✅ EXCELLENT,False,NONE,3.4,1.0,NONE
1779688875.502,80.7,89.4,32.4,1473.0,44.9,13.78,32.0,32.3,32.1,32.0,optimal,optimal,optimal,optimal,optimal,optimal,↑ increasing,↓ decreasing,→ stable,99.5,✅ EXCELLENT,False,NONE,3.0,0.2,NONE
1779688876.503,79.9,88.9,32.1,1520.0,45.4,13.84,32.1,32.0,31.7,32.4,optimal,optimal,optimal,optimal,optimal,optimal,→ stable,→ stable,→ stable,99.5,✅ EXCELLENT,False,NONE,3.3,0.6,NONE
1779688877.504,79.0,90.6,32.4,1458.0,45.6,13.79,32.4,31.9,32.3,32.1,optimal,optimal,optimal,optimal,optimal,optimal,↑ increasing,→ stable,→ stable,99.5,✅ EXCELLENT,False,NONE,2.9,0.0,NONE
1779688878.505,83.0,91.4,32.3,1476.0,44.2,13.77,32.4,31.7,31.9,32.3,optimal,optimal,optimal,optimal,optimal,optimal,↑ increasing,→ stable,→ stable,99.5,✅ EXCELLENT,False,NONE,3.2,0.0,NONE
1779688879.505,77.1,90.9,31.7,1496.0,44.5,13.78,32.3,31.8,31.9,31.6,optimal,optimal,optimal,optimal,optimal,optimal,→ stable,→ stable,→ stable,99.5,✅ EXCELLENT,False,NONE,3.6,0.0,NONE
1779688880.505,80.6,88.9,32.0,1483.0,44.9,13.85,31.9,31.9,32.2,31.7,optimal,optimal,optimal,optimal,optimal,optimal,→ stable,→ stable,→ stable,99.5,✅ EXCELLENT,False,NONE,3.5,0.6,NONE
1779688881.506,81.1,90.9,32.1,1460.0,45.7,13.77,31.9,31.8,32.1,32.3,optimal,optimal,optimal,optimal,optimal,optimal,↓ decreasing,→ stable,→ stable,99.5,✅ EXCELLENT,False,NONE,3.4,0.0,NONE
1779688882.507,81.6,88.6,31.9,1471.0,44.9,13.81,32.3,31.8,31.7,32.1,optimal,optimal,optimal,optimal,optimal,optimal,↓ decreasing,→ stable,→ stable,99.5,✅ EXCELLENT,False,NONE,3.6,1.0,NONE
1779688883.508,80.3,90.7,32.0,1527.0,45.8,13.83,31.7,32.3,32.2,31.9,optimal,optimal,optimal,optimal,optimal,optimal,→ stable,→ stable,→ stable,99.5,✅ EXCELLENT,False,NONE,3.4,0.0,NONE
1779688884.508,80.2,90.7,31.8,1502.0,45.2,13.78,32.0,31.8,32.1,32.3,optimal,optimal,optimal,optimal,optimal,optimal,→ stable,→ stable,→ stable,99.5,✅ EXCELLENT,False,NONE,3.7,0.0,NONE
1779688885.509,79.7,88.8,31.6,1534.0,45.3,13.76,32.1,32.2,31.9,31.9,optimal,optimal,optimal,optimal,optimal,optimal,→ stable,→ stable,→ stable,99.5,✅ EXCELLENT,False,NONE,3.9,0.7,NONE
1779688886.511,81.5,90.6,32.0,1491.0,44.8,13.82,32.1,31.7,31.7,31.8,optimal,optimal,optimal,optimal,optimal,optimal,→ stable,→ stable,→ stable,99.5,✅ EXCELLENT,False,NONE,3.5,0.0,NONE
1779688887.511,77.8,89.0,32.0,1530.0,45.3,13.8,32.4,32.2,32.2,31.6,optimal,optimal,optimal,optimal,optimal,optimal,→ stable,→ stable,→ stable,99.5,✅ EXCELLENT,False,NONE,3.3,0.5,NONE
1779688888.511,78.7,89.0,31.9,1547.0,44.2,13.76,31.7,32.4,32.0,31.9,optimal,optimal,optimal,optimal,optimal,optimal,↓ decreasing,→ stable,→ stable,99.5,✅ EXCELLENT,False,NONE,3.5,0.5,NONE
1779688889.513,78.6,90.5,31.7,1472.0,44.4,13.78,32.0,31.8,31.7,32.3,optimal,optimal,optimal,optimal,optimal,optimal,→ stable,→ stable,→ stable,99.5,✅ EXCELLENT,False,NONE,3.7,0.0,NONE
1779688890.513,79.9,90.8,32.4,1511.0,46.0,13.79,31.8,32.4,31.8,32.1,optimal,optimal,optimal,optimal,optimal,optimal,→ stable,→ stable,→ stable,99.5,✅ EXCELLENT,False,NONE,3.0,0.0,NONE
1779688891.515,80.2,90.3,31.8,1463.0,46.0,13.79,32.0,32.2,32.1,32.1,optimal,optimal,optimal,optimal,optimal,optimal,→ stable,→ stable,→ stable,99.5,✅ EXCELLENT,False,NONE,3.7,0.0,NONE
1779688892.517,79.1,90.3,31.9,1523.0,44.7,13.84,31.8,32.1,32.3,31.6,optimal,optimal,optimal,optimal,optimal,optimal,↓ decreasing,→ stable,→ stable,99.5,✅ EXCELLENT,False,NONE,3.5,0.0,NONE
1779688893.518,79.9,90.7,32.0,1458.0,45.1,13.77,32.3,31.7,31.9,32.0,optimal,optimal,optimal,optimal,optimal,optimal,↓ decreasing,→ stable,→ stable,99.5,✅ EXCELLENT,False,NONE,3.4,0.0,NONE
1779688894.519,77.6,89.8,31.9,1537.0,45.5,13.8,31.8,31.6,31.9,31.9,optimal,optimal,optimal,optimal,optimal,optimal,↓ decreasing,→ stable,→ stable,99.5,✅ EXCELLENT,False,NONE,3.4,0.0,NONE
1779688895.52,81.5,90.2,31.9,1472.0,44.0,13.8,31.6,31.9,32.1,32.3,optimal,optimal,optimal,optimal,optimal,optimal,↓ decreasing,→ stable,→ stable,99.5,✅ EXCELLENT,False,NONE,3.6,0.0,NONE
1779688896.521,83.0,88.6,31.9,1487.0,44.2,13.85,32.4,31.6,32.2,31.7,optimal,optimal,optimal,optimal,optimal,optimal,↓ decreasing,→ stable,→ stable,99.5,✅ EXCELLENT,False,NONE,3.7,1.0,NONE
1779688897.521,80.6,89.1,32.0,1494.0,44.2,13.82,31.7,32.4,31.9,31.8,optimal,optimal,optimal,optimal,optimal,optimal,→ stable,→ stable,→ stable,99.5,✅ EXCELLENT,False,NONE,3.5,0.4,NONE
1779688898.522,80.0,91.0,32.0,1542.0,44.6,13.81,32.1,32.1,31.6,31.9,optimal,optimal,optimal,optimal,optimal,optimal,→ stable,→ stable,→ stable,99.5,✅ EXCELLENT,False,NONE,3.4,0.0,NONE
1779688899.524,83.0,89.8,31.8,1451.0,44.7,13.77,32.4,31.6,32.1,31.6,optimal,optimal,optimal,optimal,optimal,optimal,→ stable,→ stable,→ stable,99.5,✅ EXCELLENT,False,NONE,3.8,0.0,NONE
1779688900.524,80.7,91.0,32.1,1545.0,45.9,13.76,32.3,32.3,32.2,31.6,optimal,optimal,optimal,optimal,optimal,optimal,↑ increasing,→ stable,→ stable,99.5,✅ EXCELLENT,False,NONE,3.3,0.0,NONE
1779688901.525,80.3,90.4,32.1,1497.0,45.3,13.78,32.0,32.0,32.3,32.3,optimal,optimal,optimal,optimal,optimal,optimal,↑ increasing,→ stable,→ stable,99.5,✅ EXCELLENT,False,NONE,3.3,0.0,NONE
1779688902.526,80.3,89.8,31.7,1470.0,44.3,13.77,31.7,31.8,31.8,31.9,optimal,optimal,optimal,optimal,optimal,optimal,↑ increasing,→ stable,→ stable,99.5,✅ EXCELLENT,False,NONE,3.8,0.0,NONE
1779688903.528,77.9,89.1,32.3,1473.0,44.9,13.76,31.9,32.1,32.1,31.9,optimal,optimal,optimal,optimal,optimal,optimal,↑ increasing,→ stable,→ stable,99.5,✅ EXCELLENT,False,NONE,3.0,0.4,NONE
1779688904.529,81.1,89.9,32.1,1455.0,44.3,13.84,32.0,31.8,31.8,32.3,optimal,optimal,optimal,optimal,optimal,optimal,↑ increasing,→ stable,→ stable,99.5,✅ EXCELLENT,False,NONE,3.4,0.0,NONE
1779688905.529,81.9,91.4,32.2,1492.0,44.5,13.82,32.3,32.1,32.3,31.9,optimal,optimal,optimal,optimal,optimal,optimal,↑ increasing,→ stable,→ stable,99.5,✅ EXCELLENT,False,NONE,3.3,0.0,NONE
1779688906.529,77.2,91.4,32.3,1549.0,44.9,13.77,31.8,31.6,31.7,31.8,optimal,optimal,optimal,optimal,optimal,optimal,↑ increasing,→ stable,→ stable,99.5,✅ EXCELLENT,False,NONE,3.0,0.0,NONE
1779688907.53,82.2,88.5,32.4,1467.0,45.2,13.83,31.6,32.2,32.3,32.0,optimal,optimal,optimal,optimal,optimal,optimal,↑ increasing,→ stable,→ stable,99.5,✅ EXCELLENT,False,NONE,3.1,1.1,NONE
1779688908.533,78.4,88.8,32.3,1531.0,45.0,13.8,32.0,31.9,31.9,31.8,optimal,optimal,optimal,optimal,optimal,optimal,→ stable,→ stable,→ stable,99.5,✅ EXCELLENT,False,NONE,3.0,0.7,NONE
1779688909.534,80.2,88.5,31.9,1542.0,45.2,13.79,32.2,31.6,32.2,31.7,optimal,optimal,optimal,optimal,optimal,optimal,→ stable,→ stable,→ stable,99.5,✅ EXCELLENT,False,NONE,3.6,1.1,NONE
1779688910.534,77.9,90.0,32.3,1465.0,45.1,13.78,31.7,32.4,31.7,32.0,optimal,optimal,optimal,optimal,optimal,optimal,↓ decreasing,→ stable,→ stable,99.5,✅ EXCELLENT,False,NONE,3.0,0.0,NONE
1779688911.535,78.2,89.4,32.4,1464.0,44.4,13.8,32.0,31.9,31.9,31.8,optimal,optimal,optimal,optimal,optimal,optimal,↓ decreasing,→ stable,→ stable,99.5,✅ EXCELLENT,False,NONE,2.9,0.2,NONE
1779688912.536,82.9,89.2,32.4,1534.0,45.0,13.83,31.9,32.1,32.3,31.8,optimal,optimal,optimal,optimal,optimal,optimal,↓ decreasing,→ stable,→ stable,99.5,✅ EXCELLENT,False,NONE,3.1,0.3,NONE
1779688913.538,81.9,91.4,32.1,1505.0,44.0,13.82,32.0,32.2,31.6,32.2,optimal,optimal,optimal,optimal,optimal,optimal,→ stable,→ stable,→ stable,99.5,✅ EXCELLENT,False,NONE,3.4,0.0,NONE
1779688914.538,82.4,89.0,32.3,1481.0,44.8,13.78,31.9,32.0,32.4,32.0,optimal,optimal,optimal,optimal,optimal,optimal,↓ decreasing,→ stable,→ stable,99.5,✅ EXCELLENT,False,NONE,3.2,0.5,NONE
1779688915.54,79.1,89.4,31.9,1461.0,45.0,13.85,31.6,31.7,31.6,32.4,optimal,optimal,optimal,optimal,optimal,optimal,↓ decreasing,→ stable,→ stable,99.5,✅ EXCELLENT,False,NONE,3.5,0.2,NONE
1779688916.541,79.8,90.5,32.2,1507.0,45.0,13.85,32.0,31.7,32.3,32.3,optimal,optimal,optimal,optimal,optimal,optimal,→ stable,↓ decreasing,→ stable,99.5,✅ EXCELLENT,False,NONE,3.2,0.0,NONE
1779688917.541,82.7,90.5,31.7,1451.0,44.7,13.81,31.9,32.1,32.1,31.9,optimal,optimal,optimal,optimal,optimal,optimal,→ stable,↓ decreasing,→ stable,99.5,✅ EXCELLENT,False,NONE,3.9,0.0,NONE
1779688918.542,79.2,89.7,32.4,1460.0,45.5,13.81,32.0,32.0,32.3,32.1,optimal,optimal,optimal,optimal,optimal,optimal,→ stable,→ stable,→ stable,99.5,✅ EXCELLENT,False,NONE,2.9,0.0,NONE
1779688919.543,83.0,91.2,31.7,1498.0,44.3,13.78,31.6,31.8,31.6,32.2,optimal,optimal,optimal,optimal,optimal,optimal,↑ increasing,→ stable,→ stable,99.5,✅ EXCELLENT,False,NONE,3.9,0.0,NONE
1779688920.544,78.8,90.0,31.9,1520.0,45.0,13.8,32.3,31.9,31.9,31.6,optimal,optimal,optimal,optimal,optimal,optimal,↑ increasing,→ stable,→ stable,99.5,✅ EXCELLENT,False,NONE,3.5,0.0,NONE
1779688921.545,78.5,91.3,32.0,1543.0,45.8,13.78,31.8,32.4,31.6,31.8,optimal,optimal,optimal,optimal,optimal,optimal,↑ increasing,↑ increasing,→ stable,99.5,✅ EXCELLENT,False,NONE,3.4,0.0,NONE
1779688922.546,78.3,90.7,32.1,1454.0,44.4,13.82,31.8,31.8,32.1,32.3,optimal,optimal,optimal,optimal,optimal,optimal,↑ increasing,↑ increasing,→ stable,99.5,✅ EXCELLENT,False,NONE,3.2,0.0,NONE
1779688923.546,77.7,88.8,32.1,1548.0,44.5,13.85,31.9,32.2,32.0,32.3,optimal,optimal,optimal,optimal,optimal,optimal,→ stable,→ stable,→ stable,99.5,✅ EXCELLENT,False,NONE,3.2,0.7,NONE
1779688924.547,77.3,89.8,31.8,1510.0,45.1,13.81,32.2,32.1,32.0,32.3,optimal,optimal,optimal,optimal,optimal,optimal,↓ decreasing,→ stable,→ stable,99.5,✅ EXCELLENT,False,NONE,3.5,0.0,NONE
1779688925.549,80.9,89.7,32.2,1549.0,45.4,13.75,32.3,32.0,31.8,32.2,optimal,optimal,optimal,optimal,optimal,optimal,→ stable,↑ increasing,→ stable,99.5,✅ EXCELLENT,False,NONE,3.2,0.0,NONE
1779688926.551,77.2,88.9,31.6,1487.0,44.5,13.77,31.7,31.6,32.4,32.3,optimal,optimal,optimal,optimal,optimal,optimal,↓ decreasing,↑ increasing,→ stable,99.5,✅ EXCELLENT,False,NONE,3.7,0.6,NONE
1779688927.551,78.6,90.5,31.7,1496.0,45.9,13.79,32.0,32.2,32.0,31.7,optimal,optimal,optimal,optimal,optimal,optimal,↓ decreasing,→ stable,→ stable,99.5,✅ EXCELLENT,False,NONE,3.7,0.0,NONE
1779688928.553,78.4,89.3,31.7,1464.0,45.5,13.85,31.7,32.2,31.7,31.8,optimal,optimal,optimal,optimal,optimal,optimal,↓ decreasing,→ stable,→ stable,99.5,✅ EXCELLENT,False,NONE,3.7,0.2,NONE
1779688929.553,77.1,89.6,32.1,1480.0,44.7,13.81,31.7,31.9,32.1,32.2,optimal,optimal,optimal,optimal,optimal,optimal,↓ decreasing,→ stable,→ stable,99.5,✅ EXCELLENT,False,NONE,3.2,0.1,NONE
1779688930.554,82.0,89.7,32.1,1494.0,45.8,13.84,32.1,32.4,31.7,31.9,optimal,optimal,optimal,optimal,optimal,optimal,↓ decreasing,→ stable,→ stable,99.5,✅ EXCELLENT,False,NONE,3.4,0.0,NONE
1779688931.555,79.1,91.2,32.0,1531.0,44.8,13.78,32.2,32.4,31.9,32.4,optimal,optimal,optimal,optimal,optimal,optimal,↓ decreasing,→ stable,→ stable,99.5,✅ EXCELLENT,False,NONE,3.4,0.0,NONE
1779688932.555,78.2,89.2,32.0,1456.0,46.0,13.76,31.9,32.0,31.8,31.6,optimal,optimal,optimal,optimal,optimal,optimal,↓ decreasing,↓ decreasing,→ stable,99.5,✅ EXCELLENT,False,NONE,3.4,0.3,NONE
1779688933.556,82.0,90.3,32.2,1505.0,44.2,13.8,31.7,31.6,32.3,32.1,optimal,optimal,optimal,optimal,optimal,optimal,↓ decreasing,→ stable,→ stable,99.5,✅ EXCELLENT,False,NONE,3.3,0.0,NONE
1779688934.557,77.9,89.3,32.1,1475.0,44.7,13.78,32.2,31.8,32.2,32.4,optimal,optimal,optimal,optimal,optimal,optimal,→ stable,→ stable,→ stable,99.5,✅ EXCELLENT,False,NONE,3.2,0.2,NONE
1779688935.558,78.7,90.6,32.2,1495.0,44.5,13.76,31.8,32.1,32.1,31.9,optimal,optimal,optimal,optimal,optimal,optimal,↓ decreasing,→ stable,→ stable,99.5,✅ EXCELLENT,False,NONE,3.1,0.0,NONE
1779688936.559,81.1,91.2,32.1,1453.0,45.8,13.78,32.3,32.1,32.0,31.8,optimal,optimal,optimal,optimal,optimal,optimal,→ stable,→ stable,→ stable,99.5,✅ EXCELLENT,False,NONE,3.4,0.0,NONE
1779688937.559,78.2,90.0,31.8,1532.0,44.3,13.76,31.6,32.2,31.7,32.4,optimal,optimal,optimal,optimal,optimal,optimal,→ stable,→ stable,→ stable,99.5,✅ EXCELLENT,False,NONE,3.6,0.0,NONE
1779688938.561,77.0,89.2,32.0,1503.0,45.0,13.84,32.3,31.9,31.9,31.9,optimal,optimal,optimal,optimal,optimal,optimal,→ stable,→ stable,→ stable,99.5,✅ EXCELLENT,False,NONE,3.3,0.3,NONE
1779688939.562,81.9,91.1,31.7,1520.0,44.1,13.79,31.9,32.0,32.0,32.1,optimal,optimal,optimal,optimal,optimal,optimal,↑ increasing,→ stable,→ stable,99.5,✅ EXCELLENT,False,NONE,3.9,0.0,NONE
1779688940.562,80.1,91.1,31.8,1531.0,44.4,13.76,32.0,31.7,31.6,31.8,optimal,optimal,optimal,optimal,optimal,optimal,↑ increasing,→ stable,→ stable,99.5,✅ EXCELLENT,False,NONE,3.7,0.0,NONE
1779688941.564,80.5,90.8,31.9,1493.0,44.8,13.85,32.1,31.9,31.9,31.9,optimal,optimal,optimal,optimal,optimal,optimal,↑ increasing,→ stable,→ stable,99.5,✅ EXCELLENT,False,NONE,3.6,0.0,NONE
1779688942.564,78.3,89.5,31.7,1453.0,44.4,13.77,32.4,32.2,32.1,31.9,optimal,optimal,optimal,optimal,optimal,optimal,↑ increasing,↑ increasing,→ stable,99.5,✅ EXCELLENT,False,NONE,3.7,0.1,NONE
1779688943.565,81.6,88.6,32.2,1498.0,45.7,13.84,31.8,31.9,31.7,32.2,optimal,optimal,optimal,optimal,optimal,optimal,→ stable,→ stable,→ stable,99.5,✅ EXCELLENT,False,NONE,3.3,1.0,NONE
1779688944.566,79.3,90.4,32.1,1550.0,45.0,13.84,32.3,31.9,31.7,32.3,optimal,optimal,optimal,optimal,optimal,optimal,↑ increasing,→ stable,→ stable,99.5,✅ EXCELLENT,False,NONE,3.3,0.0,NONE
1779688945.567,78.4,91.0,31.7,1464.0,45.3,13.8,31.9,32.3,32.2,31.9,optimal,optimal,optimal,optimal,optimal,optimal,↑ increasing,→ stable,→ stable,99.5,✅ EXCELLENT,False,NONE,3.7,0.0,NONE
1779688946.569,82.0,89.3,31.9,1508.0,45.5,13.76,31.9,32.3,32.2,32.2,optimal,optimal,optimal,optimal,optimal,optimal,→ stable,→ stable,→ stable,99.5,✅ EXCELLENT,False,NONE,3.6,0.2,NONE
1779688947.57,78.2,89.2,32.0,1532.0,45.7,13.84,31.7,32.0,31.8,32.2,optimal,optimal,optimal,optimal,optimal,optimal,→ stable,→ stable,→ stable,99.5,✅ EXCELLENT,False,NONE,3.4,0.3,NONE
1779688948.572,79.7,90.2,32.3,1546.0,45.6,13.8,31.8,31.9,31.8,32.0,optimal,optimal,optimal,optimal,optimal,optimal,↑ increasing,→ stable,→ stable,99.5,✅ EXCELLENT,False,NONE,3.1,0.0,NONE
1779688949.573,80.5,90.1,32.3,1453.0,44.7,13.81,32.1,32.4,32.2,32.2,optimal,optimal,optimal,optimal,optimal,optimal,→ stable,→ stable,→ stable,99.5,✅ EXCELLENT,False,NONE,3.1,0.0,NONE
1779688950.574,78.0,88.6,31.7,1470.0,45.9,13.77,32.0,31.7,32.4,32.1,optimal,optimal,optimal,optimal,optimal,optimal,→ stable,↓ decreasing,→ stable,99.5,✅ EXCELLENT,False,NONE,3.7,1.0,NONE
1779688951.575,83.0,91.1,32.2,1540.0,44.1,13.82,31.9,31.9,31.8,32.1,optimal,optimal,optimal,optimal,optimal,optimal,→ stable,→ stable,→ stable,99.5,✅ EXCELLENT,False,NONE,3.3,0.0,NONE
1779688952.576,77.2,89.9,31.7,1492.0,45.4,13.8,31.7,31.8,31.9,31.9,optimal,optimal,optimal,optimal,optimal,optimal,→ stable,→ stable,→ stable,99.5,✅ EXCELLENT,False,NONE,3.6,0.0,NONE
1779688953.578,82.9,89.8,32.2,1498.0,45.7,13.77,32.1,31.8,31.8,31.7,optimal,optimal,optimal,optimal,optimal,optimal,→ stable,→ stable,→ stable,99.5,✅ EXCELLENT,False,NONE,3.3,0.0,NONE
1779688954.579,81.0,90.3,31.6,1495.0,44.4,13.84,32.3,32.3,32.2,31.8,optimal,optimal,optimal,optimal,optimal,optimal,→ stable,→ stable,→ stable,99.5,✅ EXCELLENT,False,NONE,3.9,0.0,NONE
1779688955.579,80.8,90.4,31.7,1526.0,44.1,13.83,32.1,31.7,32.2,31.7,optimal,optimal,optimal,optimal,optimal,optimal,↑ increasing,→ stable,→ stable,99.5,✅ EXCELLENT,False,NONE,3.8,0.0,NONE
1779688956.581,82.9,89.3,32.1,1490.0,44.8,13.85,32.0,32.3,32.4,32.1,optimal,optimal,optimal,optimal,optimal,optimal,↑ increasing,→ stable,→ stable,99.5,✅ EXCELLENT,False,NONE,3.4,0.2,NONE
1779688957.581,78.8,89.0,32.2,1516.0,44.1,13.84,32.0,32.1,32.1,32.1,optimal,optimal,optimal,optimal,optimal,optimal,↑ increasing,→ stable,→ stable,99.5,✅ EXCELLENT,False,NONE,3.2,0.5,NONE
1779688958.583,82.4,90.5,32.4,1491.0,46.0,13.82,31.9,31.8,31.9,31.9,optimal,optimal,optimal,optimal,optimal,optimal,↑ increasing,→ stable,→ stable,99.5,✅ EXCELLENT,False,NONE,3.1,0.0,NONE
1779688959.583,79.0,89.1,32.2,1526.0,44.7,13.76,32.2,31.7,32.4,32.1,optimal,optimal,optimal,optimal,optimal,optimal,↑ increasing,→ stable,→ stable,99.5,✅ EXCELLENT,False,NONE,3.2,0.4,NONE
1779688960.584,80.2,90.2,32.1,1534.0,45.7,13.8,32.2,31.8,31.6,32.2,optimal,optimal,optimal,optimal,optimal,optimal,↑ increasing,→ stable,→ stable,99.5,✅ EXCELLENT,False,NONE,3.3,0.0,NONE
1779688961.586,79.4,90.6,32.1,1545.0,45.7,13.81,31.9,32.1,31.7,32.0,optimal,optimal,optimal,optimal,optimal,optimal,↑ increasing,→ stable,→ stable,99.5,✅ EXCELLENT,False,NONE,3.3,0.0,NONE
1779688962.586,80.4,88.7,31.8,1488.0,44.1,13.8,31.9,31.8,32.1,32.2,optimal,optimal,optimal,optimal,optimal,optimal,↑ increasing,→ stable,→ stable,99.5,✅ EXCELLENT,False,NONE,3.7,0.8,NONE
1779688963.587,82.0,89.5,32.4,1468.0,44.6,13.8,32.2,32.3,32.1,31.7,optimal,optimal,optimal,optimal,optimal,optimal,↑ increasing,→ stable,→ stable,99.5,✅ EXCELLENT,False,NONE,3.0,0.1,NONE
1779688964.588,78.0,89.0,32.0,1496.0,45.6,13.8,31.7,32.3,32.4,31.8,optimal,optimal,optimal,optimal,optimal,optimal,→ stable,→ stable,→ stable,99.5,✅ EXCELLENT,False,NONE,3.3,0.5,NONE
1779688965.589,77.7,91.2,32.4,1510.0,44.1,13.83,31.9,31.8,32.1,31.8,optimal,optimal,optimal,optimal,optimal,optimal,→ stable,→ stable,→ stable,99.5,✅ EXCELLENT,False,NONE,2.9,0.0,NONE
1779688966.589,79.5,88.6,32.4,1521.0,44.1,13.76,31.8,32.4,31.7,31.9,optimal,optimal,optimal,optimal,optimal,optimal,↓ decreasing,→ stable,→ stable,99.5,✅ EXCELLENT,False,NONE,3.0,1.0,NONE
1779688967.591,78.5,90.6,31.7,1497.0,44.0,13.78,32.1,31.8,32.0,31.7,optimal,optimal,optimal,optimal,optimal,optimal,↓ decreasing,→ stable,→ stable,99.5,✅ EXCELLENT,False,NONE,3.7,0.0,NONE
1779688968.591,81.5,90.6,32.2,1522.0,44.9,13.77,32.2,32.0,31.7,32.4,optimal,optimal,optimal,optimal,optimal,optimal,↓ decreasing,→ stable,→ stable,99.5,✅ EXCELLENT,False,NONE,3.3,0.0,NONE
1779688969.592,80.5,88.7,31.8,1463.0,45.4,13.78,31.8,31.9,32.3,32.3,optimal,optimal,optimal,optimal,optimal,optimal,↓ decreasing,→ stable,→ stable,99.5,✅ EXCELLENT,False,NONE,3.7,0.8,NONE
1779688970.594,79.8,91.1,31.8,1481.0,45.1,13.77,32.0,32.3,31.6,32.1,optimal,optimal,optimal,optimal,optimal,optimal,↓ decreasing,→ stable,→ stable,99.5,✅ EXCELLENT,False,NONE,3.6,0.0,NONE
1779688971.595,78.6,89.0,31.7,1482.0,44.7,13.83,31.8,32.3,31.6,31.8,optimal,optimal,optimal,optimal,optimal,optimal,↓ decreasing,→ stable,→ stable,99.5,✅ EXCELLENT,False,NONE,3.7,0.5,NONE
1779688972.595,79.9,90.6,31.9,1528.0,44.8,13.83,31.6,32.2,32.3,32.4,optimal,optimal,optimal,optimal,optimal,optimal,↓ decreasing,→ stable,→ stable,99.5,✅ EXCELLENT,False,NONE,3.5,0.0,NONE
1779688973.595,79.8,90.1,32.3,1530.0,45.5,13.76,32.1,31.7,32.2,32.1,optimal,optimal,optimal,optimal,optimal,optimal,↓ decreasing,→ stable,→ stable,99.5,✅ EXCELLENT,False,NONE,3.1,0.0,NONE
1779688974.597,78.0,91.0,31.6,1548.0,44.2,13.8,32.2,31.6,32.3,31.6,optimal,optimal,optimal,optimal,optimal,optimal,↓ decreasing,↑ increasing,→ stable,99.5,✅ EXCELLENT,False,NONE,3.8,0.0,NONE
1779688975.599,80.5,89.9,32.1,1510.0,45.4,13.84,32.2,31.6,32.2,32.0,optimal,optimal,optimal,optimal,optimal,optimal,→ stable,→ stable,→ stable,99.5,✅ EXCELLENT,False,NONE,3.3,0.0,NONE
1779688976.6,79.5,91.4,32.3,1490.0,44.3,13.76,31.7,32.2,32.0,32.3,optimal,optimal,optimal,optimal,optimal,optimal,→ stable,↑ increasing,→ stable,99.5,✅ EXCELLENT,False,NONE,3.1,0.0,NONE
1779688977.601,78.6,89.4,32.4,1498.0,45.0,13.81,32.4,31.7,32.1,31.8,optimal,optimal,optimal,optimal,optimal,optimal,→ stable,→ stable,→ stable,99.5,✅ EXCELLENT,False,NONE,2.9,0.2,NONE
1779688978.603,79.0,91.4,32.1,1455.0,44.7,13.75,31.8,32.2,32.3,32.3,optimal,optimal,optimal,optimal,optimal,optimal,→ stable,→ stable,→ stable,99.5,✅ EXCELLENT,False,NONE,3.3,0.0,NONE
1779688979.604,77.6,91.2,32.3,1525.0,44.7,13.8,31.9,32.3,32.0,31.7,optimal,optimal,optimal,optimal,optimal,optimal,↓ decreasing,↑ increasing,→ stable,99.5,✅ EXCELLENT,False,NONE,3.0,0.0,NONE
1779688980.605,81.5,88.6,32.2,1502.0,45.7,13.76,32.3,31.8,31.9,31.8,optimal,optimal,optimal,optimal,optimal,optimal,→ stable,→ stable,→ stable,99.5,✅ EXCELLENT,False,NONE,3.3,1.0,NONE
1779688981.606,82.1,89.3,31.8,1498.0,45.6,13.83,31.6,31.6,32.0,32.3,optimal,optimal,optimal,optimal,optimal,optimal,→ stable,↑ increasing,→ stable,99.5,✅ EXCELLENT,False,NONE,3.8,0.2,NONE
1779688982.608,80.8,90.0,31.7,1518.0,46.0,13.78,31.9,32.3,32.3,31.6,optimal,optimal,optimal,optimal,optimal,optimal,→ stable,→ stable,→ stable,99.5,✅ EXCELLENT,False,NONE,3.8,0.0,NONE
1779688983.609,78.3,89.3,32.4,1537.0,45.9,13.77,32.1,31.7,31.9,32.1,optimal,optimal,optimal,optimal,optimal,optimal,→ stable,→ stable,→ stable,99.5,✅ EXCELLENT,False,NONE,2.9,0.2,NONE
1779688984.609,81.4,91.4,32.2,1483.0,44.4,13.76,31.9,32.3,32.1,31.9,optimal,optimal,optimal,optimal,optimal,optimal,↑ increasing,→ stable,→ stable,99.5,✅ EXCELLENT,False,NONE,3.3,0.0,NONE
1779688985.61,82.5,91.5,31.7,1544.0,45.6,13.82,32.2,32.4,31.9,31.9,optimal,optimal,optimal,optimal,optimal,optimal,→ stable,→ stable,→ stable,99.5,✅ EXCELLENT,False,NONE,3.9,0.0,NONE
1779688986.612,80.5,89.9,31.8,1505.0,44.3,13.75,32.1,32.1,31.8,32.2,optimal,optimal,optimal,optimal,optimal,optimal,↑ increasing,→ stable,→ stable,99.5,✅ EXCELLENT,False,NONE,3.7,0.0,NONE
1779688987.612,80.0,91.1,31.9,1525.0,44.7,13.84,32.2,32.3,32.2,32.0,optimal,optimal,optimal,optimal,optimal,optimal,↑ increasing,→ stable,→ stable,99.5,✅ EXCELLENT,False,NONE,3.5,0.0,NONE
1779688988.613,82.3,89.5,31.9,1533.0,44.7,13.83,31.8,32.1,32.3,31.9,optimal,optimal,optimal,optimal,optimal,optimal,↑ increasing,→ stable,→ stable,99.5,✅ EXCELLENT,False,NONE,3.6,0.1,NONE
1779688989.615,82.5,89.8,32.4,1519.0,44.4,13.83,32.0,32.1,31.7,31.9,optimal,optimal,optimal,optimal,optimal,optimal,↑ increasing,→ stable,→ stable,99.5,✅ EXCELLENT,False,NONE,3.1,0.0,NONE
1779688990.616,80.6,90.8,32.3,1514.0,45.7,13.8,31.8,32.3,32.2,32.1,optimal,optimal,optimal,optimal,optimal,optimal,↑ increasing,→ stable,→ stable,99.5,✅ EXCELLENT,False,NONE,3.1,0.0,NONE
1779688991.618,80.5,88.7,32.1,1494.0,45.7,13.8,32.4,32.4,32.2,32.1,optimal,optimal,optimal,optimal,optimal,optimal,↑ increasing,→ stable,→ stable,99.5,✅ EXCELLENT,False,NONE,3.3,0.8,NONE
1779688992.618,77.2,90.9,32.0,1535.0,45.9,13.78,32.2,31.7,32.3,32.4,optimal,optimal,optimal,optimal,optimal,optimal,↑ increasing,→ stable,→ stable,99.5,✅ EXCELLENT,False,NONE,3.3,0.0,NONE
1779688993.62,80.6,89.1,32.0,1471.0,44.3,13.81,32.4,31.9,32.4,32.2,optimal,optimal,optimal,optimal,optimal,optimal,↑ increasing,→ stable,→ stable,99.5,✅ EXCELLENT,False,NONE,3.5,0.4,NONE
1779688994.621,79.4,90.2,31.7,1512.0,44.4,13.8,32.2,31.8,32.0,32.1,optimal,optimal,optimal,optimal,optimal,optimal,↑ increasing,→ stable,→ stable,99.5,✅ EXCELLENT,False,NONE,3.7,0.0,NONE
1779688995.621,78.8,89.7,32.0,1531.0,44.3,13.81,32.3,31.7,32.3,31.6,optimal,optimal,optimal,optimal,optimal,optimal,→ stable,→ stable,→ stable,99.5,✅ EXCELLENT,False,NONE,3.4,0.0,NONE
1779688996.623,79.1,89.8,32.2,1477.0,44.7,13.8,31.7,32.1,32.0,32.3,optimal,optimal,optimal,optimal,optimal,optimal,→ stable,→ stable,→ stable,99.5,✅ EXCELLENT,False,NONE,3.2,0.0,NONE
1779688997.625,81.2,91.2,32.1,1499.0,44.5,13.8,32.3,32.3,31.7,32.2,optimal,optimal,optimal,optimal,optimal,optimal,→ stable,→ stable,→ stable,99.5,✅ EXCELLENT,False,NONE,3.4,0.0,NONE
1779688998.625,78.1,89.7,31.9,1484.0,45.5,13.76,32.1,32.1,31.6,32.1,optimal,optimal,optimal,optimal,optimal,optimal,↓ decreasing,→ stable,→ stable,99.5,✅ EXCELLENT,False,NONE,3.5,0.0,NONE
1779688999.626,81.6,90.6,31.8,1530.0,45.0,13.82,31.9,31.8,32.4,31.9,optimal,optimal,optimal,optimal,optimal,optimal,↓ decreasing,→ stable,→ stable,99.5,✅ EXCELLENT,False,NONE,3.7,0.0,NONE
1779689000.627,77.4,89.5,31.8,1466.0,45.1,13.83,31.7,31.7,32.2,31.6,optimal,optimal,optimal,optimal,optimal,optimal,↓ decreasing,→ stable,→ stable,99.5,✅ EXCELLENT,False,NONE,3.5,0.1,NONE
1779689001.629,78.8,90.5,31.8,1547.0,45.6,13.76,32.2,32.3,31.7,32.4,optimal,optimal,optimal,optimal,optimal,optimal,↓ decreasing,→ stable,→ stable,99.5,✅ EXCELLENT,False,NONE,3.6,0.0,NONE
1779689002.631,78.0,88.5,31.8,1538.0,45.7,13.8,32.2,31.8,32.1,32.2,optimal,optimal,optimal,optimal,optimal,optimal,↓ decreasing,→ stable,→ stable,99.5,✅ EXCELLENT,False,NONE,3.6,1.1,NONE
1779689003.632,79.6,89.6,32.2,1494.0,44.3,13.77,31.9,31.9,32.1,32.2,optimal,optimal,optimal,optimal,optimal,optimal,↓ decreasing,→ stable,→ stable,99.5,✅ EXCELLENT,False,NONE,3.2,0.1,NONE
1779689004.633,82.0,90.1,31.7,1484.0,45.2,13.8,32.2,31.9,32.2,32.2,optimal,optimal,optimal,optimal,optimal,optimal,↓ decreasing,→ stable,→ stable,99.5,✅ EXCELLENT,False,NONE,3.9,0.0,NONE
1779689005.634,79.1,90.2,32.0,1479.0,45.1,13.76,31.9,31.9,31.7,31.9,optimal,optimal,optimal,optimal,optimal,optimal,↓ decreasing,→ stable,→ stable,99.5,✅ EXCELLENT,False,NONE,3.4,0.0,NONE
1779689006.636,80.4,90.4,32.2,1503.0,45.9,13.79,32.0,31.7,32.2,32.1,optimal,optimal,optimal,optimal,optimal,optimal,→ stable,→ stable,→ stable,99.5,✅ EXCELLENT,False,NONE,3.2,0.0,NONE
1779689007.637,79.2,90.6,32.0,1457.0,46.0,13.8,32.1,31.6,31.9,32.3,optimal,optimal,optimal,optimal,optimal,optimal,↓ decreasing,→ stable,→ stable,99.5,✅ EXCELLENT,False,NONE,3.4,0.0,NONE
1779689008.639,82.4,90.6,31.9,1500.0,44.0,13.75,32.1,31.8,31.7,31.9,optimal,optimal,optimal,optimal,optimal,optimal,→ stable,→ stable,→ stable,99.5,✅ EXCELLENT,False,NONE,3.6,0.0,NONE
1779689009.64,78.1,88.7,32.3,1455.0,45.9,13.83,32.0,32.1,32.3,32.1,optimal,optimal,optimal,optimal,optimal,optimal,→ stable,→ stable,→ stable,99.5,✅ EXCELLENT,False,NONE,3.0,0.8,NONE
1779689010.64,81.7,89.6,32.4,1507.0,44.7,13.85,32.1,31.9,31.8,32.3,optimal,optimal,optimal,optimal,optimal,optimal,↑ increasing,→ stable,→ stable,99.5,✅ EXCELLENT,False,NONE,3.0,0.1,NONE
1779689011.642,79.5,90.6,32.3,1462.0,44.1,13.8,31.8,32.1,32.4,32.4,optimal,optimal,optimal,optimal,optimal,optimal,↑ increasing,→ stable,→ stable,99.5,✅ EXCELLENT,False,NONE,3.1,0.0,NONE
1779689012.644,82.6,90.5,31.7,1546.0,45.4,13.81,32.1,32.1,31.8,32.3,optimal,optimal,optimal,optimal,optimal,optimal,↑ increasing,→ stable,→ stable,99.5,✅ EXCELLENT,False,NONE,3.9,0.0,NONE
1779689013.644,80.8,90.4,32.3,1530.0,44.1,13.76,32.0,31.7,31.7,32.0,optimal,optimal,optimal,optimal,optimal,optimal,↑ increasing,→ stable,→ stable,99.5,✅ EXCELLENT,False,NONE,3.1,0.0,NONE
1779689014.645,81.9,89.0,32.4,1454.0,44.9,13.84,32.2,32.1,32.3,32.3,optimal,optimal,optimal,optimal,optimal,optimal,↑ increasing,→ stable,→ stable,99.5,✅ EXCELLENT,False,NONE,3.0,0.5,NONE
1779689015.646,81.3,89.5,32.3,1506.0,46.0,13.83,31.8,31.8,32.2,32.3,optimal,optimal,optimal,optimal,optimal,optimal,↑ increasing,→ stable,→ stable,99.5,✅ EXCELLENT,False,NONE,3.1,0.1,NONE
1779689016.648,78.5,90.9,31.9,1464.0,44.2,13.83,32.1,31.8,31.8,31.8,optimal,optimal,optimal,optimal,optimal,optimal,↑ increasing,→ stable,→ stable,99.5,✅ EXCELLENT,False,NONE,3.5,0.0,NONE
1779689017.648,82.0,91.0,31.8,1542.0,45.6,13.76,31.8,32.1,32.0,32.1,optimal,optimal,optimal,optimal,optimal,optimal,↑ increasing,→ stable,→ stable,99.5,✅ EXCELLENT,False,NONE,3.7,0.0,NONE
1779689018.649,78.2,91.0,31.8,1463.0,44.0,13.82,32.1,32.1,32.1,31.6,optimal,optimal,optimal,optimal,optimal,optimal,↑ increasing,→ stable,→ stable,99.5,✅ EXCELLENT,False,NONE,3.6,0.0,NONE
1779689019.65,80.5,91.3,31.8,1538.0,44.4,13.75,31.9,31.9,31.8,32.2,optimal,optimal,optimal,optimal,optimal,optimal,↑ increasing,↑ increasing,→ stable,99.5,✅ EXCELLENT,False,NONE,3.7,0.0,NONE
1779689020.651,77.6,90.8,32.1,1496.0,44.1,13.83,32.3,31.9,32.1,32.1,optimal,optimal,optimal,optimal,optimal,optimal,→ stable,↑ increasing,→ stable,99.5,✅ EXCELLENT,False,NONE,3.2,0.0,NONE
1779689021.651,81.0,90.6,31.6,1514.0,44.2,13.8,31.9,32.2,31.7,31.6,optimal,optimal,optimal,optimal,optimal,optimal,→ stable,↑ increasing,→ stable,99.5,✅ EXCELLENT,False,NONE,3.9,0.0,NONE
1779689022.651,82.9,88.7,32.1,1467.0,44.1,13.77,32.1,32.3,32.0,31.7,optimal,optimal,optimal,optimal,optimal,optimal,→ stable,→ stable,→ stable,99.5,✅ EXCELLENT,False,NONE,3.4,0.8,NONE
1779689023.653,78.5,89.0,32.0,1476.0,44.9,13.78,31.8,31.8,32.3,32.1,optimal,optimal,optimal,optimal,optimal,optimal,→ stable,→ stable,→ stable,99.5,✅ EXCELLENT,False,NONE,3.4,0.5,NONE
1779689024.653,80.4,89.3,31.7,1512.0,45.8,13.77,31.7,32.4,32.1,31.6,optimal,optimal,optimal,optimal,optimal,optimal,→ stable,→ stable,→ stable,99.5,✅ EXCELLENT,False,NONE,3.8,0.2,NONE
1779689025.654,78.1,89.7,31.6,1503.0,45.5,13.79,32.2,32.2,32.0,31.7,optimal,optimal,optimal,optimal,optimal,optimal,↓ decreasing,→ stable,→ stable,99.5,✅ EXCELLENT,False,NONE,3.8,0.0,NONE
1779689026.654,80.8,89.5,32.3,1483.0,44.9,13.78,32.3,31.9,32.2,31.7,optimal,optimal,optimal,optimal,optimal,optimal,↓ decreasing,→ stable,→ stable,99.5,✅ EXCELLENT,False,NONE,3.1,0.1,NONE
1779689027.655,80.2,89.8,31.7,1542.0,44.7,13.83,31.8,31.8,32.1,32.3,optimal,optimal,optimal,optimal,optimal,optimal,↓ decreasing,→ stable,→ stable,99.5,✅ EXCELLENT,False,NONE,3.8,0.0,NONE
1779689028.656,82.5,89.9,32.2,1504.0,44.5,13.77,32.4,31.9,32.4,31.9,optimal,optimal,optimal,optimal,optimal,optimal,→ stable,→ stable,→ stable,99.5,✅ EXCELLENT,False,NONE,3.3,0.0,NONE
1779689029.657,77.3,91.2,31.8,1484.0,45.0,13.8,31.7,32.3,32.2,32.0,optimal,optimal,optimal,optimal,optimal,optimal,↓ decreasing,↓ decreasing,→ stable,99.5,✅ EXCELLENT,False,NONE,3.5,0.0,NONE
1779689030.658,77.6,89.8,32.1,1490.0,44.7,13.82,31.7,32.1,31.8,31.7,optimal,optimal,optimal,optimal,optimal,optimal,→ stable,↓ decreasing,→ stable,99.5,✅ EXCELLENT,False,NONE,3.2,0.0,NONE
1779689031.658,80.3,89.0,31.9,1483.0,44.0,13.8,31.8,31.8,31.7,32.4,optimal,optimal,optimal,optimal,optimal,optimal,↓ decreasing,↓ decreasing,→ stable,99.5,✅ EXCELLENT,False,NONE,3.6,0.5,NONE
1779689032.659,82.9,90.4,32.2,1500.0,44.5,13.83,32.0,31.6,32.3,32.3,optimal,optimal,optimal,optimal,optimal,optimal,↓ decreasing,↓ decreasing,→ stable,99.5,✅ EXCELLENT,False,NONE,3.3,0.0,NONE
1779689033.66,81.8,90.3,32.1,1546.0,44.8,13.77,32.3,32.0,32.2,32.2,optimal,optimal,optimal,optimal,optimal,optimal,→ stable,→ stable,→ stable,99.5,✅ EXCELLENT,False,NONE,3.4,0.0,NONE
1779689034.661,79.8,89.4,31.6,1474.0,44.6,13.75,31.9,32.1,31.9,32.2,optimal,optimal,optimal,optimal,optimal,optimal,→ stable,→ stable,→ stable,99.5,✅ EXCELLENT,False,NONE,3.9,0.2,NONE
1779689035.661,81.6,89.5,32.1,1526.0,45.4,13.83,32.0,31.6,31.9,31.6,optimal,optimal,optimal,optimal,optimal,optimal,↑ increasing,→ stable,→ stable,99.5,✅ EXCELLENT,False,NONE,3.4,0.1,NONE
1779689036.663,78.5,90.9,32.3,1463.0,45.8,13.79,31.6,32.0,32.3,32.2,optimal,optimal,optimal,optimal,optimal,optimal,→ stable,→ stable,→ stable,99.5,✅ EXCELLENT,False,NONE,3.0,0.0,NONE
1779689037.663,79.5,88.9,32.2,1525.0,45.7,13.77,31.9,32.4,32.0,31.7,optimal,optimal,optimal,optimal,optimal,optimal,→ stable,→ stable,→ stable,99.5,✅ EXCELLENT,False,NONE,3.2,0.6,NONE
1779689038.664,81.5,89.7,32.3,1490.0,45.9,13.84,32.0,31.7,31.6,32.3,optimal,optimal,optimal,optimal,optimal,optimal,→ stable,→ stable,→ stable,99.5,✅ EXCELLENT,False,NONE,3.1,0.0,NONE
1779689039.664,78.6,91.0,32.1,1452.0,44.6,13.85,31.7,31.7,31.8,32.4,optimal,optimal,optimal,optimal,optimal,optimal,→ stable,→ stable,→ stable,99.5,✅ EXCELLENT,False,NONE,3.3,0.0,NONE
1779689040.664,81.9,88.6,31.8,1474.0,44.6,13.82,31.7,32.4,31.9,32.4,optimal,optimal,optimal,optimal,optimal,optimal,↑ increasing,→ stable,→ stable,99.5,✅ EXCELLENT,False,NONE,3.7,1.0,NONE
1779689041.665,78.9,90.7,32.0,1496.0,44.7,13.84,31.9,31.8,32.4,31.6,optimal,optimal,optimal,optimal,optimal,optimal,↑ increasing,→ stable,→ stable,99.5,✅ EXCELLENT,False,NONE,3.4,0.0,NONE
1779689042.666,77.9,88.8,32.1,1472.0,45.0,13.76,32.2,32.1,32.2,32.1,optimal,optimal,optimal,optimal,optimal,optimal,→ stable,→ stable,→ stable,99.5,✅ EXCELLENT,False,NONE,3.2,0.7,NONE
1779689043.667,80.7,91.1,32.1,1463.0,44.4,13.8,32.3,32.0,31.9,32.2,optimal,optimal,optimal,optimal,optimal,optimal,→ stable,→ stable,→ stable,99.5,✅ EXCELLENT,False,NONE,3.3,0.0,NONE
1779689044.668,77.5,89.4,31.9,1522.0,44.2,13.8,32.1,32.3,32.1,31.9,optimal,optimal,optimal,optimal,optimal,optimal,→ stable,→ stable,→ stable,99.5,✅ EXCELLENT,False,NONE,3.4,0.2,NONE
1779689045.669,80.1,90.4,32.2,1528.0,45.7,13.8,31.8,31.8,32.2,31.8,optimal,optimal,optimal,optimal,optimal,optimal,↓ decreasing,→ stable,→ stable,99.5,✅ EXCELLENT,False,NONE,3.2,0.0,NONE
1779689046.67,78.9,91.2,31.9,1489.0,44.7,13.83,32.2,32.1,31.7,31.7,optimal,optimal,optimal,optimal,optimal,optimal,↓ decreasing,→ stable,→ stable,99.5,✅ EXCELLENT,False,NONE,3.5,0.0,NONE
1779689047.672,77.1,89.1,31.8,1469.0,44.7,13.79,32.1,32.1,32.4,31.7,optimal,optimal,optimal,optimal,optimal,optimal,↓ decreasing,→ stable,→ stable,99.5,✅ EXCELLENT,False,NONE,3.5,0.4,NONE
1779689048.672,77.4,88.6,31.8,1488.0,45.1,13.81,31.8,31.7,32.3,31.9,optimal,optimal,optimal,optimal,optimal,optimal,↓ decreasing,→ stable,→ stable,99.5,✅ EXCELLENT,False,NONE,3.5,1.0,NONE
1779689049.672,79.2,90.5,31.7,1493.0,45.6,13.79,32.1,32.4,32.2,32.0,optimal,optimal,optimal,optimal,optimal,optimal,↓ decreasing,→ stable,→ stable,99.5,✅ EXCELLENT,False,NONE,3.7,0.0,NONE
1779689050.673,80.8,90.3,31.7,1519.0,45.5,13.8,32.4,32.1,32.3,31.7,optimal,optimal,optimal,optimal,optimal,optimal,↓ decreasing,→ stable,→ stable,99.5,✅ EXCELLENT,False,NONE,3.8,0.0,NONE
1779689051.674,80.4,89.8,32.0,1480.0,44.2,13.8,31.8,32.1,32.0,31.6,optimal,optimal,optimal,optimal,optimal,optimal,↓ decreasing,→ stable,→ stable,99.5,✅ EXCELLENT,False,NONE,3.4,0.0,NONE
1779689052.674,79.6,90.6,32.4,1453.0,45.4,13.79,31.8,31.9,32.3,32.3,optimal,optimal,optimal,optimal,optimal,optimal,↓ decreasing,→ stable,→ stable,99.5,✅ EXCELLENT,False,NONE,3.0,0.0,NONE
1779689053.675,77.0,89.2,32.0,1548.0,45.5,13.8,31.9,31.9,31.7,32.3,optimal,optimal,optimal,optimal,optimal,optimal,↓ decreasing,→ stable,→ stable,99.5,✅ EXCELLENT,False,NONE,3.3,0.3,NONE
1779689054.675,80.5,89.1,31.6,1527.0,45.7,13.8,31.9,31.7,31.8,31.9,optimal,optimal,optimal,optimal,optimal,optimal,↓ decreasing,→ stable,→ stable,99.5,✅ EXCELLENT,False,NONE,3.9,0.4,NONE
1779689055.675,77.5,90.6,31.9,1510.0,45.5,13.82,32.0,31.7,31.9,32.0,optimal,optimal,optimal,optimal,optimal,optimal,↓ decreasing,→ stable,→ stable,99.5,✅ EXCELLENT,False,NONE,3.4,0.0,NONE
1779689056.676,77.2,88.6,32.4,1541.0,45.8,13.82,31.8,31.6,32.0,32.0,optimal,optimal,optimal,optimal,optimal,optimal,↓ decreasing,→ stable,→ stable,99.5,✅ EXCELLENT,False,NONE,2.9,1.0,NONE
1779689057.679,78.1,90.3,31.8,1479.0,45.1,13.82,32.4,31.6,31.9,32.1,optimal,optimal,optimal,optimal,optimal,optimal,↓ decreasing,→ stable,→ stable,99.5,✅ EXCELLENT,False,NONE,3.6,0.0,NONE
1779689058.68,82.6,90.8,32.0,1492.0,44.6,13.83,32.1,32.3,31.9,31.8,optimal,optimal,optimal,optimal,optimal,optimal,→ stable,→ stable,→ stable,99.5,✅ EXCELLENT,False,NONE,3.5,0.0,NONE
1779689059.68,79.1,91.1,31.7,1486.0,44.5,13.84,31.7,31.6,32.3,31.9,optimal,optimal,optimal,optimal,optimal,optimal,→ stable,→ stable,→ stable,99.5,✅ EXCELLENT,False,NONE,3.7,0.0,NONE
1779689060.682,79.6,89.2,32.2,1549.0,44.7,13.77,31.6,31.8,32.0,32.1,optimal,optimal,optimal,optimal,optimal,optimal,→ stable,→ stable,→ stable,99.5,✅ EXCELLENT,False,NONE,3.2,0.3,NONE
1779689061.682,81.1,89.2,31.8,1525.0,44.1,13.77,31.8,32.4,32.2,32.1,optimal,optimal,optimal,optimal,optimal,optimal,→ stable,→ stable,→ stable,99.5,✅ EXCELLENT,False,NONE,3.7,0.3,NONE
1779689062.682,82.0,88.8,32.3,1451.0,44.6,13.8,31.8,32.3,31.8,32.2,optimal,optimal,optimal,optimal,optimal,optimal,→ stable,→ stable,→ stable,99.5,✅ EXCELLENT,False,NONE,3.2,0.7,NONE
1779689063.684,80.6,89.2,32.3,1536.0,45.7,13.79,32.1,32.0,31.7,32.3,optimal,optimal,optimal,optimal,optimal,optimal,↑ increasing,→ stable,→ stable,99.5,✅ EXCELLENT,False,NONE,3.1,0.3,NONE
1779689064.684,82.2,90.0,31.6,1497.0,44.6,13.78,31.9,32.1,32.2,31.9,optimal,optimal,optimal,optimal,optimal,optimal,↑ increasing,→ stable,→ stable,99.5,✅ EXCELLENT,False,NONE,4.0,0.0,NONE
1779689065.685,80.7,91.0,32.3,1469.0,45.4,13.75,32.0,32.0,32.3,31.6,optimal,optimal,optimal,optimal,optimal,optimal,↑ increasing,→ stable,→ stable,99.5,✅ EXCELLENT,False,NONE,3.1,0.0,NONE
1779689066.686,78.8,91.2,32.2,1514.0,46.0,13.82,32.0,32.0,32.0,32.2,optimal,optimal,optimal,optimal,optimal,optimal,↑ increasing,→ stable,→ stable,99.5,✅ EXCELLENT,False,NONE,3.2,0.0,NONE
1779689067.687,81.4,91.5,31.8,1518.0,44.2,13.76,32.2,31.8,32.4,32.2,optimal,optimal,optimal,optimal,optimal,optimal,↑ increasing,→ stable,→ stable,99.5,✅ EXCELLENT,False,NONE,3.7,0.0,NONE
1779689068.688,77.5,90.1,32.3,1514.0,45.6,13.85,31.8,32.4,32.2,32.3,optimal,optimal,optimal,optimal,optimal,optimal,↑ increasing,→ stable,→ stable,99.5,✅ EXCELLENT,False,NONE,3.0,0.0,NONE
1779689069.689,80.0,89.8,31.8,1460.0,45.4,13.83,32.2,32.3,31.6,31.9,optimal,optimal,optimal,optimal,optimal,optimal,↑ increasing,→ stable,→ stable,99.5,✅ EXCELLENT,False,NONE,3.7,0.0,NONE
1779689070.689,80.4,90.1,32.1,1452.0,45.0,13.83,31.9,31.9,31.7,31.9,optimal,optimal,optimal,optimal,optimal,optimal,↑ increasing,→ stable,→ stable,99.5,✅ EXCELLENT,False,NONE,3.3,0.0,NONE
1779689071.69,77.2,90.1,32.2,1506.0,44.6,13.76,31.7,31.8,32.2,32.3,optimal,optimal,optimal,optimal,optimal,optimal,↑ increasing,→ stable,→ stable,99.5,✅ EXCELLENT,False,NONE,3.1,0.0,NONE
1779689072.69,82.6,89.6,31.7,1470.0,45.9,13.81,31.7,32.0,32.1,32.2,optimal,optimal,optimal,optimal,optimal,optimal,↑ increasing,↑ increasing,→ stable,99.5,✅ EXCELLENT,False,NONE,3.9,0.1,NONE
1779689073.692,77.2,90.8,31.8,1503.0,45.0,13.81,32.1,31.8,31.7,31.7,optimal,optimal,optimal,optimal,optimal,optimal,→ stable,↑ increasing,→ stable,99.5,✅ EXCELLENT,False,NONE,3.5,0.0,NONE
1779689074.693,80.4,90.7,32.2,1490.0,44.4,13.76,32.0,31.9,31.7,32.3,optimal,optimal,optimal,optimal,optimal,optimal,→ stable,↑ increasing,→ stable,99.5,✅ EXCELLENT,False,NONE,3.2,0.0,NONE
1779689075.693,78.9,89.4,32.0,1526.0,44.8,13.78,31.8,32.3,32.1,32.0,optimal,optimal,optimal,optimal,optimal,optimal,↓ decreasing,↑ increasing,→ stable,99.5,✅ EXCELLENT,False,NONE,3.4,0.2,NONE
1779689076.695,79.6,89.2,32.1,1531.0,45.6,13.8,32.0,31.6,31.6,31.7,optimal,optimal,optimal,optimal,optimal,optimal,↓ decreasing,→ stable,→ stable,99.5,✅ EXCELLENT,False,NONE,3.3,0.3,NONE
1779689077.695,79.7,90.5,32.2,1480.0,46.0,13.84,32.1,31.8,32.0,32.2,optimal,optimal,optimal,optimal,optimal,optimal,↓ decreasing,→ stable,→ stable,99.5,✅ EXCELLENT,False,NONE,3.2,0.0,NONE
1779689078.697,78.2,90.5,32.1,1520.0,44.7,13.75,32.1,31.9,32.0,32.1,optimal,optimal,optimal,optimal,optimal,optimal,↓ decreasing,→ stable,→ stable,99.5,✅ EXCELLENT,False,NONE,3.2,0.0,NONE
1779689079.697,81.6,89.7,31.6,1547.0,45.9,13.79,31.9,32.2,32.0,31.6,optimal,optimal,optimal,optimal,optimal,optimal,↓ decreasing,→ stable,→ stable,99.5,✅ EXCELLENT,False,NONE,4.0,0.0,NONE
1779689080.698,81.2,91.2,32.0,1522.0,44.0,13.79,32.2,32.1,31.9,32.3,optimal,optimal,optimal,optimal,optimal,optimal,↓ decreasing,→ stable,→ stable,99.5,✅ EXCELLENT,False,NONE,3.5,0.0,NONE
1779689081.698,78.8,89.6,32.4,1474.0,45.1,13.8,32.3,31.9,31.7,32.4,optimal,optimal,optimal,optimal,optimal,optimal,→ stable,→ stable,→ stable,99.5,✅ EXCELLENT,False,NONE,2.9,0.1,NONE
1779689082.699,80.4,90.1,31.9,1527.0,44.9,13.81,32.3,32.4,31.8,31.9,optimal,optimal,optimal,optimal,optimal,optimal,↓ decreasing,→ stable,→ stable,99.5,✅ EXCELLENT,False,NONE,3.6,0.0,NONE
1779689083.699,81.0,91.4,32.0,1481.0,45.4,13.82,32.0,32.1,32.1,32.0,optimal,optimal,optimal,optimal,optimal,optimal,→ stable,→ stable,→ stable,99.5,✅ EXCELLENT,False,NONE,3.5,0.0,NONE
1779689084.7,81.9,89.7,32.3,1535.0,46.0,13.75,31.8,32.0,31.7,31.7,optimal,optimal,optimal,optimal,optimal,optimal,↑ increasing,→ stable,→ stable,99.5,✅ EXCELLENT,False,NONE,3.2,0.0,NONE
1779689085.701,83.0,90.8,31.9,1451.0,44.0,13.81,31.9,32.0,32.0,31.8,optimal,optimal,optimal,optimal,optimal,optimal,↑ increasing,→ stable,→ stable,99.5,✅ EXCELLENT,False,NONE,3.7,0.0,NONE
1779689086.702,77.9,89.4,32.3,1538.0,44.5,13.8,31.7,32.4,32.2,32.1,optimal,optimal,optimal,optimal,optimal,optimal,↑ increasing,→ stable,→ stable,99.5,✅ EXCELLENT,False,NONE,3.0,0.2,NONE
1779689087.703,82.8,89.3,31.8,1548.0,45.2,13.77,32.2,32.2,31.7,32.0,optimal,optimal,optimal,optimal,optimal,optimal,↑ increasing,→ stable,→ stable,99.5,✅ EXCELLENT,False,NONE,3.8,0.2,NONE
1779689088.703,81.9,90.0,31.7,1456.0,46.0,13.79,32.4,31.8,31.9,32.1,optimal,optimal,optimal,optimal,optimal,optimal,↑ increasing,→ stable,→ stable,99.5,✅ EXCELLENT,False,NONE,3.9,0.0,NONE
1779689089.704,78.9,90.3,31.9,1487.0,45.2,13.78,31.9,31.8,32.2,31.9,optimal,optimal,optimal,optimal,optimal,optimal,↑ increasing,→ stable,→ stable,99.5,✅ EXCELLENT,False,NONE,3.5,0.0,NONE
1779689090.705,79.9,88.8,32.2,1528.0,44.9,13.82,31.8,31.9,32.1,31.6,optimal,optimal,optimal,optimal,optimal,optimal,↑ increasing,→ stable,→ stable,99.5,✅ EXCELLENT,False,NONE,3.2,0.7,NONE
1779689091.705,77.9,91.4,31.8,1474.0,45.3,13.82,32.1,31.6,32.2,32.0,optimal,optimal,optimal,optimal,optimal,optimal,↑ increasing,→ stable,→ stable,99.5,✅ EXCELLENT,False,NONE,3.6,0.0,NONE
1779689092.707,79.3,91.3,32.2,1541.0,44.4,13.84,31.9,31.9,31.7,32.1,optimal,optimal,optimal,optimal,optimal,optimal,↑ increasing,→ stable,→ stable,99.5,✅ EXCELLENT,False,NONE,3.2,0.0,NONE
1779689093.707,80.5,88.7,32.0,1517.0,44.4,13.75,31.8,32.1,32.3,31.7,optimal,optimal,optimal,optimal,optimal,optimal,→ stable,→ stable,→ stable,99.5,✅ EXCELLENT,False,NONE,3.5,0.8,NONE
1779689094.707,82.5,89.1,32.3,1541.0,44.3,13.8,31.9,32.0,32.0,31.7,optimal,optimal,optimal,optimal,optimal,optimal,→ stable,→ stable,→ stable,99.5,✅ EXCELLENT,False,NONE,3.2,0.4,NONE
1779689095.708,80.1,89.6,32.3,1480.0,45.4,13.78,31.6,32.3,31.8,32.1,optimal,optimal,optimal,optimal,optimal,optimal,→ stable,→ stable,→ stable,99.5,✅ EXCELLENT,False,NONE,3.1,0.1,NONE
1779689096.71,79.2,90.3,32.1,1519.0,45.0,13.84,31.8,32.1,31.9,31.9,optimal,optimal,optimal,optimal,optimal,optimal,→ stable,→ stable,→ stable,99.5,✅ EXCELLENT,False,NONE,3.3,0.0,NONE
1779689097.711,78.5,91.1,31.6,1486.0,45.3,13.85,32.1,32.3,31.9,31.8,optimal,optimal,optimal,optimal,optimal,optimal,↓ decreasing,→ stable,→ stable,99.5,✅ EXCELLENT,False,NONE,3.8,0.0,NONE
1779689098.711,82.7,89.2,31.7,1478.0,45.8,13.82,32.3,32.3,32.0,32.2,optimal,optimal,optimal,optimal,optimal,optimal,↓ decreasing,→ stable,→ stable,99.5,✅ EXCELLENT,False,NONE,3.9,0.3,NONE
1779689099.712,82.0,89.1,31.7,1516.0,44.3,13.78,32.4,32.0,31.6,32.3,optimal,optimal,optimal,optimal,optimal,optimal,↓ decreasing,→ stable,→ stable,99.5,✅ EXCELLENT,False,NONE,3.9,0.4,NONE
1779689100.713,82.7,89.0,31.9,1492.0,45.8,13.78,31.7,31.7,32.3,31.7,optimal,optimal,optimal,optimal,optimal,optimal,→ stable,→ stable,→ stable,99.5,✅ EXCELLENT,False,NONE,3.7,0.5,NONE
1779689101.714,82.9,91.2,32.2,1510.0,44.0,13.78,31.8,32.3,31.7,32.2,optimal,optimal,optimal,optimal,optimal,optimal,→ stable,→ stable,→ stable,99.5,✅ EXCELLENT,False,NONE,3.3,0.0,NONE
1779689102.715,77.3,88.5,32.4,1526.0,44.8,13.84,31.7,31.7,32.1,31.8,optimal,optimal,optimal,optimal,optimal,optimal,→ stable,↓ decreasing,→ stable,99.5,✅ EXCELLENT,False,NONE,2.9,1.1,NONE
1779689103.716,80.1,89.5,32.1,1476.0,45.2,13.81,31.9,32.0,32.1,31.9,optimal,optimal,optimal,optimal,optimal,optimal,→ stable,→ stable,→ stable,99.5,✅ EXCELLENT,False,NONE,3.3,0.1,NONE
1779689104.718,78.9,89.4,32.0,1453.0,45.3,13.76,32.0,32.4,31.8,32.3,optimal,optimal,optimal,optimal,optimal,optimal,→ stable,→ stable,→ stable,99.5,✅ EXCELLENT,False,NONE,3.4,0.2,NONE
1779689105.719,79.8,89.7,32.2,1489.0,44.2,13.81,32.2,32.1,32.1,32.2,optimal,optimal,optimal,optimal,optimal,optimal,→ stable,→ stable,→ stable,99.5,✅ EXCELLENT,False,NONE,3.2,0.0,NONE
1779689106.72,82.2,89.0,32.2,1523.0,44.8,13.78,32.0,32.4,31.7,32.3,optimal,optimal,optimal,optimal,optimal,optimal,→ stable,→ stable,→ stable,99.5,✅ EXCELLENT,False,NONE,3.3,0.5,NONE
1779689107.721,79.0,91.3,32.0,1548.0,45.6,13.8,31.7,31.9,32.2,32.4,optimal,optimal,optimal,optimal,optimal,optimal,↑ increasing,→ stable,→ stable,99.5,✅ EXCELLENT,False,NONE,3.4,0.0,NONE
1779689108.721,81.8,88.9,32.2,1529.0,45.7,13.84,31.7,32.3,32.1,32.3,optimal,optimal,optimal,optimal,optimal,optimal,↑ increasing,→ stable,→ stable,99.5,✅ EXCELLENT,False,NONE,3.3,0.6,NONE
1779689109.721,78.4,88.8,32.1,1488.0,44.3,13.8,32.3,32.1,31.6,31.7,optimal,optimal,optimal,optimal,optimal,optimal,→ stable,→ stable,→ stable,99.5,✅ EXCELLENT,False,NONE,3.2,0.7,NONE
1779689110.722,81.7,90.0,31.7,1528.0,44.8,13.8,31.9,32.1,32.1,32.2,optimal,optimal,optimal,optimal,optimal,optimal,→ stable,→ stable,→ stable,99.5,✅ EXCELLENT,False,NONE,3.9,0.0,NONE
1779689111.724,77.8,90.3,31.9,1498.0,45.5,13.83,32.4,32.1,32.4,31.8,optimal,optimal,optimal,optimal,optimal,optimal,↓ decreasing,→ stable,→ stable,99.5,✅ EXCELLENT,False,NONE,3.4,0.0,NONE
1779689112.724,81.6,88.5,32.0,1514.0,44.9,13.78,31.7,31.6,31.7,32.2,optimal,optimal,optimal,optimal,optimal,optimal,↓ decreasing,→ stable,→ stable,99.5,✅ EXCELLENT,False,NONE,3.5,1.1,NONE
1779689113.725,78.6,91.1,32.3,1503.0,44.7,13.77,32.1,32.2,32.1,32.0,optimal,optimal,optimal,optimal,optimal,optimal,↓ decreasing,→ stable,→ stable,99.5,✅ EXCELLENT,False,NONE,3.0,0.0,NONE
1779689114.725,81.7,89.3,31.9,1524.0,45.0,13.78,31.7,32.3,32.4,32.3,optimal,optimal,optimal,optimal,optimal,optimal,→ stable,→ stable,→ stable,99.5,✅ EXCELLENT,False,NONE,3.6,0.2,NONE
1779689115.725,79.7,89.6,31.7,1512.0,45.4,13.84,32.3,32.2,32.2,32.2,optimal,optimal,optimal,optimal,optimal,optimal,→ stable,→ stable,→ stable,99.5,✅ EXCELLENT,False,NONE,3.8,0.1,NONE
1779689116.726,82.4,90.8,31.7,1466.0,44.8,13.78,31.6,32.2,31.7,32.1,optimal,optimal,optimal,optimal,optimal,optimal,→ stable,→ stable,→ stable,99.5,✅ EXCELLENT,False,NONE,3.9,0.0,NONE
1779689117.728,79.0,90.2,32.2,1511.0,44.5,13.77,31.8,32.2,32.2,32.2,optimal,optimal,optimal,optimal,optimal,optimal,→ stable,→ stable,→ stable,99.5,✅ EXCELLENT,False,NONE,3.2,0.0,NONE
1779689118.728,82.3,89.6,32.1,1473.0,44.6,13.82,32.1,32.4,32.1,32.1,optimal,optimal,optimal,optimal,optimal,optimal,→ stable,→ stable,→ stable,99.5,✅ EXCELLENT,False,NONE,3.4,0.1,NONE
1779689119.729,82.9,89.3,31.8,1499.0,45.5,13.81,32.4,32.4,32.2,31.7,optimal,optimal,optimal,optimal,optimal,optimal,→ stable,→ stable,→ stable,99.5,✅ EXCELLENT,False,NONE,3.8,0.2,NONE
1779689120.73,79.5,89.7,32.0,1519.0,45.1,13.79,31.9,32.4,32.1,31.7,optimal,optimal,optimal,optimal,optimal,optimal,→ stable,→ stable,→ stable,99.5,✅ EXCELLENT,False,NONE,3.4,0.0,NONE
1779689121.731,81.5,88.8,32.0,1537.0,45.4,13.77,32.0,32.3,31.7,32.1,optimal,optimal,optimal,optimal,optimal,optimal,↑ increasing,→ stable,→ stable,99.5,✅ EXCELLENT,False,NONE,3.5,0.7,NONE
1779689122.732,78.1,89.5,31.8,1473.0,44.6,13.78,32.0,32.1,32.4,32.0,optimal,optimal,optimal,optimal,optimal,optimal,→ stable,→ stable,→ stable,99.5,✅ EXCELLENT,False,NONE,3.6,0.1,NONE
1779689123.733,78.6,90.6,32.3,1454.0,44.2,13.84,31.8,31.8,31.9,31.7,optimal,optimal,optimal,optimal,optimal,optimal,↑ increasing,→ stable,→ stable,99.5,✅ EXCELLENT,False,NONE,3.0,0.0,NONE
1779689124.735,78.1,89.4,31.6,1461.0,44.4,13.78,31.8,32.2,32.0,31.9,optimal,optimal,optimal,optimal,optimal,optimal,→ stable,→ stable,→ stable,99.5,✅ EXCELLENT,False,NONE,3.8,0.2,NONE
1779689125.736,77.6,90.8,32.2,1461.0,44.9,13.78,32.2,31.9,32.2,32.2,optimal,optimal,optimal,optimal,optimal,optimal,→ stable,→ stable,→ stable,99.5,✅ EXCELLENT,False,NONE,3.1,0.0,NONE
1779689126.736,78.0,89.8,32.4,1484.0,44.9,13.78,31.8,32.0,31.9,32.1,optimal,optimal,optimal,optimal,optimal,optimal,↓ decreasing,→ stable,→ stable,99.5,✅ EXCELLENT,False,NONE,2.9,0.0,NONE
1779689127.737,80.4,90.0,31.9,1478.0,44.0,13.81,32.0,31.9,31.9,31.8,optimal,optimal,optimal,optimal,optimal,optimal,↓ decreasing,→ stable,→ stable,99.5,✅ EXCELLENT,False,NONE,3.6,0.0,NONE
1779689128.738,80.6,88.9,31.9,1472.0,44.0,13.85,32.3,31.6,32.2,31.8,optimal,optimal,optimal,optimal,optimal,optimal,↓ decreasing,→ stable,→ stable,99.5,✅ EXCELLENT,False,NONE,3.6,0.6,NONE
1779689129.739,77.3,91.0,31.8,1493.0,45.4,13.84,32.0,32.3,32.0,31.8,optimal,optimal,optimal,optimal,optimal,optimal,↓ decreasing,→ stable,→ stable,99.5,✅ EXCELLENT,False,NONE,3.5,0.0,NONE
1779689130.74,82.4,91.4,31.9,1517.0,44.7,13.83,32.2,32.0,32.1,31.7,optimal,optimal,optimal,optimal,optimal,optimal,↓ decreasing,→ stable,→ stable,99.5,✅ EXCELLENT,False,NONE,3.6,0.0,NONE
1779689131.741,81.7,90.2,31.7,1547.0,44.6,13.78,32.0,32.1,32.3,32.1,optimal,optimal,optimal,optimal,optimal,optimal,↓ decreasing,→ stable,→ stable,99.5,✅ EXCELLENT,False,NONE,3.9,0.0,NONE
1779689132.741,79.5,91.0,32.0,1477.0,45.3,13.83,32.4,32.3,32.2,31.6,optimal,optimal,optimal,optimal,optimal,optimal,↓ decreasing,↑ increasing,→ stable,99.5,✅ EXCELLENT,False,NONE,3.4,0.0,NONE
1779689133.743,79.5,88.5,32.1,1457.0,44.4,13.83,32.2,32.3,32.0,32.2,optimal,optimal,optimal,optimal,optimal,optimal,↓ decreasing,→ stable,→ stable,99.5,✅ EXCELLENT,False,NONE,3.3,1.1,NONE
1779689134.744,80.2,90.4,32.1,1527.0,45.5,13.75,32.1,31.8,32.1,32.2,optimal,optimal,optimal,optimal,optimal,optimal,→ stable,→ stable,→ stable,99.5,✅ EXCELLENT,False,NONE,3.3,0.0,NONE
1779689135.744,79.0,89.8,32.4,1482.0,44.6,13.83,32.0,32.1,32.2,32.3,optimal,optimal,optimal,optimal,optimal,optimal,→ stable,→ stable,→ stable,99.5,✅ EXCELLENT,False,NONE,2.9,0.0,NONE
1779689136.745,79.9,91.3,32.1,1535.0,45.7,13.83,32.0,32.3,32.3,31.9,optimal,optimal,optimal,optimal,optimal,optimal,→ stable,→ stable,→ stable,99.5,✅ EXCELLENT,False,NONE,3.3,0.0,NONE
1779689137.747,79.7,91.3,31.8,1534.0,44.6,13.85,32.2,32.2,32.0,31.8,optimal,optimal,optimal,optimal,optimal,optimal,→ stable,↑ increasing,→ stable,99.5,✅ EXCELLENT,False,NONE,3.6,0.0,NONE
1779689138.748,77.4,91.3,31.7,1493.0,45.8,13.76,31.8,31.7,32.2,32.2,optimal,optimal,optimal,optimal,optimal,optimal,→ stable,↑ increasing,→ stable,99.5,✅ EXCELLENT,False,NONE,3.6,0.0,NONE
1779689139.748,78.7,88.9,32.0,1507.0,44.8,13.81,31.8,32.2,32.0,31.7,optimal,optimal,optimal,optimal,optimal,optimal,↑ increasing,↑ increasing,→ stable,99.5,✅ EXCELLENT,False,NONE,3.4,0.6,NONE
1779689140.749,78.8,89.9,31.8,1518.0,45.2,13.76,32.3,32.2,32.3,31.7,optimal,optimal,optimal,optimal,optimal,optimal,→ stable,→ stable,→ stable,99.5,✅ EXCELLENT,False,NONE,3.6,0.0,NONE
1779689141.75,78.2,91.5,31.7,1527.0,46.0,13.83,31.7,31.7,32.3,32.0,optimal,optimal,optimal,optimal,optimal,optimal,→ stable,→ stable,→ stable,99.5,✅ EXCELLENT,False,NONE,3.7,0.0,NONE
1779689142.752,82.6,90.0,32.1,1544.0,44.3,13.82,31.7,32.3,31.9,31.9,optimal,optimal,optimal,optimal,optimal,optimal,→ stable,→ stable,→ stable,99.5,✅ EXCELLENT,False,NONE,3.4,0.0,NONE
1779689143.752,79.0,90.0,32.0,1458.0,45.4,13.77,32.4,32.3,31.8,31.9,optimal,optimal,optimal,optimal,optimal,optimal,→ stable,→ stable,→ stable,99.5,✅ EXCELLENT,False,NONE,3.4,0.0,NONE
1779689144.753,79.7,90.4,32.3,1465.0,44.3,13.8,31.9,32.1,32.2,32.1,optimal,optimal,optimal,optimal,optimal,optimal,→ stable,→ stable,→ stable,99.5,✅ EXCELLENT,False,NONE,3.1,0.0,NONE
1779689145.754,82.8,91.0,31.8,1530.0,44.0,13.8,31.8,32.1,32.0,32.1,optimal,optimal,optimal,optimal,optimal,optimal,→ stable,→ stable,→ stable,99.5,✅ EXCELLENT,False,NONE,3.8,0.0,NONE
1779689146.754,78.6,90.8,31.8,1531.0,44.5,13.85,31.9,31.8,31.8,32.1,optimal,optimal,optimal,optimal,optimal,optimal,→ stable,→ stable,→ stable,99.5,✅ EXCELLENT,False,NONE,3.6,0.0,NONE
1779689147.755,77.4,89.6,31.6,1474.0,45.3,13.79,31.9,31.6,32.3,31.8,optimal,optimal,optimal,optimal,optimal,optimal,↓ decreasing,→ stable,→ stable,99.5,✅ EXCELLENT,False,NONE,3.8,0.1,NONE
1779689148.757,78.1,90.1,31.7,1499.0,45.9,13.77,31.9,31.8,31.8,32.0,optimal,optimal,optimal,optimal,optimal,optimal,→ stable,→ stable,→ stable,99.5,✅ EXCELLENT,False,NONE,3.7,0.0,NONE
1779689149.758,82.3,90.9,31.7,1462.0,44.8,13.78,31.8,32.3,32.3,32.2,optimal,optimal,optimal,optimal,optimal,optimal,→ stable,→ stable,→ stable,99.5,✅ EXCELLENT,False,NONE,3.9,0.0,NONE
1779689150.758,79.6,90.8,31.9,1463.0,45.0,13.8,32.0,32.0,32.3,31.7,optimal,optimal,optimal,optimal,optimal,optimal,→ stable,→ stable,→ stable,99.5,✅ EXCELLENT,False,NONE,3.5,0.0,NONE
1779689151.759,79.2,90.5,32.1,1479.0,45.3,13.83,32.1,32.1,32.3,32.0,optimal,optimal,optimal,optimal,optimal,optimal,↑ increasing,→ stable,→ stable,99.5,✅ EXCELLENT,False,NONE,3.3,0.0,NONE
1779689152.76,81.8,88.7,32.0,1461.0,46.0,13.8,31.8,32.2,32.1,32.0,optimal,optimal,optimal,optimal,optimal,optimal,→ stable,→ stable,→ stable,99.5,✅ EXCELLENT,False,NONE,3.5,0.8,NONE
1779689153.761,80.8,89.7,32.4,1493.0,45.0,13.77,31.9,32.2,32.2,32.0,optimal,optimal,optimal,optimal,optimal,optimal,↑ increasing,→ stable,→ stable,99.5,✅ EXCELLENT,False,NONE,3.0,0.0,NONE
1779689154.762,79.6,89.6,31.8,1519.0,45.4,13.8,31.9,32.0,32.3,32.1,optimal,optimal,optimal,optimal,optimal,optimal,↑ increasing,→ stable,→ stable,99.5,✅ EXCELLENT,False,NONE,3.6,0.1,NONE
1779689155.763,81.6,91.4,31.8,1489.0,45.6,13.78,32.4,31.9,32.0,31.8,optimal,optimal,optimal,optimal,optimal,optimal,→ stable,→ stable,→ stable,99.5,✅ EXCELLENT,False,NONE,3.7,0.0,NONE
1779689156.765,81.8,89.3,32.2,1456.0,45.8,13.83,31.8,32.3,32.2,32.2,optimal,optimal,optimal,optimal,optimal,optimal,↑ increasing,→ stable,→ stable,99.5,✅ EXCELLENT,False,NONE,3.3,0.2,NONE
1779689157.765,77.3,88.5,32.2,1468.0,46.0,13.78,32.3,31.8,32.3,32.0,optimal,optimal,optimal,optimal,optimal,optimal,↑ increasing,→ stable,→ stable,99.5,✅ EXCELLENT,False,NONE,3.1,1.1,NONE
1779689158.766,78.2,90.4,32.2,1461.0,45.8,13.83,32.0,32.0,31.8,31.9,optimal,optimal,optimal,optimal,optimal,optimal,↑ increasing,→ stable,→ stable,99.5,✅ EXCELLENT,False,NONE,3.1,0.0,NONE
1779689159.767,78.0,88.8,31.8,1458.0,45.6,13.76,32.3,32.4,31.6,32.1,optimal,optimal,optimal,optimal,optimal,optimal,→ stable,↓ decreasing,→ stable,99.5,✅ EXCELLENT,False,NONE,3.6,0.7,NONE
1779689160.768,78.9,89.6,32.1,1487.0,45.8,13.84,32.2,31.8,32.2,32.0,optimal,optimal,optimal,optimal,optimal,optimal,→ stable,↓ decreasing,→ stable,99.5,✅ EXCELLENT,False,NONE,3.3,0.1,NONE
1779689161.769,77.4,91.2,31.7,1528.0,44.7,13.79,32.0,32.1,32.2,32.2,optimal,optimal,optimal,optimal,optimal,optimal,→ stable,↓ decreasing,→ stable,99.5,✅ EXCELLENT,False,NONE,3.6,0.0,NONE
1779689162.77,80.9,91.5,32.3,1459.0,44.4,13.78,32.3,31.7,32.4,31.7,optimal,optimal,optimal,optimal,optimal,optimal,→ stable,→ stable,→ stable,99.5,✅ EXCELLENT,False,NONE,3.1,0.0,NONE
1779689163.77,78.5,89.6,32.2,1534.0,45.8,13.83,32.1,32.1,31.7,32.3,optimal,optimal,optimal,optimal,optimal,optimal,↓ decreasing,→ stable,→ stable,99.5,✅ EXCELLENT,False,NONE,3.1,0.1,NONE
1779689164.77,78.0,91.5,31.9,1479.0,46.0,13.77,32.1,32.0,32.0,32.1,optimal,optimal,optimal,optimal,optimal,optimal,↓ decreasing,→ stable,→ stable,99.5,✅ EXCELLENT,False,NONE,3.5,0.0,NONE
1779689165.771,79.5,90.4,31.9,1512.0,44.7,13.8,32.3,32.0,32.1,32.1,optimal,optimal,optimal,optimal,optimal,optimal,↓ decreasing,→ stable,→ stable,99.5,✅ EXCELLENT,False,NONE,3.5,0.0,NONE
1779689166.772,80.2,89.7,31.7,1489.0,44.5,13.81,31.7,32.1,32.4,31.8,optimal,optimal,optimal,optimal,optimal,optimal,↓ decreasing,→ stable,→ stable,99.5,✅ EXCELLENT,False,NONE,3.8,0.0,NONE
1779689167.773,82.2,88.9,31.7,1549.0,44.6,13.84,31.8,32.3,31.8,31.8,optimal,optimal,optimal,optimal,optimal,optimal,↓ decreasing,→ stable,→ stable,99.5,✅ EXCELLENT,False,NONE,3.9,0.6,NONE
1779689168.774,82.2,90.9,31.8,1539.0,45.8,13.76,31.9,31.7,32.1,31.7,optimal,optimal,optimal,optimal,optimal,optimal,↓ decreasing,→ stable,→ stable,99.5,✅ EXCELLENT,False,NONE,3.8,0.0,NONE
1779689169.774,81.8,89.9,31.7,1504.0,44.7,13.81,32.1,32.1,31.9,32.2,optimal,optimal,optimal,optimal,optimal,optimal,→ stable,↑ increasing,→ stable,99.5,✅ EXCELLENT,False,NONE,3.9,0.0,NONE
1779689170.776,77.1,89.6,32.2,1512.0,45.3,13.83,31.7,31.7,32.1,32.3,optimal,optimal,optimal,optimal,optimal,optimal,→ stable,↑ increasing,→ stable,99.5,✅ EXCELLENT,False,NONE,3.1,0.1,NONE
1779689171.776,81.0,90.7,32.1,1472.0,45.4,13.84,31.8,32.0,32.0,32.2,optimal,optimal,optimal,optimal,optimal,optimal,↑ increasing,↑ increasing,→ stable,99.5,✅ EXCELLENT,False,NONE,3.4,0.0,NONE
1779689172.778,79.6,90.1,31.7,1528.0,45.2,13.78,32.3,32.4,31.7,32.4,optimal,optimal,optimal,optimal,optimal,optimal,↑ increasing,→ stable,→ stable,99.5,✅ EXCELLENT,False,NONE,3.8,0.0,NONE
1779689173.778,81.9,89.2,32.0,1478.0,45.9,13.81,32.0,32.2,31.7,31.8,optimal,optimal,optimal,optimal,optimal,optimal,↑ increasing,→ stable,→ stable,99.5,✅ EXCELLENT,False,NONE,3.5,0.3,NONE
1779689174.779,78.2,89.0,31.7,1533.0,44.3,13.85,32.3,31.9,32.1,32.3,optimal,optimal,optimal,optimal,optimal,optimal,↑ increasing,→ stable,→ stable,99.5,✅ EXCELLENT,False,NONE,3.7,0.5,NONE
1779689175.78,81.1,89.5,32.0,1527.0,45.5,13.81,31.7,31.7,31.6,31.7,optimal,optimal,optimal,optimal,optimal,optimal,↑ increasing,→ stable,→ stable,99.5,✅ EXCELLENT,False,NONE,3.5,0.1,NONE
1779689176.782,79.7,91.1,32.2,1532.0,44.4,13.79,32.2,32.1,32.0,32.2,optimal,optimal,optimal,optimal,optimal,optimal,↑ increasing,→ stable,→ stable,99.5,✅ EXCELLENT,False,NONE,3.2,0.0,NONE
1779689177.783,82.0,88.7,31.8,1500.0,44.9,13.77,32.1,31.9,31.7,32.1,optimal,optimal,optimal,optimal,optimal,optimal,↑ increasing,→ stable,→ stable,99.5,✅ EXCELLENT,False,NONE,3.7,0.8,NONE
1779689178.785,79.0,89.0,31.6,1512.0,45.2,13.81,31.9,32.2,31.9,32.0,optimal,optimal,optimal,optimal,optimal,optimal,↑ increasing,↓ decreasing,→ stable,99.5,✅ EXCELLENT,False,NONE,3.8,0.5,NONE
1779689179.786,82.5,90.0,32.0,1519.0,44.1,13.8,32.3,31.9,31.8,31.7,optimal,optimal,optimal,optimal,optimal,optimal,→ stable,↓ decreasing,→ stable,99.5,✅ EXCELLENT,False,NONE,3.5,0.0,NONE
1779689180.788,77.1,88.6,32.1,1503.0,44.3,13.82,31.9,32.3,32.3,31.9,optimal,optimal,optimal,optimal,optimal,optimal,→ stable,↓ decreasing,→ stable,99.5,✅ EXCELLENT,False,NONE,3.2,1.0,NONE
1779689181.789,81.7,90.9,31.8,1461.0,45.6,13.78,31.7,32.2,31.8,32.2,optimal,optimal,optimal,optimal,optimal,optimal,→ stable,↓ decreasing,→ stable,99.5,✅ EXCELLENT,False,NONE,3.7,0.0,NONE
1779689182.79,79.6,89.6,32.3,1497.0,44.1,13.81,32.4,32.2,32.3,31.9,optimal,optimal,optimal,optimal,optimal,optimal,→ stable,↓ decreasing,→ stable,99.5,✅ EXCELLENT,False,NONE,3.1,0.1,NONE
1779689183.792,81.3,90.6,31.7,1522.0,44.8,13.79,32.3,31.7,32.2,31.6,optimal,optimal,optimal,optimal,optimal,optimal,→ stable,→ stable,→ stable,99.5,✅ EXCELLENT,False,NONE,3.8,0.0,NONE
1779689184.793,81.6,91.2,32.1,1456.0,45.7,13.79,31.9,31.8,31.7,32.2,optimal,optimal,optimal,optimal,optimal,optimal,→ stable,→ stable,→ stable,99.5,✅ EXCELLENT,False,NONE,3.4,0.0,NONE
1779689185.794,81.1,91.5,32.4,1464.0,45.4,13.77,31.8,32.2,31.8,31.6,optimal,optimal,optimal,optimal,optimal,optimal,→ stable,→ stable,→ stable,99.5,✅ EXCELLENT,False,NONE,3.0,0.0,NONE
1779689186.795,77.1,90.8,31.9,1543.0,44.5,13.77,32.2,31.8,32.0,31.8,optimal,optimal,optimal,optimal,optimal,optimal,→ stable,→ stable,→ stable,99.5,✅ EXCELLENT,False,NONE,3.4,0.0,NONE
1779689187.796,79.6,88.6,32.1,1471.0,44.9,13.79,32.2,31.6,31.9,31.9,optimal,optimal,optimal,optimal,optimal,optimal,→ stable,→ stable,→ stable,99.5,✅ EXCELLENT,False,NONE,3.3,1.0,NONE
1779689188.798,80.3,88.9,32.1,1550.0,45.0,13.77,31.8,32.1,31.9,32.2,optimal,optimal,optimal,optimal,optimal,optimal,→ stable,→ stable,→ stable,99.5,✅ EXCELLENT,False,NONE,3.3,0.6,NONE
1779689189.798,77.9,89.9,31.8,1461.0,45.8,13.8,32.1,32.0,31.8,32.3,optimal,optimal,optimal,optimal,optimal,optimal,→ stable,→ stable,→ stable,99.5,✅ EXCELLENT,False,NONE,3.6,0.0,NONE
1779689190.799,78.8,90.9,32.4,1534.0,45.2,13.79,31.8,31.6,32.2,31.8,optimal,optimal,optimal,optimal,optimal,optimal,→ stable,↑ increasing,→ stable,99.5,✅ EXCELLENT,False,NONE,2.9,0.0,NONE
1779689191.8,80.8,90.4,31.7,1541.0,44.2,13.76,31.7,31.9,32.0,31.6,optimal,optimal,optimal,optimal,optimal,optimal,→ stable,↑ increasing,→ stable,99.5,✅ EXCELLENT,False,NONE,3.8,0.0,NONE
1779689192.802,78.6,88.8,32.0,1536.0,44.8,13.8,32.3,32.2,32.1,32.3,optimal,optimal,optimal,optimal,optimal,optimal,↓ decreasing,↑ increasing,→ stable,99.5,✅ EXCELLENT,False,NONE,3.4,0.7,NONE
1779689193.804,79.6,89.7,32.1,1520.0,45.6,13.76,31.8,32.0,32.1,32.4,optimal,optimal,optimal,optimal,optimal,optimal,↓ decreasing,→ stable,→ stable,99.5,✅ EXCELLENT,False,NONE,3.3,0.0,NONE
1779689194.805,79.0,89.4,31.8,1494.0,44.7,13.79,32.0,31.8,32.3,31.6,optimal,optimal,optimal,optimal,optimal,optimal,↓ decreasing,→ stable,→ stable,99.5,✅ EXCELLENT,False,NONE,3.6,0.2,NONE
1779689195.807,81.7,88.7,32.3,1507.0,45.7,13.77,31.8,32.0,32.0,31.8,optimal,optimal,optimal,optimal,optimal,optimal,↓ decreasing,↓ decreasing,→ stable,99.5,✅ EXCELLENT,False,NONE,3.2,0.8,NONE
1779689196.808,79.6,89.3,31.7,1485.0,45.8,13.79,32.0,32.1,31.9,32.1,optimal,optimal,optimal,optimal,optimal,optimal,↓ decreasing,↓ decreasing,→ stable,99.5,✅ EXCELLENT,False,NONE,3.8,0.2,NONE
1779689197.808,78.5,89.5,31.7,1536.0,45.4,13.79,31.7,31.8,31.6,31.7,optimal,optimal,optimal,optimal,optimal,optimal,↓ decreasing,↓ decreasing,→ stable,99.5,✅ EXCELLENT,False,NONE,3.7,0.1,NONE
1779689198.809,80.4,90.3,31.7,1469.0,45.3,13.77,32.2,31.7,31.6,31.7,optimal,optimal,optimal,optimal,optimal,optimal,↓ decreasing,→ stable,→ stable,99.5,✅ EXCELLENT,False,NONE,3.8,0.0,NONE
1779689199.811,80.0,90.3,32.2,1544.0,44.9,13.8,32.0,32.3,32.2,31.8,optimal,optimal,optimal,optimal,optimal,optimal,→ stable,→ stable,→ stable,99.5,✅ EXCELLENT,False,NONE,3.2,0.0,NONE
1779689200.812,82.4,89.1,31.7,1524.0,44.7,13.81,31.9,32.4,32.1,32.2,optimal,optimal,optimal,optimal,optimal,optimal,→ stable,↓ decreasing,→ stable,99.5,✅ EXCELLENT,False,NONE,3.9,0.4,NONE
1779689201.812,81.6,91.1,31.7,1472.0,45.0,13.79,32.1,32.3,32.2,31.7,optimal,optimal,optimal,optimal,optimal,optimal,→ stable,↓ decreasing,→ stable,99.5,✅ EXCELLENT,False,NONE,3.8,0.0,NONE
1779689202.813,82.3,91.0,31.8,1507.0,45.3,13.83,31.9,32.0,31.9,32.3,optimal,optimal,optimal,optimal,optimal,optimal,↑ increasing,→ stable,→ stable,99.5,✅ EXCELLENT,False,NONE,3.8,0.0,NONE
1779689203.814,79.8,89.1,32.2,1477.0,44.3,13.75,32.3,32.0,32.0,32.4,optimal,optimal,optimal,optimal,optimal,optimal,↑ increasing,→ stable,→ stable,99.5,✅ EXCELLENT,False,NONE,3.2,0.4,NONE
1779689204.816,80.0,90.5,32.0,1478.0,45.7,13.77,32.0,32.1,31.6,32.0,optimal,optimal,optimal,optimal,optimal,optimal,↑ increasing,→ stable,→ stable,99.5,✅ EXCELLENT,False,NONE,3.4,0.0,NONE
1779689205.816,77.1,91.4,32.0,1474.0,45.4,13.81,31.7,31.8,32.2,31.8,optimal,optimal,optimal,optimal,optimal,optimal,↑ increasing,↑ increasing,→ stable,99.5,✅ EXCELLENT,False,NONE,3.3,0.0,NONE
1779689206.817,77.7,91.0,31.8,1513.0,44.4,13.77,32.0,32.3,31.9,32.2,optimal,optimal,optimal,optimal,optimal,optimal,→ stable,↑ increasing,→ stable,99.5,✅ EXCELLENT,False,NONE,3.6,0.0,NONE
1779689207.818,81.1,89.9,31.9,2875.0,45.9,13.83,31.6,31.9,32.3,31.8,optimal,optimal,optimal,optimal,optimal,optimal,↑ increasing,↑ increasing,→ stable,99.5,✅ EXCELLENT,False,NONE,3.6,0.0,NONE
1779689208.82,81.4,89.4,32.0,2901.0,45.7,13.81,32.4,32.2,31.9,32.2,optimal,optimal,optimal,optimal,optimal,optimal,↑ increasing,↑ increasing,→ stable,99.5,✅ EXCELLENT,False,NONE,3.5,0.2,NONE
1779689209.82,81.5,90.9,32.1,2883.0,45.4,13.79,31.9,31.9,32.2,32.1,optimal,optimal,optimal,optimal,optimal,optimal,↑ increasing,↑ increasing,→ stable,99.5,✅ EXCELLENT,False,NONE,3.4,0.0,NONE
1779689210.822,78.9,88.6,32.3,2894.0,45.6,13.77,31.6,31.6,32.1,31.7,optimal,optimal,optimal,optimal,optimal,optimal,→ stable,↑ increasing,→ stable,99.5,✅ EXCELLENT,False,NONE,3.0,1.0,NONE
1779689211.823,78.8,91.4,31.7,2909.0,45.2,13.77,32.1,32.2,32.0,31.8,optimal,optimal,optimal,optimal,optimal,optimal,→ stable,↑ increasing,→ stable,99.5,✅ EXCELLENT,False,NONE,3.7,0.0,NONE
1779689212.825,79.9,90.7,31.9,2895.0,45.9,13.84,32.4,32.2,32.3,31.8,optimal,optimal,optimal,optimal,optimal,optimal,↓ decreasing,→ stable,→ stable,99.5,✅ EXCELLENT,False,NONE,3.5,0.0,NONE
1779689213.825,80.8,90.2,32.4,7029.0,45.6,13.79,32.0,32.3,32.4,31.9,optimal,optimal,optimal,danger,optimal,optimal,↓ decreasing,↑ increasing,→ stable,99.5,🚨 EMERGENCY,True,NONE,3.0,0.0,NONE
1779689214.826,80.0,88.9,32.2,6993.0,45.1,13.79,32.1,31.9,32.2,31.8,optimal,optimal,optimal,danger,optimal,optimal,↓ decreasing,→ stable,→ stable,99.5,🚨 EMERGENCY,True,NONE,3.2,0.6,NONE
1779689215.828,77.6,91.1,32.1,7012.0,44.6,13.82,32.3,31.8,31.8,32.3,optimal,optimal,optimal,danger,optimal,optimal,→ stable,→ stable,→ stable,99.5,🚨 EMERGENCY,True,NONE,3.2,0.0,NONE
1779689216.828,81.5,89.1,31.8,6973.0,45.9,13.82,32.3,32.1,31.7,32.2,optimal,optimal,optimal,danger,optimal,optimal,→ stable,→ stable,→ stable,99.5,🚨 EMERGENCY,True,NONE,3.7,0.4,NONE
1779689217.83,80.0,88.7,32.3,7048.0,45.4,13.83,31.9,31.7,31.8,31.7,optimal,optimal,optimal,danger,optimal,optimal,→ stable,→ stable,→ stable,99.5,🚨 EMERGENCY,True,NONE,3.1,0.8,NONE
1779689218.831,80.6,90.1,31.8,7039.0,44.2,13.76,31.6,31.8,32.0,31.7,optimal,optimal,optimal,danger,optimal,optimal,→ stable,→ stable,→ stable,99.5,🚨 EMERGENCY,True,NONE,3.7,0.0,NONE
1779689219.832,79.9,89.5,32.0,6978.0,44.7,13.78,32.2,31.7,32.3,31.8,optimal,optimal,optimal,danger,optimal,optimal,↓ decreasing,↓ decreasing,→ stable,99.5,🚨 EMERGENCY,True,NONE,3.4,0.1,NONE
1779689220.832,79.1,90.9,32.0,7012.0,44.0,13.76,32.2,32.0,32.4,32.2,optimal,optimal,optimal,danger,optimal,optimal,→ stable,→ stable,→ stable,99.5,🚨 EMERGENCY,True,NONE,3.4,0.0,NONE
1779689221.834,80.5,89.2,32.0,7030.0,45.1,13.8,31.8,32.2,31.8,31.7,optimal,optimal,optimal,danger,optimal,optimal,→ stable,→ stable,→ stable,99.5,🚨 EMERGENCY,True,NONE,3.5,0.3,NONE
1779689222.835,82.9,88.8,31.9,6957.0,45.5,13.76,31.9,32.1,32.4,32.3,optimal,optimal,optimal,danger,optimal,optimal,↑ increasing,↓ decreasing,→ stable,99.5,🚨 EMERGENCY,True,NONE,3.7,0.7,NONE
1779689223.835,77.4,88.7,31.7,6970.0,44.2,13.81,31.6,32.4,32.1,31.8,optimal,optimal,optimal,danger,optimal,optimal,→ stable,↓ decreasing,→ stable,99.5,🚨 EMERGENCY,True,NONE,3.6,0.8,NONE
1779689224.837,79.9,90.8,32.3,7006.0,45.9,13.82,32.0,32.4,31.8,32.2,optimal,optimal,optimal,danger,optimal,optimal,→ stable,↓ decreasing,→ stable,99.5,🚨 EMERGENCY,True,NONE,3.1,0.0,NONE
1779689225.838,79.6,91.3,31.8,7021.0,44.2,13.75,32.2,32.2,32.4,32.2,optimal,optimal,optimal,danger,optimal,optimal,→ stable,→ stable,→ stable,99.5,🚨 EMERGENCY,True,NONE,3.6,0.0,NONE
1779689226.838,81.5,89.4,32.4,6963.0,45.2,13.85,32.1,32.1,32.0,32.3,optimal,optimal,optimal,danger,optimal,optimal,→ stable,→ stable,→ stable,99.5,🚨 EMERGENCY,True,NONE,3.0,0.2,NONE
1779689227.839,81.7,89.6,32.4,7021.0,44.8,13.76,32.3,31.8,32.4,32.1,optimal,optimal,optimal,danger,optimal,optimal,→ stable,→ stable,→ stable,99.5,🚨 EMERGENCY,True,NONE,3.0,0.1,NONE
1779689228.84,82.3,88.6,31.8,7032.0,45.5,13.76,32.3,31.7,32.1,31.8,optimal,optimal,optimal,danger,optimal,optimal,↑ increasing,→ stable,→ stable,99.5,🚨 EMERGENCY,True,NONE,3.8,1.0,NONE
1779689229.842,77.4,88.8,31.9,7033.0,44.4,13.8,32.2,32.2,32.2,32.1,optimal,optimal,optimal,danger,optimal,optimal,→ stable,→ stable,→ stable,99.5,🚨 EMERGENCY,True,NONE,3.4,0.7,NONE
1779689230.842,79.8,90.3,31.8,6960.0,44.4,13.78,32.4,32.3,31.6,32.4,optimal,optimal,optimal,danger,optimal,optimal,→ stable,↓ decreasing,→ stable,99.5,🚨 EMERGENCY,True,NONE,3.6,0.0,NONE
1779689231.843,77.9,90.7,32.2,6972.0,44.0,13.84,32.3,31.8,31.8,32.2,optimal,optimal,optimal,danger,optimal,optimal,→ stable,→ stable,→ stable,99.5,🚨 EMERGENCY,True,NONE,3.1,0.0,NONE
1779689232.845,78.1,88.8,32.3,7010.0,44.3,13.82,31.7,32.2,32.0,32.1,optimal,optimal,optimal,danger,optimal,optimal,↓ decreasing,→ stable,→ stable,99.5,🚨 EMERGENCY,True,NONE,3.0,0.7,NONE
1779689233.846,79.5,88.7,32.0,7045.0,44.0,13.79,31.8,32.3,31.9,32.0,optimal,optimal,optimal,danger,optimal,optimal,→ stable,→ stable,→ stable,99.5,🚨 EMERGENCY,True,NONE,3.4,0.8,NONE
1779689234.848,81.8,91.3,32.2,6990.0,45.0,13.76,31.7,32.2,32.1,31.7,optimal,optimal,optimal,danger,optimal,optimal,→ stable,→ stable,→ stable,99.5,🚨 EMERGENCY,True,NONE,3.3,0.0,NONE
1779689235.849,78.0,91.0,31.8,6965.0,44.4,13.76,32.2,31.7,31.7,31.9,optimal,optimal,optimal,danger,optimal,optimal,→ stable,→ stable,→ stable,99.5,🚨 EMERGENCY,True,NONE,3.6,0.0,NONE
1779689236.849,79.3,89.7,32.1,6967.0,44.7,13.81,32.1,31.7,32.0,31.8,optimal,optimal,optimal,danger,optimal,optimal,↓ decreasing,→ stable,→ stable,99.5,🚨 EMERGENCY,True,NONE,3.3,0.0,NONE
1779689237.849,81.4,88.9,31.7,7031.0,45.5,13.83,31.9,31.9,31.7,31.8,optimal,optimal,optimal,danger,optimal,optimal,↓ decreasing,→ stable,→ stable,99.5,🚨 EMERGENCY,True,NONE,3.8,0.6,NONE
1779689238.851,77.8,90.6,32.4,7004.0,44.4,13.77,31.9,32.0,32.2,31.7,optimal,optimal,optimal,danger,optimal,optimal,↓ decreasing,→ stable,→ stable,99.5,🚨 EMERGENCY,True,NONE,2.9,0.0,NONE
1779689239.851,80.0,91.2,32.2,6990.0,44.9,13.82,32.3,31.8,32.0,32.1,optimal,optimal,optimal,danger,optimal,optimal,↓ decreasing,↑ increasing,→ stable,99.5,🚨 EMERGENCY,True,NONE,3.2,0.0,NONE
1779689240.853,80.5,89.6,32.0,7011.0,45.3,13.76,31.9,32.2,32.3,31.8,optimal,optimal,optimal,danger,optimal,optimal,↓ decreasing,→ stable,→ stable,99.5,🚨 EMERGENCY,True,NONE,3.5,0.1,NONE
1779689241.853,78.2,89.9,32.2,7040.0,44.0,13.78,32.1,32.1,32.2,32.1,optimal,optimal,optimal,danger,optimal,optimal,↓ decreasing,→ stable,→ stable,99.5,🚨 EMERGENCY,True,NONE,3.1,0.0,NONE
1779689242.854,81.5,91.0,31.8,6955.0,44.4,13.77,32.1,31.6,32.1,32.3,optimal,optimal,optimal,danger,optimal,optimal,→ stable,→ stable,→ stable,99.5,🚨 EMERGENCY,True,NONE,3.7,0.0,NONE
1779689243.855,79.1,90.3,32.0,6987.0,45.7,13.76,32.1,32.2,32.1,31.7,optimal,optimal,optimal,danger,optimal,optimal,→ stable,↑ increasing,→ stable,99.5,🚨 EMERGENCY,True,NONE,3.4,0.0,NONE
1779689244.857,80.2,91.2,32.2,6970.0,45.0,13.82,31.9,31.7,31.8,32.2,optimal,optimal,optimal,danger,optimal,optimal,→ stable,↑ increasing,→ stable,99.5,🚨 EMERGENCY,True,NONE,3.2,0.0,NONE
1779689245.858,80.0,88.6,32.0,7009.0,45.6,13.78,32.1,32.3,32.3,32.3,optimal,optimal,optimal,danger,optimal,optimal,→ stable,→ stable,→ stable,99.5,🚨 EMERGENCY,True,NONE,3.4,1.0,NONE
1779689246.858,82.3,90.7,31.8,6970.0,45.7,13.76,31.7,31.9,32.0,32.3,optimal,optimal,optimal,danger,optimal,optimal,↑ increasing,→ stable,→ stable,99.5,🚨 EMERGENCY,True,NONE,3.8,0.0,NONE
1779689247.86,78.1,90.3,32.4,7024.0,45.3,13.83,32.0,32.0,32.3,32.0,optimal,optimal,optimal,danger,optimal,optimal,→ stable,↑ increasing,→ stable,99.5,🚨 EMERGENCY,True,NONE,2.9,0.0,NONE
1779689248.861,80.1,89.7,32.4,6973.0,44.0,13.8,31.6,32.2,32.0,32.2,optimal,optimal,optimal,danger,optimal,optimal,↑ increasing,→ stable,→ stable,99.5,🚨 EMERGENCY,True,NONE,3.0,0.0,NONE
1779689249.863,82.1,88.9,32.3,6974.0,45.0,13.83,32.0,32.3,32.1,31.8,optimal,optimal,optimal,danger,optimal,optimal,↑ increasing,→ stable,→ stable,99.5,🚨 EMERGENCY,True,NONE,3.2,0.6,NONE
1779689250.864,78.8,89.4,31.8,6984.0,44.9,13.85,31.8,31.8,32.1,31.9,optimal,optimal,optimal,danger,optimal,optimal,↑ increasing,→ stable,→ stable,99.5,🚨 EMERGENCY,True,NONE,3.6,0.2,NONE
1779689251.865,77.3,88.9,32.1,6956.0,44.8,13.84,32.4,32.2,32.0,32.1,optimal,optimal,optimal,danger,optimal,optimal,→ stable,→ stable,→ stable,99.5,🚨 EMERGENCY,True,NONE,3.2,0.6,NONE
1779689252.867,77.5,90.8,31.9,6981.0,44.8,13.82,32.1,31.9,32.1,31.9,optimal,optimal,optimal,danger,optimal,optimal,→ stable,→ stable,→ stable,99.5,🚨 EMERGENCY,True,NONE,3.4,0.0,NONE
1779689253.867,81.2,90.1,31.9,7049.0,45.2,13.84,31.9,31.9,31.8,32.3,optimal,optimal,optimal,danger,optimal,optimal,→ stable,→ stable,→ stable,99.5,🚨 EMERGENCY,True,NONE,3.6,0.0,NONE
1779689254.869,78.4,91.5,31.8,6986.0,45.3,13.82,31.9,31.9,32.4,32.1,optimal,optimal,optimal,danger,optimal,optimal,→ stable,→ stable,→ stable,99.5,🚨 EMERGENCY,True,NONE,3.6,0.0,NONE
1779689255.869,82.2,89.8,31.9,7023.0,45.8,13.82,31.9,32.3,32.0,32.3,optimal,optimal,optimal,danger,optimal,optimal,→ stable,→ stable,→ stable,99.5,🚨 EMERGENCY,True,NONE,3.6,0.0,NONE
1779689256.87,78.6,90.9,32.2,6956.0,44.6,13.81,32.0,32.4,32.1,31.8,optimal,optimal,optimal,danger,optimal,optimal,↓ decreasing,→ stable,→ stable,99.5,🚨 EMERGENCY,True,NONE,3.1,0.0,NONE
1779689257.872,79.3,90.9,31.8,7002.0,44.7,13.81,32.4,31.8,32.3,32.0,optimal,optimal,optimal,danger,optimal,optimal,→ stable,→ stable,→ stable,99.5,🚨 EMERGENCY,True,NONE,3.6,0.0,NONE
1779689258.873,81.7,88.8,32.1,7048.0,44.4,13.78,32.2,31.8,31.8,31.7,optimal,optimal,optimal,danger,optimal,optimal,→ stable,→ stable,→ stable,99.5,🚨 EMERGENCY,True,NONE,3.4,0.7,NONE
1779689259.874,80.2,89.4,31.6,7040.0,45.7,13.8,32.4,32.1,31.7,32.0,optimal,optimal,optimal,danger,optimal,optimal,↓ decreasing,→ stable,→ stable,99.5,🚨 EMERGENCY,True,NONE,3.9,0.2,NONE
1779689260.874,78.0,88.7,31.7,6992.0,44.2,13.8,32.1,31.7,31.9,32.0,optimal,optimal,optimal,danger,optimal,optimal,↓ decreasing,→ stable,→ stable,99.5,🚨 EMERGENCY,True,NONE,3.7,0.8,NONE
1779689261.875,82.1,90.5,31.9,6953.0,44.8,13.75,32.3,32.2,31.7,32.2,optimal,optimal,optimal,danger,optimal,optimal,→ stable,→ stable,→ stable,99.5,🚨 EMERGENCY,True,NONE,3.6,0.0,NONE
1779689262.876,79.3,88.7,32.4,6988.0,44.9,13.83,31.7,31.9,32.1,32.2,optimal,optimal,optimal,danger,optimal,optimal,↑ increasing,→ stable,→ stable,99.5,🚨 EMERGENCY,True,NONE,2.9,0.8,NONE
1779689263.878,79.9,88.7,32.2,7037.0,44.5,13.79,32.0,32.2,32.3,31.7,optimal,optimal,optimal,danger,optimal,optimal,→ stable,→ stable,→ stable,99.5,🚨 EMERGENCY,True,NONE,3.2,0.8,NONE
1779689264.878,79.9,89.4,31.8,7002.0,45.7,13.77,31.6,32.1,31.9,31.7,optimal,optimal,optimal,danger,optimal,optimal,↑ increasing,→ stable,→ stable,99.5,🚨 EMERGENCY,True,NONE,3.7,0.2,NONE
1779689265.878,80.1,91.1,32.4,6986.0,46.0,13.77,32.0,32.1,32.3,31.6,optimal,optimal,optimal,danger,optimal,optimal,→ stable,→ stable,→ stable,99.5,🚨 EMERGENCY,True,NONE,3.0,0.0,NONE
1779689266.88,78.7,88.6,31.9,6987.0,45.1,13.76,31.9,32.3,32.0,31.8,optimal,optimal,optimal,danger,optimal,optimal,→ stable,↓ decreasing,→ stable,99.5,🚨 EMERGENCY,True,NONE,3.5,1.0,NONE
1779689267.881,79.9,90.6,31.7,6999.0,45.9,13.8,31.7,31.8,31.7,32.3,optimal,optimal,optimal,danger,optimal,optimal,→ stable,↓ decreasing,→ stable,99.5,🚨 EMERGENCY,True,NONE,3.8,0.0,NONE
1779689268.882,79.6,91.0,31.7,6971.0,44.7,13.82,32.2,31.7,32.3,32.1,optimal,optimal,optimal,danger,optimal,optimal,→ stable,→ stable,→ stable,99.5,🚨 EMERGENCY,True,NONE,3.8,0.0,NONE
1779689269.884,81.1,91.0,32.1,6957.0,44.5,13.8,32.4,31.6,31.8,31.7,optimal,optimal,optimal,danger,optimal,optimal,→ stable,→ stable,→ stable,99.5,🚨 EMERGENCY,True,NONE,3.4,0.0,NONE
1779689270.884,82.4,89.9,32.3,6971.0,44.7,13.79,32.3,32.1,32.3,32.0,optimal,optimal,optimal,danger,optimal,optimal,↑ increasing,→ stable,→ stable,99.5,🚨 EMERGENCY,True,NONE,3.2,0.0,NONE
1779689271.886,80.4,90.5,31.9,7045.0,45.5,13.83,31.8,31.8,31.7,32.3,optimal,optimal,optimal,danger,optimal,optimal,→ stable,→ stable,→ stable,99.5,🚨 EMERGENCY,True,NONE,3.6,0.0,NONE
1779689272.886,78.3,89.5,31.8,6957.0,44.7,13.76,32.0,32.2,31.8,32.1,optimal,optimal,optimal,danger,optimal,optimal,→ stable,→ stable,→ stable,99.5,🚨 EMERGENCY,True,NONE,3.6,0.1,NONE
1779689273.888,82.2,90.9,31.7,6963.0,44.3,13.81,31.9,32.1,31.8,32.2,optimal,optimal,optimal,danger,optimal,optimal,→ stable,→ stable,→ stable,99.5,🚨 EMERGENCY,True,NONE,3.9,0.0,NONE
1779689274.889,80.3,88.8,31.8,6966.0,44.6,13.84,31.9,31.8,31.8,32.3,optimal,optimal,optimal,danger,optimal,optimal,→ stable,↑ increasing,→ stable,99.5,🚨 EMERGENCY,True,NONE,3.7,0.7,NONE
1779689275.89,82.4,88.5,31.7,6999.0,44.1,13.78,32.3,31.9,31.7,31.9,optimal,optimal,optimal,danger,optimal,optimal,↑ increasing,→ stable,→ stable,99.5,🚨 EMERGENCY,True,NONE,3.9,1.1,NONE
1779689276.89,82.3,89.7,31.7,6955.0,45.3,13.78,31.8,31.9,31.9,32.4,optimal,optimal,optimal,danger,optimal,optimal,↑ increasing,↑ increasing,→ stable,99.5,🚨 EMERGENCY,True,NONE,3.9,0.0,NONE
1779689277.891,77.8,89.0,31.7,7006.0,45.3,13.8,32.0,32.1,32.0,32.2,optimal,optimal,optimal,danger,optimal,optimal,↑ increasing,→ stable,→ stable,99.5,🚨 EMERGENCY,True,NONE,3.7,0.5,NONE
1779689278.893,82.4,89.4,31.9,7042.0,45.7,13.83,32.2,31.9,31.7,31.7,optimal,optimal,optimal,danger,optimal,optimal,↑ increasing,→ stable,→ stable,99.5,🚨 EMERGENCY,True,NONE,3.6,0.2,NONE
1779689279.894,81.6,89.6,32.0,7010.0,45.1,13.75,32.1,32.3,32.3,32.2,optimal,optimal,optimal,danger,optimal,optimal,↑ increasing,→ stable,→ stable,99.5,🚨 EMERGENCY,True,NONE,3.5,0.1,NONE
1779689280.895,77.9,91.3,32.2,6967.0,44.3,13.77,32.1,32.3,31.9,31.6,optimal,optimal,optimal,danger,optimal,optimal,→ stable,→ stable,→ stable,99.5,🚨 EMERGENCY,True,NONE,3.1,0.0,NONE
1779689281.897,77.3,89.8,32.3,7041.0,45.3,13.79,32.4,32.3,32.1,31.6,optimal,optimal,optimal,danger,optimal,optimal,→ stable,→ stable,→ stable,99.5,🚨 EMERGENCY,True,NONE,3.0,0.0,NONE
1779689282.898,81.1,88.9,31.7,6980.0,45.8,13.75,31.9,31.9,32.4,31.9,optimal,optimal,optimal,danger,optimal,optimal,→ stable,→ stable,→ stable,99.5,🚨 EMERGENCY,True,NONE,3.8,0.6,NONE
1779689283.899,80.0,89.3,31.8,6980.0,44.0,13.82,31.9,32.0,31.7,32.2,optimal,optimal,optimal,danger,optimal,optimal,→ stable,↓ decreasing,→ stable,99.5,🚨 EMERGENCY,True,NONE,3.7,0.2,NONE
1779689284.9,77.9,90.1,32.0,6964.0,45.7,13.78,32.1,32.3,31.7,31.7,optimal,optimal,optimal,danger,optimal,optimal,→ stable,↓ decreasing,→ stable,99.5,🚨 EMERGENCY,True,NONE,3.3,0.0,NONE
1779689285.902,82.6,90.9,31.7,6988.0,45.0,13.77,32.3,31.6,31.9,32.2,optimal,optimal,optimal,danger,optimal,optimal,→ stable,→ stable,→ stable,99.5,🚨 EMERGENCY,True,NONE,3.9,0.0,NONE
1779689286.903,83.0,91.0,31.7,6972.0,44.2,13.76,32.0,32.3,32.1,32.0,optimal,optimal,optimal,danger,optimal,optimal,↓ decreasing,→ stable,→ stable,99.5,🚨 EMERGENCY,True,NONE,3.9,0.0,NONE
1779689287.903,77.5,90.2,32.2,7020.0,45.8,13.76,32.3,32.1,32.2,31.8,optimal,optimal,optimal,danger,optimal,optimal,↓ decreasing,→ stable,→ stable,99.5,🚨 EMERGENCY,True,NONE,3.1,0.0,NONE
1779689288.903,78.8,91.2,31.7,7014.0,44.5,13.8,32.1,32.0,31.8,32.0,optimal,optimal,optimal,danger,optimal,optimal,↓ decreasing,↑ increasing,→ stable,99.5,🚨 EMERGENCY,True,NONE,3.7,0.0,NONE
1779689289.905,78.5,90.7,32.0,6974.0,44.6,13.84,32.1,32.2,31.9,32.0,optimal,optimal,optimal,danger,optimal,optimal,↓ decreasing,↑ increasing,→ stable,99.5,🚨 EMERGENCY,True,NONE,3.4,0.0,NONE
1779689290.905,78.7,90.4,32.4,6954.0,44.5,13.8,32.2,32.1,31.6,32.0,optimal,optimal,optimal,danger,optimal,optimal,↓ decreasing,↑ increasing,→ stable,99.5,🚨 EMERGENCY,True,NONE,2.9,0.0,NONE
1779689291.906,77.1,90.9,31.7,6980.0,45.0,13.85,32.3,32.0,32.1,31.8,optimal,optimal,optimal,danger,optimal,optimal,↓ decreasing,↑ increasing,→ stable,99.5,🚨 EMERGENCY,True,NONE,3.6,0.0,NONE
1779689292.908,77.4,89.6,31.9,7042.0,44.3,13.76,32.1,32.0,32.3,32.1,optimal,optimal,optimal,danger,optimal,optimal,↓ decreasing,↑ increasing,→ stable,99.5,🚨 EMERGENCY,True,NONE,3.4,0.1,NONE
1779689293.909,80.5,90.6,32.1,7041.0,44.3,13.79,31.7,32.1,32.1,31.6,optimal,optimal,optimal,danger,optimal,optimal,↓ decreasing,↑ increasing,→ stable,99.5,🚨 EMERGENCY,True,NONE,3.3,0.0,NONE
1779689294.909,78.4,90.8,32.3,7045.0,44.9,13.76,31.8,32.4,31.9,31.9,optimal,optimal,optimal,danger,optimal,optimal,↓ decreasing,↑ increasing,→ stable,99.5,🚨 EMERGENCY,True,NONE,3.0,0.0,NONE
1779689295.911,77.8,89.0,32.1,7033.0,44.5,13.79,31.7,31.9,31.8,32.2,optimal,optimal,optimal,danger,optimal,optimal,↓ decreasing,↑ increasing,→ stable,99.5,🚨 EMERGENCY,True,NONE,3.2,0.5,NONE
1779689296.911,82.4,89.4,32.2,6958.0,44.7,13.8,31.8,32.3,32.0,32.2,optimal,optimal,optimal,danger,optimal,optimal,↓ decreasing,→ stable,→ stable,99.5,🚨 EMERGENCY,True,NONE,3.3,0.2,NONE
1779689297.912,81.7,88.8,31.8,7012.0,44.5,13.77,32.4,31.8,31.9,32.3,optimal,optimal,optimal,danger,optimal,optimal,↓ decreasing,→ stable,→ stable,99.5,🚨 EMERGENCY,True,NONE,3.7,0.7,NONE
1779689298.913,77.4,88.9,32.3,6962.0,44.5,13.81,32.2,32.0,32.0,32.0,optimal,optimal,optimal,danger,optimal,optimal,↓ decreasing,→ stable,→ stable,99.5,🚨 EMERGENCY,True,NONE,3.0,0.6,NONE
1779689299.914,77.5,90.1,31.8,7001.0,45.7,13.77,31.8,31.7,31.8,31.7,optimal,optimal,optimal,danger,optimal,optimal,↓ decreasing,→ stable,→ stable,99.5,🚨 EMERGENCY,True,NONE,3.5,0.0,NONE
1779689300.914,82.8,89.1,31.7,6993.0,45.6,13.77,32.2,31.9,32.3,32.3,optimal,optimal,optimal,danger,optimal,optimal,→ stable,↓ decreasing,→ stable,99.5,🚨 EMERGENCY,True,NONE,3.9,0.4,NONE
1779689301.915,81.9,88.6,32.4,6962.0,44.3,13.75,32.2,31.9,31.8,31.7,optimal,optimal,optimal,danger,optimal,optimal,→ stable,↓ decreasing,→ stable,99.5,🚨 EMERGENCY,True,NONE,3.0,1.0,NONE
1779689302.916,82.3,90.5,32.1,7027.0,45.9,13.84,32.4,31.6,32.1,32.2,optimal,optimal,optimal,danger,optimal,optimal,↑ increasing,↓ decreasing,→ stable,99.5,🚨 EMERGENCY,True,NONE,3.4,0.0,NONE
1779689303.918,82.6,88.9,31.6,7015.0,44.3,13.75,31.9,32.3,32.2,31.8,optimal,optimal,optimal,danger,optimal,optimal,↑ increasing,↓ decreasing,→ stable,99.5,🚨 EMERGENCY,True,NONE,4.0,0.6,NONE
1779689304.92,79.6,90.5,32.1,6990.0,45.4,13.83,32.0,31.9,32.3,32.0,optimal,optimal,optimal,danger,optimal,optimal,↑ increasing,↓ decreasing,→ stable,99.5,🚨 EMERGENCY,True,NONE,3.3,0.0,NONE
1779689305.921,82.3,89.4,31.8,7021.0,44.4,13.81,31.7,31.7,31.6,32.3,optimal,optimal,optimal,danger,optimal,optimal,↑ increasing,↓ decreasing,→ stable,99.5,🚨 EMERGENCY,True,NONE,3.8,0.2,NONE
1779689306.922,78.9,89.5,31.7,6975.0,45.5,13.82,32.0,31.6,31.7,31.8,optimal,optimal,optimal,danger,optimal,optimal,↑ increasing,↓ decreasing,→ stable,99.5,🚨 EMERGENCY,True,NONE,3.7,0.1,NONE
1779689307.924,81.0,90.4,32.1,6991.0,44.5,13.77,31.6,31.8,32.3,32.1,optimal,optimal,optimal,danger,optimal,optimal,↑ increasing,↓ decreasing,→ stable,99.5,🚨 EMERGENCY,True,NONE,3.4,0.0,NONE
1779689308.925,80.4,89.4,31.7,6996.0,45.2,13.82,32.2,31.6,31.7,31.8,optimal,optimal,optimal,danger,optimal,optimal,↑ increasing,→ stable,→ stable,99.5,🚨 EMERGENCY,True,NONE,3.8,0.2,NONE
1779689309.926,78.0,91.2,31.8,7011.0,45.2,13.82,31.7,32.1,32.2,32.3,optimal,optimal,optimal,danger,optimal,optimal,↑ increasing,→ stable,→ stable,99.5,🚨 EMERGENCY,True,NONE,3.6,0.0,NONE
1779689310.927,81.7,90.8,31.6,7044.0,44.4,13.81,32.4,32.3,32.2,32.3,optimal,optimal,optimal,danger,optimal,optimal,↑ increasing,→ stable,→ stable,99.5,🚨 EMERGENCY,True,NONE,4.0,0.0,NONE
1779689311.928,77.1,90.8,32.1,7036.0,45.4,13.79,31.6,32.3,32.0,31.6,optimal,optimal,optimal,danger,optimal,optimal,↑ increasing,↑ increasing,→ stable,99.5,🚨 EMERGENCY,True,NONE,3.2,0.0,NONE
1779689312.93,79.9,89.3,32.0,7022.0,45.2,13.77,32.0,32.0,32.0,32.0,optimal,optimal,optimal,danger,optimal,optimal,→ stable,→ stable,→ stable,99.5,🚨 EMERGENCY,True,NONE,3.4,0.2,NONE
1779689313.931,78.3,88.9,32.2,6963.0,44.4,13.84,32.3,31.8,32.2,32.0,optimal,optimal,optimal,danger,optimal,optimal,↓ decreasing,↑ increasing,→ stable,99.5,🚨 EMERGENCY,True,NONE,3.1,0.6,NONE
1779689314.932,77.7,90.5,32.4,6970.0,46.0,13.82,31.9,32.1,32.3,31.8,optimal,optimal,optimal,danger,optimal,optimal,↓ decreasing,↑ increasing,→ stable,99.5,🚨 EMERGENCY,True,NONE,2.9,0.0,NONE
1779689315.933,77.8,91.5,32.1,6952.0,44.3,13.81,31.9,31.9,31.9,32.2,optimal,optimal,optimal,danger,optimal,optimal,↓ decreasing,↑ increasing,→ stable,99.5,🚨 EMERGENCY,True,NONE,3.2,0.0,NONE
1779689316.934,80.3,89.4,32.1,6962.0,45.4,13.84,32.0,31.9,32.2,31.7,optimal,optimal,optimal,danger,optimal,optimal,↓ decreasing,↑ increasing,→ stable,99.5,🚨 EMERGENCY,True,NONE,3.3,0.2,NONE
1779689317.936,80.7,91.5,31.8,6968.0,44.4,13.84,31.9,31.7,31.9,32.3,optimal,optimal,optimal,danger,optimal,optimal,↓ decreasing,↑ increasing,→ stable,99.5,🚨 EMERGENCY,True,NONE,3.7,0.0,NONE
1779689318.936,81.4,90.1,32.1,6979.0,45.6,13.84,31.8,32.4,31.7,32.2,optimal,optimal,optimal,danger,optimal,optimal,↓ decreasing,↑ increasing,→ stable,99.5,🚨 EMERGENCY,True,NONE,3.4,0.0,NONE
1779689319.937,82.7,91.0,32.0,7016.0,44.9,13.83,31.8,32.3,31.9,31.7,optimal,optimal,optimal,danger,optimal,optimal,↓ decreasing,↑ increasing,→ stable,99.5,🚨 EMERGENCY,True,NONE,3.5,0.0,NONE
1779689320.938,78.5,89.7,32.0,7039.0,45.7,13.82,32.2,32.2,32.0,31.7,optimal,optimal,optimal,danger,optimal,optimal,↓ decreasing,→ stable,→ stable,99.5,🚨 EMERGENCY,True,NONE,3.4,0.0,NONE
1779689321.94,82.4,90.5,31.7,7011.0,44.2,13.84,32.2,32.1,32.1,31.9,optimal,optimal,optimal,danger,optimal,optimal,→ stable,→ stable,→ stable,99.5,🚨 EMERGENCY,True,NONE,3.9,0.0,NONE
1779689322.94,78.8,89.1,31.8,6999.0,44.3,13.82,32.3,31.8,32.0,32.3,optimal,optimal,optimal,danger,optimal,optimal,→ stable,→ stable,→ stable,99.5,🚨 EMERGENCY,True,NONE,3.6,0.4,NONE
1779689323.941,82.8,88.6,32.1,7032.0,45.7,13.76,32.2,32.1,31.8,32.3,optimal,optimal,optimal,danger,optimal,optimal,↑ increasing,→ stable,→ stable,99.5,🚨 EMERGENCY,True,NONE,3.4,1.0,NONE
1779689324.942,79.4,89.5,32.0,6950.0,45.6,13.76,32.3,32.0,32.3,32.2,optimal,optimal,optimal,danger,optimal,optimal,↑ increasing,→ stable,→ stable,99.5,🚨 EMERGENCY,True,NONE,3.4,0.1,NONE
1779689325.944,77.2,91.4,32.4,7040.0,44.4,13.75,32.2,32.0,31.7,32.3,optimal,optimal,optimal,danger,optimal,optimal,↑ increasing,→ stable,→ stable,99.5,🚨 EMERGENCY,True,NONE,2.9,0.0,NONE
1779689326.945,82.0,89.8,32.3,7041.0,45.8,13.77,32.0,31.8,31.6,32.3,optimal,optimal,optimal,danger,optimal,optimal,↑ increasing,→ stable,→ stable,99.5,🚨 EMERGENCY,True,NONE,3.2,0.0,NONE
1779689327.945,82.3,89.0,31.8,7018.0,45.3,13.83,32.1,32.0,32.4,32.2,optimal,optimal,optimal,danger,optimal,optimal,↑ increasing,→ stable,→ stable,99.5,🚨 EMERGENCY,True,NONE,3.8,0.5,NONE
1779689328.945,82.0,91.5,32.3,6989.0,45.0,13.83,32.1,31.9,32.0,31.9,optimal,optimal,optimal,danger,optimal,optimal,↑ increasing,→ stable,→ stable,99.5,🚨 EMERGENCY,True,NONE,3.2,0.0,NONE
1779689329.946,82.8,90.3,32.2,7029.0,44.9,13.79,32.1,32.2,32.1,32.0,optimal,optimal,optimal,danger,optimal,optimal,↑ increasing,→ stable,→ stable,99.5,🚨 EMERGENCY,True,NONE,3.3,0.0,NONE
1779689330.948,79.3,89.0,32.0,7045.0,44.2,13.79,31.9,31.7,32.2,31.7,optimal,optimal,optimal,danger,optimal,optimal,↑ increasing,→ stable,→ stable,99.5,🚨 EMERGENCY,True,NONE,3.4,0.5,NONE
1779689331.948,82.5,91.2,32.3,6995.0,44.4,13.75,32.4,32.2,32.3,32.1,optimal,optimal,optimal,danger,optimal,optimal,↑ increasing,→ stable,→ stable,99.5,🚨 EMERGENCY,True,NONE,3.2,0.0,NONE
1779689332.95,81.0,90.3,31.9,7033.0,44.7,13.8,31.7,31.7,32.4,31.8,optimal,optimal,optimal,danger,optimal,optimal,↑ increasing,→ stable,→ stable,99.5,🚨 EMERGENCY,True,NONE,3.6,0.0,NONE
1779689333.951,81.0,89.0,31.8,6967.0,44.2,13.82,32.1,31.9,32.4,31.7,optimal,optimal,optimal,danger,optimal,optimal,↑ increasing,→ stable,→ stable,99.5,🚨 EMERGENCY,True,NONE,3.7,0.5,NONE
1779689334.952,82.4,88.9,31.7,6961.0,45.5,13.8,32.1,32.2,32.1,31.7,optimal,optimal,optimal,danger,optimal,optimal,↑ increasing,→ stable,→ stable,99.5,🚨 EMERGENCY,True,NONE,3.9,0.6,NONE
1779689335.953,80.3,90.0,31.8,7016.0,44.9,13.79,32.4,32.1,32.4,32.3,optimal,optimal,optimal,danger,optimal,optimal,↑ increasing,→ stable,→ stable,99.5,🚨 EMERGENCY,True,NONE,3.7,0.0,NONE
1779689336.955,77.6,88.7,31.9,6991.0,45.1,13.79,31.7,31.9,31.9,32.2,optimal,optimal,optimal,danger,optimal,optimal,↑ increasing,→ stable,→ stable,99.5,🚨 EMERGENCY,True,NONE,3.4,0.8,NONE
1779689337.956,77.4,90.5,32.0,7026.0,44.6,13.83,32.2,32.0,32.0,32.2,optimal,optimal,optimal,danger,optimal,optimal,→ stable,→ stable,→ stable,99.5,🚨 EMERGENCY,True,NONE,3.3,0.0,NONE
1779689338.956,79.9,91.4,31.8,6970.0,45.7,13.85,32.2,32.0,32.4,31.6,optimal,optimal,optimal,danger,optimal,optimal,→ stable,→ stable,→ stable,99.5,🚨 EMERGENCY,True,NONE,3.7,0.0,NONE
1779689339.956,81.8,90.2,32.0,6955.0,44.4,13.83,32.3,32.3,32.4,31.7,optimal,optimal,optimal,danger,optimal,optimal,→ stable,→ stable,→ stable,99.5,🚨 EMERGENCY,True,NONE,3.5,0.0,NONE
1779689340.959,79.0,90.8,32.2,7001.0,44.1,13.83,32.0,32.4,31.9,32.1,optimal,optimal,optimal,danger,optimal,optimal,↓ decreasing,→ stable,→ stable,99.5,🚨 EMERGENCY,True,NONE,3.2,0.0,NONE
1779689341.96,81.1,88.5,31.9,7017.0,44.5,13.78,32.3,32.1,32.0,31.9,optimal,optimal,optimal,danger,optimal,optimal,↓ decreasing,→ stable,→ stable,99.5,🚨 EMERGENCY,True,NONE,3.6,1.1,NONE
1779689342.96,79.2,88.9,32.0,7046.0,44.7,13.75,31.9,31.7,32.3,32.1,optimal,optimal,optimal,danger,optimal,optimal,↓ decreasing,→ stable,→ stable,99.5,🚨 EMERGENCY,True,NONE,3.4,0.6,NONE
1779689343.962,80.6,91.2,32.1,6966.0,45.2,13.76,31.9,31.9,32.2,32.4,optimal,optimal,optimal,danger,optimal,optimal,↓ decreasing,→ stable,→ stable,99.5,🚨 EMERGENCY,True,NONE,3.3,0.0,NONE
1779689344.963,82.1,90.7,32.1,7032.0,45.7,13.8,32.0,32.0,32.1,31.7,optimal,optimal,optimal,danger,optimal,optimal,↓ decreasing,→ stable,→ stable,99.5,🚨 EMERGENCY,True,NONE,3.4,0.0,NONE
1779689345.963,80.4,88.7,31.6,7021.0,45.3,13.76,32.2,32.2,32.3,32.0,optimal,optimal,optimal,danger,optimal,optimal,↓ decreasing,→ stable,→ stable,99.5,🚨 EMERGENCY,True,NONE,3.9,0.8,NONE
1779689346.965,79.8,89.3,32.0,7005.0,45.5,13.81,32.1,31.6,32.1,32.1,optimal,optimal,optimal,danger,optimal,optimal,↓ decreasing,→ stable,→ stable,99.5,🚨 EMERGENCY,True,NONE,3.4,0.2,NONE
1779689347.965,80.0,89.3,31.7,7017.0,44.9,13.81,32.1,32.0,32.0,32.3,optimal,optimal,optimal,danger,optimal,optimal,→ stable,→ stable,→ stable,99.5,🚨 EMERGENCY,True,NONE,3.8,0.2,NONE
1779689348.967,80.9,89.2,31.9,7044.0,45.0,13.78,31.9,32.1,31.9,32.4,optimal,optimal,optimal,danger,optimal,optimal,→ stable,→ stable,→ stable,99.5,🚨 EMERGENCY,True,NONE,3.6,0.3,NONE
1779689349.969,78.6,90.4,32.2,7020.0,44.4,13.8,32.0,32.2,31.9,31.8,optimal,optimal,optimal,danger,optimal,optimal,→ stable,→ stable,→ stable,99.5,🚨 EMERGENCY,True,NONE,3.1,0.0,NONE
1779689350.969,81.2,91.1,31.8,7019.0,44.0,13.85,31.7,31.7,32.0,32.4,optimal,optimal,optimal,danger,optimal,optimal,→ stable,→ stable,→ stable,99.5,🚨 EMERGENCY,True,NONE,3.7,0.0,NONE
1779689351.971,81.5,90.3,32.4,6959.0,44.4,13.78,31.9,32.0,31.7,32.0,optimal,optimal,optimal,danger,optimal,optimal,→ stable,→ stable,→ stable,99.5,🚨 EMERGENCY,True,NONE,3.0,0.0,NONE
1779689352.972,80.9,91.0,31.8,7024.0,44.4,13.81,31.8,31.6,32.2,31.8,optimal,optimal,optimal,danger,optimal,optimal,↑ increasing,→ stable,→ stable,99.5,🚨 EMERGENCY,True,NONE,3.7,0.0,NONE
1779689353.973,79.9,89.1,32.3,6954.0,46.0,13.81,32.2,32.3,31.7,32.0,optimal,optimal,optimal,danger,optimal,optimal,↑ increasing,→ stable,→ stable,99.5,🚨 EMERGENCY,True,NONE,3.1,0.4,NONE
1779689354.974,77.1,88.9,32.0,7008.0,45.2,13.84,32.3,31.6,31.8,31.7,optimal,optimal,optimal,danger,optimal,optimal,→ stable,→ stable,→ stable,99.5,🚨 EMERGENCY,True,NONE,3.3,0.6,NONE
1779689355.976,80.9,89.3,32.4,6990.0,45.6,13.84,31.8,31.8,32.3,32.3,optimal,optimal,optimal,danger,optimal,optimal,→ stable,→ stable,→ stable,99.5,🚨 EMERGENCY,True,NONE,3.0,0.2,NONE
1779689356.977,79.8,89.3,31.9,6998.0,44.1,13.78,32.3,32.0,31.6,31.7,optimal,optimal,optimal,danger,optimal,optimal,→ stable,→ stable,→ stable,99.5,🚨 EMERGENCY,True,NONE,3.5,0.2,NONE
1779689357.978,79.4,89.1,32.0,7041.0,45.9,13.8,31.7,31.9,32.3,32.0,optimal,optimal,optimal,danger,optimal,optimal,→ stable,→ stable,→ stable,99.5,🚨 EMERGENCY,True,NONE,3.4,0.4,NONE
1779689358.98,81.9,88.9,32.3,6990.0,44.6,13.78,31.7,31.7,32.1,31.8,optimal,optimal,optimal,danger,optimal,optimal,→ stable,→ stable,→ stable,99.5,🚨 EMERGENCY,True,NONE,3.2,0.6,NONE
1779689359.98,81.7,90.3,32.1,7010.0,45.4,13.75,31.8,31.7,32.2,32.3,optimal,optimal,optimal,danger,optimal,optimal,→ stable,→ stable,→ stable,99.5,🚨 EMERGENCY,True,NONE,3.4,0.0,NONE
1779689360.981,80.9,88.6,31.7,6996.0,46.0,13.82,32.4,32.3,31.9,31.9,optimal,optimal,optimal,danger,optimal,optimal,→ stable,→ stable,→ stable,99.5,🚨 EMERGENCY,True,NONE,3.8,1.0,NONE
1779689361.982,79.2,88.5,31.9,6953.0,45.1,13.85,32.1,32.1,32.2,32.3,optimal,optimal,optimal,danger,optimal,optimal,→ stable,↓ decreasing,→ stable,99.5,🚨 EMERGENCY,True,NONE,3.5,1.1,NONE
1779689362.984,82.7,88.9,31.9,7030.0,44.0,13.83,32.2,32.1,31.9,31.8,optimal,optimal,optimal,danger,optimal,optimal,→ stable,↓ decreasing,→ stable,99.5,🚨 EMERGENCY,True,NONE,3.7,0.6,NONE
1779689363.984,80.3,89.1,32.0,6965.0,45.1,13.82,32.1,31.7,31.7,31.8,optimal,optimal,optimal,danger,optimal,optimal,→ stable,↓ decreasing,→ stable,99.5,🚨 EMERGENCY,True,NONE,3.4,0.4,NONE
1779689364.995,78.5,91.1,32.4,7033.0,45.9,13.77,32.0,31.9,32.2,32.4,optimal,optimal,optimal,danger,optimal,optimal,→ stable,→ stable,→ stable,99.5,🚨 EMERGENCY,True,NONE,2.9,0.0,NONE
1779689365.996,81.3,89.1,32.0,6962.0,44.9,13.8,32.0,31.8,32.0,31.6,optimal,optimal,optimal,danger,optimal,optimal,→ stable,→ stable,→ stable,99.5,🚨 EMERGENCY,True,NONE,3.5,0.4,NONE
1779689366.997,82.8,88.8,31.9,7027.0,45.8,13.78,31.8,31.8,32.0,32.2,optimal,optimal,optimal,danger,optimal,optimal,↑ increasing,↓ decreasing,→ stable,99.5,🚨 EMERGENCY,True,NONE,3.7,0.7,NONE
1779689367.999,80.2,90.8,32.3,6967.0,44.9,13.78,32.3,32.3,32.3,32.1,optimal,optimal,optimal,danger,optimal,optimal,↑ increasing,→ stable,→ stable,99.5,🚨 EMERGENCY,True,NONE,3.1,0.0,NONE
1779689369.001,80.8,89.9,32.2,7008.0,45.8,13.83,32.4,32.2,32.4,32.4,optimal,optimal,optimal,danger,optimal,optimal,↑ increasing,→ stable,→ stable,99.5,🚨 EMERGENCY,True,NONE,3.2,0.0,NONE
1779689370.001,82.1,89.5,32.3,7000.0,45.2,13.75,31.7,32.4,32.0,32.1,optimal,optimal,optimal,danger,optimal,optimal,→ stable,→ stable,→ stable,99.5,🚨 EMERGENCY,True,NONE,3.2,0.1,NONE
1779689371.003,78.9,90.7,31.7,6960.0,45.4,13.75,32.2,32.1,31.9,32.2,optimal,optimal,optimal,danger,optimal,optimal,→ stable,→ stable,→ stable,99.5,🚨 EMERGENCY,True,NONE,3.7,0.0,NONE
1779689372.004,80.6,90.4,32.2,7000.0,44.5,13.8,32.2,32.0,31.9,31.9,optimal,optimal,optimal,danger,optimal,optimal,↑ increasing,↑ increasing,→ stable,99.5,🚨 EMERGENCY,True,NONE,3.2,0.0,NONE
1779689373.005,79.0,88.8,32.1,6985.0,44.5,13.82,31.6,31.9,31.9,32.2,optimal,optimal,optimal,danger,optimal,optimal,→ stable,↑ increasing,→ stable,99.5,🚨 EMERGENCY,True,NONE,3.3,0.7,NONE
1779689374.007,80.0,89.6,31.6,6976.0,45.7,13.81,31.7,32.1,32.1,32.0,optimal,optimal,optimal,danger,optimal,optimal,→ stable,↑ increasing,→ stable,99.5,🚨 EMERGENCY,True,NONE,3.9,0.1,NONE
1779689375.008,80.9,91.4,31.6,6975.0,44.0,13.83,32.3,31.9,31.6,31.8,optimal,optimal,optimal,danger,optimal,optimal,→ stable,↑ increasing,→ stable,99.5,🚨 EMERGENCY,True,NONE,3.9,0.0,NONE
1779689376.009,81.3,90.1,32.0,7006.0,44.5,13.83,31.9,32.3,32.0,31.7,optimal,optimal,optimal,danger,optimal,optimal,→ stable,↑ increasing,→ stable,99.5,🚨 EMERGENCY,True,NONE,3.5,0.0,NONE
1779689377.01,78.1,88.5,32.1,7044.0,45.2,13.77,32.1,31.7,32.2,32.3,optimal,optimal,optimal,danger,optimal,optimal,↓ decreasing,↑ increasing,→ stable,99.5,🚨 EMERGENCY,True,NONE,3.2,1.1,NONE
1779689378.011,80.1,90.8,31.7,6983.0,44.8,13.81,32.3,31.6,31.6,32.0,optimal,optimal,optimal,danger,optimal,optimal,↓ decreasing,↑ increasing,→ stable,99.5,🚨 EMERGENCY,True,NONE,3.8,0.0,NONE
1779689379.012,77.0,88.9,31.9,7026.0,44.7,13.82,32.1,32.0,32.3,31.8,optimal,optimal,optimal,danger,optimal,optimal,↓ decreasing,→ stable,→ stable,99.5,🚨 EMERGENCY,True,NONE,3.4,0.6,NONE
1779689380.013,79.3,91.2,31.9,6978.0,45.1,13.82,32.0,32.1,32.4,32.3,optimal,optimal,optimal,danger,optimal,optimal,↓ decreasing,↑ increasing,→ stable,99.5,🚨 EMERGENCY,True,NONE,3.5,0.0,NONE
1779689381.015,77.4,89.0,32.2,7047.0,44.5,13.78,32.3,32.3,32.0,32.2,optimal,optimal,optimal,danger,optimal,optimal,↓ decreasing,→ stable,→ stable,99.5,🚨 EMERGENCY,True,NONE,3.1,0.5,NONE
1779689382.015,80.3,90.6,31.6,6971.0,45.3,13.82,31.9,32.2,32.2,32.2,optimal,optimal,optimal,danger,optimal,optimal,↓ decreasing,→ stable,→ stable,99.5,🚨 EMERGENCY,True,NONE,3.9,0.0,NONE
1779689383.017,77.9,88.6,32.0,6951.0,44.3,13.81,32.4,32.4,31.7,31.8,optimal,optimal,optimal,danger,optimal,optimal,↓ decreasing,→ stable,→ stable,99.5,🚨 EMERGENCY,True,NONE,3.3,1.0,NONE
1779689384.017,78.9,90.9,32.1,7019.0,44.1,13.82,31.8,32.2,31.8,31.6,optimal,optimal,optimal,danger,optimal,optimal,↓ decreasing,→ stable,→ stable,99.5,🚨 EMERGENCY,True,NONE,3.3,0.0,NONE
1779689385.019,78.8,89.2,31.9,6966.0,45.1,13.8,31.8,31.9,31.8,32.2,optimal,optimal,optimal,danger,optimal,optimal,↓ decreasing,→ stable,→ stable,99.5,🚨 EMERGENCY,True,NONE,3.5,0.3,NONE
1779689386.019,81.8,90.5,32.2,7000.0,45.3,13.82,31.8,32.3,31.8,31.7,optimal,optimal,optimal,danger,optimal,optimal,↓ decreasing,→ stable,→ stable,99.5,🚨 EMERGENCY,True,NONE,3.3,0.0,NONE
1779689387.02,77.4,89.2,32.0,7015.0,44.9,13.82,31.8,32.1,32.3,32.1,optimal,optimal,optimal,danger,optimal,optimal,↓ decreasing,→ stable,→ stable,99.5,🚨 EMERGENCY,True,NONE,3.3,0.3,NONE
1779689388.021,83.0,88.6,31.9,7030.0,44.1,13.84,32.2,32.3,32.1,32.4,optimal,optimal,optimal,danger,optimal,optimal,↓ decreasing,→ stable,→ stable,99.5,🚨 EMERGENCY,True,NONE,3.7,1.0,NONE
1779689389.022,77.9,89.4,32.3,6993.0,45.4,13.75,32.3,31.8,31.9,31.9,optimal,optimal,optimal,danger,optimal,optimal,↓ decreasing,→ stable,→ stable,99.5,🚨 EMERGENCY,True,NONE,3.0,0.2,NONE
1779689390.023,78.6,88.7,31.8,7022.0,45.2,13.79,32.3,31.8,32.3,31.9,optimal,optimal,optimal,danger,optimal,optimal,→ stable,↓ decreasing,→ stable,99.5,🚨 EMERGENCY,True,NONE,3.6,0.8,NONE
1779689391.025,80.7,89.8,31.8,7009.0,44.5,13.8,32.4,32.2,32.1,32.1,optimal,optimal,optimal,danger,optimal,optimal,→ stable,→ stable,→ stable,99.5,🚨 EMERGENCY,True,NONE,3.7,0.0,NONE
1779689392.025,77.6,89.5,32.0,7015.0,45.5,13.79,32.1,31.6,32.0,32.0,optimal,optimal,optimal,danger,optimal,optimal,→ stable,→ stable,→ stable,99.5,🚨 EMERGENCY,True,NONE,3.3,0.1,NONE
1779689393.026,81.1,90.7,32.4,6974.0,45.8,13.75,32.2,31.9,31.6,32.0,optimal,optimal,optimal,danger,optimal,optimal,→ stable,→ stable,→ stable,99.5,🚨 EMERGENCY,True,NONE,3.0,0.0,NONE
1779689394.027,81.7,88.7,31.9,7033.0,44.3,13.83,32.4,31.7,31.9,32.0,optimal,optimal,optimal,danger,optimal,optimal,↑ increasing,↓ decreasing,→ stable,99.5,🚨 EMERGENCY,True,NONE,3.6,0.8,NONE
1779689395.029,79.7,90.4,31.8,7046.0,44.4,13.83,32.1,31.8,32.0,31.9,optimal,optimal,optimal,danger,optimal,optimal,↑ increasing,→ stable,→ stable,99.5,🚨 EMERGENCY,True,NONE,3.6,0.0,NONE
1779689396.03,77.7,91.4,31.8,7026.0,44.5,13.78,32.2,31.8,31.9,32.1,optimal,optimal,optimal,danger,optimal,optimal,↑ increasing,→ stable,→ stable,99.5,🚨 EMERGENCY,True,NONE,3.6,0.0,NONE
1779689397.031,77.5,88.7,31.7,7032.0,45.9,13.77,31.8,31.8,32.2,32.3,optimal,optimal,optimal,danger,optimal,optimal,↑ increasing,→ stable,→ stable,99.5,🚨 EMERGENCY,True,NONE,3.7,0.8,NONE
1779689398.033,79.4,90.7,31.8,7043.0,45.2,13.84,31.7,31.8,32.3,31.8,optimal,optimal,optimal,danger,optimal,optimal,→ stable,→ stable,→ stable,99.5,🚨 EMERGENCY,True,NONE,3.6,0.0,NONE
1779689399.034,82.4,90.3,32.1,7040.0,45.5,13.81,32.2,32.1,31.8,32.2,optimal,optimal,optimal,danger,optimal,optimal,→ stable,→ stable,→ stable,99.5,🚨 EMERGENCY,True,NONE,3.4,0.0,NONE
1779689400.035,82.6,89.6,32.0,7000.0,44.8,13.76,32.3,31.8,32.1,31.6,optimal,optimal,optimal,danger,optimal,optimal,↑ increasing,↑ increasing,→ stable,99.5,🚨 EMERGENCY,True,NONE,3.5,0.1,NONE
1779689401.037,78.1,88.9,32.0,6980.0,44.1,13.8,31.9,31.6,32.1,31.9,optimal,optimal,optimal,danger,optimal,optimal,→ stable,→ stable,→ stable,99.5,🚨 EMERGENCY,True,NONE,3.3,0.6,NONE
1779689402.038,78.0,90.8,32.4,7046.0,44.5,13.84,31.7,32.4,32.2,31.7,optimal,optimal,optimal,danger,optimal,optimal,↑ increasing,↑ increasing,→ stable,99.5,🚨 EMERGENCY,True,NONE,2.9,0.0,NONE
1779689403.039,79.9,90.1,31.7,7028.0,45.9,13.84,32.4,32.4,32.0,31.7,optimal,optimal,optimal,danger,optimal,optimal,→ stable,→ stable,→ stable,99.5,🚨 EMERGENCY,True,NONE,3.8,0.0,NONE
1779689404.039,79.5,91.3,32.1,6950.0,44.6,13.85,31.9,32.4,32.3,31.7,optimal,optimal,optimal,danger,optimal,optimal,→ stable,↑ increasing,→ stable,99.5,🚨 EMERGENCY,True,NONE,3.3,0.0,NONE
1779689405.04,78.4,88.6,32.4,6983.0,45.6,13.83,32.4,31.8,32.2,31.7,optimal,optimal,optimal,danger,optimal,optimal,↓ decreasing,→ stable,→ stable,99.5,🚨 EMERGENCY,True,NONE,2.9,1.0,NONE
1779689406.041,79.7,91.2,32.0,6998.0,45.1,13.76,32.2,31.8,32.3,32.4,optimal,optimal,optimal,danger,optimal,optimal,→ stable,→ stable,→ stable,99.5,🚨 EMERGENCY,True,NONE,3.4,0.0,NONE
1779689407.042,79.2,90.0,31.9,6960.0,44.7,13.78,31.9,32.3,32.3,32.0,optimal,optimal,optimal,danger,optimal,optimal,→ stable,↑ increasing,→ stable,99.5,🚨 EMERGENCY,True,NONE,3.5,0.0,NONE
1779689408.043,81.2,90.2,32.3,6979.0,44.9,13.75,32.0,32.2,32.1,32.3,optimal,optimal,optimal,danger,optimal,optimal,↑ increasing,→ stable,→ stable,99.5,🚨 EMERGENCY,True,NONE,3.1,0.0,NONE
1779689409.044,80.5,90.0,32.0,6955.0,45.2,13.8,32.0,31.9,32.3,32.3,optimal,optimal,optimal,danger,optimal,optimal,→ stable,→ stable,→ stable,99.5,🚨 EMERGENCY,True,NONE,3.5,0.0,NONE
1779689410.046,80.2,91.2,31.8,6979.0,45.4,13.79,32.3,31.8,32.3,31.9,optimal,optimal,optimal,danger,optimal,optimal,↓ decreasing,→ stable,→ stable,99.5,🚨 EMERGENCY,True,NONE,3.7,0.0,NONE
1779689411.047,81.6,90.3,32.4,7037.0,45.8,13.83,32.1,32.3,31.7,32.2,optimal,optimal,optimal,danger,optimal,optimal,→ stable,→ stable,→ stable,99.5,🚨 EMERGENCY,True,NONE,3.0,0.0,NONE
1779689412.048,79.7,90.3,32.1,7037.0,44.2,13.85,31.8,32.3,32.0,32.3,optimal,optimal,optimal,danger,optimal,optimal,→ stable,→ stable,→ stable,99.5,🚨 EMERGENCY,True,NONE,3.3,0.0,NONE
1779689413.048,81.0,91.1,32.2,7020.0,44.7,13.75,32.0,32.3,32.4,32.3,optimal,optimal,optimal,danger,optimal,optimal,→ stable,→ stable,→ stable,99.5,🚨 EMERGENCY,True,NONE,3.2,0.0,NONE
1779689414.05,81.8,89.9,32.3,6991.0,44.2,13.76,31.9,32.3,32.2,31.9,optimal,optimal,optimal,danger,optimal,optimal,↑ increasing,→ stable,→ stable,99.5,🚨 EMERGENCY,True,NONE,3.2,0.0,NONE
1779689415.051,77.4,91.2,31.7,7002.0,44.8,13.82,31.9,32.1,31.6,31.7,optimal,optimal,optimal,danger,optimal,optimal,↑ increasing,→ stable,→ stable,99.5,🚨 EMERGENCY,True,NONE,3.6,0.0,NONE
1779689416.052,81.5,89.4,32.1,6962.0,44.5,13.75,31.8,32.0,31.8,32.0,optimal,optimal,optimal,danger,optimal,optimal,↑ increasing,→ stable,→ stable,99.5,🚨 EMERGENCY,True,NONE,3.4,0.2,NONE
1779689417.053,80.4,91.4,31.6,6966.0,44.2,13.85,31.6,32.3,32.2,31.6,optimal,optimal,optimal,danger,optimal,optimal,↑ increasing,→ stable,→ stable,99.5,🚨 EMERGENCY,True,NONE,3.9,0.0,NONE
1779689418.054,82.2,89.6,32.4,7011.0,45.8,13.77,32.2,31.7,31.6,31.8,optimal,optimal,optimal,danger,optimal,optimal,↑ increasing,→ stable,→ stable,99.5,🚨 EMERGENCY,True,NONE,3.1,0.1,NONE
1779689419.054,77.2,90.5,31.7,7016.0,45.3,13.78,32.3,32.1,32.3,32.2,optimal,optimal,optimal,danger,optimal,optimal,↑ increasing,→ stable,→ stable,99.5,🚨 EMERGENCY,True,NONE,3.6,0.0,NONE
1779689420.055,80.3,91.1,31.6,7029.0,44.4,13.83,32.3,32.1,31.9,31.8,optimal,optimal,optimal,danger,optimal,optimal,↑ increasing,→ stable,→ stable,99.5,🚨 EMERGENCY,True,NONE,3.9,0.0,NONE
1779689421.056,81.7,90.8,32.2,6979.0,44.5,13.75,31.6,31.7,31.8,32.1,optimal,optimal,optimal,danger,optimal,optimal,→ stable,→ stable,→ stable,99.5,🚨 EMERGENCY,True,NONE,3.3,0.0,NONE
1779689422.057,79.4,89.9,31.7,7042.0,44.3,13.84,31.8,31.8,31.8,31.6,optimal,optimal,optimal,danger,optimal,optimal,→ stable,→ stable,→ stable,99.5,🚨 EMERGENCY,True,NONE,3.7,0.0,NONE
1779689423.058,79.5,90.2,32.0,7046.0,45.3,13.76,32.3,31.8,31.9,31.8,optimal,optimal,optimal,danger,optimal,optimal,→ stable,→ stable,→ stable,99.5,🚨 EMERGENCY,True,NONE,3.4,0.0,NONE
1779689424.058,81.5,91.1,31.9,6969.0,45.3,13.82,32.0,32.4,32.0,32.3,optimal,optimal,optimal,danger,optimal,optimal,→ stable,→ stable,→ stable,99.5,🚨 EMERGENCY,True,NONE,3.6,0.0,NONE
1779689425.059,82.4,90.0,31.9,6972.0,44.8,13.83,31.8,31.7,31.7,31.9,optimal,optimal,optimal,danger,optimal,optimal,→ stable,→ stable,→ stable,99.5,🚨 EMERGENCY,True,NONE,3.6,0.0,NONE
1779689426.06,80.1,88.6,31.7,7033.0,44.1,13.83,32.0,32.1,32.2,31.8,optimal,optimal,optimal,danger,optimal,optimal,→ stable,→ stable,→ stable,99.5,🚨 EMERGENCY,True,NONE,3.8,1.0,NONE
1779689427.061,81.5,90.6,31.7,6980.0,44.0,13.83,32.3,31.7,32.2,32.0,optimal,optimal,optimal,danger,optimal,optimal,→ stable,→ stable,→ stable,99.5,🚨 EMERGENCY,True,NONE,3.8,0.0,NONE
1779689428.062,81.4,91.4,31.6,6990.0,45.5,13.77,31.8,32.1,31.9,31.9,optimal,optimal,optimal,danger,optimal,optimal,→ stable,→ stable,→ stable,99.5,🚨 EMERGENCY,True,NONE,4.0,0.0,NONE
1779689429.062,77.8,91.4,31.7,6960.0,45.9,13.84,32.1,32.1,31.8,31.8,optimal,optimal,optimal,danger,optimal,optimal,→ stable,→ stable,→ stable,99.5,🚨 EMERGENCY,True,NONE,3.7,0.0,NONE
1779689430.064,81.6,90.7,32.3,6999.0,44.8,13.8,32.1,31.7,31.7,31.8,optimal,optimal,optimal,danger,optimal,optimal,→ stable,→ stable,→ stable,99.5,🚨 EMERGENCY,True,NONE,3.1,0.0,NONE
1779689431.065,78.1,91.0,31.7,6974.0,45.1,13.83,32.4,31.7,31.8,32.0,optimal,optimal,optimal,danger,optimal,optimal,→ stable,→ stable,→ stable,99.5,🚨 EMERGENCY,True,NONE,3.7,0.0,NONE
1779689432.065,80.3,91.0,31.8,6997.0,45.5,13.84,31.8,32.3,32.0,32.0,optimal,optimal,optimal,danger,optimal,optimal,→ stable,→ stable,→ stable,99.5,🚨 EMERGENCY,True,NONE,3.7,0.0,NONE
1779689433.066,82.7,91.0,31.8,7034.0,44.3,13.75,32.3,32.1,31.8,31.8,optimal,optimal,optimal,danger,optimal,optimal,↑ increasing,→ stable,→ stable,99.5,🚨 EMERGENCY,True,NONE,3.8,0.0,NONE
1779689434.067,80.2,89.4,32.2,7023.0,45.1,13.81,31.8,32.3,31.8,32.1,optimal,optimal,optimal,danger,optimal,optimal,→ stable,→ stable,→ stable,99.5,🚨 EMERGENCY,True,NONE,3.2,0.2,NONE
1779689435.069,80.2,88.9,31.8,7037.0,44.9,13.8,31.8,32.3,31.6,31.6,optimal,optimal,optimal,danger,optimal,optimal,→ stable,→ stable,→ stable,99.5,🚨 EMERGENCY,True,NONE,3.7,0.6,NONE
1779689436.07,82.2,89.0,32.1,6974.0,44.9,13.83,32.2,31.6,32.0,31.8,optimal,optimal,optimal,danger,optimal,optimal,→ stable,→ stable,→ stable,99.5,🚨 EMERGENCY,True,NONE,3.4,0.5,NONE
1779689437.07,79.0,91.4,31.9,6986.0,44.6,13.76,32.3,31.6,32.0,32.3,optimal,optimal,optimal,danger,optimal,optimal,→ stable,→ stable,→ stable,99.5,🚨 EMERGENCY,True,NONE,3.5,0.0,NONE
1779689438.071,78.2,90.5,31.7,6995.0,45.6,13.84,32.1,31.8,32.2,31.8,optimal,optimal,optimal,danger,optimal,optimal,→ stable,→ stable,→ stable,99.5,🚨 EMERGENCY,True,NONE,3.7,0.0,NONE
1779689439.073,79.3,90.6,32.3,6990.0,44.7,13.77,32.1,31.9,32.2,32.1,optimal,optimal,optimal,danger,optimal,optimal,→ stable,→ stable,→ stable,99.5,🚨 EMERGENCY,True,NONE,3.1,0.0,NONE
1779689440.073,78.4,89.3,31.9,6998.0,44.1,13.83,32.2,31.8,32.2,31.6,optimal,optimal,optimal,danger,optimal,optimal,↓ decreasing,→ stable,→ stable,99.5,🚨 EMERGENCY,True,NONE,3.5,0.2,NONE
1779689441.075,77.9,89.0,32.2,6959.0,45.4,13.8,32.2,32.1,31.9,32.1,optimal,optimal,optimal,danger,optimal,optimal,→ stable,→ stable,→ stable,99.5,🚨 EMERGENCY,True,NONE,3.1,0.5,NONE
1779689442.076,79.1,89.7,31.9,6969.0,45.3,13.84,31.9,32.2,31.7,32.1,optimal,optimal,optimal,danger,optimal,optimal,↓ decreasing,↓ decreasing,→ stable,99.5,🚨 EMERGENCY,True,NONE,3.5,0.0,NONE
1779689443.077,81.9,90.8,32.3,7031.0,45.0,13.84,32.0,32.4,31.9,32.3,optimal,optimal,optimal,danger,optimal,optimal,↓ decreasing,↓ decreasing,→ stable,99.5,🚨 EMERGENCY,True,NONE,3.2,0.0,NONE
1779689444.079,81.2,90.8,32.4,6988.0,45.4,13.75,31.7,32.0,31.8,31.6,optimal,optimal,optimal,danger,optimal,optimal,↓ decreasing,↓ decreasing,→ stable,99.5,🚨 EMERGENCY,True,NONE,3.0,0.0,NONE
1779689445.081,80.7,88.6,31.9,6958.0,45.0,13.84,31.7,32.4,31.7,31.8,optimal,optimal,optimal,danger,optimal,optimal,↓ decreasing,→ stable,→ stable,99.5,🚨 EMERGENCY,True,NONE,3.6,1.0,NONE
1779689446.082,80.9,91.2,31.9,7043.0,44.3,13.75,32.0,32.0,32.0,31.8,optimal,optimal,optimal,danger,optimal,optimal,↓ decreasing,→ stable,→ stable,99.5,🚨 EMERGENCY,True,NONE,3.6,0.0,NONE
1779689447.082,77.9,89.5,31.8,6952.0,44.7,13.84,32.1,31.9,32.2,32.2,optimal,optimal,optimal,danger,optimal,optimal,↓ decreasing,↓ decreasing,→ stable,99.5,🚨 EMERGENCY,True,NONE,3.6,0.1,NONE
1779689448.083,78.0,91.0,32.2,7023.0,45.3,13.76,32.4,31.8,31.9,32.3,optimal,optimal,optimal,danger,optimal,optimal,→ stable,→ stable,→ stable,99.5,🚨 EMERGENCY,True,NONE,3.1,0.0,NONE
1779689449.085,78.8,89.1,31.6,7028.0,44.6,13.81,31.7,31.6,32.2,31.6,optimal,optimal,optimal,danger,optimal,optimal,↓ decreasing,→ stable,→ stable,99.5,🚨 EMERGENCY,True,NONE,3.8,0.4,NONE
1779689450.085,80.0,88.9,31.7,6963.0,45.2,13.8,32.0,32.4,31.7,32.1,optimal,optimal,optimal,danger,optimal,optimal,→ stable,→ stable,→ stable,99.5,🚨 EMERGENCY,True,NONE,3.8,0.6,NONE
1779689451.087,79.6,88.5,31.8,6969.0,44.9,13.76,32.3,32.0,32.1,31.6,optimal,optimal,optimal,danger,optimal,optimal,→ stable,→ stable,→ stable,99.5,🚨 EMERGENCY,True,NONE,3.6,1.1,NONE
1779689452.087,81.9,88.8,32.3,7015.0,44.7,13.78,31.7,31.8,32.0,31.9,optimal,optimal,optimal,danger,optimal,optimal,→ stable,→ stable,→ stable,99.5,🚨 EMERGENCY,True,NONE,3.2,0.7,NONE
1779689453.089,82.4,89.5,31.9,6991.0,44.2,13.84,32.1,32.3,32.3,31.9,optimal,optimal,optimal,danger,optimal,optimal,→ stable,→ stable,→ stable,99.5,🚨 EMERGENCY,True,NONE,3.6,0.1,NONE
1779689454.089,80.6,91.3,31.9,7039.0,45.0,13.81,31.8,32.1,31.7,31.9,optimal,optimal,optimal,danger,optimal,optimal,→ stable,→ stable,→ stable,99.5,🚨 EMERGENCY,True,NONE,3.6,0.0,NONE
1779689455.091,81.8,90.6,32.3,7020.0,44.4,13.77,32.0,32.3,32.4,31.6,optimal,optimal,optimal,danger,optimal,optimal,→ stable,→ stable,→ stable,99.5,🚨 EMERGENCY,True,NONE,3.2,0.0,NONE
1779689456.092,81.3,89.8,31.8,6965.0,44.6,13.83,31.9,31.7,31.6,32.3,optimal,optimal,optimal,danger,optimal,optimal,↑ increasing,→ stable,→ stable,99.5,🚨 EMERGENCY,True,NONE,3.7,0.0,NONE
1779689457.093,77.9,88.6,32.2,7022.0,45.8,13.78,31.8,32.0,32.2,32.1,optimal,optimal,optimal,danger,optimal,optimal,↑ increasing,→ stable,→ stable,99.5,🚨 EMERGENCY,True,NONE,3.1,1.0,NONE
1779689458.094,81.1,90.2,31.8,7028.0,45.2,13.85,32.1,32.1,32.2,32.0,optimal,optimal,optimal,danger,optimal,optimal,↑ increasing,↓ decreasing,→ stable,99.5,🚨 EMERGENCY,True,NONE,3.7,0.0,NONE
1779689459.096,81.4,91.5,32.0,6990.0,44.3,13.82,32.2,32.4,32.3,31.8,optimal,optimal,optimal,danger,optimal,optimal,↑ increasing,→ stable,→ stable,99.5,🚨 EMERGENCY,True,NONE,3.5,0.0,NONE
1779689460.097,79.3,89.3,32.0,6987.0,44.2,13.75,32.1,32.2,32.0,31.7,optimal,optimal,optimal,danger,optimal,optimal,↑ increasing,→ stable,→ stable,99.5,🚨 EMERGENCY,True,NONE,3.4,0.2,NONE
1779689461.097,77.9,89.8,32.3,7040.0,45.8,13.76,31.7,31.8,32.3,32.1,optimal,optimal,optimal,danger,optimal,optimal,↑ increasing,→ stable,→ stable,99.5,🚨 EMERGENCY,True,NONE,3.0,0.0,NONE
1779689462.098,78.3,91.1,32.1,6959.0,44.2,13.8,31.9,32.1,31.7,32.3,optimal,optimal,optimal,danger,optimal,optimal,→ stable,→ stable,→ stable,99.5,🚨 EMERGENCY,True,NONE,3.2,0.0,NONE
1779689463.099,80.3,89.5,31.8,7040.0,45.1,13.85,32.2,31.8,31.8,31.9,optimal,optimal,optimal,danger,optimal,optimal,→ stable,↑ increasing,→ stable,99.5,🚨 EMERGENCY,True,NONE,3.7,0.1,NONE
1779689464.1,77.9,89.5,32.2,7004.0,45.9,13.83,31.9,31.9,32.0,31.8,optimal,optimal,optimal,danger,optimal,optimal,→ stable,→ stable,→ stable,99.5,🚨 EMERGENCY,True,NONE,3.1,0.1,NONE
1779689465.101,80.0,89.1,32.2,6992.0,44.3,13.81,31.8,32.3,32.3,31.9,optimal,optimal,optimal,danger,optimal,optimal,↓ decreasing,→ stable,→ stable,99.5,🚨 EMERGENCY,True,NONE,3.2,0.4,NONE
1779689466.102,81.1,90.7,32.2,6973.0,44.8,13.83,32.4,31.8,32.1,32.0,optimal,optimal,optimal,danger,optimal,optimal,↓ decreasing,→ stable,→ stable,99.5,🚨 EMERGENCY,True,NONE,3.2,0.0,NONE
1779689467.102,79.7,88.5,32.2,6951.0,45.3,13.8,32.1,31.6,32.4,31.9,optimal,optimal,optimal,danger,optimal,optimal,↓ decreasing,→ stable,→ stable,99.5,🚨 EMERGENCY,True,NONE,3.2,1.1,NONE
1779689468.104,81.4,90.1,31.9,6991.0,44.9,13.78,31.9,31.7,32.1,32.1,optimal,optimal,optimal,danger,optimal,optimal,↓ decreasing,→ stable,→ stable,99.5,🚨 EMERGENCY,True,NONE,3.6,0.0,NONE
1779689469.106,79.8,89.4,32.0,7007.0,44.4,13.79,32.2,32.0,32.2,32.1,optimal,optimal,optimal,danger,optimal,optimal,↓ decreasing,→ stable,→ stable,99.5,🚨 EMERGENCY,True,NONE,3.4,0.2,NONE
1779689470.107,77.9,90.1,32.0,6999.0,45.6,13.84,32.3,32.2,31.9,31.8,optimal,optimal,optimal,danger,optimal,optimal,↓ decreasing,→ stable,→ stable,99.5,🚨 EMERGENCY,True,NONE,3.3,0.0,NONE
1779689471.109,81.2,90.5,31.9,7025.0,44.1,13.79,31.6,31.8,31.7,32.3,optimal,optimal,optimal,danger,optimal,optimal,↓ decreasing,→ stable,→ stable,99.5,🚨 EMERGENCY,True,NONE,3.6,0.0,NONE
1779689472.109,79.0,91.1,31.7,7016.0,45.3,13.81,32.2,31.7,32.0,32.1,optimal,optimal,optimal,danger,optimal,optimal,→ stable,→ stable,→ stable,99.5,🚨 EMERGENCY,True,NONE,3.7,0.0,NONE
1779689473.11,81.8,91.5,32.3,7003.0,46.0,13.76,32.2,32.1,32.1,32.0,optimal,optimal,optimal,danger,optimal,optimal,→ stable,→ stable,→ stable,99.5,🚨 EMERGENCY,True,NONE,3.2,0.0,NONE
1779689474.112,82.2,91.5,32.2,6980.0,45.7,13.8,31.7,32.2,31.8,32.1,optimal,optimal,optimal,danger,optimal,optimal,↑ increasing,→ stable,→ stable,99.5,🚨 EMERGENCY,True,NONE,3.3,0.0,NONE
1779689475.113,79.5,88.8,32.0,6980.0,45.6,13.76,31.6,32.0,32.1,32.0,optimal,optimal,optimal,danger,optimal,optimal,↑ increasing,→ stable,→ stable,99.5,🚨 EMERGENCY,True,NONE,3.4,0.7,NONE
1779689476.113,82.7,90.1,32.4,7025.0,44.3,13.83,31.9,32.2,32.2,32.2,optimal,optimal,optimal,danger,optimal,optimal,↑ increasing,→ stable,→ stable,99.5,🚨 EMERGENCY,True,NONE,3.1,0.0,NONE
1779689477.115,82.8,89.8,31.8,7024.0,45.6,13.76,32.2,31.9,31.9,31.8,optimal,optimal,optimal,danger,optimal,optimal,↑ increasing,→ stable,→ stable,99.5,🚨 EMERGENCY,True,NONE,3.8,0.0,NONE
1779689478.115,80.4,89.9,31.6,7003.0,44.7,13.82,31.9,31.9,32.2,32.0,optimal,optimal,optimal,danger,optimal,optimal,↑ increasing,→ stable,→ stable,99.5,🚨 EMERGENCY,True,NONE,3.9,0.0,NONE
1779689479.117,82.1,89.7,31.7,6975.0,46.0,13.82,31.9,32.0,32.1,32.3,optimal,optimal,optimal,danger,optimal,optimal,↑ increasing,↑ increasing,→ stable,99.5,🚨 EMERGENCY,True,NONE,3.9,0.0,NONE
1779689480.117,80.8,90.7,31.6,6967.0,45.2,13.81,32.2,32.3,32.2,32.1,optimal,optimal,optimal,danger,optimal,optimal,↑ increasing,↑ increasing,→ stable,99.5,🚨 EMERGENCY,True,NONE,3.9,0.0,NONE
1779689481.119,82.8,88.8,31.9,6984.0,44.1,13.79,32.0,32.2,31.9,32.0,optimal,optimal,optimal,danger,optimal,optimal,↑ increasing,→ stable,→ stable,99.5,🚨 EMERGENCY,True,NONE,3.7,0.7,NONE
1779689482.119,81.4,89.8,32.2,6983.0,45.6,13.77,32.0,31.8,32.2,32.2,optimal,optimal,optimal,danger,optimal,optimal,↑ increasing,→ stable,→ stable,99.5,🚨 EMERGENCY,True,NONE,3.3,0.0,NONE
1779689483.121,78.5,89.9,32.1,7026.0,45.1,13.84,32.3,32.1,31.7,32.2,optimal,optimal,optimal,danger,optimal,optimal,↑ increasing,→ stable,→ stable,99.5,🚨 EMERGENCY,True,NONE,3.3,0.0,NONE
1779689484.123,77.6,88.6,32.0,7019.0,44.8,13.79,32.1,31.7,32.0,32.2,optimal,optimal,optimal,danger,optimal,optimal,→ stable,↓ decreasing,→ stable,99.5,🚨 EMERGENCY,True,NONE,3.3,1.0,NONE
1779689485.123,79.0,91.1,31.9,6961.0,44.6,13.78,31.6,32.3,31.8,32.0,optimal,optimal,optimal,danger,optimal,optimal,→ stable,→ stable,→ stable,99.5,🚨 EMERGENCY,True,NONE,3.5,0.0,NONE
1779689486.125,81.5,90.1,32.4,6985.0,44.4,13.81,32.3,31.7,31.9,32.1,optimal,optimal,optimal,danger,optimal,optimal,→ stable,→ stable,→ stable,99.5,🚨 EMERGENCY,True,NONE,3.0,0.0,NONE
1779689487.126,79.1,88.7,31.7,7005.0,46.0,13.81,31.8,31.6,31.9,32.3,optimal,optimal,optimal,danger,optimal,optimal,↓ decreasing,↓ decreasing,→ stable,99.5,🚨 EMERGENCY,True,NONE,3.7,0.8,NONE
1779689488.128,80.5,89.9,32.0,7005.0,45.4,13.83,32.3,32.2,32.3,31.9,optimal,optimal,optimal,danger,optimal,optimal,→ stable,↓ decreasing,→ stable,99.5,🚨 EMERGENCY,True,NONE,3.5,0.0,NONE
1779689489.13,80.8,90.0,32.2,7049.0,45.5,13.8,32.3,32.0,32.4,31.9,optimal,optimal,optimal,danger,optimal,optimal,↓ decreasing,↓ decreasing,→ stable,99.5,🚨 EMERGENCY,True,NONE,3.2,0.0,NONE
1779689490.131,77.9,89.7,31.7,7014.0,45.3,13.8,31.8,31.9,32.4,32.3,optimal,optimal,optimal,danger,optimal,optimal,↓ decreasing,↓ decreasing,→ stable,99.5,🚨 EMERGENCY,True,NONE,3.7,0.0,NONE
1779689491.133,79.5,89.9,32.1,7044.0,45.3,13.82,31.9,32.4,31.9,31.7,optimal,optimal,optimal,danger,optimal,optimal,↓ decreasing,→ stable,→ stable,99.5,🚨 EMERGENCY,True,NONE,3.3,0.0,NONE
1779689492.133,78.4,91.1,32.3,6992.0,44.2,13.78,31.6,32.1,31.8,31.6,optimal,optimal,optimal,danger,optimal,optimal,↓ decreasing,→ stable,→ stable,99.5,🚨 EMERGENCY,True,NONE,3.0,0.0,NONE
1779689493.134,79.2,91.3,32.2,6969.0,44.7,13.75,31.8,32.1,31.8,31.6,optimal,optimal,optimal,danger,optimal,optimal,↓ decreasing,→ stable,→ stable,99.5,🚨 EMERGENCY,True,NONE,3.2,0.0,NONE
1779689494.135,78.1,88.9,31.6,7028.0,45.1,13.85,32.3,31.9,31.7,32.0,optimal,optimal,optimal,danger,optimal,optimal,↓ decreasing,→ stable,→ stable,99.5,🚨 EMERGENCY,True,NONE,3.8,0.6,NONE
1779689495.136,81.8,89.8,31.9,6951.0,44.8,13.76,31.7,32.4,31.7,31.9,optimal,optimal,optimal,danger,optimal,optimal,↓ decreasing,→ stable,→ stable,99.5,🚨 EMERGENCY,True,NONE,3.6,0.0,NONE
1779689496.137,82.3,90.2,32.3,6986.0,45.8,13.79,32.3,32.1,31.9,32.4,optimal,optimal,optimal,danger,optimal,optimal,↓ decreasing,→ stable,→ stable,99.5,🚨 EMERGENCY,True,NONE,3.2,0.0,NONE
1779689497.138,77.4,89.5,32.2,7027.0,45.8,13.81,32.3,32.0,31.6,31.9,optimal,optimal,optimal,danger,optimal,optimal,↓ decreasing,→ stable,→ stable,99.5,🚨 EMERGENCY,True,NONE,3.1,0.1,NONE
1779689498.14,78.1,90.8,31.8,6988.0,45.0,13.79,32.2,32.1,32.2,32.2,optimal,optimal,optimal,danger,optimal,optimal,↓ decreasing,→ stable,→ stable,99.5,🚨 EMERGENCY,True,NONE,3.6,0.0,NONE
1779689499.14,77.5,89.6,32.1,6969.0,45.3,13.76,31.9,31.9,31.6,32.2,optimal,optimal,optimal,danger,optimal,optimal,↓ decreasing,→ stable,→ stable,99.5,🚨 EMERGENCY,True,NONE,3.2,0.1,NONE
1779689500.141,82.0,90.7,32.0,7047.0,45.7,13.81,31.7,32.0,32.1,32.1,optimal,optimal,optimal,danger,optimal,optimal,→ stable,↑ increasing,→ stable,99.5,🚨 EMERGENCY,True,NONE,3.5,0.0,NONE
1779689501.142,77.7,91.1,32.1,7012.0,44.6,13.8,31.8,31.7,32.1,32.1,optimal,optimal,optimal,danger,optimal,optimal,→ stable,↑ increasing,→ stable,99.5,🚨 EMERGENCY,True,NONE,3.2,0.0,NONE
1779689502.143,77.4,90.8,31.8,7039.0,44.2,13.85,32.4,32.3,32.3,31.9,optimal,optimal,optimal,danger,optimal,optimal,→ stable,→ stable,→ stable,99.5,🚨 EMERGENCY,True,NONE,3.5,0.0,NONE
1779689503.146,82.1,91.0,32.2,6971.0,45.9,13.82,31.8,32.3,32.0,32.0,optimal,optimal,optimal,danger,optimal,optimal,→ stable,→ stable,→ stable,99.5,🚨 EMERGENCY,True,NONE,3.3,0.0,NONE
1779689504.147,81.1,89.9,32.4,6982.0,45.8,13.84,32.0,31.6,31.9,31.7,optimal,optimal,optimal,danger,optimal,optimal,→ stable,→ stable,→ stable,99.5,🚨 EMERGENCY,True,NONE,3.0,0.0,NONE
1779689505.147,78.4,89.6,32.3,7048.0,45.2,13.78,31.8,32.0,31.7,32.3,optimal,optimal,optimal,danger,optimal,optimal,→ stable,→ stable,→ stable,99.5,🚨 EMERGENCY,True,NONE,3.0,0.1,NONE
1779689506.149,79.4,90.6,32.0,7049.0,45.9,13.77,32.3,32.2,31.8,32.0,optimal,optimal,optimal,danger,optimal,optimal,↓ decreasing,→ stable,→ stable,99.5,🚨 EMERGENCY,True,NONE,3.4,0.0,NONE
1779689507.15,79.0,91.3,32.2,6989.0,45.1,13.85,32.3,31.6,31.8,32.1,optimal,optimal,optimal,danger,optimal,optimal,→ stable,↑ increasing,→ stable,99.5,🚨 EMERGENCY,True,NONE,3.2,0.0,NONE
1779689508.151,78.6,88.6,31.7,7007.0,44.4,13.76,32.1,31.9,31.8,32.2,optimal,optimal,optimal,danger,optimal,optimal,→ stable,→ stable,→ stable,99.5,🚨 EMERGENCY,True,NONE,3.7,1.0,NONE
1779689509.153,82.9,90.7,32.3,6950.0,44.9,13.76,31.9,32.0,32.1,32.0,optimal,optimal,optimal,danger,optimal,optimal,↑ increasing,→ stable,→ stable,99.5,🚨 EMERGENCY,True,NONE,3.2,0.0,NONE
1779689510.154,77.3,91.4,32.1,7025.0,44.3,13.79,32.2,31.7,31.6,32.2,optimal,optimal,optimal,danger,optimal,optimal,→ stable,→ stable,→ stable,99.5,🚨 EMERGENCY,True,NONE,3.2,0.0,NONE
1779689511.154,78.2,89.4,31.7,6983.0,44.6,13.84,32.3,32.0,32.0,31.8,optimal,optimal,optimal,danger,optimal,optimal,→ stable,→ stable,→ stable,99.5,🚨 EMERGENCY,True,NONE,3.7,0.2,NONE
1779689512.156,81.0,90.1,32.3,6997.0,45.8,13.8,31.7,31.9,32.2,31.6,optimal,optimal,optimal,danger,optimal,optimal,↑ increasing,→ stable,→ stable,99.5,🚨 EMERGENCY,True,NONE,3.1,0.0,NONE
1779689513.156,81.1,89.6,32.1,7029.0,45.7,13.77,31.8,32.4,32.0,32.0,optimal,optimal,optimal,danger,optimal,optimal,→ stable,→ stable,→ stable,99.5,🚨 EMERGENCY,True,NONE,3.4,0.1,NONE
1779689514.159,78.2,88.8,32.0,7029.0,45.3,13.78,32.2,32.3,32.3,32.3,optimal,optimal,optimal,danger,optimal,optimal,→ stable,→ stable,→ stable,99.5,🚨 EMERGENCY,True,NONE,3.4,0.7,NONE
1779689515.159,77.1,90.3,32.1,6954.0,45.5,13.81,31.8,32.3,32.1,32.3,optimal,optimal,optimal,danger,optimal,optimal,→ stable,→ stable,→ stable,99.5,🚨 EMERGENCY,True,NONE,3.2,0.0,NONE
1779689516.161,77.8,91.3,32.4,7048.0,44.1,13.84,31.9,32.3,32.1,31.7,optimal,optimal,optimal,danger,optimal,optimal,→ stable,→ stable,→ stable,99.5,🚨 EMERGENCY,True,NONE,2.9,0.0,NONE
1779689517.161,82.9,88.8,32.1,7040.0,44.2,13.8,31.6,32.4,32.1,32.4,optimal,optimal,optimal,danger,optimal,optimal,→ stable,↓ decreasing,→ stable,99.5,🚨 EMERGENCY,True,NONE,3.4,0.7,NONE
1779689518.163,82.2,90.1,31.8,7009.0,44.4,13.76,32.1,32.4,32.4,32.3,optimal,optimal,optimal,danger,optimal,optimal,↑ increasing,→ stable,→ stable,99.5,🚨 EMERGENCY,True,NONE,3.8,0.0,NONE
1779689519.164,78.4,91.0,31.6,7047.0,45.4,13.79,32.3,32.1,32.3,31.9,optimal,optimal,optimal,danger,optimal,optimal,→ stable,→ stable,→ stable,99.5,🚨 EMERGENCY,True,NONE,3.8,0.0,NONE
1779689520.168,81.2,90.3,32.4,6984.0,44.4,13.85,32.4,32.4,32.3,31.7,optimal,optimal,optimal,danger,optimal,optimal,→ stable,↓ decreasing,→ stable,99.5,🚨 EMERGENCY,True,NONE,3.0,0.0,NONE
1779689521.168,80.0,89.9,31.8,7039.0,44.8,13.81,32.2,31.8,32.1,31.8,optimal,optimal,optimal,danger,optimal,optimal,↑ increasing,→ stable,→ stable,99.5,🚨 EMERGENCY,True,NONE,3.7,0.0,NONE
1779689522.169,82.6,89.8,32.2,6976.0,44.6,13.81,32.2,31.9,32.2,31.7,optimal,optimal,optimal,danger,optimal,optimal,→ stable,→ stable,→ stable,99.5,🚨 EMERGENCY,True,NONE,3.3,0.0,NONE
1779689523.17,81.7,90.6,31.8,6989.0,45.6,13.82,31.7,31.9,32.2,32.0,optimal,optimal,optimal,danger,optimal,optimal,↑ increasing,→ stable,→ stable,99.5,🚨 EMERGENCY,True,NONE,3.7,0.0,NONE
1779689524.17,82.0,90.9,32.0,6989.0,45.1,13.85,32.3,31.8,31.7,31.8,optimal,optimal,optimal,danger,optimal,optimal,↑ increasing,→ stable,→ stable,99.5,🚨 EMERGENCY,True,NONE,3.5,0.0,NONE
1779689525.174,78.8,89.8,32.2,6959.0,44.1,13.85,31.7,31.8,31.8,32.2,optimal,optimal,optimal,danger,optimal,optimal,↑ increasing,→ stable,→ stable,99.5,🚨 EMERGENCY,True,NONE,3.2,0.0,NONE
1779689526.175,79.4,91.3,31.8,6989.0,45.0,13.76,31.9,31.8,32.0,31.8,optimal,optimal,optimal,danger,optimal,optimal,↑ increasing,→ stable,→ stable,99.5,🚨 EMERGENCY,True,NONE,3.6,0.0,NONE
1779689527.176,78.9,90.8,32.0,7004.0,45.5,13.85,31.9,32.0,32.2,32.3,optimal,optimal,optimal,danger,optimal,optimal,↑ increasing,↑ increasing,→ stable,99.5,🚨 EMERGENCY,True,NONE,3.4,0.0,NONE
1779689528.176,82.5,90.2,32.1,6964.0,44.0,13.81,31.8,31.8,31.9,31.8,optimal,optimal,optimal,danger,optimal,optimal,↑ increasing,→ stable,→ stable,99.5,🚨 EMERGENCY,True,NONE,3.4,0.0,NONE
1779689529.177,79.8,90.0,31.9,6989.0,44.4,13.78,32.3,32.0,32.1,31.9,optimal,optimal,optimal,danger,optimal,optimal,↑ increasing,→ stable,→ stable,99.5,🚨 EMERGENCY,True,NONE,3.5,0.0,NONE
1779689530.178,77.8,91.5,32.1,7022.0,44.6,13.76,31.6,31.8,31.8,31.9,optimal,optimal,optimal,danger,optimal,optimal,↑ increasing,↑ increasing,→ stable,99.5,🚨 EMERGENCY,True,NONE,3.2,0.0,NONE
1779689531.179,81.2,89.7,31.7,6997.0,44.7,13.84,31.8,31.9,31.7,32.2,optimal,optimal,optimal,danger,optimal,optimal,→ stable,→ stable,→ stable,99.5,🚨 EMERGENCY,True,NONE,3.8,0.0,NONE
1779689532.179,78.9,91.4,32.4,7029.0,45.5,13.76,32.1,31.8,31.8,32.3,optimal,optimal,optimal,danger,optimal,optimal,→ stable,↑ increasing,→ stable,99.5,🚨 EMERGENCY,True,NONE,2.9,0.0,NONE
1779689533.179,80.2,89.6,32.4,6977.0,44.4,13.82,31.6,32.2,32.1,31.7,optimal,optimal,optimal,danger,optimal,optimal,→ stable,→ stable,→ stable,99.5,🚨 EMERGENCY,True,NONE,3.0,0.1,NONE
1779689534.182,80.3,89.2,32.4,7016.0,44.9,13.79,32.2,31.7,32.2,31.8,optimal,optimal,optimal,danger,optimal,optimal,↓ decreasing,→ stable,→ stable,99.5,🚨 EMERGENCY,True,NONE,3.0,0.3,NONE
1779689535.182,81.8,90.7,32.3,6957.0,45.7,13.79,31.9,32.1,31.7,31.8,optimal,optimal,optimal,danger,optimal,optimal,↓ decreasing,→ stable,→ stable,99.5,🚨 EMERGENCY,True,NONE,3.2,0.0,NONE
1779689536.184,79.3,89.9,31.9,7039.0,44.5,13.85,31.7,31.9,31.7,32.2,optimal,optimal,optimal,danger,optimal,optimal,↓ decreasing,→ stable,→ stable,99.5,🚨 EMERGENCY,True,NONE,3.5,0.0,NONE
1779689537.185,81.1,91.2,31.7,6985.0,44.1,13.8,31.7,32.1,32.4,32.4,optimal,optimal,optimal,danger,optimal,optimal,→ stable,→ stable,→ stable,99.5,🚨 EMERGENCY,True,NONE,3.8,0.0,NONE
1779689538.186,81.4,89.5,31.8,7034.0,45.7,13.83,32.2,32.3,31.8,32.1,optimal,optimal,optimal,danger,optimal,optimal,→ stable,→ stable,→ stable,99.5,🚨 EMERGENCY,True,NONE,3.7,0.1,NONE
1779689539.188,78.3,90.2,31.9,6981.0,44.2,13.75,32.1,32.3,32.2,31.8,optimal,optimal,optimal,danger,optimal,optimal,↓ decreasing,→ stable,→ stable,99.5,🚨 EMERGENCY,True,NONE,3.5,0.0,NONE
1779689540.188,81.6,91.1,31.8,7038.0,44.2,13.84,31.8,31.7,31.6,31.6,optimal,optimal,optimal,danger,optimal,optimal,→ stable,→ stable,→ stable,99.5,🚨 EMERGENCY,True,NONE,3.7,0.0,NONE
1779689541.19,78.5,89.8,31.9,6964.0,44.1,13.75,31.9,32.1,32.1,32.3,optimal,optimal,optimal,danger,optimal,optimal,→ stable,→ stable,→ stable,99.5,🚨 EMERGENCY,True,NONE,3.5,0.0,NONE
1779689542.19,77.6,91.1,32.1,7037.0,45.5,13.82,32.2,32.2,31.9,32.3,optimal,optimal,optimal,danger,optimal,optimal,→ stable,→ stable,→ stable,99.5,🚨 EMERGENCY,True,NONE,3.2,0.0,NONE
1779689543.192,78.5,89.4,31.9,7043.0,44.9,13.83,31.8,32.1,32.1,31.7,optimal,optimal,optimal,danger,optimal,optimal,→ stable,→ stable,→ stable,99.5,🚨 EMERGENCY,True,NONE,3.5,0.2,NONE
1779689544.192,77.6,88.9,31.9,7017.0,45.7,13.77,31.8,31.9,31.7,32.1,optimal,optimal,optimal,danger,optimal,optimal,→ stable,→ stable,→ stable,99.5,🚨 EMERGENCY,True,NONE,3.4,0.6,NONE
1779689545.193,79.9,90.9,31.6,6997.0,45.6,13.79,32.2,32.4,32.2,31.9,optimal,optimal,optimal,danger,optimal,optimal,↓ decreasing,→ stable,→ stable,99.5,🚨 EMERGENCY,True,NONE,3.9,0.0,NONE
1779689546.194,80.1,89.0,32.3,6993.0,45.6,13.78,32.4,32.1,32.2,32.4,optimal,optimal,optimal,danger,optimal,optimal,↓ decreasing,→ stable,→ stable,99.5,🚨 EMERGENCY,True,NONE,3.1,0.5,NONE
1779689547.195,82.5,91.1,32.2,7034.0,44.1,13.84,31.9,32.2,31.7,32.4,optimal,optimal,optimal,danger,optimal,optimal,↓ decreasing,→ stable,→ stable,99.5,🚨 EMERGENCY,True,NONE,3.3,0.0,NONE
1779689548.196,79.2,91.0,32.4,6954.0,44.1,13.77,31.9,32.1,32.0,31.7,optimal,optimal,optimal,danger,optimal,optimal,↓ decreasing,→ stable,→ stable,99.5,🚨 EMERGENCY,True,NONE,2.9,0.0,NONE
1779689549.197,82.8,90.8,32.1,7038.0,45.8,13.79,32.4,31.6,31.9,31.8,optimal,optimal,optimal,danger,optimal,optimal,→ stable,→ stable,→ stable,99.5,🚨 EMERGENCY,True,NONE,3.4,0.0,NONE
1779689550.2,81.2,91.3,32.1,7039.0,45.4,13.83,31.7,31.8,32.3,31.6,optimal,optimal,optimal,danger,optimal,optimal,↓ decreasing,→ stable,→ stable,99.5,🚨 EMERGENCY,True,NONE,3.4,0.0,NONE
1779689551.201,80.2,89.1,32.0,6961.0,45.6,13.85,32.0,32.2,31.8,32.2,optimal,optimal,optimal,danger,optimal,optimal,→ stable,→ stable,→ stable,99.5,🚨 EMERGENCY,True,NONE,3.4,0.4,NONE
1779689552.203,80.3,90.8,32.1,6957.0,44.8,13.82,32.3,32.2,32.3,32.1,optimal,optimal,optimal,danger,optimal,optimal,→ stable,→ stable,→ stable,99.5,🚨 EMERGENCY,True,NONE,3.3,0.0,NONE
1779689553.203,78.3,89.8,32.4,7028.0,44.5,13.79,32.1,32.2,32.0,32.4,optimal,optimal,optimal,danger,optimal,optimal,→ stable,→ stable,→ stable,99.5,🚨 EMERGENCY,True,NONE,2.9,0.0,NONE
1779689554.204,80.6,89.5,32.3,7048.0,44.9,13.78,31.7,31.6,32.1,32.2,optimal,optimal,optimal,danger,optimal,optimal,↑ increasing,→ stable,→ stable,99.5,🚨 EMERGENCY,True,NONE,3.1,0.1,NONE
1779689555.206,81.6,91.0,32.1,7047.0,45.5,13.79,32.2,32.0,32.0,32.2,optimal,optimal,optimal,danger,optimal,optimal,↑ increasing,→ stable,→ stable,99.5,🚨 EMERGENCY,True,NONE,3.4,0.0,NONE
1779689556.207,80.5,90.3,32.3,7023.0,45.7,13.84,32.2,32.3,32.4,32.0,optimal,optimal,optimal,danger,optimal,optimal,↑ increasing,→ stable,→ stable,99.5,🚨 EMERGENCY,True,NONE,3.1,0.0,NONE
1779689557.208,79.6,88.6,32.3,6961.0,44.8,13.84,32.0,31.7,32.1,32.1,optimal,optimal,optimal,danger,optimal,optimal,↑ increasing,→ stable,→ stable,99.5,🚨 EMERGENCY,True,NONE,3.1,1.0,NONE
1779689558.208,81.7,91.4,32.3,7033.0,45.3,13.78,31.9,31.9,31.7,32.1,optimal,optimal,optimal,danger,optimal,optimal,↑ increasing,→ stable,→ stable,99.5,🚨 EMERGENCY,True,NONE,3.2,0.0,NONE
1779689559.21,81.4,88.8,31.9,7046.0,44.4,13.77,32.3,32.4,32.2,32.4,optimal,optimal,optimal,danger,optimal,optimal,↑ increasing,→ stable,→ stable,99.5,🚨 EMERGENCY,True,NONE,3.6,0.7,NONE
1779689560.21,77.7,89.4,32.1,7013.0,45.7,13.81,31.9,32.4,31.7,32.0,optimal,optimal,optimal,danger,optimal,optimal,→ stable,→ stable,→ stable,99.5,🚨 EMERGENCY,True,NONE,3.2,0.2,NONE
1779689561.212,82.4,88.8,31.6,6954.0,44.1,13.78,32.2,31.6,31.8,31.6,optimal,optimal,optimal,danger,optimal,optimal,→ stable,→ stable,→ stable,99.5,🚨 EMERGENCY,True,NONE,4.0,0.7,NONE
1779689562.212,79.0,88.7,31.9,6983.0,44.2,13.75,31.9,32.2,31.8,31.6,optimal,optimal,optimal,danger,optimal,optimal,→ stable,↓ decreasing,→ stable,99.5,🚨 EMERGENCY,True,NONE,3.5,0.8,NONE
1779689563.213,80.4,91.3,32.3,6979.0,45.1,13.84,31.7,32.2,31.8,32.3,optimal,optimal,optimal,danger,optimal,optimal,→ stable,→ stable,→ stable,99.5,🚨 EMERGENCY,True,NONE,3.1,0.0,NONE
1779689564.214,82.5,88.9,32.0,7010.0,44.1,13.78,31.7,32.3,31.7,31.7,optimal,optimal,optimal,danger,optimal,optimal,→ stable,↓ decreasing,→ stable,99.5,🚨 EMERGENCY,True,NONE,3.5,0.6,NONE
1779689565.216,81.3,91.3,32.0,7035.0,44.8,13.83,31.7,32.0,32.4,31.7,optimal,optimal,optimal,danger,optimal,optimal,→ stable,↓ decreasing,→ stable,99.5,🚨 EMERGENCY,True,NONE,3.5,0.0,NONE
1779689566.217,80.9,90.9,32.3,6986.0,45.8,13.8,32.4,32.3,31.7,31.8,optimal,optimal,optimal,danger,optimal,optimal,→ stable,↓ decreasing,→ stable,99.5,🚨 EMERGENCY,True,NONE,3.1,0.0,NONE
1779689567.217,77.8,88.9,32.0,7002.0,44.7,13.78,31.7,32.0,32.3,32.3,optimal,optimal,optimal,danger,optimal,optimal,→ stable,→ stable,→ stable,99.5,🚨 EMERGENCY,True,NONE,3.3,0.6,NONE
1779689568.22,81.4,90.0,32.2,7007.0,45.8,13.76,31.6,32.1,32.3,31.7,optimal,optimal,optimal,danger,optimal,optimal,→ stable,↓ decreasing,→ stable,99.5,🚨 EMERGENCY,True,NONE,3.3,0.0,NONE
1779689569.221,77.9,91.1,32.2,6961.0,45.0,13.76,31.9,31.7,31.9,31.7,optimal,optimal,optimal,danger,optimal,optimal,→ stable,→ stable,→ stable,99.5,🚨 EMERGENCY,True,NONE,3.1,0.0,NONE
1779689570.222,81.1,89.6,31.9,7013.0,45.8,13.84,31.9,32.3,31.7,31.6,optimal,optimal,optimal,danger,optimal,optimal,→ stable,→ stable,→ stable,99.5,🚨 EMERGENCY,True,NONE,3.6,0.1,NONE
1779689571.224,78.4,88.9,32.1,6976.0,44.4,13.78,31.7,32.0,31.7,31.9,optimal,optimal,optimal,danger,optimal,optimal,→ stable,→ stable,→ stable,99.5,🚨 EMERGENCY,True,NONE,3.2,0.6,NONE
1779689572.225,80.3,88.7,32.2,7010.0,44.1,13.82,31.8,32.3,31.9,32.2,optimal,optimal,optimal,danger,optimal,optimal,→ stable,→ stable,→ stable,99.5,🚨 EMERGENCY,True,NONE,3.2,0.8,NONE
1779689573.226,79.2,91.0,31.9,7045.0,44.5,13.79,31.6,32.1,32.0,31.6,optimal,optimal,optimal,danger,optimal,optimal,→ stable,→ stable,→ stable,99.5,🚨 EMERGENCY,True,NONE,3.5,0.0,NONE
1779689574.228,80.2,90.7,32.3,6985.0,45.8,13.83,32.2,31.8,32.0,31.9,optimal,optimal,optimal,danger,optimal,optimal,↓ decreasing,→ stable,→ stable,99.5,🚨 EMERGENCY,True,NONE,3.1,0.0,NONE
1779689575.229,78.4,89.5,31.7,6957.0,44.3,13.76,31.6,32.0,32.4,32.1,optimal,optimal,optimal,danger,optimal,optimal,↓ decreasing,→ stable,→ stable,99.5,🚨 EMERGENCY,True,NONE,3.7,0.1,NONE
1779689576.231,81.1,90.7,32.2,7013.0,44.7,13.78,32.3,31.7,32.0,31.8,optimal,optimal,optimal,danger,optimal,optimal,↓ decreasing,→ stable,→ stable,99.5,🚨 EMERGENCY,True,NONE,3.2,0.0,NONE
1779689577.231,82.8,90.6,32.3,7013.0,45.2,13.78,32.3,32.1,32.1,31.9,optimal,optimal,optimal,danger,optimal,optimal,→ stable,→ stable,→ stable,99.5,🚨 EMERGENCY,True,NONE,3.2,0.0,NONE
1779689578.231,79.6,90.8,32.1,7024.0,44.9,13.78,31.7,32.1,32.1,31.7,optimal,optimal,optimal,danger,optimal,optimal,↓ decreasing,→ stable,→ stable,99.5,🚨 EMERGENCY,True,NONE,3.3,0.0,NONE
1779689579.232,82.2,91.5,31.8,6994.0,45.1,13.81,31.9,32.1,32.0,32.2,optimal,optimal,optimal,danger,optimal,optimal,→ stable,→ stable,→ stable,99.5,🚨 EMERGENCY,True,NONE,3.8,0.0,NONE
1779689580.233,78.2,88.8,31.8,7033.0,44.3,13.79,32.4,32.0,32.3,32.3,optimal,optimal,optimal,danger,optimal,optimal,→ stable,→ stable,→ stable,99.5,🚨 EMERGENCY,True,NONE,3.6,0.7,NONE
1779689581.234,79.0,88.7,32.1,7043.0,44.7,13.77,32.2,32.4,31.9,32.0,optimal,optimal,optimal,danger,optimal,optimal,→ stable,→ stable,→ stable,99.5,🚨 EMERGENCY,True,NONE,3.3,0.8,NONE
1779689582.236,77.2,91.1,32.0,6988.0,45.6,13.77,32.2,32.2,31.9,32.1,optimal,optimal,optimal,danger,optimal,optimal,→ stable,→ stable,→ stable,99.5,🚨 EMERGENCY,True,NONE,3.3,0.0,NONE
1779689583.237,80.7,88.5,31.6,7001.0,44.5,13.77,32.0,31.6,31.7,32.1,optimal,optimal,optimal,danger,optimal,optimal,→ stable,→ stable,→ stable,99.5,🚨 EMERGENCY,True,NONE,3.9,1.1,NONE
1779689584.238,78.7,91.5,32.1,6951.0,45.0,13.76,32.3,31.8,31.6,32.2,optimal,optimal,optimal,danger,optimal,optimal,→ stable,→ stable,→ stable,99.5,🚨 EMERGENCY,True,NONE,3.3,0.0,NONE
1779689585.24,81.6,91.5,32.2,6983.0,45.6,13.76,31.8,31.8,32.3,32.2,optimal,optimal,optimal,danger,optimal,optimal,↑ increasing,→ stable,→ stable,99.5,🚨 EMERGENCY,True,NONE,3.3,0.0,NONE
1779689586.241,79.1,90.3,31.7,7042.0,44.7,13.78,32.2,31.7,31.9,32.1,optimal,optimal,optimal,danger,optimal,optimal,→ stable,→ stable,→ stable,99.5,🚨 EMERGENCY,True,NONE,3.7,0.0,NONE
1779689587.242,80.7,91.1,31.9,6970.0,45.8,13.83,31.7,31.6,32.3,32.3,optimal,optimal,optimal,danger,optimal,optimal,→ stable,→ stable,→ stable,99.5,🚨 EMERGENCY,True,NONE,3.6,0.0,NONE
1779689588.244,81.1,90.5,31.8,6964.0,45.0,13.76,31.7,32.0,31.7,32.3,optimal,optimal,optimal,danger,optimal,optimal,→ stable,→ stable,→ stable,99.5,🚨 EMERGENCY,True,NONE,3.7,0.0,NONE
1779689589.245,79.2,90.3,32.2,7047.0,44.5,13.84,31.9,32.0,32.0,32.3,optimal,optimal,optimal,danger,optimal,optimal,↓ decreasing,→ stable,→ stable,99.5,🚨 EMERGENCY,True,NONE,3.2,0.0,NONE
1779689590.247,77.6,90.2,32.0,7040.0,45.8,13.78,31.6,32.2,31.8,32.2,optimal,optimal,optimal,danger,optimal,optimal,↓ decreasing,→ stable,→ stable,99.5,🚨 EMERGENCY,True,NONE,3.3,0.0,NONE
1779689591.247,79.7,89.7,32.3,7009.0,44.5,13.84,31.7,31.9,32.4,31.9,optimal,optimal,optimal,danger,optimal,optimal,↓ decreasing,→ stable,→ stable,99.5,🚨 EMERGENCY,True,NONE,3.1,0.0,NONE
1779689592.249,81.7,91.0,31.8,6961.0,45.2,13.81,31.8,32.3,31.7,31.9,optimal,optimal,optimal,danger,optimal,optimal,→ stable,→ stable,→ stable,99.5,🚨 EMERGENCY,True,NONE,3.7,0.0,NONE
1779689593.251,79.1,88.8,32.3,7012.0,44.7,13.81,32.2,31.9,32.0,31.7,optimal,optimal,optimal,danger,optimal,optimal,→ stable,→ stable,→ stable,99.5,🚨 EMERGENCY,True,NONE,3.1,0.7,NONE
1779689594.251,81.9,89.2,31.7,7028.0,44.5,13.8,32.1,32.3,32.1,31.7,optimal,optimal,optimal,danger,optimal,optimal,→ stable,→ stable,→ stable,99.5,🚨 EMERGENCY,True,NONE,3.9,0.3,NONE
1779689595.252,79.4,89.8,31.9,7039.0,44.7,13.83,32.2,31.6,32.1,32.3,optimal,optimal,optimal,danger,optimal,optimal,→ stable,→ stable,→ stable,99.5,🚨 EMERGENCY,True,NONE,3.5,0.0,NONE
1779689596.253,80.1,89.4,32.2,6960.0,45.9,13.79,32.2,31.6,32.3,31.9,optimal,optimal,optimal,danger,optimal,optimal,→ stable,→ stable,→ stable,99.5,🚨 EMERGENCY,True,NONE,3.2,0.2,NONE
1779689597.255,77.6,91.4,32.2,7043.0,44.6,13.82,32.0,31.7,31.8,31.9,optimal,optimal,optimal,danger,optimal,optimal,→ stable,→ stable,→ stable,99.5,🚨 EMERGENCY,True,NONE,3.1,0.0,NONE
1779689598.255,82.6,90.2,32.3,7044.0,45.7,13.82,31.9,31.9,31.7,31.8,optimal,optimal,optimal,danger,optimal,optimal,→ stable,→ stable,→ stable,99.5,🚨 EMERGENCY,True,NONE,3.2,0.0,NONE
1779689599.257,79.0,91.3,32.1,6978.0,45.1,13.78,32.2,32.2,31.6,32.0,optimal,optimal,optimal,danger,optimal,optimal,→ stable,→ stable,→ stable,99.5,🚨 EMERGENCY,True,NONE,3.3,0.0,NONE
1779689600.258,77.4,89.8,32.1,6967.0,44.4,13.77,32.0,32.0,32.0,32.0,optimal,optimal,optimal,danger,optimal,optimal,→ stable,→ stable,→ stable,99.5,🚨 EMERGENCY,True,NONE,3.2,0.0,NONE
1779689601.258,82.5,89.5,32.2,6997.0,44.3,13.78,31.7,31.8,31.7,32.4,optimal,optimal,optimal,danger,optimal,optimal,↑ increasing,→ stable,→ stable,99.5,🚨 EMERGENCY,True,NONE,3.3,0.1,NONE
1779689602.26,78.1,89.8,31.7,6999.0,45.8,13.85,32.2,32.2,31.7,31.7,optimal,optimal,optimal,danger,optimal,optimal,→ stable,↓ decreasing,→ stable,99.5,🚨 EMERGENCY,True,NONE,3.7,0.0,NONE
1779689603.26,77.3,90.1,32.0,7041.0,45.7,13.78,32.1,31.8,32.4,31.9,optimal,optimal,optimal,danger,optimal,optimal,→ stable,→ stable,→ stable,99.5,🚨 EMERGENCY,True,NONE,3.3,0.0,NONE
1779689604.262,77.8,89.1,31.9,6969.0,44.3,13.81,32.2,31.7,31.9,31.6,optimal,optimal,optimal,danger,optimal,optimal,↓ decreasing,→ stable,→ stable,99.5,🚨 EMERGENCY,True,NONE,3.4,0.4,NONE
1779689605.262,81.9,89.6,32.1,7034.0,44.1,13.79,32.3,32.0,31.9,31.7,optimal,optimal,optimal,danger,optimal,optimal,↓ decreasing,→ stable,→ stable,99.5,🚨 EMERGENCY,True,NONE,3.4,0.1,NONE
1779689606.263,78.3,91.2,32.2,6984.0,44.9,13.81,32.2,31.9,31.7,31.9,optimal,optimal,optimal,danger,optimal,optimal,↓ decreasing,→ stable,→ stable,99.5,🚨 EMERGENCY,True,NONE,3.1,0.0,NONE
1779689607.264,82.2,88.9,31.9,6990.0,44.8,13.75,32.2,32.4,32.4,32.0,optimal,optimal,optimal,danger,optimal,optimal,→ stable,→ stable,→ stable,99.5,🚨 EMERGENCY,True,NONE,3.6,0.6,NONE
1779689608.266,80.8,91.2,32.2,7013.0,44.5,13.78,31.8,32.2,31.7,31.7,optimal,optimal,optimal,danger,optimal,optimal,→ stable,→ stable,→ stable,99.5,🚨 EMERGENCY,True,NONE,3.2,0.0,NONE
1779689609.266,78.7,89.6,31.8,7048.0,45.8,13.82,31.9,32.0,32.1,32.2,optimal,optimal,optimal,danger,optimal,optimal,→ stable,→ stable,→ stable,99.5,🚨 EMERGENCY,True,NONE,3.6,0.1,NONE
1779689610.267,80.1,90.7,31.8,7007.0,45.9,13.8,32.1,31.8,31.7,31.7,optimal,optimal,optimal,danger,optimal,optimal,→ stable,→ stable,→ stable,99.5,🚨 EMERGENCY,True,NONE,3.7,0.0,NONE
1779689611.268,78.2,89.8,31.8,6959.0,45.0,13.76,31.9,31.7,31.7,32.0,optimal,optimal,optimal,danger,optimal,optimal,↓ decreasing,→ stable,→ stable,99.5,🚨 EMERGENCY,True,NONE,3.6,0.0,NONE
1779689612.27,77.8,91.1,31.9,6976.0,44.2,13.81,32.4,32.2,32.3,31.6,optimal,optimal,optimal,danger,optimal,optimal,→ stable,→ stable,→ stable,99.5,🚨 EMERGENCY,True,NONE,3.4,0.0,NONE
1779689613.271,82.5,89.5,31.8,7040.0,45.4,13.81,32.1,32.2,31.7,31.6,optimal,optimal,optimal,danger,optimal,optimal,→ stable,→ stable,→ stable,99.5,🚨 EMERGENCY,True,NONE,3.8,0.1,NONE
1779689614.271,81.0,91.1,32.1,7026.0,45.7,13.83,31.7,31.7,32.2,32.3,optimal,optimal,optimal,danger,optimal,optimal,↑ increasing,→ stable,→ stable,99.5,🚨 EMERGENCY,True,NONE,3.4,0.0,NONE
1779689615.272,80.2,89.1,32.2,7034.0,45.2,13.76,31.8,31.8,31.8,31.7,optimal,optimal,optimal,danger,optimal,optimal,↑ increasing,→ stable,→ stable,99.5,🚨 EMERGENCY,True,NONE,3.2,0.4,NONE
1779689616.273,81.4,91.1,32.2,7038.0,44.3,13.82,32.3,32.3,32.4,31.9,optimal,optimal,optimal,danger,optimal,optimal,↑ increasing,→ stable,→ stable,99.5,🚨 EMERGENCY,True,NONE,3.3,0.0,NONE
1779689617.275,80.9,89.9,32.2,7023.0,44.6,13.78,31.8,32.3,32.3,31.7,optimal,optimal,optimal,danger,optimal,optimal,→ stable,→ stable,→ stable,99.5,🚨 EMERGENCY,True,NONE,3.2,0.0,NONE
1779689618.275,77.5,88.9,32.1,6991.0,44.9,13.8,32.1,31.8,31.7,32.4,optimal,optimal,optimal,danger,optimal,optimal,→ stable,→ stable,→ stable,99.5,🚨 EMERGENCY,True,NONE,3.2,0.6,NONE
1779689619.276,82.2,89.1,31.9,7043.0,45.3,13.75,32.0,31.6,31.9,31.8,optimal,optimal,optimal,danger,optimal,optimal,↑ increasing,→ stable,→ stable,99.5,🚨 EMERGENCY,True,NONE,3.6,0.4,NONE
1779689620.278,80.5,88.9,32.0,6969.0,45.4,13.85,31.6,32.3,32.1,32.0,optimal,optimal,optimal,danger,optimal,optimal,→ stable,→ stable,→ stable,99.5,🚨 EMERGENCY,True,NONE,3.5,0.6,NONE
1779689621.278,78.2,88.6,31.9,7047.0,44.9,13.82,31.6,31.7,32.3,31.7,optimal,optimal,optimal,danger,optimal,optimal,↑ increasing,→ stable,→ stable,99.5,🚨 EMERGENCY,True,NONE,3.5,1.0,NONE
1779689622.279,77.5,89.7,31.9,7048.0,44.9,13.76,31.9,31.6,31.9,31.6,optimal,optimal,optimal,danger,optimal,optimal,↑ increasing,↓ decreasing,→ stable,99.5,🚨 EMERGENCY,True,NONE,3.4,0.0,NONE
1779689623.28,80.3,88.7,32.0,6983.0,44.5,13.82,32.3,32.3,32.4,32.0,optimal,optimal,optimal,danger,optimal,optimal,→ stable,↓ decreasing,→ stable,99.5,🚨 EMERGENCY,True,NONE,3.4,0.8,NONE
1779689624.282,82.3,91.2,31.8,7041.0,45.3,13.84,32.3,31.7,32.0,31.7,optimal,optimal,optimal,danger,optimal,optimal,→ stable,↓ decreasing,→ stable,99.5,🚨 EMERGENCY,True,NONE,3.8,0.0,NONE
1779689625.284,79.6,91.5,32.0,7018.0,45.3,13.85,32.1,32.1,32.3,32.2,optimal,optimal,optimal,danger,optimal,optimal,→ stable,→ stable,→ stable,99.5,🚨 EMERGENCY,True,NONE,3.4,0.0,NONE
1779689626.285,82.2,90.8,31.8,7027.0,45.7,13.84,32.3,32.2,31.7,31.8,optimal,optimal,optimal,danger,optimal,optimal,→ stable,→ stable,→ stable,99.5,🚨 EMERGENCY,True,NONE,3.8,0.0,NONE
1779689627.287,79.0,90.0,32.3,7033.0,45.1,13.83,31.7,31.9,32.2,32.3,optimal,optimal,optimal,danger,optimal,optimal,→ stable,↓ decreasing,→ stable,99.5,🚨 EMERGENCY,True,NONE,3.0,0.0,NONE
1779689628.288,80.3,91.4,31.7,6976.0,45.1,13.85,31.6,32.0,32.2,31.8,optimal,optimal,optimal,danger,optimal,optimal,→ stable,→ stable,→ stable,99.5,🚨 EMERGENCY,True,NONE,3.8,0.0,NONE
1779689629.288,78.5,90.6,31.7,7000.0,45.8,13.83,32.2,31.9,32.2,32.1,optimal,optimal,optimal,danger,optimal,optimal,→ stable,→ stable,→ stable,99.5,🚨 EMERGENCY,True,NONE,3.7,0.0,NONE
1779689630.289,80.3,90.5,32.4,7048.0,44.9,13.82,32.4,31.9,31.6,32.2,optimal,optimal,optimal,danger,optimal,optimal,→ stable,→ stable,→ stable,99.5,🚨 EMERGENCY,True,NONE,3.0,0.0,NONE
1779689631.291,80.4,91.2,31.8,6988.0,45.3,13.83,32.0,32.3,31.6,32.2,optimal,optimal,optimal,danger,optimal,optimal,→ stable,↑ increasing,→ stable,99.5,🚨 EMERGENCY,True,NONE,3.7,0.0,NONE
1779689632.292,82.8,91.4,31.7,6987.0,44.1,13.85,32.0,31.6,32.4,31.8,optimal,optimal,optimal,danger,optimal,optimal,→ stable,↑ increasing,→ stable,99.5,🚨 EMERGENCY,True,NONE,3.9,0.0,NONE
1779689633.292,80.3,89.0,32.1,7036.0,45.2,13.82,31.7,32.2,32.0,31.6,optimal,optimal,optimal,danger,optimal,optimal,↑ increasing,↑ increasing,→ stable,99.5,🚨 EMERGENCY,True,NONE,3.3,0.5,NONE
1779689634.294,82.2,89.7,32.2,6978.0,44.3,13.85,32.0,32.3,32.3,31.7,optimal,optimal,optimal,danger,optimal,optimal,→ stable,↑ increasing,→ stable,99.5,🚨 EMERGENCY,True,NONE,3.3,0.0,NONE
1779689635.294,79.1,91.3,32.2,6961.0,45.8,13.82,31.6,31.6,31.9,32.4,optimal,optimal,optimal,danger,optimal,optimal,→ stable,↑ increasing,→ stable,99.5,🚨 EMERGENCY,True,NONE,3.2,0.0,NONE
1779689636.296,79.6,90.7,31.7,6964.0,44.8,13.77,32.2,32.3,31.8,31.6,optimal,optimal,optimal,danger,optimal,optimal,→ stable,↑ increasing,→ stable,99.5,🚨 EMERGENCY,True,NONE,3.8,0.0,NONE
1779689637.297,78.0,90.8,32.2,7045.0,44.8,13.84,31.7,32.2,32.1,32.1,optimal,optimal,optimal,danger,optimal,optimal,→ stable,↑ increasing,→ stable,99.5,🚨 EMERGENCY,True,NONE,3.1,0.0,NONE
1779689638.297,79.8,88.9,31.7,6967.0,45.7,13.83,32.1,32.4,32.1,32.4,optimal,optimal,optimal,danger,optimal,optimal,→ stable,→ stable,→ stable,99.5,🚨 EMERGENCY,True,NONE,3.8,0.6,NONE
1779689639.299,79.3,88.9,31.6,6951.0,44.5,13.82,31.8,31.9,32.2,31.8,optimal,optimal,optimal,danger,optimal,optimal,→ stable,→ stable,→ stable,99.5,🚨 EMERGENCY,True,NONE,3.9,0.6,NONE
1779689640.299,78.9,91.2,31.7,6968.0,45.9,13.76,32.3,32.1,31.8,31.6,optimal,optimal,optimal,danger,optimal,optimal,→ stable,→ stable,→ stable,99.5,🚨 EMERGENCY,True,NONE,3.7,0.0,NONE
1779689641.301,78.0,88.7,31.6,6962.0,44.8,13.77,31.9,32.3,32.0,31.8,optimal,optimal,optimal,danger,optimal,optimal,→ stable,→ stable,→ stable,99.5,🚨 EMERGENCY,True,NONE,3.8,0.8,NONE
1779689642.302,79.2,90.2,32.3,7031.0,45.1,13.76,31.6,31.8,32.3,32.1,optimal,optimal,optimal,danger,optimal,optimal,↓ decreasing,↓ decreasing,→ stable,99.5,🚨 EMERGENCY,True,NONE,3.1,0.0,NONE
1779689643.304,82.3,89.6,32.3,6996.0,44.2,13.84,31.9,31.8,31.7,31.6,optimal,optimal,optimal,danger,optimal,optimal,↓ decreasing,↓ decreasing,→ stable,99.5,🚨 EMERGENCY,True,NONE,3.2,0.1,NONE
1779689644.304,81.2,89.9,32.0,7042.0,45.1,13.78,32.1,32.3,32.1,31.8,optimal,optimal,optimal,danger,optimal,optimal,↓ decreasing,↓ decreasing,→ stable,99.5,🚨 EMERGENCY,True,NONE,3.5,0.0,NONE
1779689645.305,77.7,91.3,32.3,7044.0,45.9,13.79,31.8,32.1,32.2,31.6,optimal,optimal,optimal,danger,optimal,optimal,↓ decreasing,↓ decreasing,→ stable,99.5,🚨 EMERGENCY,True,NONE,3.0,0.0,NONE
1779689646.307,82.5,89.5,31.8,7039.0,44.6,13.81,32.3,32.0,32.0,32.3,optimal,optimal,optimal,danger,optimal,optimal,↓ decreasing,↓ decreasing,→ stable,99.5,🚨 EMERGENCY,True,NONE,3.8,0.1,NONE
1779689647.309,78.4,90.6,32.2,7019.0,44.4,13.76,31.8,32.3,32.0,31.9,optimal,optimal,optimal,danger,optimal,optimal,→ stable,↓ decreasing,→ stable,99.5,🚨 EMERGENCY,True,NONE,3.1,0.0,NONE
1779689648.309,78.3,88.8,32.3,6983.0,45.8,13.84,31.8,32.0,32.1,31.9,optimal,optimal,optimal,danger,optimal,optimal,↓ decreasing,↓ decreasing,→ stable,99.5,🚨 EMERGENCY,True,NONE,3.0,0.7,NONE
1779689649.311,81.1,89.0,32.0,7023.0,44.9,13.84,32.3,32.0,31.9,31.7,optimal,optimal,optimal,danger,optimal,optimal,→ stable,→ stable,→ stable,99.5,🚨 EMERGENCY,True,NONE,3.5,0.5,NONE
1779689650.311,81.0,89.8,31.7,6998.0,45.9,13.81,31.9,32.4,32.0,32.1,optimal,optimal,optimal,danger,optimal,optimal,→ stable,↓ decreasing,→ stable,99.5,🚨 EMERGENCY,True,NONE,3.8,0.0,NONE
1779689651.313,78.1,89.7,32.2,6974.0,44.3,13.85,31.9,32.2,32.1,31.8,optimal,optimal,optimal,danger,optimal,optimal,→ stable,→ stable,→ stable,99.5,🚨 EMERGENCY,True,NONE,3.1,0.0,NONE
1779689652.313,79.8,91.0,32.1,6966.0,45.6,13.79,31.6,31.8,32.3,31.8,optimal,optimal,optimal,danger,optimal,optimal,↑ increasing,→ stable,→ stable,99.5,🚨 EMERGENCY,True,NONE,3.3,0.0,NONE
1779689653.315,81.7,90.8,32.2,7012.0,45.8,13.79,31.7,32.0,32.0,32.1,optimal,optimal,optimal,danger,optimal,optimal,→ stable,→ stable,→ stable,99.5,🚨 EMERGENCY,True,NONE,3.3,0.0,NONE
1779689654.317,77.9,90.1,32.1,7003.0,44.5,13.83,31.8,32.2,31.8,32.1,optimal,optimal,optimal,danger,optimal,optimal,→ stable,→ stable,→ stable,99.5,🚨 EMERGENCY,True,NONE,3.2,0.0,NONE
1779689655.319,78.7,89.9,31.9,7009.0,45.8,13.79,32.2,31.7,31.9,31.9,optimal,optimal,optimal,danger,optimal,optimal,→ stable,→ stable,→ stable,99.5,🚨 EMERGENCY,True,NONE,3.5,0.0,NONE
1779689656.32,78.8,90.0,31.6,7013.0,45.6,13.76,31.7,31.8,31.7,31.6,optimal,optimal,optimal,danger,optimal,optimal,→ stable,→ stable,→ stable,99.5,🚨 EMERGENCY,True,NONE,3.8,0.0,NONE
1779689657.321,77.9,89.7,32.3,6969.0,45.5,13.81,32.1,31.9,31.8,32.2,optimal,optimal,optimal,danger,optimal,optimal,→ stable,→ stable,→ stable,99.5,🚨 EMERGENCY,True,NONE,3.0,0.0,NONE
1779689658.323,80.9,89.8,31.8,7021.0,44.7,13.84,32.1,32.0,31.9,31.9,optimal,optimal,optimal,danger,optimal,optimal,→ stable,→ stable,→ stable,99.5,🚨 EMERGENCY,True,NONE,3.7,0.0,NONE
1779689659.324,77.7,88.8,31.7,7000.0,44.3,13.81,32.2,31.9,31.8,32.0,optimal,optimal,optimal,danger,optimal,optimal,↓ decreasing,→ stable,→ stable,99.5,🚨 EMERGENCY,True,NONE,3.7,0.7,NONE
1779689660.324,82.9,90.1,31.8,7012.0,44.9,13.76,31.8,32.2,32.1,32.3,optimal,optimal,optimal,danger,optimal,optimal,↓ decreasing,→ stable,→ stable,99.5,🚨 EMERGENCY,True,NONE,3.8,0.0,NONE
1779689661.325,79.2,89.2,32.4,7014.0,44.8,13.8,32.2,32.0,32.3,32.0,optimal,optimal,optimal,danger,optimal,optimal,→ stable,→ stable,→ stable,99.5,🚨 EMERGENCY,True,NONE,2.9,0.3,NONE
1779689662.327,77.9,89.3,32.1,7009.0,44.5,13.82,32.3,31.9,32.3,32.2,optimal,optimal,optimal,danger,optimal,optimal,↓ decreasing,→ stable,→ stable,99.5,🚨 EMERGENCY,True,NONE,3.2,0.2,NONE
1779689663.327,77.5,89.6,31.7,6956.0,44.9,13.8,31.9,31.8,32.3,31.6,optimal,optimal,optimal,danger,optimal,optimal,↓ decreasing,→ stable,→ stable,99.5,🚨 EMERGENCY,True,NONE,3.7,0.1,NONE
1779689664.329,77.1,89.2,32.2,7044.0,45.0,13.76,32.3,32.0,31.7,31.7,optimal,optimal,optimal,danger,optimal,optimal,↓ decreasing,→ stable,→ stable,99.5,🚨 EMERGENCY,True,NONE,3.1,0.3,NONE
1779689665.33,79.4,90.7,31.9,6987.0,45.7,13.76,31.8,31.7,32.2,31.8,optimal,optimal,optimal,danger,optimal,optimal,↓ decreasing,→ stable,→ stable,99.5,🚨 EMERGENCY,True,NONE,3.5,0.0,NONE
1779689666.331,78.0,89.7,31.7,7022.0,45.4,13.8,31.9,32.1,31.6,32.1,optimal,optimal,optimal,danger,optimal,optimal,↓ decreasing,→ stable,→ stable,99.5,🚨 EMERGENCY,True,NONE,3.7,0.0,NONE
1779689667.332,78.4,88.9,31.6,7037.0,45.9,13.8,31.7,31.6,31.8,31.8,optimal,optimal,optimal,danger,optimal,optimal,→ stable,→ stable,→ stable,99.5,🚨 EMERGENCY,True,NONE,3.8,0.6,NONE
1779689668.334,79.7,89.9,31.9,7045.0,44.7,13.81,31.6,31.7,32.0,31.9,optimal,optimal,optimal,danger,optimal,optimal,↓ decreasing,→ stable,→ stable,99.5,🚨 EMERGENCY,True,NONE,3.5,0.0,NONE
1779689669.336,78.2,88.6,31.9,6982.0,44.2,13.84,32.1,32.0,31.7,32.0,optimal,optimal,optimal,danger,optimal,optimal,→ stable,→ stable,→ stable,99.5,🚨 EMERGENCY,True,NONE,3.5,1.0,NONE
1779689670.336,77.7,90.0,32.2,6968.0,46.0,13.83,31.8,32.1,32.2,32.4,optimal,optimal,optimal,danger,optimal,optimal,↓ decreasing,→ stable,→ stable,99.5,🚨 EMERGENCY,True,NONE,3.1,0.0,NONE
1779689671.338,79.8,90.4,32.3,6985.0,45.6,13.76,31.8,32.4,32.4,32.2,optimal,optimal,optimal,danger,optimal,optimal,↓ decreasing,→ stable,→ stable,99.5,🚨 EMERGENCY,True,NONE,3.1,0.0,NONE
1779689672.339,80.9,90.7,32.2,6983.0,44.6,13.81,31.8,32.3,31.9,32.4,optimal,optimal,optimal,danger,optimal,optimal,↓ decreasing,→ stable,→ stable,99.5,🚨 EMERGENCY,True,NONE,3.2,0.0,NONE
1779689673.339,81.9,88.9,32.1,6952.0,45.8,13.76,32.1,32.0,31.8,32.0,optimal,optimal,optimal,danger,optimal,optimal,→ stable,→ stable,→ stable,99.5,🚨 EMERGENCY,True,NONE,3.4,0.6,NONE
1779689674.341,82.0,90.7,32.4,6975.0,44.0,13.84,31.7,32.2,31.7,31.8,optimal,optimal,optimal,danger,optimal,optimal,↑ increasing,→ stable,→ stable,99.5,🚨 EMERGENCY,True,NONE,3.0,0.0,NONE
1779689675.341,82.3,89.5,31.9,6987.0,44.2,13.78,32.2,31.7,31.9,32.4,optimal,optimal,optimal,danger,optimal,optimal,↑ increasing,→ stable,→ stable,99.5,🚨 EMERGENCY,True,NONE,3.6,0.1,NONE
1779689676.343,80.4,90.7,32.1,6999.0,45.3,13.75,31.6,32.3,32.1,32.3,optimal,optimal,optimal,danger,optimal,optimal,↑ increasing,→ stable,→ stable,99.5,🚨 EMERGENCY,True,NONE,3.3,0.0,NONE
1779689677.344,80.8,88.8,32.0,6986.0,44.0,13.83,31.9,32.2,31.9,32.1,optimal,optimal,optimal,danger,optimal,optimal,↑ increasing,→ stable,→ stable,99.5,🚨 EMERGENCY,True,NONE,3.5,0.7,NONE
1779689678.346,81.2,89.7,32.1,7025.0,44.6,13.83,32.0,31.8,31.6,31.7,optimal,optimal,optimal,danger,optimal,optimal,↑ increasing,→ stable,→ stable,99.5,🚨 EMERGENCY,True,NONE,3.4,0.0,NONE
1779689679.347,78.1,90.4,31.8,7009.0,44.7,13.81,31.8,31.7,31.9,32.2,optimal,optimal,optimal,danger,optimal,optimal,↑ increasing,→ stable,→ stable,99.5,🚨 EMERGENCY,True,NONE,3.6,0.0,NONE
1779689680.349,77.7,89.6,32.0,6998.0,45.0,13.8,32.1,31.8,31.7,31.7,optimal,optimal,optimal,danger,optimal,optimal,↑ increasing,→ stable,→ stable,99.5,🚨 EMERGENCY,True,NONE,3.3,0.1,NONE
1779689681.35,77.7,89.0,32.0,7020.0,45.3,13.83,32.2,32.2,32.4,31.9,optimal,optimal,optimal,danger,optimal,optimal,↑ increasing,→ stable,→ stable,99.5,🚨 EMERGENCY,True,NONE,3.3,0.5,NONE
1779689682.351,78.2,89.4,31.8,6980.0,45.2,13.75,31.6,32.1,32.1,32.1,optimal,optimal,optimal,danger,optimal,optimal,↑ increasing,→ stable,→ stable,99.5,🚨 EMERGENCY,True,NONE,3.6,0.2,NONE
1779689683.351,77.0,89.4,32.3,6975.0,45.7,13.75,31.7,32.1,32.0,31.7,optimal,optimal,optimal,danger,optimal,optimal,→ stable,→ stable,→ stable,99.5,🚨 EMERGENCY,True,NONE,3.0,0.2,NONE
1779689684.353,78.3,91.3,32.3,6974.0,45.4,13.83,32.0,32.1,31.9,32.3,optimal,optimal,optimal,danger,optimal,optimal,→ stable,→ stable,→ stable,99.5,🚨 EMERGENCY,True,NONE,3.0,0.0,NONE
1779689685.354,80.6,89.1,32.3,6975.0,44.8,13.84,32.3,32.2,32.3,32.0,optimal,optimal,optimal,danger,optimal,optimal,↓ decreasing,→ stable,→ stable,99.5,🚨 EMERGENCY,True,NONE,3.1,0.4,NONE
1779689686.356,79.8,90.9,32.2,6988.0,44.5,13.79,31.8,31.9,31.7,32.1,optimal,optimal,optimal,danger,optimal,optimal,↓ decreasing,→ stable,→ stable,99.5,🚨 EMERGENCY,True,NONE,3.2,0.0,NONE
1779689687.356,78.9,90.9,31.8,6998.0,45.3,13.81,32.3,32.3,31.8,32.2,optimal,optimal,optimal,danger,optimal,optimal,↓ decreasing,→ stable,→ stable,99.5,🚨 EMERGENCY,True,NONE,3.6,0.0,NONE
1779689688.358,80.1,88.8,32.1,6960.0,45.9,13.84,32.2,32.3,31.6,32.0,optimal,optimal,optimal,danger,optimal,optimal,↓ decreasing,→ stable,→ stable,99.5,🚨 EMERGENCY,True,NONE,3.3,0.7,NONE
1779689689.358,82.1,88.7,31.6,7007.0,44.7,13.75,31.8,32.0,32.2,32.4,optimal,optimal,optimal,danger,optimal,optimal,↓ decreasing,→ stable,→ stable,99.5,🚨 EMERGENCY,True,NONE,4.0,0.8,NONE
1779689690.36,82.3,89.1,31.8,7002.0,44.7,13.8,31.8,31.8,32.3,32.4,optimal,optimal,optimal,danger,optimal,optimal,↓ decreasing,→ stable,→ stable,99.5,🚨 EMERGENCY,True,NONE,3.8,0.4,NONE
1779689691.36,80.3,89.1,32.3,6950.0,45.5,13.78,31.9,31.7,32.4,32.1,optimal,optimal,optimal,danger,optimal,optimal,↓ decreasing,→ stable,→ stable,99.5,🚨 EMERGENCY,True,NONE,3.1,0.4,NONE
