timestamp,speed_kmh,engine_temp_c,tire_pressure_psi,engine_rpm,oil_pressure_psi,battery_voltage_v,tire_pressure_fl_psi,tire_pressure_fr_psi,tire_pressure_rl_psi,tire_pressure_rr_psi,speed_status,temp_status,psi_status,rpm_status,oil_status,battery_status,speed_trend,temp_trend,psi_trend,overall_health,health_status,emergency,contradictions,tire_speed_risk,temp_correlation_penalty,alerts
1780088753.718,79.6,90.0,31.7,1465.0,45.2,13.8,32.4,31.6,31.9,32.2,optimal,optimal,optimal,optimal,optimal,optimal,—,—,—,100.0,✅ EXCELLENT,False,NONE,3.8,0.0,NONE
1780088754.719,80.6,90.6,31.8,1504.0,44.4,13.78,31.8,32.1,32.3,32.3,optimal,optimal,optimal,optimal,optimal,optimal,↑ increasing,↑ increasing,→ stable,100.0,✅ EXCELLENT,False,NONE,3.7,0.0,NONE
1780088755.72,78.9,91.2,31.8,1494.0,44.4,13.82,31.6,32.4,31.9,32.0,optimal,optimal,optimal,optimal,optimal,optimal,↓ decreasing,↑ increasing,→ stable,100.0,✅ EXCELLENT,False,NONE,3.6,0.0,NONE
1780088756.721,77.1,89.7,32.1,1504.0,45.3,13.79,32.2,31.7,32.3,31.9,optimal,optimal,optimal,optimal,optimal,optimal,↓ decreasing,→ stable,→ stable,100.0,✅ EXCELLENT,False,NONE,3.2,0.0,NONE
1780088757.723,81.8,89.7,32.0,1496.0,45.2,13.78,32.2,31.9,31.6,31.7,optimal,optimal,optimal,optimal,optimal,optimal,↑ increasing,→ stable,→ stable,100.0,✅ EXCELLENT,False,NONE,3.5,0.0,NONE
1780088758.724,79.5,90.3,32.0,1467.0,44.4,13.79,32.1,31.9,32.4,32.1,optimal,optimal,optimal,optimal,optimal,optimal,→ stable,→ stable,→ stable,100.0,✅ EXCELLENT,False,NONE,3.4,0.0,NONE
1780088759.725,79.5,88.9,32.2,1512.0,44.7,13.76,32.1,32.0,32.1,31.7,optimal,optimal,optimal,optimal,optimal,optimal,→ stable,↓ decreasing,→ stable,100.0,✅ EXCELLENT,False,NONE,3.2,0.6,NONE
1780088760.727,82.7,90.9,31.8,1535.0,45.5,13.78,31.8,31.8,32.0,31.8,optimal,optimal,optimal,optimal,optimal,optimal,↑ increasing,↑ increasing,→ stable,100.0,✅ EXCELLENT,False,NONE,3.8,0.0,NONE
1780088761.728,77.4,89.8,32.1,1519.0,44.1,13.84,31.6,32.3,32.1,32.1,optimal,optimal,optimal,optimal,optimal,optimal,↓ decreasing,→ stable,→ stable,100.0,✅ EXCELLENT,False,NONE,3.2,0.0,NONE
1780088762.729,81.8,89.5,32.0,1540.0,44.1,13.76,31.9,31.8,31.9,31.9,optimal,optimal,optimal,optimal,optimal,optimal,↑ increasing,→ stable,→ stable,100.0,✅ EXCELLENT,False,NONE,3.5,0.1,NONE
1780088763.731,80.4,90.1,32.0,1539.0,45.2,13.77,31.8,31.8,31.9,32.3,optimal,optimal,optimal,optimal,optimal,optimal,↑ increasing,→ stable,→ stable,100.0,✅ EXCELLENT,False,NONE,3.4,0.0,NONE
1780088764.733,80.9,91.2,32.0,1544.0,44.8,13.83,32.2,31.9,31.8,32.0,optimal,optimal,optimal,optimal,optimal,optimal,↑ increasing,↑ increasing,→ stable,100.0,✅ EXCELLENT,False,NONE,3.5,0.0,NONE
1780088765.734,79.8,89.9,31.8,1478.0,44.3,13.84,32.1,32.3,31.6,32.2,optimal,optimal,optimal,optimal,optimal,optimal,→ stable,→ stable,→ stable,100.0,✅ EXCELLENT,False,NONE,3.6,0.0,NONE
1780088766.734,80.5,91.4,31.9,1468.0,44.3,13.84,31.7,32.1,32.4,32.1,optimal,optimal,optimal,optimal,optimal,optimal,↑ increasing,↑ increasing,→ stable,100.0,✅ EXCELLENT,False,NONE,3.6,0.0,NONE
1780088767.735,77.7,90.8,32.3,1515.0,45.9,13.8,32.3,32.1,32.1,31.9,optimal,optimal,optimal,optimal,optimal,optimal,↓ decreasing,↑ increasing,↑ increasing,100.0,✅ EXCELLENT,False,NONE,3.0,0.0,NONE
1780088768.737,78.6,90.1,32.3,1512.0,44.1,13.82,31.6,32.3,32.2,31.8,optimal,optimal,optimal,optimal,optimal,optimal,↓ decreasing,→ stable,↑ increasing,100.0,✅ EXCELLENT,False,NONE,3.0,0.0,NONE
1780088769.739,81.3,88.8,32.3,1533.0,45.1,13.83,32.2,31.7,32.2,32.4,optimal,optimal,optimal,optimal,optimal,optimal,↑ increasing,↓ decreasing,↑ increasing,100.0,✅ EXCELLENT,False,NONE,3.1,0.7,NONE
1780088770.739,77.3,89.5,32.0,1517.0,45.2,13.83,31.8,31.7,32.1,32.0,optimal,optimal,optimal,optimal,optimal,optimal,↓ decreasing,→ stable,→ stable,100.0,✅ EXCELLENT,False,NONE,3.3,0.1,NONE
1780088771.74,77.1,88.9,31.7,1469.0,45.7,13.79,32.3,31.8,31.9,32.1,optimal,optimal,optimal,optimal,optimal,optimal,↓ decreasing,↓ decreasing,→ stable,100.0,✅ EXCELLENT,False,NONE,3.6,0.6,NONE
1780088772.742,81.7,90.8,32.0,1479.0,45.5,13.8,31.9,32.0,31.7,32.1,optimal,optimal,optimal,optimal,optimal,optimal,→ stable,→ stable,→ stable,100.0,✅ EXCELLENT,False,NONE,3.5,0.0,NONE
1780088773.744,79.3,89.7,32.0,1516.0,44.8,13.76,31.7,32.2,31.8,32.4,optimal,optimal,optimal,optimal,optimal,optimal,↓ decreasing,→ stable,→ stable,100.0,✅ EXCELLENT,False,NONE,3.4,0.0,NONE
1780088774.746,80.1,89.7,31.8,1489.0,44.2,13.8,31.8,31.9,32.1,31.9,optimal,optimal,optimal,optimal,optimal,optimal,↓ decreasing,→ stable,→ stable,100.0,✅ EXCELLENT,False,NONE,3.7,0.0,NONE
1780088775.746,81.0,90.4,32.2,1499.0,44.4,13.83,32.2,32.1,32.0,31.7,optimal,optimal,optimal,optimal,optimal,optimal,↓ decreasing,→ stable,→ stable,100.0,✅ EXCELLENT,False,NONE,3.2,0.0,NONE
1780088776.747,80.9,91.3,31.7,1495.0,45.4,13.75,32.2,31.8,32.2,32.3,optimal,optimal,optimal,optimal,optimal,optimal,↓ decreasing,→ stable,→ stable,100.0,✅ EXCELLENT,False,NONE,3.8,0.0,NONE
1780088777.749,78.6,88.6,31.9,1479.0,44.2,13.8,31.7,32.1,31.9,31.7,optimal,optimal,optimal,optimal,optimal,optimal,→ stable,→ stable,→ stable,100.0,✅ EXCELLENT,False,NONE,3.5,1.0,NONE
1780088778.75,80.5,88.5,32.3,1487.0,45.7,13.83,31.6,31.8,31.8,31.9,optimal,optimal,optimal,optimal,optimal,optimal,→ stable,↓ decreasing,→ stable,100.0,✅ EXCELLENT,False,NONE,3.1,1.1,NONE
1780088779.751,80.2,89.4,32.2,1509.0,45.9,13.75,32.0,32.3,32.2,31.8,optimal,optimal,optimal,optimal,optimal,optimal,→ stable,↓ decreasing,→ stable,100.0,✅ EXCELLENT,False,NONE,3.2,0.2,NONE
1780088780.753,78.2,90.8,31.9,1475.0,45.7,13.83,32.4,31.8,32.3,31.7,optimal,optimal,optimal,optimal,optimal,optimal,→ stable,→ stable,→ stable,100.0,✅ EXCELLENT,False,NONE,3.5,0.0,NONE
1780088781.754,79.5,89.4,32.2,1466.0,44.0,13.76,32.1,31.9,31.9,32.0,optimal,optimal,optimal,optimal,optimal,optimal,→ stable,→ stable,→ stable,100.0,✅ EXCELLENT,False,NONE,3.2,0.2,NONE
1780088782.756,78.4,91.5,31.6,1516.0,45.8,13.79,32.3,32.0,31.8,32.1,optimal,optimal,optimal,optimal,optimal,optimal,→ stable,→ stable,→ stable,100.0,✅ EXCELLENT,False,NONE,3.8,0.0,NONE
1780088784.122,80.6,90.9,31.7,1460.0,45.1,13.77,32.2,32.3,32.2,31.8,optimal,optimal,optimal,optimal,optimal,optimal,→ stable,→ stable,→ stable,100.0,✅ EXCELLENT,False,NONE,3.8,0.0,NONE
1780088785.122,78.3,90.7,31.9,1479.0,44.1,13.77,31.8,31.7,32.1,32.3,optimal,optimal,optimal,optimal,optimal,optimal,→ stable,→ stable,→ stable,100.0,✅ EXCELLENT,False,NONE,3.5,0.0,NONE
1780088786.124,78.3,88.8,32.0,1464.0,46.0,13.84,32.2,31.9,32.3,32.0,optimal,optimal,optimal,optimal,optimal,optimal,→ stable,→ stable,→ stable,100.0,✅ EXCELLENT,False,NONE,3.4,0.7,NONE
1780088787.125,79.7,89.3,32.3,1482.0,44.5,13.75,32.3,32.0,32.1,31.7,optimal,optimal,optimal,optimal,optimal,optimal,→ stable,→ stable,→ stable,100.0,✅ EXCELLENT,False,NONE,3.1,0.2,NONE
1780088788.125,81.6,90.2,32.1,1499.0,44.2,13.81,31.8,31.8,32.0,32.0,optimal,optimal,optimal,optimal,optimal,optimal,→ stable,→ stable,→ stable,100.0,✅ EXCELLENT,False,NONE,3.4,0.0,NONE
1780088789.127,80.0,90.4,31.9,1492.0,45.7,13.76,32.1,32.4,32.0,32.1,optimal,optimal,optimal,optimal,optimal,optimal,→ stable,↑ increasing,→ stable,100.0,✅ EXCELLENT,False,NONE,3.5,0.0,NONE
1780088790.128,80.3,89.0,31.8,1522.0,44.4,13.76,31.6,32.0,32.1,31.8,optimal,optimal,optimal,optimal,optimal,optimal,→ stable,→ stable,→ stable,100.0,✅ EXCELLENT,False,NONE,3.7,0.5,NONE
1780088791.13,82.0,89.2,32.2,1512.0,46.0,13.79,31.7,32.4,31.7,31.9,optimal,optimal,optimal,optimal,optimal,optimal,→ stable,→ stable,→ stable,100.0,✅ EXCELLENT,False,NONE,3.3,0.3,NONE
1780088792.131,80.7,91.0,32.1,1531.0,45.5,13.82,31.8,32.2,31.6,32.0,optimal,optimal,optimal,optimal,optimal,optimal,→ stable,→ stable,→ stable,100.0,✅ EXCELLENT,False,NONE,3.3,0.0,NONE
1780088793.133,78.1,88.6,32.1,1492.0,44.1,13.79,32.3,32.1,31.6,31.8,optimal,optimal,optimal,optimal,optimal,optimal,→ stable,→ stable,→ stable,100.0,✅ EXCELLENT,False,NONE,3.2,1.0,NONE
1780088794.134,78.7,90.2,31.8,1530.0,45.1,13.84,32.2,31.7,32.3,32.1,optimal,optimal,optimal,optimal,optimal,optimal,→ stable,→ stable,→ stable,100.0,✅ EXCELLENT,False,NONE,3.6,0.0,NONE
1780088795.136,78.7,90.1,31.9,1464.0,45.5,13.83,32.1,31.9,31.9,31.6,optimal,optimal,optimal,optimal,optimal,optimal,→ stable,→ stable,→ stable,100.0,✅ EXCELLENT,False,NONE,3.5,0.0,NONE
1780088796.138,82.1,90.2,32.2,1459.0,44.4,13.83,32.1,31.8,31.9,32.3,optimal,optimal,optimal,optimal,optimal,optimal,↑ increasing,→ stable,→ stable,100.0,✅ EXCELLENT,False,NONE,3.3,0.0,NONE
1780088797.14,80.0,90.1,32.4,1546.0,45.5,13.77,32.3,32.0,31.7,32.3,optimal,optimal,optimal,optimal,optimal,optimal,↑ increasing,→ stable,→ stable,100.0,✅ EXCELLENT,False,NONE,3.0,0.0,NONE
1780088798.141,79.2,90.5,32.0,1546.0,44.6,13.75,31.9,32.0,32.0,31.9,optimal,optimal,optimal,optimal,optimal,optimal,→ stable,→ stable,→ stable,100.0,✅ EXCELLENT,False,NONE,3.4,0.0,NONE
1780088799.143,80.8,90.4,32.2,1500.0,44.6,13.84,32.3,32.0,31.7,31.8,optimal,optimal,optimal,optimal,optimal,optimal,↑ increasing,→ stable,→ stable,100.0,✅ EXCELLENT,False,NONE,3.2,0.0,NONE
1780088800.144,77.9,90.3,32.2,1471.0,44.0,13.75,31.9,32.3,32.3,31.6,optimal,optimal,optimal,optimal,optimal,optimal,→ stable,→ stable,→ stable,100.0,✅ EXCELLENT,False,NONE,3.1,0.0,NONE
1780088801.146,81.9,89.9,31.7,1486.0,44.1,13.81,31.6,32.3,32.0,31.9,optimal,optimal,optimal,optimal,optimal,optimal,→ stable,→ stable,→ stable,100.0,✅ EXCELLENT,False,NONE,3.9,0.0,NONE
1780088802.148,78.5,90.7,32.0,1550.0,45.0,13.81,32.2,31.8,32.4,32.0,optimal,optimal,optimal,optimal,optimal,optimal,→ stable,→ stable,→ stable,100.0,✅ EXCELLENT,False,NONE,3.4,0.0,NONE
1780088803.149,79.2,89.7,32.3,1490.0,45.4,13.8,32.3,32.2,31.9,31.7,optimal,optimal,optimal,optimal,optimal,optimal,→ stable,→ stable,→ stable,100.0,✅ EXCELLENT,False,NONE,3.1,0.0,NONE
1780088804.15,77.8,88.6,32.2,1537.0,44.8,13.84,32.3,32.3,32.0,31.8,optimal,optimal,optimal,optimal,optimal,optimal,→ stable,→ stable,→ stable,100.0,✅ EXCELLENT,False,NONE,3.1,1.0,NONE
1780088805.152,82.8,89.3,32.0,1515.0,44.1,13.78,32.4,31.6,32.1,31.8,optimal,optimal,optimal,optimal,optimal,optimal,→ stable,→ stable,→ stable,100.0,✅ EXCELLENT,False,NONE,3.5,0.2,NONE
1780088806.153,80.8,91.1,32.0,1534.0,44.3,13.8,32.0,32.1,32.1,31.7,optimal,optimal,optimal,optimal,optimal,optimal,→ stable,→ stable,→ stable,100.0,✅ EXCELLENT,False,NONE,3.5,0.0,NONE
1780088807.154,82.0,91.4,32.1,1536.0,44.9,13.76,31.7,32.3,32.2,31.8,optimal,optimal,optimal,optimal,optimal,optimal,→ stable,→ stable,→ stable,100.0,✅ EXCELLENT,False,NONE,3.4,0.0,NONE
1780088808.154,79.0,90.1,31.7,1501.0,45.1,13.81,31.8,32.2,31.7,32.2,optimal,optimal,optimal,optimal,optimal,optimal,→ stable,→ stable,→ stable,100.0,✅ EXCELLENT,False,NONE,3.7,0.0,NONE
1780088809.155,77.8,91.2,31.8,1499.0,45.0,13.83,32.2,31.9,32.1,32.3,optimal,optimal,optimal,optimal,optimal,optimal,→ stable,→ stable,→ stable,100.0,✅ EXCELLENT,False,NONE,3.6,0.0,NONE
1780088810.157,80.2,89.8,32.0,1489.0,45.2,13.77,31.9,32.1,32.1,32.3,optimal,optimal,optimal,optimal,optimal,optimal,→ stable,→ stable,→ stable,100.0,✅ EXCELLENT,False,NONE,3.4,0.0,NONE
1780088811.159,79.7,88.7,31.7,1526.0,45.0,13.77,31.8,32.1,31.9,31.8,optimal,optimal,optimal,optimal,optimal,optimal,→ stable,→ stable,→ stable,100.0,✅ EXCELLENT,False,NONE,3.8,0.8,NONE
1780088812.161,79.3,91.0,32.3,1483.0,45.2,13.76,32.2,31.7,31.6,32.3,optimal,optimal,optimal,optimal,optimal,optimal,→ stable,→ stable,→ stable,100.0,✅ EXCELLENT,False,NONE,3.1,0.0,NONE
1780088813.162,78.7,90.1,32.0,1491.0,44.2,13.78,32.0,32.4,31.6,31.7,optimal,optimal,optimal,optimal,optimal,optimal,→ stable,→ stable,→ stable,100.0,✅ EXCELLENT,False,NONE,3.4,0.0,NONE
1780088814.164,78.8,91.2,31.9,1547.0,45.9,13.75,32.2,32.4,32.0,31.6,optimal,optimal,optimal,optimal,optimal,optimal,→ stable,→ stable,→ stable,100.0,✅ EXCELLENT,False,NONE,3.5,0.0,NONE
1780088815.167,81.6,90.9,31.7,1464.0,44.4,13.77,31.6,32.2,32.4,32.0,optimal,optimal,optimal,optimal,optimal,optimal,→ stable,↑ increasing,→ stable,100.0,✅ EXCELLENT,False,NONE,3.8,0.0,NONE
1780088816.168,79.5,88.8,32.2,1470.0,45.0,13.76,31.8,32.4,32.3,32.0,optimal,optimal,optimal,optimal,optimal,optimal,→ stable,→ stable,→ stable,100.0,✅ EXCELLENT,False,NONE,3.2,0.7,NONE
1780088817.169,77.3,88.9,32.1,1475.0,45.5,13.84,31.9,32.3,32.0,32.4,optimal,optimal,optimal,optimal,optimal,optimal,↓ decreasing,→ stable,→ stable,100.0,✅ EXCELLENT,False,NONE,3.2,0.6,NONE
1780088818.17,78.6,91.0,32.3,1524.0,44.4,13.79,31.7,31.9,31.8,31.7,optimal,optimal,optimal,optimal,optimal,optimal,↓ decreasing,→ stable,→ stable,100.0,✅ EXCELLENT,False,NONE,3.0,0.0,NONE
1780088819.172,81.4,91.3,32.4,1517.0,45.9,13.85,32.0,31.6,31.7,31.6,optimal,optimal,optimal,optimal,optimal,optimal,→ stable,→ stable,→ stable,100.0,✅ EXCELLENT,False,NONE,3.0,0.0,NONE
1780088820.173,78.4,89.2,31.8,1468.0,44.1,13.84,31.7,32.4,32.0,31.9,optimal,optimal,optimal,optimal,optimal,optimal,↓ decreasing,→ stable,→ stable,100.0,✅ EXCELLENT,False,NONE,3.6,0.3,NONE
1780088821.175,79.6,91.4,31.9,1547.0,45.6,13.82,32.2,32.2,32.0,31.9,optimal,optimal,optimal,optimal,optimal,optimal,→ stable,→ stable,→ stable,100.0,✅ EXCELLENT,False,NONE,3.5,0.0,NONE
1780088822.176,82.6,89.8,31.9,1527.0,45.2,13.83,31.7,31.6,32.2,32.3,optimal,optimal,optimal,optimal,optimal,optimal,→ stable,→ stable,→ stable,100.0,✅ EXCELLENT,False,NONE,3.7,0.0,NONE
1780088823.177,77.9,91.1,32.3,1537.0,44.4,13.83,32.3,32.4,32.1,32.2,optimal,optimal,optimal,optimal,optimal,optimal,→ stable,→ stable,→ stable,100.0,✅ EXCELLENT,False,NONE,3.0,0.0,NONE
1780088824.179,80.4,89.3,31.7,1497.0,46.0,13.85,31.7,32.1,32.3,32.1,optimal,optimal,optimal,optimal,optimal,optimal,→ stable,→ stable,→ stable,100.0,✅ EXCELLENT,False,NONE,3.8,0.2,NONE
1780088825.181,81.7,90.6,31.9,1476.0,44.8,13.81,32.2,31.8,32.2,32.2,optimal,optimal,optimal,optimal,optimal,optimal,→ stable,→ stable,→ stable,100.0,✅ EXCELLENT,False,NONE,3.6,0.0,NONE
1780088826.182,78.1,90.4,31.7,1512.0,44.6,13.83,32.1,32.4,31.9,32.0,optimal,optimal,optimal,optimal,optimal,optimal,→ stable,→ stable,→ stable,100.0,✅ EXCELLENT,False,NONE,3.7,0.0,NONE
1780088827.183,79.8,90.5,31.7,1476.0,44.7,13.82,31.7,32.1,32.3,32.3,optimal,optimal,optimal,optimal,optimal,optimal,↑ increasing,→ stable,→ stable,100.0,✅ EXCELLENT,False,NONE,3.8,0.0,NONE
1780088828.183,79.2,90.9,32.0,1532.0,45.3,13.78,32.2,31.8,32.2,31.7,optimal,optimal,optimal,optimal,optimal,optimal,↑ increasing,→ stable,→ stable,100.0,✅ EXCELLENT,False,NONE,3.4,0.0,NONE
1780088829.185,77.3,91.5,31.9,1459.0,44.4,13.81,32.3,32.1,32.3,31.6,optimal,optimal,optimal,optimal,optimal,optimal,→ stable,→ stable,→ stable,100.0,✅ EXCELLENT,False,NONE,3.4,0.0,NONE
1780088830.185,80.6,90.2,31.8,1500.0,45.6,13.8,31.7,31.7,31.9,31.8,optimal,optimal,optimal,optimal,optimal,optimal,→ stable,→ stable,→ stable,100.0,✅ EXCELLENT,False,NONE,3.7,0.0,NONE
1780088831.186,81.7,90.2,32.4,1494.0,44.5,13.79,32.3,32.1,31.8,31.8,optimal,optimal,optimal,optimal,optimal,optimal,↑ increasing,→ stable,→ stable,100.0,✅ EXCELLENT,False,NONE,3.0,0.0,NONE
1780088832.186,79.0,90.5,32.3,1517.0,44.8,13.77,32.2,31.7,31.8,31.6,optimal,optimal,optimal,optimal,optimal,optimal,→ stable,→ stable,→ stable,100.0,✅ EXCELLENT,False,NONE,3.0,0.0,NONE
1780088833.187,77.2,88.7,32.2,1512.0,44.1,13.78,32.1,32.1,32.3,32.4,optimal,optimal,optimal,optimal,optimal,optimal,→ stable,→ stable,→ stable,100.0,✅ EXCELLENT,False,NONE,3.1,0.8,NONE
1780088834.188,79.4,91.4,32.1,1457.0,44.2,13.83,31.9,32.2,32.2,31.8,optimal,optimal,optimal,optimal,optimal,optimal,→ stable,→ stable,→ stable,100.0,✅ EXCELLENT,False,NONE,3.3,0.0,NONE
1780088835.189,78.9,89.5,32.1,1484.0,45.3,13.77,31.6,31.9,32.2,31.9,optimal,optimal,optimal,optimal,optimal,optimal,↓ decreasing,→ stable,→ stable,100.0,✅ EXCELLENT,False,NONE,3.3,0.1,NONE
1780088836.189,81.3,91.2,31.7,1499.0,45.6,13.84,32.0,32.0,32.1,32.0,optimal,optimal,optimal,optimal,optimal,optimal,→ stable,→ stable,→ stable,100.0,✅ EXCELLENT,False,NONE,3.8,0.0,NONE
1780088837.19,78.2,89.9,32.3,1482.0,45.2,13.76,32.2,31.6,32.1,32.3,optimal,optimal,optimal,optimal,optimal,optimal,↓ decreasing,→ stable,→ stable,100.0,✅ EXCELLENT,False,NONE,3.0,0.0,NONE
1780088838.191,81.3,88.6,31.7,1516.0,44.7,13.77,32.3,32.4,32.3,31.6,optimal,optimal,optimal,optimal,optimal,optimal,→ stable,→ stable,→ stable,100.0,✅ EXCELLENT,False,NONE,3.8,1.0,NONE
1780088839.191,77.9,90.0,32.0,1493.0,45.9,13.8,32.4,32.1,32.3,31.7,optimal,optimal,optimal,optimal,optimal,optimal,→ stable,→ stable,→ stable,100.0,✅ EXCELLENT,False,NONE,3.3,0.0,NONE
1780088840.191,77.9,91.3,31.8,1475.0,44.7,13.81,32.1,32.0,31.8,31.9,optimal,optimal,optimal,optimal,optimal,optimal,→ stable,→ stable,→ stable,100.0,✅ EXCELLENT,False,NONE,3.6,0.0,NONE
1780088841.192,81.6,90.3,31.7,1492.0,44.8,13.84,32.1,31.9,32.3,32.1,optimal,optimal,optimal,optimal,optimal,optimal,↓ decreasing,→ stable,→ stable,100.0,✅ EXCELLENT,False,NONE,3.8,0.0,NONE
1780088842.194,82.0,90.9,31.7,1477.0,45.7,13.82,31.7,32.1,31.7,32.1,optimal,optimal,optimal,optimal,optimal,optimal,→ stable,→ stable,→ stable,100.0,✅ EXCELLENT,False,NONE,3.9,0.0,NONE
1780088843.195,77.2,90.1,31.9,1497.0,45.1,13.83,31.9,32.0,31.9,31.7,optimal,optimal,optimal,optimal,optimal,optimal,→ stable,→ stable,→ stable,100.0,✅ EXCELLENT,False,NONE,3.4,0.0,NONE
1780088844.522,82.0,90.9,32.1,1470.0,45.8,13.76,31.8,31.6,31.7,32.3,optimal,optimal,optimal,optimal,optimal,optimal,→ stable,→ stable,→ stable,100.0,✅ EXCELLENT,False,NONE,3.4,0.0,NONE
1780088845.523,77.7,89.1,31.6,1530.0,44.7,13.83,32.1,32.3,32.0,31.8,optimal,optimal,optimal,optimal,optimal,optimal,↑ increasing,→ stable,→ stable,100.0,✅ EXCELLENT,False,NONE,3.8,0.4,NONE
1780088846.524,79.4,90.8,31.6,1469.0,45.1,13.78,32.3,32.1,31.9,31.9,optimal,optimal,optimal,optimal,optimal,optimal,→ stable,→ stable,→ stable,100.0,✅ EXCELLENT,False,NONE,3.9,0.0,NONE
1780088847.525,79.8,91.4,32.1,1462.0,44.8,13.83,31.6,32.1,32.3,32.4,optimal,optimal,optimal,optimal,optimal,optimal,→ stable,→ stable,→ stable,100.0,✅ EXCELLENT,False,NONE,3.3,0.0,NONE
1780088848.526,82.5,91.1,32.0,1479.0,45.1,13.84,31.8,31.7,31.8,31.6,optimal,optimal,optimal,optimal,optimal,optimal,→ stable,→ stable,→ stable,100.0,✅ EXCELLENT,False,NONE,3.5,0.0,NONE
1780088849.527,82.3,90.4,32.3,1506.0,44.1,13.85,31.8,32.0,31.9,32.0,optimal,optimal,optimal,optimal,optimal,optimal,↑ increasing,↑ increasing,→ stable,100.0,✅ EXCELLENT,False,NONE,3.2,0.0,NONE
1780088850.528,81.6,90.4,32.2,1470.0,45.5,13.79,32.2,31.8,32.2,31.9,optimal,optimal,optimal,optimal,optimal,optimal,↑ increasing,→ stable,→ stable,100.0,✅ EXCELLENT,False,NONE,3.3,0.0,NONE
1780088851.529,80.5,90.1,32.3,1460.0,45.5,13.8,32.4,32.4,32.3,31.7,optimal,optimal,optimal,optimal,optimal,optimal,↑ increasing,→ stable,→ stable,100.0,✅ EXCELLENT,False,NONE,3.1,0.0,NONE
1780088852.53,79.9,90.4,32.1,1538.0,45.9,13.8,31.8,31.7,31.8,31.9,optimal,optimal,optimal,optimal,optimal,optimal,↑ increasing,→ stable,→ stable,100.0,✅ EXCELLENT,False,NONE,3.3,0.0,NONE
1780088853.531,78.8,90.4,32.1,1457.0,45.3,13.82,32.1,32.0,31.8,32.0,optimal,optimal,optimal,optimal,optimal,optimal,↑ increasing,→ stable,→ stable,100.0,✅ EXCELLENT,False,NONE,3.3,0.0,NONE
1780088854.533,82.3,90.6,32.1,1531.0,44.2,13.85,32.4,31.9,31.7,32.4,optimal,optimal,optimal,optimal,optimal,optimal,↑ increasing,→ stable,→ stable,100.0,✅ EXCELLENT,False,NONE,3.4,0.0,NONE
1780088855.534,79.9,88.5,31.8,1521.0,44.8,13.76,32.0,32.2,32.1,31.7,optimal,optimal,optimal,optimal,optimal,optimal,↑ increasing,→ stable,→ stable,100.0,✅ EXCELLENT,False,NONE,3.7,1.1,NONE
1780088856.534,79.8,90.8,31.8,1542.0,45.9,13.84,32.3,31.8,31.8,31.7,optimal,optimal,optimal,optimal,optimal,optimal,↑ increasing,→ stable,→ stable,100.0,✅ EXCELLENT,False,NONE,3.6,0.0,NONE
1780088857.535,79.0,89.0,31.6,1510.0,44.8,13.83,32.3,31.9,32.2,31.7,optimal,optimal,optimal,optimal,optimal,optimal,↑ increasing,→ stable,→ stable,100.0,✅ EXCELLENT,False,NONE,3.8,0.5,NONE
1780088858.536,82.3,91.2,32.3,1525.0,45.1,13.82,31.8,32.2,32.0,32.0,optimal,optimal,optimal,optimal,optimal,optimal,↑ increasing,→ stable,→ stable,100.0,✅ EXCELLENT,False,NONE,3.2,0.0,NONE
1780088859.537,80.4,88.7,32.4,1478.0,44.2,13.79,31.7,31.6,32.2,32.3,optimal,optimal,optimal,optimal,optimal,optimal,→ stable,↓ decreasing,→ stable,100.0,✅ EXCELLENT,False,NONE,3.0,0.8,NONE
1780088860.539,81.2,91.1,31.8,1486.0,45.0,13.76,32.0,32.2,31.7,32.3,optimal,optimal,optimal,optimal,optimal,optimal,→ stable,→ stable,→ stable,100.0,✅ EXCELLENT,False,NONE,3.7,0.0,NONE
1780088860.708,82.2,89.1,32.1,1522.0,44.1,13.82,32.2,32.0,32.3,32.0,optimal,optimal,optimal,optimal,optimal,optimal,→ stable,↓ decreasing,→ stable,100.0,✅ EXCELLENT,False,NONE,3.4,0.4,NONE
1780088861.54,81.1,89.8,31.9,1505.0,45.2,13.76,31.6,32.3,31.8,31.7,optimal,optimal,optimal,optimal,optimal,optimal,→ stable,↓ decreasing,→ stable,100.0,✅ EXCELLENT,False,NONE,3.6,0.0,NONE
1780088862.541,82.3,91.0,32.2,1507.0,44.2,13.84,32.2,32.2,32.3,31.8,optimal,optimal,optimal,optimal,optimal,optimal,↑ increasing,↓ decreasing,→ stable,100.0,✅ EXCELLENT,False,NONE,3.3,0.0,NONE
1780088863.542,78.3,91.3,31.7,1479.0,44.8,13.81,31.7,32.2,32.0,31.9,optimal,optimal,optimal,optimal,optimal,optimal,→ stable,→ stable,→ stable,100.0,✅ EXCELLENT,False,NONE,3.7,0.0,NONE
1780088864.543,81.6,90.3,32.0,1500.0,45.2,13.84,31.6,32.0,32.4,31.6,optimal,optimal,optimal,optimal,optimal,optimal,→ stable,→ stable,→ stable,100.0,✅ EXCELLENT,False,NONE,3.5,0.0,NONE
1780088865.543,78.7,90.7,32.1,1507.0,45.3,13.85,32.3,32.3,32.3,31.7,optimal,optimal,optimal,optimal,optimal,optimal,→ stable,→ stable,→ stable,100.0,✅ EXCELLENT,False,NONE,3.3,0.0,NONE
1780088866.545,77.3,91.0,32.3,1462.0,44.0,13.79,32.3,32.2,31.7,31.7,optimal,optimal,optimal,optimal,optimal,optimal,→ stable,→ stable,→ stable,100.0,✅ EXCELLENT,False,NONE,3.0,0.0,NONE
1780088867.546,77.1,90.8,32.1,1484.0,44.6,13.78,32.3,31.7,32.4,32.3,optimal,optimal,optimal,optimal,optimal,optimal,↓ decreasing,→ stable,→ stable,100.0,✅ EXCELLENT,False,NONE,3.2,0.0,NONE
1780088868.547,79.9,90.9,32.2,1541.0,45.2,13.76,32.1,32.0,32.0,31.8,optimal,optimal,optimal,optimal,optimal,optimal,→ stable,↑ increasing,→ stable,100.0,✅ EXCELLENT,False,NONE,3.2,0.0,NONE
1780088869.548,81.9,90.5,31.7,1542.0,44.8,13.77,32.1,32.4,32.0,32.3,optimal,optimal,optimal,optimal,optimal,optimal,→ stable,→ stable,→ stable,100.0,✅ EXCELLENT,False,NONE,3.9,0.0,NONE
1780088870.549,78.2,90.9,32.4,1525.0,45.5,13.77,32.1,32.0,31.8,31.8,optimal,optimal,optimal,optimal,optimal,optimal,↓ decreasing,↑ increasing,→ stable,100.0,✅ EXCELLENT,False,NONE,2.9,0.0,NONE
1780088871.549,77.6,90.6,32.0,1512.0,44.9,13.83,31.8,32.0,31.8,32.4,optimal,optimal,optimal,optimal,optimal,optimal,↓ decreasing,↑ increasing,→ stable,100.0,✅ EXCELLENT,False,NONE,3.3,0.0,NONE
1780088872.551,81.6,91.3,31.6,1483.0,45.5,13.82,31.9,32.1,31.9,31.9,optimal,optimal,optimal,optimal,optimal,optimal,↓ decreasing,↑ increasing,→ stable,100.0,✅ EXCELLENT,False,NONE,4.0,0.0,NONE
1780088873.552,77.3,90.8,32.1,1501.0,44.6,13.84,32.1,31.8,31.7,31.9,optimal,optimal,optimal,optimal,optimal,optimal,↓ decreasing,↑ increasing,→ stable,100.0,✅ EXCELLENT,False,NONE,3.2,0.0,NONE
1780088874.554,81.5,90.5,32.0,1458.0,44.1,13.83,32.2,31.6,32.1,31.8,optimal,optimal,optimal,optimal,optimal,optimal,↓ decreasing,↑ increasing,→ stable,100.0,✅ EXCELLENT,False,NONE,3.5,0.0,NONE
1780088874.659,81.8,89.0,32.0,1487.0,44.3,13.8,32.0,31.8,32.0,32.4,optimal,optimal,optimal,optimal,optimal,optimal,↓ decreasing,→ stable,→ stable,100.0,✅ EXCELLENT,False,NONE,3.5,0.5,NONE
1780088875.555,80.4,89.2,32.3,1490.0,45.1,13.84,32.3,31.8,31.7,31.7,optimal,optimal,optimal,optimal,optimal,optimal,↓ decreasing,→ stable,→ stable,100.0,✅ EXCELLENT,False,NONE,3.1,0.3,NONE
1780088876.555,79.6,90.5,31.6,1500.0,45.9,13.76,31.7,32.3,31.9,31.6,optimal,optimal,optimal,optimal,optimal,optimal,→ stable,→ stable,→ stable,100.0,✅ EXCELLENT,False,NONE,3.9,0.0,NONE
1780088877.557,82.3,89.6,31.8,1465.0,45.8,13.84,31.9,32.2,31.7,32.1,optimal,optimal,optimal,optimal,optimal,optimal,→ stable,→ stable,→ stable,100.0,✅ EXCELLENT,False,NONE,3.8,0.1,NONE
1780088878.557,81.2,89.7,32.4,1543.0,45.6,13.77,32.3,31.6,32.4,32.0,optimal,optimal,optimal,optimal,optimal,optimal,→ stable,→ stable,→ stable,100.0,✅ EXCELLENT,False,NONE,3.0,0.0,NONE
1780088879.557,81.5,90.1,32.4,1481.0,44.1,13.77,32.1,32.0,32.2,32.0,optimal,optimal,optimal,optimal,optimal,optimal,↑ increasing,↓ decreasing,→ stable,100.0,✅ EXCELLENT,False,NONE,3.0,0.0,NONE
1780088880.558,78.9,90.1,31.8,1496.0,44.6,13.75,32.2,32.0,32.1,32.1,optimal,optimal,optimal,optimal,optimal,optimal,↑ increasing,↓ decreasing,→ stable,100.0,✅ EXCELLENT,False,NONE,3.6,0.0,NONE
1780088881.559,82.2,89.2,31.8,1532.0,45.2,13.78,32.1,32.0,31.8,32.2,optimal,optimal,optimal,optimal,optimal,optimal,↑ increasing,↓ decreasing,→ stable,100.0,✅ EXCELLENT,False,NONE,3.8,0.3,NONE
1780088882.559,80.5,91.3,31.9,1546.0,44.6,13.8,32.2,31.7,32.2,32.0,optimal,optimal,optimal,optimal,optimal,optimal,↑ increasing,↓ decreasing,→ stable,100.0,✅ EXCELLENT,False,NONE,3.6,0.0,NONE
1780088883.561,80.4,90.7,31.9,1539.0,44.6,13.76,31.7,31.6,31.7,31.8,optimal,optimal,optimal,optimal,optimal,optimal,↑ increasing,↓ decreasing,→ stable,100.0,✅ EXCELLENT,False,NONE,3.6,0.0,NONE
1780088884.561,77.8,91.4,32.0,1533.0,44.1,13.85,31.9,31.9,32.1,32.1,optimal,optimal,optimal,optimal,optimal,optimal,↑ increasing,→ stable,→ stable,100.0,✅ EXCELLENT,False,NONE,3.3,0.0,NONE
1780088885.562,81.0,89.4,32.2,1457.0,45.4,13.76,32.0,31.7,32.3,32.3,optimal,optimal,optimal,optimal,optimal,optimal,↑ increasing,→ stable,→ stable,100.0,✅ EXCELLENT,False,NONE,3.2,0.2,NONE
1780088886.564,81.1,91.0,32.0,1519.0,44.3,13.78,32.2,32.3,32.1,31.7,optimal,optimal,optimal,optimal,optimal,optimal,↑ increasing,→ stable,→ stable,100.0,✅ EXCELLENT,False,NONE,3.5,0.0,NONE
1780088887.565,78.8,89.6,31.7,1482.0,44.8,13.77,31.9,32.4,31.8,31.9,optimal,optimal,optimal,optimal,optimal,optimal,→ stable,→ stable,→ stable,100.0,✅ EXCELLENT,False,NONE,3.7,0.1,NONE
1780088888.566,77.2,90.5,31.9,1465.0,44.8,13.78,32.0,32.2,32.3,32.0,optimal,optimal,optimal,optimal,optimal,optimal,→ stable,→ stable,→ stable,100.0,✅ EXCELLENT,False,NONE,3.4,0.0,NONE
1780088889.567,78.1,89.6,31.9,1526.0,44.3,13.76,31.9,32.1,32.2,31.8,optimal,optimal,optimal,optimal,optimal,optimal,↓ decreasing,→ stable,→ stable,100.0,✅ EXCELLENT,False,NONE,3.5,0.1,NONE
1780088890.568,79.9,90.0,31.6,1493.0,44.4,13.78,31.9,31.6,31.8,32.1,optimal,optimal,optimal,optimal,optimal,optimal,↓ decreasing,→ stable,→ stable,100.0,✅ EXCELLENT,False,NONE,3.9,0.0,NONE
1780088891.569,81.8,89.8,32.4,1481.0,44.6,13.77,31.8,31.8,31.7,32.3,optimal,optimal,optimal,optimal,optimal,optimal,↓ decreasing,→ stable,→ stable,100.0,✅ EXCELLENT,False,NONE,3.0,0.0,NONE
1780088892.57,80.7,90.1,32.2,1505.0,44.6,13.77,32.1,32.3,32.2,31.7,optimal,optimal,optimal,optimal,optimal,optimal,↓ decreasing,→ stable,→ stable,100.0,✅ EXCELLENT,False,NONE,3.2,0.0,NONE
1780088893.57,80.6,89.9,31.8,1473.0,45.1,13.79,31.8,31.9,31.6,32.3,optimal,optimal,optimal,optimal,optimal,optimal,↓ decreasing,→ stable,→ stable,100.0,✅ EXCELLENT,False,NONE,3.7,0.0,NONE
1780088894.571,80.7,89.4,31.6,1550.0,45.4,13.82,31.9,32.2,31.9,31.9,optimal,optimal,optimal,optimal,optimal,optimal,→ stable,→ stable,→ stable,100.0,✅ EXCELLENT,False,NONE,3.9,0.2,NONE
1780088895.573,82.2,90.0,32.2,1488.0,45.0,13.82,31.6,32.1,32.0,31.6,optimal,optimal,optimal,optimal,optimal,optimal,→ stable,→ stable,→ stable,100.0,✅ EXCELLENT,False,NONE,3.3,0.0,NONE
1780088896.574,80.3,89.6,32.4,1547.0,45.2,13.84,31.9,32.2,31.8,32.0,optimal,optimal,optimal,optimal,optimal,optimal,↓ decreasing,→ stable,→ stable,100.0,✅ EXCELLENT,False,NONE,3.0,0.1,NONE
1780088897.575,78.0,89.0,32.2,1456.0,44.4,13.82,31.9,31.9,32.4,32.1,optimal,optimal,optimal,optimal,optimal,optimal,→ stable,→ stable,→ stable,100.0,✅ EXCELLENT,False,NONE,3.1,0.5,NONE
1780088898.575,82.5,89.2,32.1,1525.0,45.1,13.84,31.9,32.2,32.1,31.9,optimal,optimal,optimal,optimal,optimal,optimal,↑ increasing,↓ decreasing,→ stable,100.0,✅ EXCELLENT,False,NONE,3.4,0.3,NONE
1780088899.577,77.4,91.3,31.7,1489.0,44.8,13.81,32.1,32.1,31.8,31.7,optimal,optimal,optimal,optimal,optimal,optimal,↑ increasing,→ stable,→ stable,100.0,✅ EXCELLENT,False,NONE,3.6,0.0,NONE
1780088900.578,81.9,91.5,32.1,1478.0,45.8,13.79,32.2,32.3,31.9,32.0,optimal,optimal,optimal,optimal,optimal,optimal,↑ increasing,→ stable,→ stable,100.0,✅ EXCELLENT,False,NONE,3.4,0.0,NONE
1780088901.578,77.5,89.0,31.7,1509.0,45.9,13.81,32.2,31.7,31.9,32.1,optimal,optimal,optimal,optimal,optimal,optimal,↑ increasing,→ stable,→ stable,100.0,✅ EXCELLENT,False,NONE,3.7,0.5,NONE
1780088902.58,81.5,89.1,31.6,1507.0,44.1,13.8,32.3,31.7,31.6,31.9,optimal,optimal,optimal,optimal,optimal,optimal,↑ increasing,→ stable,→ stable,100.0,✅ EXCELLENT,False,NONE,4.0,0.4,NONE
1780088903.58,77.8,90.1,32.2,1544.0,45.4,13.81,32.4,31.9,31.9,31.7,optimal,optimal,optimal,optimal,optimal,optimal,→ stable,→ stable,→ stable,100.0,✅ EXCELLENT,False,NONE,3.1,0.0,NONE
1780088904.754,79.2,91.4,31.9,1464.0,45.3,13.77,31.9,32.3,31.9,32.3,optimal,optimal,optimal,optimal,optimal,optimal,→ stable,→ stable,→ stable,100.0,✅ EXCELLENT,False,NONE,3.5,0.0,NONE
1780088905.755,79.7,90.9,31.8,1502.0,45.2,13.78,31.9,31.6,31.7,31.6,optimal,optimal,optimal,optimal,optimal,optimal,↓ decreasing,→ stable,→ stable,100.0,✅ EXCELLENT,False,NONE,3.6,0.0,NONE
1780088906.756,79.7,90.2,31.7,1543.0,45.3,13.79,32.3,32.2,32.0,31.8,optimal,optimal,optimal,optimal,optimal,optimal,↓ decreasing,→ stable,→ stable,100.0,✅ EXCELLENT,False,NONE,3.8,0.0,NONE
1780088907.757,81.3,89.1,32.2,1451.0,45.3,13.76,32.1,31.6,31.7,31.9,optimal,optimal,optimal,optimal,optimal,optimal,→ stable,→ stable,→ stable,100.0,✅ EXCELLENT,False,NONE,3.3,0.4,NONE
1780088908.758,77.2,90.9,31.7,1495.0,44.2,13.85,31.7,32.1,31.9,32.3,optimal,optimal,optimal,optimal,optimal,optimal,↓ decreasing,↑ increasing,→ stable,100.0,✅ EXCELLENT,False,NONE,3.6,0.0,NONE
1780088909.76,77.0,90.9,31.7,1497.0,46.0,13.77,31.9,32.2,32.0,32.3,optimal,optimal,optimal,optimal,optimal,optimal,↓ decreasing,→ stable,→ stable,100.0,✅ EXCELLENT,False,NONE,3.6,0.0,NONE
1780088910.76,80.2,90.2,31.8,1540.0,45.7,13.77,32.3,31.9,32.1,31.9,optimal,optimal,optimal,optimal,optimal,optimal,↓ decreasing,→ stable,→ stable,100.0,✅ EXCELLENT,False,NONE,3.7,0.0,NONE
1780088911.761,82.8,91.4,32.0,1548.0,45.2,13.84,32.2,31.8,32.3,32.0,optimal,optimal,optimal,optimal,optimal,optimal,↓ decreasing,↑ increasing,→ stable,100.0,✅ EXCELLENT,False,NONE,3.5,0.0,NONE
1780088912.763,81.1,91.3,32.0,1536.0,45.1,13.76,32.2,31.8,32.4,32.2,optimal,optimal,optimal,optimal,optimal,optimal,↓ decreasing,↑ increasing,→ stable,100.0,✅ EXCELLENT,False,NONE,3.5,0.0,NONE
1780088913.763,79.4,91.0,32.3,1452.0,45.1,13.76,32.1,32.2,32.2,31.9,optimal,optimal,optimal,optimal,optimal,optimal,→ stable,↑ increasing,→ stable,100.0,✅ EXCELLENT,False,NONE,3.1,0.0,NONE
1780088914.764,79.6,90.1,31.9,1471.0,44.9,13.8,31.7,32.4,32.0,32.1,optimal,optimal,optimal,optimal,optimal,optimal,→ stable,↑ increasing,→ stable,100.0,✅ EXCELLENT,False,NONE,3.5,0.0,NONE
1780088915.765,82.8,91.3,32.2,1527.0,44.3,13.78,32.0,31.7,32.1,31.9,optimal,optimal,optimal,optimal,optimal,optimal,↑ increasing,↑ increasing,→ stable,100.0,✅ EXCELLENT,False,NONE,3.3,0.0,NONE
1780088916.765,79.4,89.0,32.0,1482.0,45.7,13.85,32.3,32.0,32.1,31.8,optimal,optimal,optimal,optimal,optimal,optimal,↑ increasing,→ stable,→ stable,100.0,✅ EXCELLENT,False,NONE,3.4,0.5,NONE
1780088917.766,79.3,91.3,32.2,1511.0,45.5,13.79,32.1,32.0,31.7,32.4,optimal,optimal,optimal,optimal,optimal,optimal,→ stable,↑ increasing,→ stable,100.0,✅ EXCELLENT,False,NONE,3.2,0.0,NONE
1780088918.767,77.9,90.6,32.0,1453.0,46.0,13.77,31.8,31.8,32.0,32.4,optimal,optimal,optimal,optimal,optimal,optimal,↑ increasing,→ stable,→ stable,100.0,✅ EXCELLENT,False,NONE,3.3,0.0,NONE
1780088919.768,82.6,89.0,32.3,1504.0,45.7,13.83,32.2,32.2,31.6,31.6,optimal,optimal,optimal,optimal,optimal,optimal,↑ increasing,→ stable,→ stable,100.0,✅ EXCELLENT,False,NONE,3.2,0.5,NONE
1780088920.768,81.2,89.7,32.1,1480.0,45.5,13.79,31.8,31.9,32.3,32.1,optimal,optimal,optimal,optimal,optimal,optimal,↑ increasing,→ stable,→ stable,100.0,✅ EXCELLENT,False,NONE,3.4,0.0,NONE
1780088921.769,82.3,90.2,31.7,1461.0,45.0,13.84,31.7,32.4,31.9,32.2,optimal,optimal,optimal,optimal,optimal,optimal,↑ increasing,→ stable,→ stable,100.0,✅ EXCELLENT,False,NONE,3.9,0.0,NONE
1780088922.77,78.3,90.7,32.4,1475.0,44.3,13.76,32.2,32.1,31.7,32.2,optimal,optimal,optimal,optimal,optimal,optimal,↑ increasing,→ stable,→ stable,100.0,✅ EXCELLENT,False,NONE,2.9,0.0,NONE
1780088923.771,81.6,88.7,32.3,1502.0,45.8,13.82,32.2,32.4,32.0,31.8,optimal,optimal,optimal,optimal,optimal,optimal,↑ increasing,↓ decreasing,→ stable,100.0,✅ EXCELLENT,False,NONE,3.1,0.8,NONE
1780088924.771,80.8,90.9,32.2,1494.0,45.9,13.84,32.3,31.8,31.8,32.0,optimal,optimal,optimal,optimal,optimal,optimal,↑ increasing,→ stable,→ stable,100.0,✅ EXCELLENT,False,NONE,3.2,0.0,NONE
1780088925.773,77.6,89.9,32.1,1542.0,44.1,13.76,31.9,31.9,32.2,31.6,optimal,optimal,optimal,optimal,optimal,optimal,→ stable,↓ decreasing,→ stable,100.0,✅ EXCELLENT,False,NONE,3.2,0.0,NONE
1780088926.773,77.8,89.2,32.0,1454.0,45.4,13.76,31.9,32.0,32.0,32.1,optimal,optimal,optimal,optimal,optimal,optimal,→ stable,→ stable,→ stable,100.0,✅ EXCELLENT,False,NONE,3.3,0.3,NONE
1780088927.775,78.7,88.6,31.9,1538.0,46.0,13.79,31.6,32.0,32.4,31.6,optimal,optimal,optimal,optimal,optimal,optimal,→ stable,↓ decreasing,→ stable,100.0,✅ EXCELLENT,False,NONE,3.5,1.0,NONE
1780088928.775,78.4,90.6,31.9,1498.0,45.4,13.78,32.2,32.0,32.2,32.1,optimal,optimal,optimal,optimal,optimal,optimal,→ stable,↓ decreasing,→ stable,100.0,✅ EXCELLENT,False,NONE,3.5,0.0,NONE
1780088929.777,80.5,88.9,31.8,1515.0,44.4,13.82,32.3,31.7,31.9,32.1,optimal,optimal,optimal,optimal,optimal,optimal,↓ decreasing,↓ decreasing,→ stable,100.0,✅ EXCELLENT,False,NONE,3.7,0.6,NONE
1780088930.778,77.8,89.1,31.8,1530.0,44.9,13.84,31.9,32.1,31.7,31.7,optimal,optimal,optimal,optimal,optimal,optimal,↓ decreasing,↓ decreasing,→ stable,100.0,✅ EXCELLENT,False,NONE,3.6,0.4,NONE
1780088931.78,77.8,89.4,32.0,1464.0,45.7,13.81,32.4,32.1,32.0,31.9,optimal,optimal,optimal,optimal,optimal,optimal,↓ decreasing,↓ decreasing,→ stable,100.0,✅ EXCELLENT,False,NONE,3.3,0.2,NONE
1780088932.781,80.0,89.2,31.7,1497.0,44.9,13.81,32.4,31.9,32.0,32.2,optimal,optimal,optimal,optimal,optimal,optimal,↓ decreasing,↓ decreasing,→ stable,100.0,✅ EXCELLENT,False,NONE,3.8,0.3,NONE
1780088933.782,81.4,89.1,31.9,1526.0,44.3,13.76,32.2,32.2,31.9,32.1,optimal,optimal,optimal,optimal,optimal,optimal,↓ decreasing,↓ decreasing,→ stable,100.0,✅ EXCELLENT,False,NONE,3.6,0.4,NONE
1780088934.783,79.5,91.0,32.3,1485.0,45.0,13.84,32.0,32.4,32.4,31.6,optimal,optimal,optimal,optimal,optimal,optimal,↓ decreasing,↓ decreasing,→ stable,100.0,✅ EXCELLENT,False,NONE,3.1,0.0,NONE
1780088935.783,78.9,91.3,32.3,1517.0,45.1,13.8,31.9,31.9,31.8,32.0,optimal,optimal,optimal,optimal,optimal,optimal,↓ decreasing,→ stable,→ stable,100.0,✅ EXCELLENT,False,NONE,3.0,0.0,NONE
1780088936.785,78.3,90.4,32.3,1465.0,45.5,13.84,32.2,32.1,31.6,32.1,optimal,optimal,optimal,optimal,optimal,optimal,↓ decreasing,→ stable,→ stable,100.0,✅ EXCELLENT,False,NONE,3.0,0.0,NONE
1780088937.787,81.9,89.2,32.2,1458.0,45.6,13.8,31.9,31.7,32.1,32.3,optimal,optimal,optimal,optimal,optimal,optimal,→ stable,→ stable,→ stable,100.0,✅ EXCELLENT,False,NONE,3.3,0.3,NONE
1780088938.788,79.9,90.7,31.9,1500.0,44.5,13.83,32.4,31.8,32.2,31.7,optimal,optimal,optimal,optimal,optimal,optimal,→ stable,→ stable,→ stable,100.0,✅ EXCELLENT,False,NONE,3.5,0.0,NONE
1780088939.789,79.3,89.0,32.4,1526.0,44.1,13.78,32.2,31.8,32.1,32.1,optimal,optimal,optimal,optimal,optimal,optimal,→ stable,→ stable,→ stable,100.0,✅ EXCELLENT,False,NONE,2.9,0.5,NONE
1780088940.79,80.4,88.9,32.0,1545.0,44.8,13.77,31.9,31.9,32.2,31.9,optimal,optimal,optimal,optimal,optimal,optimal,→ stable,→ stable,→ stable,100.0,✅ EXCELLENT,False,NONE,3.4,0.6,NONE
1780088941.791,82.8,91.4,31.7,1454.0,45.6,13.78,32.1,32.3,32.0,32.3,optimal,optimal,optimal,optimal,optimal,optimal,↑ increasing,→ stable,→ stable,100.0,✅ EXCELLENT,False,NONE,3.9,0.0,NONE
1780088942.791,82.6,90.1,31.9,1532.0,44.3,13.84,32.1,32.4,31.8,32.0,optimal,optimal,optimal,optimal,optimal,optimal,↑ increasing,↑ increasing,→ stable,100.0,✅ EXCELLENT,False,NONE,3.7,0.0,NONE
1780088943.793,82.9,89.8,31.7,1496.0,45.9,13.82,31.8,31.9,31.7,32.3,optimal,optimal,optimal,optimal,optimal,optimal,↑ increasing,↑ increasing,→ stable,100.0,✅ EXCELLENT,False,NONE,3.9,0.0,NONE
1780088944.794,79.6,90.8,31.8,1483.0,44.8,13.77,32.3,32.2,32.0,32.2,optimal,optimal,optimal,optimal,optimal,optimal,↑ increasing,↑ increasing,→ stable,100.0,✅ EXCELLENT,False,NONE,3.6,0.0,NONE
1780088945.794,77.2,89.8,31.7,1522.0,45.2,13.78,32.3,31.7,32.1,31.8,optimal,optimal,optimal,optimal,optimal,optimal,↑ increasing,→ stable,→ stable,100.0,✅ EXCELLENT,False,NONE,3.6,0.0,NONE
1780088946.795,80.9,90.8,32.1,1467.0,45.6,13.78,31.6,32.2,32.4,31.6,optimal,optimal,optimal,optimal,optimal,optimal,↑ increasing,→ stable,→ stable,100.0,✅ EXCELLENT,False,NONE,3.4,0.0,NONE
1780088947.797,80.9,90.5,31.8,1511.0,44.8,13.77,31.8,31.8,32.1,32.1,optimal,optimal,optimal,optimal,optimal,optimal,↑ increasing,→ stable,→ stable,100.0,✅ EXCELLENT,False,NONE,3.7,0.0,NONE
1780088948.798,78.7,89.3,31.7,1450.0,45.1,13.75,31.9,31.9,32.3,32.0,optimal,optimal,optimal,optimal,optimal,optimal,↑ increasing,→ stable,→ stable,100.0,✅ EXCELLENT,False,NONE,3.7,0.2,NONE
1780088949.799,78.7,91.1,32.1,1464.0,44.6,13.83,31.9,32.2,31.8,32.3,optimal,optimal,optimal,optimal,optimal,optimal,↑ increasing,→ stable,→ stable,100.0,✅ EXCELLENT,False,NONE,3.3,0.0,NONE
1780088950.799,80.7,89.7,31.9,1528.0,44.6,13.76,32.1,32.1,31.9,31.7,optimal,optimal,optimal,optimal,optimal,optimal,↑ increasing,↑ increasing,→ stable,100.0,✅ EXCELLENT,False,NONE,3.6,0.0,NONE
1780088951.801,80.8,91.4,32.1,1540.0,45.1,13.77,32.4,32.1,31.9,32.2,optimal,optimal,optimal,optimal,optimal,optimal,→ stable,→ stable,→ stable,100.0,✅ EXCELLENT,False,NONE,3.3,0.0,NONE
1780088952.801,77.6,90.2,32.3,1532.0,44.8,13.81,31.8,32.1,31.8,32.1,optimal,optimal,optimal,optimal,optimal,optimal,↓ decreasing,→ stable,→ stable,100.0,✅ EXCELLENT,False,NONE,3.0,0.0,NONE
1780088953.802,80.5,90.7,31.6,1461.0,44.4,13.8,32.2,32.2,31.8,31.6,optimal,optimal,optimal,optimal,optimal,optimal,↓ decreasing,→ stable,→ stable,100.0,✅ EXCELLENT,False,NONE,3.9,0.0,NONE
1780088954.803,80.3,91.1,31.6,1538.0,46.0,13.81,31.7,31.9,31.8,32.2,optimal,optimal,optimal,optimal,optimal,optimal,↓ decreasing,→ stable,→ stable,100.0,✅ EXCELLENT,False,NONE,3.9,0.0,NONE
1780088955.804,81.3,91.0,32.3,1484.0,44.5,13.77,31.8,31.6,32.0,31.7,optimal,optimal,optimal,optimal,optimal,optimal,→ stable,↑ increasing,→ stable,100.0,✅ EXCELLENT,False,NONE,3.1,0.0,NONE
1780088956.804,82.0,90.7,32.2,1459.0,45.1,13.78,32.0,32.2,32.1,31.6,optimal,optimal,optimal,optimal,optimal,optimal,↓ decreasing,↑ increasing,→ stable,100.0,✅ EXCELLENT,False,NONE,3.3,0.0,NONE
1780088957.806,78.9,91.3,32.1,1518.0,44.4,13.81,32.3,32.0,32.1,32.2,optimal,optimal,optimal,optimal,optimal,optimal,↓ decreasing,→ stable,→ stable,100.0,✅ EXCELLENT,False,NONE,3.3,0.0,NONE
1780088958.807,81.4,88.7,31.8,1478.0,44.4,13.84,32.0,32.2,32.0,31.7,optimal,optimal,optimal,optimal,optimal,optimal,→ stable,↑ increasing,→ stable,100.0,✅ EXCELLENT,False,NONE,3.7,0.8,NONE
1780088959.808,82.2,89.8,32.1,1533.0,45.0,13.79,31.8,32.2,31.6,32.2,optimal,optimal,optimal,optimal,optimal,optimal,→ stable,→ stable,→ stable,100.0,✅ EXCELLENT,False,NONE,3.4,0.0,NONE
1780088960.809,81.7,88.7,32.2,1503.0,45.7,13.81,32.0,31.7,32.3,32.0,optimal,optimal,optimal,optimal,optimal,optimal,→ stable,→ stable,→ stable,100.0,✅ EXCELLENT,False,NONE,3.3,0.8,NONE
1780088961.81,81.9,90.0,32.2,1487.0,45.9,13.84,32.1,32.3,31.8,31.7,optimal,optimal,optimal,optimal,optimal,optimal,→ stable,→ stable,→ stable,100.0,✅ EXCELLENT,False,NONE,3.3,0.0,NONE
1780088962.811,79.8,89.6,32.3,1465.0,44.3,13.83,31.8,31.7,32.2,31.7,optimal,optimal,optimal,optimal,optimal,optimal,↑ increasing,→ stable,→ stable,100.0,✅ EXCELLENT,False,NONE,3.1,0.1,NONE
1780088963.812,79.9,90.0,31.7,1477.0,45.6,13.82,32.1,32.4,32.4,32.2,optimal,optimal,optimal,optimal,optimal,optimal,↑ increasing,→ stable,→ stable,100.0,✅ EXCELLENT,False,NONE,3.8,0.0,NONE
1780088965.443,82.9,91.3,32.2,1531.0,45.9,13.82,31.8,32.2,31.8,31.8,optimal,optimal,optimal,optimal,optimal,optimal,↑ increasing,→ stable,→ stable,100.0,✅ EXCELLENT,False,NONE,3.3,0.0,NONE
1780088966.444,82.9,89.9,32.0,1514.0,45.5,13.79,31.9,31.9,32.3,32.2,optimal,optimal,optimal,optimal,optimal,optimal,↑ increasing,↓ decreasing,→ stable,100.0,✅ EXCELLENT,False,NONE,3.6,0.0,NONE
1780088967.444,77.1,90.2,31.9,1455.0,44.8,13.83,31.9,32.1,31.8,31.8,optimal,optimal,optimal,optimal,optimal,optimal,↑ increasing,↓ decreasing,→ stable,100.0,✅ EXCELLENT,False,NONE,3.4,0.0,NONE
1780088968.445,82.1,91.3,32.2,1502.0,45.8,13.79,32.0,32.1,32.3,31.7,optimal,optimal,optimal,optimal,optimal,optimal,↑ increasing,↓ decreasing,→ stable,100.0,✅ EXCELLENT,False,NONE,3.3,0.0,NONE
1780088969.445,77.7,90.8,32.2,1454.0,45.2,13.78,32.3,31.8,32.2,31.9,optimal,optimal,optimal,optimal,optimal,optimal,↑ increasing,→ stable,→ stable,100.0,✅ EXCELLENT,False,NONE,3.1,0.0,NONE
1780088970.446,78.7,89.6,32.2,1522.0,44.2,13.79,31.9,32.3,32.2,32.3,optimal,optimal,optimal,optimal,optimal,optimal,→ stable,→ stable,→ stable,100.0,✅ EXCELLENT,False,NONE,3.1,0.1,NONE
1780088971.448,78.8,89.8,32.1,1522.0,45.3,13.84,31.9,31.8,32.3,32.1,optimal,optimal,optimal,optimal,optimal,optimal,→ stable,→ stable,→ stable,100.0,✅ EXCELLENT,False,NONE,3.3,0.0,NONE
1780088972.45,80.5,90.2,31.8,1513.0,44.8,13.76,31.6,32.3,31.9,32.3,optimal,optimal,optimal,optimal,optimal,optimal,↓ decreasing,→ stable,→ stable,100.0,✅ EXCELLENT,False,NONE,3.7,0.0,NONE
1780088973.451,80.9,89.6,31.6,1523.0,45.7,13.84,32.3,32.1,32.3,31.7,optimal,optimal,optimal,optimal,optimal,optimal,↓ decreasing,→ stable,→ stable,100.0,✅ EXCELLENT,False,NONE,3.9,0.1,NONE
1780088974.452,79.1,90.9,32.3,1507.0,44.8,13.76,31.9,32.4,31.6,32.0,optimal,optimal,optimal,optimal,optimal,optimal,↓ decreasing,→ stable,→ stable,100.0,✅ EXCELLENT,False,NONE,3.1,0.0,NONE
1780088975.453,78.6,88.6,31.6,1533.0,44.4,13.82,32.2,32.3,32.2,31.6,optimal,optimal,optimal,optimal,optimal,optimal,↓ decreasing,→ stable,→ stable,100.0,✅ EXCELLENT,False,NONE,3.8,1.0,NONE
1780088976.454,82.4,90.0,31.7,1456.0,45.1,13.79,32.1,32.4,31.9,31.8,optimal,optimal,optimal,optimal,optimal,optimal,↓ decreasing,→ stable,→ stable,100.0,✅ EXCELLENT,False,NONE,3.9,0.0,NONE
1780088977.454,79.5,89.9,32.0,1454.0,44.9,13.78,32.2,32.0,32.2,31.7,optimal,optimal,optimal,optimal,optimal,optimal,↓ decreasing,→ stable,→ stable,100.0,✅ EXCELLENT,False,NONE,3.4,0.0,NONE
1780088978.456,80.3,89.5,31.6,1527.0,45.7,13.76,31.9,32.2,31.8,32.0,optimal,optimal,optimal,optimal,optimal,optimal,↓ decreasing,→ stable,→ stable,100.0,✅ EXCELLENT,False,NONE,3.9,0.1,NONE
1780088979.458,79.4,90.0,32.0,1494.0,44.8,13.79,32.0,32.0,32.0,32.0,optimal,optimal,optimal,optimal,optimal,optimal,↓ decreasing,→ stable,→ stable,100.0,✅ EXCELLENT,False,NONE,3.4,0.0,NONE
1780088980.459,78.9,89.7,32.3,1496.0,44.4,13.79,31.7,31.8,31.7,32.0,optimal,optimal,optimal,optimal,optimal,optimal,↓ decreasing,→ stable,→ stable,100.0,✅ EXCELLENT,False,NONE,3.0,0.0,NONE
1780088981.46,82.2,88.6,32.1,1532.0,44.4,13.77,32.1,32.1,32.1,31.7,optimal,optimal,optimal,optimal,optimal,optimal,→ stable,↓ decreasing,→ stable,100.0,✅ EXCELLENT,False,NONE,3.4,1.0,NONE
1780088982.461,77.9,90.5,31.8,1461.0,45.6,13.82,31.7,31.9,31.8,32.2,optimal,optimal,optimal,optimal,optimal,optimal,→ stable,↓ decreasing,→ stable,100.0,✅ EXCELLENT,False,NONE,3.6,0.0,NONE
1780088983.463,81.8,91.0,31.7,1543.0,44.5,13.79,32.4,32.1,32.0,31.9,optimal,optimal,optimal,optimal,optimal,optimal,→ stable,→ stable,→ stable,100.0,✅ EXCELLENT,False,NONE,3.9,0.0,NONE
1780088984.463,82.1,91.3,31.6,1456.0,44.6,13.84,31.9,32.2,32.3,32.1,optimal,optimal,optimal,optimal,optimal,optimal,→ stable,→ stable,→ stable,100.0,✅ EXCELLENT,False,NONE,4.0,0.0,NONE
1780088985.463,80.0,91.0,32.3,1519.0,45.8,13.78,32.3,31.7,32.1,32.2,optimal,optimal,optimal,optimal,optimal,optimal,↑ increasing,→ stable,→ stable,100.0,✅ EXCELLENT,False,NONE,3.1,0.0,NONE
1780088986.465,79.4,90.6,32.3,1461.0,44.5,13.8,32.1,32.3,32.0,31.8,optimal,optimal,optimal,optimal,optimal,optimal,↑ increasing,→ stable,→ stable,100.0,✅ EXCELLENT,False,NONE,3.1,0.0,NONE
1780088987.465,80.7,89.4,32.1,1452.0,44.1,13.79,31.7,32.1,31.8,32.1,optimal,optimal,optimal,optimal,optimal,optimal,→ stable,→ stable,→ stable,100.0,✅ EXCELLENT,False,NONE,3.3,0.2,NONE
1780088988.466,77.3,89.9,32.1,1497.0,45.5,13.83,31.9,31.6,32.1,32.3,optimal,optimal,optimal,optimal,optimal,optimal,→ stable,→ stable,→ stable,100.0,✅ EXCELLENT,False,NONE,3.2,0.0,NONE
1780088989.467,80.6,89.7,32.0,1507.0,44.0,13.79,32.4,31.8,31.7,32.0,optimal,optimal,optimal,optimal,optimal,optimal,→ stable,→ stable,→ stable,100.0,✅ EXCELLENT,False,NONE,3.5,0.0,NONE
1780088990.468,81.5,91.0,31.6,1525.0,45.3,13.81,32.1,32.1,32.1,32.0,optimal,optimal,optimal,optimal,optimal,optimal,↑ increasing,→ stable,→ stable,100.0,✅ EXCELLENT,False,NONE,4.0,0.0,NONE
1780088991.469,79.6,90.6,31.9,1510.0,45.1,13.77,32.3,31.6,31.8,31.6,optimal,optimal,optimal,optimal,optimal,optimal,→ stable,↑ increasing,→ stable,100.0,✅ EXCELLENT,False,NONE,3.5,0.0,NONE
1780088992.471,78.9,89.4,31.7,1483.0,45.1,13.85,31.6,31.9,31.9,31.8,optimal,optimal,optimal,optimal,optimal,optimal,→ stable,↑ increasing,→ stable,100.0,✅ EXCELLENT,False,NONE,3.7,0.2,NONE
1780088993.471,82.4,89.4,32.3,1531.0,44.3,13.76,31.9,32.2,31.7,32.4,optimal,optimal,optimal,optimal,optimal,optimal,→ stable,→ stable,→ stable,100.0,✅ EXCELLENT,False,NONE,3.2,0.2,NONE
1780088994.473,79.7,91.0,32.1,1543.0,45.9,13.8,32.0,31.9,31.8,32.3,optimal,optimal,optimal,optimal,optimal,optimal,→ stable,→ stable,→ stable,100.0,✅ EXCELLENT,False,NONE,3.3,0.0,NONE
1780088995.474,79.8,89.6,32.0,1499.0,44.6,13.8,32.3,32.2,32.3,31.9,optimal,optimal,optimal,optimal,optimal,optimal,→ stable,→ stable,→ stable,100.0,✅ EXCELLENT,False,NONE,3.4,0.1,NONE
1780088996.475,78.4,89.9,31.9,1495.0,46.0,13.83,32.2,31.7,32.1,31.7,optimal,optimal,optimal,optimal,optimal,optimal,→ stable,→ stable,→ stable,100.0,✅ EXCELLENT,False,NONE,3.5,0.0,NONE
1780088997.477,79.4,88.7,32.2,1528.0,44.1,13.8,31.9,31.7,31.6,32.3,optimal,optimal,optimal,optimal,optimal,optimal,↓ decreasing,→ stable,→ stable,100.0,✅ EXCELLENT,False,NONE,3.2,0.8,NONE
1780088998.478,80.5,88.5,32.1,1546.0,45.0,13.75,31.8,32.1,31.8,32.4,optimal,optimal,optimal,optimal,optimal,optimal,→ stable,→ stable,→ stable,100.0,✅ EXCELLENT,False,NONE,3.3,1.1,NONE
1780088999.478,79.5,89.9,32.1,1517.0,45.5,13.76,31.9,32.0,32.0,31.7,optimal,optimal,optimal,optimal,optimal,optimal,→ stable,→ stable,→ stable,100.0,✅ EXCELLENT,False,NONE,3.3,0.0,NONE
1780089000.48,81.0,90.8,32.0,1482.0,44.2,13.85,32.4,31.8,32.2,32.0,optimal,optimal,optimal,optimal,optimal,optimal,→ stable,↓ decreasing,→ stable,100.0,✅ EXCELLENT,False,NONE,3.5,0.0,NONE
1780089001.48,82.7,90.3,31.8,1469.0,44.8,13.77,31.7,31.8,31.8,31.7,optimal,optimal,optimal,optimal,optimal,optimal,→ stable,↓ decreasing,→ stable,100.0,✅ EXCELLENT,False,NONE,3.8,0.0,NONE
1780089002.481,83.0,90.3,32.1,1490.0,44.2,13.78,32.2,31.8,32.1,32.3,optimal,optimal,optimal,optimal,optimal,optimal,→ stable,↓ decreasing,→ stable,100.0,✅ EXCELLENT,False,NONE,3.4,0.0,NONE
1780089003.482,82.4,90.9,32.0,1484.0,45.8,13.78,32.3,32.0,31.6,31.9,optimal,optimal,optimal,optimal,optimal,optimal,→ stable,→ stable,→ stable,100.0,✅ EXCELLENT,False,NONE,3.5,0.0,NONE
1780089004.484,77.5,90.7,31.9,1458.0,45.7,13.79,32.2,32.3,32.0,32.0,optimal,optimal,optimal,optimal,optimal,optimal,→ stable,→ stable,→ stable,100.0,✅ EXCELLENT,False,NONE,3.4,0.0,NONE
1780089005.485,81.4,89.5,31.9,1548.0,45.4,13.85,32.0,31.8,32.0,31.8,optimal,optimal,optimal,optimal,optimal,optimal,↑ increasing,→ stable,→ stable,100.0,✅ EXCELLENT,False,NONE,3.6,0.1,NONE
1780089006.486,82.1,90.8,32.3,1523.0,44.8,13.84,32.4,32.0,32.0,32.2,optimal,optimal,optimal,optimal,optimal,optimal,↑ increasing,→ stable,→ stable,100.0,✅ EXCELLENT,False,NONE,3.2,0.0,NONE
1780089007.486,80.2,91.4,32.1,1505.0,44.7,13.83,32.4,31.7,32.3,31.8,optimal,optimal,optimal,optimal,optimal,optimal,↑ increasing,→ stable,→ stable,100.0,✅ EXCELLENT,False,NONE,3.3,0.0,NONE
1780089008.487,77.0,89.3,31.8,1522.0,45.5,13.75,32.1,31.8,32.0,31.7,optimal,optimal,optimal,optimal,optimal,optimal,↑ increasing,↑ increasing,→ stable,100.0,✅ EXCELLENT,False,NONE,3.5,0.2,NONE
1780089009.489,78.0,90.7,32.1,1530.0,45.2,13.85,32.0,31.9,32.0,32.0,optimal,optimal,optimal,optimal,optimal,optimal,↑ increasing,↑ increasing,→ stable,100.0,✅ EXCELLENT,False,NONE,3.2,0.0,NONE
1780089010.49,77.1,90.1,31.9,1516.0,44.1,13.77,32.2,31.9,31.8,32.0,optimal,optimal,optimal,optimal,optimal,optimal,→ stable,↑ increasing,→ stable,100.0,✅ EXCELLENT,False,NONE,3.4,0.0,NONE
1780089011.491,82.7,90.8,31.6,1540.0,45.8,13.83,32.2,32.2,32.3,32.0,optimal,optimal,optimal,optimal,optimal,optimal,→ stable,↑ increasing,→ stable,100.0,✅ EXCELLENT,False,NONE,4.0,0.0,NONE
1780089012.491,82.1,89.5,32.2,1498.0,45.4,13.76,32.1,31.6,32.3,32.1,optimal,optimal,optimal,optimal,optimal,optimal,↓ decreasing,↑ increasing,→ stable,100.0,✅ EXCELLENT,False,NONE,3.3,0.1,NONE
1780089013.492,81.9,90.6,32.3,1544.0,45.5,13.76,31.7,32.1,32.3,32.3,optimal,optimal,optimal,optimal,optimal,optimal,↓ decreasing,→ stable,→ stable,100.0,✅ EXCELLENT,False,NONE,3.2,0.0,NONE
1780089014.494,78.7,89.1,32.3,1458.0,44.4,13.77,32.1,32.0,31.7,32.2,optimal,optimal,optimal,optimal,optimal,optimal,→ stable,→ stable,→ stable,100.0,✅ EXCELLENT,False,NONE,3.0,0.4,NONE
1780089015.494,77.2,90.8,32.1,1506.0,44.6,13.8,32.0,32.3,31.8,31.7,optimal,optimal,optimal,optimal,optimal,optimal,↓ decreasing,→ stable,→ stable,100.0,✅ EXCELLENT,False,NONE,3.2,0.0,NONE
1780089016.494,78.4,91.5,31.7,1514.0,44.2,13.77,31.6,32.3,31.9,32.4,optimal,optimal,optimal,optimal,optimal,optimal,↓ decreasing,→ stable,→ stable,100.0,✅ EXCELLENT,False,NONE,3.7,0.0,NONE
1780089017.496,78.6,89.7,32.3,1513.0,44.0,13.8,32.0,31.7,31.9,32.3,optimal,optimal,optimal,optimal,optimal,optimal,↓ decreasing,→ stable,→ stable,100.0,✅ EXCELLENT,False,NONE,3.0,0.0,NONE
1780089018.497,78.4,89.7,31.9,1463.0,44.9,13.8,32.0,31.6,31.8,31.9,optimal,optimal,optimal,optimal,optimal,optimal,↓ decreasing,→ stable,→ stable,100.0,✅ EXCELLENT,False,NONE,3.5,0.0,NONE
1780089019.498,82.5,88.8,31.9,1477.0,44.5,13.83,31.8,31.7,31.8,32.1,optimal,optimal,optimal,optimal,optimal,optimal,↓ decreasing,→ stable,→ stable,100.0,✅ EXCELLENT,False,NONE,3.7,0.7,NONE
1780089020.498,77.3,91.3,31.7,1513.0,45.0,13.77,31.6,32.1,32.1,32.2,optimal,optimal,optimal,optimal,optimal,optimal,→ stable,→ stable,→ stable,100.0,✅ EXCELLENT,False,NONE,3.6,0.0,NONE
1780089021.5,78.3,88.9,32.1,1537.0,45.6,13.77,31.7,32.2,32.0,32.3,optimal,optimal,optimal,optimal,optimal,optimal,↓ decreasing,→ stable,→ stable,100.0,✅ EXCELLENT,False,NONE,3.2,0.6,NONE
1780089022.5,79.2,89.6,32.0,1471.0,44.8,13.79,31.8,31.7,32.4,31.9,optimal,optimal,optimal,optimal,optimal,optimal,↓ decreasing,→ stable,→ stable,100.0,✅ EXCELLENT,False,NONE,3.4,0.1,NONE
1780089023.5,80.1,89.7,31.7,1543.0,44.6,13.82,32.0,32.1,31.9,32.1,optimal,optimal,optimal,optimal,optimal,optimal,↓ decreasing,→ stable,→ stable,100.0,✅ EXCELLENT,False,NONE,3.8,0.0,NONE
1780089024.502,82.6,88.8,31.7,1470.0,45.0,13.8,31.7,31.8,32.2,31.6,optimal,optimal,optimal,optimal,optimal,optimal,↓ decreasing,→ stable,→ stable,100.0,✅ EXCELLENT,False,NONE,3.9,0.7,NONE
1780089026.952,81.8,90.1,31.8,1545.0,45.6,13.75,32.2,32.2,32.3,32.4,optimal,optimal,optimal,optimal,optimal,optimal,→ stable,→ stable,→ stable,100.0,✅ EXCELLENT,False,NONE,3.7,0.0,NONE
1780089027.953,81.7,88.9,31.7,1478.0,44.9,13.84,32.2,32.1,32.2,32.1,optimal,optimal,optimal,optimal,optimal,optimal,↑ increasing,↓ decreasing,→ stable,100.0,✅ EXCELLENT,False,NONE,3.9,0.6,NONE
1780089028.954,82.7,88.9,32.4,1538.0,44.7,13.8,32.0,32.0,32.4,31.6,optimal,optimal,optimal,optimal,optimal,optimal,↑ increasing,↓ decreasing,→ stable,100.0,✅ EXCELLENT,False,NONE,3.1,0.6,NONE
1780089029.956,80.0,89.1,32.3,1521.0,44.4,13.77,32.3,32.3,32.4,31.7,optimal,optimal,optimal,optimal,optimal,optimal,↑ increasing,↓ decreasing,→ stable,100.0,✅ EXCELLENT,False,NONE,3.1,0.4,NONE
1780089030.957,79.7,89.8,31.7,1525.0,44.1,13.78,31.8,31.7,31.9,31.8,optimal,optimal,optimal,optimal,optimal,optimal,↑ increasing,↓ decreasing,→ stable,100.0,✅ EXCELLENT,False,NONE,3.8,0.0,NONE
1780089031.958,81.7,91.0,31.9,1532.0,45.7,13.84,31.7,31.7,31.6,32.1,optimal,optimal,optimal,optimal,optimal,optimal,↑ increasing,↓ decreasing,→ stable,100.0,✅ EXCELLENT,False,NONE,3.6,0.0,NONE
1780089032.96,80.9,89.2,32.1,1518.0,44.6,13.81,32.1,32.3,31.7,31.6,optimal,optimal,optimal,optimal,optimal,optimal,↑ increasing,→ stable,→ stable,100.0,✅ EXCELLENT,False,NONE,3.4,0.3,NONE
1780089033.962,80.5,91.4,32.3,1496.0,45.9,13.78,31.7,31.8,32.3,31.9,optimal,optimal,optimal,optimal,optimal,optimal,↑ increasing,→ stable,→ stable,100.0,✅ EXCELLENT,False,NONE,3.1,0.0,NONE
1780089034.963,81.8,90.0,32.3,1455.0,44.3,13.75,31.6,32.3,32.1,31.9,optimal,optimal,optimal,optimal,optimal,optimal,↑ increasing,→ stable,→ stable,100.0,✅ EXCELLENT,False,NONE,3.2,0.0,NONE
1780089035.965,82.0,89.7,31.9,1514.0,44.8,13.8,31.9,32.0,32.0,31.6,optimal,optimal,optimal,optimal,optimal,optimal,↑ increasing,→ stable,→ stable,100.0,✅ EXCELLENT,False,NONE,3.6,0.0,NONE
1780089036.966,79.4,88.6,32.1,1520.0,45.1,13.79,32.1,32.3,31.7,32.1,optimal,optimal,optimal,optimal,optimal,optimal,↑ increasing,→ stable,→ stable,100.0,✅ EXCELLENT,False,NONE,3.3,1.0,NONE
1780089037.967,79.5,89.6,31.8,1508.0,44.4,13.83,31.9,32.0,31.7,32.3,optimal,optimal,optimal,optimal,optimal,optimal,↑ increasing,→ stable,→ stable,100.0,✅ EXCELLENT,False,NONE,3.6,0.1,NONE
1780089038.969,78.6,91.1,32.2,1477.0,45.9,13.75,32.3,32.1,31.8,32.0,optimal,optimal,optimal,optimal,optimal,optimal,→ stable,→ stable,→ stable,100.0,✅ EXCELLENT,False,NONE,3.1,0.0,NONE
1780089039.97,78.7,90.2,31.9,1541.0,44.9,13.76,32.1,32.2,31.6,32.2,optimal,optimal,optimal,optimal,optimal,optimal,→ stable,↑ increasing,→ stable,100.0,✅ EXCELLENT,False,NONE,3.5,0.0,NONE
1780089040.971,80.3,89.9,32.1,1468.0,45.2,13.77,31.7,31.9,32.0,32.2,optimal,optimal,optimal,optimal,optimal,optimal,→ stable,↑ increasing,→ stable,100.0,✅ EXCELLENT,False,NONE,3.3,0.0,NONE
1780089041.972,78.4,91.4,32.0,1464.0,44.1,13.77,31.6,32.0,32.1,32.2,optimal,optimal,optimal,optimal,optimal,optimal,↓ decreasing,↑ increasing,→ stable,100.0,✅ EXCELLENT,False,NONE,3.4,0.0,NONE
1780089042.972,77.7,88.7,31.7,1535.0,44.9,13.8,32.3,32.2,32.2,31.9,optimal,optimal,optimal,optimal,optimal,optimal,↓ decreasing,↑ increasing,→ stable,100.0,✅ EXCELLENT,False,NONE,3.7,0.8,NONE
1780089043.973,77.1,91.0,32.4,1521.0,44.6,13.77,31.9,31.9,32.2,31.8,optimal,optimal,optimal,optimal,optimal,optimal,↓ decreasing,→ stable,→ stable,100.0,✅ EXCELLENT,False,NONE,2.9,0.0,NONE
1780089044.974,77.3,90.2,31.7,1472.0,44.5,13.8,31.6,31.6,32.0,31.8,optimal,optimal,optimal,optimal,optimal,optimal,↓ decreasing,→ stable,→ stable,100.0,✅ EXCELLENT,False,NONE,3.6,0.0,NONE
1780089045.975,79.7,89.0,31.6,1533.0,44.4,13.82,31.6,31.9,31.7,31.8,optimal,optimal,optimal,optimal,optimal,optimal,↓ decreasing,→ stable,→ stable,100.0,✅ EXCELLENT,False,NONE,3.9,0.5,NONE
1780089046.975,81.9,89.6,32.1,1480.0,44.6,13.75,31.7,31.9,31.7,32.2,optimal,optimal,optimal,optimal,optimal,optimal,↓ decreasing,→ stable,→ stable,100.0,✅ EXCELLENT,False,NONE,3.4,0.1,NONE
1780089047.977,80.3,88.8,32.1,1542.0,45.7,13.81,32.3,32.2,31.6,31.9,optimal,optimal,optimal,optimal,optimal,optimal,↓ decreasing,→ stable,→ stable,100.0,✅ EXCELLENT,False,NONE,3.3,0.7,NONE
1780089048.979,78.7,88.6,32.0,1545.0,44.2,13.77,31.9,31.7,32.2,32.3,optimal,optimal,optimal,optimal,optimal,optimal,↓ decreasing,→ stable,→ stable,100.0,✅ EXCELLENT,False,NONE,3.4,1.0,NONE
1780089049.98,82.8,89.1,31.7,1476.0,45.7,13.79,31.8,32.1,32.0,31.7,optimal,optimal,optimal,optimal,optimal,optimal,↓ decreasing,→ stable,→ stable,100.0,✅ EXCELLENT,False,NONE,3.9,0.4,NONE
1780089050.982,82.8,88.9,31.6,1481.0,44.9,13.8,32.0,32.1,31.9,31.9,optimal,optimal,optimal,optimal,optimal,optimal,↓ decreasing,↓ decreasing,→ stable,100.0,✅ EXCELLENT,False,NONE,4.0,0.6,NONE
1780089051.983,80.8,90.7,31.6,1521.0,44.1,13.82,31.7,32.2,32.3,32.3,optimal,optimal,optimal,optimal,optimal,optimal,→ stable,↓ decreasing,→ stable,100.0,✅ EXCELLENT,False,NONE,3.9,0.0,NONE
1780089052.983,78.2,90.8,31.7,1463.0,45.3,13.76,31.7,31.9,32.2,32.3,optimal,optimal,optimal,optimal,optimal,optimal,→ stable,→ stable,→ stable,100.0,✅ EXCELLENT,False,NONE,3.7,0.0,NONE
1780089053.985,78.3,89.4,32.4,1456.0,45.9,13.75,32.3,32.3,32.1,31.6,optimal,optimal,optimal,optimal,optimal,optimal,↑ increasing,↓ decreasing,→ stable,100.0,✅ EXCELLENT,False,NONE,2.9,0.2,NONE
1780089054.986,80.0,91.3,32.1,1467.0,45.7,13.81,32.4,31.6,31.7,32.1,optimal,optimal,optimal,optimal,optimal,optimal,↑ increasing,→ stable,→ stable,100.0,✅ EXCELLENT,False,NONE,3.3,0.0,NONE
1780089055.987,79.2,90.9,32.1,1518.0,45.5,13.81,32.4,31.8,32.2,32.2,optimal,optimal,optimal,optimal,optimal,optimal,↑ increasing,→ stable,→ stable,100.0,✅ EXCELLENT,False,NONE,3.3,0.0,NONE
1780089056.989,78.9,91.1,32.0,1498.0,44.4,13.84,32.4,31.7,32.3,32.0,optimal,optimal,optimal,optimal,optimal,optimal,↑ increasing,→ stable,→ stable,100.0,✅ EXCELLENT,False,NONE,3.4,0.0,NONE
1780089057.991,82.4,89.5,32.4,1481.0,44.7,13.77,31.8,32.3,32.2,32.3,optimal,optimal,optimal,optimal,optimal,optimal,↑ increasing,→ stable,→ stable,100.0,✅ EXCELLENT,False,NONE,3.1,0.1,NONE
1780089058.992,78.6,88.6,32.1,1496.0,44.3,13.84,32.3,32.3,32.3,31.8,optimal,optimal,optimal,optimal,optimal,optimal,↑ increasing,→ stable,→ stable,100.0,✅ EXCELLENT,False,NONE,3.3,1.0,NONE
1780089059.993,78.3,90.0,32.3,1478.0,45.8,13.83,32.3,32.0,31.7,32.3,optimal,optimal,optimal,optimal,optimal,optimal,→ stable,→ stable,→ stable,100.0,✅ EXCELLENT,False,NONE,3.0,0.0,NONE
1780089060.995,77.7,89.8,32.3,1540.0,45.3,13.82,32.2,31.9,31.7,31.6,optimal,optimal,optimal,optimal,optimal,optimal,→ stable,↑ increasing,→ stable,100.0,✅ EXCELLENT,False,NONE,3.0,0.0,NONE
1780089061.996,78.7,89.2,32.1,1530.0,46.0,13.8,31.6,31.6,32.1,32.2,optimal,optimal,optimal,optimal,optimal,optimal,↓ decreasing,↑ increasing,→ stable,100.0,✅ EXCELLENT,False,NONE,3.3,0.3,NONE
1780089062.997,77.8,90.5,32.3,1494.0,45.2,13.84,32.0,32.0,32.1,32.2,optimal,optimal,optimal,optimal,optimal,optimal,↓ decreasing,→ stable,→ stable,100.0,✅ EXCELLENT,False,NONE,3.0,0.0,NONE
1780089063.998,82.2,90.5,32.2,1454.0,44.3,13.82,31.8,32.3,31.6,32.3,optimal,optimal,optimal,optimal,optimal,optimal,↓ decreasing,↑ increasing,→ stable,100.0,✅ EXCELLENT,False,NONE,3.3,0.0,NONE
1780089064.999,81.0,88.9,31.9,1468.0,45.3,13.84,32.0,31.9,31.7,31.7,optimal,optimal,optimal,optimal,optimal,optimal,↓ decreasing,→ stable,→ stable,100.0,✅ EXCELLENT,False,NONE,3.6,0.6,NONE
1780089065.999,77.1,90.0,32.0,1487.0,44.2,13.76,32.3,32.3,31.7,32.3,optimal,optimal,optimal,optimal,optimal,optimal,↓ decreasing,→ stable,→ stable,100.0,✅ EXCELLENT,False,NONE,3.3,0.0,NONE
1780089066.999,77.3,90.2,31.7,1549.0,45.2,13.81,32.1,32.3,31.8,32.2,optimal,optimal,optimal,optimal,optimal,optimal,↓ decreasing,→ stable,→ stable,100.0,✅ EXCELLENT,False,NONE,3.6,0.0,NONE
1780089068.0,81.0,90.8,32.1,1459.0,45.8,13.82,32.1,31.6,31.7,32.0,optimal,optimal,optimal,optimal,optimal,optimal,↓ decreasing,→ stable,→ stable,100.0,✅ EXCELLENT,False,NONE,3.4,0.0,NONE
1780089069.002,77.3,88.8,32.4,1455.0,45.6,13.83,32.3,31.9,31.9,31.8,optimal,optimal,optimal,optimal,optimal,optimal,↓ decreasing,→ stable,→ stable,100.0,✅ EXCELLENT,False,NONE,2.9,0.7,NONE
1780089070.003,78.6,90.4,32.0,1502.0,44.3,13.76,31.9,31.6,32.0,32.1,optimal,optimal,optimal,optimal,optimal,optimal,↓ decreasing,→ stable,→ stable,100.0,✅ EXCELLENT,False,NONE,3.4,0.0,NONE
1780089071.004,79.9,91.0,32.4,1529.0,44.6,13.83,31.8,32.0,32.4,31.8,optimal,optimal,optimal,optimal,optimal,optimal,→ stable,→ stable,→ stable,100.0,✅ EXCELLENT,False,NONE,3.0,0.0,NONE
1780089072.006,81.3,89.8,32.1,1499.0,44.6,13.78,32.0,31.8,31.8,32.0,optimal,optimal,optimal,optimal,optimal,optimal,→ stable,→ stable,→ stable,100.0,✅ EXCELLENT,False,NONE,3.4,0.0,NONE
1780089073.006,79.8,89.9,32.1,1508.0,45.3,13.76,31.9,31.6,31.9,32.1,optimal,optimal,optimal,optimal,optimal,optimal,↑ increasing,→ stable,→ stable,100.0,✅ EXCELLENT,False,NONE,3.3,0.0,NONE
1780089074.007,77.3,89.1,32.0,1510.0,45.6,13.83,31.6,32.1,32.3,32.2,optimal,optimal,optimal,optimal,optimal,optimal,→ stable,→ stable,→ stable,100.0,✅ EXCELLENT,False,NONE,3.3,0.4,NONE
1780089075.008,78.7,90.0,31.7,1452.0,44.9,13.81,32.1,31.7,32.1,31.7,optimal,optimal,optimal,optimal,optimal,optimal,↓ decreasing,→ stable,→ stable,100.0,✅ EXCELLENT,False,NONE,3.7,0.0,NONE
1780089076.009,78.4,90.0,32.2,1483.0,44.6,13.76,31.7,32.0,32.1,32.1,optimal,optimal,optimal,optimal,optimal,optimal,→ stable,→ stable,→ stable,100.0,✅ EXCELLENT,False,NONE,3.1,0.0,NONE
1780089077.009,79.0,89.9,32.3,1503.0,44.1,13.84,31.7,32.2,31.7,31.9,optimal,optimal,optimal,optimal,optimal,optimal,→ stable,→ stable,→ stable,100.0,✅ EXCELLENT,False,NONE,3.0,0.0,NONE
1780089078.01,79.7,90.9,32.1,1461.0,45.5,13.78,31.9,31.6,32.3,31.7,optimal,optimal,optimal,optimal,optimal,optimal,→ stable,→ stable,→ stable,100.0,✅ EXCELLENT,False,NONE,3.3,0.0,NONE
1780089079.011,79.3,89.8,32.0,1464.0,45.5,13.77,31.7,31.7,31.9,32.2,optimal,optimal,optimal,optimal,optimal,optimal,→ stable,→ stable,→ stable,100.0,✅ EXCELLENT,False,NONE,3.4,0.0,NONE
1780089080.011,82.0,90.0,31.6,1518.0,45.1,13.77,31.7,32.1,32.2,32.2,optimal,optimal,optimal,optimal,optimal,optimal,↑ increasing,→ stable,→ stable,100.0,✅ EXCELLENT,False,NONE,4.0,0.0,NONE
1780089081.011,82.7,88.6,31.9,1539.0,44.5,13.76,31.6,31.7,31.9,31.9,optimal,optimal,optimal,optimal,optimal,optimal,↑ increasing,→ stable,→ stable,100.0,✅ EXCELLENT,False,NONE,3.7,1.0,NONE
1780089082.012,81.5,88.9,31.7,1500.0,45.1,13.79,31.9,31.8,32.0,31.9,optimal,optimal,optimal,optimal,optimal,optimal,→ stable,→ stable,→ stable,100.0,✅ EXCELLENT,False,NONE,3.8,0.6,NONE
1780089083.013,78.1,90.3,31.7,1510.0,45.3,13.81,31.8,31.9,31.8,31.8,optimal,optimal,optimal,optimal,optimal,optimal,→ stable,→ stable,→ stable,100.0,✅ EXCELLENT,False,NONE,3.7,0.0,NONE
1780089084.013,80.2,88.5,31.6,1514.0,44.8,13.81,32.2,31.6,31.8,31.8,optimal,optimal,optimal,optimal,optimal,optimal,↑ increasing,→ stable,→ stable,100.0,✅ EXCELLENT,False,NONE,3.9,1.1,NONE
1780089085.014,77.1,89.8,32.2,1498.0,44.2,13.76,32.3,32.2,31.8,31.8,optimal,optimal,optimal,optimal,optimal,optimal,↑ increasing,→ stable,→ stable,100.0,✅ EXCELLENT,False,NONE,3.1,0.0,NONE
1780089086.015,79.9,90.2,31.7,1464.0,44.8,13.77,31.7,32.1,31.8,31.8,optimal,optimal,optimal,optimal,optimal,optimal,↑ increasing,→ stable,→ stable,100.0,✅ EXCELLENT,False,NONE,3.8,0.0,NONE
1780089087.332,81.1,89.2,31.9,1484.0,45.5,13.76,32.0,32.1,32.1,31.8,optimal,optimal,optimal,optimal,optimal,optimal,↑ increasing,→ stable,→ stable,100.0,✅ EXCELLENT,False,NONE,3.6,0.3,NONE
1780089088.332,81.5,90.5,31.8,1473.0,44.9,13.78,32.0,31.8,32.1,32.3,optimal,optimal,optimal,optimal,optimal,optimal,↑ increasing,→ stable,→ stable,100.0,✅ EXCELLENT,False,NONE,3.7,0.0,NONE
1780089089.334,79.7,90.9,32.0,1538.0,45.1,13.76,31.8,31.6,32.1,32.2,optimal,optimal,optimal,optimal,optimal,optimal,↑ increasing,→ stable,→ stable,100.0,✅ EXCELLENT,False,NONE,3.4,0.0,NONE
1780089090.334,81.8,91.2,31.8,1529.0,45.3,13.81,31.7,32.3,31.9,31.7,optimal,optimal,optimal,optimal,optimal,optimal,↑ increasing,→ stable,→ stable,100.0,✅ EXCELLENT,False,NONE,3.7,0.0,NONE
1780089091.335,80.6,88.9,31.9,1536.0,45.5,13.82,31.7,32.2,31.8,32.1,optimal,optimal,optimal,optimal,optimal,optimal,→ stable,→ stable,→ stable,100.0,✅ EXCELLENT,False,NONE,3.6,0.6,NONE
1780089092.336,80.9,89.1,32.3,1517.0,44.2,13.82,31.9,31.8,31.9,32.3,optimal,optimal,optimal,optimal,optimal,optimal,→ stable,→ stable,→ stable,100.0,✅ EXCELLENT,False,NONE,3.1,0.4,NONE
1780089093.336,77.3,90.3,32.1,1489.0,44.6,13.84,32.3,32.2,32.0,32.2,optimal,optimal,optimal,optimal,optimal,optimal,→ stable,→ stable,→ stable,100.0,✅ EXCELLENT,False,NONE,3.2,0.0,NONE
1780089094.338,81.2,90.0,31.9,1498.0,45.9,13.76,32.3,31.7,32.2,31.8,optimal,optimal,optimal,optimal,optimal,optimal,→ stable,→ stable,→ stable,100.0,✅ EXCELLENT,False,NONE,3.6,0.0,NONE
1780089095.338,78.7,88.6,32.1,1452.0,45.0,13.83,32.0,32.0,32.2,31.8,optimal,optimal,optimal,optimal,optimal,optimal,→ stable,→ stable,→ stable,100.0,✅ EXCELLENT,False,NONE,3.3,1.0,NONE
1780089096.339,82.4,90.2,32.3,1450.0,45.9,13.78,32.4,32.1,32.3,31.7,optimal,optimal,optimal,optimal,optimal,optimal,↑ increasing,→ stable,→ stable,100.0,✅ EXCELLENT,False,NONE,3.2,0.0,NONE
1780089097.341,82.5,88.5,32.0,1538.0,45.4,13.76,32.1,31.8,31.7,32.3,optimal,optimal,optimal,optimal,optimal,optimal,→ stable,→ stable,→ stable,100.0,✅ EXCELLENT,False,NONE,3.5,1.1,NONE
1780089098.342,82.4,91.1,31.7,1469.0,45.2,13.79,31.8,32.3,32.2,31.7,optimal,optimal,optimal,optimal,optimal,optimal,→ stable,→ stable,→ stable,100.0,✅ EXCELLENT,False,NONE,3.9,0.0,NONE
1780089099.343,82.5,88.5,31.7,1498.0,44.2,13.82,32.4,31.9,32.0,32.3,optimal,optimal,optimal,optimal,optimal,optimal,↑ increasing,→ stable,→ stable,100.0,✅ EXCELLENT,False,NONE,3.9,1.1,NONE
1780089100.343,77.1,89.4,31.9,1452.0,44.6,13.83,32.2,31.7,31.9,31.9,optimal,optimal,optimal,optimal,optimal,optimal,→ stable,→ stable,→ stable,100.0,✅ EXCELLENT,False,NONE,3.4,0.2,NONE
1780089101.343,79.2,88.7,31.7,1525.0,44.4,13.84,32.0,31.9,31.9,32.2,optimal,optimal,optimal,optimal,optimal,optimal,→ stable,→ stable,→ stable,100.0,✅ EXCELLENT,False,NONE,3.7,0.8,NONE
1780089102.345,83.0,90.5,31.7,1477.0,46.0,13.77,32.3,32.3,32.1,31.6,optimal,optimal,optimal,optimal,optimal,optimal,↑ increasing,→ stable,→ stable,100.0,✅ EXCELLENT,False,NONE,3.9,0.0,NONE
1780089103.346,83.0,90.3,32.3,1492.0,44.3,13.85,32.1,31.7,32.0,31.8,optimal,optimal,optimal,optimal,optimal,optimal,↑ increasing,→ stable,→ stable,100.0,✅ EXCELLENT,False,NONE,3.2,0.0,NONE
1780089104.347,82.3,90.5,31.9,1450.0,44.7,13.83,31.9,32.1,32.0,32.4,optimal,optimal,optimal,optimal,optimal,optimal,↑ increasing,→ stable,→ stable,100.0,✅ EXCELLENT,False,NONE,3.6,0.0,NONE
1780089105.347,77.1,88.9,31.7,1486.0,45.3,13.8,31.7,32.1,32.1,31.8,optimal,optimal,optimal,optimal,optimal,optimal,↑ increasing,→ stable,→ stable,100.0,✅ EXCELLENT,False,NONE,3.6,0.6,NONE
1780089106.348,81.9,91.1,31.8,1491.0,44.8,13.78,31.6,32.0,32.3,31.7,optimal,optimal,optimal,optimal,optimal,optimal,↑ increasing,→ stable,→ stable,100.0,✅ EXCELLENT,False,NONE,3.7,0.0,NONE
1780089107.348,82.7,90.7,32.0,1462.0,45.9,13.75,31.8,31.8,32.0,31.8,optimal,optimal,optimal,optimal,optimal,optimal,→ stable,→ stable,→ stable,100.0,✅ EXCELLENT,False,NONE,3.5,0.0,NONE
1780089108.349,78.6,88.9,32.3,1485.0,44.4,13.79,31.9,32.0,32.0,32.3,optimal,optimal,optimal,optimal,optimal,optimal,→ stable,→ stable,→ stable,100.0,✅ EXCELLENT,False,NONE,3.0,0.6,NONE
1780089109.35,79.1,90.5,32.0,1529.0,45.0,13.75,32.1,31.9,31.6,32.3,optimal,optimal,optimal,optimal,optimal,optimal,↓ decreasing,→ stable,→ stable,100.0,✅ EXCELLENT,False,NONE,3.4,0.0,NONE
1780089110.351,81.8,90.6,32.3,1542.0,44.7,13.78,31.8,32.1,32.2,31.9,optimal,optimal,optimal,optimal,optimal,optimal,→ stable,↑ increasing,→ stable,100.0,✅ EXCELLENT,False,NONE,3.2,0.0,NONE
1780089111.352,77.4,88.7,32.3,1524.0,44.9,13.83,32.0,31.9,31.7,31.7,optimal,optimal,optimal,optimal,optimal,optimal,→ stable,↑ increasing,→ stable,100.0,✅ EXCELLENT,False,NONE,3.0,0.8,NONE
1780089112.352,82.0,91.1,31.9,1476.0,45.6,13.79,32.0,32.4,32.0,31.9,optimal,optimal,optimal,optimal,optimal,optimal,→ stable,↑ increasing,→ stable,100.0,✅ EXCELLENT,False,NONE,3.6,0.0,NONE
1780089113.353,80.9,88.9,31.7,1535.0,45.1,13.8,32.1,32.1,31.9,32.0,optimal,optimal,optimal,optimal,optimal,optimal,↓ decreasing,→ stable,→ stable,100.0,✅ EXCELLENT,False,NONE,3.8,0.6,NONE
1780089114.355,81.1,91.1,31.7,1548.0,44.6,13.81,32.1,31.9,32.0,32.3,optimal,optimal,optimal,optimal,optimal,optimal,↓ decreasing,→ stable,→ stable,100.0,✅ EXCELLENT,False,NONE,3.8,0.0,NONE
1780089115.356,78.9,91.2,31.6,1519.0,45.3,13.77,31.7,31.8,31.7,32.2,optimal,optimal,optimal,optimal,optimal,optimal,↓ decreasing,↑ increasing,→ stable,100.0,✅ EXCELLENT,False,NONE,3.8,0.0,NONE
1780089116.357,77.9,89.5,31.6,1457.0,45.3,13.77,32.3,32.0,31.8,31.9,optimal,optimal,optimal,optimal,optimal,optimal,↓ decreasing,→ stable,→ stable,100.0,✅ EXCELLENT,False,NONE,3.8,0.1,NONE
1780089117.358,82.0,88.7,32.1,1452.0,45.0,13.83,32.1,32.3,32.3,31.8,optimal,optimal,optimal,optimal,optimal,optimal,↓ decreasing,→ stable,→ stable,100.0,✅ EXCELLENT,False,NONE,3.4,0.8,NONE
1780089118.358,80.5,89.0,31.8,1528.0,45.7,13.85,32.0,31.8,32.1,32.0,optimal,optimal,optimal,optimal,optimal,optimal,↓ decreasing,→ stable,→ stable,100.0,✅ EXCELLENT,False,NONE,3.7,0.5,NONE
1780089119.36,77.3,89.7,31.9,1510.0,45.2,13.78,32.0,32.1,31.8,31.7,optimal,optimal,optimal,optimal,optimal,optimal,→ stable,→ stable,→ stable,100.0,✅ EXCELLENT,False,NONE,3.4,0.0,NONE
1780089120.361,77.3,90.4,32.4,1538.0,44.8,13.76,32.3,32.3,31.9,32.3,optimal,optimal,optimal,optimal,optimal,optimal,↓ decreasing,→ stable,→ stable,100.0,✅ EXCELLENT,False,NONE,2.9,0.0,NONE
1780089121.362,80.1,88.9,31.8,1479.0,45.1,13.85,32.1,32.1,32.1,31.7,optimal,optimal,optimal,optimal,optimal,optimal,↓ decreasing,→ stable,→ stable,100.0,✅ EXCELLENT,False,NONE,3.7,0.6,NONE
1780089122.363,79.1,90.4,32.0,1450.0,45.8,13.76,32.0,31.7,31.8,32.2,optimal,optimal,optimal,optimal,optimal,optimal,↓ decreasing,→ stable,→ stable,100.0,✅ EXCELLENT,False,NONE,3.4,0.0,NONE
1780089123.363,78.0,89.8,32.3,1544.0,44.4,13.83,31.7,31.8,32.2,32.2,optimal,optimal,optimal,optimal,optimal,optimal,↓ decreasing,→ stable,→ stable,100.0,✅ EXCELLENT,False,NONE,3.0,0.0,NONE
1780089124.364,81.2,90.4,31.8,1512.0,44.6,13.77,32.4,32.2,32.0,31.6,optimal,optimal,optimal,optimal,optimal,optimal,↓ decreasing,→ stable,→ stable,100.0,✅ EXCELLENT,False,NONE,3.7,0.0,NONE
1780089125.364,78.8,90.3,32.1,1531.0,44.2,13.8,32.2,32.1,31.9,32.3,optimal,optimal,optimal,optimal,optimal,optimal,↓ decreasing,↓ decreasing,→ stable,100.0,✅ EXCELLENT,False,NONE,3.3,0.0,NONE
1780089126.364,77.4,90.0,31.6,1519.0,44.3,13.8,32.1,31.9,32.1,31.7,optimal,optimal,optimal,optimal,optimal,optimal,↓ decreasing,→ stable,→ stable,100.0,✅ EXCELLENT,False,NONE,3.8,0.0,NONE
1780089127.365,78.5,89.6,31.8,1460.0,44.4,13.78,32.3,31.6,32.3,31.8,optimal,optimal,optimal,optimal,optimal,optimal,↓ decreasing,→ stable,→ stable,100.0,✅ EXCELLENT,False,NONE,3.6,0.1,NONE
1780089128.366,80.9,90.5,32.0,1514.0,45.3,13.77,31.8,31.8,31.9,32.0,optimal,optimal,optimal,optimal,optimal,optimal,↓ decreasing,→ stable,→ stable,100.0,✅ EXCELLENT,False,NONE,3.5,0.0,NONE
1780089129.366,79.2,89.1,31.8,1487.0,45.7,13.82,31.7,32.4,32.2,31.8,optimal,optimal,optimal,optimal,optimal,optimal,↓ decreasing,→ stable,→ stable,100.0,✅ EXCELLENT,False,NONE,3.6,0.4,NONE
1780089130.367,80.9,91.2,31.9,1499.0,45.5,13.79,31.8,31.7,32.0,32.0,optimal,optimal,optimal,optimal,optimal,optimal,→ stable,→ stable,→ stable,100.0,✅ EXCELLENT,False,NONE,3.6,0.0,NONE
1780089131.368,78.7,89.8,32.2,1529.0,45.6,13.82,32.2,32.1,32.1,32.3,optimal,optimal,optimal,optimal,optimal,optimal,↓ decreasing,→ stable,→ stable,100.0,✅ EXCELLENT,False,NONE,3.1,0.0,NONE
1780089132.369,77.1,89.5,32.4,1507.0,45.1,13.77,31.9,31.8,32.3,31.8,optimal,optimal,optimal,optimal,optimal,optimal,→ stable,→ stable,→ stable,100.0,✅ EXCELLENT,False,NONE,2.9,0.1,NONE
1780089133.37,77.1,89.8,32.0,1469.0,45.3,13.82,31.6,31.8,31.9,31.7,optimal,optimal,optimal,optimal,optimal,optimal,→ stable,→ stable,→ stable,100.0,✅ EXCELLENT,False,NONE,3.3,0.0,NONE
1780089134.371,82.8,90.5,31.8,1479.0,44.5,13.77,31.6,31.8,32.3,32.2,optimal,optimal,optimal,optimal,optimal,optimal,→ stable,→ stable,→ stable,100.0,✅ EXCELLENT,False,NONE,3.8,0.0,NONE
1780089135.372,78.7,88.9,31.7,1465.0,45.1,13.83,32.0,32.0,32.4,31.9,optimal,optimal,optimal,optimal,optimal,optimal,→ stable,→ stable,→ stable,100.0,✅ EXCELLENT,False,NONE,3.7,0.6,NONE
1780089136.373,80.2,90.7,32.0,1455.0,45.0,13.82,31.8,32.1,32.0,32.2,optimal,optimal,optimal,optimal,optimal,optimal,→ stable,→ stable,→ stable,100.0,✅ EXCELLENT,False,NONE,3.4,0.0,NONE
1780089137.376,82.2,91.5,32.2,1461.0,44.3,13.75,32.0,32.3,32.0,32.1,optimal,optimal,optimal,optimal,optimal,optimal,↑ increasing,→ stable,→ stable,100.0,✅ EXCELLENT,False,NONE,3.3,0.0,NONE
1780089138.378,80.1,88.8,32.3,1508.0,44.7,13.79,31.9,31.8,31.7,32.3,optimal,optimal,optimal,optimal,optimal,optimal,↑ increasing,→ stable,→ stable,100.0,✅ EXCELLENT,False,NONE,3.1,0.7,NONE
1780089139.379,77.7,88.7,31.9,1481.0,45.1,13.79,32.1,32.3,32.2,32.1,optimal,optimal,optimal,optimal,optimal,optimal,→ stable,→ stable,→ stable,100.0,✅ EXCELLENT,False,NONE,3.4,0.8,NONE
1780089140.38,77.4,89.4,32.3,1522.0,44.4,13.81,31.6,31.7,31.7,32.4,optimal,optimal,optimal,optimal,optimal,optimal,→ stable,→ stable,→ stable,100.0,✅ EXCELLENT,False,NONE,3.0,0.2,NONE
1780089141.381,78.4,88.9,32.0,1518.0,45.6,13.81,31.7,32.3,32.3,32.0,optimal,optimal,optimal,optimal,optimal,optimal,→ stable,→ stable,→ stable,100.0,✅ EXCELLENT,False,NONE,3.4,0.6,NONE
1780089142.383,82.7,90.2,31.9,1462.0,44.3,13.78,32.1,32.0,32.0,31.9,optimal,optimal,optimal,optimal,optimal,optimal,↑ increasing,→ stable,→ stable,100.0,✅ EXCELLENT,False,NONE,3.7,0.0,NONE
1780089143.384,79.1,89.1,31.8,1528.0,44.5,13.85,31.9,32.3,32.4,32.2,optimal,optimal,optimal,optimal,optimal,optimal,↑ increasing,→ stable,→ stable,100.0,✅ EXCELLENT,False,NONE,3.6,0.4,NONE
1780089144.384,77.6,89.8,32.1,1454.0,45.1,13.83,31.9,32.1,32.2,31.6,optimal,optimal,optimal,optimal,optimal,optimal,→ stable,→ stable,→ stable,100.0,✅ EXCELLENT,False,NONE,3.2,0.0,NONE
1780089145.386,77.8,91.4,31.7,1505.0,44.1,13.76,31.7,31.9,32.1,31.8,optimal,optimal,optimal,optimal,optimal,optimal,→ stable,→ stable,→ stable,100.0,✅ EXCELLENT,False,NONE,3.7,0.0,NONE
1780089146.388,78.6,91.0,32.0,1537.0,44.6,13.78,31.6,32.4,32.4,31.9,optimal,optimal,optimal,optimal,optimal,optimal,→ stable,→ stable,→ stable,100.0,✅ EXCELLENT,False,NONE,3.4,0.0,NONE
1780089147.819,78.1,89.3,32.2,1542.0,44.3,13.85,31.6,32.3,31.7,31.7,optimal,optimal,optimal,optimal,optimal,optimal,↓ decreasing,→ stable,→ stable,100.0,✅ EXCELLENT,False,NONE,3.1,0.2,NONE
1780089148.82,81.3,90.4,32.1,1503.0,45.0,13.78,31.8,31.9,32.2,32.1,optimal,optimal,optimal,optimal,optimal,optimal,↓ decreasing,→ stable,→ stable,100.0,✅ EXCELLENT,False,NONE,3.4,0.0,NONE
1780089149.822,77.8,90.7,32.1,1493.0,45.4,13.84,32.1,32.2,31.7,32.1,optimal,optimal,optimal,optimal,optimal,optimal,↓ decreasing,→ stable,→ stable,100.0,✅ EXCELLENT,False,NONE,3.2,0.0,NONE
1780089150.823,80.8,90.3,31.8,1513.0,45.0,13.8,32.0,32.2,32.3,31.7,optimal,optimal,optimal,optimal,optimal,optimal,→ stable,→ stable,→ stable,100.0,✅ EXCELLENT,False,NONE,3.7,0.0,NONE
1780089151.824,80.9,90.9,32.4,1544.0,45.5,13.76,31.7,31.7,32.0,31.7,optimal,optimal,optimal,optimal,optimal,optimal,→ stable,↑ increasing,→ stable,100.0,✅ EXCELLENT,False,NONE,3.0,0.0,NONE
1780089152.826,78.1,89.2,32.0,1513.0,45.3,13.76,31.7,32.1,32.3,31.8,optimal,optimal,optimal,optimal,optimal,optimal,↓ decreasing,→ stable,→ stable,100.0,✅ EXCELLENT,False,NONE,3.3,0.3,NONE
1780089153.828,78.3,90.5,32.0,1482.0,45.4,13.78,31.6,32.3,31.9,32.3,optimal,optimal,optimal,optimal,optimal,optimal,↓ decreasing,↑ increasing,→ stable,100.0,✅ EXCELLENT,False,NONE,3.4,0.0,NONE
1780089154.829,81.9,90.3,31.7,1549.0,45.4,13.77,31.9,31.9,32.3,31.8,optimal,optimal,optimal,optimal,optimal,optimal,→ stable,↑ increasing,→ stable,100.0,✅ EXCELLENT,False,NONE,3.9,0.0,NONE
1780089155.831,78.9,90.6,32.3,1490.0,44.4,13.83,32.2,32.0,31.9,32.0,optimal,optimal,optimal,optimal,optimal,optimal,→ stable,→ stable,→ stable,100.0,✅ EXCELLENT,False,NONE,3.0,0.0,NONE
1780089156.832,77.2,88.8,32.0,1541.0,45.1,13.77,31.9,32.0,31.8,31.6,optimal,optimal,optimal,optimal,optimal,optimal,→ stable,→ stable,→ stable,100.0,✅ EXCELLENT,False,NONE,3.3,0.7,NONE
1780089157.833,79.8,91.0,32.2,1503.0,45.1,13.82,32.0,31.8,32.2,31.7,optimal,optimal,optimal,optimal,optimal,optimal,↑ increasing,↑ increasing,→ stable,100.0,✅ EXCELLENT,False,NONE,3.2,0.0,NONE
1780089158.834,80.6,90.6,31.9,1513.0,45.7,13.75,31.6,32.1,32.1,31.8,optimal,optimal,optimal,optimal,optimal,optimal,↑ increasing,→ stable,→ stable,100.0,✅ EXCELLENT,False,NONE,3.6,0.0,NONE
1780089159.835,82.6,88.9,31.7,1518.0,44.4,13.8,31.7,32.3,32.3,32.2,optimal,optimal,optimal,optimal,optimal,optimal,↑ increasing,→ stable,→ stable,100.0,✅ EXCELLENT,False,NONE,3.9,0.6,NONE
1780089160.836,78.0,88.5,31.8,1484.0,45.1,13.79,32.1,31.7,32.3,31.8,optimal,optimal,optimal,optimal,optimal,optimal,→ stable,→ stable,→ stable,100.0,✅ EXCELLENT,False,NONE,3.6,1.1,NONE
1780089161.837,78.8,89.9,32.2,1509.0,44.6,13.83,31.7,31.8,32.1,32.4,optimal,optimal,optimal,optimal,optimal,optimal,→ stable,→ stable,→ stable,100.0,✅ EXCELLENT,False,NONE,3.2,0.0,NONE
1780089162.837,80.4,90.9,31.6,1482.0,45.4,13.78,31.7,32.0,32.0,32.1,optimal,optimal,optimal,optimal,optimal,optimal,↑ increasing,→ stable,→ stable,100.0,✅ EXCELLENT,False,NONE,3.9,0.0,NONE
1780089163.838,80.5,90.4,32.3,1545.0,45.8,13.78,31.8,32.2,31.9,31.7,optimal,optimal,optimal,optimal,optimal,optimal,↑ increasing,→ stable,→ stable,100.0,✅ EXCELLENT,False,NONE,3.1,0.0,NONE
1780089164.839,78.9,90.4,31.7,1481.0,45.5,13.81,31.9,31.8,31.9,32.3,optimal,optimal,optimal,optimal,optimal,optimal,→ stable,→ stable,→ stable,100.0,✅ EXCELLENT,False,NONE,3.7,0.0,NONE
1780089165.84,77.7,88.9,32.1,1493.0,45.3,13.82,31.9,32.3,32.2,32.1,optimal,optimal,optimal,optimal,optimal,optimal,→ stable,→ stable,→ stable,100.0,✅ EXCELLENT,False,NONE,3.2,0.6,NONE
1780089166.84,81.7,90.6,31.9,1459.0,44.4,13.76,31.7,31.8,31.7,32.3,optimal,optimal,optimal,optimal,optimal,optimal,↑ increasing,→ stable,→ stable,100.0,✅ EXCELLENT,False,NONE,3.6,0.0,NONE
1780089167.841,78.9,90.8,32.4,1524.0,45.9,13.81,32.3,31.7,31.7,32.3,optimal,optimal,optimal,optimal,optimal,optimal,→ stable,→ stable,→ stable,100.0,✅ EXCELLENT,False,NONE,2.9,0.0,NONE
1780089168.842,79.1,90.1,32.1,1527.0,45.0,13.79,32.1,31.8,32.3,32.1,optimal,optimal,optimal,optimal,optimal,optimal,→ stable,→ stable,→ stable,100.0,✅ EXCELLENT,False,NONE,3.3,0.0,NONE
1780089169.843,79.4,91.3,32.0,1505.0,45.6,13.79,31.8,31.9,31.8,32.0,optimal,optimal,optimal,optimal,optimal,optimal,↓ decreasing,→ stable,→ stable,100.0,✅ EXCELLENT,False,NONE,3.4,0.0,NONE
1780089170.844,82.8,90.2,32.3,1459.0,44.5,13.76,31.7,32.1,31.9,31.7,optimal,optimal,optimal,optimal,optimal,optimal,→ stable,→ stable,→ stable,100.0,✅ EXCELLENT,False,NONE,3.2,0.0,NONE
1780089171.845,82.2,88.9,31.9,1510.0,44.9,13.79,32.0,31.9,32.2,32.1,optimal,optimal,optimal,optimal,optimal,optimal,↑ increasing,→ stable,→ stable,100.0,✅ EXCELLENT,False,NONE,3.6,0.6,NONE
1780089172.847,79.1,89.2,31.8,1478.0,45.0,13.84,32.3,32.0,32.1,32.4,optimal,optimal,optimal,optimal,optimal,optimal,→ stable,→ stable,→ stable,100.0,✅ EXCELLENT,False,NONE,3.6,0.3,NONE
1780089173.848,81.2,90.1,31.9,1538.0,44.7,13.82,32.2,32.1,32.0,32.0,optimal,optimal,optimal,optimal,optimal,optimal,→ stable,→ stable,→ stable,100.0,✅ EXCELLENT,False,NONE,3.6,0.0,NONE
1780089174.848,82.5,89.1,32.2,1478.0,44.3,13.79,32.2,31.7,31.9,32.1,optimal,optimal,optimal,optimal,optimal,optimal,↑ increasing,→ stable,→ stable,100.0,✅ EXCELLENT,False,NONE,3.3,0.4,NONE
1780089175.848,78.4,90.3,32.2,1517.0,45.8,13.79,32.3,32.4,31.8,31.7,optimal,optimal,optimal,optimal,optimal,optimal,↑ increasing,→ stable,→ stable,100.0,✅ EXCELLENT,False,NONE,3.1,0.0,NONE
1780089176.85,81.5,90.2,32.4,1547.0,44.0,13.75,32.0,32.3,31.7,31.9,optimal,optimal,optimal,optimal,optimal,optimal,↑ increasing,→ stable,→ stable,100.0,✅ EXCELLENT,False,NONE,3.0,0.0,NONE
1780089177.85,81.5,90.3,32.1,1469.0,44.6,13.78,31.9,32.2,32.3,32.2,optimal,optimal,optimal,optimal,optimal,optimal,↑ increasing,→ stable,→ stable,100.0,✅ EXCELLENT,False,NONE,3.4,0.0,NONE
1780089178.852,80.3,91.1,32.3,1453.0,44.3,13.76,32.4,31.6,31.9,31.9,optimal,optimal,optimal,optimal,optimal,optimal,↑ increasing,→ stable,→ stable,100.0,✅ EXCELLENT,False,NONE,3.1,0.0,NONE
1780089179.853,79.9,88.8,31.7,1548.0,45.0,13.79,32.3,31.8,32.1,31.7,optimal,optimal,optimal,optimal,optimal,optimal,↑ increasing,→ stable,→ stable,100.0,✅ EXCELLENT,False,NONE,3.8,0.7,NONE
1780089180.853,78.5,91.0,31.8,1459.0,44.8,13.81,31.7,31.6,32.1,32.0,optimal,optimal,optimal,optimal,optimal,optimal,↑ increasing,→ stable,→ stable,100.0,✅ EXCELLENT,False,NONE,3.6,0.0,NONE
1780089181.854,77.6,90.4,32.0,1502.0,45.3,13.83,32.3,31.6,32.1,32.2,optimal,optimal,optimal,optimal,optimal,optimal,→ stable,→ stable,→ stable,100.0,✅ EXCELLENT,False,NONE,3.3,0.0,NONE
1780089182.856,82.4,91.2,32.1,1512.0,44.6,13.78,32.0,31.7,31.9,31.7,optimal,optimal,optimal,optimal,optimal,optimal,→ stable,→ stable,→ stable,100.0,✅ EXCELLENT,False,NONE,3.4,0.0,NONE
1780089183.857,81.7,89.9,32.3,1543.0,46.0,13.83,32.2,31.9,32.3,32.1,optimal,optimal,optimal,optimal,optimal,optimal,→ stable,→ stable,→ stable,100.0,✅ EXCELLENT,False,NONE,3.2,0.0,NONE
1780089184.858,78.5,89.9,32.2,1492.0,46.0,13.79,32.3,32.1,31.8,32.4,optimal,optimal,optimal,optimal,optimal,optimal,→ stable,→ stable,→ stable,100.0,✅ EXCELLENT,False,NONE,3.1,0.0,NONE
1780089185.859,81.0,90.5,31.8,1519.0,45.9,13.78,31.8,31.8,32.0,31.6,optimal,optimal,optimal,optimal,optimal,optimal,→ stable,→ stable,→ stable,100.0,✅ EXCELLENT,False,NONE,3.7,0.0,NONE
1780089186.86,78.5,89.7,32.1,1499.0,46.0,13.83,32.0,32.1,32.3,32.1,optimal,optimal,optimal,optimal,optimal,optimal,↓ decreasing,→ stable,→ stable,100.0,✅ EXCELLENT,False,NONE,3.3,0.0,NONE
1780089187.861,80.7,91.1,32.1,1534.0,45.6,13.85,32.1,31.8,32.4,32.1,optimal,optimal,optimal,optimal,optimal,optimal,↓ decreasing,→ stable,→ stable,100.0,✅ EXCELLENT,False,NONE,3.3,0.0,NONE
1780089188.862,79.2,91.2,32.2,1544.0,45.0,13.83,31.9,31.7,32.0,31.7,optimal,optimal,optimal,optimal,optimal,optimal,↓ decreasing,→ stable,→ stable,100.0,✅ EXCELLENT,False,NONE,3.2,0.0,NONE
1780089189.863,82.8,90.0,31.8,1461.0,44.3,13.79,31.9,32.4,32.1,31.6,optimal,optimal,optimal,optimal,optimal,optimal,↓ decreasing,↑ increasing,→ stable,100.0,✅ EXCELLENT,False,NONE,3.8,0.0,NONE
1780089190.863,78.4,90.6,31.8,1512.0,45.5,13.84,32.1,31.8,32.3,32.1,optimal,optimal,optimal,optimal,optimal,optimal,→ stable,↑ increasing,→ stable,100.0,✅ EXCELLENT,False,NONE,3.6,0.0,NONE
1780089191.865,82.7,89.3,32.4,1467.0,45.0,13.84,31.9,31.7,32.1,32.2,optimal,optimal,optimal,optimal,optimal,optimal,↑ increasing,→ stable,→ stable,100.0,✅ EXCELLENT,False,NONE,3.1,0.2,NONE
1780089192.865,82.6,89.0,32.1,1456.0,44.8,13.84,32.3,31.7,32.3,32.3,optimal,optimal,optimal,optimal,optimal,optimal,→ stable,→ stable,→ stable,100.0,✅ EXCELLENT,False,NONE,3.4,0.5,NONE
1780089193.866,79.8,89.2,32.0,1523.0,44.2,13.82,31.6,31.8,32.0,31.7,optimal,optimal,optimal,optimal,optimal,optimal,→ stable,→ stable,→ stable,100.0,✅ EXCELLENT,False,NONE,3.4,0.3,NONE
1780089194.867,79.6,90.3,32.1,1506.0,44.9,13.77,31.7,31.8,32.2,31.6,optimal,optimal,optimal,optimal,optimal,optimal,→ stable,→ stable,→ stable,100.0,✅ EXCELLENT,False,NONE,3.3,0.0,NONE
1780089195.868,77.9,90.5,32.1,1504.0,45.4,13.79,31.7,32.2,31.8,32.4,optimal,optimal,optimal,optimal,optimal,optimal,→ stable,→ stable,→ stable,100.0,✅ EXCELLENT,False,NONE,3.2,0.0,NONE
1780089196.869,78.6,90.4,32.1,1539.0,44.8,13.76,32.1,31.7,32.1,32.1,optimal,optimal,optimal,optimal,optimal,optimal,→ stable,→ stable,→ stable,100.0,✅ EXCELLENT,False,NONE,3.3,0.0,NONE
1780089197.87,81.8,90.9,31.7,1507.0,44.1,13.83,32.3,31.7,31.7,32.3,optimal,optimal,optimal,optimal,optimal,optimal,→ stable,→ stable,→ stable,100.0,✅ EXCELLENT,False,NONE,3.9,0.0,NONE
1780089198.87,80.4,89.5,32.1,1513.0,44.9,13.82,32.3,31.7,31.6,31.8,optimal,optimal,optimal,optimal,optimal,optimal,↑ increasing,→ stable,→ stable,100.0,✅ EXCELLENT,False,NONE,3.3,0.1,NONE
1780089199.872,77.1,90.1,32.1,1547.0,44.6,13.81,32.3,32.0,32.3,32.2,optimal,optimal,optimal,optimal,optimal,optimal,→ stable,↓ decreasing,→ stable,100.0,✅ EXCELLENT,False,NONE,3.2,0.0,NONE
1780089200.873,81.7,88.9,31.8,1493.0,44.5,13.81,32.4,32.2,32.4,32.3,optimal,optimal,optimal,optimal,optimal,optimal,→ stable,↓ decreasing,→ stable,100.0,✅ EXCELLENT,False,NONE,3.7,0.6,NONE
1780089201.874,81.8,91.0,31.8,1485.0,44.6,13.76,32.2,32.1,31.8,32.1,optimal,optimal,optimal,optimal,optimal,optimal,→ stable,→ stable,→ stable,100.0,✅ EXCELLENT,False,NONE,3.7,0.0,NONE
1780089202.876,79.8,89.3,31.6,1515.0,44.3,13.75,32.3,31.6,31.8,31.9,optimal,optimal,optimal,optimal,optimal,optimal,↓ decreasing,→ stable,→ stable,100.0,✅ EXCELLENT,False,NONE,3.9,0.2,NONE
1780089203.877,77.4,90.5,31.9,1510.0,44.8,13.84,32.1,31.9,31.6,31.7,optimal,optimal,optimal,optimal,optimal,optimal,↓ decreasing,→ stable,→ stable,100.0,✅ EXCELLENT,False,NONE,3.4,0.0,NONE
1780089204.878,79.7,89.8,32.2,1473.0,44.5,13.83,32.3,31.8,32.2,32.1,optimal,optimal,optimal,optimal,optimal,optimal,↓ decreasing,→ stable,→ stable,100.0,✅ EXCELLENT,False,NONE,3.2,0.0,NONE
1780089205.878,79.8,89.1,32.4,1484.0,44.5,13.75,31.8,31.7,32.3,31.6,optimal,optimal,optimal,optimal,optimal,optimal,→ stable,→ stable,→ stable,100.0,✅ EXCELLENT,False,NONE,3.0,0.4,NONE
1780089206.879,77.5,90.2,32.1,1485.0,44.4,13.83,32.0,31.8,32.2,32.4,optimal,optimal,optimal,optimal,optimal,optimal,↓ decreasing,→ stable,→ stable,100.0,✅ EXCELLENT,False,NONE,3.2,0.0,NONE
1780089208.055,77.7,89.8,32.3,1516.0,44.4,13.75,31.9,31.6,31.8,31.7,optimal,optimal,optimal,optimal,optimal,optimal,↓ decreasing,→ stable,→ stable,100.0,✅ EXCELLENT,False,NONE,3.0,0.0,NONE
1780089209.055,77.8,89.5,31.8,1458.0,45.2,13.83,32.1,32.4,32.4,31.9,optimal,optimal,optimal,optimal,optimal,optimal,↓ decreasing,→ stable,→ stable,100.0,✅ EXCELLENT,False,NONE,3.6,0.1,NONE
1780089210.057,77.8,88.7,31.7,1519.0,44.7,13.8,31.7,32.4,31.7,32.4,optimal,optimal,optimal,optimal,optimal,optimal,↓ decreasing,→ stable,→ stable,100.0,✅ EXCELLENT,False,NONE,3.7,0.8,NONE
1780089211.058,82.7,89.9,31.9,1517.0,44.3,13.81,32.4,32.1,32.2,31.9,optimal,optimal,optimal,optimal,optimal,optimal,↓ decreasing,→ stable,→ stable,100.0,✅ EXCELLENT,False,NONE,3.7,0.0,NONE
1780089212.059,77.6,90.8,31.7,1466.0,44.8,13.81,32.2,32.3,31.7,32.3,optimal,optimal,optimal,optimal,optimal,optimal,↓ decreasing,→ stable,→ stable,100.0,✅ EXCELLENT,False,NONE,3.7,0.0,NONE
1780089213.06,79.0,89.5,32.1,1502.0,44.4,13.8,31.8,32.3,31.7,31.7,optimal,optimal,optimal,optimal,optimal,optimal,↓ decreasing,→ stable,→ stable,100.0,✅ EXCELLENT,False,NONE,3.3,0.1,NONE
1780089214.061,77.0,89.9,31.8,1497.0,45.5,13.8,32.3,32.3,31.6,32.2,optimal,optimal,optimal,optimal,optimal,optimal,↓ decreasing,→ stable,→ stable,100.0,✅ EXCELLENT,False,NONE,3.5,0.0,NONE
1780089215.062,81.5,89.6,32.0,1507.0,44.3,13.82,32.1,32.0,31.9,31.8,optimal,optimal,optimal,optimal,optimal,optimal,↓ decreasing,→ stable,→ stable,100.0,✅ EXCELLENT,False,NONE,3.5,0.1,NONE
1780089216.063,78.0,90.9,31.7,1540.0,44.5,13.84,32.3,31.8,31.7,32.0,optimal,optimal,optimal,optimal,optimal,optimal,↓ decreasing,→ stable,→ stable,100.0,✅ EXCELLENT,False,NONE,3.7,0.0,NONE
1780089217.064,77.9,91.3,32.0,1467.0,45.8,13.81,31.7,31.7,32.4,31.8,optimal,optimal,optimal,optimal,optimal,optimal,↓ decreasing,→ stable,→ stable,100.0,✅ EXCELLENT,False,NONE,3.3,0.0,NONE
1780089218.065,78.5,89.8,31.7,1489.0,45.1,13.79,31.7,31.9,31.8,32.3,optimal,optimal,optimal,optimal,optimal,optimal,↓ decreasing,→ stable,→ stable,100.0,✅ EXCELLENT,False,NONE,3.7,0.0,NONE
1780089219.066,79.1,90.0,32.2,1473.0,45.7,13.76,32.3,31.9,31.8,32.1,optimal,optimal,optimal,optimal,optimal,optimal,→ stable,→ stable,→ stable,100.0,✅ EXCELLENT,False,NONE,3.2,0.0,NONE
1780089220.066,80.3,90.2,32.0,1536.0,44.5,13.84,31.9,32.2,32.2,32.0,optimal,optimal,optimal,optimal,optimal,optimal,→ stable,↑ increasing,→ stable,100.0,✅ EXCELLENT,False,NONE,3.4,0.0,NONE
1780089221.067,81.4,89.5,32.0,1493.0,45.6,13.82,32.2,32.3,31.8,31.8,optimal,optimal,optimal,optimal,optimal,optimal,→ stable,→ stable,→ stable,100.0,✅ EXCELLENT,False,NONE,3.5,0.1,NONE
1780089222.068,82.6,90.3,31.7,1452.0,45.6,13.84,32.1,31.7,32.0,32.3,optimal,optimal,optimal,optimal,optimal,optimal,↑ increasing,→ stable,→ stable,100.0,✅ EXCELLENT,False,NONE,3.9,0.0,NONE
1780089223.069,78.1,90.7,32.2,1462.0,44.1,13.83,32.0,32.2,31.8,32.0,optimal,optimal,optimal,optimal,optimal,optimal,↑ increasing,→ stable,→ stable,100.0,✅ EXCELLENT,False,NONE,3.1,0.0,NONE
1780089224.071,77.1,89.2,31.9,1536.0,45.6,13.77,32.0,31.7,32.2,31.6,optimal,optimal,optimal,optimal,optimal,optimal,↑ increasing,→ stable,→ stable,100.0,✅ EXCELLENT,False,NONE,3.4,0.3,NONE
1780089225.072,82.2,89.2,32.4,1484.0,45.4,13.8,31.6,32.0,31.7,32.3,optimal,optimal,optimal,optimal,optimal,optimal,↑ increasing,→ stable,→ stable,100.0,✅ EXCELLENT,False,NONE,3.1,0.3,NONE
1780089226.073,79.6,90.4,31.6,1542.0,44.1,13.81,32.2,31.7,32.3,31.7,optimal,optimal,optimal,optimal,optimal,optimal,↑ increasing,→ stable,→ stable,100.0,✅ EXCELLENT,False,NONE,3.9,0.0,NONE
1780089227.074,81.0,88.6,32.0,1529.0,44.7,13.81,31.8,32.1,32.2,32.0,optimal,optimal,optimal,optimal,optimal,optimal,↑ increasing,→ stable,→ stable,100.0,✅ EXCELLENT,False,NONE,3.5,1.0,NONE
1780089228.075,82.0,91.4,32.2,1514.0,45.9,13.77,32.0,31.9,32.4,31.9,optimal,optimal,optimal,optimal,optimal,optimal,↑ increasing,→ stable,→ stable,100.0,✅ EXCELLENT,False,NONE,3.3,0.0,NONE
1780089229.076,82.3,90.2,32.3,1472.0,44.1,13.83,31.9,31.9,32.1,31.7,optimal,optimal,optimal,optimal,optimal,optimal,↑ increasing,→ stable,→ stable,100.0,✅ EXCELLENT,False,NONE,3.2,0.0,NONE
1780089230.078,77.3,90.8,32.1,1538.0,45.8,13.84,31.6,32.2,32.3,31.7,optimal,optimal,optimal,optimal,optimal,optimal,↑ increasing,→ stable,→ stable,100.0,✅ EXCELLENT,False,NONE,3.2,0.0,NONE
1780089231.08,80.0,88.9,31.9,1503.0,44.6,13.84,32.3,31.8,32.1,32.2,optimal,optimal,optimal,optimal,optimal,optimal,↑ increasing,→ stable,→ stable,100.0,✅ EXCELLENT,False,NONE,3.5,0.6,NONE
1780089232.081,79.1,90.8,32.1,1497.0,44.4,13.83,32.3,31.8,31.6,31.9,optimal,optimal,optimal,optimal,optimal,optimal,→ stable,→ stable,→ stable,100.0,✅ EXCELLENT,False,NONE,3.3,0.0,NONE
1780089233.082,80.7,89.8,32.1,1514.0,44.8,13.84,32.3,32.1,31.9,32.2,optimal,optimal,optimal,optimal,optimal,optimal,↑ increasing,→ stable,→ stable,100.0,✅ EXCELLENT,False,NONE,3.3,0.0,NONE
1780089234.084,79.1,89.9,31.7,1518.0,45.0,13.84,32.3,32.0,32.1,31.6,optimal,optimal,optimal,optimal,optimal,optimal,↑ increasing,→ stable,→ stable,100.0,✅ EXCELLENT,False,NONE,3.7,0.0,NONE
1780089235.085,79.5,89.2,31.8,1459.0,44.8,13.81,31.7,32.2,31.9,32.3,optimal,optimal,optimal,optimal,optimal,optimal,↑ increasing,→ stable,→ stable,100.0,✅ EXCELLENT,False,NONE,3.6,0.3,NONE
1780089236.086,78.2,89.2,31.9,1471.0,44.6,13.84,32.0,32.2,31.7,32.1,optimal,optimal,optimal,optimal,optimal,optimal,→ stable,→ stable,→ stable,100.0,✅ EXCELLENT,False,NONE,3.5,0.3,NONE
1780089237.087,80.3,88.9,32.4,1465.0,44.7,13.84,32.0,31.7,31.6,32.0,optimal,optimal,optimal,optimal,optimal,optimal,→ stable,→ stable,→ stable,100.0,✅ EXCELLENT,False,NONE,3.0,0.6,NONE
1780089238.088,81.2,90.0,31.6,1461.0,45.3,13.82,31.7,32.3,31.7,32.0,optimal,optimal,optimal,optimal,optimal,optimal,↓ decreasing,→ stable,→ stable,100.0,✅ EXCELLENT,False,NONE,3.9,0.0,NONE
1780089239.088,79.3,90.1,31.8,1540.0,44.2,13.8,32.4,32.0,32.1,32.2,optimal,optimal,optimal,optimal,optimal,optimal,↓ decreasing,→ stable,→ stable,100.0,✅ EXCELLENT,False,NONE,3.6,0.0,NONE
1780089240.09,81.8,89.0,32.3,1469.0,44.3,13.85,32.1,32.3,32.1,32.0,optimal,optimal,optimal,optimal,optimal,optimal,→ stable,→ stable,→ stable,100.0,✅ EXCELLENT,False,NONE,3.2,0.5,NONE
1780089241.09,77.9,89.8,32.4,1547.0,44.2,13.78,32.3,32.3,32.0,31.7,optimal,optimal,optimal,optimal,optimal,optimal,↓ decreasing,→ stable,→ stable,100.0,✅ EXCELLENT,False,NONE,2.9,0.0,NONE
1780089242.092,80.1,88.7,32.2,1464.0,45.2,13.85,32.3,32.0,31.9,32.1,optimal,optimal,optimal,optimal,optimal,optimal,→ stable,↓ decreasing,→ stable,100.0,✅ EXCELLENT,False,NONE,3.2,0.8,NONE
1780089243.094,81.0,90.6,31.9,1470.0,45.9,13.82,32.2,32.1,31.7,32.2,optimal,optimal,optimal,optimal,optimal,optimal,→ stable,→ stable,→ stable,100.0,✅ EXCELLENT,False,NONE,3.6,0.0,NONE
1780089244.095,82.8,90.8,31.9,1524.0,44.8,13.82,31.9,32.0,31.6,32.2,optimal,optimal,optimal,optimal,optimal,optimal,→ stable,→ stable,→ stable,100.0,✅ EXCELLENT,False,NONE,3.7,0.0,NONE
1780089245.096,80.4,89.1,31.8,1495.0,45.5,13.79,32.4,31.9,32.3,31.7,optimal,optimal,optimal,optimal,optimal,optimal,→ stable,→ stable,→ stable,100.0,✅ EXCELLENT,False,NONE,3.7,0.4,NONE
1780089246.097,80.9,90.8,32.2,1512.0,45.4,13.78,32.0,32.3,32.0,32.3,optimal,optimal,optimal,optimal,optimal,optimal,↑ increasing,→ stable,→ stable,100.0,✅ EXCELLENT,False,NONE,3.2,0.0,NONE
1780089247.098,80.0,89.1,32.4,1513.0,45.7,13.79,32.3,32.4,32.1,31.7,optimal,optimal,optimal,optimal,optimal,optimal,↑ increasing,→ stable,→ stable,100.0,✅ EXCELLENT,False,NONE,3.0,0.4,NONE
1780089248.1,79.7,89.0,32.1,1506.0,44.3,13.8,31.6,31.8,32.3,31.9,optimal,optimal,optimal,optimal,optimal,optimal,↑ increasing,→ stable,→ stable,100.0,✅ EXCELLENT,False,NONE,3.3,0.5,NONE
1780089249.101,77.8,90.7,31.8,1455.0,44.1,13.75,32.3,32.3,32.1,32.0,optimal,optimal,optimal,optimal,optimal,optimal,↑ increasing,→ stable,→ stable,100.0,✅ EXCELLENT,False,NONE,3.6,0.0,NONE
1780089250.101,82.2,89.2,32.2,1489.0,44.0,13.84,32.2,31.9,32.2,31.8,optimal,optimal,optimal,optimal,optimal,optimal,→ stable,→ stable,→ stable,100.0,✅ EXCELLENT,False,NONE,3.3,0.3,NONE
1780089251.103,77.5,89.0,31.7,1476.0,45.7,13.82,31.8,32.2,31.9,32.2,optimal,optimal,optimal,optimal,optimal,optimal,↑ increasing,→ stable,→ stable,100.0,✅ EXCELLENT,False,NONE,3.7,0.5,NONE
1780089252.104,80.6,88.6,31.9,1475.0,44.1,13.75,32.3,31.6,32.2,31.9,optimal,optimal,optimal,optimal,optimal,optimal,→ stable,→ stable,→ stable,100.0,✅ EXCELLENT,False,NONE,3.6,1.0,NONE
1780089253.105,78.9,90.2,31.7,1495.0,45.0,13.81,31.8,31.9,31.7,31.9,optimal,optimal,optimal,optimal,optimal,optimal,→ stable,→ stable,→ stable,100.0,✅ EXCELLENT,False,NONE,3.7,0.0,NONE
1780089254.106,79.9,88.7,32.2,1523.0,44.4,13.84,32.3,32.1,31.9,31.8,optimal,optimal,optimal,optimal,optimal,optimal,→ stable,→ stable,→ stable,100.0,✅ EXCELLENT,False,NONE,3.2,0.8,NONE
1780089255.108,81.0,90.0,32.3,1492.0,44.2,13.77,31.7,32.1,32.1,31.7,optimal,optimal,optimal,optimal,optimal,optimal,→ stable,→ stable,→ stable,100.0,✅ EXCELLENT,False,NONE,3.1,0.0,NONE
1780089256.109,78.5,90.1,31.8,1480.0,44.9,13.77,32.1,31.8,32.3,32.4,optimal,optimal,optimal,optimal,optimal,optimal,↓ decreasing,→ stable,→ stable,100.0,✅ EXCELLENT,False,NONE,3.6,0.0,NONE
1780089257.11,81.3,90.8,31.8,1509.0,44.5,13.75,32.2,32.0,31.8,31.9,optimal,optimal,optimal,optimal,optimal,optimal,↓ decreasing,→ stable,→ stable,100.0,✅ EXCELLENT,False,NONE,3.7,0.0,NONE
1780089258.112,81.2,91.2,31.6,1545.0,44.9,13.77,31.9,32.1,31.7,32.3,optimal,optimal,optimal,optimal,optimal,optimal,→ stable,→ stable,→ stable,100.0,✅ EXCELLENT,False,NONE,3.9,0.0,NONE
1780089259.114,80.4,89.9,32.2,1523.0,45.6,13.8,32.3,32.0,32.4,31.8,optimal,optimal,optimal,optimal,optimal,optimal,→ stable,→ stable,→ stable,100.0,✅ EXCELLENT,False,NONE,3.2,0.0,NONE
1780089260.114,79.8,89.8,32.3,1503.0,44.1,13.83,32.1,31.9,32.0,32.3,optimal,optimal,optimal,optimal,optimal,optimal,→ stable,→ stable,→ stable,100.0,✅ EXCELLENT,False,NONE,3.1,0.0,NONE
1780089261.116,80.2,90.5,31.8,1452.0,45.5,13.83,31.9,32.2,32.2,31.9,optimal,optimal,optimal,optimal,optimal,optimal,→ stable,→ stable,→ stable,100.0,✅ EXCELLENT,False,NONE,3.7,0.0,NONE
1780089262.118,77.4,89.7,32.3,1524.0,45.4,13.76,31.7,32.0,32.3,31.7,optimal,optimal,optimal,optimal,optimal,optimal,→ stable,→ stable,→ stable,100.0,✅ EXCELLENT,False,NONE,3.0,0.0,NONE
1780089263.119,82.9,90.7,31.6,1528.0,45.3,13.77,32.2,32.0,32.1,32.2,optimal,optimal,optimal,optimal,optimal,optimal,→ stable,→ stable,→ stable,100.0,✅ EXCELLENT,False,NONE,4.0,0.0,NONE
1780089264.121,80.9,88.9,32.3,1491.0,44.8,13.84,31.9,32.0,32.3,32.4,optimal,optimal,optimal,optimal,optimal,optimal,↑ increasing,↑ increasing,→ stable,100.0,✅ EXCELLENT,False,NONE,3.1,0.6,NONE
1780089265.123,77.6,90.0,31.9,1521.0,45.1,13.82,32.0,32.3,32.2,32.3,optimal,optimal,optimal,optimal,optimal,optimal,→ stable,↑ increasing,→ stable,100.0,✅ EXCELLENT,False,NONE,3.4,0.0,NONE
1780089266.124,81.6,89.1,31.7,1515.0,44.7,13.76,31.8,32.1,31.9,32.0,optimal,optimal,optimal,optimal,optimal,optimal,↑ increasing,↑ increasing,→ stable,100.0,✅ EXCELLENT,False,NONE,3.8,0.4,NONE
1780089267.126,77.2,88.9,32.1,1483.0,45.5,13.83,32.3,32.3,32.4,32.3,optimal,optimal,optimal,optimal,optimal,optimal,→ stable,→ stable,→ stable,100.0,✅ EXCELLENT,False,NONE,3.2,0.6,NONE
1780089269.483,82.5,89.5,32.2,1460.0,45.9,13.77,31.7,32.3,32.0,32.0,optimal,optimal,optimal,optimal,optimal,optimal,→ stable,→ stable,→ stable,100.0,✅ EXCELLENT,False,NONE,3.3,0.1,NONE
1780089270.483,79.4,90.3,32.1,1483.0,44.2,13.83,31.9,31.7,31.6,31.9,optimal,optimal,optimal,optimal,optimal,optimal,→ stable,→ stable,→ stable,100.0,✅ EXCELLENT,False,NONE,3.3,0.0,NONE
1780089271.485,81.7,88.8,32.4,1470.0,44.4,13.84,32.1,31.7,32.3,32.2,optimal,optimal,optimal,optimal,optimal,optimal,→ stable,→ stable,→ stable,100.0,✅ EXCELLENT,False,NONE,3.0,0.7,NONE
1780089272.486,82.5,88.8,32.2,1512.0,45.3,13.78,32.0,32.1,32.1,32.1,optimal,optimal,optimal,optimal,optimal,optimal,→ stable,↓ decreasing,→ stable,100.0,✅ EXCELLENT,False,NONE,3.3,0.7,NONE
1780089273.489,80.9,88.7,32.2,1518.0,44.6,13.84,31.9,32.3,32.1,32.2,optimal,optimal,optimal,optimal,optimal,optimal,↑ increasing,↓ decreasing,→ stable,100.0,✅ EXCELLENT,False,NONE,3.2,0.8,NONE
1780089274.49,77.6,89.7,32.1,1537.0,45.5,13.76,31.7,32.3,31.8,32.1,optimal,optimal,optimal,optimal,optimal,optimal,→ stable,↓ decreasing,→ stable,100.0,✅ EXCELLENT,False,NONE,3.2,0.0,NONE
1780089275.492,80.2,91.0,31.8,1545.0,44.3,13.76,32.4,32.3,31.7,32.3,optimal,optimal,optimal,optimal,optimal,optimal,→ stable,↓ decreasing,→ stable,100.0,✅ EXCELLENT,False,NONE,3.7,0.0,NONE
1780089276.493,78.3,89.2,32.2,1540.0,45.3,13.76,32.0,32.0,31.7,31.6,optimal,optimal,optimal,optimal,optimal,optimal,→ stable,↓ decreasing,→ stable,100.0,✅ EXCELLENT,False,NONE,3.1,0.3,NONE
1780089277.494,77.8,89.2,32.3,1500.0,44.6,13.76,31.8,32.0,31.8,32.3,optimal,optimal,optimal,optimal,optimal,optimal,↓ decreasing,↓ decreasing,→ stable,100.0,✅ EXCELLENT,False,NONE,3.0,0.3,NONE
1780089278.496,80.0,89.5,32.3,1483.0,45.3,13.82,32.3,31.8,31.7,32.2,optimal,optimal,optimal,optimal,optimal,optimal,→ stable,→ stable,→ stable,100.0,✅ EXCELLENT,False,NONE,3.1,0.1,NONE
1780089279.497,79.5,90.5,32.1,1457.0,44.6,13.82,31.9,32.1,32.2,31.6,optimal,optimal,optimal,optimal,optimal,optimal,→ stable,→ stable,→ stable,100.0,✅ EXCELLENT,False,NONE,3.3,0.0,NONE
1780089280.497,82.7,89.8,32.1,1496.0,45.6,13.83,31.9,32.3,31.8,31.7,optimal,optimal,optimal,optimal,optimal,optimal,→ stable,→ stable,→ stable,100.0,✅ EXCELLENT,False,NONE,3.4,0.0,NONE
1780089281.499,80.2,89.1,32.2,1539.0,44.4,13.79,32.1,32.1,31.7,31.9,optimal,optimal,optimal,optimal,optimal,optimal,→ stable,→ stable,→ stable,100.0,✅ EXCELLENT,False,NONE,3.2,0.4,NONE
1780089282.5,81.6,90.8,32.0,1492.0,44.9,13.81,32.4,32.2,32.2,32.0,optimal,optimal,optimal,optimal,optimal,optimal,→ stable,→ stable,→ stable,100.0,✅ EXCELLENT,False,NONE,3.5,0.0,NONE
1780089283.501,80.1,88.5,31.6,1477.0,44.6,13.79,31.9,32.4,31.9,31.8,optimal,optimal,optimal,optimal,optimal,optimal,↓ decreasing,→ stable,→ stable,100.0,✅ EXCELLENT,False,NONE,3.9,1.1,NONE
1780089284.502,79.9,91.0,32.1,1459.0,45.1,13.82,31.8,31.8,32.3,32.1,optimal,optimal,optimal,optimal,optimal,optimal,→ stable,↑ increasing,→ stable,100.0,✅ EXCELLENT,False,NONE,3.3,0.0,NONE
1780089285.503,79.0,89.0,31.9,1525.0,45.5,13.77,32.2,32.0,31.8,31.9,optimal,optimal,optimal,optimal,optimal,optimal,→ stable,→ stable,→ stable,100.0,✅ EXCELLENT,False,NONE,3.5,0.5,NONE
1780089286.503,78.9,89.5,31.8,1548.0,44.5,13.84,31.8,31.8,32.4,31.7,optimal,optimal,optimal,optimal,optimal,optimal,→ stable,→ stable,→ stable,100.0,✅ EXCELLENT,False,NONE,3.6,0.1,NONE
1780089287.504,82.7,90.3,32.1,1487.0,44.2,13.8,31.7,32.3,32.4,32.4,optimal,optimal,optimal,optimal,optimal,optimal,↑ increasing,→ stable,→ stable,100.0,✅ EXCELLENT,False,NONE,3.4,0.0,NONE
1780089288.505,80.3,89.4,31.9,1490.0,44.8,13.77,32.3,32.1,32.0,31.8,optimal,optimal,optimal,optimal,optimal,optimal,→ stable,→ stable,→ stable,100.0,✅ EXCELLENT,False,NONE,3.6,0.2,NONE
1780089289.507,79.3,89.5,31.8,1527.0,44.8,13.77,32.2,31.8,31.9,32.1,optimal,optimal,optimal,optimal,optimal,optimal,↑ increasing,→ stable,→ stable,100.0,✅ EXCELLENT,False,NONE,3.6,0.1,NONE
1780089290.509,77.9,89.7,31.7,1542.0,44.0,13.76,32.0,31.9,31.7,32.1,optimal,optimal,optimal,optimal,optimal,optimal,→ stable,→ stable,→ stable,100.0,✅ EXCELLENT,False,NONE,3.7,0.0,NONE
1780089291.51,78.1,88.8,31.7,1458.0,45.9,13.81,32.1,32.2,32.1,32.4,optimal,optimal,optimal,optimal,optimal,optimal,→ stable,→ stable,→ stable,100.0,✅ EXCELLENT,False,NONE,3.7,0.7,NONE
1780089292.512,80.2,91.4,31.8,1473.0,44.2,13.83,32.2,32.2,31.9,32.2,optimal,optimal,optimal,optimal,optimal,optimal,→ stable,→ stable,→ stable,100.0,✅ EXCELLENT,False,NONE,3.7,0.0,NONE
1780089293.513,80.7,91.1,32.3,1520.0,44.4,13.79,32.0,32.1,32.3,32.0,optimal,optimal,optimal,optimal,optimal,optimal,→ stable,→ stable,→ stable,100.0,✅ EXCELLENT,False,NONE,3.1,0.0,NONE
1780089294.515,80.6,91.5,32.0,1469.0,44.6,13.83,32.3,31.9,31.7,31.7,optimal,optimal,optimal,optimal,optimal,optimal,→ stable,→ stable,→ stable,100.0,✅ EXCELLENT,False,NONE,3.5,0.0,NONE
1780089295.516,77.1,90.0,32.2,1513.0,44.8,13.77,31.8,31.9,32.1,32.0,optimal,optimal,optimal,optimal,optimal,optimal,→ stable,→ stable,→ stable,100.0,✅ EXCELLENT,False,NONE,3.1,0.0,NONE
1780089296.517,78.9,89.5,32.2,1516.0,46.0,13.77,32.3,31.7,31.9,31.9,optimal,optimal,optimal,optimal,optimal,optimal,→ stable,→ stable,→ stable,100.0,✅ EXCELLENT,False,NONE,3.2,0.1,NONE
1780089297.519,79.3,91.2,31.9,1459.0,44.9,13.79,32.3,31.9,32.2,32.3,optimal,optimal,optimal,optimal,optimal,optimal,↓ decreasing,→ stable,→ stable,100.0,✅ EXCELLENT,False,NONE,3.5,0.0,NONE
1780089298.52,78.6,90.5,32.1,1549.0,45.2,13.84,32.3,31.8,32.0,32.3,optimal,optimal,optimal,optimal,optimal,optimal,↓ decreasing,↑ increasing,→ stable,100.0,✅ EXCELLENT,False,NONE,3.3,0.0,NONE
1780089299.522,78.2,90.1,32.0,1504.0,45.6,13.8,32.0,31.9,32.2,31.9,optimal,optimal,optimal,optimal,optimal,optimal,↓ decreasing,↑ increasing,→ stable,100.0,✅ EXCELLENT,False,NONE,3.4,0.0,NONE
1780089300.523,79.7,90.9,32.2,1483.0,44.2,13.81,32.1,31.6,32.2,32.0,optimal,optimal,optimal,optimal,optimal,optimal,↓ decreasing,↑ increasing,→ stable,100.0,✅ EXCELLENT,False,NONE,3.2,0.0,NONE
1780089301.525,80.1,88.7,32.1,1520.0,45.4,13.83,31.9,32.3,32.4,31.8,optimal,optimal,optimal,optimal,optimal,optimal,→ stable,↑ increasing,→ stable,100.0,✅ EXCELLENT,False,NONE,3.3,0.8,NONE
1780089302.526,79.3,89.2,31.8,1524.0,45.6,13.77,31.6,31.6,32.3,32.1,optimal,optimal,optimal,optimal,optimal,optimal,→ stable,↑ increasing,→ stable,100.0,✅ EXCELLENT,False,NONE,3.6,0.3,NONE
1780089303.528,79.6,90.2,32.2,1543.0,44.8,13.75,31.7,31.8,32.3,31.6,optimal,optimal,optimal,optimal,optimal,optimal,↓ decreasing,→ stable,→ stable,100.0,✅ EXCELLENT,False,NONE,3.2,0.0,NONE
1780089304.529,81.7,90.9,31.8,1509.0,44.3,13.81,32.2,32.0,31.6,31.9,optimal,optimal,optimal,optimal,optimal,optimal,↓ decreasing,→ stable,→ stable,100.0,✅ EXCELLENT,False,NONE,3.7,0.0,NONE
1780089305.529,80.9,89.9,32.2,1464.0,44.1,13.84,32.1,31.8,32.4,31.7,optimal,optimal,optimal,optimal,optimal,optimal,→ stable,→ stable,→ stable,100.0,✅ EXCELLENT,False,NONE,3.2,0.0,NONE
1780089306.53,82.8,90.8,32.0,1490.0,45.5,13.79,32.4,32.2,31.7,32.1,optimal,optimal,optimal,optimal,optimal,optimal,→ stable,→ stable,→ stable,100.0,✅ EXCELLENT,False,NONE,3.5,0.0,NONE
1780089307.53,79.7,91.5,32.1,1546.0,44.0,13.77,31.7,31.6,32.3,32.0,optimal,optimal,optimal,optimal,optimal,optimal,↑ increasing,→ stable,→ stable,100.0,✅ EXCELLENT,False,NONE,3.3,0.0,NONE
1780089308.531,77.6,89.5,32.4,1522.0,45.5,13.84,32.2,32.1,31.9,31.7,optimal,optimal,optimal,optimal,optimal,optimal,↑ increasing,→ stable,→ stable,100.0,✅ EXCELLENT,False,NONE,2.9,0.1,NONE
1780089309.532,78.1,89.2,32.4,1525.0,44.2,13.77,31.7,32.4,31.7,32.0,optimal,optimal,optimal,optimal,optimal,optimal,↑ increasing,→ stable,→ stable,100.0,✅ EXCELLENT,False,NONE,2.9,0.3,NONE
1780089310.534,80.1,89.5,31.8,1459.0,45.5,13.82,31.9,32.0,32.4,32.2,optimal,optimal,optimal,optimal,optimal,optimal,↑ increasing,↓ decreasing,→ stable,100.0,✅ EXCELLENT,False,NONE,3.7,0.1,NONE
1780089311.535,78.0,89.6,31.8,1463.0,44.2,13.76,31.8,31.9,32.3,32.4,optimal,optimal,optimal,optimal,optimal,optimal,→ stable,→ stable,→ stable,100.0,✅ EXCELLENT,False,NONE,3.6,0.1,NONE
1780089312.535,79.3,89.6,32.3,1483.0,45.8,13.82,31.8,31.8,32.0,31.7,optimal,optimal,optimal,optimal,optimal,optimal,↑ increasing,→ stable,→ stable,100.0,✅ EXCELLENT,False,NONE,3.1,0.1,NONE
1780089313.537,82.0,88.7,32.1,1506.0,44.9,13.77,31.7,31.8,31.9,32.2,optimal,optimal,optimal,optimal,optimal,optimal,↑ increasing,→ stable,→ stable,100.0,✅ EXCELLENT,False,NONE,3.4,0.8,NONE
1780089314.538,77.9,89.3,32.2,1489.0,44.2,13.81,32.4,32.3,32.1,31.6,optimal,optimal,optimal,optimal,optimal,optimal,→ stable,→ stable,→ stable,100.0,✅ EXCELLENT,False,NONE,3.1,0.2,NONE
1780089315.54,79.3,91.1,31.8,1458.0,44.1,13.76,31.6,32.2,32.0,31.9,optimal,optimal,optimal,optimal,optimal,optimal,→ stable,→ stable,→ stable,100.0,✅ EXCELLENT,False,NONE,3.6,0.0,NONE
1780089316.541,80.1,90.0,31.7,1529.0,44.2,13.85,31.7,31.9,31.8,32.1,optimal,optimal,optimal,optimal,optimal,optimal,↓ decreasing,→ stable,→ stable,100.0,✅ EXCELLENT,False,NONE,3.8,0.0,NONE
1780089317.542,82.3,88.8,32.3,1537.0,45.9,13.77,32.3,31.8,32.3,32.0,optimal,optimal,optimal,optimal,optimal,optimal,↓ decreasing,↓ decreasing,→ stable,100.0,✅ EXCELLENT,False,NONE,3.2,0.7,NONE
1780089318.543,77.3,91.1,31.7,1454.0,45.3,13.8,32.0,32.3,32.3,32.1,optimal,optimal,optimal,optimal,optimal,optimal,↓ decreasing,→ stable,→ stable,100.0,✅ EXCELLENT,False,NONE,3.6,0.0,NONE
1780089319.544,77.4,89.7,32.1,1478.0,45.8,13.85,32.1,32.4,31.9,32.3,optimal,optimal,optimal,optimal,optimal,optimal,↓ decreasing,→ stable,→ stable,100.0,✅ EXCELLENT,False,NONE,3.2,0.0,NONE
1780089320.545,82.3,88.5,32.2,1505.0,45.1,13.8,32.0,32.3,31.6,32.1,optimal,optimal,optimal,optimal,optimal,optimal,→ stable,→ stable,→ stable,100.0,✅ EXCELLENT,False,NONE,3.3,1.1,NONE
1780089321.544,80.1,90.2,32.2,1529.0,44.5,13.85,31.8,31.9,32.1,32.2,optimal,optimal,optimal,optimal,optimal,optimal,→ stable,→ stable,→ stable,100.0,✅ EXCELLENT,False,NONE,3.2,0.0,NONE
1780089322.547,77.9,89.8,32.0,1542.0,44.1,13.84,31.8,31.6,31.7,31.7,optimal,optimal,optimal,optimal,optimal,optimal,→ stable,→ stable,→ stable,100.0,✅ EXCELLENT,False,NONE,3.3,0.0,NONE
1780089323.548,81.2,91.3,32.4,1460.0,44.6,13.83,32.1,31.8,32.3,31.9,optimal,optimal,optimal,optimal,optimal,optimal,→ stable,→ stable,→ stable,100.0,✅ EXCELLENT,False,NONE,3.0,0.0,NONE
1780089324.549,81.3,88.6,32.3,1517.0,45.0,13.82,31.8,32.3,31.6,31.9,optimal,optimal,optimal,optimal,optimal,optimal,→ stable,→ stable,→ stable,100.0,✅ EXCELLENT,False,NONE,3.1,1.0,NONE
1780089325.55,77.5,90.8,32.1,1456.0,44.4,13.79,32.2,31.9,32.4,31.8,optimal,optimal,optimal,optimal,optimal,optimal,→ stable,→ stable,→ stable,100.0,✅ EXCELLENT,False,NONE,3.2,0.0,NONE
1780089326.551,81.9,90.9,31.8,1530.0,45.1,13.81,32.0,31.9,32.3,32.2,optimal,optimal,optimal,optimal,optimal,optimal,↑ increasing,→ stable,→ stable,100.0,✅ EXCELLENT,False,NONE,3.7,0.0,NONE
1780089327.552,77.4,91.1,32.2,1547.0,46.0,13.84,32.2,31.8,31.7,31.6,optimal,optimal,optimal,optimal,optimal,optimal,→ stable,↑ increasing,→ stable,100.0,✅ EXCELLENT,False,NONE,3.1,0.0,NONE
1780089328.553,81.6,89.1,31.7,1491.0,45.6,13.75,32.1,32.0,32.3,32.0,optimal,optimal,optimal,optimal,optimal,optimal,→ stable,→ stable,→ stable,100.0,✅ EXCELLENT,False,NONE,3.8,0.4,NONE
1780089330.307,78.8,90.0,32.3,1514.0,44.8,13.81,32.0,32.1,32.0,32.2,optimal,optimal,optimal,optimal,optimal,optimal,↑ increasing,→ stable,→ stable,100.0,✅ EXCELLENT,False,NONE,3.0,0.0,NONE
1780089331.308,82.9,91.1,31.7,1482.0,45.0,13.76,31.9,32.0,31.8,32.0,optimal,optimal,optimal,optimal,optimal,optimal,→ stable,↑ increasing,→ stable,100.0,✅ EXCELLENT,False,NONE,3.9,0.0,NONE
1780089332.309,82.8,90.6,32.3,1464.0,44.2,13.84,32.0,31.8,32.3,32.4,optimal,optimal,optimal,optimal,optimal,optimal,↑ increasing,↑ increasing,→ stable,100.0,✅ EXCELLENT,False,NONE,3.2,0.0,NONE
1780089333.311,77.0,90.2,31.9,1514.0,45.3,13.83,32.2,31.9,32.2,32.3,optimal,optimal,optimal,optimal,optimal,optimal,↑ increasing,↑ increasing,→ stable,100.0,✅ EXCELLENT,False,NONE,3.4,0.0,NONE
1780089334.312,82.6,88.8,32.1,1522.0,45.8,13.78,31.6,31.8,32.2,32.2,optimal,optimal,optimal,optimal,optimal,optimal,↑ increasing,→ stable,→ stable,100.0,✅ EXCELLENT,False,NONE,3.4,0.7,NONE
1780089335.313,78.4,91.4,32.0,1538.0,45.3,13.82,32.3,32.3,31.8,31.8,optimal,optimal,optimal,optimal,optimal,optimal,→ stable,→ stable,→ stable,100.0,✅ EXCELLENT,False,NONE,3.4,0.0,NONE
1780089336.314,82.8,89.5,31.9,1458.0,45.9,13.83,31.9,32.0,31.8,31.7,optimal,optimal,optimal,optimal,optimal,optimal,↑ increasing,→ stable,→ stable,100.0,✅ EXCELLENT,False,NONE,3.7,0.1,NONE
1780089337.316,80.3,91.2,32.2,1543.0,45.2,13.77,31.9,31.9,32.2,31.9,optimal,optimal,optimal,optimal,optimal,optimal,↑ increasing,→ stable,→ stable,100.0,✅ EXCELLENT,False,NONE,3.2,0.0,NONE
1780089338.318,82.1,89.8,32.2,1540.0,44.1,13.76,32.1,32.1,32.1,31.6,optimal,optimal,optimal,optimal,optimal,optimal,↑ increasing,→ stable,→ stable,100.0,✅ EXCELLENT,False,NONE,3.3,0.0,NONE
1780089339.32,78.4,89.5,31.7,1462.0,44.9,13.85,31.8,31.7,32.1,31.6,optimal,optimal,optimal,optimal,optimal,optimal,↑ increasing,→ stable,→ stable,100.0,✅ EXCELLENT,False,NONE,3.7,0.1,NONE
1780089340.32,81.7,89.8,32.3,1519.0,45.6,13.8,32.0,32.3,32.4,31.9,optimal,optimal,optimal,optimal,optimal,optimal,↑ increasing,→ stable,→ stable,100.0,✅ EXCELLENT,False,NONE,3.2,0.0,NONE
1780089341.322,82.9,91.0,32.0,1460.0,46.0,13.77,32.1,31.6,32.0,32.3,optimal,optimal,optimal,optimal,optimal,optimal,↑ increasing,→ stable,→ stable,100.0,✅ EXCELLENT,False,NONE,3.6,0.0,NONE
1780089342.323,78.8,89.9,31.9,1515.0,45.3,13.78,31.9,31.6,31.8,32.1,optimal,optimal,optimal,optimal,optimal,optimal,→ stable,→ stable,→ stable,100.0,✅ EXCELLENT,False,NONE,3.5,0.0,NONE
1780089343.324,79.7,88.5,32.1,1509.0,45.0,13.8,31.9,32.2,32.0,32.0,optimal,optimal,optimal,optimal,optimal,optimal,↑ increasing,→ stable,→ stable,100.0,✅ EXCELLENT,False,NONE,3.3,1.1,NONE
1780089344.325,80.5,91.0,31.9,1543.0,44.3,13.82,32.1,31.7,32.1,32.4,optimal,optimal,optimal,optimal,optimal,optimal,→ stable,→ stable,→ stable,100.0,✅ EXCELLENT,False,NONE,3.6,0.0,NONE
1780089345.326,80.8,88.7,32.0,1512.0,44.9,13.83,31.9,32.0,31.7,31.7,optimal,optimal,optimal,optimal,optimal,optimal,↑ increasing,↓ decreasing,→ stable,100.0,✅ EXCELLENT,False,NONE,3.5,0.8,NONE
1780089346.327,81.5,91.3,32.4,1465.0,45.7,13.82,31.8,31.7,32.4,32.1,optimal,optimal,optimal,optimal,optimal,optimal,→ stable,→ stable,→ stable,100.0,✅ EXCELLENT,False,NONE,3.0,0.0,NONE
1780089347.327,77.4,89.3,32.3,1537.0,45.1,13.78,31.9,31.7,31.8,32.4,optimal,optimal,optimal,optimal,optimal,optimal,→ stable,→ stable,→ stable,100.0,✅ EXCELLENT,False,NONE,3.0,0.2,NONE
1780089348.329,78.6,91.4,31.7,1478.0,45.3,13.82,31.9,32.2,31.7,31.7,optimal,optimal,optimal,optimal,optimal,optimal,↓ decreasing,→ stable,→ stable,100.0,✅ EXCELLENT,False,NONE,3.7,0.0,NONE
1780089349.331,78.8,89.6,32.0,1457.0,44.2,13.8,32.1,31.7,32.2,32.3,optimal,optimal,optimal,optimal,optimal,optimal,↓ decreasing,→ stable,→ stable,100.0,✅ EXCELLENT,False,NONE,3.4,0.1,NONE
1780089350.333,79.4,88.7,31.6,1539.0,44.2,13.84,31.6,31.7,32.2,32.4,optimal,optimal,optimal,optimal,optimal,optimal,↓ decreasing,→ stable,→ stable,100.0,✅ EXCELLENT,False,NONE,3.9,0.8,NONE
1780089351.333,78.8,90.9,31.7,1472.0,45.8,13.78,32.2,32.0,31.8,32.1,optimal,optimal,optimal,optimal,optimal,optimal,↓ decreasing,→ stable,→ stable,100.0,✅ EXCELLENT,False,NONE,3.7,0.0,NONE
1780089352.334,82.1,90.7,32.1,1536.0,45.7,13.77,31.8,32.0,31.7,31.6,optimal,optimal,optimal,optimal,optimal,optimal,↓ decreasing,→ stable,→ stable,100.0,✅ EXCELLENT,False,NONE,3.4,0.0,NONE
1780089353.336,78.2,90.2,31.9,1477.0,44.4,13.83,31.7,31.9,32.0,31.8,optimal,optimal,optimal,optimal,optimal,optimal,↓ decreasing,→ stable,→ stable,100.0,✅ EXCELLENT,False,NONE,3.5,0.0,NONE
1780089354.337,79.3,91.3,31.7,1536.0,45.6,13.85,31.9,31.8,32.0,31.7,optimal,optimal,optimal,optimal,optimal,optimal,↓ decreasing,→ stable,→ stable,100.0,✅ EXCELLENT,False,NONE,3.7,0.0,NONE
1780089355.338,82.6,89.7,31.8,1547.0,44.1,13.79,31.8,31.8,32.3,31.9,optimal,optimal,optimal,optimal,optimal,optimal,↓ decreasing,→ stable,→ stable,100.0,✅ EXCELLENT,False,NONE,3.8,0.0,NONE
1780089356.339,77.9,89.3,32.2,1543.0,44.8,13.82,31.9,32.0,32.2,31.8,optimal,optimal,optimal,optimal,optimal,optimal,↓ decreasing,→ stable,→ stable,100.0,✅ EXCELLENT,False,NONE,3.1,0.2,NONE
1780089357.34,78.5,88.6,31.6,1468.0,44.5,13.75,32.1,32.0,31.8,31.7,optimal,optimal,optimal,optimal,optimal,optimal,↓ decreasing,→ stable,→ stable,100.0,✅ EXCELLENT,False,NONE,3.8,1.0,NONE
1780089358.341,79.7,90.4,32.2,1453.0,45.5,13.79,32.3,31.7,32.4,32.0,optimal,optimal,optimal,optimal,optimal,optimal,→ stable,→ stable,→ stable,100.0,✅ EXCELLENT,False,NONE,3.2,0.0,NONE
1780089359.343,80.2,89.2,32.3,1503.0,44.7,13.78,31.8,32.1,31.9,31.9,optimal,optimal,optimal,optimal,optimal,optimal,→ stable,→ stable,→ stable,100.0,✅ EXCELLENT,False,NONE,3.1,0.3,NONE
1780089360.345,82.5,88.9,31.9,1524.0,44.4,13.85,32.1,31.7,31.7,31.9,optimal,optimal,optimal,optimal,optimal,optimal,→ stable,→ stable,→ stable,100.0,✅ EXCELLENT,False,NONE,3.7,0.6,NONE
1780089361.346,80.9,89.9,32.2,1468.0,45.2,13.76,32.2,32.3,31.7,32.2,optimal,optimal,optimal,optimal,optimal,optimal,↑ increasing,→ stable,→ stable,100.0,✅ EXCELLENT,False,NONE,3.2,0.0,NONE
1780089362.346,81.4,90.9,32.1,1478.0,45.4,13.77,31.9,31.9,32.0,32.3,optimal,optimal,optimal,optimal,optimal,optimal,→ stable,→ stable,→ stable,100.0,✅ EXCELLENT,False,NONE,3.4,0.0,NONE
1780089363.348,79.2,89.9,32.1,1450.0,45.8,13.8,32.0,32.3,31.7,31.9,optimal,optimal,optimal,optimal,optimal,optimal,↑ increasing,→ stable,→ stable,100.0,✅ EXCELLENT,False,NONE,3.3,0.0,NONE
1780089364.349,82.1,89.0,32.2,1486.0,44.6,13.8,32.0,31.7,31.7,32.1,optimal,optimal,optimal,optimal,optimal,optimal,↑ increasing,↓ decreasing,→ stable,100.0,✅ EXCELLENT,False,NONE,3.3,0.5,NONE
1780089365.35,77.6,91.3,32.0,1469.0,44.4,13.84,31.8,32.0,32.0,32.2,optimal,optimal,optimal,optimal,optimal,optimal,→ stable,↓ decreasing,→ stable,100.0,✅ EXCELLENT,False,NONE,3.3,0.0,NONE
1780089366.35,79.5,90.7,31.6,1527.0,45.3,13.77,32.1,31.9,32.2,32.0,optimal,optimal,optimal,optimal,optimal,optimal,↑ increasing,→ stable,→ stable,100.0,✅ EXCELLENT,False,NONE,3.9,0.0,NONE
1780089367.351,81.9,91.0,32.3,1541.0,44.2,13.83,31.9,32.1,32.4,31.9,optimal,optimal,optimal,optimal,optimal,optimal,↑ increasing,→ stable,→ stable,100.0,✅ EXCELLENT,False,NONE,3.2,0.0,NONE
1780089368.353,77.9,91.0,31.9,1485.0,44.6,13.84,31.7,31.8,32.3,31.8,optimal,optimal,optimal,optimal,optimal,optimal,↑ increasing,→ stable,→ stable,100.0,✅ EXCELLENT,False,NONE,3.4,0.0,NONE
1780089369.354,82.0,90.1,31.8,1488.0,45.5,13.83,32.2,31.7,32.2,31.7,optimal,optimal,optimal,optimal,optimal,optimal,↑ increasing,→ stable,→ stable,100.0,✅ EXCELLENT,False,NONE,3.7,0.0,NONE
1780089370.355,80.7,91.5,32.0,1465.0,44.1,13.83,32.1,31.8,31.9,31.9,optimal,optimal,optimal,optimal,optimal,optimal,→ stable,↑ increasing,→ stable,100.0,✅ EXCELLENT,False,NONE,3.5,0.0,NONE
1780089371.356,82.7,89.1,31.8,1498.0,44.7,13.81,32.3,31.8,31.8,31.8,optimal,optimal,optimal,optimal,optimal,optimal,→ stable,↑ increasing,→ stable,100.0,✅ EXCELLENT,False,NONE,3.8,0.4,NONE
1780089372.357,82.1,90.3,31.9,1460.0,45.7,13.81,31.7,32.2,31.9,31.6,optimal,optimal,optimal,optimal,optimal,optimal,→ stable,↑ increasing,→ stable,100.0,✅ EXCELLENT,False,NONE,3.6,0.0,NONE
1780089373.358,80.9,88.7,31.7,1517.0,45.1,13.84,32.1,32.0,32.4,31.8,optimal,optimal,optimal,optimal,optimal,optimal,↑ increasing,→ stable,→ stable,100.0,✅ EXCELLENT,False,NONE,3.8,0.8,NONE
1780089374.359,80.6,90.3,32.4,1500.0,44.8,13.82,32.2,31.8,32.1,32.3,optimal,optimal,optimal,optimal,optimal,optimal,→ stable,↑ increasing,→ stable,100.0,✅ EXCELLENT,False,NONE,3.0,0.0,NONE
1780089375.359,79.1,90.7,31.7,1496.0,44.9,13.83,32.1,32.1,32.2,31.9,optimal,optimal,optimal,optimal,optimal,optimal,↑ increasing,↑ increasing,→ stable,100.0,✅ EXCELLENT,False,NONE,3.7,0.0,NONE
1780089376.36,77.0,89.0,31.8,1511.0,45.4,13.82,31.9,32.3,31.9,32.1,optimal,optimal,optimal,optimal,optimal,optimal,→ stable,→ stable,→ stable,100.0,✅ EXCELLENT,False,NONE,3.5,0.5,NONE
1780089377.361,82.0,88.6,32.2,1475.0,45.7,13.83,31.7,32.1,32.0,31.7,optimal,optimal,optimal,optimal,optimal,optimal,→ stable,→ stable,→ stable,100.0,✅ EXCELLENT,False,NONE,3.3,1.0,NONE
1780089378.363,82.4,89.6,31.9,1547.0,44.1,13.82,31.8,32.0,31.8,32.2,optimal,optimal,optimal,optimal,optimal,optimal,↑ increasing,→ stable,→ stable,100.0,✅ EXCELLENT,False,NONE,3.6,0.1,NONE
1780089379.364,81.8,88.9,32.1,1507.0,44.4,13.83,32.1,32.2,32.4,32.1,optimal,optimal,optimal,optimal,optimal,optimal,→ stable,↓ decreasing,→ stable,100.0,✅ EXCELLENT,False,NONE,3.4,0.6,NONE
1780089380.364,82.1,90.0,32.2,1523.0,44.6,13.79,31.9,31.6,31.6,31.9,optimal,optimal,optimal,optimal,optimal,optimal,↑ increasing,↓ decreasing,→ stable,100.0,✅ EXCELLENT,False,NONE,3.3,0.0,NONE
1780089381.366,79.7,91.2,31.9,1536.0,46.0,13.85,32.4,31.8,32.0,31.7,optimal,optimal,optimal,optimal,optimal,optimal,→ stable,↓ decreasing,→ stable,100.0,✅ EXCELLENT,False,NONE,3.5,0.0,NONE
1780089382.367,78.2,88.8,32.1,1464.0,45.2,13.8,31.9,32.1,32.0,32.3,optimal,optimal,optimal,optimal,optimal,optimal,→ stable,↓ decreasing,→ stable,100.0,✅ EXCELLENT,False,NONE,3.2,0.7,NONE
1780089383.369,80.9,89.3,31.7,1522.0,44.5,13.75,31.9,32.3,32.1,31.8,optimal,optimal,optimal,optimal,optimal,optimal,→ stable,↓ decreasing,→ stable,100.0,✅ EXCELLENT,False,NONE,3.8,0.2,NONE
1780089384.371,81.2,89.9,31.7,1503.0,44.6,13.78,32.0,31.8,32.3,32.0,optimal,optimal,optimal,optimal,optimal,optimal,→ stable,↓ decreasing,→ stable,100.0,✅ EXCELLENT,False,NONE,3.8,0.0,NONE
1780089385.372,79.8,89.3,31.8,1523.0,46.0,13.76,32.2,31.7,32.2,31.7,optimal,optimal,optimal,optimal,optimal,optimal,→ stable,↓ decreasing,→ stable,100.0,✅ EXCELLENT,False,NONE,3.6,0.2,NONE
1780089386.373,82.9,91.5,31.9,1494.0,44.7,13.83,32.2,32.2,32.0,31.6,optimal,optimal,optimal,optimal,optimal,optimal,↑ increasing,→ stable,→ stable,100.0,✅ EXCELLENT,False,NONE,3.7,0.0,NONE
1780089387.374,78.1,90.8,31.7,1478.0,45.0,13.82,32.3,31.9,31.9,32.4,optimal,optimal,optimal,optimal,optimal,optimal,→ stable,→ stable,→ stable,100.0,✅ EXCELLENT,False,NONE,3.7,0.0,NONE
1780089388.375,80.8,89.0,31.9,1531.0,45.0,13.81,31.9,32.3,32.0,31.7,optimal,optimal,optimal,optimal,optimal,optimal,→ stable,→ stable,→ stable,100.0,✅ EXCELLENT,False,NONE,3.6,0.5,NONE
1780089389.376,81.1,91.1,31.9,1455.0,45.6,13.77,32.1,32.2,32.1,31.7,optimal,optimal,optimal,optimal,optimal,optimal,→ stable,→ stable,→ stable,100.0,✅ EXCELLENT,False,NONE,3.6,0.0,NONE
1780089390.729,82.9,89.4,31.9,1467.0,45.4,13.77,31.7,32.2,31.7,31.7,optimal,optimal,optimal,optimal,optimal,optimal,↓ decreasing,↑ increasing,→ stable,100.0,✅ EXCELLENT,False,NONE,3.7,0.2,NONE
1780089391.729,81.6,89.9,32.3,1457.0,45.7,13.82,32.3,31.8,31.8,31.9,optimal,optimal,optimal,optimal,optimal,optimal,→ stable,→ stable,→ stable,100.0,✅ EXCELLENT,False,NONE,3.1,0.0,NONE
1780089392.731,80.8,88.7,32.2,1527.0,45.2,13.75,31.6,31.8,31.8,32.0,optimal,optimal,optimal,optimal,optimal,optimal,↑ increasing,→ stable,→ stable,100.0,✅ EXCELLENT,False,NONE,3.2,0.8,NONE
1780089393.732,82.3,89.2,32.4,1520.0,44.9,13.76,32.0,31.9,31.7,32.4,optimal,optimal,optimal,optimal,optimal,optimal,↑ increasing,→ stable,→ stable,100.0,✅ EXCELLENT,False,NONE,3.1,0.3,NONE
1780089394.733,79.2,91.1,32.3,1513.0,45.9,13.84,32.1,32.2,32.3,31.7,optimal,optimal,optimal,optimal,optimal,optimal,↑ increasing,→ stable,→ stable,100.0,✅ EXCELLENT,False,NONE,3.1,0.0,NONE
1780089395.733,82.5,89.8,32.3,1541.0,45.7,13.82,32.0,31.9,32.0,32.1,optimal,optimal,optimal,optimal,optimal,optimal,↑ increasing,↑ increasing,→ stable,100.0,✅ EXCELLENT,False,NONE,3.2,0.0,NONE
1780089396.734,82.1,89.5,32.3,1491.0,44.0,13.76,31.8,32.1,31.9,32.1,optimal,optimal,optimal,optimal,optimal,optimal,→ stable,→ stable,→ stable,100.0,✅ EXCELLENT,False,NONE,3.2,0.1,NONE
1780089397.736,81.2,90.7,32.3,1484.0,45.9,13.83,32.2,31.9,32.2,32.1,optimal,optimal,optimal,optimal,optimal,optimal,↑ increasing,→ stable,→ stable,100.0,✅ EXCELLENT,False,NONE,3.1,0.0,NONE
1780089398.737,81.5,89.1,31.8,1495.0,44.3,13.75,32.3,31.9,32.1,32.3,optimal,optimal,optimal,optimal,optimal,optimal,↑ increasing,→ stable,→ stable,100.0,✅ EXCELLENT,False,NONE,3.7,0.4,NONE
1780089399.738,79.9,90.2,32.1,1471.0,44.8,13.83,32.4,32.3,31.9,31.6,optimal,optimal,optimal,optimal,optimal,optimal,↑ increasing,→ stable,→ stable,100.0,✅ EXCELLENT,False,NONE,3.3,0.0,NONE
1780089400.74,80.6,89.2,31.8,1501.0,45.1,13.83,31.8,32.0,32.4,31.9,optimal,optimal,optimal,optimal,optimal,optimal,↑ increasing,→ stable,→ stable,100.0,✅ EXCELLENT,False,NONE,3.7,0.3,NONE
1780089401.74,78.6,90.0,32.0,1532.0,44.6,13.82,32.3,32.0,32.1,32.2,optimal,optimal,optimal,optimal,optimal,optimal,→ stable,→ stable,→ stable,100.0,✅ EXCELLENT,False,NONE,3.4,0.0,NONE
1780089402.741,81.1,89.9,31.7,1489.0,45.4,13.84,32.2,31.7,32.3,32.2,optimal,optimal,optimal,optimal,optimal,optimal,→ stable,→ stable,→ stable,100.0,✅ EXCELLENT,False,NONE,3.8,0.0,NONE
1780089403.742,77.8,91.3,32.1,1525.0,45.7,13.79,31.9,31.7,32.1,31.7,optimal,optimal,optimal,optimal,optimal,optimal,↓ decreasing,→ stable,→ stable,100.0,✅ EXCELLENT,False,NONE,3.2,0.0,NONE
1780089404.743,79.5,91.3,31.9,1492.0,44.7,13.76,32.3,31.9,31.9,31.6,optimal,optimal,optimal,optimal,optimal,optimal,→ stable,→ stable,→ stable,100.0,✅ EXCELLENT,False,NONE,3.5,0.0,NONE
1780089405.744,81.8,91.4,31.7,1507.0,44.1,13.78,32.3,31.9,31.8,31.9,optimal,optimal,optimal,optimal,optimal,optimal,↓ decreasing,→ stable,→ stable,100.0,✅ EXCELLENT,False,NONE,3.9,0.0,NONE
1780089406.745,81.4,89.8,32.1,1453.0,44.4,13.83,31.7,32.3,31.8,31.9,optimal,optimal,optimal,optimal,optimal,optimal,↓ decreasing,→ stable,→ stable,100.0,✅ EXCELLENT,False,NONE,3.4,0.0,NONE
1780089407.746,80.2,89.6,32.0,1521.0,45.1,13.75,31.7,32.3,32.4,31.9,optimal,optimal,optimal,optimal,optimal,optimal,↓ decreasing,→ stable,→ stable,100.0,✅ EXCELLENT,False,NONE,3.4,0.1,NONE
1780089408.747,80.4,88.9,32.1,1479.0,45.8,13.82,32.1,32.2,31.7,32.3,optimal,optimal,optimal,optimal,optimal,optimal,↓ decreasing,→ stable,→ stable,100.0,✅ EXCELLENT,False,NONE,3.3,0.6,NONE
1780089409.748,77.8,90.5,32.2,1475.0,44.7,13.79,32.1,31.8,31.7,32.4,optimal,optimal,optimal,optimal,optimal,optimal,↓ decreasing,→ stable,→ stable,100.0,✅ EXCELLENT,False,NONE,3.1,0.0,NONE
1780089410.748,77.3,90.7,31.7,1516.0,45.3,13.81,31.8,32.2,32.4,31.7,optimal,optimal,optimal,optimal,optimal,optimal,↓ decreasing,↑ increasing,→ stable,100.0,✅ EXCELLENT,False,NONE,3.6,0.0,NONE
1780089411.749,77.1,88.9,31.8,1457.0,44.7,13.83,31.6,32.2,31.9,32.0,optimal,optimal,optimal,optimal,optimal,optimal,↓ decreasing,→ stable,→ stable,100.0,✅ EXCELLENT,False,NONE,3.5,0.6,NONE
1780089412.75,82.4,90.2,32.0,1530.0,44.9,13.85,32.2,32.1,31.9,31.7,optimal,optimal,optimal,optimal,optimal,optimal,↓ decreasing,→ stable,→ stable,100.0,✅ EXCELLENT,False,NONE,3.5,0.0,NONE
1780089413.751,81.9,88.9,31.7,1549.0,44.3,13.79,31.8,31.7,31.8,32.2,optimal,optimal,optimal,optimal,optimal,optimal,→ stable,→ stable,→ stable,100.0,✅ EXCELLENT,False,NONE,3.9,0.6,NONE
1780089414.752,78.1,88.8,32.3,1485.0,45.6,13.75,32.3,32.1,32.3,32.3,optimal,optimal,optimal,optimal,optimal,optimal,↓ decreasing,→ stable,→ stable,100.0,✅ EXCELLENT,False,NONE,3.0,0.7,NONE
1780089415.752,81.1,90.2,32.0,1546.0,45.0,13.77,32.0,31.6,32.0,32.0,optimal,optimal,optimal,optimal,optimal,optimal,↓ decreasing,↓ decreasing,→ stable,100.0,✅ EXCELLENT,False,NONE,3.5,0.0,NONE
1780089416.753,82.8,88.8,32.1,1508.0,44.2,13.75,32.2,32.0,31.6,31.8,optimal,optimal,optimal,optimal,optimal,optimal,→ stable,↓ decreasing,→ stable,100.0,✅ EXCELLENT,False,NONE,3.4,0.7,NONE
1780089417.753,80.0,91.3,32.0,1458.0,44.4,13.76,32.2,32.4,31.9,31.8,optimal,optimal,optimal,optimal,optimal,optimal,→ stable,→ stable,→ stable,100.0,✅ EXCELLENT,False,NONE,3.4,0.0,NONE
1780089418.754,81.4,89.7,32.3,1473.0,45.6,13.77,31.6,31.7,32.1,32.0,optimal,optimal,optimal,optimal,optimal,optimal,→ stable,→ stable,→ stable,100.0,✅ EXCELLENT,False,NONE,3.1,0.0,NONE
1780089419.755,78.9,89.4,31.8,1508.0,45.4,13.76,31.7,32.1,32.2,32.0,optimal,optimal,optimal,optimal,optimal,optimal,→ stable,→ stable,→ stable,100.0,✅ EXCELLENT,False,NONE,3.6,0.2,NONE
1780089420.755,78.1,89.8,31.6,1542.0,45.3,13.78,31.8,32.3,32.2,32.3,optimal,optimal,optimal,optimal,optimal,optimal,↑ increasing,↓ decreasing,→ stable,100.0,✅ EXCELLENT,False,NONE,3.8,0.0,NONE
1780089421.757,79.6,89.2,32.3,1542.0,45.3,13.78,32.3,32.3,32.4,31.9,optimal,optimal,optimal,optimal,optimal,optimal,↑ increasing,↓ decreasing,→ stable,100.0,✅ EXCELLENT,False,NONE,3.1,0.3,NONE
1780089422.758,77.2,88.7,32.3,1498.0,45.0,13.78,32.3,32.1,31.7,31.6,optimal,optimal,optimal,optimal,optimal,optimal,→ stable,↓ decreasing,→ stable,100.0,✅ EXCELLENT,False,NONE,3.0,0.8,NONE
1780089423.759,77.6,90.9,32.1,1499.0,44.3,13.76,32.3,32.2,32.2,31.9,optimal,optimal,optimal,optimal,optimal,optimal,→ stable,→ stable,→ stable,100.0,✅ EXCELLENT,False,NONE,3.2,0.0,NONE
1780089424.76,77.2,88.8,31.6,1462.0,45.1,13.8,32.3,31.7,31.7,32.2,optimal,optimal,optimal,optimal,optimal,optimal,→ stable,→ stable,→ stable,100.0,✅ EXCELLENT,False,NONE,3.7,0.7,NONE
1780089425.762,78.8,91.2,32.3,1464.0,44.2,13.84,32.3,32.3,31.9,32.1,optimal,optimal,optimal,optimal,optimal,optimal,↓ decreasing,→ stable,→ stable,100.0,✅ EXCELLENT,False,NONE,3.0,0.0,NONE
1780089426.763,79.5,91.1,31.9,1510.0,44.6,13.78,31.9,32.4,32.0,32.0,optimal,optimal,optimal,optimal,optimal,optimal,↓ decreasing,→ stable,→ stable,100.0,✅ EXCELLENT,False,NONE,3.5,0.0,NONE
1780089427.763,81.4,91.4,31.6,1537.0,44.1,13.84,32.0,32.1,31.9,32.3,optimal,optimal,optimal,optimal,optimal,optimal,↓ decreasing,→ stable,→ stable,100.0,✅ EXCELLENT,False,NONE,4.0,0.0,NONE
1780089428.765,82.6,89.4,32.2,1531.0,44.7,13.82,32.2,32.0,32.2,31.8,optimal,optimal,optimal,optimal,optimal,optimal,↓ decreasing,→ stable,→ stable,100.0,✅ EXCELLENT,False,NONE,3.3,0.2,NONE
1780089429.766,79.7,89.9,32.2,1467.0,45.2,13.75,31.9,32.4,32.2,31.8,optimal,optimal,optimal,optimal,optimal,optimal,↓ decreasing,→ stable,→ stable,100.0,✅ EXCELLENT,False,NONE,3.2,0.0,NONE
1780089430.767,78.5,90.3,32.0,1457.0,44.7,13.75,31.7,31.8,32.3,32.1,optimal,optimal,optimal,optimal,optimal,optimal,↓ decreasing,→ stable,→ stable,100.0,✅ EXCELLENT,False,NONE,3.4,0.0,NONE
1780089431.768,77.4,90.4,32.3,1451.0,44.6,13.81,31.7,32.0,32.1,31.7,optimal,optimal,optimal,optimal,optimal,optimal,↓ decreasing,↑ increasing,→ stable,100.0,✅ EXCELLENT,False,NONE,3.0,0.0,NONE
1780089432.768,79.0,89.4,31.8,1505.0,45.8,13.84,31.6,31.6,31.9,31.6,optimal,optimal,optimal,optimal,optimal,optimal,↓ decreasing,↑ increasing,→ stable,100.0,✅ EXCELLENT,False,NONE,3.6,0.2,NONE
1780089433.769,78.3,91.1,31.7,1493.0,45.2,13.79,31.9,31.9,31.7,31.8,optimal,optimal,optimal,optimal,optimal,optimal,→ stable,↑ increasing,→ stable,100.0,✅ EXCELLENT,False,NONE,3.7,0.0,NONE
1780089434.77,80.6,88.7,31.9,1499.0,44.5,13.79,31.8,31.9,31.9,32.2,optimal,optimal,optimal,optimal,optimal,optimal,→ stable,↑ increasing,→ stable,100.0,✅ EXCELLENT,False,NONE,3.6,0.8,NONE
1780089435.771,82.5,90.2,32.2,1544.0,45.5,13.79,32.1,32.2,31.7,31.8,optimal,optimal,optimal,optimal,optimal,optimal,↑ increasing,→ stable,→ stable,100.0,✅ EXCELLENT,False,NONE,3.3,0.0,NONE
1780089436.772,82.6,89.3,32.4,1474.0,45.6,13.83,31.9,31.7,31.9,31.7,optimal,optimal,optimal,optimal,optimal,optimal,↑ increasing,→ stable,→ stable,100.0,✅ EXCELLENT,False,NONE,3.1,0.2,NONE
1780089437.772,82.6,91.1,31.8,1530.0,44.9,13.75,32.3,32.2,31.9,32.0,optimal,optimal,optimal,optimal,optimal,optimal,↑ increasing,→ stable,→ stable,100.0,✅ EXCELLENT,False,NONE,3.8,0.0,NONE
1780089438.774,79.1,90.7,31.9,1454.0,45.3,13.81,32.1,31.9,31.7,32.2,optimal,optimal,optimal,optimal,optimal,optimal,↑ increasing,→ stable,→ stable,100.0,✅ EXCELLENT,False,NONE,3.5,0.0,NONE
1780089439.775,78.7,90.6,32.3,1532.0,45.9,13.75,32.4,32.3,31.9,32.0,optimal,optimal,optimal,optimal,optimal,optimal,↑ increasing,→ stable,→ stable,100.0,✅ EXCELLENT,False,NONE,3.0,0.0,NONE
1780089440.775,80.8,90.9,31.6,1499.0,45.7,13.85,31.7,32.0,31.6,31.8,optimal,optimal,optimal,optimal,optimal,optimal,↑ increasing,→ stable,→ stable,100.0,✅ EXCELLENT,False,NONE,3.9,0.0,NONE
1780089441.777,80.2,89.8,32.2,1524.0,45.1,13.8,32.0,32.2,32.2,31.8,optimal,optimal,optimal,optimal,optimal,optimal,↑ increasing,→ stable,→ stable,100.0,✅ EXCELLENT,False,NONE,3.2,0.0,NONE
1780089442.777,82.4,90.1,31.8,1503.0,44.8,13.8,31.6,32.4,31.9,31.6,optimal,optimal,optimal,optimal,optimal,optimal,↑ increasing,→ stable,→ stable,100.0,✅ EXCELLENT,False,NONE,3.8,0.0,NONE
1780089443.777,79.7,88.9,31.9,1513.0,44.2,13.77,31.7,31.8,32.0,32.2,optimal,optimal,optimal,optimal,optimal,optimal,↑ increasing,→ stable,→ stable,100.0,✅ EXCELLENT,False,NONE,3.5,0.6,NONE
1780089444.778,78.4,90.2,32.3,1454.0,45.5,13.76,31.7,32.4,31.9,32.3,optimal,optimal,optimal,optimal,optimal,optimal,↑ increasing,→ stable,→ stable,100.0,✅ EXCELLENT,False,NONE,3.0,0.0,NONE
1780089445.779,79.6,91.4,31.8,1456.0,44.6,13.81,31.6,31.7,31.7,32.0,optimal,optimal,optimal,optimal,optimal,optimal,→ stable,→ stable,→ stable,100.0,✅ EXCELLENT,False,NONE,3.6,0.0,NONE
1780089446.779,81.2,90.8,32.3,1517.0,44.8,13.77,32.3,32.1,31.9,31.8,optimal,optimal,optimal,optimal,optimal,optimal,→ stable,→ stable,→ stable,100.0,✅ EXCELLENT,False,NONE,3.1,0.0,NONE
1780089447.779,81.5,89.5,32.0,1543.0,44.5,13.76,31.7,31.8,32.3,32.3,optimal,optimal,optimal,optimal,optimal,optimal,→ stable,→ stable,→ stable,100.0,✅ EXCELLENT,False,NONE,3.5,0.1,NONE
1780089448.779,82.2,90.5,32.1,1523.0,45.5,13.79,31.9,32.2,32.2,31.8,optimal,optimal,optimal,optimal,optimal,optimal,→ stable,→ stable,→ stable,100.0,✅ EXCELLENT,False,NONE,3.4,0.0,NONE
1780089449.78,80.7,89.5,32.2,1471.0,45.3,13.79,31.9,32.0,32.2,32.3,optimal,optimal,optimal,optimal,optimal,optimal,↑ increasing,→ stable,→ stable,100.0,✅ EXCELLENT,False,NONE,3.2,0.1,NONE
1780089450.78,79.0,89.5,32.1,1498.0,45.7,13.82,32.0,32.0,32.2,32.3,optimal,optimal,optimal,optimal,optimal,optimal,→ stable,→ stable,→ stable,100.0,✅ EXCELLENT,False,NONE,3.3,0.1,NONE
1780089451.78,78.7,89.6,31.9,1498.0,44.7,13.82,31.8,31.8,32.0,32.0,optimal,optimal,optimal,optimal,optimal,optimal,→ stable,→ stable,→ stable,100.0,✅ EXCELLENT,False,NONE,3.5,0.1,NONE
1780089452.78,82.2,88.5,32.3,1498.0,45.2,13.84,31.7,31.7,32.0,32.3,optimal,optimal,optimal,optimal,optimal,optimal,→ stable,→ stable,→ stable,100.0,✅ EXCELLENT,False,NONE,3.2,1.1,NONE
1780089453.782,77.5,91.4,32.1,1507.0,45.5,13.85,31.6,32.2,31.9,31.6,optimal,optimal,optimal,optimal,optimal,optimal,↓ decreasing,→ stable,→ stable,100.0,✅ EXCELLENT,False,NONE,3.2,0.0,NONE
1780089454.782,77.1,89.9,31.7,1469.0,44.6,13.8,31.8,32.1,31.9,32.0,optimal,optimal,optimal,optimal,optimal,optimal,↓ decreasing,→ stable,→ stable,100.0,✅ EXCELLENT,False,NONE,3.6,0.0,NONE
1780089455.782,82.4,89.4,32.2,1550.0,45.0,13.76,31.7,32.1,31.8,31.9,optimal,optimal,optimal,optimal,optimal,optimal,→ stable,→ stable,→ stable,100.0,✅ EXCELLENT,False,NONE,3.3,0.2,NONE
1780089456.783,77.5,90.5,31.7,1522.0,44.5,13.85,32.3,32.0,31.7,31.9,optimal,optimal,optimal,optimal,optimal,optimal,→ stable,↓ decreasing,→ stable,100.0,✅ EXCELLENT,False,NONE,3.7,0.0,NONE
1780089457.783,82.4,90.2,31.7,1475.0,45.3,13.83,32.2,32.3,32.2,31.6,optimal,optimal,optimal,optimal,optimal,optimal,→ stable,→ stable,→ stable,100.0,✅ EXCELLENT,False,NONE,3.9,0.0,NONE
1780089458.784,78.0,91.0,32.4,1480.0,44.8,13.83,32.1,31.8,32.0,31.9,optimal,optimal,optimal,optimal,optimal,optimal,↓ decreasing,→ stable,→ stable,100.0,✅ EXCELLENT,False,NONE,2.9,0.0,NONE
1780089459.784,81.6,90.6,32.1,1492.0,46.0,13.79,32.2,31.7,32.0,31.9,optimal,optimal,optimal,optimal,optimal,optimal,↓ decreasing,→ stable,→ stable,100.0,✅ EXCELLENT,False,NONE,3.4,0.0,NONE
1780089460.786,80.3,90.1,31.6,1539.0,45.8,13.82,31.8,31.9,31.8,32.2,optimal,optimal,optimal,optimal,optimal,optimal,↓ decreasing,→ stable,→ stable,100.0,✅ EXCELLENT,False,NONE,3.9,0.0,NONE
1780089461.786,79.0,89.4,31.6,1460.0,45.4,13.77,32.3,32.2,32.2,32.1,optimal,optimal,optimal,optimal,optimal,optimal,↓ decreasing,→ stable,→ stable,100.0,✅ EXCELLENT,False,NONE,3.8,0.2,NONE
1780089462.787,81.1,91.2,31.8,1519.0,44.3,13.77,31.6,32.2,31.7,31.7,optimal,optimal,optimal,optimal,optimal,optimal,↓ decreasing,↑ increasing,→ stable,100.0,✅ EXCELLENT,False,NONE,3.7,0.0,NONE
1780089463.788,78.4,88.6,32.3,1504.0,45.7,13.81,31.8,32.3,31.8,32.2,optimal,optimal,optimal,optimal,optimal,optimal,→ stable,→ stable,→ stable,100.0,✅ EXCELLENT,False,NONE,3.0,1.0,NONE
1780089464.789,81.9,89.4,31.9,1460.0,45.5,13.81,31.9,31.9,31.7,32.1,optimal,optimal,optimal,optimal,optimal,optimal,→ stable,→ stable,→ stable,100.0,✅ EXCELLENT,False,NONE,3.6,0.2,NONE
1780089465.789,82.0,90.5,31.7,1460.0,45.6,13.83,32.2,32.0,31.7,32.2,optimal,optimal,optimal,optimal,optimal,optimal,→ stable,→ stable,→ stable,100.0,✅ EXCELLENT,False,NONE,3.9,0.0,NONE
1780089466.791,81.4,88.7,32.3,1515.0,44.8,13.83,31.8,32.0,32.1,31.9,optimal,optimal,optimal,optimal,optimal,optimal,↑ increasing,→ stable,→ stable,100.0,✅ EXCELLENT,False,NONE,3.1,0.8,NONE
1780089467.792,78.0,89.5,31.6,1520.0,45.1,13.79,32.2,32.3,31.9,32.3,optimal,optimal,optimal,optimal,optimal,optimal,→ stable,→ stable,→ stable,100.0,✅ EXCELLENT,False,NONE,3.8,0.1,NONE
1780089468.793,80.3,91.0,32.2,1480.0,45.0,13.75,31.9,31.7,32.1,32.3,optimal,optimal,optimal,optimal,optimal,optimal,↑ increasing,→ stable,→ stable,100.0,✅ EXCELLENT,False,NONE,3.2,0.0,NONE
1780089469.794,77.9,88.9,31.8,1524.0,44.2,13.8,31.9,31.8,31.8,32.3,optimal,optimal,optimal,optimal,optimal,optimal,→ stable,→ stable,→ stable,100.0,✅ EXCELLENT,False,NONE,3.6,0.6,NONE
1780089470.794,81.0,89.9,31.7,1475.0,44.2,13.82,31.9,32.0,32.0,31.9,optimal,optimal,optimal,optimal,optimal,optimal,→ stable,→ stable,→ stable,100.0,✅ EXCELLENT,False,NONE,3.8,0.0,NONE
1780089471.796,81.4,91.4,32.0,1502.0,44.1,13.75,32.1,31.8,31.8,31.9,optimal,optimal,optimal,optimal,optimal,optimal,↑ increasing,→ stable,→ stable,100.0,✅ EXCELLENT,False,NONE,3.5,0.0,NONE
1780089472.797,77.9,89.4,31.8,1478.0,44.9,13.81,32.3,32.0,31.9,32.3,optimal,optimal,optimal,optimal,optimal,optimal,→ stable,↓ decreasing,→ stable,100.0,✅ EXCELLENT,False,NONE,3.6,0.2,NONE
1780089473.797,78.6,89.1,32.0,1459.0,45.3,13.82,31.6,32.1,32.2,31.8,optimal,optimal,optimal,optimal,optimal,optimal,→ stable,→ stable,→ stable,100.0,✅ EXCELLENT,False,NONE,3.4,0.4,NONE
1780089474.798,80.6,89.3,32.3,1522.0,45.8,13.8,32.3,31.7,32.0,31.9,optimal,optimal,optimal,optimal,optimal,optimal,→ stable,→ stable,→ stable,100.0,✅ EXCELLENT,False,NONE,3.1,0.2,NONE
1780089475.799,80.5,91.4,31.7,1456.0,45.8,13.77,32.2,31.7,31.7,32.4,optimal,optimal,optimal,optimal,optimal,optimal,→ stable,→ stable,→ stable,100.0,✅ EXCELLENT,False,NONE,3.8,0.0,NONE
1780089476.8,77.2,90.9,32.4,1546.0,44.0,13.77,32.1,31.8,32.3,31.7,optimal,optimal,optimal,optimal,optimal,optimal,↓ decreasing,→ stable,→ stable,100.0,✅ EXCELLENT,False,NONE,2.9,0.0,NONE
1780089477.801,82.8,89.6,32.0,1491.0,45.4,13.8,32.4,31.8,32.0,31.9,optimal,optimal,optimal,optimal,optimal,optimal,→ stable,→ stable,→ stable,100.0,✅ EXCELLENT,False,NONE,3.5,0.1,NONE
1780089478.801,77.2,90.0,31.8,1466.0,44.9,13.79,32.1,32.1,32.1,32.2,optimal,optimal,optimal,optimal,optimal,optimal,↓ decreasing,→ stable,→ stable,100.0,✅ EXCELLENT,False,NONE,3.5,0.0,NONE
1780089479.801,80.1,89.2,32.0,1451.0,44.4,13.79,32.3,32.3,31.7,32.1,optimal,optimal,optimal,optimal,optimal,optimal,→ stable,→ stable,→ stable,100.0,✅ EXCELLENT,False,NONE,3.4,0.3,NONE
1780089480.802,81.9,90.2,32.3,1471.0,44.3,13.79,31.9,31.9,31.8,32.0,optimal,optimal,optimal,optimal,optimal,optimal,→ stable,→ stable,→ stable,100.0,✅ EXCELLENT,False,NONE,3.2,0.0,NONE
1780089481.802,78.9,89.8,32.3,1500.0,45.7,13.81,31.7,31.6,32.1,31.7,optimal,optimal,optimal,optimal,optimal,optimal,↓ decreasing,→ stable,→ stable,100.0,✅ EXCELLENT,False,NONE,3.0,0.0,NONE
1780089482.802,77.3,90.9,31.6,1502.0,45.9,13.79,32.1,32.4,31.9,31.6,optimal,optimal,optimal,optimal,optimal,optimal,↓ decreasing,→ stable,→ stable,100.0,✅ EXCELLENT,False,NONE,3.8,0.0,NONE
1780089483.802,78.4,88.7,32.0,1488.0,45.8,13.81,32.0,31.8,32.3,32.0,optimal,optimal,optimal,optimal,optimal,optimal,↓ decreasing,→ stable,→ stable,100.0,✅ EXCELLENT,False,NONE,3.4,0.8,NONE
1780089484.803,77.2,90.2,31.8,1484.0,44.2,13.76,32.2,32.2,31.8,32.3,optimal,optimal,optimal,optimal,optimal,optimal,↓ decreasing,→ stable,→ stable,100.0,✅ EXCELLENT,False,NONE,3.5,0.0,NONE
1780089485.805,78.1,88.7,32.0,1496.0,45.9,13.78,31.8,32.0,32.1,31.7,optimal,optimal,optimal,optimal,optimal,optimal,↓ decreasing,→ stable,→ stable,100.0,✅ EXCELLENT,False,NONE,3.3,0.8,NONE
1780089486.806,81.5,89.3,32.0,1488.0,44.9,13.84,32.1,31.7,32.2,32.0,optimal,optimal,optimal,optimal,optimal,optimal,→ stable,→ stable,→ stable,100.0,✅ EXCELLENT,False,NONE,3.5,0.2,NONE
1780089487.806,77.8,90.4,32.0,1480.0,44.9,13.77,31.8,32.0,32.1,31.7,optimal,optimal,optimal,optimal,optimal,optimal,↓ decreasing,→ stable,→ stable,100.0,✅ EXCELLENT,False,NONE,3.3,0.0,NONE
1780089488.807,78.4,90.4,32.2,1524.0,44.7,13.81,32.0,31.8,32.4,32.0,optimal,optimal,optimal,optimal,optimal,optimal,↓ decreasing,→ stable,→ stable,100.0,✅ EXCELLENT,False,NONE,3.1,0.0,NONE
1780089489.808,78.2,89.7,32.3,1541.0,45.3,13.79,32.4,31.8,32.1,32.1,optimal,optimal,optimal,optimal,optimal,optimal,↓ decreasing,→ stable,→ stable,100.0,✅ EXCELLENT,False,NONE,3.0,0.0,NONE
1780089490.81,79.6,88.7,31.7,1472.0,44.8,13.81,32.1,31.9,32.1,32.1,optimal,optimal,optimal,optimal,optimal,optimal,↓ decreasing,→ stable,→ stable,100.0,✅ EXCELLENT,False,NONE,3.8,0.8,NONE
1780089491.811,82.6,90.5,32.1,1459.0,44.1,13.76,31.6,32.1,32.1,32.1,optimal,optimal,optimal,optimal,optimal,optimal,↓ decreasing,→ stable,→ stable,100.0,✅ EXCELLENT,False,NONE,3.4,0.0,NONE
1780089492.812,80.7,90.0,31.9,1546.0,44.4,13.81,31.7,31.9,32.3,32.0,optimal,optimal,optimal,optimal,optimal,optimal,→ stable,→ stable,→ stable,100.0,✅ EXCELLENT,False,NONE,3.6,0.0,NONE
1780089493.812,79.3,90.6,32.0,1456.0,44.8,13.83,32.1,32.3,32.2,31.6,optimal,optimal,optimal,optimal,optimal,optimal,→ stable,→ stable,→ stable,100.0,✅ EXCELLENT,False,NONE,3.4,0.0,NONE
1780089494.812,82.9,88.9,32.0,1523.0,44.0,13.82,32.1,32.1,31.7,31.9,optimal,optimal,optimal,optimal,optimal,optimal,↑ increasing,→ stable,→ stable,100.0,✅ EXCELLENT,False,NONE,3.6,0.6,NONE
1780089495.813,80.6,89.1,32.1,1510.0,45.8,13.83,32.0,31.7,31.8,32.2,optimal,optimal,optimal,optimal,optimal,optimal,↑ increasing,→ stable,→ stable,100.0,✅ EXCELLENT,False,NONE,3.3,0.4,NONE
1780089496.814,79.1,88.7,32.1,1476.0,45.1,13.79,31.8,32.2,32.2,31.8,optimal,optimal,optimal,optimal,optimal,optimal,↑ increasing,→ stable,→ stable,100.0,✅ EXCELLENT,False,NONE,3.3,0.8,NONE
1780089497.814,80.2,88.9,31.6,1529.0,44.2,13.81,31.8,32.3,31.9,32.1,optimal,optimal,optimal,optimal,optimal,optimal,↑ increasing,→ stable,→ stable,100.0,✅ EXCELLENT,False,NONE,3.9,0.6,NONE
1780089498.816,77.3,89.4,31.8,1539.0,45.2,13.84,31.7,31.8,31.9,32.4,optimal,optimal,optimal,optimal,optimal,optimal,↑ increasing,→ stable,→ stable,100.0,✅ EXCELLENT,False,NONE,3.5,0.2,NONE
1780089499.817,82.9,89.3,31.9,1501.0,44.2,13.76,32.1,32.0,32.1,31.9,optimal,optimal,optimal,optimal,optimal,optimal,↑ increasing,→ stable,→ stable,100.0,✅ EXCELLENT,False,NONE,3.7,0.2,NONE
1780089500.818,78.0,90.8,32.1,1491.0,45.0,13.77,31.8,31.8,32.3,32.2,optimal,optimal,optimal,optimal,optimal,optimal,↑ increasing,→ stable,→ stable,100.0,✅ EXCELLENT,False,NONE,3.2,0.0,NONE
1780089501.819,78.1,90.2,31.7,1505.0,45.7,13.83,31.8,31.9,32.0,31.9,optimal,optimal,optimal,optimal,optimal,optimal,↑ increasing,→ stable,→ stable,100.0,✅ EXCELLENT,False,NONE,3.7,0.0,NONE
1780089502.82,80.7,90.5,31.7,1531.0,44.7,13.84,31.8,32.2,31.7,31.9,optimal,optimal,optimal,optimal,optimal,optimal,↑ increasing,→ stable,→ stable,100.0,✅ EXCELLENT,False,NONE,3.8,0.0,NONE
1780089503.821,82.4,90.5,32.2,1455.0,45.1,13.75,32.3,32.0,31.6,32.1,optimal,optimal,optimal,optimal,optimal,optimal,↑ increasing,→ stable,→ stable,100.0,✅ EXCELLENT,False,NONE,3.3,0.0,NONE
1780089504.821,77.8,88.8,32.3,1471.0,44.4,13.84,31.8,32.1,31.7,32.4,optimal,optimal,optimal,optimal,optimal,optimal,→ stable,→ stable,→ stable,100.0,✅ EXCELLENT,False,NONE,3.0,0.7,NONE
1780089505.823,82.4,88.8,31.6,1488.0,45.2,13.76,32.0,31.7,32.3,31.7,optimal,optimal,optimal,optimal,optimal,optimal,→ stable,→ stable,→ stable,100.0,✅ EXCELLENT,False,NONE,4.0,0.7,NONE
1780089506.824,77.9,89.4,32.0,1536.0,44.0,13.8,31.8,31.6,32.3,32.1,optimal,optimal,optimal,optimal,optimal,optimal,→ stable,→ stable,→ stable,100.0,✅ EXCELLENT,False,NONE,3.3,0.2,NONE
1780089507.825,81.4,89.6,32.2,1464.0,44.1,13.82,32.1,32.1,32.2,32.2,optimal,optimal,optimal,optimal,optimal,optimal,→ stable,→ stable,→ stable,100.0,✅ EXCELLENT,False,NONE,3.3,0.1,NONE
1780089508.826,82.9,89.9,32.2,1488.0,45.6,13.83,32.0,32.0,31.6,32.1,optimal,optimal,optimal,optimal,optimal,optimal,→ stable,→ stable,→ stable,100.0,✅ EXCELLENT,False,NONE,3.3,0.0,NONE
1780089509.826,80.6,89.4,32.2,1540.0,44.3,13.83,31.6,31.7,31.8,31.8,optimal,optimal,optimal,optimal,optimal,optimal,→ stable,→ stable,→ stable,100.0,✅ EXCELLENT,False,NONE,3.2,0.2,NONE
1780089510.827,82.8,91.1,31.7,1463.0,45.5,13.81,31.6,31.9,31.7,31.6,optimal,optimal,optimal,optimal,optimal,optimal,→ stable,→ stable,→ stable,100.0,✅ EXCELLENT,False,NONE,3.9,0.0,NONE
1780089511.828,81.9,89.1,32.4,1522.0,44.8,13.77,31.9,32.3,32.2,31.7,optimal,optimal,optimal,optimal,optimal,optimal,↑ increasing,→ stable,→ stable,100.0,✅ EXCELLENT,False,NONE,3.0,0.4,NONE
1780089512.828,83.0,90.7,32.2,1460.0,44.5,13.84,32.0,32.2,31.6,31.7,optimal,optimal,optimal,optimal,optimal,optimal,↑ increasing,→ stable,→ stable,100.0,✅ EXCELLENT,False,NONE,3.3,0.0,NONE
1780089513.83,81.7,89.4,32.3,1465.0,44.5,13.76,31.6,31.8,32.1,31.8,optimal,optimal,optimal,optimal,optimal,optimal,↑ increasing,→ stable,→ stable,100.0,✅ EXCELLENT,False,NONE,3.2,0.2,NONE
1780089514.831,79.4,91.2,31.6,1517.0,45.1,13.77,32.3,32.2,31.6,31.7,optimal,optimal,optimal,optimal,optimal,optimal,↑ increasing,→ stable,→ stable,100.0,✅ EXCELLENT,False,NONE,3.9,0.0,NONE
1780089515.831,82.3,90.1,31.9,1472.0,44.7,13.76,31.9,32.1,31.6,31.7,optimal,optimal,optimal,optimal,optimal,optimal,↑ increasing,→ stable,→ stable,100.0,✅ EXCELLENT,False,NONE,3.6,0.0,NONE
1780089516.832,78.8,91.5,31.9,1518.0,45.1,13.78,32.1,31.7,31.6,31.8,optimal,optimal,optimal,optimal,optimal,optimal,↑ increasing,↑ increasing,→ stable,100.0,✅ EXCELLENT,False,NONE,3.5,0.0,NONE
1780089517.833,78.4,90.7,32.2,1535.0,45.0,13.84,32.0,32.2,32.1,32.1,optimal,optimal,optimal,optimal,optimal,optimal,↑ increasing,↑ increasing,→ stable,100.0,✅ EXCELLENT,False,NONE,3.1,0.0,NONE
1780089518.834,80.8,90.8,31.7,1536.0,44.6,13.81,31.7,31.8,32.1,31.7,optimal,optimal,optimal,optimal,optimal,optimal,↑ increasing,↑ increasing,→ stable,100.0,✅ EXCELLENT,False,NONE,3.8,0.0,NONE
1780089519.833,79.9,89.7,31.8,1512.0,44.9,13.83,32.0,32.4,32.1,31.7,optimal,optimal,optimal,optimal,optimal,optimal,↑ increasing,↑ increasing,→ stable,100.0,✅ EXCELLENT,False,NONE,3.7,0.0,NONE
1780089520.835,77.1,88.8,31.7,1527.0,44.3,13.82,31.8,31.6,32.4,32.3,optimal,optimal,optimal,optimal,optimal,optimal,→ stable,→ stable,→ stable,100.0,✅ EXCELLENT,False,NONE,3.6,0.7,NONE
1780089521.835,82.4,89.9,32.2,1453.0,45.8,13.77,31.7,32.3,31.7,32.3,optimal,optimal,optimal,optimal,optimal,optimal,↓ decreasing,↑ increasing,→ stable,100.0,✅ EXCELLENT,False,NONE,3.3,0.0,NONE
1780089522.835,80.0,89.0,31.7,1502.0,44.7,13.77,32.2,31.8,32.0,31.7,optimal,optimal,optimal,optimal,optimal,optimal,↓ decreasing,→ stable,→ stable,100.0,✅ EXCELLENT,False,NONE,3.8,0.5,NONE
1780089523.836,80.9,90.7,31.7,1499.0,44.9,13.77,32.2,32.3,32.2,32.4,optimal,optimal,optimal,optimal,optimal,optimal,↓ decreasing,↑ increasing,→ stable,100.0,✅ EXCELLENT,False,NONE,3.8,0.0,NONE
1780089524.836,77.3,88.7,32.1,1503.0,45.6,13.82,31.9,32.4,32.1,32.2,optimal,optimal,optimal,optimal,optimal,optimal,↓ decreasing,→ stable,→ stable,100.0,✅ EXCELLENT,False,NONE,3.2,0.8,NONE
1780089525.837,82.4,90.7,31.9,1532.0,45.0,13.81,32.4,32.0,31.7,32.1,optimal,optimal,optimal,optimal,optimal,optimal,↓ decreasing,→ stable,→ stable,100.0,✅ EXCELLENT,False,NONE,3.6,0.0,NONE
1780089526.837,80.6,90.8,32.0,1497.0,44.9,13.78,32.1,32.2,31.9,32.1,optimal,optimal,optimal,optimal,optimal,optimal,↓ decreasing,→ stable,→ stable,100.0,✅ EXCELLENT,False,NONE,3.5,0.0,NONE
1780089527.837,79.8,90.3,31.7,1508.0,45.0,13.85,32.3,31.9,32.0,31.8,optimal,optimal,optimal,optimal,optimal,optimal,↓ decreasing,→ stable,→ stable,100.0,✅ EXCELLENT,False,NONE,3.8,0.0,NONE
1780089528.837,81.9,90.1,32.0,1531.0,45.0,13.8,31.9,31.9,32.0,32.2,optimal,optimal,optimal,optimal,optimal,optimal,↓ decreasing,↓ decreasing,→ stable,100.0,✅ EXCELLENT,False,NONE,3.5,0.0,NONE
1780089529.837,77.8,89.0,31.7,1500.0,44.9,13.83,32.0,31.7,31.7,31.6,optimal,optimal,optimal,optimal,optimal,optimal,↓ decreasing,↓ decreasing,→ stable,100.0,✅ EXCELLENT,False,NONE,3.7,0.5,NONE
1780089530.839,82.5,90.8,32.0,1539.0,45.8,13.81,32.3,31.8,31.7,31.6,optimal,optimal,optimal,optimal,optimal,optimal,→ stable,→ stable,→ stable,100.0,✅ EXCELLENT,False,NONE,3.5,0.0,NONE
1780089531.839,82.2,89.4,31.8,1523.0,44.3,13.78,32.2,31.9,32.3,32.2,optimal,optimal,optimal,optimal,optimal,optimal,→ stable,→ stable,→ stable,100.0,✅ EXCELLENT,False,NONE,3.8,0.2,NONE
1780089532.841,77.7,88.7,31.9,1537.0,44.8,13.82,32.1,32.3,32.1,31.8,optimal,optimal,optimal,optimal,optimal,optimal,→ stable,→ stable,→ stable,100.0,✅ EXCELLENT,False,NONE,3.4,0.8,NONE
1780089533.841,80.7,88.5,32.4,1453.0,45.5,13.84,32.2,31.8,31.9,32.3,optimal,optimal,optimal,optimal,optimal,optimal,→ stable,↓ decreasing,→ stable,100.0,✅ EXCELLENT,False,NONE,3.0,1.1,NONE
1780089534.841,78.0,91.1,32.2,1485.0,44.3,13.78,32.3,32.0,32.2,31.7,optimal,optimal,optimal,optimal,optimal,optimal,↑ increasing,→ stable,→ stable,100.0,✅ EXCELLENT,False,NONE,3.1,0.0,NONE
1780089535.842,78.4,91.1,31.8,1496.0,44.9,13.83,32.1,32.3,32.1,32.1,optimal,optimal,optimal,optimal,optimal,optimal,→ stable,→ stable,→ stable,100.0,✅ EXCELLENT,False,NONE,3.6,0.0,NONE
1780089536.844,81.8,89.0,32.0,1495.0,45.8,13.8,31.8,32.1,31.7,32.3,optimal,optimal,optimal,optimal,optimal,optimal,→ stable,→ stable,→ stable,100.0,✅ EXCELLENT,False,NONE,3.5,0.5,NONE
1780089537.844,78.3,90.2,31.9,1494.0,46.0,13.78,32.1,31.9,31.7,32.1,optimal,optimal,optimal,optimal,optimal,optimal,→ stable,→ stable,→ stable,100.0,✅ EXCELLENT,False,NONE,3.5,0.0,NONE
1780089538.846,82.7,89.8,31.8,1491.0,44.5,13.78,32.2,31.7,31.9,31.8,optimal,optimal,optimal,optimal,optimal,optimal,→ stable,→ stable,→ stable,100.0,✅ EXCELLENT,False,NONE,3.8,0.0,NONE
