timestamp,speed_kmh,engine_temp_c,tire_pressure_psi,engine_rpm,oil_pressure_psi,battery_voltage_v,tire_pressure_fl_psi,tire_pressure_fr_psi,tire_pressure_rl_psi,tire_pressure_rr_psi,speed_status,temp_status,psi_status,rpm_status,oil_status,battery_status,speed_trend,temp_trend,psi_trend,overall_health,health_status,emergency,contradictions,tire_speed_risk,temp_correlation_penalty,alerts
1779685773.544,78.0,89.9,32.4,1454.0,44.1,13.81,32.3,32.4,32.0,32.0,optimal,optimal,optimal,optimal,optimal,optimal,—,—,—,100.0,✅ EXCELLENT,False,NONE,2.9,0.0,NONE
1779685774.545,79.6,88.9,31.9,1505.0,44.6,13.76,32.0,32.0,32.4,31.9,optimal,optimal,optimal,optimal,optimal,optimal,↑ increasing,↓ decreasing,→ stable,100.0,✅ EXCELLENT,False,NONE,3.5,0.6,NONE
1779685775.546,77.3,91.4,31.9,1534.0,45.3,13.84,32.3,31.6,32.1,32.0,optimal,optimal,optimal,optimal,optimal,optimal,↓ decreasing,↑ increasing,→ stable,100.0,✅ EXCELLENT,False,NONE,3.4,0.0,NONE
1779685776.546,80.6,91.4,31.9,1535.0,44.4,13.83,32.2,31.7,31.7,32.0,optimal,optimal,optimal,optimal,optimal,optimal,↑ increasing,↑ increasing,→ stable,100.0,✅ EXCELLENT,False,NONE,3.6,0.0,NONE
1779685777.546,77.7,89.3,32.0,1486.0,44.8,13.82,31.8,32.3,32.3,32.1,optimal,optimal,optimal,optimal,optimal,optimal,→ stable,↓ decreasing,→ stable,100.0,✅ EXCELLENT,False,NONE,3.3,0.2,NONE
1779685778.547,82.9,91.1,32.0,1535.0,44.7,13.77,31.7,32.2,31.9,32.0,optimal,optimal,optimal,optimal,optimal,optimal,↑ increasing,↑ increasing,→ stable,100.0,✅ EXCELLENT,False,NONE,3.6,0.0,NONE
1779685779.547,78.2,88.6,32.2,1480.0,44.2,13.78,32.0,31.8,32.0,32.0,optimal,optimal,optimal,optimal,optimal,optimal,→ stable,↓ decreasing,→ stable,100.0,✅ EXCELLENT,False,NONE,3.1,1.0,NONE
1779685780.547,77.2,90.5,31.8,1549.0,45.1,13.79,32.0,32.1,31.7,31.9,optimal,optimal,optimal,optimal,optimal,optimal,↓ decreasing,↑ increasing,↓ decreasing,100.0,✅ EXCELLENT,False,NONE,3.5,0.0,NONE
1779685781.549,78.3,90.4,31.7,1535.0,44.8,13.84,31.8,32.0,31.9,32.1,optimal,optimal,optimal,optimal,optimal,optimal,→ stable,→ stable,↓ decreasing,100.0,✅ EXCELLENT,False,NONE,3.7,0.0,NONE
1779685782.549,80.0,89.6,31.8,1508.0,44.6,13.77,31.6,32.1,31.7,31.7,optimal,optimal,optimal,optimal,optimal,optimal,↑ increasing,→ stable,↓ decreasing,100.0,✅ EXCELLENT,False,NONE,3.7,0.1,💨 PRESSURE_LEAK: Tire pressure dropping
1779685783.551,77.7,88.8,31.7,1533.0,44.2,13.84,32.0,31.9,32.0,32.2,optimal,optimal,optimal,optimal,optimal,optimal,→ stable,↓ decreasing,↓ decreasing,100.0,✅ EXCELLENT,False,NONE,3.7,0.7,💨 PRESSURE_LEAK: Tire pressure dropping
1779685784.552,77.4,89.5,31.9,1519.0,45.9,13.76,32.2,32.1,32.1,32.1,optimal,optimal,optimal,optimal,optimal,optimal,↓ decreasing,→ stable,→ stable,100.0,✅ EXCELLENT,False,NONE,3.4,0.1,NONE
1779685785.553,80.9,88.9,31.8,1506.0,44.6,13.75,31.7,32.2,32.3,31.8,optimal,optimal,optimal,optimal,optimal,optimal,↑ increasing,↓ decreasing,↓ decreasing,100.0,✅ EXCELLENT,False,NONE,3.7,0.6,💨 PRESSURE_LEAK: Tire pressure dropping
1779685786.554,79.8,90.4,32.0,1487.0,44.6,13.76,31.8,31.6,31.9,31.7,optimal,optimal,optimal,optimal,optimal,optimal,↑ increasing,→ stable,→ stable,100.0,✅ EXCELLENT,False,NONE,3.4,0.0,NONE
1779685787.555,80.6,90.6,31.7,1524.0,44.2,13.82,31.8,32.3,31.6,32.0,optimal,optimal,optimal,optimal,optimal,optimal,↑ increasing,↑ increasing,↓ decreasing,100.0,✅ EXCELLENT,False,NONE,3.8,0.0,💨 PRESSURE_LEAK: Tire pressure dropping
1779685788.556,81.5,89.2,32.3,1521.0,44.1,13.8,31.9,32.2,32.2,31.8,optimal,optimal,optimal,optimal,optimal,optimal,↑ increasing,↓ decreasing,→ stable,100.0,✅ EXCELLENT,False,NONE,3.1,0.3,NONE
1779685789.556,79.4,89.1,32.2,1531.0,44.8,13.79,31.6,32.2,32.0,31.6,optimal,optimal,optimal,optimal,optimal,optimal,↑ increasing,↓ decreasing,→ stable,100.0,✅ EXCELLENT,False,NONE,3.2,0.4,NONE
1779685790.558,80.1,88.5,32.0,1520.0,45.4,13.82,31.7,31.9,31.6,31.9,optimal,optimal,optimal,optimal,optimal,optimal,↑ increasing,↓ decreasing,→ stable,100.0,✅ EXCELLENT,False,NONE,3.4,1.1,NONE
1779685791.559,80.5,89.5,32.1,1532.0,44.5,13.77,31.8,31.9,31.7,32.0,optimal,optimal,optimal,optimal,optimal,optimal,↑ increasing,→ stable,→ stable,100.0,✅ EXCELLENT,False,NONE,3.3,0.1,NONE
1779685792.559,80.6,89.7,32.3,1547.0,44.9,13.83,31.6,32.0,31.7,31.7,optimal,optimal,optimal,optimal,optimal,optimal,↑ increasing,↓ decreasing,→ stable,100.0,✅ EXCELLENT,False,NONE,3.1,0.0,NONE
1779685793.559,81.4,90.3,32.0,1451.0,45.8,13.83,32.0,32.3,31.8,32.1,optimal,optimal,optimal,optimal,optimal,optimal,↑ increasing,→ stable,→ stable,100.0,✅ EXCELLENT,False,NONE,3.5,0.0,NONE
1779685794.56,80.7,91.2,31.9,1542.0,44.5,13.78,31.8,31.7,32.0,31.8,optimal,optimal,optimal,optimal,optimal,optimal,↑ increasing,→ stable,→ stable,100.0,✅ EXCELLENT,False,NONE,3.6,0.0,NONE
1779685795.56,82.5,89.4,31.7,1539.0,45.8,13.79,31.7,32.2,32.2,31.9,optimal,optimal,optimal,optimal,optimal,optimal,↑ increasing,→ stable,→ stable,100.0,✅ EXCELLENT,False,NONE,3.9,0.2,NONE
1779685796.561,77.0,90.6,32.1,1513.0,44.7,13.82,31.8,32.1,32.0,32.1,optimal,optimal,optimal,optimal,optimal,optimal,↑ increasing,→ stable,→ stable,100.0,✅ EXCELLENT,False,NONE,3.2,0.0,NONE
1779685797.562,82.4,89.8,32.0,1520.0,44.5,13.81,31.7,31.6,31.9,31.7,optimal,optimal,optimal,optimal,optimal,optimal,↑ increasing,→ stable,→ stable,100.0,✅ EXCELLENT,False,NONE,3.5,0.0,NONE
1779685798.562,81.4,89.0,31.8,1528.0,44.2,13.76,32.2,31.7,31.9,32.2,optimal,optimal,optimal,optimal,optimal,optimal,↑ increasing,→ stable,→ stable,100.0,✅ EXCELLENT,False,NONE,3.7,0.5,NONE
1779685799.563,81.1,91.2,32.0,1530.0,45.1,13.8,31.8,32.2,31.8,32.3,optimal,optimal,optimal,optimal,optimal,optimal,↑ increasing,→ stable,→ stable,100.0,✅ EXCELLENT,False,NONE,3.5,0.0,NONE
1779685800.564,78.8,89.4,31.6,1542.0,45.4,13.82,31.9,31.7,31.7,32.0,optimal,optimal,optimal,optimal,optimal,optimal,↑ increasing,↑ increasing,→ stable,100.0,✅ EXCELLENT,False,NONE,3.8,0.2,NONE
1779685801.564,80.7,90.7,32.0,2537.0,49.2,14.17,32.7,33.2,31.8,32.4,optimal,optimal,optimal,optimal,optimal,optimal,↑ increasing,↑ increasing,→ stable,100.0,✅ EXCELLENT,False,NONE,3.5,0.0,NONE
1779685802.566,78.3,91.5,32.1,2488.0,50.0,14.24,32.9,33.3,32.1,32.1,optimal,optimal,optimal,optimal,optimal,optimal,↑ increasing,↑ increasing,→ stable,100.0,✅ EXCELLENT,False,NONE,3.2,0.0,NONE
1779685803.567,278.6,88.8,8.2,6815.0,50.0,14.18,33.2,32.6,31.9,32.3,danger,optimal,danger,danger,optimal,optimal,↑ increasing,↑ increasing,↓ decreasing,100.0,🚨 EMERGENCY,True,CRITICAL_TIRE_FAILURE_RISK|TIRE_PUNCTURE_RISK|RAPID_PRESSURE_DROP,100.0,0.7,🚨 EMERGENCY: TIRE BLOWOUT IMMINENT - Reduce speed immediately!|⚠️ CRITICAL: Tire puncture risk - Pressure dropping at high speed|💨 WARNING: Rapid tire pressure drop - Possible leak|⚠️ EXCESSIVE_SPEED: Vehicle speed exceeds safe limits|🛞 CRITICAL_PRESSURE: Tire flat or severely under-inflated|💨 PRESSURE_LEAK: Tire pressure dropping|🚨 TIRE_SPEED_MISMATCH: Tire pressure unsafe for current speed
1779685804.568,277.4,91.4,7.9,6769.0,51.0,14.22,32.9,33.0,32.1,32.4,danger,optimal,danger,danger,optimal,optimal,↑ increasing,→ stable,↓ decreasing,100.0,🚨 EMERGENCY,True,CRITICAL_TIRE_FAILURE_RISK|TIRE_PUNCTURE_RISK|RAPID_PRESSURE_DROP,100.0,0.0,🚨 EMERGENCY: TIRE BLOWOUT IMMINENT - Reduce speed immediately!|⚠️ CRITICAL: Tire puncture risk - Pressure dropping at high speed|💨 WARNING: Rapid tire pressure drop - Possible leak|⚠️ EXCESSIVE_SPEED: Vehicle speed exceeds safe limits|🛞 CRITICAL_PRESSURE: Tire flat or severely under-inflated|💨 PRESSURE_LEAK: Tire pressure dropping|🚨 TIRE_SPEED_MISMATCH: Tire pressure unsafe for current speed
1779685805.57,278.5,88.7,8.2,6778.0,50.1,14.24,33.3,32.7,32.3,32.1,danger,optimal,danger,danger,optimal,optimal,↑ increasing,→ stable,↓ decreasing,100.0,🚨 EMERGENCY,True,CRITICAL_TIRE_FAILURE_RISK|TIRE_PUNCTURE_RISK|RAPID_PRESSURE_DROP,100.0,0.8,🚨 EMERGENCY: TIRE BLOWOUT IMMINENT - Reduce speed immediately!|⚠️ CRITICAL: Tire puncture risk - Pressure dropping at high speed|💨 WARNING: Rapid tire pressure drop - Possible leak|⚠️ EXCESSIVE_SPEED: Vehicle speed exceeds safe limits|🛞 CRITICAL_PRESSURE: Tire flat or severely under-inflated|💨 PRESSURE_LEAK: Tire pressure dropping|🚨 TIRE_SPEED_MISMATCH: Tire pressure unsafe for current speed
1779685806.571,280.8,90.7,7.7,6806.0,49.0,14.22,33.0,33.1,32.1,31.8,danger,optimal,danger,danger,optimal,optimal,↑ increasing,→ stable,↓ decreasing,100.0,🚨 EMERGENCY,True,CRITICAL_TIRE_FAILURE_RISK|TIRE_PUNCTURE_RISK|RAPID_PRESSURE_DROP,100.0,0.0,🚨 EMERGENCY: TIRE BLOWOUT IMMINENT - Reduce speed immediately!|⚠️ CRITICAL: Tire puncture risk - Pressure dropping at high speed|💨 WARNING: Rapid tire pressure drop - Possible leak|⚠️ EXCESSIVE_SPEED: Vehicle speed exceeds safe limits|🛞 CRITICAL_PRESSURE: Tire flat or severely under-inflated|💨 PRESSURE_LEAK: Tire pressure dropping|🚨 TIRE_SPEED_MISMATCH: Tire pressure unsafe for current speed
1779685807.571,278.5,91.2,8.0,6753.0,49.6,14.16,33.4,32.7,31.9,31.8,danger,optimal,danger,danger,optimal,optimal,↑ increasing,↑ increasing,↓ decreasing,100.0,🚨 EMERGENCY,True,CRITICAL_TIRE_FAILURE_RISK|TIRE_PUNCTURE_RISK,100.0,0.0,🚨 EMERGENCY: TIRE BLOWOUT IMMINENT - Reduce speed immediately!|⚠️ CRITICAL: Tire puncture risk - Pressure dropping at high speed|⚠️ EXCESSIVE_SPEED: Vehicle speed exceeds safe limits|🛞 CRITICAL_PRESSURE: Tire flat or severely under-inflated|💨 PRESSURE_LEAK: Tire pressure dropping|🚨 TIRE_SPEED_MISMATCH: Tire pressure unsafe for current speed
1779685808.572,279.8,88.7,8.4,6814.0,50.7,14.21,33.0,33.0,31.9,32.2,danger,optimal,danger,danger,optimal,optimal,↑ increasing,↑ increasing,↓ decreasing,100.0,🚨 EMERGENCY,True,CRITICAL_TIRE_FAILURE_RISK|TIRE_PUNCTURE_RISK,100.0,0.8,🚨 EMERGENCY: TIRE BLOWOUT IMMINENT - Reduce speed immediately!|⚠️ CRITICAL: Tire puncture risk - Pressure dropping at high speed|⚠️ EXCESSIVE_SPEED: Vehicle speed exceeds safe limits|🛞 CRITICAL_PRESSURE: Tire flat or severely under-inflated|💨 PRESSURE_LEAK: Tire pressure dropping|🚨 TIRE_SPEED_MISMATCH: Tire pressure unsafe for current speed
1779685809.573,282.2,90.9,8.2,6792.0,49.7,14.2,32.7,33.2,31.8,32.0,danger,optimal,danger,danger,optimal,optimal,↑ increasing,→ stable,↓ decreasing,100.0,🚨 EMERGENCY,True,CRITICAL_TIRE_FAILURE_RISK|TIRE_PUNCTURE_RISK,100.0,0.0,🚨 EMERGENCY: TIRE BLOWOUT IMMINENT - Reduce speed immediately!|⚠️ CRITICAL: Tire puncture risk - Pressure dropping at high speed|⚠️ EXCESSIVE_SPEED: Vehicle speed exceeds safe limits|🛞 CRITICAL_PRESSURE: Tire flat or severely under-inflated|💨 PRESSURE_LEAK: Tire pressure dropping|🚨 TIRE_SPEED_MISMATCH: Tire pressure unsafe for current speed
1779685810.573,277.9,91.5,7.7,6806.0,50.3,14.19,32.7,32.8,31.8,31.9,danger,optimal,danger,danger,optimal,optimal,↑ increasing,→ stable,↓ decreasing,100.0,🚨 EMERGENCY,True,CRITICAL_TIRE_FAILURE_RISK|TIRE_PUNCTURE_RISK,100.0,0.0,🚨 EMERGENCY: TIRE BLOWOUT IMMINENT - Reduce speed immediately!|⚠️ CRITICAL: Tire puncture risk - Pressure dropping at high speed|⚠️ EXCESSIVE_SPEED: Vehicle speed exceeds safe limits|🛞 CRITICAL_PRESSURE: Tire flat or severely under-inflated|💨 PRESSURE_LEAK: Tire pressure dropping|🚨 TIRE_SPEED_MISMATCH: Tire pressure unsafe for current speed
1779685811.575,281.8,90.7,8.0,6754.0,49.0,14.19,33.4,32.9,32.0,31.7,danger,optimal,danger,danger,optimal,optimal,↑ increasing,→ stable,↓ decreasing,100.0,🚨 EMERGENCY,True,CRITICAL_TIRE_FAILURE_RISK|TIRE_PUNCTURE_RISK,100.0,0.0,🚨 EMERGENCY: TIRE BLOWOUT IMMINENT - Reduce speed immediately!|⚠️ CRITICAL: Tire puncture risk - Pressure dropping at high speed|⚠️ EXCESSIVE_SPEED: Vehicle speed exceeds safe limits|🛞 CRITICAL_PRESSURE: Tire flat or severely under-inflated|💨 PRESSURE_LEAK: Tire pressure dropping|🚨 TIRE_SPEED_MISMATCH: Tire pressure unsafe for current speed
1779685812.575,278.0,90.4,7.7,6850.0,49.5,14.22,33.2,33.4,31.8,32.2,danger,optimal,danger,danger,optimal,optimal,↑ increasing,→ stable,↓ decreasing,100.0,🚨 EMERGENCY,True,CRITICAL_TIRE_FAILURE_RISK|TIRE_PUNCTURE_RISK,100.0,0.0,🚨 EMERGENCY: TIRE BLOWOUT IMMINENT - Reduce speed immediately!|⚠️ CRITICAL: Tire puncture risk - Pressure dropping at high speed|⚠️ EXCESSIVE_SPEED: Vehicle speed exceeds safe limits|🛞 CRITICAL_PRESSURE: Tire flat or severely under-inflated|💨 PRESSURE_LEAK: Tire pressure dropping|🚨 TIRE_SPEED_MISMATCH: Tire pressure unsafe for current speed
1779685813.576,282.8,89.5,7.9,6787.0,50.5,14.18,33.4,33.1,32.4,32.2,danger,optimal,danger,danger,optimal,optimal,↑ increasing,→ stable,↓ decreasing,100.0,🚨 EMERGENCY,True,CRITICAL_TIRE_FAILURE_RISK|TIRE_PUNCTURE_RISK,100.0,0.1,🚨 EMERGENCY: TIRE BLOWOUT IMMINENT - Reduce speed immediately!|⚠️ CRITICAL: Tire puncture risk - Pressure dropping at high speed|⚠️ EXCESSIVE_SPEED: Vehicle speed exceeds safe limits|🛞 CRITICAL_PRESSURE: Tire flat or severely under-inflated|💨 PRESSURE_LEAK: Tire pressure dropping|🚨 TIRE_SPEED_MISMATCH: Tire pressure unsafe for current speed
1779685814.577,281.4,90.4,7.8,6817.0,49.1,14.2,33.0,33.2,32.4,32.3,danger,optimal,danger,danger,optimal,optimal,↑ increasing,→ stable,↓ decreasing,100.0,🚨 EMERGENCY,True,CRITICAL_TIRE_FAILURE_RISK|TIRE_PUNCTURE_RISK,100.0,0.0,🚨 EMERGENCY: TIRE BLOWOUT IMMINENT - Reduce speed immediately!|⚠️ CRITICAL: Tire puncture risk - Pressure dropping at high speed|⚠️ EXCESSIVE_SPEED: Vehicle speed exceeds safe limits|🛞 CRITICAL_PRESSURE: Tire flat or severely under-inflated|💨 PRESSURE_LEAK: Tire pressure dropping|🚨 TIRE_SPEED_MISMATCH: Tire pressure unsafe for current speed
1779685815.578,282.3,91.0,8.2,6793.0,50.0,14.25,33.3,33.1,32.0,31.7,danger,optimal,danger,danger,optimal,optimal,↑ increasing,→ stable,↓ decreasing,100.0,🚨 EMERGENCY,True,CRITICAL_TIRE_FAILURE_RISK|TIRE_PUNCTURE_RISK,100.0,0.0,🚨 EMERGENCY: TIRE BLOWOUT IMMINENT - Reduce speed immediately!|⚠️ CRITICAL: Tire puncture risk - Pressure dropping at high speed|⚠️ EXCESSIVE_SPEED: Vehicle speed exceeds safe limits|🛞 CRITICAL_PRESSURE: Tire flat or severely under-inflated|💨 PRESSURE_LEAK: Tire pressure dropping|🚨 TIRE_SPEED_MISMATCH: Tire pressure unsafe for current speed
1779685816.579,279.4,89.6,8.0,6787.0,50.9,14.16,33.0,33.3,31.9,32.2,danger,optimal,danger,danger,optimal,optimal,↑ increasing,→ stable,↓ decreasing,100.0,🚨 EMERGENCY,True,CRITICAL_TIRE_FAILURE_RISK|TIRE_PUNCTURE_RISK,100.0,0.1,🚨 EMERGENCY: TIRE BLOWOUT IMMINENT - Reduce speed immediately!|⚠️ CRITICAL: Tire puncture risk - Pressure dropping at high speed|⚠️ EXCESSIVE_SPEED: Vehicle speed exceeds safe limits|🛞 CRITICAL_PRESSURE: Tire flat or severely under-inflated|💨 PRESSURE_LEAK: Tire pressure dropping|🚨 TIRE_SPEED_MISMATCH: Tire pressure unsafe for current speed
1779685817.579,279.9,89.0,8.0,6833.0,51.0,14.2,33.2,32.7,32.3,32.1,danger,optimal,danger,danger,optimal,optimal,↑ increasing,→ stable,↓ decreasing,100.0,🚨 EMERGENCY,True,CRITICAL_TIRE_FAILURE_RISK|TIRE_PUNCTURE_RISK,100.0,0.5,🚨 EMERGENCY: TIRE BLOWOUT IMMINENT - Reduce speed immediately!|⚠️ CRITICAL: Tire puncture risk - Pressure dropping at high speed|⚠️ EXCESSIVE_SPEED: Vehicle speed exceeds safe limits|🛞 CRITICAL_PRESSURE: Tire flat or severely under-inflated|💨 PRESSURE_LEAK: Tire pressure dropping|🚨 TIRE_SPEED_MISMATCH: Tire pressure unsafe for current speed
1779685818.58,281.6,89.8,8.2,6752.0,50.5,14.2,33.1,32.9,32.1,31.8,danger,optimal,danger,danger,optimal,optimal,↑ increasing,→ stable,↓ decreasing,100.0,🚨 EMERGENCY,True,CRITICAL_TIRE_FAILURE_RISK|TIRE_PUNCTURE_RISK,100.0,0.0,🚨 EMERGENCY: TIRE BLOWOUT IMMINENT - Reduce speed immediately!|⚠️ CRITICAL: Tire puncture risk - Pressure dropping at high speed|⚠️ EXCESSIVE_SPEED: Vehicle speed exceeds safe limits|🛞 CRITICAL_PRESSURE: Tire flat or severely under-inflated|💨 PRESSURE_LEAK: Tire pressure dropping|🚨 TIRE_SPEED_MISMATCH: Tire pressure unsafe for current speed
1779685819.58,281.6,89.8,8.3,6772.0,50.0,14.21,33.3,33.2,32.0,32.3,danger,optimal,danger,danger,optimal,optimal,↑ increasing,→ stable,↓ decreasing,100.0,🚨 EMERGENCY,True,CRITICAL_TIRE_FAILURE_RISK|TIRE_PUNCTURE_RISK,100.0,0.0,🚨 EMERGENCY: TIRE BLOWOUT IMMINENT - Reduce speed immediately!|⚠️ CRITICAL: Tire puncture risk - Pressure dropping at high speed|⚠️ EXCESSIVE_SPEED: Vehicle speed exceeds safe limits|🛞 CRITICAL_PRESSURE: Tire flat or severely under-inflated|💨 PRESSURE_LEAK: Tire pressure dropping|🚨 TIRE_SPEED_MISMATCH: Tire pressure unsafe for current speed
1779685820.58,278.8,90.2,8.0,6770.0,49.7,14.21,32.7,32.8,32.3,31.8,danger,optimal,danger,danger,optimal,optimal,↑ increasing,→ stable,↓ decreasing,100.0,🚨 EMERGENCY,True,CRITICAL_TIRE_FAILURE_RISK|TIRE_PUNCTURE_RISK,100.0,0.0,🚨 EMERGENCY: TIRE BLOWOUT IMMINENT - Reduce speed immediately!|⚠️ CRITICAL: Tire puncture risk - Pressure dropping at high speed|⚠️ EXCESSIVE_SPEED: Vehicle speed exceeds safe limits|🛞 CRITICAL_PRESSURE: Tire flat or severely under-inflated|💨 PRESSURE_LEAK: Tire pressure dropping|🚨 TIRE_SPEED_MISMATCH: Tire pressure unsafe for current speed
1779685821.581,278.7,90.7,8.2,6778.0,49.4,14.21,32.7,33.0,32.3,31.7,danger,optimal,danger,danger,optimal,optimal,↑ increasing,→ stable,↓ decreasing,100.0,🚨 EMERGENCY,True,CRITICAL_TIRE_FAILURE_RISK|TIRE_PUNCTURE_RISK,100.0,0.0,🚨 EMERGENCY: TIRE BLOWOUT IMMINENT - Reduce speed immediately!|⚠️ CRITICAL: Tire puncture risk - Pressure dropping at high speed|⚠️ EXCESSIVE_SPEED: Vehicle speed exceeds safe limits|🛞 CRITICAL_PRESSURE: Tire flat or severely under-inflated|💨 PRESSURE_LEAK: Tire pressure dropping|🚨 TIRE_SPEED_MISMATCH: Tire pressure unsafe for current speed
1779685822.582,278.7,89.9,7.9,6768.0,50.0,14.23,33.3,33.0,31.7,32.4,danger,optimal,danger,danger,optimal,optimal,↑ increasing,→ stable,→ stable,100.0,🚨 EMERGENCY,True,CRITICAL_TIRE_FAILURE_RISK|TIRE_PUNCTURE_RISK,100.0,0.0,🚨 EMERGENCY: TIRE BLOWOUT IMMINENT - Reduce speed immediately!|⚠️ CRITICAL: Tire puncture risk - Pressure dropping at high speed|⚠️ EXCESSIVE_SPEED: Vehicle speed exceeds safe limits|🛞 CRITICAL_PRESSURE: Tire flat or severely under-inflated|🚨 TIRE_SPEED_MISMATCH: Tire pressure unsafe for current speed
1779685823.583,279.8,88.9,8.1,6827.0,50.4,14.22,33.1,33.0,32.1,31.7,danger,optimal,danger,danger,optimal,optimal,→ stable,→ stable,→ stable,100.0,🚨 EMERGENCY,True,CRITICAL_TIRE_FAILURE_RISK|TIRE_PUNCTURE_RISK,100.0,0.6,🚨 EMERGENCY: TIRE BLOWOUT IMMINENT - Reduce speed immediately!|⚠️ CRITICAL: Tire puncture risk - Pressure dropping at high speed|⚠️ EXCESSIVE_SPEED: Vehicle speed exceeds safe limits|🛞 CRITICAL_PRESSURE: Tire flat or severely under-inflated|🚨 TIRE_SPEED_MISMATCH: Tire pressure unsafe for current speed
1779685824.583,280.3,89.4,8.0,6807.0,50.5,14.21,33.4,32.7,32.2,31.8,danger,optimal,danger,danger,optimal,optimal,→ stable,→ stable,→ stable,100.0,🚨 EMERGENCY,True,CRITICAL_TIRE_FAILURE_RISK|TIRE_PUNCTURE_RISK,100.0,0.2,🚨 EMERGENCY: TIRE BLOWOUT IMMINENT - Reduce speed immediately!|⚠️ CRITICAL: Tire puncture risk - Pressure dropping at high speed|⚠️ EXCESSIVE_SPEED: Vehicle speed exceeds safe limits|🛞 CRITICAL_PRESSURE: Tire flat or severely under-inflated|🚨 TIRE_SPEED_MISMATCH: Tire pressure unsafe for current speed
1779685825.584,278.6,90.2,7.8,6815.0,49.3,14.17,33.3,32.9,31.9,32.1,danger,optimal,danger,danger,optimal,optimal,↓ decreasing,↓ decreasing,→ stable,100.0,🚨 EMERGENCY,True,CRITICAL_TIRE_FAILURE_RISK|TIRE_PUNCTURE_RISK,100.0,0.0,🚨 EMERGENCY: TIRE BLOWOUT IMMINENT - Reduce speed immediately!|⚠️ CRITICAL: Tire puncture risk - Pressure dropping at high speed|⚠️ EXCESSIVE_SPEED: Vehicle speed exceeds safe limits|🛞 CRITICAL_PRESSURE: Tire flat or severely under-inflated|🚨 TIRE_SPEED_MISMATCH: Tire pressure unsafe for current speed
1779685826.585,277.7,91.0,7.7,6788.0,50.7,14.19,33.2,33.0,32.1,32.1,danger,optimal,danger,danger,optimal,optimal,↓ decreasing,→ stable,→ stable,100.0,🚨 EMERGENCY,True,CRITICAL_TIRE_FAILURE_RISK|TIRE_PUNCTURE_RISK,100.0,0.0,🚨 EMERGENCY: TIRE BLOWOUT IMMINENT - Reduce speed immediately!|⚠️ CRITICAL: Tire puncture risk - Pressure dropping at high speed|⚠️ EXCESSIVE_SPEED: Vehicle speed exceeds safe limits|🛞 CRITICAL_PRESSURE: Tire flat or severely under-inflated|🚨 TIRE_SPEED_MISMATCH: Tire pressure unsafe for current speed
1779685827.586,281.3,89.1,7.9,6765.0,49.6,14.21,32.7,33.0,32.4,32.4,danger,optimal,danger,danger,optimal,optimal,↓ decreasing,→ stable,→ stable,100.0,🚨 EMERGENCY,True,CRITICAL_TIRE_FAILURE_RISK|TIRE_PUNCTURE_RISK,100.0,0.4,🚨 EMERGENCY: TIRE BLOWOUT IMMINENT - Reduce speed immediately!|⚠️ CRITICAL: Tire puncture risk - Pressure dropping at high speed|⚠️ EXCESSIVE_SPEED: Vehicle speed exceeds safe limits|🛞 CRITICAL_PRESSURE: Tire flat or severely under-inflated|🚨 TIRE_SPEED_MISMATCH: Tire pressure unsafe for current speed
1779685828.586,279.0,91.3,8.0,6848.0,50.2,14.2,32.8,33.3,32.3,32.0,danger,optimal,danger,danger,optimal,optimal,↓ decreasing,→ stable,→ stable,100.0,🚨 EMERGENCY,True,CRITICAL_TIRE_FAILURE_RISK|TIRE_PUNCTURE_RISK,100.0,0.0,🚨 EMERGENCY: TIRE BLOWOUT IMMINENT - Reduce speed immediately!|⚠️ CRITICAL: Tire puncture risk - Pressure dropping at high speed|⚠️ EXCESSIVE_SPEED: Vehicle speed exceeds safe limits|🛞 CRITICAL_PRESSURE: Tire flat or severely under-inflated|🚨 TIRE_SPEED_MISMATCH: Tire pressure unsafe for current speed
1779685829.586,278.7,89.7,8.0,6822.0,50.2,14.17,33.2,33.1,31.8,32.1,danger,optimal,danger,danger,optimal,optimal,↓ decreasing,→ stable,→ stable,100.0,🚨 EMERGENCY,True,CRITICAL_TIRE_FAILURE_RISK|TIRE_PUNCTURE_RISK,100.0,0.0,🚨 EMERGENCY: TIRE BLOWOUT IMMINENT - Reduce speed immediately!|⚠️ CRITICAL: Tire puncture risk - Pressure dropping at high speed|⚠️ EXCESSIVE_SPEED: Vehicle speed exceeds safe limits|🛞 CRITICAL_PRESSURE: Tire flat or severely under-inflated|🚨 TIRE_SPEED_MISMATCH: Tire pressure unsafe for current speed
1779685830.587,277.3,89.3,7.9,6823.0,50.0,14.21,33.3,33.0,31.6,31.9,danger,optimal,danger,danger,optimal,optimal,↓ decreasing,→ stable,→ stable,100.0,🚨 EMERGENCY,True,CRITICAL_TIRE_FAILURE_RISK|TIRE_PUNCTURE_RISK,100.0,0.2,🚨 EMERGENCY: TIRE BLOWOUT IMMINENT - Reduce speed immediately!|⚠️ CRITICAL: Tire puncture risk - Pressure dropping at high speed|⚠️ EXCESSIVE_SPEED: Vehicle speed exceeds safe limits|🛞 CRITICAL_PRESSURE: Tire flat or severely under-inflated|🚨 TIRE_SPEED_MISMATCH: Tire pressure unsafe for current speed
1779686145.253,277.1,90.4,8.0,6832.0,50.0,14.22,33.0,33.2,31.9,31.6,danger,optimal,danger,danger,optimal,optimal,↓ decreasing,→ stable,→ stable,100.0,🚨 EMERGENCY,True,CRITICAL_TIRE_FAILURE_RISK|TIRE_PUNCTURE_RISK,100.0,0.0,🚨 EMERGENCY: TIRE BLOWOUT IMMINENT - Reduce speed immediately!|⚠️ CRITICAL: Tire puncture risk - Pressure dropping at high speed|⚠️ EXCESSIVE_SPEED: Vehicle speed exceeds safe limits|🛞 CRITICAL_PRESSURE: Tire flat or severely under-inflated|🚨 TIRE_SPEED_MISMATCH: Tire pressure unsafe for current speed
1779686146.253,277.8,89.4,8.2,6823.0,49.6,14.24,32.7,32.7,31.7,32.2,danger,optimal,danger,danger,optimal,optimal,↓ decreasing,→ stable,→ stable,100.0,🚨 EMERGENCY,True,CRITICAL_TIRE_FAILURE_RISK|TIRE_PUNCTURE_RISK,100.0,0.2,🚨 EMERGENCY: TIRE BLOWOUT IMMINENT - Reduce speed immediately!|⚠️ CRITICAL: Tire puncture risk - Pressure dropping at high speed|⚠️ EXCESSIVE_SPEED: Vehicle speed exceeds safe limits|🛞 CRITICAL_PRESSURE: Tire flat or severely under-inflated|🚨 TIRE_SPEED_MISMATCH: Tire pressure unsafe for current speed
1779686147.255,281.2,89.0,8.1,6835.0,49.7,14.22,33.2,33.2,31.8,32.0,danger,optimal,danger,danger,optimal,optimal,↓ decreasing,→ stable,→ stable,100.0,🚨 EMERGENCY,True,CRITICAL_TIRE_FAILURE_RISK|TIRE_PUNCTURE_RISK,100.0,0.5,🚨 EMERGENCY: TIRE BLOWOUT IMMINENT - Reduce speed immediately!|⚠️ CRITICAL: Tire puncture risk - Pressure dropping at high speed|⚠️ EXCESSIVE_SPEED: Vehicle speed exceeds safe limits|🛞 CRITICAL_PRESSURE: Tire flat or severely under-inflated|🚨 TIRE_SPEED_MISMATCH: Tire pressure unsafe for current speed
1779686148.256,282.4,90.1,8.3,6825.0,49.2,14.24,32.7,32.9,32.3,32.0,danger,optimal,danger,danger,optimal,optimal,↓ decreasing,→ stable,→ stable,100.0,🚨 EMERGENCY,True,CRITICAL_TIRE_FAILURE_RISK|TIRE_PUNCTURE_RISK,100.0,0.0,🚨 EMERGENCY: TIRE BLOWOUT IMMINENT - Reduce speed immediately!|⚠️ CRITICAL: Tire puncture risk - Pressure dropping at high speed|⚠️ EXCESSIVE_SPEED: Vehicle speed exceeds safe limits|🛞 CRITICAL_PRESSURE: Tire flat or severely under-inflated|🚨 TIRE_SPEED_MISMATCH: Tire pressure unsafe for current speed
1779686149.257,282.0,89.6,7.8,6837.0,49.1,14.17,33.0,33.0,31.7,31.7,danger,optimal,danger,danger,optimal,optimal,→ stable,→ stable,→ stable,100.0,🚨 EMERGENCY,True,CRITICAL_TIRE_FAILURE_RISK|TIRE_PUNCTURE_RISK,100.0,0.1,🚨 EMERGENCY: TIRE BLOWOUT IMMINENT - Reduce speed immediately!|⚠️ CRITICAL: Tire puncture risk - Pressure dropping at high speed|⚠️ EXCESSIVE_SPEED: Vehicle speed exceeds safe limits|🛞 CRITICAL_PRESSURE: Tire flat or severely under-inflated|🚨 TIRE_SPEED_MISMATCH: Tire pressure unsafe for current speed
1779686150.258,279.6,89.4,8.3,6806.0,50.9,14.22,32.8,33.2,32.2,31.7,danger,optimal,danger,danger,optimal,optimal,→ stable,→ stable,→ stable,100.0,🚨 EMERGENCY,True,CRITICAL_TIRE_FAILURE_RISK|TIRE_PUNCTURE_RISK,100.0,0.2,🚨 EMERGENCY: TIRE BLOWOUT IMMINENT - Reduce speed immediately!|⚠️ CRITICAL: Tire puncture risk - Pressure dropping at high speed|⚠️ EXCESSIVE_SPEED: Vehicle speed exceeds safe limits|🛞 CRITICAL_PRESSURE: Tire flat or severely under-inflated|🚨 TIRE_SPEED_MISMATCH: Tire pressure unsafe for current speed
1779686151.258,277.9,89.9,8.2,6844.0,50.8,14.19,33.3,33.2,32.0,31.7,danger,optimal,danger,danger,optimal,optimal,→ stable,→ stable,→ stable,100.0,🚨 EMERGENCY,True,CRITICAL_TIRE_FAILURE_RISK|TIRE_PUNCTURE_RISK,100.0,0.0,🚨 EMERGENCY: TIRE BLOWOUT IMMINENT - Reduce speed immediately!|⚠️ CRITICAL: Tire puncture risk - Pressure dropping at high speed|⚠️ EXCESSIVE_SPEED: Vehicle speed exceeds safe limits|🛞 CRITICAL_PRESSURE: Tire flat or severely under-inflated|🚨 TIRE_SPEED_MISMATCH: Tire pressure unsafe for current speed
1779686152.26,281.1,89.8,7.6,6848.0,49.7,14.23,33.0,32.7,31.9,31.9,danger,optimal,danger,danger,optimal,optimal,→ stable,→ stable,→ stable,100.0,🚨 EMERGENCY,True,CRITICAL_TIRE_FAILURE_RISK|TIRE_PUNCTURE_RISK,100.0,0.0,🚨 EMERGENCY: TIRE BLOWOUT IMMINENT - Reduce speed immediately!|⚠️ CRITICAL: Tire puncture risk - Pressure dropping at high speed|⚠️ EXCESSIVE_SPEED: Vehicle speed exceeds safe limits|🛞 CRITICAL_PRESSURE: Tire flat or severely under-inflated|🚨 TIRE_SPEED_MISMATCH: Tire pressure unsafe for current speed
1779686153.26,278.9,90.7,8.1,6821.0,50.9,14.18,32.6,32.9,31.7,32.2,danger,optimal,danger,danger,optimal,optimal,→ stable,→ stable,→ stable,100.0,🚨 EMERGENCY,True,CRITICAL_TIRE_FAILURE_RISK|TIRE_PUNCTURE_RISK,100.0,0.0,🚨 EMERGENCY: TIRE BLOWOUT IMMINENT - Reduce speed immediately!|⚠️ CRITICAL: Tire puncture risk - Pressure dropping at high speed|⚠️ EXCESSIVE_SPEED: Vehicle speed exceeds safe limits|🛞 CRITICAL_PRESSURE: Tire flat or severely under-inflated|🚨 TIRE_SPEED_MISMATCH: Tire pressure unsafe for current speed
1779686154.261,282.6,90.8,8.1,6788.0,50.4,14.19,33.3,33.1,31.8,31.6,danger,optimal,danger,danger,optimal,optimal,↑ increasing,→ stable,→ stable,100.0,🚨 EMERGENCY,True,CRITICAL_TIRE_FAILURE_RISK|TIRE_PUNCTURE_RISK,100.0,0.0,🚨 EMERGENCY: TIRE BLOWOUT IMMINENT - Reduce speed immediately!|⚠️ CRITICAL: Tire puncture risk - Pressure dropping at high speed|⚠️ EXCESSIVE_SPEED: Vehicle speed exceeds safe limits|🛞 CRITICAL_PRESSURE: Tire flat or severely under-inflated|🚨 TIRE_SPEED_MISMATCH: Tire pressure unsafe for current speed
1779686155.261,280.2,89.1,7.7,6840.0,49.1,14.22,32.8,32.9,31.9,32.3,danger,optimal,danger,danger,optimal,optimal,↑ increasing,→ stable,→ stable,100.0,🚨 EMERGENCY,True,CRITICAL_TIRE_FAILURE_RISK|TIRE_PUNCTURE_RISK,100.0,0.4,🚨 EMERGENCY: TIRE BLOWOUT IMMINENT - Reduce speed immediately!|⚠️ CRITICAL: Tire puncture risk - Pressure dropping at high speed|⚠️ EXCESSIVE_SPEED: Vehicle speed exceeds safe limits|🛞 CRITICAL_PRESSURE: Tire flat or severely under-inflated|🚨 TIRE_SPEED_MISMATCH: Tire pressure unsafe for current speed
1779686156.262,282.3,88.7,8.3,6803.0,50.2,14.16,33.4,32.7,32.0,32.0,danger,optimal,danger,danger,optimal,optimal,↑ increasing,→ stable,→ stable,100.0,🚨 EMERGENCY,True,CRITICAL_TIRE_FAILURE_RISK|TIRE_PUNCTURE_RISK,100.0,0.8,🚨 EMERGENCY: TIRE BLOWOUT IMMINENT - Reduce speed immediately!|⚠️ CRITICAL: Tire puncture risk - Pressure dropping at high speed|⚠️ EXCESSIVE_SPEED: Vehicle speed exceeds safe limits|🛞 CRITICAL_PRESSURE: Tire flat or severely under-inflated|🚨 TIRE_SPEED_MISMATCH: Tire pressure unsafe for current speed
1779686157.262,277.6,88.8,7.9,6803.0,49.9,14.21,33.3,32.9,31.9,32.1,danger,optimal,danger,danger,optimal,optimal,↑ increasing,→ stable,→ stable,100.0,🚨 EMERGENCY,True,CRITICAL_TIRE_FAILURE_RISK|TIRE_PUNCTURE_RISK,100.0,0.7,🚨 EMERGENCY: TIRE BLOWOUT IMMINENT - Reduce speed immediately!|⚠️ CRITICAL: Tire puncture risk - Pressure dropping at high speed|⚠️ EXCESSIVE_SPEED: Vehicle speed exceeds safe limits|🛞 CRITICAL_PRESSURE: Tire flat or severely under-inflated|🚨 TIRE_SPEED_MISMATCH: Tire pressure unsafe for current speed
1779686158.264,279.6,89.7,8.1,6770.0,50.8,14.23,33.3,33.1,32.2,32.3,danger,optimal,danger,danger,optimal,optimal,↑ increasing,→ stable,→ stable,100.0,🚨 EMERGENCY,True,CRITICAL_TIRE_FAILURE_RISK|TIRE_PUNCTURE_RISK,100.0,0.0,🚨 EMERGENCY: TIRE BLOWOUT IMMINENT - Reduce speed immediately!|⚠️ CRITICAL: Tire puncture risk - Pressure dropping at high speed|⚠️ EXCESSIVE_SPEED: Vehicle speed exceeds safe limits|🛞 CRITICAL_PRESSURE: Tire flat or severely under-inflated|🚨 TIRE_SPEED_MISMATCH: Tire pressure unsafe for current speed
1779686159.264,281.2,88.8,7.8,6761.0,49.0,14.16,33.1,33.0,32.0,32.4,danger,optimal,danger,danger,optimal,optimal,↑ increasing,→ stable,→ stable,100.0,🚨 EMERGENCY,True,CRITICAL_TIRE_FAILURE_RISK|TIRE_PUNCTURE_RISK,100.0,0.7,🚨 EMERGENCY: TIRE BLOWOUT IMMINENT - Reduce speed immediately!|⚠️ CRITICAL: Tire puncture risk - Pressure dropping at high speed|⚠️ EXCESSIVE_SPEED: Vehicle speed exceeds safe limits|🛞 CRITICAL_PRESSURE: Tire flat or severely under-inflated|🚨 TIRE_SPEED_MISMATCH: Tire pressure unsafe for current speed
1779686160.265,280.9,90.5,7.7,6809.0,49.7,14.18,32.6,32.8,32.3,31.8,danger,optimal,danger,danger,optimal,optimal,↑ increasing,→ stable,→ stable,100.0,🚨 EMERGENCY,True,CRITICAL_TIRE_FAILURE_RISK|TIRE_PUNCTURE_RISK,100.0,0.0,🚨 EMERGENCY: TIRE BLOWOUT IMMINENT - Reduce speed immediately!|⚠️ CRITICAL: Tire puncture risk - Pressure dropping at high speed|⚠️ EXCESSIVE_SPEED: Vehicle speed exceeds safe limits|🛞 CRITICAL_PRESSURE: Tire flat or severely under-inflated|🚨 TIRE_SPEED_MISMATCH: Tire pressure unsafe for current speed
1779686161.266,277.8,90.1,7.8,6814.0,49.2,14.17,32.7,33.2,31.7,32.3,danger,optimal,danger,danger,optimal,optimal,↑ increasing,→ stable,→ stable,100.0,🚨 EMERGENCY,True,CRITICAL_TIRE_FAILURE_RISK|TIRE_PUNCTURE_RISK,100.0,0.0,🚨 EMERGENCY: TIRE BLOWOUT IMMINENT - Reduce speed immediately!|⚠️ CRITICAL: Tire puncture risk - Pressure dropping at high speed|⚠️ EXCESSIVE_SPEED: Vehicle speed exceeds safe limits|🛞 CRITICAL_PRESSURE: Tire flat or severely under-inflated|🚨 TIRE_SPEED_MISMATCH: Tire pressure unsafe for current speed
1779686162.268,279.8,89.5,8.1,6793.0,50.9,14.19,32.7,33.2,32.1,32.3,danger,optimal,danger,danger,optimal,optimal,↑ increasing,→ stable,→ stable,100.0,🚨 EMERGENCY,True,CRITICAL_TIRE_FAILURE_RISK|TIRE_PUNCTURE_RISK,100.0,0.1,🚨 EMERGENCY: TIRE BLOWOUT IMMINENT - Reduce speed immediately!|⚠️ CRITICAL: Tire puncture risk - Pressure dropping at high speed|⚠️ EXCESSIVE_SPEED: Vehicle speed exceeds safe limits|🛞 CRITICAL_PRESSURE: Tire flat or severely under-inflated|🚨 TIRE_SPEED_MISMATCH: Tire pressure unsafe for current speed
1779686163.269,283.0,89.8,8.0,6807.0,50.4,14.16,33.0,33.2,32.2,31.8,danger,optimal,danger,danger,optimal,optimal,↑ increasing,→ stable,→ stable,100.0,🚨 EMERGENCY,True,CRITICAL_TIRE_FAILURE_RISK|TIRE_PUNCTURE_RISK,100.0,0.0,🚨 EMERGENCY: TIRE BLOWOUT IMMINENT - Reduce speed immediately!|⚠️ CRITICAL: Tire puncture risk - Pressure dropping at high speed|⚠️ EXCESSIVE_SPEED: Vehicle speed exceeds safe limits|🛞 CRITICAL_PRESSURE: Tire flat or severely under-inflated|🚨 TIRE_SPEED_MISMATCH: Tire pressure unsafe for current speed
1779686164.27,282.0,91.4,7.9,6763.0,50.5,14.15,32.9,33.4,31.9,31.9,danger,optimal,danger,danger,optimal,optimal,→ stable,→ stable,→ stable,100.0,🚨 EMERGENCY,True,CRITICAL_TIRE_FAILURE_RISK|TIRE_PUNCTURE_RISK,100.0,0.0,🚨 EMERGENCY: TIRE BLOWOUT IMMINENT - Reduce speed immediately!|⚠️ CRITICAL: Tire puncture risk - Pressure dropping at high speed|⚠️ EXCESSIVE_SPEED: Vehicle speed exceeds safe limits|🛞 CRITICAL_PRESSURE: Tire flat or severely under-inflated|🚨 TIRE_SPEED_MISMATCH: Tire pressure unsafe for current speed
1779686165.27,279.3,90.6,8.4,6761.0,50.5,14.22,33.2,32.9,31.8,31.6,danger,optimal,danger,danger,optimal,optimal,→ stable,→ stable,→ stable,100.0,🚨 EMERGENCY,True,CRITICAL_TIRE_FAILURE_RISK|TIRE_PUNCTURE_RISK,100.0,0.0,🚨 EMERGENCY: TIRE BLOWOUT IMMINENT - Reduce speed immediately!|⚠️ CRITICAL: Tire puncture risk - Pressure dropping at high speed|⚠️ EXCESSIVE_SPEED: Vehicle speed exceeds safe limits|🛞 CRITICAL_PRESSURE: Tire flat or severely under-inflated|🚨 TIRE_SPEED_MISMATCH: Tire pressure unsafe for current speed
1779686166.271,282.4,89.4,7.6,6790.0,49.8,14.19,32.8,32.7,31.8,32.3,danger,optimal,danger,danger,optimal,optimal,→ stable,→ stable,→ stable,100.0,🚨 EMERGENCY,True,CRITICAL_TIRE_FAILURE_RISK|TIRE_PUNCTURE_RISK,100.0,0.2,🚨 EMERGENCY: TIRE BLOWOUT IMMINENT - Reduce speed immediately!|⚠️ CRITICAL: Tire puncture risk - Pressure dropping at high speed|⚠️ EXCESSIVE_SPEED: Vehicle speed exceeds safe limits|🛞 CRITICAL_PRESSURE: Tire flat or severely under-inflated|🚨 TIRE_SPEED_MISMATCH: Tire pressure unsafe for current speed
1779686167.272,279.7,89.5,8.0,6841.0,50.8,14.23,33.0,33.3,31.8,31.9,danger,optimal,danger,danger,optimal,optimal,→ stable,→ stable,→ stable,100.0,🚨 EMERGENCY,True,CRITICAL_TIRE_FAILURE_RISK|TIRE_PUNCTURE_RISK,100.0,0.1,🚨 EMERGENCY: TIRE BLOWOUT IMMINENT - Reduce speed immediately!|⚠️ CRITICAL: Tire puncture risk - Pressure dropping at high speed|⚠️ EXCESSIVE_SPEED: Vehicle speed exceeds safe limits|🛞 CRITICAL_PRESSURE: Tire flat or severely under-inflated|🚨 TIRE_SPEED_MISMATCH: Tire pressure unsafe for current speed
1779686168.273,278.4,89.8,8.2,6800.0,49.3,14.23,33.0,33.2,32.2,32.1,danger,optimal,danger,danger,optimal,optimal,→ stable,→ stable,→ stable,100.0,🚨 EMERGENCY,True,CRITICAL_TIRE_FAILURE_RISK|TIRE_PUNCTURE_RISK,100.0,0.0,🚨 EMERGENCY: TIRE BLOWOUT IMMINENT - Reduce speed immediately!|⚠️ CRITICAL: Tire puncture risk - Pressure dropping at high speed|⚠️ EXCESSIVE_SPEED: Vehicle speed exceeds safe limits|🛞 CRITICAL_PRESSURE: Tire flat or severely under-inflated|🚨 TIRE_SPEED_MISMATCH: Tire pressure unsafe for current speed
1779686169.273,282.1,91.1,7.9,6810.0,50.4,14.21,32.9,33.4,31.9,32.4,danger,optimal,danger,danger,optimal,optimal,→ stable,↑ increasing,→ stable,100.0,🚨 EMERGENCY,True,CRITICAL_TIRE_FAILURE_RISK|TIRE_PUNCTURE_RISK,100.0,0.0,🚨 EMERGENCY: TIRE BLOWOUT IMMINENT - Reduce speed immediately!|⚠️ CRITICAL: Tire puncture risk - Pressure dropping at high speed|⚠️ EXCESSIVE_SPEED: Vehicle speed exceeds safe limits|🛞 CRITICAL_PRESSURE: Tire flat or severely under-inflated|🚨 TIRE_SPEED_MISMATCH: Tire pressure unsafe for current speed
1779686170.274,280.9,89.0,7.9,6772.0,50.1,14.2,33.0,32.7,31.6,32.3,danger,optimal,danger,danger,optimal,optimal,→ stable,→ stable,→ stable,100.0,🚨 EMERGENCY,True,CRITICAL_TIRE_FAILURE_RISK|TIRE_PUNCTURE_RISK,100.0,0.5,🚨 EMERGENCY: TIRE BLOWOUT IMMINENT - Reduce speed immediately!|⚠️ CRITICAL: Tire puncture risk - Pressure dropping at high speed|⚠️ EXCESSIVE_SPEED: Vehicle speed exceeds safe limits|🛞 CRITICAL_PRESSURE: Tire flat or severely under-inflated|🚨 TIRE_SPEED_MISMATCH: Tire pressure unsafe for current speed
1779686171.275,277.8,88.7,8.3,6759.0,50.5,14.2,33.4,33.2,31.9,32.2,danger,optimal,danger,danger,optimal,optimal,→ stable,→ stable,→ stable,100.0,🚨 EMERGENCY,True,CRITICAL_TIRE_FAILURE_RISK|TIRE_PUNCTURE_RISK,100.0,0.8,🚨 EMERGENCY: TIRE BLOWOUT IMMINENT - Reduce speed immediately!|⚠️ CRITICAL: Tire puncture risk - Pressure dropping at high speed|⚠️ EXCESSIVE_SPEED: Vehicle speed exceeds safe limits|🛞 CRITICAL_PRESSURE: Tire flat or severely under-inflated|🚨 TIRE_SPEED_MISMATCH: Tire pressure unsafe for current speed
1779686172.275,277.9,90.1,8.0,6807.0,51.0,14.17,32.7,33.2,32.2,32.0,danger,optimal,danger,danger,optimal,optimal,→ stable,→ stable,→ stable,100.0,🚨 EMERGENCY,True,CRITICAL_TIRE_FAILURE_RISK|TIRE_PUNCTURE_RISK,100.0,0.0,🚨 EMERGENCY: TIRE BLOWOUT IMMINENT - Reduce speed immediately!|⚠️ CRITICAL: Tire puncture risk - Pressure dropping at high speed|⚠️ EXCESSIVE_SPEED: Vehicle speed exceeds safe limits|🛞 CRITICAL_PRESSURE: Tire flat or severely under-inflated|🚨 TIRE_SPEED_MISMATCH: Tire pressure unsafe for current speed
1779686173.275,280.0,91.3,8.2,6825.0,50.2,14.24,33.0,32.9,31.7,32.1,danger,optimal,danger,danger,optimal,optimal,→ stable,↑ increasing,→ stable,100.0,🚨 EMERGENCY,True,CRITICAL_TIRE_FAILURE_RISK|TIRE_PUNCTURE_RISK,100.0,0.0,🚨 EMERGENCY: TIRE BLOWOUT IMMINENT - Reduce speed immediately!|⚠️ CRITICAL: Tire puncture risk - Pressure dropping at high speed|⚠️ EXCESSIVE_SPEED: Vehicle speed exceeds safe limits|🛞 CRITICAL_PRESSURE: Tire flat or severely under-inflated|🚨 TIRE_SPEED_MISMATCH: Tire pressure unsafe for current speed
1779686174.276,280.7,91.5,7.8,6764.0,49.2,14.22,32.8,32.7,32.2,32.4,danger,optimal,danger,danger,optimal,optimal,↓ decreasing,→ stable,→ stable,100.0,🚨 EMERGENCY,True,CRITICAL_TIRE_FAILURE_RISK|TIRE_PUNCTURE_RISK,100.0,0.0,🚨 EMERGENCY: TIRE BLOWOUT IMMINENT - Reduce speed immediately!|⚠️ CRITICAL: Tire puncture risk - Pressure dropping at high speed|⚠️ EXCESSIVE_SPEED: Vehicle speed exceeds safe limits|🛞 CRITICAL_PRESSURE: Tire flat or severely under-inflated|🚨 TIRE_SPEED_MISMATCH: Tire pressure unsafe for current speed
1779686175.278,282.5,88.9,7.7,6752.0,50.6,14.16,33.1,32.8,31.9,32.3,danger,optimal,danger,danger,optimal,optimal,→ stable,→ stable,→ stable,100.0,🚨 EMERGENCY,True,CRITICAL_TIRE_FAILURE_RISK|TIRE_PUNCTURE_RISK,100.0,0.6,🚨 EMERGENCY: TIRE BLOWOUT IMMINENT - Reduce speed immediately!|⚠️ CRITICAL: Tire puncture risk - Pressure dropping at high speed|⚠️ EXCESSIVE_SPEED: Vehicle speed exceeds safe limits|🛞 CRITICAL_PRESSURE: Tire flat or severely under-inflated|🚨 TIRE_SPEED_MISMATCH: Tire pressure unsafe for current speed
1779686176.278,280.4,90.1,7.9,6823.0,49.8,14.19,33.0,33.1,31.8,32.3,danger,optimal,danger,danger,optimal,optimal,→ stable,→ stable,→ stable,100.0,🚨 EMERGENCY,True,CRITICAL_TIRE_FAILURE_RISK|TIRE_PUNCTURE_RISK,100.0,0.0,🚨 EMERGENCY: TIRE BLOWOUT IMMINENT - Reduce speed immediately!|⚠️ CRITICAL: Tire puncture risk - Pressure dropping at high speed|⚠️ EXCESSIVE_SPEED: Vehicle speed exceeds safe limits|🛞 CRITICAL_PRESSURE: Tire flat or severely under-inflated|🚨 TIRE_SPEED_MISMATCH: Tire pressure unsafe for current speed
1779686177.279,282.3,89.3,8.2,6831.0,50.1,14.2,33.2,33.0,32.1,31.7,danger,optimal,danger,danger,optimal,optimal,→ stable,→ stable,→ stable,100.0,🚨 EMERGENCY,True,CRITICAL_TIRE_FAILURE_RISK|TIRE_PUNCTURE_RISK,100.0,0.2,🚨 EMERGENCY: TIRE BLOWOUT IMMINENT - Reduce speed immediately!|⚠️ CRITICAL: Tire puncture risk - Pressure dropping at high speed|⚠️ EXCESSIVE_SPEED: Vehicle speed exceeds safe limits|🛞 CRITICAL_PRESSURE: Tire flat or severely under-inflated|🚨 TIRE_SPEED_MISMATCH: Tire pressure unsafe for current speed
1779686178.279,279.5,91.1,7.6,6756.0,50.0,14.21,33.3,33.3,31.6,31.7,danger,optimal,danger,danger,optimal,optimal,→ stable,→ stable,→ stable,100.0,🚨 EMERGENCY,True,CRITICAL_TIRE_FAILURE_RISK|TIRE_PUNCTURE_RISK,100.0,0.0,🚨 EMERGENCY: TIRE BLOWOUT IMMINENT - Reduce speed immediately!|⚠️ CRITICAL: Tire puncture risk - Pressure dropping at high speed|⚠️ EXCESSIVE_SPEED: Vehicle speed exceeds safe limits|🛞 CRITICAL_PRESSURE: Tire flat or severely under-inflated|🚨 TIRE_SPEED_MISMATCH: Tire pressure unsafe for current speed
1779686179.279,279.0,89.0,8.0,6763.0,49.9,14.24,33.1,33.1,32.0,32.4,danger,optimal,danger,danger,optimal,optimal,→ stable,→ stable,→ stable,100.0,🚨 EMERGENCY,True,CRITICAL_TIRE_FAILURE_RISK|TIRE_PUNCTURE_RISK,100.0,0.5,🚨 EMERGENCY: TIRE BLOWOUT IMMINENT - Reduce speed immediately!|⚠️ CRITICAL: Tire puncture risk - Pressure dropping at high speed|⚠️ EXCESSIVE_SPEED: Vehicle speed exceeds safe limits|🛞 CRITICAL_PRESSURE: Tire flat or severely under-inflated|🚨 TIRE_SPEED_MISMATCH: Tire pressure unsafe for current speed
1779686180.279,279.0,90.6,8.1,6797.0,50.0,14.25,33.3,33.2,32.1,32.2,danger,optimal,danger,danger,optimal,optimal,↓ decreasing,→ stable,→ stable,100.0,🚨 EMERGENCY,True,CRITICAL_TIRE_FAILURE_RISK|TIRE_PUNCTURE_RISK,100.0,0.0,🚨 EMERGENCY: TIRE BLOWOUT IMMINENT - Reduce speed immediately!|⚠️ CRITICAL: Tire puncture risk - Pressure dropping at high speed|⚠️ EXCESSIVE_SPEED: Vehicle speed exceeds safe limits|🛞 CRITICAL_PRESSURE: Tire flat or severely under-inflated|🚨 TIRE_SPEED_MISMATCH: Tire pressure unsafe for current speed
1779686181.281,282.9,90.8,8.3,6766.0,49.7,14.15,33.0,32.7,32.2,31.7,danger,optimal,danger,danger,optimal,optimal,→ stable,→ stable,→ stable,100.0,🚨 EMERGENCY,True,CRITICAL_TIRE_FAILURE_RISK|TIRE_PUNCTURE_RISK,100.0,0.0,🚨 EMERGENCY: TIRE BLOWOUT IMMINENT - Reduce speed immediately!|⚠️ CRITICAL: Tire puncture risk - Pressure dropping at high speed|⚠️ EXCESSIVE_SPEED: Vehicle speed exceeds safe limits|🛞 CRITICAL_PRESSURE: Tire flat or severely under-inflated|🚨 TIRE_SPEED_MISMATCH: Tire pressure unsafe for current speed
1779686182.282,277.9,88.8,7.7,6828.0,49.4,14.22,33.3,32.8,31.9,31.7,danger,optimal,danger,danger,optimal,optimal,→ stable,→ stable,→ stable,100.0,🚨 EMERGENCY,True,CRITICAL_TIRE_FAILURE_RISK|TIRE_PUNCTURE_RISK,100.0,0.7,🚨 EMERGENCY: TIRE BLOWOUT IMMINENT - Reduce speed immediately!|⚠️ CRITICAL: Tire puncture risk - Pressure dropping at high speed|⚠️ EXCESSIVE_SPEED: Vehicle speed exceeds safe limits|🛞 CRITICAL_PRESSURE: Tire flat or severely under-inflated|🚨 TIRE_SPEED_MISMATCH: Tire pressure unsafe for current speed
1779686183.282,281.6,91.4,7.6,6757.0,50.6,14.19,32.9,33.3,31.7,31.7,danger,optimal,danger,danger,optimal,optimal,↑ increasing,→ stable,→ stable,100.0,🚨 EMERGENCY,True,CRITICAL_TIRE_FAILURE_RISK|TIRE_PUNCTURE_RISK,100.0,0.0,🚨 EMERGENCY: TIRE BLOWOUT IMMINENT - Reduce speed immediately!|⚠️ CRITICAL: Tire puncture risk - Pressure dropping at high speed|⚠️ EXCESSIVE_SPEED: Vehicle speed exceeds safe limits|🛞 CRITICAL_PRESSURE: Tire flat or severely under-inflated|🚨 TIRE_SPEED_MISMATCH: Tire pressure unsafe for current speed
1779686184.283,281.4,89.6,8.2,6834.0,49.1,14.17,33.0,32.8,32.1,32.3,danger,optimal,danger,danger,optimal,optimal,↑ increasing,→ stable,→ stable,100.0,🚨 EMERGENCY,True,CRITICAL_TIRE_FAILURE_RISK|TIRE_PUNCTURE_RISK,100.0,0.1,🚨 EMERGENCY: TIRE BLOWOUT IMMINENT - Reduce speed immediately!|⚠️ CRITICAL: Tire puncture risk - Pressure dropping at high speed|⚠️ EXCESSIVE_SPEED: Vehicle speed exceeds safe limits|🛞 CRITICAL_PRESSURE: Tire flat or severely under-inflated|🚨 TIRE_SPEED_MISMATCH: Tire pressure unsafe for current speed
1779686185.283,282.0,89.0,8.2,6830.0,49.8,14.16,33.3,33.2,32.4,32.0,danger,optimal,danger,danger,optimal,optimal,→ stable,→ stable,→ stable,100.0,🚨 EMERGENCY,True,CRITICAL_TIRE_FAILURE_RISK|TIRE_PUNCTURE_RISK,100.0,0.5,🚨 EMERGENCY: TIRE BLOWOUT IMMINENT - Reduce speed immediately!|⚠️ CRITICAL: Tire puncture risk - Pressure dropping at high speed|⚠️ EXCESSIVE_SPEED: Vehicle speed exceeds safe limits|🛞 CRITICAL_PRESSURE: Tire flat or severely under-inflated|🚨 TIRE_SPEED_MISMATCH: Tire pressure unsafe for current speed
1779686186.284,277.8,89.8,8.0,6836.0,49.2,14.22,33.1,33.0,32.1,32.1,danger,optimal,danger,danger,optimal,optimal,→ stable,→ stable,→ stable,100.0,🚨 EMERGENCY,True,CRITICAL_TIRE_FAILURE_RISK|TIRE_PUNCTURE_RISK,100.0,0.0,🚨 EMERGENCY: TIRE BLOWOUT IMMINENT - Reduce speed immediately!|⚠️ CRITICAL: Tire puncture risk - Pressure dropping at high speed|⚠️ EXCESSIVE_SPEED: Vehicle speed exceeds safe limits|🛞 CRITICAL_PRESSURE: Tire flat or severely under-inflated|🚨 TIRE_SPEED_MISMATCH: Tire pressure unsafe for current speed
1779686187.285,281.5,91.2,8.2,6806.0,50.2,14.21,33.0,33.2,32.2,31.9,danger,optimal,danger,danger,optimal,optimal,→ stable,→ stable,→ stable,100.0,🚨 EMERGENCY,True,CRITICAL_TIRE_FAILURE_RISK|TIRE_PUNCTURE_RISK,100.0,0.0,🚨 EMERGENCY: TIRE BLOWOUT IMMINENT - Reduce speed immediately!|⚠️ CRITICAL: Tire puncture risk - Pressure dropping at high speed|⚠️ EXCESSIVE_SPEED: Vehicle speed exceeds safe limits|🛞 CRITICAL_PRESSURE: Tire flat or severely under-inflated|🚨 TIRE_SPEED_MISMATCH: Tire pressure unsafe for current speed
1779686188.285,278.8,89.6,7.6,6781.0,49.5,14.16,33.3,33.2,32.1,32.3,danger,optimal,danger,danger,optimal,optimal,→ stable,→ stable,→ stable,100.0,🚨 EMERGENCY,True,CRITICAL_TIRE_FAILURE_RISK|TIRE_PUNCTURE_RISK,100.0,0.1,🚨 EMERGENCY: TIRE BLOWOUT IMMINENT - Reduce speed immediately!|⚠️ CRITICAL: Tire puncture risk - Pressure dropping at high speed|⚠️ EXCESSIVE_SPEED: Vehicle speed exceeds safe limits|🛞 CRITICAL_PRESSURE: Tire flat or severely under-inflated|🚨 TIRE_SPEED_MISMATCH: Tire pressure unsafe for current speed
1779686189.286,281.9,89.6,8.0,6781.0,50.2,14.22,33.1,32.8,32.0,31.7,danger,optimal,danger,danger,optimal,optimal,→ stable,→ stable,→ stable,100.0,🚨 EMERGENCY,True,CRITICAL_TIRE_FAILURE_RISK|TIRE_PUNCTURE_RISK,100.0,0.1,🚨 EMERGENCY: TIRE BLOWOUT IMMINENT - Reduce speed immediately!|⚠️ CRITICAL: Tire puncture risk - Pressure dropping at high speed|⚠️ EXCESSIVE_SPEED: Vehicle speed exceeds safe limits|🛞 CRITICAL_PRESSURE: Tire flat or severely under-inflated|🚨 TIRE_SPEED_MISMATCH: Tire pressure unsafe for current speed
1779686190.287,280.4,90.7,8.0,6786.0,49.4,14.18,33.2,33.4,32.0,32.3,danger,optimal,danger,danger,optimal,optimal,↑ increasing,→ stable,→ stable,100.0,🚨 EMERGENCY,True,CRITICAL_TIRE_FAILURE_RISK|TIRE_PUNCTURE_RISK,100.0,0.0,🚨 EMERGENCY: TIRE BLOWOUT IMMINENT - Reduce speed immediately!|⚠️ CRITICAL: Tire puncture risk - Pressure dropping at high speed|⚠️ EXCESSIVE_SPEED: Vehicle speed exceeds safe limits|🛞 CRITICAL_PRESSURE: Tire flat or severely under-inflated|🚨 TIRE_SPEED_MISMATCH: Tire pressure unsafe for current speed
1779686191.289,278.3,90.3,7.8,6842.0,50.6,14.19,33.4,32.7,31.9,31.9,danger,optimal,danger,danger,optimal,optimal,→ stable,→ stable,→ stable,100.0,🚨 EMERGENCY,True,CRITICAL_TIRE_FAILURE_RISK|TIRE_PUNCTURE_RISK,100.0,0.0,🚨 EMERGENCY: TIRE BLOWOUT IMMINENT - Reduce speed immediately!|⚠️ CRITICAL: Tire puncture risk - Pressure dropping at high speed|⚠️ EXCESSIVE_SPEED: Vehicle speed exceeds safe limits|🛞 CRITICAL_PRESSURE: Tire flat or severely under-inflated|🚨 TIRE_SPEED_MISMATCH: Tire pressure unsafe for current speed
1779686192.289,277.9,91.5,8.0,6792.0,51.0,14.24,32.7,33.2,31.9,31.8,danger,optimal,danger,danger,optimal,optimal,→ stable,→ stable,→ stable,100.0,🚨 EMERGENCY,True,CRITICAL_TIRE_FAILURE_RISK|TIRE_PUNCTURE_RISK,100.0,0.0,🚨 EMERGENCY: TIRE BLOWOUT IMMINENT - Reduce speed immediately!|⚠️ CRITICAL: Tire puncture risk - Pressure dropping at high speed|⚠️ EXCESSIVE_SPEED: Vehicle speed exceeds safe limits|🛞 CRITICAL_PRESSURE: Tire flat or severely under-inflated|🚨 TIRE_SPEED_MISMATCH: Tire pressure unsafe for current speed
1779686193.29,279.3,89.3,7.8,6751.0,49.5,14.17,33.2,33.3,31.9,32.2,danger,optimal,danger,danger,optimal,optimal,↓ decreasing,→ stable,→ stable,100.0,🚨 EMERGENCY,True,CRITICAL_TIRE_FAILURE_RISK|TIRE_PUNCTURE_RISK,100.0,0.2,🚨 EMERGENCY: TIRE BLOWOUT IMMINENT - Reduce speed immediately!|⚠️ CRITICAL: Tire puncture risk - Pressure dropping at high speed|⚠️ EXCESSIVE_SPEED: Vehicle speed exceeds safe limits|🛞 CRITICAL_PRESSURE: Tire flat or severely under-inflated|🚨 TIRE_SPEED_MISMATCH: Tire pressure unsafe for current speed
1779686194.291,282.1,91.2,7.6,6763.0,49.1,14.24,32.8,32.9,31.6,32.2,danger,optimal,danger,danger,optimal,optimal,↓ decreasing,→ stable,→ stable,100.0,🚨 EMERGENCY,True,CRITICAL_TIRE_FAILURE_RISK|TIRE_PUNCTURE_RISK,100.0,0.0,🚨 EMERGENCY: TIRE BLOWOUT IMMINENT - Reduce speed immediately!|⚠️ CRITICAL: Tire puncture risk - Pressure dropping at high speed|⚠️ EXCESSIVE_SPEED: Vehicle speed exceeds safe limits|🛞 CRITICAL_PRESSURE: Tire flat or severely under-inflated|🚨 TIRE_SPEED_MISMATCH: Tire pressure unsafe for current speed
1779686195.292,278.9,90.2,7.9,6766.0,51.0,14.2,32.8,33.0,32.3,32.3,danger,optimal,danger,danger,optimal,optimal,↓ decreasing,→ stable,→ stable,100.0,🚨 EMERGENCY,True,CRITICAL_TIRE_FAILURE_RISK|TIRE_PUNCTURE_RISK,100.0,0.0,🚨 EMERGENCY: TIRE BLOWOUT IMMINENT - Reduce speed immediately!|⚠️ CRITICAL: Tire puncture risk - Pressure dropping at high speed|⚠️ EXCESSIVE_SPEED: Vehicle speed exceeds safe limits|🛞 CRITICAL_PRESSURE: Tire flat or severely under-inflated|🚨 TIRE_SPEED_MISMATCH: Tire pressure unsafe for current speed
1779686196.293,279.5,91.0,8.0,6840.0,50.4,14.21,33.3,32.8,32.1,31.7,danger,optimal,danger,danger,optimal,optimal,→ stable,↑ increasing,→ stable,100.0,🚨 EMERGENCY,True,CRITICAL_TIRE_FAILURE_RISK|TIRE_PUNCTURE_RISK,100.0,0.0,🚨 EMERGENCY: TIRE BLOWOUT IMMINENT - Reduce speed immediately!|⚠️ CRITICAL: Tire puncture risk - Pressure dropping at high speed|⚠️ EXCESSIVE_SPEED: Vehicle speed exceeds safe limits|🛞 CRITICAL_PRESSURE: Tire flat or severely under-inflated|🚨 TIRE_SPEED_MISMATCH: Tire pressure unsafe for current speed
1779686197.294,277.6,89.8,7.8,6791.0,49.6,14.2,32.6,33.1,32.2,32.2,danger,optimal,danger,danger,optimal,optimal,↓ decreasing,→ stable,→ stable,100.0,🚨 EMERGENCY,True,CRITICAL_TIRE_FAILURE_RISK|TIRE_PUNCTURE_RISK,100.0,0.0,🚨 EMERGENCY: TIRE BLOWOUT IMMINENT - Reduce speed immediately!|⚠️ CRITICAL: Tire puncture risk - Pressure dropping at high speed|⚠️ EXCESSIVE_SPEED: Vehicle speed exceeds safe limits|🛞 CRITICAL_PRESSURE: Tire flat or severely under-inflated|🚨 TIRE_SPEED_MISMATCH: Tire pressure unsafe for current speed
1779686198.296,282.3,89.6,8.0,6822.0,50.5,14.19,32.6,33.2,31.6,31.7,danger,optimal,danger,danger,optimal,optimal,→ stable,→ stable,→ stable,100.0,🚨 EMERGENCY,True,CRITICAL_TIRE_FAILURE_RISK|TIRE_PUNCTURE_RISK,100.0,0.1,🚨 EMERGENCY: TIRE BLOWOUT IMMINENT - Reduce speed immediately!|⚠️ CRITICAL: Tire puncture risk - Pressure dropping at high speed|⚠️ EXCESSIVE_SPEED: Vehicle speed exceeds safe limits|🛞 CRITICAL_PRESSURE: Tire flat or severely under-inflated|🚨 TIRE_SPEED_MISMATCH: Tire pressure unsafe for current speed
1779686199.296,278.1,89.1,7.8,6827.0,49.7,14.18,33.4,32.9,32.0,32.0,danger,optimal,danger,danger,optimal,optimal,↓ decreasing,→ stable,→ stable,100.0,🚨 EMERGENCY,True,CRITICAL_TIRE_FAILURE_RISK|TIRE_PUNCTURE_RISK,100.0,0.4,🚨 EMERGENCY: TIRE BLOWOUT IMMINENT - Reduce speed immediately!|⚠️ CRITICAL: Tire puncture risk - Pressure dropping at high speed|⚠️ EXCESSIVE_SPEED: Vehicle speed exceeds safe limits|🛞 CRITICAL_PRESSURE: Tire flat or severely under-inflated|🚨 TIRE_SPEED_MISMATCH: Tire pressure unsafe for current speed
1779686200.296,281.0,90.6,8.3,6771.0,50.4,14.2,33.2,33.3,31.9,31.9,danger,optimal,danger,danger,optimal,optimal,↓ decreasing,→ stable,→ stable,100.0,🚨 EMERGENCY,True,CRITICAL_TIRE_FAILURE_RISK|TIRE_PUNCTURE_RISK,100.0,0.0,🚨 EMERGENCY: TIRE BLOWOUT IMMINENT - Reduce speed immediately!|⚠️ CRITICAL: Tire puncture risk - Pressure dropping at high speed|⚠️ EXCESSIVE_SPEED: Vehicle speed exceeds safe limits|🛞 CRITICAL_PRESSURE: Tire flat or severely under-inflated|🚨 TIRE_SPEED_MISMATCH: Tire pressure unsafe for current speed
1779686201.296,278.9,89.4,7.9,6831.0,49.5,14.18,32.7,32.9,32.2,32.0,danger,optimal,danger,danger,optimal,optimal,↓ decreasing,→ stable,→ stable,100.0,🚨 EMERGENCY,True,CRITICAL_TIRE_FAILURE_RISK|TIRE_PUNCTURE_RISK,100.0,0.2,🚨 EMERGENCY: TIRE BLOWOUT IMMINENT - Reduce speed immediately!|⚠️ CRITICAL: Tire puncture risk - Pressure dropping at high speed|⚠️ EXCESSIVE_SPEED: Vehicle speed exceeds safe limits|🛞 CRITICAL_PRESSURE: Tire flat or severely under-inflated|🚨 TIRE_SPEED_MISMATCH: Tire pressure unsafe for current speed
1779686202.296,280.2,91.3,8.3,6753.0,49.2,14.18,32.6,32.9,32.2,31.7,danger,optimal,danger,danger,optimal,optimal,→ stable,→ stable,→ stable,100.0,🚨 EMERGENCY,True,CRITICAL_TIRE_FAILURE_RISK|TIRE_PUNCTURE_RISK,100.0,0.0,🚨 EMERGENCY: TIRE BLOWOUT IMMINENT - Reduce speed immediately!|⚠️ CRITICAL: Tire puncture risk - Pressure dropping at high speed|⚠️ EXCESSIVE_SPEED: Vehicle speed exceeds safe limits|🛞 CRITICAL_PRESSURE: Tire flat or severely under-inflated|🚨 TIRE_SPEED_MISMATCH: Tire pressure unsafe for current speed
1779686203.297,282.6,90.2,7.8,6833.0,50.7,14.2,32.9,33.2,32.2,32.1,danger,optimal,danger,danger,optimal,optimal,→ stable,→ stable,→ stable,100.0,🚨 EMERGENCY,True,CRITICAL_TIRE_FAILURE_RISK|TIRE_PUNCTURE_RISK,100.0,0.0,🚨 EMERGENCY: TIRE BLOWOUT IMMINENT - Reduce speed immediately!|⚠️ CRITICAL: Tire puncture risk - Pressure dropping at high speed|⚠️ EXCESSIVE_SPEED: Vehicle speed exceeds safe limits|🛞 CRITICAL_PRESSURE: Tire flat or severely under-inflated|🚨 TIRE_SPEED_MISMATCH: Tire pressure unsafe for current speed
1779686204.298,278.2,90.9,8.2,6812.0,50.0,14.22,32.6,33.2,31.8,31.7,danger,optimal,danger,danger,optimal,optimal,→ stable,→ stable,→ stable,100.0,🚨 EMERGENCY,True,CRITICAL_TIRE_FAILURE_RISK|TIRE_PUNCTURE_RISK,100.0,0.0,🚨 EMERGENCY: TIRE BLOWOUT IMMINENT - Reduce speed immediately!|⚠️ CRITICAL: Tire puncture risk - Pressure dropping at high speed|⚠️ EXCESSIVE_SPEED: Vehicle speed exceeds safe limits|🛞 CRITICAL_PRESSURE: Tire flat or severely under-inflated|🚨 TIRE_SPEED_MISMATCH: Tire pressure unsafe for current speed
1779686205.299,279.5,89.7,8.2,6829.0,49.3,14.21,32.8,32.7,31.8,32.0,danger,optimal,danger,danger,optimal,optimal,→ stable,→ stable,→ stable,100.0,🚨 EMERGENCY,True,CRITICAL_TIRE_FAILURE_RISK|TIRE_PUNCTURE_RISK,100.0,0.0,🚨 EMERGENCY: TIRE BLOWOUT IMMINENT - Reduce speed immediately!|⚠️ CRITICAL: Tire puncture risk - Pressure dropping at high speed|⚠️ EXCESSIVE_SPEED: Vehicle speed exceeds safe limits|🛞 CRITICAL_PRESSURE: Tire flat or severely under-inflated|🚨 TIRE_SPEED_MISMATCH: Tire pressure unsafe for current speed
1779686206.302,281.6,89.6,8.1,6832.0,50.6,14.23,33.4,33.2,32.3,32.2,danger,optimal,danger,danger,optimal,optimal,→ stable,→ stable,→ stable,100.0,🚨 EMERGENCY,True,CRITICAL_TIRE_FAILURE_RISK|TIRE_PUNCTURE_RISK,100.0,0.1,🚨 EMERGENCY: TIRE BLOWOUT IMMINENT - Reduce speed immediately!|⚠️ CRITICAL: Tire puncture risk - Pressure dropping at high speed|⚠️ EXCESSIVE_SPEED: Vehicle speed exceeds safe limits|🛞 CRITICAL_PRESSURE: Tire flat or severely under-inflated|🚨 TIRE_SPEED_MISMATCH: Tire pressure unsafe for current speed
1779686207.301,278.7,89.5,7.7,6823.0,50.5,14.16,33.0,33.0,32.1,32.3,danger,optimal,danger,danger,optimal,optimal,↑ increasing,→ stable,→ stable,100.0,🚨 EMERGENCY,True,CRITICAL_TIRE_FAILURE_RISK|TIRE_PUNCTURE_RISK,100.0,0.1,🚨 EMERGENCY: TIRE BLOWOUT IMMINENT - Reduce speed immediately!|⚠️ CRITICAL: Tire puncture risk - Pressure dropping at high speed|⚠️ EXCESSIVE_SPEED: Vehicle speed exceeds safe limits|🛞 CRITICAL_PRESSURE: Tire flat or severely under-inflated|🚨 TIRE_SPEED_MISMATCH: Tire pressure unsafe for current speed
1779686208.303,279.5,90.0,8.4,6777.0,50.5,14.19,32.7,33.0,32.2,32.2,danger,optimal,danger,danger,optimal,optimal,→ stable,→ stable,→ stable,100.0,🚨 EMERGENCY,True,CRITICAL_TIRE_FAILURE_RISK|TIRE_PUNCTURE_RISK,100.0,0.0,🚨 EMERGENCY: TIRE BLOWOUT IMMINENT - Reduce speed immediately!|⚠️ CRITICAL: Tire puncture risk - Pressure dropping at high speed|⚠️ EXCESSIVE_SPEED: Vehicle speed exceeds safe limits|🛞 CRITICAL_PRESSURE: Tire flat or severely under-inflated|🚨 TIRE_SPEED_MISMATCH: Tire pressure unsafe for current speed
1779686209.306,280.3,91.0,7.7,6774.0,50.7,14.15,32.9,33.1,31.6,31.9,danger,optimal,danger,danger,optimal,optimal,↑ increasing,→ stable,→ stable,100.0,🚨 EMERGENCY,True,CRITICAL_TIRE_FAILURE_RISK|TIRE_PUNCTURE_RISK,100.0,0.0,🚨 EMERGENCY: TIRE BLOWOUT IMMINENT - Reduce speed immediately!|⚠️ CRITICAL: Tire puncture risk - Pressure dropping at high speed|⚠️ EXCESSIVE_SPEED: Vehicle speed exceeds safe limits|🛞 CRITICAL_PRESSURE: Tire flat or severely under-inflated|🚨 TIRE_SPEED_MISMATCH: Tire pressure unsafe for current speed
1779686210.306,278.6,90.4,8.3,6804.0,49.5,14.21,33.1,32.9,31.9,31.9,danger,optimal,danger,danger,optimal,optimal,→ stable,→ stable,→ stable,100.0,🚨 EMERGENCY,True,CRITICAL_TIRE_FAILURE_RISK|TIRE_PUNCTURE_RISK,100.0,0.0,🚨 EMERGENCY: TIRE BLOWOUT IMMINENT - Reduce speed immediately!|⚠️ CRITICAL: Tire puncture risk - Pressure dropping at high speed|⚠️ EXCESSIVE_SPEED: Vehicle speed exceeds safe limits|🛞 CRITICAL_PRESSURE: Tire flat or severely under-inflated|🚨 TIRE_SPEED_MISMATCH: Tire pressure unsafe for current speed
1779686211.306,282.7,90.7,8.0,6804.0,50.9,14.24,32.9,33.3,32.0,32.0,danger,optimal,danger,danger,optimal,optimal,↑ increasing,→ stable,→ stable,100.0,🚨 EMERGENCY,True,CRITICAL_TIRE_FAILURE_RISK|TIRE_PUNCTURE_RISK,100.0,0.0,🚨 EMERGENCY: TIRE BLOWOUT IMMINENT - Reduce speed immediately!|⚠️ CRITICAL: Tire puncture risk - Pressure dropping at high speed|⚠️ EXCESSIVE_SPEED: Vehicle speed exceeds safe limits|🛞 CRITICAL_PRESSURE: Tire flat or severely under-inflated|🚨 TIRE_SPEED_MISMATCH: Tire pressure unsafe for current speed
1779686212.307,279.5,89.5,8.4,6774.0,49.2,14.2,33.0,33.2,31.7,32.0,danger,optimal,danger,danger,optimal,optimal,→ stable,→ stable,→ stable,100.0,🚨 EMERGENCY,True,CRITICAL_TIRE_FAILURE_RISK|TIRE_PUNCTURE_RISK,100.0,0.1,🚨 EMERGENCY: TIRE BLOWOUT IMMINENT - Reduce speed immediately!|⚠️ CRITICAL: Tire puncture risk - Pressure dropping at high speed|⚠️ EXCESSIVE_SPEED: Vehicle speed exceeds safe limits|🛞 CRITICAL_PRESSURE: Tire flat or severely under-inflated|🚨 TIRE_SPEED_MISMATCH: Tire pressure unsafe for current speed
1779686213.308,279.5,91.3,8.1,6796.0,49.1,14.17,33.4,33.3,32.0,31.7,danger,optimal,danger,danger,optimal,optimal,→ stable,→ stable,→ stable,100.0,🚨 EMERGENCY,True,CRITICAL_TIRE_FAILURE_RISK|TIRE_PUNCTURE_RISK,100.0,0.0,🚨 EMERGENCY: TIRE BLOWOUT IMMINENT - Reduce speed immediately!|⚠️ CRITICAL: Tire puncture risk - Pressure dropping at high speed|⚠️ EXCESSIVE_SPEED: Vehicle speed exceeds safe limits|🛞 CRITICAL_PRESSURE: Tire flat or severely under-inflated|🚨 TIRE_SPEED_MISMATCH: Tire pressure unsafe for current speed
1779686214.31,279.4,90.1,7.8,6795.0,49.2,14.21,33.0,32.7,32.0,32.3,danger,optimal,danger,danger,optimal,optimal,→ stable,→ stable,→ stable,100.0,🚨 EMERGENCY,True,CRITICAL_TIRE_FAILURE_RISK|TIRE_PUNCTURE_RISK,100.0,0.0,🚨 EMERGENCY: TIRE BLOWOUT IMMINENT - Reduce speed immediately!|⚠️ CRITICAL: Tire puncture risk - Pressure dropping at high speed|⚠️ EXCESSIVE_SPEED: Vehicle speed exceeds safe limits|🛞 CRITICAL_PRESSURE: Tire flat or severely under-inflated|🚨 TIRE_SPEED_MISMATCH: Tire pressure unsafe for current speed
1779686215.31,278.5,88.6,8.3,6781.0,49.6,14.19,33.4,33.2,32.0,32.1,danger,optimal,danger,danger,optimal,optimal,→ stable,→ stable,→ stable,100.0,🚨 EMERGENCY,True,CRITICAL_TIRE_FAILURE_RISK|TIRE_PUNCTURE_RISK,100.0,1.0,🚨 EMERGENCY: TIRE BLOWOUT IMMINENT - Reduce speed immediately!|⚠️ CRITICAL: Tire puncture risk - Pressure dropping at high speed|⚠️ EXCESSIVE_SPEED: Vehicle speed exceeds safe limits|🛞 CRITICAL_PRESSURE: Tire flat or severely under-inflated|🚨 TIRE_SPEED_MISMATCH: Tire pressure unsafe for current speed
1779686216.31,278.4,90.7,8.1,6771.0,49.6,14.18,33.0,32.8,31.7,31.8,danger,optimal,danger,danger,optimal,optimal,→ stable,→ stable,→ stable,100.0,🚨 EMERGENCY,True,CRITICAL_TIRE_FAILURE_RISK|TIRE_PUNCTURE_RISK,100.0,0.0,🚨 EMERGENCY: TIRE BLOWOUT IMMINENT - Reduce speed immediately!|⚠️ CRITICAL: Tire puncture risk - Pressure dropping at high speed|⚠️ EXCESSIVE_SPEED: Vehicle speed exceeds safe limits|🛞 CRITICAL_PRESSURE: Tire flat or severely under-inflated|🚨 TIRE_SPEED_MISMATCH: Tire pressure unsafe for current speed
1779686217.312,282.4,89.3,7.7,6817.0,50.3,14.21,33.0,32.9,31.6,32.1,danger,optimal,danger,danger,optimal,optimal,→ stable,→ stable,→ stable,100.0,🚨 EMERGENCY,True,CRITICAL_TIRE_FAILURE_RISK|TIRE_PUNCTURE_RISK,100.0,0.2,🚨 EMERGENCY: TIRE BLOWOUT IMMINENT - Reduce speed immediately!|⚠️ CRITICAL: Tire puncture risk - Pressure dropping at high speed|⚠️ EXCESSIVE_SPEED: Vehicle speed exceeds safe limits|🛞 CRITICAL_PRESSURE: Tire flat or severely under-inflated|🚨 TIRE_SPEED_MISMATCH: Tire pressure unsafe for current speed
1779686218.312,280.8,89.2,7.7,6784.0,49.0,14.21,33.1,32.6,32.0,32.1,danger,optimal,danger,danger,optimal,optimal,→ stable,→ stable,→ stable,100.0,🚨 EMERGENCY,True,CRITICAL_TIRE_FAILURE_RISK|TIRE_PUNCTURE_RISK,100.0,0.3,🚨 EMERGENCY: TIRE BLOWOUT IMMINENT - Reduce speed immediately!|⚠️ CRITICAL: Tire puncture risk - Pressure dropping at high speed|⚠️ EXCESSIVE_SPEED: Vehicle speed exceeds safe limits|🛞 CRITICAL_PRESSURE: Tire flat or severely under-inflated|🚨 TIRE_SPEED_MISMATCH: Tire pressure unsafe for current speed
1779686219.314,278.1,88.5,8.1,6755.0,49.3,14.15,32.6,33.0,31.9,31.7,danger,optimal,danger,danger,optimal,optimal,→ stable,→ stable,→ stable,100.0,🚨 EMERGENCY,True,CRITICAL_TIRE_FAILURE_RISK|TIRE_PUNCTURE_RISK,100.0,1.1,🚨 EMERGENCY: TIRE BLOWOUT IMMINENT - Reduce speed immediately!|⚠️ CRITICAL: Tire puncture risk - Pressure dropping at high speed|⚠️ EXCESSIVE_SPEED: Vehicle speed exceeds safe limits|🛞 CRITICAL_PRESSURE: Tire flat or severely under-inflated|🚨 TIRE_SPEED_MISMATCH: Tire pressure unsafe for current speed
1779686220.314,280.8,90.4,7.8,6831.0,50.5,14.16,33.4,32.8,31.9,32.0,danger,optimal,danger,danger,optimal,optimal,→ stable,→ stable,→ stable,100.0,🚨 EMERGENCY,True,CRITICAL_TIRE_FAILURE_RISK|TIRE_PUNCTURE_RISK,100.0,0.0,🚨 EMERGENCY: TIRE BLOWOUT IMMINENT - Reduce speed immediately!|⚠️ CRITICAL: Tire puncture risk - Pressure dropping at high speed|⚠️ EXCESSIVE_SPEED: Vehicle speed exceeds safe limits|🛞 CRITICAL_PRESSURE: Tire flat or severely under-inflated|🚨 TIRE_SPEED_MISMATCH: Tire pressure unsafe for current speed
1779686221.315,279.2,89.9,8.0,6841.0,49.3,14.2,32.9,33.1,32.3,31.9,danger,optimal,danger,danger,optimal,optimal,↓ decreasing,↓ decreasing,→ stable,100.0,🚨 EMERGENCY,True,CRITICAL_TIRE_FAILURE_RISK|TIRE_PUNCTURE_RISK,100.0,0.0,🚨 EMERGENCY: TIRE BLOWOUT IMMINENT - Reduce speed immediately!|⚠️ CRITICAL: Tire puncture risk - Pressure dropping at high speed|⚠️ EXCESSIVE_SPEED: Vehicle speed exceeds safe limits|🛞 CRITICAL_PRESSURE: Tire flat or severely under-inflated|🚨 TIRE_SPEED_MISMATCH: Tire pressure unsafe for current speed
1779686222.316,278.7,88.8,7.7,6779.0,49.5,14.22,32.7,32.7,32.4,32.1,danger,optimal,danger,danger,optimal,optimal,↓ decreasing,→ stable,→ stable,100.0,🚨 EMERGENCY,True,CRITICAL_TIRE_FAILURE_RISK|TIRE_PUNCTURE_RISK,100.0,0.7,🚨 EMERGENCY: TIRE BLOWOUT IMMINENT - Reduce speed immediately!|⚠️ CRITICAL: Tire puncture risk - Pressure dropping at high speed|⚠️ EXCESSIVE_SPEED: Vehicle speed exceeds safe limits|🛞 CRITICAL_PRESSURE: Tire flat or severely under-inflated|🚨 TIRE_SPEED_MISMATCH: Tire pressure unsafe for current speed
1779686223.317,278.4,88.7,8.3,6827.0,50.5,14.2,33.2,32.6,32.1,31.6,danger,optimal,danger,danger,optimal,optimal,→ stable,↓ decreasing,→ stable,100.0,🚨 EMERGENCY,True,CRITICAL_TIRE_FAILURE_RISK|TIRE_PUNCTURE_RISK,100.0,0.8,🚨 EMERGENCY: TIRE BLOWOUT IMMINENT - Reduce speed immediately!|⚠️ CRITICAL: Tire puncture risk - Pressure dropping at high speed|⚠️ EXCESSIVE_SPEED: Vehicle speed exceeds safe limits|🛞 CRITICAL_PRESSURE: Tire flat or severely under-inflated|🚨 TIRE_SPEED_MISMATCH: Tire pressure unsafe for current speed
1779686224.318,281.3,91.0,8.2,6763.0,49.1,14.19,33.2,32.9,31.8,31.7,danger,optimal,danger,danger,optimal,optimal,→ stable,↓ decreasing,→ stable,100.0,🚨 EMERGENCY,True,CRITICAL_TIRE_FAILURE_RISK|TIRE_PUNCTURE_RISK,100.0,0.0,🚨 EMERGENCY: TIRE BLOWOUT IMMINENT - Reduce speed immediately!|⚠️ CRITICAL: Tire puncture risk - Pressure dropping at high speed|⚠️ EXCESSIVE_SPEED: Vehicle speed exceeds safe limits|🛞 CRITICAL_PRESSURE: Tire flat or severely under-inflated|🚨 TIRE_SPEED_MISMATCH: Tire pressure unsafe for current speed
1779686225.319,281.5,90.0,8.1,6784.0,50.3,14.24,32.9,32.7,31.8,31.8,danger,optimal,danger,danger,optimal,optimal,→ stable,→ stable,→ stable,100.0,🚨 EMERGENCY,True,CRITICAL_TIRE_FAILURE_RISK|TIRE_PUNCTURE_RISK,100.0,0.0,🚨 EMERGENCY: TIRE BLOWOUT IMMINENT - Reduce speed immediately!|⚠️ CRITICAL: Tire puncture risk - Pressure dropping at high speed|⚠️ EXCESSIVE_SPEED: Vehicle speed exceeds safe limits|🛞 CRITICAL_PRESSURE: Tire flat or severely under-inflated|🚨 TIRE_SPEED_MISMATCH: Tire pressure unsafe for current speed
1779686226.321,278.6,89.4,8.3,6760.0,49.6,14.17,32.6,33.3,31.7,32.1,danger,optimal,danger,danger,optimal,optimal,→ stable,↓ decreasing,→ stable,100.0,🚨 EMERGENCY,True,CRITICAL_TIRE_FAILURE_RISK|TIRE_PUNCTURE_RISK,100.0,0.2,🚨 EMERGENCY: TIRE BLOWOUT IMMINENT - Reduce speed immediately!|⚠️ CRITICAL: Tire puncture risk - Pressure dropping at high speed|⚠️ EXCESSIVE_SPEED: Vehicle speed exceeds safe limits|🛞 CRITICAL_PRESSURE: Tire flat or severely under-inflated|🚨 TIRE_SPEED_MISMATCH: Tire pressure unsafe for current speed
1779686227.323,281.6,90.1,8.0,6776.0,49.4,14.24,33.2,32.8,32.1,32.3,danger,optimal,danger,danger,optimal,optimal,→ stable,↓ decreasing,→ stable,100.0,🚨 EMERGENCY,True,CRITICAL_TIRE_FAILURE_RISK|TIRE_PUNCTURE_RISK,100.0,0.0,🚨 EMERGENCY: TIRE BLOWOUT IMMINENT - Reduce speed immediately!|⚠️ CRITICAL: Tire puncture risk - Pressure dropping at high speed|⚠️ EXCESSIVE_SPEED: Vehicle speed exceeds safe limits|🛞 CRITICAL_PRESSURE: Tire flat or severely under-inflated|🚨 TIRE_SPEED_MISMATCH: Tire pressure unsafe for current speed
1779686228.324,278.0,88.7,8.4,6797.0,49.0,14.19,33.3,32.8,32.4,32.0,danger,optimal,danger,danger,optimal,optimal,→ stable,↓ decreasing,→ stable,100.0,🚨 EMERGENCY,True,CRITICAL_TIRE_FAILURE_RISK|TIRE_PUNCTURE_RISK,100.0,0.8,🚨 EMERGENCY: TIRE BLOWOUT IMMINENT - Reduce speed immediately!|⚠️ CRITICAL: Tire puncture risk - Pressure dropping at high speed|⚠️ EXCESSIVE_SPEED: Vehicle speed exceeds safe limits|🛞 CRITICAL_PRESSURE: Tire flat or severely under-inflated|🚨 TIRE_SPEED_MISMATCH: Tire pressure unsafe for current speed
1779686229.325,282.1,89.8,8.0,6752.0,50.4,14.17,32.7,32.9,32.3,32.2,danger,optimal,danger,danger,optimal,optimal,→ stable,→ stable,→ stable,100.0,🚨 EMERGENCY,True,CRITICAL_TIRE_FAILURE_RISK|TIRE_PUNCTURE_RISK,100.0,0.0,🚨 EMERGENCY: TIRE BLOWOUT IMMINENT - Reduce speed immediately!|⚠️ CRITICAL: Tire puncture risk - Pressure dropping at high speed|⚠️ EXCESSIVE_SPEED: Vehicle speed exceeds safe limits|🛞 CRITICAL_PRESSURE: Tire flat or severely under-inflated|🚨 TIRE_SPEED_MISMATCH: Tire pressure unsafe for current speed
1779686230.326,281.8,90.5,8.4,6843.0,50.5,14.24,32.9,33.3,31.9,32.2,danger,optimal,danger,danger,optimal,optimal,→ stable,→ stable,→ stable,100.0,🚨 EMERGENCY,True,CRITICAL_TIRE_FAILURE_RISK|TIRE_PUNCTURE_RISK,100.0,0.0,🚨 EMERGENCY: TIRE BLOWOUT IMMINENT - Reduce speed immediately!|⚠️ CRITICAL: Tire puncture risk - Pressure dropping at high speed|⚠️ EXCESSIVE_SPEED: Vehicle speed exceeds safe limits|🛞 CRITICAL_PRESSURE: Tire flat or severely under-inflated|🚨 TIRE_SPEED_MISMATCH: Tire pressure unsafe for current speed
1779686231.328,282.7,89.9,8.0,6756.0,49.8,14.22,32.7,33.1,31.7,31.7,danger,optimal,danger,danger,optimal,optimal,↑ increasing,→ stable,→ stable,100.0,🚨 EMERGENCY,True,CRITICAL_TIRE_FAILURE_RISK|TIRE_PUNCTURE_RISK,100.0,0.0,🚨 EMERGENCY: TIRE BLOWOUT IMMINENT - Reduce speed immediately!|⚠️ CRITICAL: Tire puncture risk - Pressure dropping at high speed|⚠️ EXCESSIVE_SPEED: Vehicle speed exceeds safe limits|🛞 CRITICAL_PRESSURE: Tire flat or severely under-inflated|🚨 TIRE_SPEED_MISMATCH: Tire pressure unsafe for current speed
1779686232.328,278.7,88.8,8.3,6781.0,49.1,14.24,33.0,32.7,31.9,31.8,danger,optimal,danger,danger,optimal,optimal,↑ increasing,→ stable,→ stable,100.0,🚨 EMERGENCY,True,CRITICAL_TIRE_FAILURE_RISK|TIRE_PUNCTURE_RISK,100.0,0.7,🚨 EMERGENCY: TIRE BLOWOUT IMMINENT - Reduce speed immediately!|⚠️ CRITICAL: Tire puncture risk - Pressure dropping at high speed|⚠️ EXCESSIVE_SPEED: Vehicle speed exceeds safe limits|🛞 CRITICAL_PRESSURE: Tire flat or severely under-inflated|🚨 TIRE_SPEED_MISMATCH: Tire pressure unsafe for current speed
1779686233.329,281.2,89.5,7.7,6773.0,49.6,14.24,33.1,33.2,32.1,31.8,danger,optimal,danger,danger,optimal,optimal,↑ increasing,→ stable,→ stable,100.0,🚨 EMERGENCY,True,CRITICAL_TIRE_FAILURE_RISK|TIRE_PUNCTURE_RISK,100.0,0.1,🚨 EMERGENCY: TIRE BLOWOUT IMMINENT - Reduce speed immediately!|⚠️ CRITICAL: Tire puncture risk - Pressure dropping at high speed|⚠️ EXCESSIVE_SPEED: Vehicle speed exceeds safe limits|🛞 CRITICAL_PRESSURE: Tire flat or severely under-inflated|🚨 TIRE_SPEED_MISMATCH: Tire pressure unsafe for current speed
1779686234.331,281.9,89.9,7.7,6842.0,49.7,14.18,33.1,33.1,32.4,31.7,danger,optimal,danger,danger,optimal,optimal,↑ increasing,→ stable,→ stable,100.0,🚨 EMERGENCY,True,CRITICAL_TIRE_FAILURE_RISK|TIRE_PUNCTURE_RISK,100.0,0.0,🚨 EMERGENCY: TIRE BLOWOUT IMMINENT - Reduce speed immediately!|⚠️ CRITICAL: Tire puncture risk - Pressure dropping at high speed|⚠️ EXCESSIVE_SPEED: Vehicle speed exceeds safe limits|🛞 CRITICAL_PRESSURE: Tire flat or severely under-inflated|🚨 TIRE_SPEED_MISMATCH: Tire pressure unsafe for current speed
1779686235.332,281.1,90.6,7.7,6796.0,50.5,14.18,33.2,33.1,32.1,31.7,danger,optimal,danger,danger,optimal,optimal,↑ increasing,→ stable,→ stable,100.0,🚨 EMERGENCY,True,CRITICAL_TIRE_FAILURE_RISK|TIRE_PUNCTURE_RISK,100.0,0.0,🚨 EMERGENCY: TIRE BLOWOUT IMMINENT - Reduce speed immediately!|⚠️ CRITICAL: Tire puncture risk - Pressure dropping at high speed|⚠️ EXCESSIVE_SPEED: Vehicle speed exceeds safe limits|🛞 CRITICAL_PRESSURE: Tire flat or severely under-inflated|🚨 TIRE_SPEED_MISMATCH: Tire pressure unsafe for current speed
1779686236.334,282.8,88.8,8.0,6834.0,50.0,14.22,33.3,33.4,32.2,31.7,danger,optimal,danger,danger,optimal,optimal,↑ increasing,→ stable,→ stable,100.0,🚨 EMERGENCY,True,CRITICAL_TIRE_FAILURE_RISK|TIRE_PUNCTURE_RISK,100.0,0.7,🚨 EMERGENCY: TIRE BLOWOUT IMMINENT - Reduce speed immediately!|⚠️ CRITICAL: Tire puncture risk - Pressure dropping at high speed|⚠️ EXCESSIVE_SPEED: Vehicle speed exceeds safe limits|🛞 CRITICAL_PRESSURE: Tire flat or severely under-inflated|🚨 TIRE_SPEED_MISMATCH: Tire pressure unsafe for current speed
1779686237.334,279.2,90.4,7.6,6832.0,50.4,14.16,33.1,32.9,31.8,32.0,danger,optimal,danger,danger,optimal,optimal,↑ increasing,→ stable,→ stable,100.0,🚨 EMERGENCY,True,CRITICAL_TIRE_FAILURE_RISK|TIRE_PUNCTURE_RISK,100.0,0.0,🚨 EMERGENCY: TIRE BLOWOUT IMMINENT - Reduce speed immediately!|⚠️ CRITICAL: Tire puncture risk - Pressure dropping at high speed|⚠️ EXCESSIVE_SPEED: Vehicle speed exceeds safe limits|🛞 CRITICAL_PRESSURE: Tire flat or severely under-inflated|🚨 TIRE_SPEED_MISMATCH: Tire pressure unsafe for current speed
1779686238.335,277.4,91.4,7.7,6845.0,50.5,14.21,32.9,32.9,31.7,32.4,danger,optimal,danger,danger,optimal,optimal,↑ increasing,→ stable,→ stable,100.0,🚨 EMERGENCY,True,CRITICAL_TIRE_FAILURE_RISK|TIRE_PUNCTURE_RISK,100.0,0.0,🚨 EMERGENCY: TIRE BLOWOUT IMMINENT - Reduce speed immediately!|⚠️ CRITICAL: Tire puncture risk - Pressure dropping at high speed|⚠️ EXCESSIVE_SPEED: Vehicle speed exceeds safe limits|🛞 CRITICAL_PRESSURE: Tire flat or severely under-inflated|🚨 TIRE_SPEED_MISMATCH: Tire pressure unsafe for current speed
1779686239.335,280.9,91.2,7.7,6760.0,50.6,14.24,32.7,33.2,31.8,32.2,danger,optimal,danger,danger,optimal,optimal,↑ increasing,→ stable,→ stable,100.0,🚨 EMERGENCY,True,CRITICAL_TIRE_FAILURE_RISK|TIRE_PUNCTURE_RISK,100.0,0.0,🚨 EMERGENCY: TIRE BLOWOUT IMMINENT - Reduce speed immediately!|⚠️ CRITICAL: Tire puncture risk - Pressure dropping at high speed|⚠️ EXCESSIVE_SPEED: Vehicle speed exceeds safe limits|🛞 CRITICAL_PRESSURE: Tire flat or severely under-inflated|🚨 TIRE_SPEED_MISMATCH: Tire pressure unsafe for current speed
1779686240.336,281.2,88.7,7.7,6752.0,49.9,14.17,32.7,33.0,32.0,31.8,danger,optimal,danger,danger,optimal,optimal,↑ increasing,→ stable,→ stable,100.0,🚨 EMERGENCY,True,CRITICAL_TIRE_FAILURE_RISK|TIRE_PUNCTURE_RISK,100.0,0.8,🚨 EMERGENCY: TIRE BLOWOUT IMMINENT - Reduce speed immediately!|⚠️ CRITICAL: Tire puncture risk - Pressure dropping at high speed|⚠️ EXCESSIVE_SPEED: Vehicle speed exceeds safe limits|🛞 CRITICAL_PRESSURE: Tire flat or severely under-inflated|🚨 TIRE_SPEED_MISMATCH: Tire pressure unsafe for current speed
1779686241.337,282.7,90.8,8.3,6839.0,50.6,14.16,33.0,32.9,31.8,31.7,danger,optimal,danger,danger,optimal,optimal,→ stable,→ stable,→ stable,100.0,🚨 EMERGENCY,True,CRITICAL_TIRE_FAILURE_RISK|TIRE_PUNCTURE_RISK,100.0,0.0,🚨 EMERGENCY: TIRE BLOWOUT IMMINENT - Reduce speed immediately!|⚠️ CRITICAL: Tire puncture risk - Pressure dropping at high speed|⚠️ EXCESSIVE_SPEED: Vehicle speed exceeds safe limits|🛞 CRITICAL_PRESSURE: Tire flat or severely under-inflated|🚨 TIRE_SPEED_MISMATCH: Tire pressure unsafe for current speed
1779686242.338,281.1,91.1,8.0,6840.0,49.4,14.18,32.7,32.7,31.6,32.0,danger,optimal,danger,danger,optimal,optimal,→ stable,↑ increasing,→ stable,100.0,🚨 EMERGENCY,True,CRITICAL_TIRE_FAILURE_RISK|TIRE_PUNCTURE_RISK,100.0,0.0,🚨 EMERGENCY: TIRE BLOWOUT IMMINENT - Reduce speed immediately!|⚠️ CRITICAL: Tire puncture risk - Pressure dropping at high speed|⚠️ EXCESSIVE_SPEED: Vehicle speed exceeds safe limits|🛞 CRITICAL_PRESSURE: Tire flat or severely under-inflated|🚨 TIRE_SPEED_MISMATCH: Tire pressure unsafe for current speed
1779686243.338,277.1,90.2,7.6,6753.0,50.9,14.15,33.0,33.3,32.4,31.8,danger,optimal,danger,danger,optimal,optimal,→ stable,↑ increasing,→ stable,100.0,🚨 EMERGENCY,True,CRITICAL_TIRE_FAILURE_RISK|TIRE_PUNCTURE_RISK,100.0,0.0,🚨 EMERGENCY: TIRE BLOWOUT IMMINENT - Reduce speed immediately!|⚠️ CRITICAL: Tire puncture risk - Pressure dropping at high speed|⚠️ EXCESSIVE_SPEED: Vehicle speed exceeds safe limits|🛞 CRITICAL_PRESSURE: Tire flat or severely under-inflated|🚨 TIRE_SPEED_MISMATCH: Tire pressure unsafe for current speed
1779686244.338,278.7,89.1,8.1,6816.0,50.1,14.21,33.0,32.6,32.3,31.9,danger,optimal,danger,danger,optimal,optimal,↓ decreasing,↑ increasing,→ stable,100.0,🚨 EMERGENCY,True,CRITICAL_TIRE_FAILURE_RISK|TIRE_PUNCTURE_RISK,100.0,0.4,🚨 EMERGENCY: TIRE BLOWOUT IMMINENT - Reduce speed immediately!|⚠️ CRITICAL: Tire puncture risk - Pressure dropping at high speed|⚠️ EXCESSIVE_SPEED: Vehicle speed exceeds safe limits|🛞 CRITICAL_PRESSURE: Tire flat or severely under-inflated|🚨 TIRE_SPEED_MISMATCH: Tire pressure unsafe for current speed
1779686245.339,281.8,89.9,7.8,6793.0,49.0,14.24,33.1,33.2,32.1,32.1,danger,optimal,danger,danger,optimal,optimal,→ stable,→ stable,→ stable,100.0,🚨 EMERGENCY,True,CRITICAL_TIRE_FAILURE_RISK|TIRE_PUNCTURE_RISK,100.0,0.0,🚨 EMERGENCY: TIRE BLOWOUT IMMINENT - Reduce speed immediately!|⚠️ CRITICAL: Tire puncture risk - Pressure dropping at high speed|⚠️ EXCESSIVE_SPEED: Vehicle speed exceeds safe limits|🛞 CRITICAL_PRESSURE: Tire flat or severely under-inflated|🚨 TIRE_SPEED_MISMATCH: Tire pressure unsafe for current speed
1779686246.341,279.3,89.5,8.3,6821.0,50.2,14.23,33.1,33.1,32.2,31.7,danger,optimal,danger,danger,optimal,optimal,↓ decreasing,↑ increasing,→ stable,100.0,🚨 EMERGENCY,True,CRITICAL_TIRE_FAILURE_RISK|TIRE_PUNCTURE_RISK,100.0,0.1,🚨 EMERGENCY: TIRE BLOWOUT IMMINENT - Reduce speed immediately!|⚠️ CRITICAL: Tire puncture risk - Pressure dropping at high speed|⚠️ EXCESSIVE_SPEED: Vehicle speed exceeds safe limits|🛞 CRITICAL_PRESSURE: Tire flat or severely under-inflated|🚨 TIRE_SPEED_MISMATCH: Tire pressure unsafe for current speed
1779686247.341,282.6,89.2,7.9,6811.0,50.5,14.24,32.8,32.8,32.3,32.3,danger,optimal,danger,danger,optimal,optimal,↓ decreasing,→ stable,→ stable,100.0,🚨 EMERGENCY,True,CRITICAL_TIRE_FAILURE_RISK|TIRE_PUNCTURE_RISK,100.0,0.3,🚨 EMERGENCY: TIRE BLOWOUT IMMINENT - Reduce speed immediately!|⚠️ CRITICAL: Tire puncture risk - Pressure dropping at high speed|⚠️ EXCESSIVE_SPEED: Vehicle speed exceeds safe limits|🛞 CRITICAL_PRESSURE: Tire flat or severely under-inflated|🚨 TIRE_SPEED_MISMATCH: Tire pressure unsafe for current speed
1779686248.341,279.5,88.8,8.2,6813.0,50.3,14.17,33.1,33.4,32.2,31.6,danger,optimal,danger,danger,optimal,optimal,→ stable,→ stable,→ stable,100.0,🚨 EMERGENCY,True,CRITICAL_TIRE_FAILURE_RISK|TIRE_PUNCTURE_RISK,100.0,0.7,🚨 EMERGENCY: TIRE BLOWOUT IMMINENT - Reduce speed immediately!|⚠️ CRITICAL: Tire puncture risk - Pressure dropping at high speed|⚠️ EXCESSIVE_SPEED: Vehicle speed exceeds safe limits|🛞 CRITICAL_PRESSURE: Tire flat or severely under-inflated|🚨 TIRE_SPEED_MISMATCH: Tire pressure unsafe for current speed
1779686249.343,278.9,89.5,7.8,6764.0,50.8,14.18,33.0,32.6,31.9,31.8,danger,optimal,danger,danger,optimal,optimal,→ stable,→ stable,→ stable,100.0,🚨 EMERGENCY,True,CRITICAL_TIRE_FAILURE_RISK|TIRE_PUNCTURE_RISK,100.0,0.1,🚨 EMERGENCY: TIRE BLOWOUT IMMINENT - Reduce speed immediately!|⚠️ CRITICAL: Tire puncture risk - Pressure dropping at high speed|⚠️ EXCESSIVE_SPEED: Vehicle speed exceeds safe limits|🛞 CRITICAL_PRESSURE: Tire flat or severely under-inflated|🚨 TIRE_SPEED_MISMATCH: Tire pressure unsafe for current speed
1779686250.344,279.4,91.2,8.0,6791.0,50.7,14.25,33.1,32.7,31.7,32.0,danger,optimal,danger,danger,optimal,optimal,↓ decreasing,→ stable,→ stable,100.0,🚨 EMERGENCY,True,CRITICAL_TIRE_FAILURE_RISK|TIRE_PUNCTURE_RISK,100.0,0.0,🚨 EMERGENCY: TIRE BLOWOUT IMMINENT - Reduce speed immediately!|⚠️ CRITICAL: Tire puncture risk - Pressure dropping at high speed|⚠️ EXCESSIVE_SPEED: Vehicle speed exceeds safe limits|🛞 CRITICAL_PRESSURE: Tire flat or severely under-inflated|🚨 TIRE_SPEED_MISMATCH: Tire pressure unsafe for current speed
1779686251.344,282.1,89.3,7.6,6835.0,49.0,14.16,33.4,33.3,32.3,31.9,danger,optimal,danger,danger,optimal,optimal,↓ decreasing,→ stable,→ stable,100.0,🚨 EMERGENCY,True,CRITICAL_TIRE_FAILURE_RISK|TIRE_PUNCTURE_RISK,100.0,0.2,🚨 EMERGENCY: TIRE BLOWOUT IMMINENT - Reduce speed immediately!|⚠️ CRITICAL: Tire puncture risk - Pressure dropping at high speed|⚠️ EXCESSIVE_SPEED: Vehicle speed exceeds safe limits|🛞 CRITICAL_PRESSURE: Tire flat or severely under-inflated|🚨 TIRE_SPEED_MISMATCH: Tire pressure unsafe for current speed
1779686252.345,281.3,91.1,8.3,6781.0,50.1,14.2,33.3,32.8,31.8,32.0,danger,optimal,danger,danger,optimal,optimal,↓ decreasing,→ stable,→ stable,100.0,🚨 EMERGENCY,True,CRITICAL_TIRE_FAILURE_RISK|TIRE_PUNCTURE_RISK,100.0,0.0,🚨 EMERGENCY: TIRE BLOWOUT IMMINENT - Reduce speed immediately!|⚠️ CRITICAL: Tire puncture risk - Pressure dropping at high speed|⚠️ EXCESSIVE_SPEED: Vehicle speed exceeds safe limits|🛞 CRITICAL_PRESSURE: Tire flat or severely under-inflated|🚨 TIRE_SPEED_MISMATCH: Tire pressure unsafe for current speed
1779686253.346,277.1,89.9,8.0,6837.0,50.2,14.15,32.8,32.8,32.3,31.8,danger,optimal,danger,danger,optimal,optimal,→ stable,↓ decreasing,→ stable,100.0,🚨 EMERGENCY,True,CRITICAL_TIRE_FAILURE_RISK|TIRE_PUNCTURE_RISK,100.0,0.0,🚨 EMERGENCY: TIRE BLOWOUT IMMINENT - Reduce speed immediately!|⚠️ CRITICAL: Tire puncture risk - Pressure dropping at high speed|⚠️ EXCESSIVE_SPEED: Vehicle speed exceeds safe limits|🛞 CRITICAL_PRESSURE: Tire flat or severely under-inflated|🚨 TIRE_SPEED_MISMATCH: Tire pressure unsafe for current speed
1779686254.346,282.8,91.3,7.7,6791.0,50.6,14.18,32.9,33.0,32.1,32.1,danger,optimal,danger,danger,optimal,optimal,→ stable,→ stable,→ stable,100.0,🚨 EMERGENCY,True,CRITICAL_TIRE_FAILURE_RISK|TIRE_PUNCTURE_RISK,100.0,0.0,🚨 EMERGENCY: TIRE BLOWOUT IMMINENT - Reduce speed immediately!|⚠️ CRITICAL: Tire puncture risk - Pressure dropping at high speed|⚠️ EXCESSIVE_SPEED: Vehicle speed exceeds safe limits|🛞 CRITICAL_PRESSURE: Tire flat or severely under-inflated|🚨 TIRE_SPEED_MISMATCH: Tire pressure unsafe for current speed
1779686255.347,277.3,88.9,8.1,6752.0,50.7,14.16,33.2,33.3,31.9,32.1,danger,optimal,danger,danger,optimal,optimal,→ stable,→ stable,→ stable,100.0,🚨 EMERGENCY,True,CRITICAL_TIRE_FAILURE_RISK|TIRE_PUNCTURE_RISK,100.0,0.6,🚨 EMERGENCY: TIRE BLOWOUT IMMINENT - Reduce speed immediately!|⚠️ CRITICAL: Tire puncture risk - Pressure dropping at high speed|⚠️ EXCESSIVE_SPEED: Vehicle speed exceeds safe limits|🛞 CRITICAL_PRESSURE: Tire flat or severely under-inflated|🚨 TIRE_SPEED_MISMATCH: Tire pressure unsafe for current speed
1779686256.347,280.1,90.5,7.8,6848.0,50.7,14.22,33.0,33.4,32.2,31.9,danger,optimal,danger,danger,optimal,optimal,→ stable,→ stable,→ stable,100.0,🚨 EMERGENCY,True,CRITICAL_TIRE_FAILURE_RISK|TIRE_PUNCTURE_RISK,100.0,0.0,🚨 EMERGENCY: TIRE BLOWOUT IMMINENT - Reduce speed immediately!|⚠️ CRITICAL: Tire puncture risk - Pressure dropping at high speed|⚠️ EXCESSIVE_SPEED: Vehicle speed exceeds safe limits|🛞 CRITICAL_PRESSURE: Tire flat or severely under-inflated|🚨 TIRE_SPEED_MISMATCH: Tire pressure unsafe for current speed
1779686257.348,280.0,89.9,8.2,6836.0,49.9,14.22,32.7,33.4,32.2,31.8,danger,optimal,danger,danger,optimal,optimal,→ stable,→ stable,→ stable,100.0,🚨 EMERGENCY,True,CRITICAL_TIRE_FAILURE_RISK|TIRE_PUNCTURE_RISK,100.0,0.0,🚨 EMERGENCY: TIRE BLOWOUT IMMINENT - Reduce speed immediately!|⚠️ CRITICAL: Tire puncture risk - Pressure dropping at high speed|⚠️ EXCESSIVE_SPEED: Vehicle speed exceeds safe limits|🛞 CRITICAL_PRESSURE: Tire flat or severely under-inflated|🚨 TIRE_SPEED_MISMATCH: Tire pressure unsafe for current speed
1779686258.349,279.9,90.0,8.3,6765.0,49.5,14.18,32.9,32.7,32.2,32.1,danger,optimal,danger,danger,optimal,optimal,↓ decreasing,→ stable,→ stable,100.0,🚨 EMERGENCY,True,CRITICAL_TIRE_FAILURE_RISK|TIRE_PUNCTURE_RISK,100.0,0.0,🚨 EMERGENCY: TIRE BLOWOUT IMMINENT - Reduce speed immediately!|⚠️ CRITICAL: Tire puncture risk - Pressure dropping at high speed|⚠️ EXCESSIVE_SPEED: Vehicle speed exceeds safe limits|🛞 CRITICAL_PRESSURE: Tire flat or severely under-inflated|🚨 TIRE_SPEED_MISMATCH: Tire pressure unsafe for current speed
1779686259.35,281.4,89.3,8.0,6826.0,50.7,14.22,33.3,33.2,31.9,32.1,danger,optimal,danger,danger,optimal,optimal,→ stable,→ stable,→ stable,100.0,🚨 EMERGENCY,True,CRITICAL_TIRE_FAILURE_RISK|TIRE_PUNCTURE_RISK,100.0,0.2,🚨 EMERGENCY: TIRE BLOWOUT IMMINENT - Reduce speed immediately!|⚠️ CRITICAL: Tire puncture risk - Pressure dropping at high speed|⚠️ EXCESSIVE_SPEED: Vehicle speed exceeds safe limits|🛞 CRITICAL_PRESSURE: Tire flat or severely under-inflated|🚨 TIRE_SPEED_MISMATCH: Tire pressure unsafe for current speed
1779686260.35,277.2,89.7,8.1,6837.0,49.4,14.25,33.1,32.7,32.0,32.2,danger,optimal,danger,danger,optimal,optimal,→ stable,→ stable,→ stable,100.0,🚨 EMERGENCY,True,CRITICAL_TIRE_FAILURE_RISK|TIRE_PUNCTURE_RISK,100.0,0.0,🚨 EMERGENCY: TIRE BLOWOUT IMMINENT - Reduce speed immediately!|⚠️ CRITICAL: Tire puncture risk - Pressure dropping at high speed|⚠️ EXCESSIVE_SPEED: Vehicle speed exceeds safe limits|🛞 CRITICAL_PRESSURE: Tire flat or severely under-inflated|🚨 TIRE_SPEED_MISMATCH: Tire pressure unsafe for current speed
1779686261.351,280.9,89.2,8.1,6828.0,50.2,14.17,33.1,32.9,32.2,32.0,danger,optimal,danger,danger,optimal,optimal,→ stable,→ stable,→ stable,100.0,🚨 EMERGENCY,True,CRITICAL_TIRE_FAILURE_RISK|TIRE_PUNCTURE_RISK,100.0,0.3,🚨 EMERGENCY: TIRE BLOWOUT IMMINENT - Reduce speed immediately!|⚠️ CRITICAL: Tire puncture risk - Pressure dropping at high speed|⚠️ EXCESSIVE_SPEED: Vehicle speed exceeds safe limits|🛞 CRITICAL_PRESSURE: Tire flat or severely under-inflated|🚨 TIRE_SPEED_MISMATCH: Tire pressure unsafe for current speed
1779686262.352,280.6,90.6,7.6,6840.0,49.7,14.23,33.2,32.8,32.3,32.3,danger,optimal,danger,danger,optimal,optimal,→ stable,→ stable,→ stable,100.0,🚨 EMERGENCY,True,CRITICAL_TIRE_FAILURE_RISK|TIRE_PUNCTURE_RISK,100.0,0.0,🚨 EMERGENCY: TIRE BLOWOUT IMMINENT - Reduce speed immediately!|⚠️ CRITICAL: Tire puncture risk - Pressure dropping at high speed|⚠️ EXCESSIVE_SPEED: Vehicle speed exceeds safe limits|🛞 CRITICAL_PRESSURE: Tire flat or severely under-inflated|🚨 TIRE_SPEED_MISMATCH: Tire pressure unsafe for current speed
1779686263.353,279.9,88.8,7.9,6770.0,50.4,14.21,32.6,32.7,31.8,32.3,danger,optimal,danger,danger,optimal,optimal,→ stable,→ stable,→ stable,100.0,🚨 EMERGENCY,True,CRITICAL_TIRE_FAILURE_RISK|TIRE_PUNCTURE_RISK,100.0,0.7,🚨 EMERGENCY: TIRE BLOWOUT IMMINENT - Reduce speed immediately!|⚠️ CRITICAL: Tire puncture risk - Pressure dropping at high speed|⚠️ EXCESSIVE_SPEED: Vehicle speed exceeds safe limits|🛞 CRITICAL_PRESSURE: Tire flat or severely under-inflated|🚨 TIRE_SPEED_MISMATCH: Tire pressure unsafe for current speed
1779686264.354,282.1,90.6,7.7,6831.0,50.1,14.18,33.1,33.0,31.7,31.7,danger,optimal,danger,danger,optimal,optimal,↓ decreasing,→ stable,→ stable,100.0,🚨 EMERGENCY,True,CRITICAL_TIRE_FAILURE_RISK|TIRE_PUNCTURE_RISK,100.0,0.0,🚨 EMERGENCY: TIRE BLOWOUT IMMINENT - Reduce speed immediately!|⚠️ CRITICAL: Tire puncture risk - Pressure dropping at high speed|⚠️ EXCESSIVE_SPEED: Vehicle speed exceeds safe limits|🛞 CRITICAL_PRESSURE: Tire flat or severely under-inflated|🚨 TIRE_SPEED_MISMATCH: Tire pressure unsafe for current speed
1779686265.354,280.2,90.3,8.2,6777.0,49.1,14.21,32.7,33.0,32.0,31.6,danger,optimal,danger,danger,optimal,optimal,→ stable,→ stable,→ stable,100.0,🚨 EMERGENCY,True,CRITICAL_TIRE_FAILURE_RISK|TIRE_PUNCTURE_RISK,100.0,0.0,🚨 EMERGENCY: TIRE BLOWOUT IMMINENT - Reduce speed immediately!|⚠️ CRITICAL: Tire puncture risk - Pressure dropping at high speed|⚠️ EXCESSIVE_SPEED: Vehicle speed exceeds safe limits|🛞 CRITICAL_PRESSURE: Tire flat or severely under-inflated|🚨 TIRE_SPEED_MISMATCH: Tire pressure unsafe for current speed
1779686266.355,279.0,90.7,8.1,6752.0,50.6,14.22,33.0,32.8,31.7,32.2,danger,optimal,danger,danger,optimal,optimal,→ stable,→ stable,→ stable,100.0,🚨 EMERGENCY,True,CRITICAL_TIRE_FAILURE_RISK|TIRE_PUNCTURE_RISK,100.0,0.0,🚨 EMERGENCY: TIRE BLOWOUT IMMINENT - Reduce speed immediately!|⚠️ CRITICAL: Tire puncture risk - Pressure dropping at high speed|⚠️ EXCESSIVE_SPEED: Vehicle speed exceeds safe limits|🛞 CRITICAL_PRESSURE: Tire flat or severely under-inflated|🚨 TIRE_SPEED_MISMATCH: Tire pressure unsafe for current speed
1779686267.356,280.4,89.3,7.6,6834.0,49.9,14.19,32.8,33.3,32.2,32.1,danger,optimal,danger,danger,optimal,optimal,→ stable,→ stable,→ stable,100.0,🚨 EMERGENCY,True,CRITICAL_TIRE_FAILURE_RISK|TIRE_PUNCTURE_RISK,100.0,0.2,🚨 EMERGENCY: TIRE BLOWOUT IMMINENT - Reduce speed immediately!|⚠️ CRITICAL: Tire puncture risk - Pressure dropping at high speed|⚠️ EXCESSIVE_SPEED: Vehicle speed exceeds safe limits|🛞 CRITICAL_PRESSURE: Tire flat or severely under-inflated|🚨 TIRE_SPEED_MISMATCH: Tire pressure unsafe for current speed
1779686268.356,280.6,89.5,8.0,6752.0,49.4,14.25,32.8,32.6,31.9,31.8,danger,optimal,danger,danger,optimal,optimal,→ stable,→ stable,→ stable,100.0,🚨 EMERGENCY,True,CRITICAL_TIRE_FAILURE_RISK|TIRE_PUNCTURE_RISK,100.0,0.1,🚨 EMERGENCY: TIRE BLOWOUT IMMINENT - Reduce speed immediately!|⚠️ CRITICAL: Tire puncture risk - Pressure dropping at high speed|⚠️ EXCESSIVE_SPEED: Vehicle speed exceeds safe limits|🛞 CRITICAL_PRESSURE: Tire flat or severely under-inflated|🚨 TIRE_SPEED_MISMATCH: Tire pressure unsafe for current speed
1779686269.357,282.7,90.2,8.0,6781.0,49.0,14.18,33.1,33.1,32.2,32.1,danger,optimal,danger,danger,optimal,optimal,→ stable,→ stable,→ stable,100.0,🚨 EMERGENCY,True,CRITICAL_TIRE_FAILURE_RISK|TIRE_PUNCTURE_RISK,100.0,0.0,🚨 EMERGENCY: TIRE BLOWOUT IMMINENT - Reduce speed immediately!|⚠️ CRITICAL: Tire puncture risk - Pressure dropping at high speed|⚠️ EXCESSIVE_SPEED: Vehicle speed exceeds safe limits|🛞 CRITICAL_PRESSURE: Tire flat or severely under-inflated|🚨 TIRE_SPEED_MISMATCH: Tire pressure unsafe for current speed
1779686270.357,280.6,88.8,7.7,6847.0,49.1,14.18,33.2,33.2,32.3,32.3,danger,optimal,danger,danger,optimal,optimal,↑ increasing,→ stable,→ stable,100.0,🚨 EMERGENCY,True,CRITICAL_TIRE_FAILURE_RISK|TIRE_PUNCTURE_RISK,100.0,0.7,🚨 EMERGENCY: TIRE BLOWOUT IMMINENT - Reduce speed immediately!|⚠️ CRITICAL: Tire puncture risk - Pressure dropping at high speed|⚠️ EXCESSIVE_SPEED: Vehicle speed exceeds safe limits|🛞 CRITICAL_PRESSURE: Tire flat or severely under-inflated|🚨 TIRE_SPEED_MISMATCH: Tire pressure unsafe for current speed
1779686271.358,277.3,90.9,7.6,6781.0,50.9,14.17,33.0,32.7,31.9,31.8,danger,optimal,danger,danger,optimal,optimal,↑ increasing,→ stable,→ stable,100.0,🚨 EMERGENCY,True,CRITICAL_TIRE_FAILURE_RISK|TIRE_PUNCTURE_RISK,100.0,0.0,🚨 EMERGENCY: TIRE BLOWOUT IMMINENT - Reduce speed immediately!|⚠️ CRITICAL: Tire puncture risk - Pressure dropping at high speed|⚠️ EXCESSIVE_SPEED: Vehicle speed exceeds safe limits|🛞 CRITICAL_PRESSURE: Tire flat or severely under-inflated|🚨 TIRE_SPEED_MISMATCH: Tire pressure unsafe for current speed
1779686272.358,280.9,89.5,8.1,6766.0,50.2,14.17,33.4,32.8,31.9,32.1,danger,optimal,danger,danger,optimal,optimal,↑ increasing,→ stable,→ stable,100.0,🚨 EMERGENCY,True,CRITICAL_TIRE_FAILURE_RISK|TIRE_PUNCTURE_RISK,100.0,0.1,🚨 EMERGENCY: TIRE BLOWOUT IMMINENT - Reduce speed immediately!|⚠️ CRITICAL: Tire puncture risk - Pressure dropping at high speed|⚠️ EXCESSIVE_SPEED: Vehicle speed exceeds safe limits|🛞 CRITICAL_PRESSURE: Tire flat or severely under-inflated|🚨 TIRE_SPEED_MISMATCH: Tire pressure unsafe for current speed
1779686273.359,277.1,88.6,7.8,6813.0,49.4,14.21,32.9,33.2,32.4,31.7,danger,optimal,danger,danger,optimal,optimal,→ stable,→ stable,→ stable,100.0,🚨 EMERGENCY,True,CRITICAL_TIRE_FAILURE_RISK|TIRE_PUNCTURE_RISK,100.0,1.0,🚨 EMERGENCY: TIRE BLOWOUT IMMINENT - Reduce speed immediately!|⚠️ CRITICAL: Tire puncture risk - Pressure dropping at high speed|⚠️ EXCESSIVE_SPEED: Vehicle speed exceeds safe limits|🛞 CRITICAL_PRESSURE: Tire flat or severely under-inflated|🚨 TIRE_SPEED_MISMATCH: Tire pressure unsafe for current speed
1779686274.36,277.3,89.9,7.9,6843.0,49.1,14.18,33.1,32.9,32.2,32.2,danger,optimal,danger,danger,optimal,optimal,→ stable,→ stable,→ stable,100.0,🚨 EMERGENCY,True,CRITICAL_TIRE_FAILURE_RISK|TIRE_PUNCTURE_RISK,100.0,0.0,🚨 EMERGENCY: TIRE BLOWOUT IMMINENT - Reduce speed immediately!|⚠️ CRITICAL: Tire puncture risk - Pressure dropping at high speed|⚠️ EXCESSIVE_SPEED: Vehicle speed exceeds safe limits|🛞 CRITICAL_PRESSURE: Tire flat or severely under-inflated|🚨 TIRE_SPEED_MISMATCH: Tire pressure unsafe for current speed
1779686275.361,280.9,89.8,7.8,6773.0,50.8,14.16,33.3,32.7,32.1,31.9,danger,optimal,danger,danger,optimal,optimal,↓ decreasing,→ stable,→ stable,100.0,🚨 EMERGENCY,True,CRITICAL_TIRE_FAILURE_RISK|TIRE_PUNCTURE_RISK,100.0,0.0,🚨 EMERGENCY: TIRE BLOWOUT IMMINENT - Reduce speed immediately!|⚠️ CRITICAL: Tire puncture risk - Pressure dropping at high speed|⚠️ EXCESSIVE_SPEED: Vehicle speed exceeds safe limits|🛞 CRITICAL_PRESSURE: Tire flat or severely under-inflated|🚨 TIRE_SPEED_MISMATCH: Tire pressure unsafe for current speed
1779686276.362,279.8,90.5,7.7,6756.0,49.7,14.24,32.8,33.1,31.7,32.3,danger,optimal,danger,danger,optimal,optimal,→ stable,→ stable,→ stable,100.0,🚨 EMERGENCY,True,CRITICAL_TIRE_FAILURE_RISK|TIRE_PUNCTURE_RISK,100.0,0.0,🚨 EMERGENCY: TIRE BLOWOUT IMMINENT - Reduce speed immediately!|⚠️ CRITICAL: Tire puncture risk - Pressure dropping at high speed|⚠️ EXCESSIVE_SPEED: Vehicle speed exceeds safe limits|🛞 CRITICAL_PRESSURE: Tire flat or severely under-inflated|🚨 TIRE_SPEED_MISMATCH: Tire pressure unsafe for current speed
1779686277.363,278.2,89.1,7.7,6812.0,50.3,14.23,33.3,33.3,32.2,31.7,danger,optimal,danger,danger,optimal,optimal,↓ decreasing,→ stable,→ stable,100.0,🚨 EMERGENCY,True,CRITICAL_TIRE_FAILURE_RISK|TIRE_PUNCTURE_RISK,100.0,0.4,🚨 EMERGENCY: TIRE BLOWOUT IMMINENT - Reduce speed immediately!|⚠️ CRITICAL: Tire puncture risk - Pressure dropping at high speed|⚠️ EXCESSIVE_SPEED: Vehicle speed exceeds safe limits|🛞 CRITICAL_PRESSURE: Tire flat or severely under-inflated|🚨 TIRE_SPEED_MISMATCH: Tire pressure unsafe for current speed
1779686278.364,280.0,90.5,7.9,6751.0,49.7,14.15,33.4,33.3,31.9,32.3,danger,optimal,danger,danger,optimal,optimal,↓ decreasing,→ stable,→ stable,100.0,🚨 EMERGENCY,True,CRITICAL_TIRE_FAILURE_RISK|TIRE_PUNCTURE_RISK,100.0,0.0,🚨 EMERGENCY: TIRE BLOWOUT IMMINENT - Reduce speed immediately!|⚠️ CRITICAL: Tire puncture risk - Pressure dropping at high speed|⚠️ EXCESSIVE_SPEED: Vehicle speed exceeds safe limits|🛞 CRITICAL_PRESSURE: Tire flat or severely under-inflated|🚨 TIRE_SPEED_MISMATCH: Tire pressure unsafe for current speed
1779686279.365,277.4,90.2,7.6,6843.0,49.3,14.21,33.3,32.7,31.8,31.8,danger,optimal,danger,danger,optimal,optimal,↓ decreasing,→ stable,→ stable,100.0,🚨 EMERGENCY,True,CRITICAL_TIRE_FAILURE_RISK|TIRE_PUNCTURE_RISK,100.0,0.0,🚨 EMERGENCY: TIRE BLOWOUT IMMINENT - Reduce speed immediately!|⚠️ CRITICAL: Tire puncture risk - Pressure dropping at high speed|⚠️ EXCESSIVE_SPEED: Vehicle speed exceeds safe limits|🛞 CRITICAL_PRESSURE: Tire flat or severely under-inflated|🚨 TIRE_SPEED_MISMATCH: Tire pressure unsafe for current speed
1779686280.365,279.9,89.5,8.3,6848.0,50.5,14.23,33.1,32.9,31.7,32.2,danger,optimal,danger,danger,optimal,optimal,↓ decreasing,→ stable,→ stable,100.0,🚨 EMERGENCY,True,CRITICAL_TIRE_FAILURE_RISK|TIRE_PUNCTURE_RISK,100.0,0.1,🚨 EMERGENCY: TIRE BLOWOUT IMMINENT - Reduce speed immediately!|⚠️ CRITICAL: Tire puncture risk - Pressure dropping at high speed|⚠️ EXCESSIVE_SPEED: Vehicle speed exceeds safe limits|🛞 CRITICAL_PRESSURE: Tire flat or severely under-inflated|🚨 TIRE_SPEED_MISMATCH: Tire pressure unsafe for current speed
1779686281.365,279.4,90.5,8.1,6791.0,50.0,14.19,33.0,32.7,31.8,31.8,danger,optimal,danger,danger,optimal,optimal,↓ decreasing,→ stable,→ stable,100.0,🚨 EMERGENCY,True,CRITICAL_TIRE_FAILURE_RISK|TIRE_PUNCTURE_RISK,100.0,0.0,🚨 EMERGENCY: TIRE BLOWOUT IMMINENT - Reduce speed immediately!|⚠️ CRITICAL: Tire puncture risk - Pressure dropping at high speed|⚠️ EXCESSIVE_SPEED: Vehicle speed exceeds safe limits|🛞 CRITICAL_PRESSURE: Tire flat or severely under-inflated|🚨 TIRE_SPEED_MISMATCH: Tire pressure unsafe for current speed
1779686282.365,282.6,88.7,8.3,6780.0,50.2,14.16,32.7,33.2,31.7,32.2,danger,optimal,danger,danger,optimal,optimal,↓ decreasing,→ stable,→ stable,100.0,🚨 EMERGENCY,True,CRITICAL_TIRE_FAILURE_RISK|TIRE_PUNCTURE_RISK,100.0,0.8,🚨 EMERGENCY: TIRE BLOWOUT IMMINENT - Reduce speed immediately!|⚠️ CRITICAL: Tire puncture risk - Pressure dropping at high speed|⚠️ EXCESSIVE_SPEED: Vehicle speed exceeds safe limits|🛞 CRITICAL_PRESSURE: Tire flat or severely under-inflated|🚨 TIRE_SPEED_MISMATCH: Tire pressure unsafe for current speed
1779686283.366,278.7,90.9,8.3,6786.0,50.6,14.2,33.3,33.2,32.2,32.2,danger,optimal,danger,danger,optimal,optimal,↓ decreasing,→ stable,→ stable,100.0,🚨 EMERGENCY,True,CRITICAL_TIRE_FAILURE_RISK|TIRE_PUNCTURE_RISK,100.0,0.0,🚨 EMERGENCY: TIRE BLOWOUT IMMINENT - Reduce speed immediately!|⚠️ CRITICAL: Tire puncture risk - Pressure dropping at high speed|⚠️ EXCESSIVE_SPEED: Vehicle speed exceeds safe limits|🛞 CRITICAL_PRESSURE: Tire flat or severely under-inflated|🚨 TIRE_SPEED_MISMATCH: Tire pressure unsafe for current speed
1779686284.366,279.2,88.9,8.3,6754.0,49.4,14.18,32.6,32.9,31.9,31.7,danger,optimal,danger,danger,optimal,optimal,→ stable,→ stable,→ stable,100.0,🚨 EMERGENCY,True,CRITICAL_TIRE_FAILURE_RISK|TIRE_PUNCTURE_RISK,100.0,0.6,🚨 EMERGENCY: TIRE BLOWOUT IMMINENT - Reduce speed immediately!|⚠️ CRITICAL: Tire puncture risk - Pressure dropping at high speed|⚠️ EXCESSIVE_SPEED: Vehicle speed exceeds safe limits|🛞 CRITICAL_PRESSURE: Tire flat or severely under-inflated|🚨 TIRE_SPEED_MISMATCH: Tire pressure unsafe for current speed
1779686285.367,277.6,88.8,8.3,6832.0,49.2,14.19,32.9,33.1,32.0,32.3,danger,optimal,danger,danger,optimal,optimal,→ stable,→ stable,→ stable,100.0,🚨 EMERGENCY,True,CRITICAL_TIRE_FAILURE_RISK|TIRE_PUNCTURE_RISK,100.0,0.7,🚨 EMERGENCY: TIRE BLOWOUT IMMINENT - Reduce speed immediately!|⚠️ CRITICAL: Tire puncture risk - Pressure dropping at high speed|⚠️ EXCESSIVE_SPEED: Vehicle speed exceeds safe limits|🛞 CRITICAL_PRESSURE: Tire flat or severely under-inflated|🚨 TIRE_SPEED_MISMATCH: Tire pressure unsafe for current speed
1779686286.369,281.9,88.9,8.2,6783.0,49.4,14.2,33.0,33.1,31.7,32.1,danger,optimal,danger,danger,optimal,optimal,→ stable,→ stable,→ stable,100.0,🚨 EMERGENCY,True,CRITICAL_TIRE_FAILURE_RISK|TIRE_PUNCTURE_RISK,100.0,0.6,🚨 EMERGENCY: TIRE BLOWOUT IMMINENT - Reduce speed immediately!|⚠️ CRITICAL: Tire puncture risk - Pressure dropping at high speed|⚠️ EXCESSIVE_SPEED: Vehicle speed exceeds safe limits|🛞 CRITICAL_PRESSURE: Tire flat or severely under-inflated|🚨 TIRE_SPEED_MISMATCH: Tire pressure unsafe for current speed
1779686287.37,279.3,89.1,7.9,6813.0,49.3,14.18,32.9,33.0,31.7,32.3,danger,optimal,danger,danger,optimal,optimal,→ stable,→ stable,→ stable,100.0,🚨 EMERGENCY,True,CRITICAL_TIRE_FAILURE_RISK|TIRE_PUNCTURE_RISK,100.0,0.4,🚨 EMERGENCY: TIRE BLOWOUT IMMINENT - Reduce speed immediately!|⚠️ CRITICAL: Tire puncture risk - Pressure dropping at high speed|⚠️ EXCESSIVE_SPEED: Vehicle speed exceeds safe limits|🛞 CRITICAL_PRESSURE: Tire flat or severely under-inflated|🚨 TIRE_SPEED_MISMATCH: Tire pressure unsafe for current speed
1779686288.37,277.5,89.2,7.8,6766.0,49.1,14.19,33.0,32.8,32.1,31.8,danger,optimal,danger,danger,optimal,optimal,→ stable,→ stable,→ stable,100.0,🚨 EMERGENCY,True,CRITICAL_TIRE_FAILURE_RISK|TIRE_PUNCTURE_RISK,100.0,0.3,🚨 EMERGENCY: TIRE BLOWOUT IMMINENT - Reduce speed immediately!|⚠️ CRITICAL: Tire puncture risk - Pressure dropping at high speed|⚠️ EXCESSIVE_SPEED: Vehicle speed exceeds safe limits|🛞 CRITICAL_PRESSURE: Tire flat or severely under-inflated|🚨 TIRE_SPEED_MISMATCH: Tire pressure unsafe for current speed
1779686289.37,280.5,91.0,8.2,6752.0,49.2,14.23,33.2,32.9,32.0,32.0,danger,optimal,danger,danger,optimal,optimal,↑ increasing,→ stable,→ stable,100.0,🚨 EMERGENCY,True,CRITICAL_TIRE_FAILURE_RISK|TIRE_PUNCTURE_RISK,100.0,0.0,🚨 EMERGENCY: TIRE BLOWOUT IMMINENT - Reduce speed immediately!|⚠️ CRITICAL: Tire puncture risk - Pressure dropping at high speed|⚠️ EXCESSIVE_SPEED: Vehicle speed exceeds safe limits|🛞 CRITICAL_PRESSURE: Tire flat or severely under-inflated|🚨 TIRE_SPEED_MISMATCH: Tire pressure unsafe for current speed
1779686290.371,282.9,91.2,7.7,6772.0,50.8,14.24,32.7,32.8,31.8,31.7,danger,optimal,danger,danger,optimal,optimal,↑ increasing,→ stable,→ stable,100.0,🚨 EMERGENCY,True,CRITICAL_TIRE_FAILURE_RISK|TIRE_PUNCTURE_RISK,100.0,0.0,🚨 EMERGENCY: TIRE BLOWOUT IMMINENT - Reduce speed immediately!|⚠️ CRITICAL: Tire puncture risk - Pressure dropping at high speed|⚠️ EXCESSIVE_SPEED: Vehicle speed exceeds safe limits|🛞 CRITICAL_PRESSURE: Tire flat or severely under-inflated|🚨 TIRE_SPEED_MISMATCH: Tire pressure unsafe for current speed
1779686291.373,280.2,89.9,8.1,6823.0,50.9,14.17,33.3,32.7,31.8,32.4,danger,optimal,danger,danger,optimal,optimal,↑ increasing,→ stable,→ stable,100.0,🚨 EMERGENCY,True,CRITICAL_TIRE_FAILURE_RISK|TIRE_PUNCTURE_RISK,100.0,0.0,🚨 EMERGENCY: TIRE BLOWOUT IMMINENT - Reduce speed immediately!|⚠️ CRITICAL: Tire puncture risk - Pressure dropping at high speed|⚠️ EXCESSIVE_SPEED: Vehicle speed exceeds safe limits|🛞 CRITICAL_PRESSURE: Tire flat or severely under-inflated|🚨 TIRE_SPEED_MISMATCH: Tire pressure unsafe for current speed
1779686292.373,281.5,88.9,8.2,6846.0,50.0,14.21,32.7,33.0,32.2,32.0,danger,optimal,danger,danger,optimal,optimal,↑ increasing,→ stable,→ stable,100.0,🚨 EMERGENCY,True,CRITICAL_TIRE_FAILURE_RISK|TIRE_PUNCTURE_RISK,100.0,0.6,🚨 EMERGENCY: TIRE BLOWOUT IMMINENT - Reduce speed immediately!|⚠️ CRITICAL: Tire puncture risk - Pressure dropping at high speed|⚠️ EXCESSIVE_SPEED: Vehicle speed exceeds safe limits|🛞 CRITICAL_PRESSURE: Tire flat or severely under-inflated|🚨 TIRE_SPEED_MISMATCH: Tire pressure unsafe for current speed
1779686293.373,282.7,90.0,8.3,6849.0,50.4,14.21,33.4,33.0,32.0,32.4,danger,optimal,danger,danger,optimal,optimal,↑ increasing,→ stable,→ stable,100.0,🚨 EMERGENCY,True,CRITICAL_TIRE_FAILURE_RISK|TIRE_PUNCTURE_RISK,100.0,0.0,🚨 EMERGENCY: TIRE BLOWOUT IMMINENT - Reduce speed immediately!|⚠️ CRITICAL: Tire puncture risk - Pressure dropping at high speed|⚠️ EXCESSIVE_SPEED: Vehicle speed exceeds safe limits|🛞 CRITICAL_PRESSURE: Tire flat or severely under-inflated|🚨 TIRE_SPEED_MISMATCH: Tire pressure unsafe for current speed
1779686294.374,278.2,90.9,7.7,6844.0,49.2,14.21,33.4,33.1,31.8,31.7,danger,optimal,danger,danger,optimal,optimal,↑ increasing,→ stable,→ stable,100.0,🚨 EMERGENCY,True,CRITICAL_TIRE_FAILURE_RISK|TIRE_PUNCTURE_RISK,100.0,0.0,🚨 EMERGENCY: TIRE BLOWOUT IMMINENT - Reduce speed immediately!|⚠️ CRITICAL: Tire puncture risk - Pressure dropping at high speed|⚠️ EXCESSIVE_SPEED: Vehicle speed exceeds safe limits|🛞 CRITICAL_PRESSURE: Tire flat or severely under-inflated|🚨 TIRE_SPEED_MISMATCH: Tire pressure unsafe for current speed
1779686295.375,279.6,91.1,7.8,6764.0,49.3,14.17,32.9,33.3,32.2,32.0,danger,optimal,danger,danger,optimal,optimal,↑ increasing,→ stable,→ stable,100.0,🚨 EMERGENCY,True,CRITICAL_TIRE_FAILURE_RISK|TIRE_PUNCTURE_RISK,100.0,0.0,🚨 EMERGENCY: TIRE BLOWOUT IMMINENT - Reduce speed immediately!|⚠️ CRITICAL: Tire puncture risk - Pressure dropping at high speed|⚠️ EXCESSIVE_SPEED: Vehicle speed exceeds safe limits|🛞 CRITICAL_PRESSURE: Tire flat or severely under-inflated|🚨 TIRE_SPEED_MISMATCH: Tire pressure unsafe for current speed
1779686296.376,282.0,89.0,8.3,6804.0,49.8,14.2,33.0,33.2,32.4,32.3,danger,optimal,danger,danger,optimal,optimal,↑ increasing,→ stable,→ stable,100.0,🚨 EMERGENCY,True,CRITICAL_TIRE_FAILURE_RISK|TIRE_PUNCTURE_RISK,100.0,0.5,🚨 EMERGENCY: TIRE BLOWOUT IMMINENT - Reduce speed immediately!|⚠️ CRITICAL: Tire puncture risk - Pressure dropping at high speed|⚠️ EXCESSIVE_SPEED: Vehicle speed exceeds safe limits|🛞 CRITICAL_PRESSURE: Tire flat or severely under-inflated|🚨 TIRE_SPEED_MISMATCH: Tire pressure unsafe for current speed
1779686297.376,280.7,91.2,8.0,6784.0,50.3,14.24,33.3,33.1,31.8,32.0,danger,optimal,danger,danger,optimal,optimal,↑ increasing,↑ increasing,→ stable,100.0,🚨 EMERGENCY,True,CRITICAL_TIRE_FAILURE_RISK|TIRE_PUNCTURE_RISK,100.0,0.0,🚨 EMERGENCY: TIRE BLOWOUT IMMINENT - Reduce speed immediately!|⚠️ CRITICAL: Tire puncture risk - Pressure dropping at high speed|⚠️ EXCESSIVE_SPEED: Vehicle speed exceeds safe limits|🛞 CRITICAL_PRESSURE: Tire flat or severely under-inflated|🚨 TIRE_SPEED_MISMATCH: Tire pressure unsafe for current speed
1779686298.377,278.8,91.0,8.4,6779.0,50.3,14.23,33.3,32.8,31.8,31.7,danger,optimal,danger,danger,optimal,optimal,↑ increasing,↑ increasing,→ stable,100.0,🚨 EMERGENCY,True,CRITICAL_TIRE_FAILURE_RISK|TIRE_PUNCTURE_RISK,100.0,0.0,🚨 EMERGENCY: TIRE BLOWOUT IMMINENT - Reduce speed immediately!|⚠️ CRITICAL: Tire puncture risk - Pressure dropping at high speed|⚠️ EXCESSIVE_SPEED: Vehicle speed exceeds safe limits|🛞 CRITICAL_PRESSURE: Tire flat or severely under-inflated|🚨 TIRE_SPEED_MISMATCH: Tire pressure unsafe for current speed
1779686299.378,280.7,91.2,8.3,6770.0,49.9,14.19,33.0,32.9,32.2,31.7,danger,optimal,danger,danger,optimal,optimal,↑ increasing,↑ increasing,→ stable,100.0,🚨 EMERGENCY,True,CRITICAL_TIRE_FAILURE_RISK|TIRE_PUNCTURE_RISK,100.0,0.0,🚨 EMERGENCY: TIRE BLOWOUT IMMINENT - Reduce speed immediately!|⚠️ CRITICAL: Tire puncture risk - Pressure dropping at high speed|⚠️ EXCESSIVE_SPEED: Vehicle speed exceeds safe limits|🛞 CRITICAL_PRESSURE: Tire flat or severely under-inflated|🚨 TIRE_SPEED_MISMATCH: Tire pressure unsafe for current speed
1779686300.379,281.1,90.3,7.7,6755.0,49.3,14.19,32.9,32.9,31.6,31.6,danger,optimal,danger,danger,optimal,optimal,↑ increasing,↑ increasing,→ stable,100.0,🚨 EMERGENCY,True,CRITICAL_TIRE_FAILURE_RISK|TIRE_PUNCTURE_RISK,100.0,0.0,🚨 EMERGENCY: TIRE BLOWOUT IMMINENT - Reduce speed immediately!|⚠️ CRITICAL: Tire puncture risk - Pressure dropping at high speed|⚠️ EXCESSIVE_SPEED: Vehicle speed exceeds safe limits|🛞 CRITICAL_PRESSURE: Tire flat or severely under-inflated|🚨 TIRE_SPEED_MISMATCH: Tire pressure unsafe for current speed
1779686301.381,281.4,89.0,7.9,6788.0,50.5,14.18,33.0,33.1,32.2,32.2,danger,optimal,danger,danger,optimal,optimal,↑ increasing,↑ increasing,→ stable,100.0,🚨 EMERGENCY,True,CRITICAL_TIRE_FAILURE_RISK|TIRE_PUNCTURE_RISK,100.0,0.5,🚨 EMERGENCY: TIRE BLOWOUT IMMINENT - Reduce speed immediately!|⚠️ CRITICAL: Tire puncture risk - Pressure dropping at high speed|⚠️ EXCESSIVE_SPEED: Vehicle speed exceeds safe limits|🛞 CRITICAL_PRESSURE: Tire flat or severely under-inflated|🚨 TIRE_SPEED_MISMATCH: Tire pressure unsafe for current speed
1779686302.381,280.0,91.4,7.7,6777.0,50.2,14.2,32.8,33.0,32.3,31.9,danger,optimal,danger,danger,optimal,optimal,↑ increasing,↑ increasing,→ stable,100.0,🚨 EMERGENCY,True,CRITICAL_TIRE_FAILURE_RISK|TIRE_PUNCTURE_RISK,100.0,0.0,🚨 EMERGENCY: TIRE BLOWOUT IMMINENT - Reduce speed immediately!|⚠️ CRITICAL: Tire puncture risk - Pressure dropping at high speed|⚠️ EXCESSIVE_SPEED: Vehicle speed exceeds safe limits|🛞 CRITICAL_PRESSURE: Tire flat or severely under-inflated|🚨 TIRE_SPEED_MISMATCH: Tire pressure unsafe for current speed
1779686303.382,281.9,88.9,7.7,6814.0,49.8,14.2,32.6,33.1,31.8,32.1,danger,optimal,danger,danger,optimal,optimal,→ stable,↑ increasing,→ stable,100.0,🚨 EMERGENCY,True,CRITICAL_TIRE_FAILURE_RISK|TIRE_PUNCTURE_RISK,100.0,0.6,🚨 EMERGENCY: TIRE BLOWOUT IMMINENT - Reduce speed immediately!|⚠️ CRITICAL: Tire puncture risk - Pressure dropping at high speed|⚠️ EXCESSIVE_SPEED: Vehicle speed exceeds safe limits|🛞 CRITICAL_PRESSURE: Tire flat or severely under-inflated|🚨 TIRE_SPEED_MISMATCH: Tire pressure unsafe for current speed
1779686304.383,281.3,88.6,8.3,6823.0,50.2,14.23,32.7,33.0,32.2,32.2,danger,optimal,danger,danger,optimal,optimal,↑ increasing,→ stable,→ stable,100.0,🚨 EMERGENCY,True,CRITICAL_TIRE_FAILURE_RISK|TIRE_PUNCTURE_RISK,100.0,1.0,🚨 EMERGENCY: TIRE BLOWOUT IMMINENT - Reduce speed immediately!|⚠️ CRITICAL: Tire puncture risk - Pressure dropping at high speed|⚠️ EXCESSIVE_SPEED: Vehicle speed exceeds safe limits|🛞 CRITICAL_PRESSURE: Tire flat or severely under-inflated|🚨 TIRE_SPEED_MISMATCH: Tire pressure unsafe for current speed
1779686305.385,278.7,90.4,8.3,6790.0,49.0,14.22,33.0,32.7,32.4,31.7,danger,optimal,danger,danger,optimal,optimal,→ stable,→ stable,→ stable,100.0,🚨 EMERGENCY,True,CRITICAL_TIRE_FAILURE_RISK|TIRE_PUNCTURE_RISK,100.0,0.0,🚨 EMERGENCY: TIRE BLOWOUT IMMINENT - Reduce speed immediately!|⚠️ CRITICAL: Tire puncture risk - Pressure dropping at high speed|⚠️ EXCESSIVE_SPEED: Vehicle speed exceeds safe limits|🛞 CRITICAL_PRESSURE: Tire flat or severely under-inflated|🚨 TIRE_SPEED_MISMATCH: Tire pressure unsafe for current speed
1779686306.385,282.6,90.2,7.9,6825.0,49.6,14.17,32.9,32.6,32.3,31.8,danger,optimal,danger,danger,optimal,optimal,→ stable,→ stable,→ stable,100.0,🚨 EMERGENCY,True,CRITICAL_TIRE_FAILURE_RISK|TIRE_PUNCTURE_RISK,100.0,0.0,🚨 EMERGENCY: TIRE BLOWOUT IMMINENT - Reduce speed immediately!|⚠️ CRITICAL: Tire puncture risk - Pressure dropping at high speed|⚠️ EXCESSIVE_SPEED: Vehicle speed exceeds safe limits|🛞 CRITICAL_PRESSURE: Tire flat or severely under-inflated|🚨 TIRE_SPEED_MISMATCH: Tire pressure unsafe for current speed
1779686307.386,281.4,90.5,8.0,6770.0,49.9,14.24,32.9,33.3,32.2,32.1,danger,optimal,danger,danger,optimal,optimal,→ stable,→ stable,→ stable,100.0,🚨 EMERGENCY,True,CRITICAL_TIRE_FAILURE_RISK|TIRE_PUNCTURE_RISK,100.0,0.0,🚨 EMERGENCY: TIRE BLOWOUT IMMINENT - Reduce speed immediately!|⚠️ CRITICAL: Tire puncture risk - Pressure dropping at high speed|⚠️ EXCESSIVE_SPEED: Vehicle speed exceeds safe limits|🛞 CRITICAL_PRESSURE: Tire flat or severely under-inflated|🚨 TIRE_SPEED_MISMATCH: Tire pressure unsafe for current speed
1779686308.387,281.5,91.0,7.7,6791.0,49.5,14.17,33.1,33.3,31.8,31.8,danger,optimal,danger,danger,optimal,optimal,→ stable,→ stable,→ stable,100.0,🚨 EMERGENCY,True,CRITICAL_TIRE_FAILURE_RISK|TIRE_PUNCTURE_RISK,100.0,0.0,🚨 EMERGENCY: TIRE BLOWOUT IMMINENT - Reduce speed immediately!|⚠️ CRITICAL: Tire puncture risk - Pressure dropping at high speed|⚠️ EXCESSIVE_SPEED: Vehicle speed exceeds safe limits|🛞 CRITICAL_PRESSURE: Tire flat or severely under-inflated|🚨 TIRE_SPEED_MISMATCH: Tire pressure unsafe for current speed
1779686309.388,277.6,89.2,7.8,6777.0,50.9,14.19,32.9,33.3,31.6,32.3,danger,optimal,danger,danger,optimal,optimal,→ stable,→ stable,→ stable,100.0,🚨 EMERGENCY,True,CRITICAL_TIRE_FAILURE_RISK|TIRE_PUNCTURE_RISK,100.0,0.3,🚨 EMERGENCY: TIRE BLOWOUT IMMINENT - Reduce speed immediately!|⚠️ CRITICAL: Tire puncture risk - Pressure dropping at high speed|⚠️ EXCESSIVE_SPEED: Vehicle speed exceeds safe limits|🛞 CRITICAL_PRESSURE: Tire flat or severely under-inflated|🚨 TIRE_SPEED_MISMATCH: Tire pressure unsafe for current speed
1779686310.39,278.9,91.3,7.8,6759.0,49.2,14.18,32.9,33.3,31.9,32.3,danger,optimal,danger,danger,optimal,optimal,→ stable,→ stable,→ stable,100.0,🚨 EMERGENCY,True,CRITICAL_TIRE_FAILURE_RISK|TIRE_PUNCTURE_RISK,100.0,0.0,🚨 EMERGENCY: TIRE BLOWOUT IMMINENT - Reduce speed immediately!|⚠️ CRITICAL: Tire puncture risk - Pressure dropping at high speed|⚠️ EXCESSIVE_SPEED: Vehicle speed exceeds safe limits|🛞 CRITICAL_PRESSURE: Tire flat or severely under-inflated|🚨 TIRE_SPEED_MISMATCH: Tire pressure unsafe for current speed
1779686311.39,282.0,90.2,8.1,6780.0,49.7,14.23,33.2,32.9,31.9,32.1,danger,optimal,danger,danger,optimal,optimal,→ stable,→ stable,→ stable,100.0,🚨 EMERGENCY,True,CRITICAL_TIRE_FAILURE_RISK|TIRE_PUNCTURE_RISK,100.0,0.0,🚨 EMERGENCY: TIRE BLOWOUT IMMINENT - Reduce speed immediately!|⚠️ CRITICAL: Tire puncture risk - Pressure dropping at high speed|⚠️ EXCESSIVE_SPEED: Vehicle speed exceeds safe limits|🛞 CRITICAL_PRESSURE: Tire flat or severely under-inflated|🚨 TIRE_SPEED_MISMATCH: Tire pressure unsafe for current speed
1779686312.391,282.9,88.8,7.6,6817.0,49.2,14.19,32.6,32.6,32.0,31.7,danger,optimal,danger,danger,optimal,optimal,→ stable,↓ decreasing,→ stable,100.0,🚨 EMERGENCY,True,CRITICAL_TIRE_FAILURE_RISK|TIRE_PUNCTURE_RISK,100.0,0.7,🚨 EMERGENCY: TIRE BLOWOUT IMMINENT - Reduce speed immediately!|⚠️ CRITICAL: Tire puncture risk - Pressure dropping at high speed|⚠️ EXCESSIVE_SPEED: Vehicle speed exceeds safe limits|🛞 CRITICAL_PRESSURE: Tire flat or severely under-inflated|🚨 TIRE_SPEED_MISMATCH: Tire pressure unsafe for current speed
1779686313.391,282.7,91.2,8.1,6814.0,50.8,14.19,33.4,33.4,32.2,31.7,danger,optimal,danger,danger,optimal,optimal,↑ increasing,→ stable,→ stable,100.0,🚨 EMERGENCY,True,CRITICAL_TIRE_FAILURE_RISK|TIRE_PUNCTURE_RISK,100.0,0.0,🚨 EMERGENCY: TIRE BLOWOUT IMMINENT - Reduce speed immediately!|⚠️ CRITICAL: Tire puncture risk - Pressure dropping at high speed|⚠️ EXCESSIVE_SPEED: Vehicle speed exceeds safe limits|🛞 CRITICAL_PRESSURE: Tire flat or severely under-inflated|🚨 TIRE_SPEED_MISMATCH: Tire pressure unsafe for current speed
1779686314.391,281.0,90.1,8.1,6847.0,50.8,14.24,33.2,33.0,32.2,32.1,danger,optimal,danger,danger,optimal,optimal,→ stable,→ stable,→ stable,100.0,🚨 EMERGENCY,True,CRITICAL_TIRE_FAILURE_RISK|TIRE_PUNCTURE_RISK,100.0,0.0,🚨 EMERGENCY: TIRE BLOWOUT IMMINENT - Reduce speed immediately!|⚠️ CRITICAL: Tire puncture risk - Pressure dropping at high speed|⚠️ EXCESSIVE_SPEED: Vehicle speed exceeds safe limits|🛞 CRITICAL_PRESSURE: Tire flat or severely under-inflated|🚨 TIRE_SPEED_MISMATCH: Tire pressure unsafe for current speed
1779686315.393,277.1,90.7,8.1,6817.0,51.0,14.21,33.3,32.9,32.0,31.9,danger,optimal,danger,danger,optimal,optimal,→ stable,→ stable,→ stable,100.0,🚨 EMERGENCY,True,CRITICAL_TIRE_FAILURE_RISK|TIRE_PUNCTURE_RISK,100.0,0.0,🚨 EMERGENCY: TIRE BLOWOUT IMMINENT - Reduce speed immediately!|⚠️ CRITICAL: Tire puncture risk - Pressure dropping at high speed|⚠️ EXCESSIVE_SPEED: Vehicle speed exceeds safe limits|🛞 CRITICAL_PRESSURE: Tire flat or severely under-inflated|🚨 TIRE_SPEED_MISMATCH: Tire pressure unsafe for current speed
1779686316.394,280.2,88.5,8.4,6786.0,49.2,14.17,33.0,33.3,32.1,32.2,danger,optimal,danger,danger,optimal,optimal,→ stable,→ stable,→ stable,100.0,🚨 EMERGENCY,True,CRITICAL_TIRE_FAILURE_RISK|TIRE_PUNCTURE_RISK,100.0,1.1,🚨 EMERGENCY: TIRE BLOWOUT IMMINENT - Reduce speed immediately!|⚠️ CRITICAL: Tire puncture risk - Pressure dropping at high speed|⚠️ EXCESSIVE_SPEED: Vehicle speed exceeds safe limits|🛞 CRITICAL_PRESSURE: Tire flat or severely under-inflated|🚨 TIRE_SPEED_MISMATCH: Tire pressure unsafe for current speed
1779686317.394,278.4,91.5,8.1,6766.0,50.1,14.22,33.2,33.3,31.9,32.0,danger,optimal,danger,danger,optimal,optimal,↓ decreasing,→ stable,→ stable,100.0,🚨 EMERGENCY,True,CRITICAL_TIRE_FAILURE_RISK|TIRE_PUNCTURE_RISK,100.0,0.0,🚨 EMERGENCY: TIRE BLOWOUT IMMINENT - Reduce speed immediately!|⚠️ CRITICAL: Tire puncture risk - Pressure dropping at high speed|⚠️ EXCESSIVE_SPEED: Vehicle speed exceeds safe limits|🛞 CRITICAL_PRESSURE: Tire flat or severely under-inflated|🚨 TIRE_SPEED_MISMATCH: Tire pressure unsafe for current speed
1779686318.394,280.8,91.4,7.7,6790.0,49.6,14.24,33.1,33.2,31.9,32.2,danger,optimal,danger,danger,optimal,optimal,↓ decreasing,→ stable,→ stable,100.0,🚨 EMERGENCY,True,CRITICAL_TIRE_FAILURE_RISK|TIRE_PUNCTURE_RISK,100.0,0.0,🚨 EMERGENCY: TIRE BLOWOUT IMMINENT - Reduce speed immediately!|⚠️ CRITICAL: Tire puncture risk - Pressure dropping at high speed|⚠️ EXCESSIVE_SPEED: Vehicle speed exceeds safe limits|🛞 CRITICAL_PRESSURE: Tire flat or severely under-inflated|🚨 TIRE_SPEED_MISMATCH: Tire pressure unsafe for current speed
1779686319.396,278.6,88.6,7.6,6830.0,49.2,14.23,33.4,33.0,31.8,32.0,danger,optimal,danger,danger,optimal,optimal,→ stable,→ stable,→ stable,100.0,🚨 EMERGENCY,True,CRITICAL_TIRE_FAILURE_RISK|TIRE_PUNCTURE_RISK,100.0,1.0,🚨 EMERGENCY: TIRE BLOWOUT IMMINENT - Reduce speed immediately!|⚠️ CRITICAL: Tire puncture risk - Pressure dropping at high speed|⚠️ EXCESSIVE_SPEED: Vehicle speed exceeds safe limits|🛞 CRITICAL_PRESSURE: Tire flat or severely under-inflated|🚨 TIRE_SPEED_MISMATCH: Tire pressure unsafe for current speed
1779686320.397,279.6,90.1,8.0,6839.0,50.3,14.15,33.2,32.9,32.1,31.7,danger,optimal,danger,danger,optimal,optimal,→ stable,→ stable,→ stable,100.0,🚨 EMERGENCY,True,CRITICAL_TIRE_FAILURE_RISK|TIRE_PUNCTURE_RISK,100.0,0.0,🚨 EMERGENCY: TIRE BLOWOUT IMMINENT - Reduce speed immediately!|⚠️ CRITICAL: Tire puncture risk - Pressure dropping at high speed|⚠️ EXCESSIVE_SPEED: Vehicle speed exceeds safe limits|🛞 CRITICAL_PRESSURE: Tire flat or severely under-inflated|🚨 TIRE_SPEED_MISMATCH: Tire pressure unsafe for current speed
1779686321.398,277.6,89.2,8.4,6811.0,49.6,14.19,33.2,33.4,31.7,31.8,danger,optimal,danger,danger,optimal,optimal,↓ decreasing,→ stable,→ stable,100.0,🚨 EMERGENCY,True,CRITICAL_TIRE_FAILURE_RISK|TIRE_PUNCTURE_RISK,100.0,0.3,🚨 EMERGENCY: TIRE BLOWOUT IMMINENT - Reduce speed immediately!|⚠️ CRITICAL: Tire puncture risk - Pressure dropping at high speed|⚠️ EXCESSIVE_SPEED: Vehicle speed exceeds safe limits|🛞 CRITICAL_PRESSURE: Tire flat or severely under-inflated|🚨 TIRE_SPEED_MISMATCH: Tire pressure unsafe for current speed
1779686322.399,282.3,89.5,8.0,6834.0,49.0,14.17,33.0,32.9,32.1,32.2,danger,optimal,danger,danger,optimal,optimal,↓ decreasing,→ stable,→ stable,100.0,🚨 EMERGENCY,True,CRITICAL_TIRE_FAILURE_RISK|TIRE_PUNCTURE_RISK,100.0,0.1,🚨 EMERGENCY: TIRE BLOWOUT IMMINENT - Reduce speed immediately!|⚠️ CRITICAL: Tire puncture risk - Pressure dropping at high speed|⚠️ EXCESSIVE_SPEED: Vehicle speed exceeds safe limits|🛞 CRITICAL_PRESSURE: Tire flat or severely under-inflated|🚨 TIRE_SPEED_MISMATCH: Tire pressure unsafe for current speed
1779686323.4,279.1,90.5,8.3,6847.0,49.1,14.2,33.2,33.0,32.3,32.2,danger,optimal,danger,danger,optimal,optimal,↓ decreasing,→ stable,→ stable,100.0,🚨 EMERGENCY,True,CRITICAL_TIRE_FAILURE_RISK|TIRE_PUNCTURE_RISK,100.0,0.0,🚨 EMERGENCY: TIRE BLOWOUT IMMINENT - Reduce speed immediately!|⚠️ CRITICAL: Tire puncture risk - Pressure dropping at high speed|⚠️ EXCESSIVE_SPEED: Vehicle speed exceeds safe limits|🛞 CRITICAL_PRESSURE: Tire flat or severely under-inflated|🚨 TIRE_SPEED_MISMATCH: Tire pressure unsafe for current speed
1779686324.401,281.9,89.0,7.8,6823.0,49.6,14.2,32.8,32.9,32.2,31.6,danger,optimal,danger,danger,optimal,optimal,↓ decreasing,→ stable,→ stable,100.0,🚨 EMERGENCY,True,CRITICAL_TIRE_FAILURE_RISK|TIRE_PUNCTURE_RISK,100.0,0.5,🚨 EMERGENCY: TIRE BLOWOUT IMMINENT - Reduce speed immediately!|⚠️ CRITICAL: Tire puncture risk - Pressure dropping at high speed|⚠️ EXCESSIVE_SPEED: Vehicle speed exceeds safe limits|🛞 CRITICAL_PRESSURE: Tire flat or severely under-inflated|🚨 TIRE_SPEED_MISMATCH: Tire pressure unsafe for current speed
1779686325.402,280.7,90.8,8.0,6765.0,49.7,14.23,33.0,33.0,32.1,31.9,danger,optimal,danger,danger,optimal,optimal,↓ decreasing,→ stable,→ stable,100.0,🚨 EMERGENCY,True,CRITICAL_TIRE_FAILURE_RISK|TIRE_PUNCTURE_RISK,100.0,0.0,🚨 EMERGENCY: TIRE BLOWOUT IMMINENT - Reduce speed immediately!|⚠️ CRITICAL: Tire puncture risk - Pressure dropping at high speed|⚠️ EXCESSIVE_SPEED: Vehicle speed exceeds safe limits|🛞 CRITICAL_PRESSURE: Tire flat or severely under-inflated|🚨 TIRE_SPEED_MISMATCH: Tire pressure unsafe for current speed
1779686326.404,279.0,91.2,8.2,6761.0,49.3,14.23,33.1,33.1,32.1,32.3,danger,optimal,danger,danger,optimal,optimal,↓ decreasing,→ stable,→ stable,100.0,🚨 EMERGENCY,True,CRITICAL_TIRE_FAILURE_RISK|TIRE_PUNCTURE_RISK,100.0,0.0,🚨 EMERGENCY: TIRE BLOWOUT IMMINENT - Reduce speed immediately!|⚠️ CRITICAL: Tire puncture risk - Pressure dropping at high speed|⚠️ EXCESSIVE_SPEED: Vehicle speed exceeds safe limits|🛞 CRITICAL_PRESSURE: Tire flat or severely under-inflated|🚨 TIRE_SPEED_MISMATCH: Tire pressure unsafe for current speed
1779686327.404,279.4,89.4,7.6,6791.0,49.9,14.23,33.2,33.3,31.6,32.2,danger,optimal,danger,danger,optimal,optimal,→ stable,→ stable,→ stable,100.0,🚨 EMERGENCY,True,CRITICAL_TIRE_FAILURE_RISK|TIRE_PUNCTURE_RISK,100.0,0.2,🚨 EMERGENCY: TIRE BLOWOUT IMMINENT - Reduce speed immediately!|⚠️ CRITICAL: Tire puncture risk - Pressure dropping at high speed|⚠️ EXCESSIVE_SPEED: Vehicle speed exceeds safe limits|🛞 CRITICAL_PRESSURE: Tire flat or severely under-inflated|🚨 TIRE_SPEED_MISMATCH: Tire pressure unsafe for current speed
1779686328.406,277.4,90.8,7.7,6795.0,49.5,14.24,32.9,32.6,32.3,32.4,danger,optimal,danger,danger,optimal,optimal,↓ decreasing,→ stable,→ stable,100.0,🚨 EMERGENCY,True,CRITICAL_TIRE_FAILURE_RISK|TIRE_PUNCTURE_RISK,100.0,0.0,🚨 EMERGENCY: TIRE BLOWOUT IMMINENT - Reduce speed immediately!|⚠️ CRITICAL: Tire puncture risk - Pressure dropping at high speed|⚠️ EXCESSIVE_SPEED: Vehicle speed exceeds safe limits|🛞 CRITICAL_PRESSURE: Tire flat or severely under-inflated|🚨 TIRE_SPEED_MISMATCH: Tire pressure unsafe for current speed
1779686329.406,277.3,90.6,7.7,6836.0,49.4,14.24,32.8,32.9,32.4,32.0,danger,optimal,danger,danger,optimal,optimal,↓ decreasing,→ stable,→ stable,100.0,🚨 EMERGENCY,True,CRITICAL_TIRE_FAILURE_RISK|TIRE_PUNCTURE_RISK,100.0,0.0,🚨 EMERGENCY: TIRE BLOWOUT IMMINENT - Reduce speed immediately!|⚠️ CRITICAL: Tire puncture risk - Pressure dropping at high speed|⚠️ EXCESSIVE_SPEED: Vehicle speed exceeds safe limits|🛞 CRITICAL_PRESSURE: Tire flat or severely under-inflated|🚨 TIRE_SPEED_MISMATCH: Tire pressure unsafe for current speed
1779686330.407,280.0,88.5,8.0,6777.0,49.5,14.19,32.8,33.2,32.1,32.0,danger,optimal,danger,danger,optimal,optimal,↓ decreasing,→ stable,→ stable,100.0,🚨 EMERGENCY,True,CRITICAL_TIRE_FAILURE_RISK|TIRE_PUNCTURE_RISK,100.0,1.1,🚨 EMERGENCY: TIRE BLOWOUT IMMINENT - Reduce speed immediately!|⚠️ CRITICAL: Tire puncture risk - Pressure dropping at high speed|⚠️ EXCESSIVE_SPEED: Vehicle speed exceeds safe limits|🛞 CRITICAL_PRESSURE: Tire flat or severely under-inflated|🚨 TIRE_SPEED_MISMATCH: Tire pressure unsafe for current speed
1779686331.409,282.9,90.2,7.7,6828.0,50.0,14.25,33.0,32.7,32.1,32.0,danger,optimal,danger,danger,optimal,optimal,→ stable,→ stable,→ stable,100.0,🚨 EMERGENCY,True,CRITICAL_TIRE_FAILURE_RISK|TIRE_PUNCTURE_RISK,100.0,0.0,🚨 EMERGENCY: TIRE BLOWOUT IMMINENT - Reduce speed immediately!|⚠️ CRITICAL: Tire puncture risk - Pressure dropping at high speed|⚠️ EXCESSIVE_SPEED: Vehicle speed exceeds safe limits|🛞 CRITICAL_PRESSURE: Tire flat or severely under-inflated|🚨 TIRE_SPEED_MISMATCH: Tire pressure unsafe for current speed
1779686332.409,280.7,89.0,8.0,6834.0,50.2,14.16,33.1,32.9,31.6,31.7,danger,optimal,danger,danger,optimal,optimal,→ stable,→ stable,→ stable,100.0,🚨 EMERGENCY,True,CRITICAL_TIRE_FAILURE_RISK|TIRE_PUNCTURE_RISK,100.0,0.5,🚨 EMERGENCY: TIRE BLOWOUT IMMINENT - Reduce speed immediately!|⚠️ CRITICAL: Tire puncture risk - Pressure dropping at high speed|⚠️ EXCESSIVE_SPEED: Vehicle speed exceeds safe limits|🛞 CRITICAL_PRESSURE: Tire flat or severely under-inflated|🚨 TIRE_SPEED_MISMATCH: Tire pressure unsafe for current speed
1779686333.41,278.8,89.2,7.7,6766.0,49.4,14.21,32.7,32.7,32.1,32.0,danger,optimal,danger,danger,optimal,optimal,→ stable,→ stable,→ stable,100.0,🚨 EMERGENCY,True,CRITICAL_TIRE_FAILURE_RISK|TIRE_PUNCTURE_RISK,100.0,0.3,🚨 EMERGENCY: TIRE BLOWOUT IMMINENT - Reduce speed immediately!|⚠️ CRITICAL: Tire puncture risk - Pressure dropping at high speed|⚠️ EXCESSIVE_SPEED: Vehicle speed exceeds safe limits|🛞 CRITICAL_PRESSURE: Tire flat or severely under-inflated|🚨 TIRE_SPEED_MISMATCH: Tire pressure unsafe for current speed
1779686334.411,278.7,89.4,7.9,6755.0,49.2,14.2,33.1,33.0,32.0,31.9,danger,optimal,danger,danger,optimal,optimal,→ stable,→ stable,→ stable,100.0,🚨 EMERGENCY,True,CRITICAL_TIRE_FAILURE_RISK|TIRE_PUNCTURE_RISK,100.0,0.2,🚨 EMERGENCY: TIRE BLOWOUT IMMINENT - Reduce speed immediately!|⚠️ CRITICAL: Tire puncture risk - Pressure dropping at high speed|⚠️ EXCESSIVE_SPEED: Vehicle speed exceeds safe limits|🛞 CRITICAL_PRESSURE: Tire flat or severely under-inflated|🚨 TIRE_SPEED_MISMATCH: Tire pressure unsafe for current speed
1779686335.413,279.2,89.9,7.6,6811.0,50.0,14.25,32.6,32.6,31.7,31.6,danger,optimal,danger,danger,optimal,optimal,↓ decreasing,→ stable,→ stable,100.0,🚨 EMERGENCY,True,CRITICAL_TIRE_FAILURE_RISK|TIRE_PUNCTURE_RISK,100.0,0.0,🚨 EMERGENCY: TIRE BLOWOUT IMMINENT - Reduce speed immediately!|⚠️ CRITICAL: Tire puncture risk - Pressure dropping at high speed|⚠️ EXCESSIVE_SPEED: Vehicle speed exceeds safe limits|🛞 CRITICAL_PRESSURE: Tire flat or severely under-inflated|🚨 TIRE_SPEED_MISMATCH: Tire pressure unsafe for current speed
1779686336.413,280.1,91.5,8.2,6794.0,50.7,14.24,32.6,33.3,32.0,31.7,danger,optimal,danger,danger,optimal,optimal,→ stable,→ stable,→ stable,100.0,🚨 EMERGENCY,True,CRITICAL_TIRE_FAILURE_RISK|TIRE_PUNCTURE_RISK,100.0,0.0,🚨 EMERGENCY: TIRE BLOWOUT IMMINENT - Reduce speed immediately!|⚠️ CRITICAL: Tire puncture risk - Pressure dropping at high speed|⚠️ EXCESSIVE_SPEED: Vehicle speed exceeds safe limits|🛞 CRITICAL_PRESSURE: Tire flat or severely under-inflated|🚨 TIRE_SPEED_MISMATCH: Tire pressure unsafe for current speed
1779686337.413,277.6,90.7,8.0,6754.0,50.9,14.25,32.6,32.8,32.3,32.3,danger,optimal,danger,danger,optimal,optimal,↓ decreasing,→ stable,→ stable,100.0,🚨 EMERGENCY,True,CRITICAL_TIRE_FAILURE_RISK|TIRE_PUNCTURE_RISK,100.0,0.0,🚨 EMERGENCY: TIRE BLOWOUT IMMINENT - Reduce speed immediately!|⚠️ CRITICAL: Tire puncture risk - Pressure dropping at high speed|⚠️ EXCESSIVE_SPEED: Vehicle speed exceeds safe limits|🛞 CRITICAL_PRESSURE: Tire flat or severely under-inflated|🚨 TIRE_SPEED_MISMATCH: Tire pressure unsafe for current speed
1779686338.414,282.3,89.0,8.1,6803.0,49.8,14.2,33.2,32.8,31.6,31.8,danger,optimal,danger,danger,optimal,optimal,→ stable,→ stable,→ stable,100.0,🚨 EMERGENCY,True,CRITICAL_TIRE_FAILURE_RISK|TIRE_PUNCTURE_RISK,100.0,0.5,🚨 EMERGENCY: TIRE BLOWOUT IMMINENT - Reduce speed immediately!|⚠️ CRITICAL: Tire puncture risk - Pressure dropping at high speed|⚠️ EXCESSIVE_SPEED: Vehicle speed exceeds safe limits|🛞 CRITICAL_PRESSURE: Tire flat or severely under-inflated|🚨 TIRE_SPEED_MISMATCH: Tire pressure unsafe for current speed
1779686339.416,281.0,89.0,8.3,6784.0,50.5,14.24,32.9,33.3,32.1,32.1,danger,optimal,danger,danger,optimal,optimal,↑ increasing,→ stable,→ stable,100.0,🚨 EMERGENCY,True,CRITICAL_TIRE_FAILURE_RISK|TIRE_PUNCTURE_RISK,100.0,0.5,🚨 EMERGENCY: TIRE BLOWOUT IMMINENT - Reduce speed immediately!|⚠️ CRITICAL: Tire puncture risk - Pressure dropping at high speed|⚠️ EXCESSIVE_SPEED: Vehicle speed exceeds safe limits|🛞 CRITICAL_PRESSURE: Tire flat or severely under-inflated|🚨 TIRE_SPEED_MISMATCH: Tire pressure unsafe for current speed
1779686340.416,282.2,89.4,7.9,6836.0,50.7,14.24,32.8,33.3,31.7,31.7,danger,optimal,danger,danger,optimal,optimal,↑ increasing,→ stable,→ stable,100.0,🚨 EMERGENCY,True,CRITICAL_TIRE_FAILURE_RISK|TIRE_PUNCTURE_RISK,100.0,0.2,🚨 EMERGENCY: TIRE BLOWOUT IMMINENT - Reduce speed immediately!|⚠️ CRITICAL: Tire puncture risk - Pressure dropping at high speed|⚠️ EXCESSIVE_SPEED: Vehicle speed exceeds safe limits|🛞 CRITICAL_PRESSURE: Tire flat or severely under-inflated|🚨 TIRE_SPEED_MISMATCH: Tire pressure unsafe for current speed
1779686341.418,279.0,88.8,7.8,6823.0,50.1,14.18,32.8,32.9,32.1,31.9,danger,optimal,danger,danger,optimal,optimal,→ stable,→ stable,→ stable,100.0,🚨 EMERGENCY,True,CRITICAL_TIRE_FAILURE_RISK|TIRE_PUNCTURE_RISK,100.0,0.7,🚨 EMERGENCY: TIRE BLOWOUT IMMINENT - Reduce speed immediately!|⚠️ CRITICAL: Tire puncture risk - Pressure dropping at high speed|⚠️ EXCESSIVE_SPEED: Vehicle speed exceeds safe limits|🛞 CRITICAL_PRESSURE: Tire flat or severely under-inflated|🚨 TIRE_SPEED_MISMATCH: Tire pressure unsafe for current speed
1779686342.418,282.1,91.4,7.7,6774.0,50.8,14.18,32.9,32.8,32.3,31.8,danger,optimal,danger,danger,optimal,optimal,→ stable,→ stable,→ stable,100.0,🚨 EMERGENCY,True,CRITICAL_TIRE_FAILURE_RISK|TIRE_PUNCTURE_RISK,100.0,0.0,🚨 EMERGENCY: TIRE BLOWOUT IMMINENT - Reduce speed immediately!|⚠️ CRITICAL: Tire puncture risk - Pressure dropping at high speed|⚠️ EXCESSIVE_SPEED: Vehicle speed exceeds safe limits|🛞 CRITICAL_PRESSURE: Tire flat or severely under-inflated|🚨 TIRE_SPEED_MISMATCH: Tire pressure unsafe for current speed
1779686343.419,277.1,88.7,7.7,6829.0,49.6,14.16,32.8,32.8,32.3,32.2,danger,optimal,danger,danger,optimal,optimal,→ stable,→ stable,→ stable,100.0,🚨 EMERGENCY,True,CRITICAL_TIRE_FAILURE_RISK|TIRE_PUNCTURE_RISK,100.0,0.8,🚨 EMERGENCY: TIRE BLOWOUT IMMINENT - Reduce speed immediately!|⚠️ CRITICAL: Tire puncture risk - Pressure dropping at high speed|⚠️ EXCESSIVE_SPEED: Vehicle speed exceeds safe limits|🛞 CRITICAL_PRESSURE: Tire flat or severely under-inflated|🚨 TIRE_SPEED_MISMATCH: Tire pressure unsafe for current speed
1779686344.42,281.8,91.1,8.2,6761.0,49.1,14.22,33.1,33.2,32.1,31.8,danger,optimal,danger,danger,optimal,optimal,↑ increasing,→ stable,→ stable,100.0,🚨 EMERGENCY,True,CRITICAL_TIRE_FAILURE_RISK|TIRE_PUNCTURE_RISK,100.0,0.0,🚨 EMERGENCY: TIRE BLOWOUT IMMINENT - Reduce speed immediately!|⚠️ CRITICAL: Tire puncture risk - Pressure dropping at high speed|⚠️ EXCESSIVE_SPEED: Vehicle speed exceeds safe limits|🛞 CRITICAL_PRESSURE: Tire flat or severely under-inflated|🚨 TIRE_SPEED_MISMATCH: Tire pressure unsafe for current speed
1779686345.421,279.6,91.4,7.7,6767.0,50.5,14.18,32.9,33.3,32.1,31.7,danger,optimal,danger,danger,optimal,optimal,↑ increasing,→ stable,→ stable,100.0,🚨 EMERGENCY,True,CRITICAL_TIRE_FAILURE_RISK|TIRE_PUNCTURE_RISK,100.0,0.0,🚨 EMERGENCY: TIRE BLOWOUT IMMINENT - Reduce speed immediately!|⚠️ CRITICAL: Tire puncture risk - Pressure dropping at high speed|⚠️ EXCESSIVE_SPEED: Vehicle speed exceeds safe limits|🛞 CRITICAL_PRESSURE: Tire flat or severely under-inflated|🚨 TIRE_SPEED_MISMATCH: Tire pressure unsafe for current speed
1779686346.422,282.9,88.7,7.7,6779.0,50.8,14.24,33.1,33.2,31.9,32.3,danger,optimal,danger,danger,optimal,optimal,↑ increasing,→ stable,→ stable,100.0,🚨 EMERGENCY,True,CRITICAL_TIRE_FAILURE_RISK|TIRE_PUNCTURE_RISK,100.0,0.8,🚨 EMERGENCY: TIRE BLOWOUT IMMINENT - Reduce speed immediately!|⚠️ CRITICAL: Tire puncture risk - Pressure dropping at high speed|⚠️ EXCESSIVE_SPEED: Vehicle speed exceeds safe limits|🛞 CRITICAL_PRESSURE: Tire flat or severely under-inflated|🚨 TIRE_SPEED_MISMATCH: Tire pressure unsafe for current speed
1779686347.422,281.3,89.8,7.9,6807.0,50.2,14.21,33.0,32.9,31.8,32.3,danger,optimal,danger,danger,optimal,optimal,↑ increasing,→ stable,→ stable,100.0,🚨 EMERGENCY,True,CRITICAL_TIRE_FAILURE_RISK|TIRE_PUNCTURE_RISK,100.0,0.0,🚨 EMERGENCY: TIRE BLOWOUT IMMINENT - Reduce speed immediately!|⚠️ CRITICAL: Tire puncture risk - Pressure dropping at high speed|⚠️ EXCESSIVE_SPEED: Vehicle speed exceeds safe limits|🛞 CRITICAL_PRESSURE: Tire flat or severely under-inflated|🚨 TIRE_SPEED_MISMATCH: Tire pressure unsafe for current speed
1779686348.422,282.9,90.3,7.7,6801.0,50.5,14.22,32.7,33.4,32.1,32.2,danger,optimal,danger,danger,optimal,optimal,↑ increasing,→ stable,→ stable,100.0,🚨 EMERGENCY,True,CRITICAL_TIRE_FAILURE_RISK|TIRE_PUNCTURE_RISK,100.0,0.0,🚨 EMERGENCY: TIRE BLOWOUT IMMINENT - Reduce speed immediately!|⚠️ CRITICAL: Tire puncture risk - Pressure dropping at high speed|⚠️ EXCESSIVE_SPEED: Vehicle speed exceeds safe limits|🛞 CRITICAL_PRESSURE: Tire flat or severely under-inflated|🚨 TIRE_SPEED_MISMATCH: Tire pressure unsafe for current speed
1779686349.423,280.4,90.4,8.0,6829.0,50.0,14.16,32.6,33.2,31.9,31.9,danger,optimal,danger,danger,optimal,optimal,↑ increasing,→ stable,→ stable,100.0,🚨 EMERGENCY,True,CRITICAL_TIRE_FAILURE_RISK|TIRE_PUNCTURE_RISK,100.0,0.0,🚨 EMERGENCY: TIRE BLOWOUT IMMINENT - Reduce speed immediately!|⚠️ CRITICAL: Tire puncture risk - Pressure dropping at high speed|⚠️ EXCESSIVE_SPEED: Vehicle speed exceeds safe limits|🛞 CRITICAL_PRESSURE: Tire flat or severely under-inflated|🚨 TIRE_SPEED_MISMATCH: Tire pressure unsafe for current speed
1779686350.425,282.6,89.6,7.8,6787.0,50.6,14.18,33.1,32.7,32.1,32.3,danger,optimal,danger,danger,optimal,optimal,↑ increasing,→ stable,→ stable,100.0,🚨 EMERGENCY,True,CRITICAL_TIRE_FAILURE_RISK|TIRE_PUNCTURE_RISK,100.0,0.1,🚨 EMERGENCY: TIRE BLOWOUT IMMINENT - Reduce speed immediately!|⚠️ CRITICAL: Tire puncture risk - Pressure dropping at high speed|⚠️ EXCESSIVE_SPEED: Vehicle speed exceeds safe limits|🛞 CRITICAL_PRESSURE: Tire flat or severely under-inflated|🚨 TIRE_SPEED_MISMATCH: Tire pressure unsafe for current speed
1779686351.424,279.2,89.0,7.8,6779.0,50.9,14.17,33.1,32.7,32.0,32.3,danger,optimal,danger,danger,optimal,optimal,↑ increasing,→ stable,→ stable,100.0,🚨 EMERGENCY,True,CRITICAL_TIRE_FAILURE_RISK|TIRE_PUNCTURE_RISK,100.0,0.5,🚨 EMERGENCY: TIRE BLOWOUT IMMINENT - Reduce speed immediately!|⚠️ CRITICAL: Tire puncture risk - Pressure dropping at high speed|⚠️ EXCESSIVE_SPEED: Vehicle speed exceeds safe limits|🛞 CRITICAL_PRESSURE: Tire flat or severely under-inflated|🚨 TIRE_SPEED_MISMATCH: Tire pressure unsafe for current speed
1779686352.426,281.9,88.6,7.8,6838.0,50.1,14.16,33.2,32.9,31.9,32.1,danger,optimal,danger,danger,optimal,optimal,↑ increasing,→ stable,→ stable,100.0,🚨 EMERGENCY,True,CRITICAL_TIRE_FAILURE_RISK|TIRE_PUNCTURE_RISK,100.0,1.0,🚨 EMERGENCY: TIRE BLOWOUT IMMINENT - Reduce speed immediately!|⚠️ CRITICAL: Tire puncture risk - Pressure dropping at high speed|⚠️ EXCESSIVE_SPEED: Vehicle speed exceeds safe limits|🛞 CRITICAL_PRESSURE: Tire flat or severely under-inflated|🚨 TIRE_SPEED_MISMATCH: Tire pressure unsafe for current speed
1779686353.427,282.0,91.1,8.3,6845.0,49.3,14.17,33.3,32.8,32.4,31.7,danger,optimal,danger,danger,optimal,optimal,↑ increasing,→ stable,→ stable,100.0,🚨 EMERGENCY,True,CRITICAL_TIRE_FAILURE_RISK|TIRE_PUNCTURE_RISK,100.0,0.0,🚨 EMERGENCY: TIRE BLOWOUT IMMINENT - Reduce speed immediately!|⚠️ CRITICAL: Tire puncture risk - Pressure dropping at high speed|⚠️ EXCESSIVE_SPEED: Vehicle speed exceeds safe limits|🛞 CRITICAL_PRESSURE: Tire flat or severely under-inflated|🚨 TIRE_SPEED_MISMATCH: Tire pressure unsafe for current speed
1779686354.428,282.6,89.7,8.0,6785.0,49.6,14.18,32.8,32.7,31.8,31.9,danger,optimal,danger,danger,optimal,optimal,↑ increasing,→ stable,→ stable,100.0,🚨 EMERGENCY,True,CRITICAL_TIRE_FAILURE_RISK|TIRE_PUNCTURE_RISK,100.0,0.0,🚨 EMERGENCY: TIRE BLOWOUT IMMINENT - Reduce speed immediately!|⚠️ CRITICAL: Tire puncture risk - Pressure dropping at high speed|⚠️ EXCESSIVE_SPEED: Vehicle speed exceeds safe limits|🛞 CRITICAL_PRESSURE: Tire flat or severely under-inflated|🚨 TIRE_SPEED_MISMATCH: Tire pressure unsafe for current speed
1779686355.428,282.5,89.7,7.9,6758.0,49.4,14.17,32.7,33.2,31.9,31.6,danger,optimal,danger,danger,optimal,optimal,↑ increasing,→ stable,→ stable,100.0,🚨 EMERGENCY,True,CRITICAL_TIRE_FAILURE_RISK|TIRE_PUNCTURE_RISK,100.0,0.0,🚨 EMERGENCY: TIRE BLOWOUT IMMINENT - Reduce speed immediately!|⚠️ CRITICAL: Tire puncture risk - Pressure dropping at high speed|⚠️ EXCESSIVE_SPEED: Vehicle speed exceeds safe limits|🛞 CRITICAL_PRESSURE: Tire flat or severely under-inflated|🚨 TIRE_SPEED_MISMATCH: Tire pressure unsafe for current speed
1779686356.432,281.0,91.1,7.7,6812.0,50.0,14.22,32.7,33.0,31.9,31.8,danger,optimal,danger,danger,optimal,optimal,↑ increasing,→ stable,→ stable,100.0,🚨 EMERGENCY,True,CRITICAL_TIRE_FAILURE_RISK|TIRE_PUNCTURE_RISK,100.0,0.0,🚨 EMERGENCY: TIRE BLOWOUT IMMINENT - Reduce speed immediately!|⚠️ CRITICAL: Tire puncture risk - Pressure dropping at high speed|⚠️ EXCESSIVE_SPEED: Vehicle speed exceeds safe limits|🛞 CRITICAL_PRESSURE: Tire flat or severely under-inflated|🚨 TIRE_SPEED_MISMATCH: Tire pressure unsafe for current speed
1779686357.434,279.7,90.8,7.9,6816.0,49.4,14.21,33.0,32.8,32.3,31.7,danger,optimal,danger,danger,optimal,optimal,↑ increasing,→ stable,→ stable,100.0,🚨 EMERGENCY,True,CRITICAL_TIRE_FAILURE_RISK|TIRE_PUNCTURE_RISK,100.0,0.0,🚨 EMERGENCY: TIRE BLOWOUT IMMINENT - Reduce speed immediately!|⚠️ CRITICAL: Tire puncture risk - Pressure dropping at high speed|⚠️ EXCESSIVE_SPEED: Vehicle speed exceeds safe limits|🛞 CRITICAL_PRESSURE: Tire flat or severely under-inflated|🚨 TIRE_SPEED_MISMATCH: Tire pressure unsafe for current speed
1779686358.434,282.7,91.0,8.4,6807.0,49.1,14.21,33.2,33.1,31.7,31.9,danger,optimal,danger,danger,optimal,optimal,→ stable,→ stable,→ stable,100.0,🚨 EMERGENCY,True,CRITICAL_TIRE_FAILURE_RISK|TIRE_PUNCTURE_RISK,100.0,0.0,🚨 EMERGENCY: TIRE BLOWOUT IMMINENT - Reduce speed immediately!|⚠️ CRITICAL: Tire puncture risk - Pressure dropping at high speed|⚠️ EXCESSIVE_SPEED: Vehicle speed exceeds safe limits|🛞 CRITICAL_PRESSURE: Tire flat or severely under-inflated|🚨 TIRE_SPEED_MISMATCH: Tire pressure unsafe for current speed
1779686359.436,280.4,89.3,8.0,6751.0,50.4,14.15,33.0,33.0,31.8,31.9,danger,optimal,danger,danger,optimal,optimal,↑ increasing,→ stable,→ stable,100.0,🚨 EMERGENCY,True,CRITICAL_TIRE_FAILURE_RISK|TIRE_PUNCTURE_RISK,100.0,0.2,🚨 EMERGENCY: TIRE BLOWOUT IMMINENT - Reduce speed immediately!|⚠️ CRITICAL: Tire puncture risk - Pressure dropping at high speed|⚠️ EXCESSIVE_SPEED: Vehicle speed exceeds safe limits|🛞 CRITICAL_PRESSURE: Tire flat or severely under-inflated|🚨 TIRE_SPEED_MISMATCH: Tire pressure unsafe for current speed
1779686360.437,278.4,89.7,8.0,6827.0,50.8,14.16,33.1,33.0,31.8,32.3,danger,optimal,danger,danger,optimal,optimal,→ stable,→ stable,→ stable,100.0,🚨 EMERGENCY,True,CRITICAL_TIRE_FAILURE_RISK|TIRE_PUNCTURE_RISK,100.0,0.0,🚨 EMERGENCY: TIRE BLOWOUT IMMINENT - Reduce speed immediately!|⚠️ CRITICAL: Tire puncture risk - Pressure dropping at high speed|⚠️ EXCESSIVE_SPEED: Vehicle speed exceeds safe limits|🛞 CRITICAL_PRESSURE: Tire flat or severely under-inflated|🚨 TIRE_SPEED_MISMATCH: Tire pressure unsafe for current speed
1779686361.437,282.7,90.8,8.1,6758.0,49.8,14.23,32.8,33.1,32.4,32.4,danger,optimal,danger,danger,optimal,optimal,→ stable,→ stable,→ stable,100.0,🚨 EMERGENCY,True,CRITICAL_TIRE_FAILURE_RISK|TIRE_PUNCTURE_RISK,100.0,0.0,🚨 EMERGENCY: TIRE BLOWOUT IMMINENT - Reduce speed immediately!|⚠️ CRITICAL: Tire puncture risk - Pressure dropping at high speed|⚠️ EXCESSIVE_SPEED: Vehicle speed exceeds safe limits|🛞 CRITICAL_PRESSURE: Tire flat or severely under-inflated|🚨 TIRE_SPEED_MISMATCH: Tire pressure unsafe for current speed
1779686362.438,282.6,90.8,8.2,6812.0,50.1,14.19,33.2,33.0,32.4,31.6,danger,optimal,danger,danger,optimal,optimal,→ stable,↑ increasing,→ stable,100.0,🚨 EMERGENCY,True,CRITICAL_TIRE_FAILURE_RISK|TIRE_PUNCTURE_RISK,100.0,0.0,🚨 EMERGENCY: TIRE BLOWOUT IMMINENT - Reduce speed immediately!|⚠️ CRITICAL: Tire puncture risk - Pressure dropping at high speed|⚠️ EXCESSIVE_SPEED: Vehicle speed exceeds safe limits|🛞 CRITICAL_PRESSURE: Tire flat or severely under-inflated|🚨 TIRE_SPEED_MISMATCH: Tire pressure unsafe for current speed
1779686363.44,282.9,88.7,8.3,6835.0,51.0,14.19,33.3,33.2,31.9,32.1,danger,optimal,danger,danger,optimal,optimal,→ stable,→ stable,→ stable,100.0,🚨 EMERGENCY,True,CRITICAL_TIRE_FAILURE_RISK|TIRE_PUNCTURE_RISK,100.0,0.8,🚨 EMERGENCY: TIRE BLOWOUT IMMINENT - Reduce speed immediately!|⚠️ CRITICAL: Tire puncture risk - Pressure dropping at high speed|⚠️ EXCESSIVE_SPEED: Vehicle speed exceeds safe limits|🛞 CRITICAL_PRESSURE: Tire flat or severely under-inflated|🚨 TIRE_SPEED_MISMATCH: Tire pressure unsafe for current speed
1779686364.443,278.2,88.6,7.7,6769.0,49.4,14.2,33.3,33.2,32.1,31.7,danger,optimal,danger,danger,optimal,optimal,→ stable,→ stable,→ stable,100.0,🚨 EMERGENCY,True,CRITICAL_TIRE_FAILURE_RISK|TIRE_PUNCTURE_RISK,100.0,1.0,🚨 EMERGENCY: TIRE BLOWOUT IMMINENT - Reduce speed immediately!|⚠️ CRITICAL: Tire puncture risk - Pressure dropping at high speed|⚠️ EXCESSIVE_SPEED: Vehicle speed exceeds safe limits|🛞 CRITICAL_PRESSURE: Tire flat or severely under-inflated|🚨 TIRE_SPEED_MISMATCH: Tire pressure unsafe for current speed
1779686365.443,277.5,90.0,7.7,6830.0,49.2,14.19,33.3,33.1,32.3,31.8,danger,optimal,danger,danger,optimal,optimal,↓ decreasing,→ stable,→ stable,100.0,🚨 EMERGENCY,True,CRITICAL_TIRE_FAILURE_RISK|TIRE_PUNCTURE_RISK,100.0,0.0,🚨 EMERGENCY: TIRE BLOWOUT IMMINENT - Reduce speed immediately!|⚠️ CRITICAL: Tire puncture risk - Pressure dropping at high speed|⚠️ EXCESSIVE_SPEED: Vehicle speed exceeds safe limits|🛞 CRITICAL_PRESSURE: Tire flat or severely under-inflated|🚨 TIRE_SPEED_MISMATCH: Tire pressure unsafe for current speed
1779686366.443,281.5,90.2,7.9,6785.0,49.2,14.23,33.2,32.6,31.6,31.8,danger,optimal,danger,danger,optimal,optimal,↓ decreasing,→ stable,→ stable,100.0,🚨 EMERGENCY,True,CRITICAL_TIRE_FAILURE_RISK|TIRE_PUNCTURE_RISK,100.0,0.0,🚨 EMERGENCY: TIRE BLOWOUT IMMINENT - Reduce speed immediately!|⚠️ CRITICAL: Tire puncture risk - Pressure dropping at high speed|⚠️ EXCESSIVE_SPEED: Vehicle speed exceeds safe limits|🛞 CRITICAL_PRESSURE: Tire flat or severely under-inflated|🚨 TIRE_SPEED_MISMATCH: Tire pressure unsafe for current speed
1779686367.444,282.1,91.4,7.7,6770.0,49.3,14.18,33.1,32.9,32.2,32.3,danger,optimal,danger,danger,optimal,optimal,↓ decreasing,→ stable,→ stable,100.0,🚨 EMERGENCY,True,CRITICAL_TIRE_FAILURE_RISK|TIRE_PUNCTURE_RISK,100.0,0.0,🚨 EMERGENCY: TIRE BLOWOUT IMMINENT - Reduce speed immediately!|⚠️ CRITICAL: Tire puncture risk - Pressure dropping at high speed|⚠️ EXCESSIVE_SPEED: Vehicle speed exceeds safe limits|🛞 CRITICAL_PRESSURE: Tire flat or severely under-inflated|🚨 TIRE_SPEED_MISMATCH: Tire pressure unsafe for current speed
1779686368.444,277.9,88.6,8.4,6799.0,49.6,14.17,32.8,32.7,31.9,31.6,danger,optimal,danger,danger,optimal,optimal,↓ decreasing,→ stable,→ stable,100.0,🚨 EMERGENCY,True,CRITICAL_TIRE_FAILURE_RISK|TIRE_PUNCTURE_RISK,100.0,1.0,🚨 EMERGENCY: TIRE BLOWOUT IMMINENT - Reduce speed immediately!|⚠️ CRITICAL: Tire puncture risk - Pressure dropping at high speed|⚠️ EXCESSIVE_SPEED: Vehicle speed exceeds safe limits|🛞 CRITICAL_PRESSURE: Tire flat or severely under-inflated|🚨 TIRE_SPEED_MISMATCH: Tire pressure unsafe for current speed
1779686369.445,282.1,90.7,8.4,6766.0,50.3,14.24,33.3,33.3,31.9,32.0,danger,optimal,danger,danger,optimal,optimal,↓ decreasing,→ stable,→ stable,100.0,🚨 EMERGENCY,True,CRITICAL_TIRE_FAILURE_RISK|TIRE_PUNCTURE_RISK,100.0,0.0,🚨 EMERGENCY: TIRE BLOWOUT IMMINENT - Reduce speed immediately!|⚠️ CRITICAL: Tire puncture risk - Pressure dropping at high speed|⚠️ EXCESSIVE_SPEED: Vehicle speed exceeds safe limits|🛞 CRITICAL_PRESSURE: Tire flat or severely under-inflated|🚨 TIRE_SPEED_MISMATCH: Tire pressure unsafe for current speed
1779686370.446,279.7,90.2,7.7,6845.0,49.1,14.24,32.9,33.0,32.2,32.2,danger,optimal,danger,danger,optimal,optimal,→ stable,→ stable,→ stable,100.0,🚨 EMERGENCY,True,CRITICAL_TIRE_FAILURE_RISK|TIRE_PUNCTURE_RISK,100.0,0.0,🚨 EMERGENCY: TIRE BLOWOUT IMMINENT - Reduce speed immediately!|⚠️ CRITICAL: Tire puncture risk - Pressure dropping at high speed|⚠️ EXCESSIVE_SPEED: Vehicle speed exceeds safe limits|🛞 CRITICAL_PRESSURE: Tire flat or severely under-inflated|🚨 TIRE_SPEED_MISMATCH: Tire pressure unsafe for current speed
1779686371.447,281.4,91.2,7.7,6843.0,49.6,14.21,32.7,33.2,31.8,31.9,danger,optimal,danger,danger,optimal,optimal,↓ decreasing,→ stable,→ stable,100.0,🚨 EMERGENCY,True,CRITICAL_TIRE_FAILURE_RISK|TIRE_PUNCTURE_RISK,100.0,0.0,🚨 EMERGENCY: TIRE BLOWOUT IMMINENT - Reduce speed immediately!|⚠️ CRITICAL: Tire puncture risk - Pressure dropping at high speed|⚠️ EXCESSIVE_SPEED: Vehicle speed exceeds safe limits|🛞 CRITICAL_PRESSURE: Tire flat or severely under-inflated|🚨 TIRE_SPEED_MISMATCH: Tire pressure unsafe for current speed
1779686372.448,281.3,89.2,8.1,6827.0,51.0,14.17,33.1,32.8,31.6,32.4,danger,optimal,danger,danger,optimal,optimal,↓ decreasing,↓ decreasing,→ stable,100.0,🚨 EMERGENCY,True,CRITICAL_TIRE_FAILURE_RISK|TIRE_PUNCTURE_RISK,100.0,0.3,🚨 EMERGENCY: TIRE BLOWOUT IMMINENT - Reduce speed immediately!|⚠️ CRITICAL: Tire puncture risk - Pressure dropping at high speed|⚠️ EXCESSIVE_SPEED: Vehicle speed exceeds safe limits|🛞 CRITICAL_PRESSURE: Tire flat or severely under-inflated|🚨 TIRE_SPEED_MISMATCH: Tire pressure unsafe for current speed
1779686373.45,279.3,89.8,7.8,6809.0,50.5,14.23,33.0,33.3,31.8,32.1,danger,optimal,danger,danger,optimal,optimal,↓ decreasing,→ stable,→ stable,100.0,🚨 EMERGENCY,True,CRITICAL_TIRE_FAILURE_RISK|TIRE_PUNCTURE_RISK,100.0,0.0,🚨 EMERGENCY: TIRE BLOWOUT IMMINENT - Reduce speed immediately!|⚠️ CRITICAL: Tire puncture risk - Pressure dropping at high speed|⚠️ EXCESSIVE_SPEED: Vehicle speed exceeds safe limits|🛞 CRITICAL_PRESSURE: Tire flat or severely under-inflated|🚨 TIRE_SPEED_MISMATCH: Tire pressure unsafe for current speed
1779686374.45,278.7,91.4,7.9,6778.0,50.9,14.25,32.8,33.4,32.2,32.1,danger,optimal,danger,danger,optimal,optimal,↓ decreasing,→ stable,→ stable,100.0,🚨 EMERGENCY,True,CRITICAL_TIRE_FAILURE_RISK|TIRE_PUNCTURE_RISK,100.0,0.0,🚨 EMERGENCY: TIRE BLOWOUT IMMINENT - Reduce speed immediately!|⚠️ CRITICAL: Tire puncture risk - Pressure dropping at high speed|⚠️ EXCESSIVE_SPEED: Vehicle speed exceeds safe limits|🛞 CRITICAL_PRESSURE: Tire flat or severely under-inflated|🚨 TIRE_SPEED_MISMATCH: Tire pressure unsafe for current speed
1779686375.451,281.9,89.5,7.7,6845.0,50.2,14.24,32.8,32.7,32.3,31.6,danger,optimal,danger,danger,optimal,optimal,→ stable,→ stable,→ stable,100.0,🚨 EMERGENCY,True,CRITICAL_TIRE_FAILURE_RISK|TIRE_PUNCTURE_RISK,100.0,0.1,🚨 EMERGENCY: TIRE BLOWOUT IMMINENT - Reduce speed immediately!|⚠️ CRITICAL: Tire puncture risk - Pressure dropping at high speed|⚠️ EXCESSIVE_SPEED: Vehicle speed exceeds safe limits|🛞 CRITICAL_PRESSURE: Tire flat or severely under-inflated|🚨 TIRE_SPEED_MISMATCH: Tire pressure unsafe for current speed
1779686376.452,281.5,91.3,7.9,6791.0,50.7,14.2,33.0,33.1,32.4,32.2,danger,optimal,danger,danger,optimal,optimal,→ stable,→ stable,→ stable,100.0,🚨 EMERGENCY,True,CRITICAL_TIRE_FAILURE_RISK|TIRE_PUNCTURE_RISK,100.0,0.0,🚨 EMERGENCY: TIRE BLOWOUT IMMINENT - Reduce speed immediately!|⚠️ CRITICAL: Tire puncture risk - Pressure dropping at high speed|⚠️ EXCESSIVE_SPEED: Vehicle speed exceeds safe limits|🛞 CRITICAL_PRESSURE: Tire flat or severely under-inflated|🚨 TIRE_SPEED_MISMATCH: Tire pressure unsafe for current speed
1779686377.453,279.0,88.6,8.4,6777.0,51.0,14.17,33.3,33.1,31.7,32.1,danger,optimal,danger,danger,optimal,optimal,↓ decreasing,→ stable,→ stable,100.0,🚨 EMERGENCY,True,CRITICAL_TIRE_FAILURE_RISK|TIRE_PUNCTURE_RISK,100.0,1.0,🚨 EMERGENCY: TIRE BLOWOUT IMMINENT - Reduce speed immediately!|⚠️ CRITICAL: Tire puncture risk - Pressure dropping at high speed|⚠️ EXCESSIVE_SPEED: Vehicle speed exceeds safe limits|🛞 CRITICAL_PRESSURE: Tire flat or severely under-inflated|🚨 TIRE_SPEED_MISMATCH: Tire pressure unsafe for current speed
1779686378.453,282.4,88.6,7.7,6820.0,49.1,14.15,33.0,32.8,32.0,31.7,danger,optimal,danger,danger,optimal,optimal,→ stable,→ stable,→ stable,100.0,🚨 EMERGENCY,True,CRITICAL_TIRE_FAILURE_RISK|TIRE_PUNCTURE_RISK,100.0,1.0,🚨 EMERGENCY: TIRE BLOWOUT IMMINENT - Reduce speed immediately!|⚠️ CRITICAL: Tire puncture risk - Pressure dropping at high speed|⚠️ EXCESSIVE_SPEED: Vehicle speed exceeds safe limits|🛞 CRITICAL_PRESSURE: Tire flat or severely under-inflated|🚨 TIRE_SPEED_MISMATCH: Tire pressure unsafe for current speed
1779686379.454,282.5,88.6,8.3,6761.0,50.6,14.23,32.9,33.2,32.4,31.8,danger,optimal,danger,danger,optimal,optimal,→ stable,→ stable,→ stable,100.0,🚨 EMERGENCY,True,CRITICAL_TIRE_FAILURE_RISK|TIRE_PUNCTURE_RISK,100.0,1.0,🚨 EMERGENCY: TIRE BLOWOUT IMMINENT - Reduce speed immediately!|⚠️ CRITICAL: Tire puncture risk - Pressure dropping at high speed|⚠️ EXCESSIVE_SPEED: Vehicle speed exceeds safe limits|🛞 CRITICAL_PRESSURE: Tire flat or severely under-inflated|🚨 TIRE_SPEED_MISMATCH: Tire pressure unsafe for current speed
1779686380.456,280.1,89.6,8.0,6757.0,50.5,14.2,32.8,33.3,31.6,32.3,danger,optimal,danger,danger,optimal,optimal,→ stable,→ stable,→ stable,100.0,🚨 EMERGENCY,True,CRITICAL_TIRE_FAILURE_RISK|TIRE_PUNCTURE_RISK,100.0,0.1,🚨 EMERGENCY: TIRE BLOWOUT IMMINENT - Reduce speed immediately!|⚠️ CRITICAL: Tire puncture risk - Pressure dropping at high speed|⚠️ EXCESSIVE_SPEED: Vehicle speed exceeds safe limits|🛞 CRITICAL_PRESSURE: Tire flat or severely under-inflated|🚨 TIRE_SPEED_MISMATCH: Tire pressure unsafe for current speed
1779686381.457,278.5,90.6,8.0,6778.0,50.9,14.18,33.0,33.1,32.2,31.7,danger,optimal,danger,danger,optimal,optimal,→ stable,→ stable,→ stable,100.0,🚨 EMERGENCY,True,CRITICAL_TIRE_FAILURE_RISK|TIRE_PUNCTURE_RISK,100.0,0.0,🚨 EMERGENCY: TIRE BLOWOUT IMMINENT - Reduce speed immediately!|⚠️ CRITICAL: Tire puncture risk - Pressure dropping at high speed|⚠️ EXCESSIVE_SPEED: Vehicle speed exceeds safe limits|🛞 CRITICAL_PRESSURE: Tire flat or severely under-inflated|🚨 TIRE_SPEED_MISMATCH: Tire pressure unsafe for current speed
1779686382.457,279.9,89.7,8.1,6787.0,50.7,14.24,33.0,33.1,31.9,32.4,danger,optimal,danger,danger,optimal,optimal,→ stable,→ stable,→ stable,100.0,🚨 EMERGENCY,True,CRITICAL_TIRE_FAILURE_RISK|TIRE_PUNCTURE_RISK,100.0,0.0,🚨 EMERGENCY: TIRE BLOWOUT IMMINENT - Reduce speed immediately!|⚠️ CRITICAL: Tire puncture risk - Pressure dropping at high speed|⚠️ EXCESSIVE_SPEED: Vehicle speed exceeds safe limits|🛞 CRITICAL_PRESSURE: Tire flat or severely under-inflated|🚨 TIRE_SPEED_MISMATCH: Tire pressure unsafe for current speed
1779686383.458,281.2,90.5,7.8,6765.0,50.2,14.21,32.8,33.0,31.8,32.2,danger,optimal,danger,danger,optimal,optimal,→ stable,→ stable,→ stable,100.0,🚨 EMERGENCY,True,CRITICAL_TIRE_FAILURE_RISK|TIRE_PUNCTURE_RISK,100.0,0.0,🚨 EMERGENCY: TIRE BLOWOUT IMMINENT - Reduce speed immediately!|⚠️ CRITICAL: Tire puncture risk - Pressure dropping at high speed|⚠️ EXCESSIVE_SPEED: Vehicle speed exceeds safe limits|🛞 CRITICAL_PRESSURE: Tire flat or severely under-inflated|🚨 TIRE_SPEED_MISMATCH: Tire pressure unsafe for current speed
1779686384.458,281.1,88.9,7.7,6763.0,50.0,14.22,33.0,33.4,32.0,31.9,danger,optimal,danger,danger,optimal,optimal,↑ increasing,↓ decreasing,→ stable,100.0,🚨 EMERGENCY,True,CRITICAL_TIRE_FAILURE_RISK|TIRE_PUNCTURE_RISK,100.0,0.6,🚨 EMERGENCY: TIRE BLOWOUT IMMINENT - Reduce speed immediately!|⚠️ CRITICAL: Tire puncture risk - Pressure dropping at high speed|⚠️ EXCESSIVE_SPEED: Vehicle speed exceeds safe limits|🛞 CRITICAL_PRESSURE: Tire flat or severely under-inflated|🚨 TIRE_SPEED_MISMATCH: Tire pressure unsafe for current speed
1779686385.46,278.2,90.8,8.1,6840.0,49.6,14.15,32.6,32.7,31.9,32.3,danger,optimal,danger,danger,optimal,optimal,→ stable,→ stable,→ stable,100.0,🚨 EMERGENCY,True,CRITICAL_TIRE_FAILURE_RISK|TIRE_PUNCTURE_RISK,100.0,0.0,🚨 EMERGENCY: TIRE BLOWOUT IMMINENT - Reduce speed immediately!|⚠️ CRITICAL: Tire puncture risk - Pressure dropping at high speed|⚠️ EXCESSIVE_SPEED: Vehicle speed exceeds safe limits|🛞 CRITICAL_PRESSURE: Tire flat or severely under-inflated|🚨 TIRE_SPEED_MISMATCH: Tire pressure unsafe for current speed
1779686386.46,280.4,89.8,8.3,6833.0,49.3,14.22,32.9,32.8,32.3,32.2,danger,optimal,danger,danger,optimal,optimal,→ stable,↓ decreasing,→ stable,100.0,🚨 EMERGENCY,True,CRITICAL_TIRE_FAILURE_RISK|TIRE_PUNCTURE_RISK,100.0,0.0,🚨 EMERGENCY: TIRE BLOWOUT IMMINENT - Reduce speed immediately!|⚠️ CRITICAL: Tire puncture risk - Pressure dropping at high speed|⚠️ EXCESSIVE_SPEED: Vehicle speed exceeds safe limits|🛞 CRITICAL_PRESSURE: Tire flat or severely under-inflated|🚨 TIRE_SPEED_MISMATCH: Tire pressure unsafe for current speed
1779686387.461,279.8,91.3,8.3,6764.0,49.5,14.17,32.7,33.2,31.9,31.8,danger,optimal,danger,danger,optimal,optimal,→ stable,→ stable,→ stable,100.0,🚨 EMERGENCY,True,CRITICAL_TIRE_FAILURE_RISK|TIRE_PUNCTURE_RISK,100.0,0.0,🚨 EMERGENCY: TIRE BLOWOUT IMMINENT - Reduce speed immediately!|⚠️ CRITICAL: Tire puncture risk - Pressure dropping at high speed|⚠️ EXCESSIVE_SPEED: Vehicle speed exceeds safe limits|🛞 CRITICAL_PRESSURE: Tire flat or severely under-inflated|🚨 TIRE_SPEED_MISMATCH: Tire pressure unsafe for current speed
1779686388.462,277.1,89.0,8.1,6756.0,49.1,14.21,33.2,32.7,32.3,31.8,danger,optimal,danger,danger,optimal,optimal,↓ decreasing,→ stable,→ stable,100.0,🚨 EMERGENCY,True,CRITICAL_TIRE_FAILURE_RISK|TIRE_PUNCTURE_RISK,100.0,0.5,🚨 EMERGENCY: TIRE BLOWOUT IMMINENT - Reduce speed immediately!|⚠️ CRITICAL: Tire puncture risk - Pressure dropping at high speed|⚠️ EXCESSIVE_SPEED: Vehicle speed exceeds safe limits|🛞 CRITICAL_PRESSURE: Tire flat or severely under-inflated|🚨 TIRE_SPEED_MISMATCH: Tire pressure unsafe for current speed
1779686389.463,282.1,91.3,7.8,6797.0,50.6,14.25,32.9,32.7,32.0,32.0,danger,optimal,danger,danger,optimal,optimal,↓ decreasing,→ stable,→ stable,100.0,🚨 EMERGENCY,True,CRITICAL_TIRE_FAILURE_RISK|TIRE_PUNCTURE_RISK,100.0,0.0,🚨 EMERGENCY: TIRE BLOWOUT IMMINENT - Reduce speed immediately!|⚠️ CRITICAL: Tire puncture risk - Pressure dropping at high speed|⚠️ EXCESSIVE_SPEED: Vehicle speed exceeds safe limits|🛞 CRITICAL_PRESSURE: Tire flat or severely under-inflated|🚨 TIRE_SPEED_MISMATCH: Tire pressure unsafe for current speed
1779686390.464,278.0,91.4,8.2,6813.0,50.0,14.25,33.1,33.0,32.2,31.6,danger,optimal,danger,danger,optimal,optimal,↓ decreasing,↑ increasing,→ stable,100.0,🚨 EMERGENCY,True,CRITICAL_TIRE_FAILURE_RISK|TIRE_PUNCTURE_RISK,100.0,0.0,🚨 EMERGENCY: TIRE BLOWOUT IMMINENT - Reduce speed immediately!|⚠️ CRITICAL: Tire puncture risk - Pressure dropping at high speed|⚠️ EXCESSIVE_SPEED: Vehicle speed exceeds safe limits|🛞 CRITICAL_PRESSURE: Tire flat or severely under-inflated|🚨 TIRE_SPEED_MISMATCH: Tire pressure unsafe for current speed
1779686391.465,279.0,91.3,7.7,6777.0,49.9,14.23,33.3,32.7,32.3,31.7,danger,optimal,danger,danger,optimal,optimal,↓ decreasing,↑ increasing,→ stable,100.0,🚨 EMERGENCY,True,CRITICAL_TIRE_FAILURE_RISK|TIRE_PUNCTURE_RISK,100.0,0.0,🚨 EMERGENCY: TIRE BLOWOUT IMMINENT - Reduce speed immediately!|⚠️ CRITICAL: Tire puncture risk - Pressure dropping at high speed|⚠️ EXCESSIVE_SPEED: Vehicle speed exceeds safe limits|🛞 CRITICAL_PRESSURE: Tire flat or severely under-inflated|🚨 TIRE_SPEED_MISMATCH: Tire pressure unsafe for current speed
1779686392.466,277.2,90.6,8.1,6774.0,50.8,14.22,33.3,33.1,32.4,32.2,danger,optimal,danger,danger,optimal,optimal,↓ decreasing,↑ increasing,→ stable,100.0,🚨 EMERGENCY,True,CRITICAL_TIRE_FAILURE_RISK|TIRE_PUNCTURE_RISK,100.0,0.0,🚨 EMERGENCY: TIRE BLOWOUT IMMINENT - Reduce speed immediately!|⚠️ CRITICAL: Tire puncture risk - Pressure dropping at high speed|⚠️ EXCESSIVE_SPEED: Vehicle speed exceeds safe limits|🛞 CRITICAL_PRESSURE: Tire flat or severely under-inflated|🚨 TIRE_SPEED_MISMATCH: Tire pressure unsafe for current speed
1779686393.467,282.3,91.2,7.9,6752.0,50.1,14.21,33.3,33.0,32.0,32.0,danger,optimal,danger,danger,optimal,optimal,↓ decreasing,↑ increasing,→ stable,100.0,🚨 EMERGENCY,True,CRITICAL_TIRE_FAILURE_RISK|TIRE_PUNCTURE_RISK,100.0,0.0,🚨 EMERGENCY: TIRE BLOWOUT IMMINENT - Reduce speed immediately!|⚠️ CRITICAL: Tire puncture risk - Pressure dropping at high speed|⚠️ EXCESSIVE_SPEED: Vehicle speed exceeds safe limits|🛞 CRITICAL_PRESSURE: Tire flat or severely under-inflated|🚨 TIRE_SPEED_MISMATCH: Tire pressure unsafe for current speed
1779686394.469,281.1,89.0,8.1,6817.0,49.4,14.23,32.8,32.9,31.8,32.2,danger,optimal,danger,danger,optimal,optimal,↓ decreasing,↑ increasing,→ stable,100.0,🚨 EMERGENCY,True,CRITICAL_TIRE_FAILURE_RISK|TIRE_PUNCTURE_RISK,100.0,0.5,🚨 EMERGENCY: TIRE BLOWOUT IMMINENT - Reduce speed immediately!|⚠️ CRITICAL: Tire puncture risk - Pressure dropping at high speed|⚠️ EXCESSIVE_SPEED: Vehicle speed exceeds safe limits|🛞 CRITICAL_PRESSURE: Tire flat or severely under-inflated|🚨 TIRE_SPEED_MISMATCH: Tire pressure unsafe for current speed
1779686395.47,280.9,90.5,7.8,6789.0,50.4,14.18,32.7,32.9,32.3,31.9,danger,optimal,danger,danger,optimal,optimal,↓ decreasing,↑ increasing,→ stable,100.0,🚨 EMERGENCY,True,CRITICAL_TIRE_FAILURE_RISK|TIRE_PUNCTURE_RISK,100.0,0.0,🚨 EMERGENCY: TIRE BLOWOUT IMMINENT - Reduce speed immediately!|⚠️ CRITICAL: Tire puncture risk - Pressure dropping at high speed|⚠️ EXCESSIVE_SPEED: Vehicle speed exceeds safe limits|🛞 CRITICAL_PRESSURE: Tire flat or severely under-inflated|🚨 TIRE_SPEED_MISMATCH: Tire pressure unsafe for current speed
1779686396.471,279.3,89.1,7.7,6761.0,50.1,14.19,33.2,33.3,32.2,32.3,danger,optimal,danger,danger,optimal,optimal,↓ decreasing,↑ increasing,→ stable,100.0,🚨 EMERGENCY,True,CRITICAL_TIRE_FAILURE_RISK|TIRE_PUNCTURE_RISK,100.0,0.4,🚨 EMERGENCY: TIRE BLOWOUT IMMINENT - Reduce speed immediately!|⚠️ CRITICAL: Tire puncture risk - Pressure dropping at high speed|⚠️ EXCESSIVE_SPEED: Vehicle speed exceeds safe limits|🛞 CRITICAL_PRESSURE: Tire flat or severely under-inflated|🚨 TIRE_SPEED_MISMATCH: Tire pressure unsafe for current speed
1779686397.471,281.0,89.3,8.2,6773.0,49.8,14.17,33.2,32.8,32.0,31.9,danger,optimal,danger,danger,optimal,optimal,↓ decreasing,→ stable,→ stable,100.0,🚨 EMERGENCY,True,CRITICAL_TIRE_FAILURE_RISK|TIRE_PUNCTURE_RISK,100.0,0.2,🚨 EMERGENCY: TIRE BLOWOUT IMMINENT - Reduce speed immediately!|⚠️ CRITICAL: Tire puncture risk - Pressure dropping at high speed|⚠️ EXCESSIVE_SPEED: Vehicle speed exceeds safe limits|🛞 CRITICAL_PRESSURE: Tire flat or severely under-inflated|🚨 TIRE_SPEED_MISMATCH: Tire pressure unsafe for current speed
1779686398.472,279.9,89.7,7.6,6824.0,49.2,14.22,33.2,33.4,32.0,32.3,danger,optimal,danger,danger,optimal,optimal,→ stable,→ stable,→ stable,100.0,🚨 EMERGENCY,True,CRITICAL_TIRE_FAILURE_RISK|TIRE_PUNCTURE_RISK,100.0,0.0,🚨 EMERGENCY: TIRE BLOWOUT IMMINENT - Reduce speed immediately!|⚠️ CRITICAL: Tire puncture risk - Pressure dropping at high speed|⚠️ EXCESSIVE_SPEED: Vehicle speed exceeds safe limits|🛞 CRITICAL_PRESSURE: Tire flat or severely under-inflated|🚨 TIRE_SPEED_MISMATCH: Tire pressure unsafe for current speed
1779686399.472,280.9,88.7,7.9,6842.0,50.2,14.24,32.8,33.4,31.7,31.7,danger,optimal,danger,danger,optimal,optimal,→ stable,→ stable,→ stable,100.0,🚨 EMERGENCY,True,CRITICAL_TIRE_FAILURE_RISK|TIRE_PUNCTURE_RISK,100.0,0.8,🚨 EMERGENCY: TIRE BLOWOUT IMMINENT - Reduce speed immediately!|⚠️ CRITICAL: Tire puncture risk - Pressure dropping at high speed|⚠️ EXCESSIVE_SPEED: Vehicle speed exceeds safe limits|🛞 CRITICAL_PRESSURE: Tire flat or severely under-inflated|🚨 TIRE_SPEED_MISMATCH: Tire pressure unsafe for current speed
1779686400.472,277.9,90.1,8.2,6840.0,50.0,14.22,32.7,33.3,32.1,31.8,danger,optimal,danger,danger,optimal,optimal,→ stable,→ stable,→ stable,100.0,🚨 EMERGENCY,True,CRITICAL_TIRE_FAILURE_RISK|TIRE_PUNCTURE_RISK,100.0,0.0,🚨 EMERGENCY: TIRE BLOWOUT IMMINENT - Reduce speed immediately!|⚠️ CRITICAL: Tire puncture risk - Pressure dropping at high speed|⚠️ EXCESSIVE_SPEED: Vehicle speed exceeds safe limits|🛞 CRITICAL_PRESSURE: Tire flat or severely under-inflated|🚨 TIRE_SPEED_MISMATCH: Tire pressure unsafe for current speed
1779686401.472,278.6,90.1,8.0,6814.0,49.3,14.22,33.3,32.6,32.3,31.8,danger,optimal,danger,danger,optimal,optimal,→ stable,↓ decreasing,→ stable,100.0,🚨 EMERGENCY,True,CRITICAL_TIRE_FAILURE_RISK|TIRE_PUNCTURE_RISK,100.0,0.0,🚨 EMERGENCY: TIRE BLOWOUT IMMINENT - Reduce speed immediately!|⚠️ CRITICAL: Tire puncture risk - Pressure dropping at high speed|⚠️ EXCESSIVE_SPEED: Vehicle speed exceeds safe limits|🛞 CRITICAL_PRESSURE: Tire flat or severely under-inflated|🚨 TIRE_SPEED_MISMATCH: Tire pressure unsafe for current speed
1779686402.473,281.9,91.2,8.0,6797.0,50.8,14.23,32.9,33.3,32.0,31.9,danger,optimal,danger,danger,optimal,optimal,↑ increasing,↓ decreasing,→ stable,100.0,🚨 EMERGENCY,True,CRITICAL_TIRE_FAILURE_RISK|TIRE_PUNCTURE_RISK,100.0,0.0,🚨 EMERGENCY: TIRE BLOWOUT IMMINENT - Reduce speed immediately!|⚠️ CRITICAL: Tire puncture risk - Pressure dropping at high speed|⚠️ EXCESSIVE_SPEED: Vehicle speed exceeds safe limits|🛞 CRITICAL_PRESSURE: Tire flat or severely under-inflated|🚨 TIRE_SPEED_MISMATCH: Tire pressure unsafe for current speed
1779686403.474,282.4,90.7,8.0,6795.0,50.4,14.21,33.0,33.1,31.7,32.2,danger,optimal,danger,danger,optimal,optimal,↑ increasing,↓ decreasing,→ stable,100.0,🚨 EMERGENCY,True,CRITICAL_TIRE_FAILURE_RISK|TIRE_PUNCTURE_RISK,100.0,0.0,🚨 EMERGENCY: TIRE BLOWOUT IMMINENT - Reduce speed immediately!|⚠️ CRITICAL: Tire puncture risk - Pressure dropping at high speed|⚠️ EXCESSIVE_SPEED: Vehicle speed exceeds safe limits|🛞 CRITICAL_PRESSURE: Tire flat or severely under-inflated|🚨 TIRE_SPEED_MISMATCH: Tire pressure unsafe for current speed
1779686404.476,278.6,90.0,8.1,6835.0,50.0,14.24,33.0,33.1,31.7,32.1,danger,optimal,danger,danger,optimal,optimal,↑ increasing,↓ decreasing,→ stable,100.0,🚨 EMERGENCY,True,CRITICAL_TIRE_FAILURE_RISK|TIRE_PUNCTURE_RISK,100.0,0.0,🚨 EMERGENCY: TIRE BLOWOUT IMMINENT - Reduce speed immediately!|⚠️ CRITICAL: Tire puncture risk - Pressure dropping at high speed|⚠️ EXCESSIVE_SPEED: Vehicle speed exceeds safe limits|🛞 CRITICAL_PRESSURE: Tire flat or severely under-inflated|🚨 TIRE_SPEED_MISMATCH: Tire pressure unsafe for current speed
1779686405.477,282.8,88.6,8.1,6819.0,49.6,14.24,32.8,32.7,31.6,31.9,danger,optimal,danger,danger,optimal,optimal,↑ increasing,↓ decreasing,→ stable,100.0,🚨 EMERGENCY,True,CRITICAL_TIRE_FAILURE_RISK|TIRE_PUNCTURE_RISK,100.0,1.0,🚨 EMERGENCY: TIRE BLOWOUT IMMINENT - Reduce speed immediately!|⚠️ CRITICAL: Tire puncture risk - Pressure dropping at high speed|⚠️ EXCESSIVE_SPEED: Vehicle speed exceeds safe limits|🛞 CRITICAL_PRESSURE: Tire flat or severely under-inflated|🚨 TIRE_SPEED_MISMATCH: Tire pressure unsafe for current speed
1779686406.477,277.2,90.6,7.9,6765.0,50.5,14.15,32.7,33.1,32.2,31.7,danger,optimal,danger,danger,optimal,optimal,→ stable,↓ decreasing,→ stable,100.0,🚨 EMERGENCY,True,CRITICAL_TIRE_FAILURE_RISK|TIRE_PUNCTURE_RISK,100.0,0.0,🚨 EMERGENCY: TIRE BLOWOUT IMMINENT - Reduce speed immediately!|⚠️ CRITICAL: Tire puncture risk - Pressure dropping at high speed|⚠️ EXCESSIVE_SPEED: Vehicle speed exceeds safe limits|🛞 CRITICAL_PRESSURE: Tire flat or severely under-inflated|🚨 TIRE_SPEED_MISMATCH: Tire pressure unsafe for current speed
1779686407.478,277.6,90.1,7.9,6750.0,49.3,14.22,32.9,33.1,31.9,31.6,danger,optimal,danger,danger,optimal,optimal,→ stable,→ stable,→ stable,100.0,🚨 EMERGENCY,True,CRITICAL_TIRE_FAILURE_RISK|TIRE_PUNCTURE_RISK,100.0,0.0,🚨 EMERGENCY: TIRE BLOWOUT IMMINENT - Reduce speed immediately!|⚠️ CRITICAL: Tire puncture risk - Pressure dropping at high speed|⚠️ EXCESSIVE_SPEED: Vehicle speed exceeds safe limits|🛞 CRITICAL_PRESSURE: Tire flat or severely under-inflated|🚨 TIRE_SPEED_MISMATCH: Tire pressure unsafe for current speed
1779686408.479,282.8,90.6,7.9,6826.0,50.2,14.23,32.7,33.3,31.8,32.1,danger,optimal,danger,danger,optimal,optimal,→ stable,→ stable,→ stable,100.0,🚨 EMERGENCY,True,CRITICAL_TIRE_FAILURE_RISK|TIRE_PUNCTURE_RISK,100.0,0.0,🚨 EMERGENCY: TIRE BLOWOUT IMMINENT - Reduce speed immediately!|⚠️ CRITICAL: Tire puncture risk - Pressure dropping at high speed|⚠️ EXCESSIVE_SPEED: Vehicle speed exceeds safe limits|🛞 CRITICAL_PRESSURE: Tire flat or severely under-inflated|🚨 TIRE_SPEED_MISMATCH: Tire pressure unsafe for current speed
1779686409.48,281.7,89.4,8.2,6792.0,49.8,14.15,33.0,33.1,32.0,31.8,danger,optimal,danger,danger,optimal,optimal,→ stable,→ stable,→ stable,100.0,🚨 EMERGENCY,True,CRITICAL_TIRE_FAILURE_RISK|TIRE_PUNCTURE_RISK,100.0,0.2,🚨 EMERGENCY: TIRE BLOWOUT IMMINENT - Reduce speed immediately!|⚠️ CRITICAL: Tire puncture risk - Pressure dropping at high speed|⚠️ EXCESSIVE_SPEED: Vehicle speed exceeds safe limits|🛞 CRITICAL_PRESSURE: Tire flat or severely under-inflated|🚨 TIRE_SPEED_MISMATCH: Tire pressure unsafe for current speed
1779686410.481,278.0,88.6,8.3,6828.0,49.6,14.19,33.4,33.2,31.8,32.0,danger,optimal,danger,danger,optimal,optimal,→ stable,→ stable,→ stable,100.0,🚨 EMERGENCY,True,CRITICAL_TIRE_FAILURE_RISK|TIRE_PUNCTURE_RISK,100.0,1.0,🚨 EMERGENCY: TIRE BLOWOUT IMMINENT - Reduce speed immediately!|⚠️ CRITICAL: Tire puncture risk - Pressure dropping at high speed|⚠️ EXCESSIVE_SPEED: Vehicle speed exceeds safe limits|🛞 CRITICAL_PRESSURE: Tire flat or severely under-inflated|🚨 TIRE_SPEED_MISMATCH: Tire pressure unsafe for current speed
1779686411.482,281.4,89.3,8.0,6774.0,50.2,14.15,33.2,32.6,32.3,31.7,danger,optimal,danger,danger,optimal,optimal,↑ increasing,→ stable,→ stable,100.0,🚨 EMERGENCY,True,CRITICAL_TIRE_FAILURE_RISK|TIRE_PUNCTURE_RISK,100.0,0.2,🚨 EMERGENCY: TIRE BLOWOUT IMMINENT - Reduce speed immediately!|⚠️ CRITICAL: Tire puncture risk - Pressure dropping at high speed|⚠️ EXCESSIVE_SPEED: Vehicle speed exceeds safe limits|🛞 CRITICAL_PRESSURE: Tire flat or severely under-inflated|🚨 TIRE_SPEED_MISMATCH: Tire pressure unsafe for current speed
1779686412.483,282.9,89.9,7.6,6795.0,49.7,14.24,32.8,33.1,31.8,31.9,danger,optimal,danger,danger,optimal,optimal,→ stable,→ stable,→ stable,100.0,🚨 EMERGENCY,True,CRITICAL_TIRE_FAILURE_RISK|TIRE_PUNCTURE_RISK,100.0,0.0,🚨 EMERGENCY: TIRE BLOWOUT IMMINENT - Reduce speed immediately!|⚠️ CRITICAL: Tire puncture risk - Pressure dropping at high speed|⚠️ EXCESSIVE_SPEED: Vehicle speed exceeds safe limits|🛞 CRITICAL_PRESSURE: Tire flat or severely under-inflated|🚨 TIRE_SPEED_MISMATCH: Tire pressure unsafe for current speed
1779686413.484,281.0,90.0,8.1,6766.0,50.0,14.22,32.7,33.2,31.9,32.2,danger,optimal,danger,danger,optimal,optimal,→ stable,→ stable,→ stable,100.0,🚨 EMERGENCY,True,CRITICAL_TIRE_FAILURE_RISK|TIRE_PUNCTURE_RISK,100.0,0.0,🚨 EMERGENCY: TIRE BLOWOUT IMMINENT - Reduce speed immediately!|⚠️ CRITICAL: Tire puncture risk - Pressure dropping at high speed|⚠️ EXCESSIVE_SPEED: Vehicle speed exceeds safe limits|🛞 CRITICAL_PRESSURE: Tire flat or severely under-inflated|🚨 TIRE_SPEED_MISMATCH: Tire pressure unsafe for current speed
1779686414.486,280.3,90.1,8.3,6796.0,49.5,14.22,32.7,32.7,31.9,32.1,danger,optimal,danger,danger,optimal,optimal,→ stable,→ stable,→ stable,100.0,🚨 EMERGENCY,True,CRITICAL_TIRE_FAILURE_RISK|TIRE_PUNCTURE_RISK,100.0,0.0,🚨 EMERGENCY: TIRE BLOWOUT IMMINENT - Reduce speed immediately!|⚠️ CRITICAL: Tire puncture risk - Pressure dropping at high speed|⚠️ EXCESSIVE_SPEED: Vehicle speed exceeds safe limits|🛞 CRITICAL_PRESSURE: Tire flat or severely under-inflated|🚨 TIRE_SPEED_MISMATCH: Tire pressure unsafe for current speed
1779686415.487,279.4,89.4,8.1,6778.0,50.0,14.15,32.8,33.2,32.2,32.2,danger,optimal,danger,danger,optimal,optimal,→ stable,→ stable,→ stable,100.0,🚨 EMERGENCY,True,CRITICAL_TIRE_FAILURE_RISK|TIRE_PUNCTURE_RISK,100.0,0.2,🚨 EMERGENCY: TIRE BLOWOUT IMMINENT - Reduce speed immediately!|⚠️ CRITICAL: Tire puncture risk - Pressure dropping at high speed|⚠️ EXCESSIVE_SPEED: Vehicle speed exceeds safe limits|🛞 CRITICAL_PRESSURE: Tire flat or severely under-inflated|🚨 TIRE_SPEED_MISMATCH: Tire pressure unsafe for current speed
1779686416.487,280.2,91.5,8.3,6844.0,49.6,14.19,33.1,32.8,31.6,32.0,danger,optimal,danger,danger,optimal,optimal,→ stable,→ stable,→ stable,100.0,🚨 EMERGENCY,True,CRITICAL_TIRE_FAILURE_RISK|TIRE_PUNCTURE_RISK,100.0,0.0,🚨 EMERGENCY: TIRE BLOWOUT IMMINENT - Reduce speed immediately!|⚠️ CRITICAL: Tire puncture risk - Pressure dropping at high speed|⚠️ EXCESSIVE_SPEED: Vehicle speed exceeds safe limits|🛞 CRITICAL_PRESSURE: Tire flat or severely under-inflated|🚨 TIRE_SPEED_MISMATCH: Tire pressure unsafe for current speed
1779686417.488,280.4,90.3,7.8,6758.0,50.7,14.16,33.2,33.3,31.9,32.2,danger,optimal,danger,danger,optimal,optimal,↑ increasing,→ stable,→ stable,100.0,🚨 EMERGENCY,True,CRITICAL_TIRE_FAILURE_RISK|TIRE_PUNCTURE_RISK,100.0,0.0,🚨 EMERGENCY: TIRE BLOWOUT IMMINENT - Reduce speed immediately!|⚠️ CRITICAL: Tire puncture risk - Pressure dropping at high speed|⚠️ EXCESSIVE_SPEED: Vehicle speed exceeds safe limits|🛞 CRITICAL_PRESSURE: Tire flat or severely under-inflated|🚨 TIRE_SPEED_MISMATCH: Tire pressure unsafe for current speed
1779686418.489,280.2,88.9,8.0,6765.0,49.9,14.23,32.9,32.8,31.7,32.0,danger,optimal,danger,danger,optimal,optimal,→ stable,→ stable,→ stable,100.0,🚨 EMERGENCY,True,CRITICAL_TIRE_FAILURE_RISK|TIRE_PUNCTURE_RISK,100.0,0.6,🚨 EMERGENCY: TIRE BLOWOUT IMMINENT - Reduce speed immediately!|⚠️ CRITICAL: Tire puncture risk - Pressure dropping at high speed|⚠️ EXCESSIVE_SPEED: Vehicle speed exceeds safe limits|🛞 CRITICAL_PRESSURE: Tire flat or severely under-inflated|🚨 TIRE_SPEED_MISMATCH: Tire pressure unsafe for current speed
1779686419.49,280.6,91.0,8.1,6794.0,50.3,14.22,33.2,32.9,31.8,32.0,danger,optimal,danger,danger,optimal,optimal,→ stable,→ stable,→ stable,100.0,🚨 EMERGENCY,True,CRITICAL_TIRE_FAILURE_RISK|TIRE_PUNCTURE_RISK,100.0,0.0,🚨 EMERGENCY: TIRE BLOWOUT IMMINENT - Reduce speed immediately!|⚠️ CRITICAL: Tire puncture risk - Pressure dropping at high speed|⚠️ EXCESSIVE_SPEED: Vehicle speed exceeds safe limits|🛞 CRITICAL_PRESSURE: Tire flat or severely under-inflated|🚨 TIRE_SPEED_MISMATCH: Tire pressure unsafe for current speed
1779686420.492,281.4,88.6,7.8,6849.0,50.6,14.18,33.1,32.8,31.9,31.9,danger,optimal,danger,danger,optimal,optimal,↑ increasing,→ stable,→ stable,100.0,🚨 EMERGENCY,True,CRITICAL_TIRE_FAILURE_RISK|TIRE_PUNCTURE_RISK,100.0,1.0,🚨 EMERGENCY: TIRE BLOWOUT IMMINENT - Reduce speed immediately!|⚠️ CRITICAL: Tire puncture risk - Pressure dropping at high speed|⚠️ EXCESSIVE_SPEED: Vehicle speed exceeds safe limits|🛞 CRITICAL_PRESSURE: Tire flat or severely under-inflated|🚨 TIRE_SPEED_MISMATCH: Tire pressure unsafe for current speed
1779686421.492,279.8,91.4,8.2,6813.0,50.1,14.25,32.9,33.3,31.6,32.3,danger,optimal,danger,danger,optimal,optimal,→ stable,→ stable,→ stable,100.0,🚨 EMERGENCY,True,CRITICAL_TIRE_FAILURE_RISK|TIRE_PUNCTURE_RISK,100.0,0.0,🚨 EMERGENCY: TIRE BLOWOUT IMMINENT - Reduce speed immediately!|⚠️ CRITICAL: Tire puncture risk - Pressure dropping at high speed|⚠️ EXCESSIVE_SPEED: Vehicle speed exceeds safe limits|🛞 CRITICAL_PRESSURE: Tire flat or severely under-inflated|🚨 TIRE_SPEED_MISMATCH: Tire pressure unsafe for current speed
1779686422.493,282.4,90.6,8.0,6846.0,49.2,14.25,32.8,33.2,31.8,31.7,danger,optimal,danger,danger,optimal,optimal,→ stable,→ stable,→ stable,100.0,🚨 EMERGENCY,True,CRITICAL_TIRE_FAILURE_RISK|TIRE_PUNCTURE_RISK,100.0,0.0,🚨 EMERGENCY: TIRE BLOWOUT IMMINENT - Reduce speed immediately!|⚠️ CRITICAL: Tire puncture risk - Pressure dropping at high speed|⚠️ EXCESSIVE_SPEED: Vehicle speed exceeds safe limits|🛞 CRITICAL_PRESSURE: Tire flat or severely under-inflated|🚨 TIRE_SPEED_MISMATCH: Tire pressure unsafe for current speed
1779686423.495,280.1,88.9,7.6,6835.0,50.0,14.21,33.1,33.3,32.2,31.8,danger,optimal,danger,danger,optimal,optimal,→ stable,→ stable,→ stable,100.0,🚨 EMERGENCY,True,CRITICAL_TIRE_FAILURE_RISK|TIRE_PUNCTURE_RISK,100.0,0.6,🚨 EMERGENCY: TIRE BLOWOUT IMMINENT - Reduce speed immediately!|⚠️ CRITICAL: Tire puncture risk - Pressure dropping at high speed|⚠️ EXCESSIVE_SPEED: Vehicle speed exceeds safe limits|🛞 CRITICAL_PRESSURE: Tire flat or severely under-inflated|🚨 TIRE_SPEED_MISMATCH: Tire pressure unsafe for current speed
1779686424.495,280.6,90.7,8.0,6759.0,50.6,14.2,32.7,32.7,31.8,31.9,danger,optimal,danger,danger,optimal,optimal,→ stable,→ stable,→ stable,100.0,🚨 EMERGENCY,True,CRITICAL_TIRE_FAILURE_RISK|TIRE_PUNCTURE_RISK,100.0,0.0,🚨 EMERGENCY: TIRE BLOWOUT IMMINENT - Reduce speed immediately!|⚠️ CRITICAL: Tire puncture risk - Pressure dropping at high speed|⚠️ EXCESSIVE_SPEED: Vehicle speed exceeds safe limits|🛞 CRITICAL_PRESSURE: Tire flat or severely under-inflated|🚨 TIRE_SPEED_MISMATCH: Tire pressure unsafe for current speed
1779686425.495,282.4,89.3,8.1,6837.0,50.8,14.22,32.7,32.7,31.8,32.3,danger,optimal,danger,danger,optimal,optimal,↑ increasing,→ stable,→ stable,100.0,🚨 EMERGENCY,True,CRITICAL_TIRE_FAILURE_RISK|TIRE_PUNCTURE_RISK,100.0,0.2,🚨 EMERGENCY: TIRE BLOWOUT IMMINENT - Reduce speed immediately!|⚠️ CRITICAL: Tire puncture risk - Pressure dropping at high speed|⚠️ EXCESSIVE_SPEED: Vehicle speed exceeds safe limits|🛞 CRITICAL_PRESSURE: Tire flat or severely under-inflated|🚨 TIRE_SPEED_MISMATCH: Tire pressure unsafe for current speed
1779686426.495,278.0,91.2,7.7,6840.0,49.3,14.23,32.7,33.2,32.0,32.0,danger,optimal,danger,danger,optimal,optimal,→ stable,→ stable,→ stable,100.0,🚨 EMERGENCY,True,CRITICAL_TIRE_FAILURE_RISK|TIRE_PUNCTURE_RISK,100.0,0.0,🚨 EMERGENCY: TIRE BLOWOUT IMMINENT - Reduce speed immediately!|⚠️ CRITICAL: Tire puncture risk - Pressure dropping at high speed|⚠️ EXCESSIVE_SPEED: Vehicle speed exceeds safe limits|🛞 CRITICAL_PRESSURE: Tire flat or severely under-inflated|🚨 TIRE_SPEED_MISMATCH: Tire pressure unsafe for current speed
1779686427.496,278.4,89.0,8.4,6791.0,51.0,14.23,32.6,33.4,31.6,32.4,danger,optimal,danger,danger,optimal,optimal,→ stable,→ stable,→ stable,100.0,🚨 EMERGENCY,True,CRITICAL_TIRE_FAILURE_RISK|TIRE_PUNCTURE_RISK,100.0,0.5,🚨 EMERGENCY: TIRE BLOWOUT IMMINENT - Reduce speed immediately!|⚠️ CRITICAL: Tire puncture risk - Pressure dropping at high speed|⚠️ EXCESSIVE_SPEED: Vehicle speed exceeds safe limits|🛞 CRITICAL_PRESSURE: Tire flat or severely under-inflated|🚨 TIRE_SPEED_MISMATCH: Tire pressure unsafe for current speed
1779686428.497,277.1,90.8,8.0,6837.0,49.7,14.19,33.3,33.0,31.7,31.9,danger,optimal,danger,danger,optimal,optimal,→ stable,→ stable,→ stable,100.0,🚨 EMERGENCY,True,CRITICAL_TIRE_FAILURE_RISK|TIRE_PUNCTURE_RISK,100.0,0.0,🚨 EMERGENCY: TIRE BLOWOUT IMMINENT - Reduce speed immediately!|⚠️ CRITICAL: Tire puncture risk - Pressure dropping at high speed|⚠️ EXCESSIVE_SPEED: Vehicle speed exceeds safe limits|🛞 CRITICAL_PRESSURE: Tire flat or severely under-inflated|🚨 TIRE_SPEED_MISMATCH: Tire pressure unsafe for current speed
1779686429.497,278.2,91.0,8.4,6792.0,49.3,14.21,33.3,33.3,32.4,32.2,danger,optimal,danger,danger,optimal,optimal,↓ decreasing,→ stable,→ stable,100.0,🚨 EMERGENCY,True,CRITICAL_TIRE_FAILURE_RISK|TIRE_PUNCTURE_RISK,100.0,0.0,🚨 EMERGENCY: TIRE BLOWOUT IMMINENT - Reduce speed immediately!|⚠️ CRITICAL: Tire puncture risk - Pressure dropping at high speed|⚠️ EXCESSIVE_SPEED: Vehicle speed exceeds safe limits|🛞 CRITICAL_PRESSURE: Tire flat or severely under-inflated|🚨 TIRE_SPEED_MISMATCH: Tire pressure unsafe for current speed
1779686430.497,280.6,90.6,7.9,6843.0,50.8,14.24,32.8,33.3,31.9,31.8,danger,optimal,danger,danger,optimal,optimal,↓ decreasing,→ stable,→ stable,100.0,🚨 EMERGENCY,True,CRITICAL_TIRE_FAILURE_RISK|TIRE_PUNCTURE_RISK,100.0,0.0,🚨 EMERGENCY: TIRE BLOWOUT IMMINENT - Reduce speed immediately!|⚠️ CRITICAL: Tire puncture risk - Pressure dropping at high speed|⚠️ EXCESSIVE_SPEED: Vehicle speed exceeds safe limits|🛞 CRITICAL_PRESSURE: Tire flat or severely under-inflated|🚨 TIRE_SPEED_MISMATCH: Tire pressure unsafe for current speed
1779686431.497,277.8,88.7,8.2,6842.0,49.0,14.23,33.2,32.8,31.9,32.3,danger,optimal,danger,danger,optimal,optimal,↓ decreasing,→ stable,→ stable,100.0,🚨 EMERGENCY,True,CRITICAL_TIRE_FAILURE_RISK|TIRE_PUNCTURE_RISK,100.0,0.8,🚨 EMERGENCY: TIRE BLOWOUT IMMINENT - Reduce speed immediately!|⚠️ CRITICAL: Tire puncture risk - Pressure dropping at high speed|⚠️ EXCESSIVE_SPEED: Vehicle speed exceeds safe limits|🛞 CRITICAL_PRESSURE: Tire flat or severely under-inflated|🚨 TIRE_SPEED_MISMATCH: Tire pressure unsafe for current speed
1779686432.497,282.1,90.7,7.6,6752.0,49.4,14.2,32.9,33.3,31.7,31.8,danger,optimal,danger,danger,optimal,optimal,↓ decreasing,→ stable,→ stable,100.0,🚨 EMERGENCY,True,CRITICAL_TIRE_FAILURE_RISK|TIRE_PUNCTURE_RISK,100.0,0.0,🚨 EMERGENCY: TIRE BLOWOUT IMMINENT - Reduce speed immediately!|⚠️ CRITICAL: Tire puncture risk - Pressure dropping at high speed|⚠️ EXCESSIVE_SPEED: Vehicle speed exceeds safe limits|🛞 CRITICAL_PRESSURE: Tire flat or severely under-inflated|🚨 TIRE_SPEED_MISMATCH: Tire pressure unsafe for current speed
1779686433.498,282.4,89.9,7.7,6822.0,49.6,14.15,33.2,32.6,32.3,31.7,danger,optimal,danger,danger,optimal,optimal,↓ decreasing,→ stable,→ stable,100.0,🚨 EMERGENCY,True,CRITICAL_TIRE_FAILURE_RISK|TIRE_PUNCTURE_RISK,100.0,0.0,🚨 EMERGENCY: TIRE BLOWOUT IMMINENT - Reduce speed immediately!|⚠️ CRITICAL: Tire puncture risk - Pressure dropping at high speed|⚠️ EXCESSIVE_SPEED: Vehicle speed exceeds safe limits|🛞 CRITICAL_PRESSURE: Tire flat or severely under-inflated|🚨 TIRE_SPEED_MISMATCH: Tire pressure unsafe for current speed
1779686434.499,279.6,88.9,8.3,6804.0,49.6,14.24,32.8,33.0,31.7,31.9,danger,optimal,danger,danger,optimal,optimal,↓ decreasing,→ stable,→ stable,100.0,🚨 EMERGENCY,True,CRITICAL_TIRE_FAILURE_RISK|TIRE_PUNCTURE_RISK,100.0,0.6,🚨 EMERGENCY: TIRE BLOWOUT IMMINENT - Reduce speed immediately!|⚠️ CRITICAL: Tire puncture risk - Pressure dropping at high speed|⚠️ EXCESSIVE_SPEED: Vehicle speed exceeds safe limits|🛞 CRITICAL_PRESSURE: Tire flat or severely under-inflated|🚨 TIRE_SPEED_MISMATCH: Tire pressure unsafe for current speed
1779686435.501,278.4,89.1,8.2,6849.0,49.9,14.22,33.0,33.2,32.4,31.7,danger,optimal,danger,danger,optimal,optimal,↓ decreasing,→ stable,→ stable,100.0,🚨 EMERGENCY,True,CRITICAL_TIRE_FAILURE_RISK|TIRE_PUNCTURE_RISK,100.0,0.4,🚨 EMERGENCY: TIRE BLOWOUT IMMINENT - Reduce speed immediately!|⚠️ CRITICAL: Tire puncture risk - Pressure dropping at high speed|⚠️ EXCESSIVE_SPEED: Vehicle speed exceeds safe limits|🛞 CRITICAL_PRESSURE: Tire flat or severely under-inflated|🚨 TIRE_SPEED_MISMATCH: Tire pressure unsafe for current speed
1779686436.501,278.6,90.7,7.8,6765.0,50.3,14.16,33.4,33.0,32.3,32.0,danger,optimal,danger,danger,optimal,optimal,↓ decreasing,→ stable,→ stable,100.0,🚨 EMERGENCY,True,CRITICAL_TIRE_FAILURE_RISK|TIRE_PUNCTURE_RISK,100.0,0.0,🚨 EMERGENCY: TIRE BLOWOUT IMMINENT - Reduce speed immediately!|⚠️ CRITICAL: Tire puncture risk - Pressure dropping at high speed|⚠️ EXCESSIVE_SPEED: Vehicle speed exceeds safe limits|🛞 CRITICAL_PRESSURE: Tire flat or severely under-inflated|🚨 TIRE_SPEED_MISMATCH: Tire pressure unsafe for current speed
1779686437.501,278.9,90.0,8.0,6833.0,50.0,14.2,33.0,32.7,31.8,31.9,danger,optimal,danger,danger,optimal,optimal,↓ decreasing,→ stable,→ stable,100.0,🚨 EMERGENCY,True,CRITICAL_TIRE_FAILURE_RISK|TIRE_PUNCTURE_RISK,100.0,0.0,🚨 EMERGENCY: TIRE BLOWOUT IMMINENT - Reduce speed immediately!|⚠️ CRITICAL: Tire puncture risk - Pressure dropping at high speed|⚠️ EXCESSIVE_SPEED: Vehicle speed exceeds safe limits|🛞 CRITICAL_PRESSURE: Tire flat or severely under-inflated|🚨 TIRE_SPEED_MISMATCH: Tire pressure unsafe for current speed
1779686438.502,278.3,91.1,8.2,6793.0,49.4,14.21,33.0,32.9,32.0,32.0,danger,optimal,danger,danger,optimal,optimal,↓ decreasing,→ stable,→ stable,100.0,🚨 EMERGENCY,True,CRITICAL_TIRE_FAILURE_RISK|TIRE_PUNCTURE_RISK,100.0,0.0,🚨 EMERGENCY: TIRE BLOWOUT IMMINENT - Reduce speed immediately!|⚠️ CRITICAL: Tire puncture risk - Pressure dropping at high speed|⚠️ EXCESSIVE_SPEED: Vehicle speed exceeds safe limits|🛞 CRITICAL_PRESSURE: Tire flat or severely under-inflated|🚨 TIRE_SPEED_MISMATCH: Tire pressure unsafe for current speed
1779686439.503,282.5,89.2,8.3,6754.0,50.7,14.16,32.8,33.4,32.0,31.9,danger,optimal,danger,danger,optimal,optimal,→ stable,→ stable,→ stable,100.0,🚨 EMERGENCY,True,CRITICAL_TIRE_FAILURE_RISK|TIRE_PUNCTURE_RISK,100.0,0.3,🚨 EMERGENCY: TIRE BLOWOUT IMMINENT - Reduce speed immediately!|⚠️ CRITICAL: Tire puncture risk - Pressure dropping at high speed|⚠️ EXCESSIVE_SPEED: Vehicle speed exceeds safe limits|🛞 CRITICAL_PRESSURE: Tire flat or severely under-inflated|🚨 TIRE_SPEED_MISMATCH: Tire pressure unsafe for current speed
1779686440.504,281.9,89.2,8.0,6839.0,50.5,14.16,32.8,33.0,31.7,31.8,danger,optimal,danger,danger,optimal,optimal,→ stable,↓ decreasing,→ stable,100.0,🚨 EMERGENCY,True,CRITICAL_TIRE_FAILURE_RISK|TIRE_PUNCTURE_RISK,100.0,0.3,🚨 EMERGENCY: TIRE BLOWOUT IMMINENT - Reduce speed immediately!|⚠️ CRITICAL: Tire puncture risk - Pressure dropping at high speed|⚠️ EXCESSIVE_SPEED: Vehicle speed exceeds safe limits|🛞 CRITICAL_PRESSURE: Tire flat or severely under-inflated|🚨 TIRE_SPEED_MISMATCH: Tire pressure unsafe for current speed
1779686441.506,277.5,90.5,8.3,6820.0,51.0,14.22,32.8,32.9,32.1,32.0,danger,optimal,danger,danger,optimal,optimal,→ stable,→ stable,→ stable,100.0,🚨 EMERGENCY,True,CRITICAL_TIRE_FAILURE_RISK|TIRE_PUNCTURE_RISK,100.0,0.0,🚨 EMERGENCY: TIRE BLOWOUT IMMINENT - Reduce speed immediately!|⚠️ CRITICAL: Tire puncture risk - Pressure dropping at high speed|⚠️ EXCESSIVE_SPEED: Vehicle speed exceeds safe limits|🛞 CRITICAL_PRESSURE: Tire flat or severely under-inflated|🚨 TIRE_SPEED_MISMATCH: Tire pressure unsafe for current speed
1779686442.506,278.5,88.9,8.2,6811.0,49.0,14.18,33.3,33.0,31.7,32.2,danger,optimal,danger,danger,optimal,optimal,→ stable,→ stable,→ stable,100.0,🚨 EMERGENCY,True,CRITICAL_TIRE_FAILURE_RISK|TIRE_PUNCTURE_RISK,100.0,0.6,🚨 EMERGENCY: TIRE BLOWOUT IMMINENT - Reduce speed immediately!|⚠️ CRITICAL: Tire puncture risk - Pressure dropping at high speed|⚠️ EXCESSIVE_SPEED: Vehicle speed exceeds safe limits|🛞 CRITICAL_PRESSURE: Tire flat or severely under-inflated|🚨 TIRE_SPEED_MISMATCH: Tire pressure unsafe for current speed
1779686443.506,282.3,90.2,8.0,6826.0,49.5,14.16,32.8,33.2,32.2,32.3,danger,optimal,danger,danger,optimal,optimal,→ stable,→ stable,→ stable,100.0,🚨 EMERGENCY,True,CRITICAL_TIRE_FAILURE_RISK|TIRE_PUNCTURE_RISK,100.0,0.0,🚨 EMERGENCY: TIRE BLOWOUT IMMINENT - Reduce speed immediately!|⚠️ CRITICAL: Tire puncture risk - Pressure dropping at high speed|⚠️ EXCESSIVE_SPEED: Vehicle speed exceeds safe limits|🛞 CRITICAL_PRESSURE: Tire flat or severely under-inflated|🚨 TIRE_SPEED_MISMATCH: Tire pressure unsafe for current speed
1779686444.507,277.5,89.4,8.3,6799.0,49.0,14.19,33.1,33.0,31.6,32.1,danger,optimal,danger,danger,optimal,optimal,→ stable,→ stable,→ stable,100.0,🚨 EMERGENCY,True,CRITICAL_TIRE_FAILURE_RISK|TIRE_PUNCTURE_RISK,100.0,0.2,🚨 EMERGENCY: TIRE BLOWOUT IMMINENT - Reduce speed immediately!|⚠️ CRITICAL: Tire puncture risk - Pressure dropping at high speed|⚠️ EXCESSIVE_SPEED: Vehicle speed exceeds safe limits|🛞 CRITICAL_PRESSURE: Tire flat or severely under-inflated|🚨 TIRE_SPEED_MISMATCH: Tire pressure unsafe for current speed
1779686445.509,280.8,90.7,7.7,6796.0,49.5,14.19,32.9,32.8,32.1,31.8,danger,optimal,danger,danger,optimal,optimal,→ stable,→ stable,→ stable,100.0,🚨 EMERGENCY,True,CRITICAL_TIRE_FAILURE_RISK|TIRE_PUNCTURE_RISK,100.0,0.0,🚨 EMERGENCY: TIRE BLOWOUT IMMINENT - Reduce speed immediately!|⚠️ CRITICAL: Tire puncture risk - Pressure dropping at high speed|⚠️ EXCESSIVE_SPEED: Vehicle speed exceeds safe limits|🛞 CRITICAL_PRESSURE: Tire flat or severely under-inflated|🚨 TIRE_SPEED_MISMATCH: Tire pressure unsafe for current speed
1779686446.509,281.7,91.3,7.8,6833.0,49.9,14.18,33.1,33.3,32.1,32.1,danger,optimal,danger,danger,optimal,optimal,↑ increasing,→ stable,→ stable,100.0,🚨 EMERGENCY,True,CRITICAL_TIRE_FAILURE_RISK|TIRE_PUNCTURE_RISK,100.0,0.0,🚨 EMERGENCY: TIRE BLOWOUT IMMINENT - Reduce speed immediately!|⚠️ CRITICAL: Tire puncture risk - Pressure dropping at high speed|⚠️ EXCESSIVE_SPEED: Vehicle speed exceeds safe limits|🛞 CRITICAL_PRESSURE: Tire flat or severely under-inflated|🚨 TIRE_SPEED_MISMATCH: Tire pressure unsafe for current speed
1779686447.509,279.2,89.1,7.9,6817.0,50.8,14.15,33.3,32.9,31.7,32.3,danger,optimal,danger,danger,optimal,optimal,↑ increasing,→ stable,→ stable,100.0,🚨 EMERGENCY,True,CRITICAL_TIRE_FAILURE_RISK|TIRE_PUNCTURE_RISK,100.0,0.4,🚨 EMERGENCY: TIRE BLOWOUT IMMINENT - Reduce speed immediately!|⚠️ CRITICAL: Tire puncture risk - Pressure dropping at high speed|⚠️ EXCESSIVE_SPEED: Vehicle speed exceeds safe limits|🛞 CRITICAL_PRESSURE: Tire flat or severely under-inflated|🚨 TIRE_SPEED_MISMATCH: Tire pressure unsafe for current speed
1779686448.51,282.9,91.0,8.1,6750.0,50.9,14.23,33.4,32.8,31.9,32.3,danger,optimal,danger,danger,optimal,optimal,↑ increasing,→ stable,→ stable,100.0,🚨 EMERGENCY,True,CRITICAL_TIRE_FAILURE_RISK|TIRE_PUNCTURE_RISK,100.0,0.0,🚨 EMERGENCY: TIRE BLOWOUT IMMINENT - Reduce speed immediately!|⚠️ CRITICAL: Tire puncture risk - Pressure dropping at high speed|⚠️ EXCESSIVE_SPEED: Vehicle speed exceeds safe limits|🛞 CRITICAL_PRESSURE: Tire flat or severely under-inflated|🚨 TIRE_SPEED_MISMATCH: Tire pressure unsafe for current speed
1779686449.511,280.3,89.0,7.9,6803.0,50.5,14.16,32.7,33.1,31.8,31.9,danger,optimal,danger,danger,optimal,optimal,→ stable,→ stable,→ stable,100.0,🚨 EMERGENCY,True,CRITICAL_TIRE_FAILURE_RISK|TIRE_PUNCTURE_RISK,100.0,0.5,🚨 EMERGENCY: TIRE BLOWOUT IMMINENT - Reduce speed immediately!|⚠️ CRITICAL: Tire puncture risk - Pressure dropping at high speed|⚠️ EXCESSIVE_SPEED: Vehicle speed exceeds safe limits|🛞 CRITICAL_PRESSURE: Tire flat or severely under-inflated|🚨 TIRE_SPEED_MISMATCH: Tire pressure unsafe for current speed
1779686450.512,279.4,88.8,8.1,6825.0,49.4,14.16,33.3,33.2,31.9,32.0,danger,optimal,danger,danger,optimal,optimal,→ stable,→ stable,→ stable,100.0,🚨 EMERGENCY,True,CRITICAL_TIRE_FAILURE_RISK|TIRE_PUNCTURE_RISK,100.0,0.7,🚨 EMERGENCY: TIRE BLOWOUT IMMINENT - Reduce speed immediately!|⚠️ CRITICAL: Tire puncture risk - Pressure dropping at high speed|⚠️ EXCESSIVE_SPEED: Vehicle speed exceeds safe limits|🛞 CRITICAL_PRESSURE: Tire flat or severely under-inflated|🚨 TIRE_SPEED_MISMATCH: Tire pressure unsafe for current speed
1779686451.513,278.7,89.4,8.4,6833.0,50.7,14.22,33.0,32.7,31.7,32.1,danger,optimal,danger,danger,optimal,optimal,→ stable,→ stable,→ stable,100.0,🚨 EMERGENCY,True,CRITICAL_TIRE_FAILURE_RISK|TIRE_PUNCTURE_RISK,100.0,0.2,🚨 EMERGENCY: TIRE BLOWOUT IMMINENT - Reduce speed immediately!|⚠️ CRITICAL: Tire puncture risk - Pressure dropping at high speed|⚠️ EXCESSIVE_SPEED: Vehicle speed exceeds safe limits|🛞 CRITICAL_PRESSURE: Tire flat or severely under-inflated|🚨 TIRE_SPEED_MISMATCH: Tire pressure unsafe for current speed
1779686452.515,279.5,91.3,7.7,6816.0,50.7,14.18,32.8,33.0,32.0,32.4,danger,optimal,danger,danger,optimal,optimal,↑ increasing,→ stable,→ stable,100.0,🚨 EMERGENCY,True,CRITICAL_TIRE_FAILURE_RISK|TIRE_PUNCTURE_RISK,100.0,0.0,🚨 EMERGENCY: TIRE BLOWOUT IMMINENT - Reduce speed immediately!|⚠️ CRITICAL: Tire puncture risk - Pressure dropping at high speed|⚠️ EXCESSIVE_SPEED: Vehicle speed exceeds safe limits|🛞 CRITICAL_PRESSURE: Tire flat or severely under-inflated|🚨 TIRE_SPEED_MISMATCH: Tire pressure unsafe for current speed
1779686453.516,278.2,91.3,7.8,6777.0,49.8,14.24,33.0,33.0,32.3,31.6,danger,optimal,danger,danger,optimal,optimal,→ stable,→ stable,→ stable,100.0,🚨 EMERGENCY,True,CRITICAL_TIRE_FAILURE_RISK|TIRE_PUNCTURE_RISK,100.0,0.0,🚨 EMERGENCY: TIRE BLOWOUT IMMINENT - Reduce speed immediately!|⚠️ CRITICAL: Tire puncture risk - Pressure dropping at high speed|⚠️ EXCESSIVE_SPEED: Vehicle speed exceeds safe limits|🛞 CRITICAL_PRESSURE: Tire flat or severely under-inflated|🚨 TIRE_SPEED_MISMATCH: Tire pressure unsafe for current speed
1779686454.516,278.8,90.5,8.0,6781.0,49.8,14.17,33.0,32.9,31.6,31.8,danger,optimal,danger,danger,optimal,optimal,↑ increasing,→ stable,→ stable,100.0,🚨 EMERGENCY,True,CRITICAL_TIRE_FAILURE_RISK|TIRE_PUNCTURE_RISK,100.0,0.0,🚨 EMERGENCY: TIRE BLOWOUT IMMINENT - Reduce speed immediately!|⚠️ CRITICAL: Tire puncture risk - Pressure dropping at high speed|⚠️ EXCESSIVE_SPEED: Vehicle speed exceeds safe limits|🛞 CRITICAL_PRESSURE: Tire flat or severely under-inflated|🚨 TIRE_SPEED_MISMATCH: Tire pressure unsafe for current speed
1779686455.517,278.5,89.7,7.9,6787.0,50.4,14.21,33.3,33.0,31.6,31.9,danger,optimal,danger,danger,optimal,optimal,→ stable,→ stable,→ stable,100.0,🚨 EMERGENCY,True,CRITICAL_TIRE_FAILURE_RISK|TIRE_PUNCTURE_RISK,100.0,0.0,🚨 EMERGENCY: TIRE BLOWOUT IMMINENT - Reduce speed immediately!|⚠️ CRITICAL: Tire puncture risk - Pressure dropping at high speed|⚠️ EXCESSIVE_SPEED: Vehicle speed exceeds safe limits|🛞 CRITICAL_PRESSURE: Tire flat or severely under-inflated|🚨 TIRE_SPEED_MISMATCH: Tire pressure unsafe for current speed
1779686456.519,277.4,88.6,7.9,6816.0,50.3,14.24,33.1,33.1,31.7,32.3,danger,optimal,danger,danger,optimal,optimal,↓ decreasing,→ stable,→ stable,100.0,🚨 EMERGENCY,True,CRITICAL_TIRE_FAILURE_RISK|TIRE_PUNCTURE_RISK,100.0,1.0,🚨 EMERGENCY: TIRE BLOWOUT IMMINENT - Reduce speed immediately!|⚠️ CRITICAL: Tire puncture risk - Pressure dropping at high speed|⚠️ EXCESSIVE_SPEED: Vehicle speed exceeds safe limits|🛞 CRITICAL_PRESSURE: Tire flat or severely under-inflated|🚨 TIRE_SPEED_MISMATCH: Tire pressure unsafe for current speed
1779686457.519,278.9,91.3,7.9,6778.0,49.1,14.23,32.9,33.4,32.2,31.8,danger,optimal,danger,danger,optimal,optimal,↓ decreasing,→ stable,→ stable,100.0,🚨 EMERGENCY,True,CRITICAL_TIRE_FAILURE_RISK|TIRE_PUNCTURE_RISK,100.0,0.0,🚨 EMERGENCY: TIRE BLOWOUT IMMINENT - Reduce speed immediately!|⚠️ CRITICAL: Tire puncture risk - Pressure dropping at high speed|⚠️ EXCESSIVE_SPEED: Vehicle speed exceeds safe limits|🛞 CRITICAL_PRESSURE: Tire flat or severely under-inflated|🚨 TIRE_SPEED_MISMATCH: Tire pressure unsafe for current speed
1779686458.52,280.6,91.4,7.7,6806.0,50.2,14.24,33.0,32.9,32.1,32.2,danger,optimal,danger,danger,optimal,optimal,↓ decreasing,→ stable,→ stable,100.0,🚨 EMERGENCY,True,CRITICAL_TIRE_FAILURE_RISK|TIRE_PUNCTURE_RISK,100.0,0.0,🚨 EMERGENCY: TIRE BLOWOUT IMMINENT - Reduce speed immediately!|⚠️ CRITICAL: Tire puncture risk - Pressure dropping at high speed|⚠️ EXCESSIVE_SPEED: Vehicle speed exceeds safe limits|🛞 CRITICAL_PRESSURE: Tire flat or severely under-inflated|🚨 TIRE_SPEED_MISMATCH: Tire pressure unsafe for current speed
1779686459.52,279.9,90.3,8.2,6793.0,49.0,14.19,33.3,33.1,31.8,32.3,danger,optimal,danger,danger,optimal,optimal,↓ decreasing,→ stable,→ stable,100.0,🚨 EMERGENCY,True,CRITICAL_TIRE_FAILURE_RISK|TIRE_PUNCTURE_RISK,100.0,0.0,🚨 EMERGENCY: TIRE BLOWOUT IMMINENT - Reduce speed immediately!|⚠️ CRITICAL: Tire puncture risk - Pressure dropping at high speed|⚠️ EXCESSIVE_SPEED: Vehicle speed exceeds safe limits|🛞 CRITICAL_PRESSURE: Tire flat or severely under-inflated|🚨 TIRE_SPEED_MISMATCH: Tire pressure unsafe for current speed
1779686460.521,280.1,89.4,7.6,6821.0,50.3,14.19,33.1,32.7,32.0,32.0,danger,optimal,danger,danger,optimal,optimal,↓ decreasing,→ stable,→ stable,100.0,🚨 EMERGENCY,True,CRITICAL_TIRE_FAILURE_RISK|TIRE_PUNCTURE_RISK,100.0,0.2,🚨 EMERGENCY: TIRE BLOWOUT IMMINENT - Reduce speed immediately!|⚠️ CRITICAL: Tire puncture risk - Pressure dropping at high speed|⚠️ EXCESSIVE_SPEED: Vehicle speed exceeds safe limits|🛞 CRITICAL_PRESSURE: Tire flat or severely under-inflated|🚨 TIRE_SPEED_MISMATCH: Tire pressure unsafe for current speed
1779686461.522,278.7,91.4,8.1,6828.0,49.7,14.17,33.2,33.1,32.2,31.6,danger,optimal,danger,danger,optimal,optimal,↓ decreasing,↑ increasing,→ stable,100.0,🚨 EMERGENCY,True,CRITICAL_TIRE_FAILURE_RISK|TIRE_PUNCTURE_RISK,100.0,0.0,🚨 EMERGENCY: TIRE BLOWOUT IMMINENT - Reduce speed immediately!|⚠️ CRITICAL: Tire puncture risk - Pressure dropping at high speed|⚠️ EXCESSIVE_SPEED: Vehicle speed exceeds safe limits|🛞 CRITICAL_PRESSURE: Tire flat or severely under-inflated|🚨 TIRE_SPEED_MISMATCH: Tire pressure unsafe for current speed
1779686462.523,277.6,90.9,8.0,6795.0,50.4,14.25,32.9,32.7,32.3,31.8,danger,optimal,danger,danger,optimal,optimal,↓ decreasing,→ stable,→ stable,100.0,🚨 EMERGENCY,True,CRITICAL_TIRE_FAILURE_RISK|TIRE_PUNCTURE_RISK,100.0,0.0,🚨 EMERGENCY: TIRE BLOWOUT IMMINENT - Reduce speed immediately!|⚠️ CRITICAL: Tire puncture risk - Pressure dropping at high speed|⚠️ EXCESSIVE_SPEED: Vehicle speed exceeds safe limits|🛞 CRITICAL_PRESSURE: Tire flat or severely under-inflated|🚨 TIRE_SPEED_MISMATCH: Tire pressure unsafe for current speed
1779686463.524,278.3,90.8,8.2,6754.0,50.2,14.24,33.1,32.9,32.4,31.7,danger,optimal,danger,danger,optimal,optimal,↓ decreasing,→ stable,→ stable,100.0,🚨 EMERGENCY,True,CRITICAL_TIRE_FAILURE_RISK|TIRE_PUNCTURE_RISK,100.0,0.0,🚨 EMERGENCY: TIRE BLOWOUT IMMINENT - Reduce speed immediately!|⚠️ CRITICAL: Tire puncture risk - Pressure dropping at high speed|⚠️ EXCESSIVE_SPEED: Vehicle speed exceeds safe limits|🛞 CRITICAL_PRESSURE: Tire flat or severely under-inflated|🚨 TIRE_SPEED_MISMATCH: Tire pressure unsafe for current speed
1779686464.525,282.8,89.1,7.8,6819.0,50.5,14.23,32.7,33.0,32.4,31.8,danger,optimal,danger,danger,optimal,optimal,↓ decreasing,→ stable,→ stable,100.0,🚨 EMERGENCY,True,CRITICAL_TIRE_FAILURE_RISK|TIRE_PUNCTURE_RISK,100.0,0.4,🚨 EMERGENCY: TIRE BLOWOUT IMMINENT - Reduce speed immediately!|⚠️ CRITICAL: Tire puncture risk - Pressure dropping at high speed|⚠️ EXCESSIVE_SPEED: Vehicle speed exceeds safe limits|🛞 CRITICAL_PRESSURE: Tire flat or severely under-inflated|🚨 TIRE_SPEED_MISMATCH: Tire pressure unsafe for current speed
1779686465.525,277.4,89.2,7.8,6840.0,50.1,14.19,32.8,32.8,31.7,31.8,danger,optimal,danger,danger,optimal,optimal,↓ decreasing,→ stable,→ stable,100.0,🚨 EMERGENCY,True,CRITICAL_TIRE_FAILURE_RISK|TIRE_PUNCTURE_RISK,100.0,0.3,🚨 EMERGENCY: TIRE BLOWOUT IMMINENT - Reduce speed immediately!|⚠️ CRITICAL: Tire puncture risk - Pressure dropping at high speed|⚠️ EXCESSIVE_SPEED: Vehicle speed exceeds safe limits|🛞 CRITICAL_PRESSURE: Tire flat or severely under-inflated|🚨 TIRE_SPEED_MISMATCH: Tire pressure unsafe for current speed
1779686466.526,279.4,90.3,8.0,6809.0,50.3,14.18,33.3,33.0,32.0,32.2,danger,optimal,danger,danger,optimal,optimal,→ stable,↑ increasing,→ stable,100.0,🚨 EMERGENCY,True,CRITICAL_TIRE_FAILURE_RISK|TIRE_PUNCTURE_RISK,100.0,0.0,🚨 EMERGENCY: TIRE BLOWOUT IMMINENT - Reduce speed immediately!|⚠️ CRITICAL: Tire puncture risk - Pressure dropping at high speed|⚠️ EXCESSIVE_SPEED: Vehicle speed exceeds safe limits|🛞 CRITICAL_PRESSURE: Tire flat or severely under-inflated|🚨 TIRE_SPEED_MISMATCH: Tire pressure unsafe for current speed
1779686467.527,279.7,90.1,8.2,6846.0,50.0,14.22,32.8,32.6,32.3,32.2,danger,optimal,danger,danger,optimal,optimal,→ stable,→ stable,→ stable,100.0,🚨 EMERGENCY,True,CRITICAL_TIRE_FAILURE_RISK|TIRE_PUNCTURE_RISK,100.0,0.0,🚨 EMERGENCY: TIRE BLOWOUT IMMINENT - Reduce speed immediately!|⚠️ CRITICAL: Tire puncture risk - Pressure dropping at high speed|⚠️ EXCESSIVE_SPEED: Vehicle speed exceeds safe limits|🛞 CRITICAL_PRESSURE: Tire flat or severely under-inflated|🚨 TIRE_SPEED_MISMATCH: Tire pressure unsafe for current speed
1779686468.527,280.3,91.5,7.8,6838.0,50.8,14.19,33.4,33.1,32.0,32.1,danger,optimal,danger,danger,optimal,optimal,→ stable,→ stable,→ stable,100.0,🚨 EMERGENCY,True,CRITICAL_TIRE_FAILURE_RISK|TIRE_PUNCTURE_RISK,100.0,0.0,🚨 EMERGENCY: TIRE BLOWOUT IMMINENT - Reduce speed immediately!|⚠️ CRITICAL: Tire puncture risk - Pressure dropping at high speed|⚠️ EXCESSIVE_SPEED: Vehicle speed exceeds safe limits|🛞 CRITICAL_PRESSURE: Tire flat or severely under-inflated|🚨 TIRE_SPEED_MISMATCH: Tire pressure unsafe for current speed
1779686469.529,281.0,89.5,7.9,6761.0,50.3,14.23,32.6,33.2,32.1,32.3,danger,optimal,danger,danger,optimal,optimal,↑ increasing,→ stable,→ stable,100.0,🚨 EMERGENCY,True,CRITICAL_TIRE_FAILURE_RISK|TIRE_PUNCTURE_RISK,100.0,0.1,🚨 EMERGENCY: TIRE BLOWOUT IMMINENT - Reduce speed immediately!|⚠️ CRITICAL: Tire puncture risk - Pressure dropping at high speed|⚠️ EXCESSIVE_SPEED: Vehicle speed exceeds safe limits|🛞 CRITICAL_PRESSURE: Tire flat or severely under-inflated|🚨 TIRE_SPEED_MISMATCH: Tire pressure unsafe for current speed
1779686470.529,282.1,91.0,8.3,6791.0,50.4,14.24,33.3,33.1,31.8,32.2,danger,optimal,danger,danger,optimal,optimal,↑ increasing,→ stable,→ stable,100.0,🚨 EMERGENCY,True,CRITICAL_TIRE_FAILURE_RISK|TIRE_PUNCTURE_RISK,100.0,0.0,🚨 EMERGENCY: TIRE BLOWOUT IMMINENT - Reduce speed immediately!|⚠️ CRITICAL: Tire puncture risk - Pressure dropping at high speed|⚠️ EXCESSIVE_SPEED: Vehicle speed exceeds safe limits|🛞 CRITICAL_PRESSURE: Tire flat or severely under-inflated|🚨 TIRE_SPEED_MISMATCH: Tire pressure unsafe for current speed
1779686471.53,279.0,89.4,7.7,6816.0,50.8,14.24,33.0,33.4,32.1,31.7,danger,optimal,danger,danger,optimal,optimal,↑ increasing,→ stable,→ stable,100.0,🚨 EMERGENCY,True,CRITICAL_TIRE_FAILURE_RISK|TIRE_PUNCTURE_RISK,100.0,0.2,🚨 EMERGENCY: TIRE BLOWOUT IMMINENT - Reduce speed immediately!|⚠️ CRITICAL: Tire puncture risk - Pressure dropping at high speed|⚠️ EXCESSIVE_SPEED: Vehicle speed exceeds safe limits|🛞 CRITICAL_PRESSURE: Tire flat or severely under-inflated|🚨 TIRE_SPEED_MISMATCH: Tire pressure unsafe for current speed
1779686472.531,279.2,91.2,7.9,6839.0,50.3,14.2,32.8,33.0,32.2,32.2,danger,optimal,danger,danger,optimal,optimal,↑ increasing,→ stable,→ stable,100.0,🚨 EMERGENCY,True,CRITICAL_TIRE_FAILURE_RISK|TIRE_PUNCTURE_RISK,100.0,0.0,🚨 EMERGENCY: TIRE BLOWOUT IMMINENT - Reduce speed immediately!|⚠️ CRITICAL: Tire puncture risk - Pressure dropping at high speed|⚠️ EXCESSIVE_SPEED: Vehicle speed exceeds safe limits|🛞 CRITICAL_PRESSURE: Tire flat or severely under-inflated|🚨 TIRE_SPEED_MISMATCH: Tire pressure unsafe for current speed
1779686473.533,280.1,90.4,7.8,3035.0,54.1,14.47,32.9,33.0,31.6,31.9,danger,optimal,danger,warning,optimal,optimal,↑ increasing,→ stable,→ stable,100.0,🚨 EMERGENCY,True,CRITICAL_TIRE_FAILURE_RISK|TIRE_PUNCTURE_RISK,100.0,0.0,🚨 EMERGENCY: TIRE BLOWOUT IMMINENT - Reduce speed immediately!|⚠️ CRITICAL: Tire puncture risk - Pressure dropping at high speed|⚠️ EXCESSIVE_SPEED: Vehicle speed exceeds safe limits|🛞 CRITICAL_PRESSURE: Tire flat or severely under-inflated|🚨 TIRE_SPEED_MISMATCH: Tire pressure unsafe for current speed
1779686474.533,280.4,89.1,7.6,3010.0,54.2,14.45,33.1,32.9,31.8,31.7,danger,optimal,danger,warning,optimal,optimal,↑ increasing,→ stable,→ stable,100.0,🚨 EMERGENCY,True,CRITICAL_TIRE_FAILURE_RISK|TIRE_PUNCTURE_RISK,100.0,0.4,🚨 EMERGENCY: TIRE BLOWOUT IMMINENT - Reduce speed immediately!|⚠️ CRITICAL: Tire puncture risk - Pressure dropping at high speed|⚠️ EXCESSIVE_SPEED: Vehicle speed exceeds safe limits|🛞 CRITICAL_PRESSURE: Tire flat or severely under-inflated|🚨 TIRE_SPEED_MISMATCH: Tire pressure unsafe for current speed
1779686475.534,280.1,88.7,8.3,2991.0,54.2,14.49,33.0,32.9,31.6,31.7,danger,optimal,danger,optimal,optimal,optimal,↑ increasing,→ stable,→ stable,100.0,🚨 EMERGENCY,True,CRITICAL_TIRE_FAILURE_RISK|TIRE_PUNCTURE_RISK,100.0,0.8,🚨 EMERGENCY: TIRE BLOWOUT IMMINENT - Reduce speed immediately!|⚠️ CRITICAL: Tire puncture risk - Pressure dropping at high speed|⚠️ EXCESSIVE_SPEED: Vehicle speed exceeds safe limits|🛞 CRITICAL_PRESSURE: Tire flat or severely under-inflated|🚨 TIRE_SPEED_MISMATCH: Tire pressure unsafe for current speed
1779686476.535,281.2,91.0,7.9,3034.0,55.2,14.47,32.7,32.9,32.1,31.9,danger,optimal,danger,warning,optimal,optimal,↑ increasing,→ stable,→ stable,100.0,🚨 EMERGENCY,True,CRITICAL_TIRE_FAILURE_RISK|TIRE_PUNCTURE_RISK,100.0,0.0,🚨 EMERGENCY: TIRE BLOWOUT IMMINENT - Reduce speed immediately!|⚠️ CRITICAL: Tire puncture risk - Pressure dropping at high speed|⚠️ EXCESSIVE_SPEED: Vehicle speed exceeds safe limits|🛞 CRITICAL_PRESSURE: Tire flat or severely under-inflated|🚨 TIRE_SPEED_MISMATCH: Tire pressure unsafe for current speed
1779686477.536,277.3,91.4,7.9,2972.0,54.6,14.45,33.2,33.4,32.2,32.4,danger,optimal,danger,optimal,optimal,optimal,↑ increasing,→ stable,→ stable,100.0,🚨 EMERGENCY,True,CRITICAL_TIRE_FAILURE_RISK|TIRE_PUNCTURE_RISK,100.0,0.0,🚨 EMERGENCY: TIRE BLOWOUT IMMINENT - Reduce speed immediately!|⚠️ CRITICAL: Tire puncture risk - Pressure dropping at high speed|⚠️ EXCESSIVE_SPEED: Vehicle speed exceeds safe limits|🛞 CRITICAL_PRESSURE: Tire flat or severely under-inflated|🚨 TIRE_SPEED_MISMATCH: Tire pressure unsafe for current speed
1779686478.537,277.6,89.9,8.1,2952.0,55.2,14.55,33.0,33.0,32.3,31.6,danger,optimal,danger,optimal,optimal,optimal,→ stable,→ stable,→ stable,100.0,🚨 EMERGENCY,True,CRITICAL_TIRE_FAILURE_RISK|TIRE_PUNCTURE_RISK,100.0,0.0,🚨 EMERGENCY: TIRE BLOWOUT IMMINENT - Reduce speed immediately!|⚠️ CRITICAL: Tire puncture risk - Pressure dropping at high speed|⚠️ EXCESSIVE_SPEED: Vehicle speed exceeds safe limits|🛞 CRITICAL_PRESSURE: Tire flat or severely under-inflated|🚨 TIRE_SPEED_MISMATCH: Tire pressure unsafe for current speed
1779686479.538,278.1,89.0,7.9,2963.0,54.5,14.47,33.4,32.9,31.8,32.0,danger,optimal,danger,optimal,optimal,optimal,→ stable,→ stable,→ stable,100.0,🚨 EMERGENCY,True,CRITICAL_TIRE_FAILURE_RISK|TIRE_PUNCTURE_RISK,100.0,0.5,🚨 EMERGENCY: TIRE BLOWOUT IMMINENT - Reduce speed immediately!|⚠️ CRITICAL: Tire puncture risk - Pressure dropping at high speed|⚠️ EXCESSIVE_SPEED: Vehicle speed exceeds safe limits|🛞 CRITICAL_PRESSURE: Tire flat or severely under-inflated|🚨 TIRE_SPEED_MISMATCH: Tire pressure unsafe for current speed
1779686480.539,280.2,89.6,7.7,2989.0,55.8,14.45,32.7,33.0,31.8,31.6,danger,optimal,danger,optimal,optimal,optimal,→ stable,→ stable,→ stable,100.0,🚨 EMERGENCY,True,CRITICAL_TIRE_FAILURE_RISK|TIRE_PUNCTURE_RISK,100.0,0.1,🚨 EMERGENCY: TIRE BLOWOUT IMMINENT - Reduce speed immediately!|⚠️ CRITICAL: Tire puncture risk - Pressure dropping at high speed|⚠️ EXCESSIVE_SPEED: Vehicle speed exceeds safe limits|🛞 CRITICAL_PRESSURE: Tire flat or severely under-inflated|🚨 TIRE_SPEED_MISMATCH: Tire pressure unsafe for current speed
1779686481.54,282.4,89.1,8.2,2972.0,54.3,14.51,32.9,32.9,32.3,31.9,danger,optimal,danger,optimal,optimal,optimal,→ stable,→ stable,→ stable,100.0,🚨 EMERGENCY,True,CRITICAL_TIRE_FAILURE_RISK|TIRE_PUNCTURE_RISK,100.0,0.4,🚨 EMERGENCY: TIRE BLOWOUT IMMINENT - Reduce speed immediately!|⚠️ CRITICAL: Tire puncture risk - Pressure dropping at high speed|⚠️ EXCESSIVE_SPEED: Vehicle speed exceeds safe limits|🛞 CRITICAL_PRESSURE: Tire flat or severely under-inflated|🚨 TIRE_SPEED_MISMATCH: Tire pressure unsafe for current speed
1779686482.541,278.0,91.1,7.9,2967.0,55.2,14.53,32.8,33.2,32.0,32.3,danger,optimal,danger,optimal,optimal,optimal,→ stable,→ stable,→ stable,100.0,🚨 EMERGENCY,True,CRITICAL_TIRE_FAILURE_RISK|TIRE_PUNCTURE_RISK,100.0,0.0,🚨 EMERGENCY: TIRE BLOWOUT IMMINENT - Reduce speed immediately!|⚠️ CRITICAL: Tire puncture risk - Pressure dropping at high speed|⚠️ EXCESSIVE_SPEED: Vehicle speed exceeds safe limits|🛞 CRITICAL_PRESSURE: Tire flat or severely under-inflated|🚨 TIRE_SPEED_MISMATCH: Tire pressure unsafe for current speed
1779686483.542,278.0,89.3,7.7,3045.0,56.0,14.48,33.0,32.7,32.2,32.0,danger,optimal,danger,warning,optimal,optimal,↓ decreasing,→ stable,→ stable,100.0,🚨 EMERGENCY,True,CRITICAL_TIRE_FAILURE_RISK|TIRE_PUNCTURE_RISK,100.0,0.2,🚨 EMERGENCY: TIRE BLOWOUT IMMINENT - Reduce speed immediately!|⚠️ CRITICAL: Tire puncture risk - Pressure dropping at high speed|⚠️ EXCESSIVE_SPEED: Vehicle speed exceeds safe limits|🛞 CRITICAL_PRESSURE: Tire flat or severely under-inflated|🚨 TIRE_SPEED_MISMATCH: Tire pressure unsafe for current speed
1779686484.543,277.2,90.3,8.2,3040.0,54.9,14.47,32.9,32.9,32.2,31.9,danger,optimal,danger,warning,optimal,optimal,↓ decreasing,→ stable,→ stable,100.0,🚨 EMERGENCY,True,CRITICAL_TIRE_FAILURE_RISK|TIRE_PUNCTURE_RISK,100.0,0.0,🚨 EMERGENCY: TIRE BLOWOUT IMMINENT - Reduce speed immediately!|⚠️ CRITICAL: Tire puncture risk - Pressure dropping at high speed|⚠️ EXCESSIVE_SPEED: Vehicle speed exceeds safe limits|🛞 CRITICAL_PRESSURE: Tire flat or severely under-inflated|🚨 TIRE_SPEED_MISMATCH: Tire pressure unsafe for current speed
1779686485.544,280.0,89.3,8.1,2988.0,54.9,14.5,32.9,32.7,32.1,31.7,danger,optimal,danger,optimal,optimal,optimal,↓ decreasing,→ stable,→ stable,100.0,🚨 EMERGENCY,True,CRITICAL_TIRE_FAILURE_RISK|TIRE_PUNCTURE_RISK,100.0,0.2,🚨 EMERGENCY: TIRE BLOWOUT IMMINENT - Reduce speed immediately!|⚠️ CRITICAL: Tire puncture risk - Pressure dropping at high speed|⚠️ EXCESSIVE_SPEED: Vehicle speed exceeds safe limits|🛞 CRITICAL_PRESSURE: Tire flat or severely under-inflated|🚨 TIRE_SPEED_MISMATCH: Tire pressure unsafe for current speed
1779686486.545,279.3,88.6,7.6,3002.0,54.1,14.51,32.7,33.1,31.6,31.9,danger,optimal,danger,warning,optimal,optimal,↓ decreasing,→ stable,→ stable,100.0,🚨 EMERGENCY,True,CRITICAL_TIRE_FAILURE_RISK|TIRE_PUNCTURE_RISK,100.0,1.0,🚨 EMERGENCY: TIRE BLOWOUT IMMINENT - Reduce speed immediately!|⚠️ CRITICAL: Tire puncture risk - Pressure dropping at high speed|⚠️ EXCESSIVE_SPEED: Vehicle speed exceeds safe limits|🛞 CRITICAL_PRESSURE: Tire flat or severely under-inflated|🚨 TIRE_SPEED_MISMATCH: Tire pressure unsafe for current speed
1779686487.546,282.8,88.9,7.9,3006.0,55.3,14.54,32.9,33.3,32.2,32.4,danger,optimal,danger,warning,optimal,optimal,↓ decreasing,↓ decreasing,→ stable,100.0,🚨 EMERGENCY,True,CRITICAL_TIRE_FAILURE_RISK|TIRE_PUNCTURE_RISK,100.0,0.6,🚨 EMERGENCY: TIRE BLOWOUT IMMINENT - Reduce speed immediately!|⚠️ CRITICAL: Tire puncture risk - Pressure dropping at high speed|⚠️ EXCESSIVE_SPEED: Vehicle speed exceeds safe limits|🛞 CRITICAL_PRESSURE: Tire flat or severely under-inflated|🚨 TIRE_SPEED_MISMATCH: Tire pressure unsafe for current speed
1779686488.547,279.4,90.2,8.2,2977.0,54.7,14.5,33.0,32.9,32.2,31.8,danger,optimal,danger,optimal,optimal,optimal,→ stable,↓ decreasing,→ stable,100.0,🚨 EMERGENCY,True,CRITICAL_TIRE_FAILURE_RISK|TIRE_PUNCTURE_RISK,100.0,0.0,🚨 EMERGENCY: TIRE BLOWOUT IMMINENT - Reduce speed immediately!|⚠️ CRITICAL: Tire puncture risk - Pressure dropping at high speed|⚠️ EXCESSIVE_SPEED: Vehicle speed exceeds safe limits|🛞 CRITICAL_PRESSURE: Tire flat or severely under-inflated|🚨 TIRE_SPEED_MISMATCH: Tire pressure unsafe for current speed
1779686489.548,282.5,90.4,8.2,3035.0,56.0,14.51,32.9,32.8,31.7,31.9,danger,optimal,danger,warning,optimal,optimal,→ stable,→ stable,→ stable,100.0,🚨 EMERGENCY,True,CRITICAL_TIRE_FAILURE_RISK|TIRE_PUNCTURE_RISK,100.0,0.0,🚨 EMERGENCY: TIRE BLOWOUT IMMINENT - Reduce speed immediately!|⚠️ CRITICAL: Tire puncture risk - Pressure dropping at high speed|⚠️ EXCESSIVE_SPEED: Vehicle speed exceeds safe limits|🛞 CRITICAL_PRESSURE: Tire flat or severely under-inflated|🚨 TIRE_SPEED_MISMATCH: Tire pressure unsafe for current speed
1779686490.549,281.1,91.2,7.6,2987.0,55.5,14.54,32.7,33.3,32.2,31.8,danger,optimal,danger,optimal,optimal,optimal,↑ increasing,→ stable,→ stable,100.0,🚨 EMERGENCY,True,CRITICAL_TIRE_FAILURE_RISK|TIRE_PUNCTURE_RISK,100.0,0.0,🚨 EMERGENCY: TIRE BLOWOUT IMMINENT - Reduce speed immediately!|⚠️ CRITICAL: Tire puncture risk - Pressure dropping at high speed|⚠️ EXCESSIVE_SPEED: Vehicle speed exceeds safe limits|🛞 CRITICAL_PRESSURE: Tire flat or severely under-inflated|🚨 TIRE_SPEED_MISMATCH: Tire pressure unsafe for current speed
1779686491.549,278.8,89.5,8.3,2970.0,54.6,14.47,32.7,32.9,32.3,32.3,danger,optimal,danger,optimal,optimal,optimal,→ stable,→ stable,→ stable,100.0,🚨 EMERGENCY,True,CRITICAL_TIRE_FAILURE_RISK|TIRE_PUNCTURE_RISK,100.0,0.1,🚨 EMERGENCY: TIRE BLOWOUT IMMINENT - Reduce speed immediately!|⚠️ CRITICAL: Tire puncture risk - Pressure dropping at high speed|⚠️ EXCESSIVE_SPEED: Vehicle speed exceeds safe limits|🛞 CRITICAL_PRESSURE: Tire flat or severely under-inflated|🚨 TIRE_SPEED_MISMATCH: Tire pressure unsafe for current speed
1779686492.55,278.8,90.1,7.8,3007.0,54.5,14.49,33.2,33.0,32.1,32.2,danger,optimal,danger,warning,optimal,optimal,→ stable,→ stable,→ stable,100.0,🚨 EMERGENCY,True,CRITICAL_TIRE_FAILURE_RISK|TIRE_PUNCTURE_RISK,100.0,0.0,🚨 EMERGENCY: TIRE BLOWOUT IMMINENT - Reduce speed immediately!|⚠️ CRITICAL: Tire puncture risk - Pressure dropping at high speed|⚠️ EXCESSIVE_SPEED: Vehicle speed exceeds safe limits|🛞 CRITICAL_PRESSURE: Tire flat or severely under-inflated|🚨 TIRE_SPEED_MISMATCH: Tire pressure unsafe for current speed
1779686493.551,280.3,88.8,7.7,2999.0,55.4,14.51,32.8,33.0,32.2,32.3,danger,optimal,danger,optimal,optimal,optimal,↑ increasing,→ stable,→ stable,100.0,🚨 EMERGENCY,True,CRITICAL_TIRE_FAILURE_RISK|TIRE_PUNCTURE_RISK,100.0,0.7,🚨 EMERGENCY: TIRE BLOWOUT IMMINENT - Reduce speed immediately!|⚠️ CRITICAL: Tire puncture risk - Pressure dropping at high speed|⚠️ EXCESSIVE_SPEED: Vehicle speed exceeds safe limits|🛞 CRITICAL_PRESSURE: Tire flat or severely under-inflated|🚨 TIRE_SPEED_MISMATCH: Tire pressure unsafe for current speed
1779686494.551,277.6,89.4,8.2,3034.0,55.5,14.53,32.6,33.3,31.7,32.2,danger,optimal,danger,warning,optimal,optimal,↑ increasing,→ stable,→ stable,100.0,🚨 EMERGENCY,True,CRITICAL_TIRE_FAILURE_RISK|TIRE_PUNCTURE_RISK,100.0,0.2,🚨 EMERGENCY: TIRE BLOWOUT IMMINENT - Reduce speed immediately!|⚠️ CRITICAL: Tire puncture risk - Pressure dropping at high speed|⚠️ EXCESSIVE_SPEED: Vehicle speed exceeds safe limits|🛞 CRITICAL_PRESSURE: Tire flat or severely under-inflated|🚨 TIRE_SPEED_MISMATCH: Tire pressure unsafe for current speed
1779686495.552,279.1,91.5,7.8,3008.0,54.9,14.48,33.0,33.3,32.1,31.6,danger,optimal,danger,warning,optimal,optimal,↑ increasing,→ stable,→ stable,100.0,🚨 EMERGENCY,True,CRITICAL_TIRE_FAILURE_RISK|TIRE_PUNCTURE_RISK,100.0,0.0,🚨 EMERGENCY: TIRE BLOWOUT IMMINENT - Reduce speed immediately!|⚠️ CRITICAL: Tire puncture risk - Pressure dropping at high speed|⚠️ EXCESSIVE_SPEED: Vehicle speed exceeds safe limits|🛞 CRITICAL_PRESSURE: Tire flat or severely under-inflated|🚨 TIRE_SPEED_MISMATCH: Tire pressure unsafe for current speed
1779686496.552,277.1,88.6,7.9,2958.0,55.4,14.53,32.7,32.7,32.1,32.3,danger,optimal,danger,optimal,optimal,optimal,↑ increasing,→ stable,→ stable,100.0,🚨 EMERGENCY,True,CRITICAL_TIRE_FAILURE_RISK|TIRE_PUNCTURE_RISK,100.0,1.0,🚨 EMERGENCY: TIRE BLOWOUT IMMINENT - Reduce speed immediately!|⚠️ CRITICAL: Tire puncture risk - Pressure dropping at high speed|⚠️ EXCESSIVE_SPEED: Vehicle speed exceeds safe limits|🛞 CRITICAL_PRESSURE: Tire flat or severely under-inflated|🚨 TIRE_SPEED_MISMATCH: Tire pressure unsafe for current speed
1779686497.553,281.2,89.2,7.7,2996.0,55.6,14.51,32.9,33.1,31.8,31.8,danger,optimal,danger,optimal,optimal,optimal,→ stable,→ stable,→ stable,100.0,🚨 EMERGENCY,True,CRITICAL_TIRE_FAILURE_RISK|TIRE_PUNCTURE_RISK,100.0,0.3,🚨 EMERGENCY: TIRE BLOWOUT IMMINENT - Reduce speed immediately!|⚠️ CRITICAL: Tire puncture risk - Pressure dropping at high speed|⚠️ EXCESSIVE_SPEED: Vehicle speed exceeds safe limits|🛞 CRITICAL_PRESSURE: Tire flat or severely under-inflated|🚨 TIRE_SPEED_MISMATCH: Tire pressure unsafe for current speed
1779686498.555,277.5,90.8,8.3,2989.0,54.8,14.49,32.8,32.7,31.6,32.4,danger,optimal,danger,optimal,optimal,optimal,→ stable,→ stable,→ stable,100.0,🚨 EMERGENCY,True,CRITICAL_TIRE_FAILURE_RISK|TIRE_PUNCTURE_RISK,100.0,0.0,🚨 EMERGENCY: TIRE BLOWOUT IMMINENT - Reduce speed immediately!|⚠️ CRITICAL: Tire puncture risk - Pressure dropping at high speed|⚠️ EXCESSIVE_SPEED: Vehicle speed exceeds safe limits|🛞 CRITICAL_PRESSURE: Tire flat or severely under-inflated|🚨 TIRE_SPEED_MISMATCH: Tire pressure unsafe for current speed
1779686499.556,277.3,91.4,8.0,2956.0,55.9,14.52,33.3,33.3,32.0,32.3,danger,optimal,danger,optimal,optimal,optimal,↓ decreasing,→ stable,→ stable,100.0,🚨 EMERGENCY,True,CRITICAL_TIRE_FAILURE_RISK|TIRE_PUNCTURE_RISK,100.0,0.0,🚨 EMERGENCY: TIRE BLOWOUT IMMINENT - Reduce speed immediately!|⚠️ CRITICAL: Tire puncture risk - Pressure dropping at high speed|⚠️ EXCESSIVE_SPEED: Vehicle speed exceeds safe limits|🛞 CRITICAL_PRESSURE: Tire flat or severely under-inflated|🚨 TIRE_SPEED_MISMATCH: Tire pressure unsafe for current speed
1779686500.557,282.9,90.4,7.9,3009.0,54.6,14.55,33.4,33.2,31.7,31.8,danger,optimal,danger,warning,optimal,optimal,↓ decreasing,→ stable,→ stable,100.0,🚨 EMERGENCY,True,CRITICAL_TIRE_FAILURE_RISK|TIRE_PUNCTURE_RISK,100.0,0.0,🚨 EMERGENCY: TIRE BLOWOUT IMMINENT - Reduce speed immediately!|⚠️ CRITICAL: Tire puncture risk - Pressure dropping at high speed|⚠️ EXCESSIVE_SPEED: Vehicle speed exceeds safe limits|🛞 CRITICAL_PRESSURE: Tire flat or severely under-inflated|🚨 TIRE_SPEED_MISMATCH: Tire pressure unsafe for current speed
1779686501.558,277.7,89.6,8.3,2953.0,54.9,14.48,33.1,33.0,32.3,32.3,danger,optimal,danger,optimal,optimal,optimal,↓ decreasing,→ stable,→ stable,100.0,🚨 EMERGENCY,True,CRITICAL_TIRE_FAILURE_RISK|TIRE_PUNCTURE_RISK,100.0,0.1,🚨 EMERGENCY: TIRE BLOWOUT IMMINENT - Reduce speed immediately!|⚠️ CRITICAL: Tire puncture risk - Pressure dropping at high speed|⚠️ EXCESSIVE_SPEED: Vehicle speed exceeds safe limits|🛞 CRITICAL_PRESSURE: Tire flat or severely under-inflated|🚨 TIRE_SPEED_MISMATCH: Tire pressure unsafe for current speed
1779686502.56,277.0,88.8,8.1,3047.0,54.7,14.49,32.9,33.3,32.0,31.7,danger,optimal,danger,warning,optimal,optimal,↓ decreasing,→ stable,→ stable,100.0,🚨 EMERGENCY,True,CRITICAL_TIRE_FAILURE_RISK|TIRE_PUNCTURE_RISK,100.0,0.7,🚨 EMERGENCY: TIRE BLOWOUT IMMINENT - Reduce speed immediately!|⚠️ CRITICAL: Tire puncture risk - Pressure dropping at high speed|⚠️ EXCESSIVE_SPEED: Vehicle speed exceeds safe limits|🛞 CRITICAL_PRESSURE: Tire flat or severely under-inflated|🚨 TIRE_SPEED_MISMATCH: Tire pressure unsafe for current speed
1779686503.562,280.1,90.3,8.1,2983.0,54.8,14.47,33.3,33.3,32.4,32.1,danger,optimal,danger,optimal,optimal,optimal,↓ decreasing,→ stable,→ stable,100.0,🚨 EMERGENCY,True,CRITICAL_TIRE_FAILURE_RISK|TIRE_PUNCTURE_RISK,100.0,0.0,🚨 EMERGENCY: TIRE BLOWOUT IMMINENT - Reduce speed immediately!|⚠️ CRITICAL: Tire puncture risk - Pressure dropping at high speed|⚠️ EXCESSIVE_SPEED: Vehicle speed exceeds safe limits|🛞 CRITICAL_PRESSURE: Tire flat or severely under-inflated|🚨 TIRE_SPEED_MISMATCH: Tire pressure unsafe for current speed
1779686504.563,277.0,89.0,7.8,2978.0,55.7,14.51,32.7,33.1,32.0,32.2,danger,optimal,danger,optimal,optimal,optimal,↓ decreasing,→ stable,→ stable,100.0,🚨 EMERGENCY,True,CRITICAL_TIRE_FAILURE_RISK|TIRE_PUNCTURE_RISK,100.0,0.5,🚨 EMERGENCY: TIRE BLOWOUT IMMINENT - Reduce speed immediately!|⚠️ CRITICAL: Tire puncture risk - Pressure dropping at high speed|⚠️ EXCESSIVE_SPEED: Vehicle speed exceeds safe limits|🛞 CRITICAL_PRESSURE: Tire flat or severely under-inflated|🚨 TIRE_SPEED_MISMATCH: Tire pressure unsafe for current speed
1779686505.564,279.4,91.3,8.2,2991.0,54.2,14.47,33.1,33.2,32.4,32.2,danger,optimal,danger,optimal,optimal,optimal,↓ decreasing,→ stable,→ stable,100.0,🚨 EMERGENCY,True,CRITICAL_TIRE_FAILURE_RISK|TIRE_PUNCTURE_RISK,100.0,0.0,🚨 EMERGENCY: TIRE BLOWOUT IMMINENT - Reduce speed immediately!|⚠️ CRITICAL: Tire puncture risk - Pressure dropping at high speed|⚠️ EXCESSIVE_SPEED: Vehicle speed exceeds safe limits|🛞 CRITICAL_PRESSURE: Tire flat or severely under-inflated|🚨 TIRE_SPEED_MISMATCH: Tire pressure unsafe for current speed
1779686506.564,279.5,91.2,8.0,2968.0,54.1,14.48,32.8,33.3,32.2,32.3,danger,optimal,danger,optimal,optimal,optimal,↓ decreasing,→ stable,→ stable,100.0,🚨 EMERGENCY,True,CRITICAL_TIRE_FAILURE_RISK|TIRE_PUNCTURE_RISK,100.0,0.0,🚨 EMERGENCY: TIRE BLOWOUT IMMINENT - Reduce speed immediately!|⚠️ CRITICAL: Tire puncture risk - Pressure dropping at high speed|⚠️ EXCESSIVE_SPEED: Vehicle speed exceeds safe limits|🛞 CRITICAL_PRESSURE: Tire flat or severely under-inflated|🚨 TIRE_SPEED_MISMATCH: Tire pressure unsafe for current speed
1779686507.564,280.0,89.9,7.7,3034.0,55.6,14.52,32.7,33.2,32.0,31.7,danger,optimal,danger,warning,optimal,optimal,↓ decreasing,→ stable,→ stable,100.0,🚨 EMERGENCY,True,CRITICAL_TIRE_FAILURE_RISK|TIRE_PUNCTURE_RISK,100.0,0.0,🚨 EMERGENCY: TIRE BLOWOUT IMMINENT - Reduce speed immediately!|⚠️ CRITICAL: Tire puncture risk - Pressure dropping at high speed|⚠️ EXCESSIVE_SPEED: Vehicle speed exceeds safe limits|🛞 CRITICAL_PRESSURE: Tire flat or severely under-inflated|🚨 TIRE_SPEED_MISMATCH: Tire pressure unsafe for current speed
1779686508.565,279.8,89.0,8.1,3019.0,54.4,14.47,32.8,32.9,32.1,32.4,danger,optimal,danger,warning,optimal,optimal,→ stable,→ stable,→ stable,100.0,🚨 EMERGENCY,True,CRITICAL_TIRE_FAILURE_RISK|TIRE_PUNCTURE_RISK,100.0,0.5,🚨 EMERGENCY: TIRE BLOWOUT IMMINENT - Reduce speed immediately!|⚠️ CRITICAL: Tire puncture risk - Pressure dropping at high speed|⚠️ EXCESSIVE_SPEED: Vehicle speed exceeds safe limits|🛞 CRITICAL_PRESSURE: Tire flat or severely under-inflated|🚨 TIRE_SPEED_MISMATCH: Tire pressure unsafe for current speed
1779686509.565,282.5,89.0,8.0,3031.0,55.3,14.55,32.7,32.9,32.4,31.8,danger,optimal,danger,warning,optimal,optimal,↑ increasing,→ stable,→ stable,100.0,🚨 EMERGENCY,True,CRITICAL_TIRE_FAILURE_RISK|TIRE_PUNCTURE_RISK,100.0,0.5,🚨 EMERGENCY: TIRE BLOWOUT IMMINENT - Reduce speed immediately!|⚠️ CRITICAL: Tire puncture risk - Pressure dropping at high speed|⚠️ EXCESSIVE_SPEED: Vehicle speed exceeds safe limits|🛞 CRITICAL_PRESSURE: Tire flat or severely under-inflated|🚨 TIRE_SPEED_MISMATCH: Tire pressure unsafe for current speed
1779686510.565,282.5,89.0,8.1,3032.0,55.1,14.53,33.0,32.9,31.8,31.9,danger,optimal,danger,warning,optimal,optimal,→ stable,→ stable,→ stable,100.0,🚨 EMERGENCY,True,CRITICAL_TIRE_FAILURE_RISK|TIRE_PUNCTURE_RISK,100.0,0.5,🚨 EMERGENCY: TIRE BLOWOUT IMMINENT - Reduce speed immediately!|⚠️ CRITICAL: Tire puncture risk - Pressure dropping at high speed|⚠️ EXCESSIVE_SPEED: Vehicle speed exceeds safe limits|🛞 CRITICAL_PRESSURE: Tire flat or severely under-inflated|🚨 TIRE_SPEED_MISMATCH: Tire pressure unsafe for current speed
1779686511.565,282.1,89.4,8.4,2963.0,55.0,14.48,33.1,33.2,31.9,31.8,danger,optimal,danger,optimal,optimal,optimal,↑ increasing,→ stable,→ stable,100.0,🚨 EMERGENCY,True,CRITICAL_TIRE_FAILURE_RISK|TIRE_PUNCTURE_RISK,100.0,0.2,🚨 EMERGENCY: TIRE BLOWOUT IMMINENT - Reduce speed immediately!|⚠️ CRITICAL: Tire puncture risk - Pressure dropping at high speed|⚠️ EXCESSIVE_SPEED: Vehicle speed exceeds safe limits|🛞 CRITICAL_PRESSURE: Tire flat or severely under-inflated|🚨 TIRE_SPEED_MISMATCH: Tire pressure unsafe for current speed
1779686512.565,277.3,89.6,8.0,3018.0,55.8,14.47,32.8,33.3,32.2,32.0,danger,optimal,danger,warning,optimal,optimal,↑ increasing,→ stable,→ stable,100.0,🚨 EMERGENCY,True,CRITICAL_TIRE_FAILURE_RISK|TIRE_PUNCTURE_RISK,100.0,0.1,🚨 EMERGENCY: TIRE BLOWOUT IMMINENT - Reduce speed immediately!|⚠️ CRITICAL: Tire puncture risk - Pressure dropping at high speed|⚠️ EXCESSIVE_SPEED: Vehicle speed exceeds safe limits|🛞 CRITICAL_PRESSURE: Tire flat or severely under-inflated|🚨 TIRE_SPEED_MISMATCH: Tire pressure unsafe for current speed
1779686513.566,277.6,88.7,8.1,2975.0,55.2,14.47,33.1,32.7,32.4,32.0,danger,optimal,danger,optimal,optimal,optimal,↑ increasing,→ stable,→ stable,100.0,🚨 EMERGENCY,True,CRITICAL_TIRE_FAILURE_RISK|TIRE_PUNCTURE_RISK,100.0,0.8,🚨 EMERGENCY: TIRE BLOWOUT IMMINENT - Reduce speed immediately!|⚠️ CRITICAL: Tire puncture risk - Pressure dropping at high speed|⚠️ EXCESSIVE_SPEED: Vehicle speed exceeds safe limits|🛞 CRITICAL_PRESSURE: Tire flat or severely under-inflated|🚨 TIRE_SPEED_MISMATCH: Tire pressure unsafe for current speed
1779686514.566,279.9,90.4,7.9,3007.0,54.1,14.53,33.0,32.7,32.0,32.2,danger,optimal,danger,warning,optimal,optimal,↑ increasing,→ stable,→ stable,100.0,🚨 EMERGENCY,True,CRITICAL_TIRE_FAILURE_RISK|TIRE_PUNCTURE_RISK,100.0,0.0,🚨 EMERGENCY: TIRE BLOWOUT IMMINENT - Reduce speed immediately!|⚠️ CRITICAL: Tire puncture risk - Pressure dropping at high speed|⚠️ EXCESSIVE_SPEED: Vehicle speed exceeds safe limits|🛞 CRITICAL_PRESSURE: Tire flat or severely under-inflated|🚨 TIRE_SPEED_MISMATCH: Tire pressure unsafe for current speed
1779686515.566,279.8,89.4,8.1,2972.0,54.2,14.55,32.8,32.9,32.1,31.8,danger,optimal,danger,optimal,optimal,optimal,↑ increasing,→ stable,→ stable,100.0,🚨 EMERGENCY,True,CRITICAL_TIRE_FAILURE_RISK|TIRE_PUNCTURE_RISK,100.0,0.2,🚨 EMERGENCY: TIRE BLOWOUT IMMINENT - Reduce speed immediately!|⚠️ CRITICAL: Tire puncture risk - Pressure dropping at high speed|⚠️ EXCESSIVE_SPEED: Vehicle speed exceeds safe limits|🛞 CRITICAL_PRESSURE: Tire flat or severely under-inflated|🚨 TIRE_SPEED_MISMATCH: Tire pressure unsafe for current speed
1779686516.567,282.0,90.8,7.8,2963.0,55.0,14.49,33.3,33.4,32.3,32.3,danger,optimal,danger,optimal,optimal,optimal,↑ increasing,↓ decreasing,→ stable,100.0,🚨 EMERGENCY,True,CRITICAL_TIRE_FAILURE_RISK|TIRE_PUNCTURE_RISK,100.0,0.0,🚨 EMERGENCY: TIRE BLOWOUT IMMINENT - Reduce speed immediately!|⚠️ CRITICAL: Tire puncture risk - Pressure dropping at high speed|⚠️ EXCESSIVE_SPEED: Vehicle speed exceeds safe limits|🛞 CRITICAL_PRESSURE: Tire flat or severely under-inflated|🚨 TIRE_SPEED_MISMATCH: Tire pressure unsafe for current speed
1779686517.568,279.9,88.7,8.4,2998.0,55.7,14.5,32.8,33.0,32.3,32.3,danger,optimal,danger,optimal,optimal,optimal,↑ increasing,↓ decreasing,→ stable,100.0,🚨 EMERGENCY,True,CRITICAL_TIRE_FAILURE_RISK|TIRE_PUNCTURE_RISK,100.0,0.8,🚨 EMERGENCY: TIRE BLOWOUT IMMINENT - Reduce speed immediately!|⚠️ CRITICAL: Tire puncture risk - Pressure dropping at high speed|⚠️ EXCESSIVE_SPEED: Vehicle speed exceeds safe limits|🛞 CRITICAL_PRESSURE: Tire flat or severely under-inflated|🚨 TIRE_SPEED_MISMATCH: Tire pressure unsafe for current speed
1779686518.57,279.3,90.6,8.3,3019.0,55.3,14.51,33.2,32.8,31.6,32.3,danger,optimal,danger,warning,optimal,optimal,↑ increasing,↓ decreasing,→ stable,100.0,🚨 EMERGENCY,True,CRITICAL_TIRE_FAILURE_RISK|TIRE_PUNCTURE_RISK,100.0,0.0,🚨 EMERGENCY: TIRE BLOWOUT IMMINENT - Reduce speed immediately!|⚠️ CRITICAL: Tire puncture risk - Pressure dropping at high speed|⚠️ EXCESSIVE_SPEED: Vehicle speed exceeds safe limits|🛞 CRITICAL_PRESSURE: Tire flat or severely under-inflated|🚨 TIRE_SPEED_MISMATCH: Tire pressure unsafe for current speed
1779686519.571,279.3,91.1,7.9,2960.0,55.5,14.54,33.0,32.8,32.0,31.6,danger,optimal,danger,optimal,optimal,optimal,→ stable,→ stable,→ stable,100.0,🚨 EMERGENCY,True,CRITICAL_TIRE_FAILURE_RISK|TIRE_PUNCTURE_RISK,100.0,0.0,🚨 EMERGENCY: TIRE BLOWOUT IMMINENT - Reduce speed immediately!|⚠️ CRITICAL: Tire puncture risk - Pressure dropping at high speed|⚠️ EXCESSIVE_SPEED: Vehicle speed exceeds safe limits|🛞 CRITICAL_PRESSURE: Tire flat or severely under-inflated|🚨 TIRE_SPEED_MISMATCH: Tire pressure unsafe for current speed
1779686520.571,278.2,91.3,8.0,3014.0,54.2,14.54,32.9,33.1,32.0,32.4,danger,optimal,danger,warning,optimal,optimal,→ stable,→ stable,→ stable,100.0,🚨 EMERGENCY,True,CRITICAL_TIRE_FAILURE_RISK|TIRE_PUNCTURE_RISK,100.0,0.0,🚨 EMERGENCY: TIRE BLOWOUT IMMINENT - Reduce speed immediately!|⚠️ CRITICAL: Tire puncture risk - Pressure dropping at high speed|⚠️ EXCESSIVE_SPEED: Vehicle speed exceeds safe limits|🛞 CRITICAL_PRESSURE: Tire flat or severely under-inflated|🚨 TIRE_SPEED_MISMATCH: Tire pressure unsafe for current speed
1779686521.573,278.6,91.4,8.4,3021.0,54.3,14.45,33.1,32.8,31.7,32.2,danger,optimal,danger,warning,optimal,optimal,↓ decreasing,↑ increasing,→ stable,100.0,🚨 EMERGENCY,True,CRITICAL_TIRE_FAILURE_RISK|TIRE_PUNCTURE_RISK,100.0,0.0,🚨 EMERGENCY: TIRE BLOWOUT IMMINENT - Reduce speed immediately!|⚠️ CRITICAL: Tire puncture risk - Pressure dropping at high speed|⚠️ EXCESSIVE_SPEED: Vehicle speed exceeds safe limits|🛞 CRITICAL_PRESSURE: Tire flat or severely under-inflated|🚨 TIRE_SPEED_MISMATCH: Tire pressure unsafe for current speed
1779686522.573,279.5,90.9,7.7,2963.0,54.2,14.5,33.3,33.1,32.4,31.8,danger,optimal,danger,optimal,optimal,optimal,↓ decreasing,↑ increasing,→ stable,100.0,🚨 EMERGENCY,True,CRITICAL_TIRE_FAILURE_RISK|TIRE_PUNCTURE_RISK,100.0,0.0,🚨 EMERGENCY: TIRE BLOWOUT IMMINENT - Reduce speed immediately!|⚠️ CRITICAL: Tire puncture risk - Pressure dropping at high speed|⚠️ EXCESSIVE_SPEED: Vehicle speed exceeds safe limits|🛞 CRITICAL_PRESSURE: Tire flat or severely under-inflated|🚨 TIRE_SPEED_MISMATCH: Tire pressure unsafe for current speed
1779686523.573,281.5,91.1,8.0,3026.0,55.1,14.5,32.7,32.9,31.8,31.7,danger,optimal,danger,warning,optimal,optimal,→ stable,↑ increasing,→ stable,100.0,🚨 EMERGENCY,True,CRITICAL_TIRE_FAILURE_RISK|TIRE_PUNCTURE_RISK,100.0,0.0,🚨 EMERGENCY: TIRE BLOWOUT IMMINENT - Reduce speed immediately!|⚠️ CRITICAL: Tire puncture risk - Pressure dropping at high speed|⚠️ EXCESSIVE_SPEED: Vehicle speed exceeds safe limits|🛞 CRITICAL_PRESSURE: Tire flat or severely under-inflated|🚨 TIRE_SPEED_MISMATCH: Tire pressure unsafe for current speed
1779686524.574,280.9,88.8,7.6,3040.0,55.2,14.48,32.9,32.9,31.8,31.6,danger,optimal,danger,warning,optimal,optimal,→ stable,↑ increasing,→ stable,100.0,🚨 EMERGENCY,True,CRITICAL_TIRE_FAILURE_RISK|TIRE_PUNCTURE_RISK,100.0,0.7,🚨 EMERGENCY: TIRE BLOWOUT IMMINENT - Reduce speed immediately!|⚠️ CRITICAL: Tire puncture risk - Pressure dropping at high speed|⚠️ EXCESSIVE_SPEED: Vehicle speed exceeds safe limits|🛞 CRITICAL_PRESSURE: Tire flat or severely under-inflated|🚨 TIRE_SPEED_MISMATCH: Tire pressure unsafe for current speed
1779686525.576,281.0,89.7,8.1,2983.0,55.2,14.49,32.7,33.0,31.8,31.8,danger,optimal,danger,optimal,optimal,optimal,→ stable,↑ increasing,→ stable,100.0,🚨 EMERGENCY,True,CRITICAL_TIRE_FAILURE_RISK|TIRE_PUNCTURE_RISK,100.0,0.0,🚨 EMERGENCY: TIRE BLOWOUT IMMINENT - Reduce speed immediately!|⚠️ CRITICAL: Tire puncture risk - Pressure dropping at high speed|⚠️ EXCESSIVE_SPEED: Vehicle speed exceeds safe limits|🛞 CRITICAL_PRESSURE: Tire flat or severely under-inflated|🚨 TIRE_SPEED_MISMATCH: Tire pressure unsafe for current speed
1779686526.576,278.8,90.3,7.7,3008.0,56.0,14.49,33.2,33.0,32.3,31.8,danger,optimal,danger,warning,optimal,optimal,↓ decreasing,↑ increasing,→ stable,100.0,🚨 EMERGENCY,True,CRITICAL_TIRE_FAILURE_RISK|TIRE_PUNCTURE_RISK,100.0,0.0,🚨 EMERGENCY: TIRE BLOWOUT IMMINENT - Reduce speed immediately!|⚠️ CRITICAL: Tire puncture risk - Pressure dropping at high speed|⚠️ EXCESSIVE_SPEED: Vehicle speed exceeds safe limits|🛞 CRITICAL_PRESSURE: Tire flat or severely under-inflated|🚨 TIRE_SPEED_MISMATCH: Tire pressure unsafe for current speed
1779686527.578,280.0,90.7,7.7,2980.0,54.6,14.48,33.1,33.1,32.2,32.2,danger,optimal,danger,optimal,optimal,optimal,↓ decreasing,↑ increasing,→ stable,100.0,🚨 EMERGENCY,True,CRITICAL_TIRE_FAILURE_RISK|TIRE_PUNCTURE_RISK,100.0,0.0,🚨 EMERGENCY: TIRE BLOWOUT IMMINENT - Reduce speed immediately!|⚠️ CRITICAL: Tire puncture risk - Pressure dropping at high speed|⚠️ EXCESSIVE_SPEED: Vehicle speed exceeds safe limits|🛞 CRITICAL_PRESSURE: Tire flat or severely under-inflated|🚨 TIRE_SPEED_MISMATCH: Tire pressure unsafe for current speed
1779686528.578,277.8,90.2,7.8,3011.0,54.7,14.47,33.0,33.4,32.3,31.8,danger,optimal,danger,warning,optimal,optimal,↓ decreasing,↑ increasing,→ stable,100.0,🚨 EMERGENCY,True,CRITICAL_TIRE_FAILURE_RISK|TIRE_PUNCTURE_RISK,100.0,0.0,🚨 EMERGENCY: TIRE BLOWOUT IMMINENT - Reduce speed immediately!|⚠️ CRITICAL: Tire puncture risk - Pressure dropping at high speed|⚠️ EXCESSIVE_SPEED: Vehicle speed exceeds safe limits|🛞 CRITICAL_PRESSURE: Tire flat or severely under-inflated|🚨 TIRE_SPEED_MISMATCH: Tire pressure unsafe for current speed
1779686529.579,280.2,89.0,7.8,2978.0,55.9,14.51,33.2,33.2,32.3,31.7,danger,optimal,danger,optimal,optimal,optimal,→ stable,↑ increasing,→ stable,100.0,🚨 EMERGENCY,True,CRITICAL_TIRE_FAILURE_RISK|TIRE_PUNCTURE_RISK,100.0,0.5,🚨 EMERGENCY: TIRE BLOWOUT IMMINENT - Reduce speed immediately!|⚠️ CRITICAL: Tire puncture risk - Pressure dropping at high speed|⚠️ EXCESSIVE_SPEED: Vehicle speed exceeds safe limits|🛞 CRITICAL_PRESSURE: Tire flat or severely under-inflated|🚨 TIRE_SPEED_MISMATCH: Tire pressure unsafe for current speed
1779686530.581,277.1,89.0,7.6,2956.0,55.2,14.49,32.7,32.9,31.8,32.3,danger,optimal,danger,optimal,optimal,optimal,→ stable,→ stable,→ stable,100.0,🚨 EMERGENCY,True,CRITICAL_TIRE_FAILURE_RISK|TIRE_PUNCTURE_RISK,100.0,0.5,🚨 EMERGENCY: TIRE BLOWOUT IMMINENT - Reduce speed immediately!|⚠️ CRITICAL: Tire puncture risk - Pressure dropping at high speed|⚠️ EXCESSIVE_SPEED: Vehicle speed exceeds safe limits|🛞 CRITICAL_PRESSURE: Tire flat or severely under-inflated|🚨 TIRE_SPEED_MISMATCH: Tire pressure unsafe for current speed
1779686531.582,278.5,91.2,8.2,3034.0,55.3,14.49,33.2,33.3,32.1,32.3,danger,optimal,danger,warning,optimal,optimal,→ stable,→ stable,→ stable,100.0,🚨 EMERGENCY,True,CRITICAL_TIRE_FAILURE_RISK|TIRE_PUNCTURE_RISK,100.0,0.0,🚨 EMERGENCY: TIRE BLOWOUT IMMINENT - Reduce speed immediately!|⚠️ CRITICAL: Tire puncture risk - Pressure dropping at high speed|⚠️ EXCESSIVE_SPEED: Vehicle speed exceeds safe limits|🛞 CRITICAL_PRESSURE: Tire flat or severely under-inflated|🚨 TIRE_SPEED_MISMATCH: Tire pressure unsafe for current speed
1779686532.582,281.0,89.2,8.0,2972.0,54.9,14.53,33.2,33.1,31.8,31.8,danger,optimal,danger,optimal,optimal,optimal,→ stable,→ stable,→ stable,100.0,🚨 EMERGENCY,True,CRITICAL_TIRE_FAILURE_RISK|TIRE_PUNCTURE_RISK,100.0,0.3,🚨 EMERGENCY: TIRE BLOWOUT IMMINENT - Reduce speed immediately!|⚠️ CRITICAL: Tire puncture risk - Pressure dropping at high speed|⚠️ EXCESSIVE_SPEED: Vehicle speed exceeds safe limits|🛞 CRITICAL_PRESSURE: Tire flat or severely under-inflated|🚨 TIRE_SPEED_MISMATCH: Tire pressure unsafe for current speed
1779686533.583,281.0,91.0,8.2,2964.0,54.9,14.53,32.6,33.1,31.7,32.1,danger,optimal,danger,optimal,optimal,optimal,→ stable,↓ decreasing,→ stable,100.0,🚨 EMERGENCY,True,CRITICAL_TIRE_FAILURE_RISK|TIRE_PUNCTURE_RISK,100.0,0.0,🚨 EMERGENCY: TIRE BLOWOUT IMMINENT - Reduce speed immediately!|⚠️ CRITICAL: Tire puncture risk - Pressure dropping at high speed|⚠️ EXCESSIVE_SPEED: Vehicle speed exceeds safe limits|🛞 CRITICAL_PRESSURE: Tire flat or severely under-inflated|🚨 TIRE_SPEED_MISMATCH: Tire pressure unsafe for current speed
1779686534.584,282.8,90.4,8.1,3020.0,54.7,14.54,32.9,33.0,32.3,32.1,danger,optimal,danger,warning,optimal,optimal,→ stable,→ stable,→ stable,100.0,🚨 EMERGENCY,True,CRITICAL_TIRE_FAILURE_RISK|TIRE_PUNCTURE_RISK,100.0,0.0,🚨 EMERGENCY: TIRE BLOWOUT IMMINENT - Reduce speed immediately!|⚠️ CRITICAL: Tire puncture risk - Pressure dropping at high speed|⚠️ EXCESSIVE_SPEED: Vehicle speed exceeds safe limits|🛞 CRITICAL_PRESSURE: Tire flat or severely under-inflated|🚨 TIRE_SPEED_MISMATCH: Tire pressure unsafe for current speed
1779686535.585,279.1,89.9,7.9,2993.0,54.4,14.51,32.7,33.1,31.6,32.2,danger,optimal,danger,optimal,optimal,optimal,→ stable,→ stable,→ stable,100.0,🚨 EMERGENCY,True,CRITICAL_TIRE_FAILURE_RISK|TIRE_PUNCTURE_RISK,100.0,0.0,🚨 EMERGENCY: TIRE BLOWOUT IMMINENT - Reduce speed immediately!|⚠️ CRITICAL: Tire puncture risk - Pressure dropping at high speed|⚠️ EXCESSIVE_SPEED: Vehicle speed exceeds safe limits|🛞 CRITICAL_PRESSURE: Tire flat or severely under-inflated|🚨 TIRE_SPEED_MISMATCH: Tire pressure unsafe for current speed
1779686536.586,281.6,88.9,7.9,3013.0,55.8,14.46,32.9,32.7,31.7,32.2,danger,optimal,danger,warning,optimal,optimal,→ stable,→ stable,→ stable,100.0,🚨 EMERGENCY,True,CRITICAL_TIRE_FAILURE_RISK|TIRE_PUNCTURE_RISK,100.0,0.6,🚨 EMERGENCY: TIRE BLOWOUT IMMINENT - Reduce speed immediately!|⚠️ CRITICAL: Tire puncture risk - Pressure dropping at high speed|⚠️ EXCESSIVE_SPEED: Vehicle speed exceeds safe limits|🛞 CRITICAL_PRESSURE: Tire flat or severely under-inflated|🚨 TIRE_SPEED_MISMATCH: Tire pressure unsafe for current speed
1779686537.587,282.0,90.4,8.0,2997.0,55.3,14.46,32.8,32.7,32.3,32.0,danger,optimal,danger,optimal,optimal,optimal,→ stable,↓ decreasing,→ stable,100.0,🚨 EMERGENCY,True,CRITICAL_TIRE_FAILURE_RISK|TIRE_PUNCTURE_RISK,100.0,0.0,🚨 EMERGENCY: TIRE BLOWOUT IMMINENT - Reduce speed immediately!|⚠️ CRITICAL: Tire puncture risk - Pressure dropping at high speed|⚠️ EXCESSIVE_SPEED: Vehicle speed exceeds safe limits|🛞 CRITICAL_PRESSURE: Tire flat or severely under-inflated|🚨 TIRE_SPEED_MISMATCH: Tire pressure unsafe for current speed
1779686538.588,281.4,89.3,8.1,3048.0,54.1,14.53,32.8,33.1,31.8,32.2,danger,optimal,danger,warning,optimal,optimal,↑ increasing,↓ decreasing,→ stable,100.0,🚨 EMERGENCY,True,CRITICAL_TIRE_FAILURE_RISK|TIRE_PUNCTURE_RISK,100.0,0.2,🚨 EMERGENCY: TIRE BLOWOUT IMMINENT - Reduce speed immediately!|⚠️ CRITICAL: Tire puncture risk - Pressure dropping at high speed|⚠️ EXCESSIVE_SPEED: Vehicle speed exceeds safe limits|🛞 CRITICAL_PRESSURE: Tire flat or severely under-inflated|🚨 TIRE_SPEED_MISMATCH: Tire pressure unsafe for current speed
1779686539.589,280.7,89.7,7.7,2982.0,55.9,14.51,33.3,32.8,31.9,32.0,danger,optimal,danger,optimal,optimal,optimal,↑ increasing,→ stable,→ stable,100.0,🚨 EMERGENCY,True,CRITICAL_TIRE_FAILURE_RISK|TIRE_PUNCTURE_RISK,100.0,0.0,🚨 EMERGENCY: TIRE BLOWOUT IMMINENT - Reduce speed immediately!|⚠️ CRITICAL: Tire puncture risk - Pressure dropping at high speed|⚠️ EXCESSIVE_SPEED: Vehicle speed exceeds safe limits|🛞 CRITICAL_PRESSURE: Tire flat or severely under-inflated|🚨 TIRE_SPEED_MISMATCH: Tire pressure unsafe for current speed
1779686540.59,282.1,89.6,8.1,3042.0,54.4,14.47,33.2,32.7,31.9,32.3,danger,optimal,danger,warning,optimal,optimal,↑ increasing,→ stable,→ stable,100.0,🚨 EMERGENCY,True,CRITICAL_TIRE_FAILURE_RISK|TIRE_PUNCTURE_RISK,100.0,0.1,🚨 EMERGENCY: TIRE BLOWOUT IMMINENT - Reduce speed immediately!|⚠️ CRITICAL: Tire puncture risk - Pressure dropping at high speed|⚠️ EXCESSIVE_SPEED: Vehicle speed exceeds safe limits|🛞 CRITICAL_PRESSURE: Tire flat or severely under-inflated|🚨 TIRE_SPEED_MISMATCH: Tire pressure unsafe for current speed
1779686541.59,277.5,88.8,7.8,2988.0,55.3,14.54,33.3,33.0,32.3,31.8,danger,optimal,danger,optimal,optimal,optimal,↑ increasing,→ stable,→ stable,100.0,🚨 EMERGENCY,True,CRITICAL_TIRE_FAILURE_RISK|TIRE_PUNCTURE_RISK,100.0,0.7,🚨 EMERGENCY: TIRE BLOWOUT IMMINENT - Reduce speed immediately!|⚠️ CRITICAL: Tire puncture risk - Pressure dropping at high speed|⚠️ EXCESSIVE_SPEED: Vehicle speed exceeds safe limits|🛞 CRITICAL_PRESSURE: Tire flat or severely under-inflated|🚨 TIRE_SPEED_MISMATCH: Tire pressure unsafe for current speed
1779686542.591,282.7,89.4,7.6,3040.0,54.9,14.51,33.4,33.3,31.6,32.0,danger,optimal,danger,warning,optimal,optimal,↑ increasing,→ stable,→ stable,100.0,🚨 EMERGENCY,True,CRITICAL_TIRE_FAILURE_RISK|TIRE_PUNCTURE_RISK,100.0,0.2,🚨 EMERGENCY: TIRE BLOWOUT IMMINENT - Reduce speed immediately!|⚠️ CRITICAL: Tire puncture risk - Pressure dropping at high speed|⚠️ EXCESSIVE_SPEED: Vehicle speed exceeds safe limits|🛞 CRITICAL_PRESSURE: Tire flat or severely under-inflated|🚨 TIRE_SPEED_MISMATCH: Tire pressure unsafe for current speed
1779686543.592,281.3,90.7,8.4,2970.0,54.7,14.49,33.3,33.3,31.7,31.9,danger,optimal,danger,optimal,optimal,optimal,↑ increasing,→ stable,→ stable,100.0,🚨 EMERGENCY,True,CRITICAL_TIRE_FAILURE_RISK|TIRE_PUNCTURE_RISK,100.0,0.0,🚨 EMERGENCY: TIRE BLOWOUT IMMINENT - Reduce speed immediately!|⚠️ CRITICAL: Tire puncture risk - Pressure dropping at high speed|⚠️ EXCESSIVE_SPEED: Vehicle speed exceeds safe limits|🛞 CRITICAL_PRESSURE: Tire flat or severely under-inflated|🚨 TIRE_SPEED_MISMATCH: Tire pressure unsafe for current speed
1779686544.593,280.0,90.3,8.1,2970.0,54.5,14.46,33.2,33.2,31.9,32.2,danger,optimal,danger,optimal,optimal,optimal,↑ increasing,→ stable,→ stable,100.0,🚨 EMERGENCY,True,CRITICAL_TIRE_FAILURE_RISK|TIRE_PUNCTURE_RISK,100.0,0.0,🚨 EMERGENCY: TIRE BLOWOUT IMMINENT - Reduce speed immediately!|⚠️ CRITICAL: Tire puncture risk - Pressure dropping at high speed|⚠️ EXCESSIVE_SPEED: Vehicle speed exceeds safe limits|🛞 CRITICAL_PRESSURE: Tire flat or severely under-inflated|🚨 TIRE_SPEED_MISMATCH: Tire pressure unsafe for current speed
1779686545.593,278.5,91.0,7.9,2966.0,54.2,14.52,33.2,32.7,32.2,31.7,danger,optimal,danger,optimal,optimal,optimal,↑ increasing,→ stable,→ stable,100.0,🚨 EMERGENCY,True,CRITICAL_TIRE_FAILURE_RISK|TIRE_PUNCTURE_RISK,100.0,0.0,🚨 EMERGENCY: TIRE BLOWOUT IMMINENT - Reduce speed immediately!|⚠️ CRITICAL: Tire puncture risk - Pressure dropping at high speed|⚠️ EXCESSIVE_SPEED: Vehicle speed exceeds safe limits|🛞 CRITICAL_PRESSURE: Tire flat or severely under-inflated|🚨 TIRE_SPEED_MISMATCH: Tire pressure unsafe for current speed
1779686546.595,282.1,91.0,7.9,2986.0,54.5,14.55,33.3,32.8,32.0,31.9,danger,optimal,danger,optimal,optimal,optimal,↑ increasing,→ stable,→ stable,100.0,🚨 EMERGENCY,True,CRITICAL_TIRE_FAILURE_RISK|TIRE_PUNCTURE_RISK,100.0,0.0,🚨 EMERGENCY: TIRE BLOWOUT IMMINENT - Reduce speed immediately!|⚠️ CRITICAL: Tire puncture risk - Pressure dropping at high speed|⚠️ EXCESSIVE_SPEED: Vehicle speed exceeds safe limits|🛞 CRITICAL_PRESSURE: Tire flat or severely under-inflated|🚨 TIRE_SPEED_MISMATCH: Tire pressure unsafe for current speed
1779686547.596,282.3,90.2,8.1,2962.0,55.6,14.52,32.6,33.3,32.3,32.1,danger,optimal,danger,optimal,optimal,optimal,↑ increasing,→ stable,→ stable,100.0,🚨 EMERGENCY,True,CRITICAL_TIRE_FAILURE_RISK|TIRE_PUNCTURE_RISK,100.0,0.0,🚨 EMERGENCY: TIRE BLOWOUT IMMINENT - Reduce speed immediately!|⚠️ CRITICAL: Tire puncture risk - Pressure dropping at high speed|⚠️ EXCESSIVE_SPEED: Vehicle speed exceeds safe limits|🛞 CRITICAL_PRESSURE: Tire flat or severely under-inflated|🚨 TIRE_SPEED_MISMATCH: Tire pressure unsafe for current speed
1779686548.596,282.1,90.6,7.9,3024.0,54.3,14.51,32.9,32.7,31.7,32.1,danger,optimal,danger,warning,optimal,optimal,→ stable,→ stable,→ stable,100.0,🚨 EMERGENCY,True,CRITICAL_TIRE_FAILURE_RISK|TIRE_PUNCTURE_RISK,100.0,0.0,🚨 EMERGENCY: TIRE BLOWOUT IMMINENT - Reduce speed immediately!|⚠️ CRITICAL: Tire puncture risk - Pressure dropping at high speed|⚠️ EXCESSIVE_SPEED: Vehicle speed exceeds safe limits|🛞 CRITICAL_PRESSURE: Tire flat or severely under-inflated|🚨 TIRE_SPEED_MISMATCH: Tire pressure unsafe for current speed
1779686549.596,281.9,90.6,8.2,3045.0,55.0,14.48,32.8,32.8,31.7,31.9,danger,optimal,danger,warning,optimal,optimal,↑ increasing,→ stable,→ stable,100.0,🚨 EMERGENCY,True,CRITICAL_TIRE_FAILURE_RISK|TIRE_PUNCTURE_RISK,100.0,0.0,🚨 EMERGENCY: TIRE BLOWOUT IMMINENT - Reduce speed immediately!|⚠️ CRITICAL: Tire puncture risk - Pressure dropping at high speed|⚠️ EXCESSIVE_SPEED: Vehicle speed exceeds safe limits|🛞 CRITICAL_PRESSURE: Tire flat or severely under-inflated|🚨 TIRE_SPEED_MISMATCH: Tire pressure unsafe for current speed
1779686550.597,280.5,90.9,8.2,2973.0,54.3,14.49,33.2,33.2,32.2,31.7,danger,optimal,danger,optimal,optimal,optimal,→ stable,→ stable,→ stable,100.0,🚨 EMERGENCY,True,CRITICAL_TIRE_FAILURE_RISK|TIRE_PUNCTURE_RISK,100.0,0.0,🚨 EMERGENCY: TIRE BLOWOUT IMMINENT - Reduce speed immediately!|⚠️ CRITICAL: Tire puncture risk - Pressure dropping at high speed|⚠️ EXCESSIVE_SPEED: Vehicle speed exceeds safe limits|🛞 CRITICAL_PRESSURE: Tire flat or severely under-inflated|🚨 TIRE_SPEED_MISMATCH: Tire pressure unsafe for current speed
1779686551.597,282.5,89.4,8.2,3004.0,54.4,14.47,32.7,33.3,31.9,31.7,danger,optimal,danger,warning,optimal,optimal,→ stable,↑ increasing,→ stable,100.0,🚨 EMERGENCY,True,CRITICAL_TIRE_FAILURE_RISK|TIRE_PUNCTURE_RISK,100.0,0.2,🚨 EMERGENCY: TIRE BLOWOUT IMMINENT - Reduce speed immediately!|⚠️ CRITICAL: Tire puncture risk - Pressure dropping at high speed|⚠️ EXCESSIVE_SPEED: Vehicle speed exceeds safe limits|🛞 CRITICAL_PRESSURE: Tire flat or severely under-inflated|🚨 TIRE_SPEED_MISMATCH: Tire pressure unsafe for current speed
1779686552.599,278.5,89.8,8.3,3014.0,54.3,14.54,32.8,33.4,32.2,32.0,danger,optimal,danger,warning,optimal,optimal,→ stable,↑ increasing,→ stable,100.0,🚨 EMERGENCY,True,CRITICAL_TIRE_FAILURE_RISK|TIRE_PUNCTURE_RISK,100.0,0.0,🚨 EMERGENCY: TIRE BLOWOUT IMMINENT - Reduce speed immediately!|⚠️ CRITICAL: Tire puncture risk - Pressure dropping at high speed|⚠️ EXCESSIVE_SPEED: Vehicle speed exceeds safe limits|🛞 CRITICAL_PRESSURE: Tire flat or severely under-inflated|🚨 TIRE_SPEED_MISMATCH: Tire pressure unsafe for current speed
1779686553.599,281.7,90.6,7.7,3050.0,55.1,14.54,33.0,33.3,32.2,32.4,danger,optimal,danger,warning,optimal,optimal,→ stable,↑ increasing,→ stable,100.0,🚨 EMERGENCY,True,CRITICAL_TIRE_FAILURE_RISK|TIRE_PUNCTURE_RISK,100.0,0.0,🚨 EMERGENCY: TIRE BLOWOUT IMMINENT - Reduce speed immediately!|⚠️ CRITICAL: Tire puncture risk - Pressure dropping at high speed|⚠️ EXCESSIVE_SPEED: Vehicle speed exceeds safe limits|🛞 CRITICAL_PRESSURE: Tire flat or severely under-inflated|🚨 TIRE_SPEED_MISMATCH: Tire pressure unsafe for current speed
1779686554.6,279.8,91.2,8.0,3013.0,55.0,14.48,33.0,33.2,32.2,32.2,danger,optimal,danger,warning,optimal,optimal,→ stable,↑ increasing,→ stable,100.0,🚨 EMERGENCY,True,CRITICAL_TIRE_FAILURE_RISK|TIRE_PUNCTURE_RISK,100.0,0.0,🚨 EMERGENCY: TIRE BLOWOUT IMMINENT - Reduce speed immediately!|⚠️ CRITICAL: Tire puncture risk - Pressure dropping at high speed|⚠️ EXCESSIVE_SPEED: Vehicle speed exceeds safe limits|🛞 CRITICAL_PRESSURE: Tire flat or severely under-inflated|🚨 TIRE_SPEED_MISMATCH: Tire pressure unsafe for current speed
1779686555.601,277.7,91.0,8.0,2994.0,55.9,14.46,32.6,33.3,32.0,32.4,danger,optimal,danger,optimal,optimal,optimal,→ stable,↑ increasing,→ stable,100.0,🚨 EMERGENCY,True,CRITICAL_TIRE_FAILURE_RISK|TIRE_PUNCTURE_RISK,100.0,0.0,🚨 EMERGENCY: TIRE BLOWOUT IMMINENT - Reduce speed immediately!|⚠️ CRITICAL: Tire puncture risk - Pressure dropping at high speed|⚠️ EXCESSIVE_SPEED: Vehicle speed exceeds safe limits|🛞 CRITICAL_PRESSURE: Tire flat or severely under-inflated|🚨 TIRE_SPEED_MISMATCH: Tire pressure unsafe for current speed
1779686556.603,278.6,90.5,8.0,3030.0,56.0,14.47,32.6,33.0,31.6,32.0,danger,optimal,danger,warning,optimal,optimal,→ stable,→ stable,→ stable,100.0,🚨 EMERGENCY,True,CRITICAL_TIRE_FAILURE_RISK|TIRE_PUNCTURE_RISK,100.0,0.0,🚨 EMERGENCY: TIRE BLOWOUT IMMINENT - Reduce speed immediately!|⚠️ CRITICAL: Tire puncture risk - Pressure dropping at high speed|⚠️ EXCESSIVE_SPEED: Vehicle speed exceeds safe limits|🛞 CRITICAL_PRESSURE: Tire flat or severely under-inflated|🚨 TIRE_SPEED_MISMATCH: Tire pressure unsafe for current speed
1779686557.604,277.3,89.9,7.9,2990.0,55.5,14.46,33.3,32.6,32.4,32.1,danger,optimal,danger,optimal,optimal,optimal,↓ decreasing,→ stable,→ stable,100.0,🚨 EMERGENCY,True,CRITICAL_TIRE_FAILURE_RISK|TIRE_PUNCTURE_RISK,100.0,0.0,🚨 EMERGENCY: TIRE BLOWOUT IMMINENT - Reduce speed immediately!|⚠️ CRITICAL: Tire puncture risk - Pressure dropping at high speed|⚠️ EXCESSIVE_SPEED: Vehicle speed exceeds safe limits|🛞 CRITICAL_PRESSURE: Tire flat or severely under-inflated|🚨 TIRE_SPEED_MISMATCH: Tire pressure unsafe for current speed
1779686558.604,279.2,91.2,7.9,3029.0,55.1,14.48,32.7,32.8,31.6,32.4,danger,optimal,danger,warning,optimal,optimal,↓ decreasing,→ stable,→ stable,100.0,🚨 EMERGENCY,True,CRITICAL_TIRE_FAILURE_RISK|TIRE_PUNCTURE_RISK,100.0,0.0,🚨 EMERGENCY: TIRE BLOWOUT IMMINENT - Reduce speed immediately!|⚠️ CRITICAL: Tire puncture risk - Pressure dropping at high speed|⚠️ EXCESSIVE_SPEED: Vehicle speed exceeds safe limits|🛞 CRITICAL_PRESSURE: Tire flat or severely under-inflated|🚨 TIRE_SPEED_MISMATCH: Tire pressure unsafe for current speed
1779686559.605,277.7,89.2,8.1,3028.0,54.0,14.5,33.2,33.1,32.3,31.8,danger,optimal,danger,warning,optimal,optimal,↓ decreasing,→ stable,→ stable,100.0,🚨 EMERGENCY,True,CRITICAL_TIRE_FAILURE_RISK|TIRE_PUNCTURE_RISK,100.0,0.3,🚨 EMERGENCY: TIRE BLOWOUT IMMINENT - Reduce speed immediately!|⚠️ CRITICAL: Tire puncture risk - Pressure dropping at high speed|⚠️ EXCESSIVE_SPEED: Vehicle speed exceeds safe limits|🛞 CRITICAL_PRESSURE: Tire flat or severely under-inflated|🚨 TIRE_SPEED_MISMATCH: Tire pressure unsafe for current speed
1779686560.607,277.9,89.0,8.3,3031.0,55.6,14.54,33.3,33.1,32.4,31.8,danger,optimal,danger,warning,optimal,optimal,↓ decreasing,→ stable,→ stable,100.0,🚨 EMERGENCY,True,CRITICAL_TIRE_FAILURE_RISK|TIRE_PUNCTURE_RISK,100.0,0.5,🚨 EMERGENCY: TIRE BLOWOUT IMMINENT - Reduce speed immediately!|⚠️ CRITICAL: Tire puncture risk - Pressure dropping at high speed|⚠️ EXCESSIVE_SPEED: Vehicle speed exceeds safe limits|🛞 CRITICAL_PRESSURE: Tire flat or severely under-inflated|🚨 TIRE_SPEED_MISMATCH: Tire pressure unsafe for current speed
1779686561.608,282.2,88.6,7.8,3047.0,55.6,14.52,32.8,33.1,32.1,31.8,danger,optimal,danger,warning,optimal,optimal,↓ decreasing,→ stable,→ stable,100.0,🚨 EMERGENCY,True,CRITICAL_TIRE_FAILURE_RISK|TIRE_PUNCTURE_RISK,100.0,1.0,🚨 EMERGENCY: TIRE BLOWOUT IMMINENT - Reduce speed immediately!|⚠️ CRITICAL: Tire puncture risk - Pressure dropping at high speed|⚠️ EXCESSIVE_SPEED: Vehicle speed exceeds safe limits|🛞 CRITICAL_PRESSURE: Tire flat or severely under-inflated|🚨 TIRE_SPEED_MISMATCH: Tire pressure unsafe for current speed
1779686562.609,279.2,90.8,7.8,3024.0,54.3,14.5,33.2,33.1,31.6,31.6,danger,optimal,danger,warning,optimal,optimal,↓ decreasing,→ stable,→ stable,100.0,🚨 EMERGENCY,True,CRITICAL_TIRE_FAILURE_RISK|TIRE_PUNCTURE_RISK,100.0,0.0,🚨 EMERGENCY: TIRE BLOWOUT IMMINENT - Reduce speed immediately!|⚠️ CRITICAL: Tire puncture risk - Pressure dropping at high speed|⚠️ EXCESSIVE_SPEED: Vehicle speed exceeds safe limits|🛞 CRITICAL_PRESSURE: Tire flat or severely under-inflated|🚨 TIRE_SPEED_MISMATCH: Tire pressure unsafe for current speed
1779686563.611,282.6,90.0,8.2,2980.0,55.9,14.5,32.8,32.7,32.2,32.3,danger,optimal,danger,optimal,optimal,optimal,↓ decreasing,→ stable,→ stable,100.0,🚨 EMERGENCY,True,CRITICAL_TIRE_FAILURE_RISK|TIRE_PUNCTURE_RISK,100.0,0.0,🚨 EMERGENCY: TIRE BLOWOUT IMMINENT - Reduce speed immediately!|⚠️ CRITICAL: Tire puncture risk - Pressure dropping at high speed|⚠️ EXCESSIVE_SPEED: Vehicle speed exceeds safe limits|🛞 CRITICAL_PRESSURE: Tire flat or severely under-inflated|🚨 TIRE_SPEED_MISMATCH: Tire pressure unsafe for current speed
1779686564.611,278.2,88.8,8.0,3040.0,55.7,14.49,33.2,32.9,31.6,31.6,danger,optimal,danger,warning,optimal,optimal,↓ decreasing,↓ decreasing,→ stable,100.0,🚨 EMERGENCY,True,CRITICAL_TIRE_FAILURE_RISK|TIRE_PUNCTURE_RISK,100.0,0.7,🚨 EMERGENCY: TIRE BLOWOUT IMMINENT - Reduce speed immediately!|⚠️ CRITICAL: Tire puncture risk - Pressure dropping at high speed|⚠️ EXCESSIVE_SPEED: Vehicle speed exceeds safe limits|🛞 CRITICAL_PRESSURE: Tire flat or severely under-inflated|🚨 TIRE_SPEED_MISMATCH: Tire pressure unsafe for current speed
1779686565.611,281.9,90.0,8.0,2953.0,55.3,14.47,33.0,33.0,32.0,31.7,danger,optimal,danger,optimal,optimal,optimal,↓ decreasing,↓ decreasing,→ stable,100.0,🚨 EMERGENCY,True,CRITICAL_TIRE_FAILURE_RISK|TIRE_PUNCTURE_RISK,100.0,0.0,🚨 EMERGENCY: TIRE BLOWOUT IMMINENT - Reduce speed immediately!|⚠️ CRITICAL: Tire puncture risk - Pressure dropping at high speed|⚠️ EXCESSIVE_SPEED: Vehicle speed exceeds safe limits|🛞 CRITICAL_PRESSURE: Tire flat or severely under-inflated|🚨 TIRE_SPEED_MISMATCH: Tire pressure unsafe for current speed
1779686566.611,282.4,90.5,8.1,3003.0,55.2,14.46,33.1,33.3,31.7,31.7,danger,optimal,danger,warning,optimal,optimal,↓ decreasing,↓ decreasing,→ stable,100.0,🚨 EMERGENCY,True,CRITICAL_TIRE_FAILURE_RISK|TIRE_PUNCTURE_RISK,100.0,0.0,🚨 EMERGENCY: TIRE BLOWOUT IMMINENT - Reduce speed immediately!|⚠️ CRITICAL: Tire puncture risk - Pressure dropping at high speed|⚠️ EXCESSIVE_SPEED: Vehicle speed exceeds safe limits|🛞 CRITICAL_PRESSURE: Tire flat or severely under-inflated|🚨 TIRE_SPEED_MISMATCH: Tire pressure unsafe for current speed
1779686567.612,281.8,89.0,8.4,2999.0,55.5,14.53,33.0,32.7,31.8,31.7,danger,optimal,danger,optimal,optimal,optimal,→ stable,↓ decreasing,→ stable,100.0,🚨 EMERGENCY,True,CRITICAL_TIRE_FAILURE_RISK|TIRE_PUNCTURE_RISK,100.0,0.5,🚨 EMERGENCY: TIRE BLOWOUT IMMINENT - Reduce speed immediately!|⚠️ CRITICAL: Tire puncture risk - Pressure dropping at high speed|⚠️ EXCESSIVE_SPEED: Vehicle speed exceeds safe limits|🛞 CRITICAL_PRESSURE: Tire flat or severely under-inflated|🚨 TIRE_SPEED_MISMATCH: Tire pressure unsafe for current speed
1779686568.613,280.2,90.1,8.2,2968.0,54.2,14.46,32.9,33.3,31.9,32.2,danger,optimal,danger,optimal,optimal,optimal,↑ increasing,↓ decreasing,→ stable,100.0,🚨 EMERGENCY,True,CRITICAL_TIRE_FAILURE_RISK|TIRE_PUNCTURE_RISK,100.0,0.0,🚨 EMERGENCY: TIRE BLOWOUT IMMINENT - Reduce speed immediately!|⚠️ CRITICAL: Tire puncture risk - Pressure dropping at high speed|⚠️ EXCESSIVE_SPEED: Vehicle speed exceeds safe limits|🛞 CRITICAL_PRESSURE: Tire flat or severely under-inflated|🚨 TIRE_SPEED_MISMATCH: Tire pressure unsafe for current speed
1779686569.614,281.9,90.7,8.2,3015.0,55.8,14.48,32.6,33.4,32.2,32.2,danger,optimal,danger,warning,optimal,optimal,↑ increasing,↓ decreasing,→ stable,100.0,🚨 EMERGENCY,True,CRITICAL_TIRE_FAILURE_RISK|TIRE_PUNCTURE_RISK,100.0,0.0,🚨 EMERGENCY: TIRE BLOWOUT IMMINENT - Reduce speed immediately!|⚠️ CRITICAL: Tire puncture risk - Pressure dropping at high speed|⚠️ EXCESSIVE_SPEED: Vehicle speed exceeds safe limits|🛞 CRITICAL_PRESSURE: Tire flat or severely under-inflated|🚨 TIRE_SPEED_MISMATCH: Tire pressure unsafe for current speed
1779686570.615,281.8,88.7,7.8,2968.0,55.2,14.5,33.3,33.2,31.7,32.1,danger,optimal,danger,optimal,optimal,optimal,↑ increasing,→ stable,→ stable,100.0,🚨 EMERGENCY,True,CRITICAL_TIRE_FAILURE_RISK|TIRE_PUNCTURE_RISK,100.0,0.8,🚨 EMERGENCY: TIRE BLOWOUT IMMINENT - Reduce speed immediately!|⚠️ CRITICAL: Tire puncture risk - Pressure dropping at high speed|⚠️ EXCESSIVE_SPEED: Vehicle speed exceeds safe limits|🛞 CRITICAL_PRESSURE: Tire flat or severely under-inflated|🚨 TIRE_SPEED_MISMATCH: Tire pressure unsafe for current speed
1779686571.616,281.2,89.0,7.8,2956.0,55.3,14.5,32.9,33.1,32.2,32.2,danger,optimal,danger,optimal,optimal,optimal,↑ increasing,→ stable,→ stable,100.0,🚨 EMERGENCY,True,CRITICAL_TIRE_FAILURE_RISK|TIRE_PUNCTURE_RISK,100.0,0.5,🚨 EMERGENCY: TIRE BLOWOUT IMMINENT - Reduce speed immediately!|⚠️ CRITICAL: Tire puncture risk - Pressure dropping at high speed|⚠️ EXCESSIVE_SPEED: Vehicle speed exceeds safe limits|🛞 CRITICAL_PRESSURE: Tire flat or severely under-inflated|🚨 TIRE_SPEED_MISMATCH: Tire pressure unsafe for current speed
1779686572.617,282.5,90.7,8.0,3014.0,54.3,14.49,32.9,32.8,32.0,31.8,danger,optimal,danger,warning,optimal,optimal,↑ increasing,→ stable,→ stable,100.0,🚨 EMERGENCY,True,CRITICAL_TIRE_FAILURE_RISK|TIRE_PUNCTURE_RISK,100.0,0.0,🚨 EMERGENCY: TIRE BLOWOUT IMMINENT - Reduce speed immediately!|⚠️ CRITICAL: Tire puncture risk - Pressure dropping at high speed|⚠️ EXCESSIVE_SPEED: Vehicle speed exceeds safe limits|🛞 CRITICAL_PRESSURE: Tire flat or severely under-inflated|🚨 TIRE_SPEED_MISMATCH: Tire pressure unsafe for current speed
1779686573.618,278.5,91.2,7.6,3039.0,54.5,14.54,33.4,33.0,31.7,32.4,danger,optimal,danger,warning,optimal,optimal,↑ increasing,→ stable,→ stable,100.0,🚨 EMERGENCY,True,CRITICAL_TIRE_FAILURE_RISK|TIRE_PUNCTURE_RISK,100.0,0.0,🚨 EMERGENCY: TIRE BLOWOUT IMMINENT - Reduce speed immediately!|⚠️ CRITICAL: Tire puncture risk - Pressure dropping at high speed|⚠️ EXCESSIVE_SPEED: Vehicle speed exceeds safe limits|🛞 CRITICAL_PRESSURE: Tire flat or severely under-inflated|🚨 TIRE_SPEED_MISMATCH: Tire pressure unsafe for current speed
1779686574.619,279.1,89.1,8.0,2976.0,54.6,14.47,32.8,33.2,31.8,32.4,danger,optimal,danger,optimal,optimal,optimal,↑ increasing,→ stable,→ stable,100.0,🚨 EMERGENCY,True,CRITICAL_TIRE_FAILURE_RISK|TIRE_PUNCTURE_RISK,100.0,0.4,🚨 EMERGENCY: TIRE BLOWOUT IMMINENT - Reduce speed immediately!|⚠️ CRITICAL: Tire puncture risk - Pressure dropping at high speed|⚠️ EXCESSIVE_SPEED: Vehicle speed exceeds safe limits|🛞 CRITICAL_PRESSURE: Tire flat or severely under-inflated|🚨 TIRE_SPEED_MISMATCH: Tire pressure unsafe for current speed
1779686575.62,277.3,91.2,8.1,2976.0,54.3,14.47,32.8,33.4,32.2,31.7,danger,optimal,danger,optimal,optimal,optimal,↑ increasing,→ stable,→ stable,100.0,🚨 EMERGENCY,True,CRITICAL_TIRE_FAILURE_RISK|TIRE_PUNCTURE_RISK,100.0,0.0,🚨 EMERGENCY: TIRE BLOWOUT IMMINENT - Reduce speed immediately!|⚠️ CRITICAL: Tire puncture risk - Pressure dropping at high speed|⚠️ EXCESSIVE_SPEED: Vehicle speed exceeds safe limits|🛞 CRITICAL_PRESSURE: Tire flat or severely under-inflated|🚨 TIRE_SPEED_MISMATCH: Tire pressure unsafe for current speed
1779686576.622,278.3,91.4,8.3,3036.0,55.2,14.53,32.8,33.0,31.8,32.0,danger,optimal,danger,warning,optimal,optimal,→ stable,→ stable,→ stable,100.0,🚨 EMERGENCY,True,CRITICAL_TIRE_FAILURE_RISK|TIRE_PUNCTURE_RISK,100.0,0.0,🚨 EMERGENCY: TIRE BLOWOUT IMMINENT - Reduce speed immediately!|⚠️ CRITICAL: Tire puncture risk - Pressure dropping at high speed|⚠️ EXCESSIVE_SPEED: Vehicle speed exceeds safe limits|🛞 CRITICAL_PRESSURE: Tire flat or severely under-inflated|🚨 TIRE_SPEED_MISMATCH: Tire pressure unsafe for current speed
1779686577.622,281.7,88.9,8.2,3024.0,54.4,14.49,33.4,32.6,32.3,31.7,danger,optimal,danger,warning,optimal,optimal,→ stable,→ stable,→ stable,100.0,🚨 EMERGENCY,True,CRITICAL_TIRE_FAILURE_RISK|TIRE_PUNCTURE_RISK,100.0,0.6,🚨 EMERGENCY: TIRE BLOWOUT IMMINENT - Reduce speed immediately!|⚠️ CRITICAL: Tire puncture risk - Pressure dropping at high speed|⚠️ EXCESSIVE_SPEED: Vehicle speed exceeds safe limits|🛞 CRITICAL_PRESSURE: Tire flat or severely under-inflated|🚨 TIRE_SPEED_MISMATCH: Tire pressure unsafe for current speed
1779686578.623,280.5,89.3,8.1,2982.0,54.9,14.47,33.1,32.9,32.3,32.3,danger,optimal,danger,optimal,optimal,optimal,→ stable,→ stable,→ stable,100.0,🚨 EMERGENCY,True,CRITICAL_TIRE_FAILURE_RISK|TIRE_PUNCTURE_RISK,100.0,0.2,🚨 EMERGENCY: TIRE BLOWOUT IMMINENT - Reduce speed immediately!|⚠️ CRITICAL: Tire puncture risk - Pressure dropping at high speed|⚠️ EXCESSIVE_SPEED: Vehicle speed exceeds safe limits|🛞 CRITICAL_PRESSURE: Tire flat or severely under-inflated|🚨 TIRE_SPEED_MISMATCH: Tire pressure unsafe for current speed
1779686579.623,281.1,88.6,7.9,2962.0,54.6,14.49,32.9,33.3,31.8,31.9,danger,optimal,danger,optimal,optimal,optimal,↓ decreasing,→ stable,→ stable,100.0,🚨 EMERGENCY,True,CRITICAL_TIRE_FAILURE_RISK|TIRE_PUNCTURE_RISK,100.0,1.0,🚨 EMERGENCY: TIRE BLOWOUT IMMINENT - Reduce speed immediately!|⚠️ CRITICAL: Tire puncture risk - Pressure dropping at high speed|⚠️ EXCESSIVE_SPEED: Vehicle speed exceeds safe limits|🛞 CRITICAL_PRESSURE: Tire flat or severely under-inflated|🚨 TIRE_SPEED_MISMATCH: Tire pressure unsafe for current speed
1779686580.624,280.6,89.1,8.3,2995.0,54.1,14.51,33.1,33.1,32.3,31.7,danger,optimal,danger,optimal,optimal,optimal,↓ decreasing,→ stable,→ stable,100.0,🚨 EMERGENCY,True,CRITICAL_TIRE_FAILURE_RISK|TIRE_PUNCTURE_RISK,100.0,0.4,🚨 EMERGENCY: TIRE BLOWOUT IMMINENT - Reduce speed immediately!|⚠️ CRITICAL: Tire puncture risk - Pressure dropping at high speed|⚠️ EXCESSIVE_SPEED: Vehicle speed exceeds safe limits|🛞 CRITICAL_PRESSURE: Tire flat or severely under-inflated|🚨 TIRE_SPEED_MISMATCH: Tire pressure unsafe for current speed
1779686581.625,277.4,91.1,8.0,3038.0,54.6,14.54,33.1,32.7,31.7,32.2,danger,optimal,danger,warning,optimal,optimal,↓ decreasing,→ stable,→ stable,100.0,🚨 EMERGENCY,True,CRITICAL_TIRE_FAILURE_RISK|TIRE_PUNCTURE_RISK,100.0,0.0,🚨 EMERGENCY: TIRE BLOWOUT IMMINENT - Reduce speed immediately!|⚠️ CRITICAL: Tire puncture risk - Pressure dropping at high speed|⚠️ EXCESSIVE_SPEED: Vehicle speed exceeds safe limits|🛞 CRITICAL_PRESSURE: Tire flat or severely under-inflated|🚨 TIRE_SPEED_MISMATCH: Tire pressure unsafe for current speed
1779686582.626,277.7,89.1,7.9,2973.0,54.7,14.49,33.1,32.7,32.1,32.0,danger,optimal,danger,optimal,optimal,optimal,↓ decreasing,→ stable,→ stable,100.0,🚨 EMERGENCY,True,CRITICAL_TIRE_FAILURE_RISK|TIRE_PUNCTURE_RISK,100.0,0.4,🚨 EMERGENCY: TIRE BLOWOUT IMMINENT - Reduce speed immediately!|⚠️ CRITICAL: Tire puncture risk - Pressure dropping at high speed|⚠️ EXCESSIVE_SPEED: Vehicle speed exceeds safe limits|🛞 CRITICAL_PRESSURE: Tire flat or severely under-inflated|🚨 TIRE_SPEED_MISMATCH: Tire pressure unsafe for current speed
1779686583.627,280.8,88.9,7.8,2997.0,55.9,14.49,33.0,32.7,31.9,32.0,danger,optimal,danger,optimal,optimal,optimal,↓ decreasing,→ stable,→ stable,100.0,🚨 EMERGENCY,True,CRITICAL_TIRE_FAILURE_RISK|TIRE_PUNCTURE_RISK,100.0,0.6,🚨 EMERGENCY: TIRE BLOWOUT IMMINENT - Reduce speed immediately!|⚠️ CRITICAL: Tire puncture risk - Pressure dropping at high speed|⚠️ EXCESSIVE_SPEED: Vehicle speed exceeds safe limits|🛞 CRITICAL_PRESSURE: Tire flat or severely under-inflated|🚨 TIRE_SPEED_MISMATCH: Tire pressure unsafe for current speed
1779686584.629,278.9,90.2,8.1,3030.0,55.4,14.52,33.1,33.3,32.3,31.8,danger,optimal,danger,warning,optimal,optimal,↓ decreasing,→ stable,→ stable,100.0,🚨 EMERGENCY,True,CRITICAL_TIRE_FAILURE_RISK|TIRE_PUNCTURE_RISK,100.0,0.0,🚨 EMERGENCY: TIRE BLOWOUT IMMINENT - Reduce speed immediately!|⚠️ CRITICAL: Tire puncture risk - Pressure dropping at high speed|⚠️ EXCESSIVE_SPEED: Vehicle speed exceeds safe limits|🛞 CRITICAL_PRESSURE: Tire flat or severely under-inflated|🚨 TIRE_SPEED_MISMATCH: Tire pressure unsafe for current speed
1779686585.629,278.0,88.8,8.4,3022.0,54.3,14.47,32.9,33.2,31.7,31.7,danger,optimal,danger,warning,optimal,optimal,↓ decreasing,→ stable,→ stable,100.0,🚨 EMERGENCY,True,CRITICAL_TIRE_FAILURE_RISK|TIRE_PUNCTURE_RISK,100.0,0.7,🚨 EMERGENCY: TIRE BLOWOUT IMMINENT - Reduce speed immediately!|⚠️ CRITICAL: Tire puncture risk - Pressure dropping at high speed|⚠️ EXCESSIVE_SPEED: Vehicle speed exceeds safe limits|🛞 CRITICAL_PRESSURE: Tire flat or severely under-inflated|🚨 TIRE_SPEED_MISMATCH: Tire pressure unsafe for current speed
1779686586.63,277.1,90.5,8.4,3008.0,54.2,14.53,33.1,33.1,31.6,32.0,danger,optimal,danger,warning,optimal,optimal,↓ decreasing,↓ decreasing,→ stable,100.0,🚨 EMERGENCY,True,CRITICAL_TIRE_FAILURE_RISK|TIRE_PUNCTURE_RISK,100.0,0.0,🚨 EMERGENCY: TIRE BLOWOUT IMMINENT - Reduce speed immediately!|⚠️ CRITICAL: Tire puncture risk - Pressure dropping at high speed|⚠️ EXCESSIVE_SPEED: Vehicle speed exceeds safe limits|🛞 CRITICAL_PRESSURE: Tire flat or severely under-inflated|🚨 TIRE_SPEED_MISMATCH: Tire pressure unsafe for current speed
1779686587.63,280.4,88.6,7.9,3002.0,54.6,14.49,32.6,33.0,32.1,32.3,danger,optimal,danger,warning,optimal,optimal,↓ decreasing,↓ decreasing,→ stable,100.0,🚨 EMERGENCY,True,CRITICAL_TIRE_FAILURE_RISK|TIRE_PUNCTURE_RISK,100.0,1.0,🚨 EMERGENCY: TIRE BLOWOUT IMMINENT - Reduce speed immediately!|⚠️ CRITICAL: Tire puncture risk - Pressure dropping at high speed|⚠️ EXCESSIVE_SPEED: Vehicle speed exceeds safe limits|🛞 CRITICAL_PRESSURE: Tire flat or severely under-inflated|🚨 TIRE_SPEED_MISMATCH: Tire pressure unsafe for current speed
1779686588.63,279.0,90.2,7.6,2979.0,55.8,14.51,33.0,33.0,31.7,32.2,danger,optimal,danger,optimal,optimal,optimal,↓ decreasing,↓ decreasing,→ stable,100.0,🚨 EMERGENCY,True,CRITICAL_TIRE_FAILURE_RISK|TIRE_PUNCTURE_RISK,100.0,0.0,🚨 EMERGENCY: TIRE BLOWOUT IMMINENT - Reduce speed immediately!|⚠️ CRITICAL: Tire puncture risk - Pressure dropping at high speed|⚠️ EXCESSIVE_SPEED: Vehicle speed exceeds safe limits|🛞 CRITICAL_PRESSURE: Tire flat or severely under-inflated|🚨 TIRE_SPEED_MISMATCH: Tire pressure unsafe for current speed
1779686589.63,279.6,91.2,8.3,3022.0,55.8,14.49,33.1,32.9,32.0,31.7,danger,optimal,danger,warning,optimal,optimal,↓ decreasing,→ stable,→ stable,100.0,🚨 EMERGENCY,True,CRITICAL_TIRE_FAILURE_RISK|TIRE_PUNCTURE_RISK,100.0,0.0,🚨 EMERGENCY: TIRE BLOWOUT IMMINENT - Reduce speed immediately!|⚠️ CRITICAL: Tire puncture risk - Pressure dropping at high speed|⚠️ EXCESSIVE_SPEED: Vehicle speed exceeds safe limits|🛞 CRITICAL_PRESSURE: Tire flat or severely under-inflated|🚨 TIRE_SPEED_MISMATCH: Tire pressure unsafe for current speed
1779686590.63,282.5,89.1,7.6,3046.0,54.1,14.5,33.3,32.9,32.3,32.0,danger,optimal,danger,warning,optimal,optimal,↓ decreasing,→ stable,→ stable,100.0,🚨 EMERGENCY,True,CRITICAL_TIRE_FAILURE_RISK|TIRE_PUNCTURE_RISK,100.0,0.4,🚨 EMERGENCY: TIRE BLOWOUT IMMINENT - Reduce speed immediately!|⚠️ CRITICAL: Tire puncture risk - Pressure dropping at high speed|⚠️ EXCESSIVE_SPEED: Vehicle speed exceeds safe limits|🛞 CRITICAL_PRESSURE: Tire flat or severely under-inflated|🚨 TIRE_SPEED_MISMATCH: Tire pressure unsafe for current speed
1779686591.631,278.7,88.5,8.2,2974.0,54.3,14.46,33.0,33.2,32.3,32.0,danger,optimal,danger,optimal,optimal,optimal,→ stable,↓ decreasing,→ stable,100.0,🚨 EMERGENCY,True,CRITICAL_TIRE_FAILURE_RISK|TIRE_PUNCTURE_RISK,100.0,1.1,🚨 EMERGENCY: TIRE BLOWOUT IMMINENT - Reduce speed immediately!|⚠️ CRITICAL: Tire puncture risk - Pressure dropping at high speed|⚠️ EXCESSIVE_SPEED: Vehicle speed exceeds safe limits|🛞 CRITICAL_PRESSURE: Tire flat or severely under-inflated|🚨 TIRE_SPEED_MISMATCH: Tire pressure unsafe for current speed
1779686592.631,277.5,90.8,7.7,3040.0,54.8,14.52,32.6,33.4,31.9,32.3,danger,optimal,danger,warning,optimal,optimal,→ stable,→ stable,→ stable,100.0,🚨 EMERGENCY,True,CRITICAL_TIRE_FAILURE_RISK|TIRE_PUNCTURE_RISK,100.0,0.0,🚨 EMERGENCY: TIRE BLOWOUT IMMINENT - Reduce speed immediately!|⚠️ CRITICAL: Tire puncture risk - Pressure dropping at high speed|⚠️ EXCESSIVE_SPEED: Vehicle speed exceeds safe limits|🛞 CRITICAL_PRESSURE: Tire flat or severely under-inflated|🚨 TIRE_SPEED_MISMATCH: Tire pressure unsafe for current speed
1779686593.632,280.2,89.2,7.7,3025.0,55.9,14.52,32.8,33.0,32.2,32.3,danger,optimal,danger,warning,optimal,optimal,→ stable,→ stable,→ stable,100.0,🚨 EMERGENCY,True,CRITICAL_TIRE_FAILURE_RISK|TIRE_PUNCTURE_RISK,100.0,0.3,🚨 EMERGENCY: TIRE BLOWOUT IMMINENT - Reduce speed immediately!|⚠️ CRITICAL: Tire puncture risk - Pressure dropping at high speed|⚠️ EXCESSIVE_SPEED: Vehicle speed exceeds safe limits|🛞 CRITICAL_PRESSURE: Tire flat or severely under-inflated|🚨 TIRE_SPEED_MISMATCH: Tire pressure unsafe for current speed
1779686594.633,277.3,90.4,8.4,2973.0,55.1,14.47,33.2,32.9,32.3,31.9,danger,optimal,danger,optimal,optimal,optimal,→ stable,→ stable,→ stable,100.0,🚨 EMERGENCY,True,CRITICAL_TIRE_FAILURE_RISK|TIRE_PUNCTURE_RISK,100.0,0.0,🚨 EMERGENCY: TIRE BLOWOUT IMMINENT - Reduce speed immediately!|⚠️ CRITICAL: Tire puncture risk - Pressure dropping at high speed|⚠️ EXCESSIVE_SPEED: Vehicle speed exceeds safe limits|🛞 CRITICAL_PRESSURE: Tire flat or severely under-inflated|🚨 TIRE_SPEED_MISMATCH: Tire pressure unsafe for current speed
1779686595.634,279.2,89.7,8.4,3011.0,55.7,14.54,33.3,33.1,31.9,31.6,danger,optimal,danger,warning,optimal,optimal,→ stable,→ stable,→ stable,100.0,🚨 EMERGENCY,True,CRITICAL_TIRE_FAILURE_RISK|TIRE_PUNCTURE_RISK,100.0,0.0,🚨 EMERGENCY: TIRE BLOWOUT IMMINENT - Reduce speed immediately!|⚠️ CRITICAL: Tire puncture risk - Pressure dropping at high speed|⚠️ EXCESSIVE_SPEED: Vehicle speed exceeds safe limits|🛞 CRITICAL_PRESSURE: Tire flat or severely under-inflated|🚨 TIRE_SPEED_MISMATCH: Tire pressure unsafe for current speed
1779686596.636,278.9,89.5,8.0,2962.0,55.9,14.49,33.0,33.2,31.8,32.4,danger,optimal,danger,optimal,optimal,optimal,→ stable,→ stable,→ stable,100.0,🚨 EMERGENCY,True,CRITICAL_TIRE_FAILURE_RISK|TIRE_PUNCTURE_RISK,100.0,0.1,🚨 EMERGENCY: TIRE BLOWOUT IMMINENT - Reduce speed immediately!|⚠️ CRITICAL: Tire puncture risk - Pressure dropping at high speed|⚠️ EXCESSIVE_SPEED: Vehicle speed exceeds safe limits|🛞 CRITICAL_PRESSURE: Tire flat or severely under-inflated|🚨 TIRE_SPEED_MISMATCH: Tire pressure unsafe for current speed
1779686597.636,279.9,90.1,7.6,2967.0,55.3,14.5,33.0,33.2,32.2,31.9,danger,optimal,danger,optimal,optimal,optimal,→ stable,→ stable,→ stable,100.0,🚨 EMERGENCY,True,CRITICAL_TIRE_FAILURE_RISK|TIRE_PUNCTURE_RISK,100.0,0.0,🚨 EMERGENCY: TIRE BLOWOUT IMMINENT - Reduce speed immediately!|⚠️ CRITICAL: Tire puncture risk - Pressure dropping at high speed|⚠️ EXCESSIVE_SPEED: Vehicle speed exceeds safe limits|🛞 CRITICAL_PRESSURE: Tire flat or severely under-inflated|🚨 TIRE_SPEED_MISMATCH: Tire pressure unsafe for current speed
1779686598.639,280.0,90.5,8.0,3015.0,55.1,14.48,32.7,32.7,32.1,31.7,danger,optimal,danger,warning,optimal,optimal,→ stable,→ stable,→ stable,100.0,🚨 EMERGENCY,True,CRITICAL_TIRE_FAILURE_RISK|TIRE_PUNCTURE_RISK,100.0,0.0,🚨 EMERGENCY: TIRE BLOWOUT IMMINENT - Reduce speed immediately!|⚠️ CRITICAL: Tire puncture risk - Pressure dropping at high speed|⚠️ EXCESSIVE_SPEED: Vehicle speed exceeds safe limits|🛞 CRITICAL_PRESSURE: Tire flat or severely under-inflated|🚨 TIRE_SPEED_MISMATCH: Tire pressure unsafe for current speed
1779686599.639,277.8,90.0,7.7,2988.0,54.8,14.47,33.2,32.6,31.7,32.0,danger,optimal,danger,optimal,optimal,optimal,→ stable,→ stable,→ stable,100.0,🚨 EMERGENCY,True,CRITICAL_TIRE_FAILURE_RISK|TIRE_PUNCTURE_RISK,100.0,0.0,🚨 EMERGENCY: TIRE BLOWOUT IMMINENT - Reduce speed immediately!|⚠️ CRITICAL: Tire puncture risk - Pressure dropping at high speed|⚠️ EXCESSIVE_SPEED: Vehicle speed exceeds safe limits|🛞 CRITICAL_PRESSURE: Tire flat or severely under-inflated|🚨 TIRE_SPEED_MISMATCH: Tire pressure unsafe for current speed
1779686600.64,282.6,89.9,7.9,3019.0,54.9,14.46,32.8,33.3,32.1,32.4,danger,optimal,danger,warning,optimal,optimal,→ stable,→ stable,→ stable,100.0,🚨 EMERGENCY,True,CRITICAL_TIRE_FAILURE_RISK|TIRE_PUNCTURE_RISK,100.0,0.0,🚨 EMERGENCY: TIRE BLOWOUT IMMINENT - Reduce speed immediately!|⚠️ CRITICAL: Tire puncture risk - Pressure dropping at high speed|⚠️ EXCESSIVE_SPEED: Vehicle speed exceeds safe limits|🛞 CRITICAL_PRESSURE: Tire flat or severely under-inflated|🚨 TIRE_SPEED_MISMATCH: Tire pressure unsafe for current speed
1779686601.64,279.9,90.5,8.2,2987.0,55.6,14.47,33.0,33.4,32.2,31.7,danger,optimal,danger,optimal,optimal,optimal,→ stable,↑ increasing,→ stable,100.0,🚨 EMERGENCY,True,CRITICAL_TIRE_FAILURE_RISK|TIRE_PUNCTURE_RISK,100.0,0.0,🚨 EMERGENCY: TIRE BLOWOUT IMMINENT - Reduce speed immediately!|⚠️ CRITICAL: Tire puncture risk - Pressure dropping at high speed|⚠️ EXCESSIVE_SPEED: Vehicle speed exceeds safe limits|🛞 CRITICAL_PRESSURE: Tire flat or severely under-inflated|🚨 TIRE_SPEED_MISMATCH: Tire pressure unsafe for current speed
1779686602.642,281.8,90.1,7.9,3002.0,55.2,14.49,33.0,32.7,31.7,31.6,danger,optimal,danger,warning,optimal,optimal,↑ increasing,→ stable,→ stable,100.0,🚨 EMERGENCY,True,CRITICAL_TIRE_FAILURE_RISK|TIRE_PUNCTURE_RISK,100.0,0.0,🚨 EMERGENCY: TIRE BLOWOUT IMMINENT - Reduce speed immediately!|⚠️ CRITICAL: Tire puncture risk - Pressure dropping at high speed|⚠️ EXCESSIVE_SPEED: Vehicle speed exceeds safe limits|🛞 CRITICAL_PRESSURE: Tire flat or severely under-inflated|🚨 TIRE_SPEED_MISMATCH: Tire pressure unsafe for current speed
1779686603.642,277.1,90.4,8.0,3043.0,55.0,14.5,32.6,33.1,32.3,31.7,danger,optimal,danger,warning,optimal,optimal,→ stable,→ stable,→ stable,100.0,🚨 EMERGENCY,True,CRITICAL_TIRE_FAILURE_RISK|TIRE_PUNCTURE_RISK,100.0,0.0,🚨 EMERGENCY: TIRE BLOWOUT IMMINENT - Reduce speed immediately!|⚠️ CRITICAL: Tire puncture risk - Pressure dropping at high speed|⚠️ EXCESSIVE_SPEED: Vehicle speed exceeds safe limits|🛞 CRITICAL_PRESSURE: Tire flat or severely under-inflated|🚨 TIRE_SPEED_MISMATCH: Tire pressure unsafe for current speed
1779686604.643,281.6,88.5,8.1,2973.0,55.6,14.48,33.3,32.6,32.0,31.8,danger,optimal,danger,optimal,optimal,optimal,↑ increasing,→ stable,→ stable,100.0,🚨 EMERGENCY,True,CRITICAL_TIRE_FAILURE_RISK|TIRE_PUNCTURE_RISK,100.0,1.1,🚨 EMERGENCY: TIRE BLOWOUT IMMINENT - Reduce speed immediately!|⚠️ CRITICAL: Tire puncture risk - Pressure dropping at high speed|⚠️ EXCESSIVE_SPEED: Vehicle speed exceeds safe limits|🛞 CRITICAL_PRESSURE: Tire flat or severely under-inflated|🚨 TIRE_SPEED_MISMATCH: Tire pressure unsafe for current speed
1779686605.645,280.1,89.4,8.4,2992.0,54.5,14.5,33.3,32.7,32.0,32.2,danger,optimal,danger,optimal,optimal,optimal,↑ increasing,→ stable,→ stable,100.0,🚨 EMERGENCY,True,CRITICAL_TIRE_FAILURE_RISK|TIRE_PUNCTURE_RISK,100.0,0.2,🚨 EMERGENCY: TIRE BLOWOUT IMMINENT - Reduce speed immediately!|⚠️ CRITICAL: Tire puncture risk - Pressure dropping at high speed|⚠️ EXCESSIVE_SPEED: Vehicle speed exceeds safe limits|🛞 CRITICAL_PRESSURE: Tire flat or severely under-inflated|🚨 TIRE_SPEED_MISMATCH: Tire pressure unsafe for current speed
1779686606.645,277.6,90.8,7.7,2979.0,54.1,14.45,33.4,33.3,32.0,32.0,danger,optimal,danger,optimal,optimal,optimal,↑ increasing,→ stable,→ stable,100.0,🚨 EMERGENCY,True,CRITICAL_TIRE_FAILURE_RISK|TIRE_PUNCTURE_RISK,100.0,0.0,🚨 EMERGENCY: TIRE BLOWOUT IMMINENT - Reduce speed immediately!|⚠️ CRITICAL: Tire puncture risk - Pressure dropping at high speed|⚠️ EXCESSIVE_SPEED: Vehicle speed exceeds safe limits|🛞 CRITICAL_PRESSURE: Tire flat or severely under-inflated|🚨 TIRE_SPEED_MISMATCH: Tire pressure unsafe for current speed
1779686607.646,280.6,88.7,7.7,2993.0,54.6,14.54,33.0,33.1,32.1,32.1,danger,optimal,danger,optimal,optimal,optimal,↑ increasing,→ stable,→ stable,100.0,🚨 EMERGENCY,True,CRITICAL_TIRE_FAILURE_RISK|TIRE_PUNCTURE_RISK,100.0,0.8,🚨 EMERGENCY: TIRE BLOWOUT IMMINENT - Reduce speed immediately!|⚠️ CRITICAL: Tire puncture risk - Pressure dropping at high speed|⚠️ EXCESSIVE_SPEED: Vehicle speed exceeds safe limits|🛞 CRITICAL_PRESSURE: Tire flat or severely under-inflated|🚨 TIRE_SPEED_MISMATCH: Tire pressure unsafe for current speed
1779686608.648,277.3,89.5,8.2,3007.0,55.9,14.53,32.8,33.1,32.0,32.2,danger,optimal,danger,warning,optimal,optimal,→ stable,→ stable,→ stable,100.0,🚨 EMERGENCY,True,CRITICAL_TIRE_FAILURE_RISK|TIRE_PUNCTURE_RISK,100.0,0.1,🚨 EMERGENCY: TIRE BLOWOUT IMMINENT - Reduce speed immediately!|⚠️ CRITICAL: Tire puncture risk - Pressure dropping at high speed|⚠️ EXCESSIVE_SPEED: Vehicle speed exceeds safe limits|🛞 CRITICAL_PRESSURE: Tire flat or severely under-inflated|🚨 TIRE_SPEED_MISMATCH: Tire pressure unsafe for current speed
1779686609.648,278.4,89.5,8.3,2993.0,55.5,14.48,32.9,33.0,31.9,32.3,danger,optimal,danger,optimal,optimal,optimal,→ stable,→ stable,→ stable,100.0,🚨 EMERGENCY,True,CRITICAL_TIRE_FAILURE_RISK|TIRE_PUNCTURE_RISK,100.0,0.1,🚨 EMERGENCY: TIRE BLOWOUT IMMINENT - Reduce speed immediately!|⚠️ CRITICAL: Tire puncture risk - Pressure dropping at high speed|⚠️ EXCESSIVE_SPEED: Vehicle speed exceeds safe limits|🛞 CRITICAL_PRESSURE: Tire flat or severely under-inflated|🚨 TIRE_SPEED_MISMATCH: Tire pressure unsafe for current speed
1779686610.649,279.5,89.7,8.2,3025.0,55.1,14.49,33.2,32.7,32.2,31.9,danger,optimal,danger,warning,optimal,optimal,→ stable,→ stable,→ stable,100.0,🚨 EMERGENCY,True,CRITICAL_TIRE_FAILURE_RISK|TIRE_PUNCTURE_RISK,100.0,0.0,🚨 EMERGENCY: TIRE BLOWOUT IMMINENT - Reduce speed immediately!|⚠️ CRITICAL: Tire puncture risk - Pressure dropping at high speed|⚠️ EXCESSIVE_SPEED: Vehicle speed exceeds safe limits|🛞 CRITICAL_PRESSURE: Tire flat or severely under-inflated|🚨 TIRE_SPEED_MISMATCH: Tire pressure unsafe for current speed
1779686611.649,282.7,91.4,7.8,2988.0,54.3,14.5,32.8,33.4,32.3,32.1,danger,optimal,danger,optimal,optimal,optimal,→ stable,→ stable,→ stable,100.0,🚨 EMERGENCY,True,CRITICAL_TIRE_FAILURE_RISK|TIRE_PUNCTURE_RISK,100.0,0.0,🚨 EMERGENCY: TIRE BLOWOUT IMMINENT - Reduce speed immediately!|⚠️ CRITICAL: Tire puncture risk - Pressure dropping at high speed|⚠️ EXCESSIVE_SPEED: Vehicle speed exceeds safe limits|🛞 CRITICAL_PRESSURE: Tire flat or severely under-inflated|🚨 TIRE_SPEED_MISMATCH: Tire pressure unsafe for current speed
1779686612.65,280.2,88.8,8.3,2974.0,55.8,14.51,33.2,32.7,32.2,32.2,danger,optimal,danger,optimal,optimal,optimal,→ stable,→ stable,→ stable,100.0,🚨 EMERGENCY,True,CRITICAL_TIRE_FAILURE_RISK|TIRE_PUNCTURE_RISK,100.0,0.7,🚨 EMERGENCY: TIRE BLOWOUT IMMINENT - Reduce speed immediately!|⚠️ CRITICAL: Tire puncture risk - Pressure dropping at high speed|⚠️ EXCESSIVE_SPEED: Vehicle speed exceeds safe limits|🛞 CRITICAL_PRESSURE: Tire flat or severely under-inflated|🚨 TIRE_SPEED_MISMATCH: Tire pressure unsafe for current speed
1779686613.652,281.2,90.5,7.9,3025.0,55.1,14.52,33.2,32.8,32.4,32.3,danger,optimal,danger,warning,optimal,optimal,→ stable,→ stable,→ stable,100.0,🚨 EMERGENCY,True,CRITICAL_TIRE_FAILURE_RISK|TIRE_PUNCTURE_RISK,100.0,0.0,🚨 EMERGENCY: TIRE BLOWOUT IMMINENT - Reduce speed immediately!|⚠️ CRITICAL: Tire puncture risk - Pressure dropping at high speed|⚠️ EXCESSIVE_SPEED: Vehicle speed exceeds safe limits|🛞 CRITICAL_PRESSURE: Tire flat or severely under-inflated|🚨 TIRE_SPEED_MISMATCH: Tire pressure unsafe for current speed
1779686614.653,280.9,91.1,7.8,2971.0,54.1,14.54,32.8,32.7,32.3,32.0,danger,optimal,danger,optimal,optimal,optimal,→ stable,→ stable,→ stable,100.0,🚨 EMERGENCY,True,CRITICAL_TIRE_FAILURE_RISK|TIRE_PUNCTURE_RISK,100.0,0.0,🚨 EMERGENCY: TIRE BLOWOUT IMMINENT - Reduce speed immediately!|⚠️ CRITICAL: Tire puncture risk - Pressure dropping at high speed|⚠️ EXCESSIVE_SPEED: Vehicle speed exceeds safe limits|🛞 CRITICAL_PRESSURE: Tire flat or severely under-inflated|🚨 TIRE_SPEED_MISMATCH: Tire pressure unsafe for current speed
1779686615.653,277.6,91.3,7.7,3038.0,54.4,14.49,32.8,33.1,31.7,31.9,danger,optimal,danger,warning,optimal,optimal,→ stable,→ stable,→ stable,100.0,🚨 EMERGENCY,True,CRITICAL_TIRE_FAILURE_RISK|TIRE_PUNCTURE_RISK,100.0,0.0,🚨 EMERGENCY: TIRE BLOWOUT IMMINENT - Reduce speed immediately!|⚠️ CRITICAL: Tire puncture risk - Pressure dropping at high speed|⚠️ EXCESSIVE_SPEED: Vehicle speed exceeds safe limits|🛞 CRITICAL_PRESSURE: Tire flat or severely under-inflated|🚨 TIRE_SPEED_MISMATCH: Tire pressure unsafe for current speed
1779686616.655,280.3,90.2,7.6,3041.0,55.3,14.48,33.2,33.0,31.6,32.2,danger,optimal,danger,warning,optimal,optimal,→ stable,→ stable,→ stable,100.0,🚨 EMERGENCY,True,CRITICAL_TIRE_FAILURE_RISK|TIRE_PUNCTURE_RISK,100.0,0.0,🚨 EMERGENCY: TIRE BLOWOUT IMMINENT - Reduce speed immediately!|⚠️ CRITICAL: Tire puncture risk - Pressure dropping at high speed|⚠️ EXCESSIVE_SPEED: Vehicle speed exceeds safe limits|🛞 CRITICAL_PRESSURE: Tire flat or severely under-inflated|🚨 TIRE_SPEED_MISMATCH: Tire pressure unsafe for current speed
1779686617.655,280.6,88.9,7.8,2990.0,54.5,14.51,33.1,32.9,31.6,32.2,danger,optimal,danger,optimal,optimal,optimal,→ stable,→ stable,→ stable,100.0,🚨 EMERGENCY,True,CRITICAL_TIRE_FAILURE_RISK|TIRE_PUNCTURE_RISK,100.0,0.6,🚨 EMERGENCY: TIRE BLOWOUT IMMINENT - Reduce speed immediately!|⚠️ CRITICAL: Tire puncture risk - Pressure dropping at high speed|⚠️ EXCESSIVE_SPEED: Vehicle speed exceeds safe limits|🛞 CRITICAL_PRESSURE: Tire flat or severely under-inflated|🚨 TIRE_SPEED_MISMATCH: Tire pressure unsafe for current speed
1779686618.655,281.8,89.8,8.1,2973.0,54.2,14.45,33.3,33.3,31.9,32.2,danger,optimal,danger,optimal,optimal,optimal,↑ increasing,→ stable,→ stable,100.0,🚨 EMERGENCY,True,CRITICAL_TIRE_FAILURE_RISK|TIRE_PUNCTURE_RISK,100.0,0.0,🚨 EMERGENCY: TIRE BLOWOUT IMMINENT - Reduce speed immediately!|⚠️ CRITICAL: Tire puncture risk - Pressure dropping at high speed|⚠️ EXCESSIVE_SPEED: Vehicle speed exceeds safe limits|🛞 CRITICAL_PRESSURE: Tire flat or severely under-inflated|🚨 TIRE_SPEED_MISMATCH: Tire pressure unsafe for current speed
1779686619.655,279.4,90.0,8.3,2962.0,55.0,14.54,33.1,32.7,32.0,32.0,danger,optimal,danger,optimal,optimal,optimal,↑ increasing,→ stable,→ stable,100.0,🚨 EMERGENCY,True,CRITICAL_TIRE_FAILURE_RISK|TIRE_PUNCTURE_RISK,100.0,0.0,🚨 EMERGENCY: TIRE BLOWOUT IMMINENT - Reduce speed immediately!|⚠️ CRITICAL: Tire puncture risk - Pressure dropping at high speed|⚠️ EXCESSIVE_SPEED: Vehicle speed exceeds safe limits|🛞 CRITICAL_PRESSURE: Tire flat or severely under-inflated|🚨 TIRE_SPEED_MISMATCH: Tire pressure unsafe for current speed
1779686620.657,282.7,90.9,8.2,2966.0,54.8,14.52,32.9,33.1,32.4,31.9,danger,optimal,danger,optimal,optimal,optimal,↑ increasing,↑ increasing,→ stable,100.0,🚨 EMERGENCY,True,CRITICAL_TIRE_FAILURE_RISK|TIRE_PUNCTURE_RISK,100.0,0.0,🚨 EMERGENCY: TIRE BLOWOUT IMMINENT - Reduce speed immediately!|⚠️ CRITICAL: Tire puncture risk - Pressure dropping at high speed|⚠️ EXCESSIVE_SPEED: Vehicle speed exceeds safe limits|🛞 CRITICAL_PRESSURE: Tire flat or severely under-inflated|🚨 TIRE_SPEED_MISMATCH: Tire pressure unsafe for current speed
1779686621.657,278.8,89.4,8.0,3044.0,55.3,14.46,33.3,33.1,31.6,32.3,danger,optimal,danger,warning,optimal,optimal,↑ increasing,→ stable,→ stable,100.0,🚨 EMERGENCY,True,CRITICAL_TIRE_FAILURE_RISK|TIRE_PUNCTURE_RISK,100.0,0.2,🚨 EMERGENCY: TIRE BLOWOUT IMMINENT - Reduce speed immediately!|⚠️ CRITICAL: Tire puncture risk - Pressure dropping at high speed|⚠️ EXCESSIVE_SPEED: Vehicle speed exceeds safe limits|🛞 CRITICAL_PRESSURE: Tire flat or severely under-inflated|🚨 TIRE_SPEED_MISMATCH: Tire pressure unsafe for current speed
1779686622.658,278.9,90.7,8.0,3018.0,56.0,14.5,32.9,33.3,31.6,32.3,danger,optimal,danger,warning,optimal,optimal,↑ increasing,↑ increasing,→ stable,100.0,🚨 EMERGENCY,True,CRITICAL_TIRE_FAILURE_RISK|TIRE_PUNCTURE_RISK,100.0,0.0,🚨 EMERGENCY: TIRE BLOWOUT IMMINENT - Reduce speed immediately!|⚠️ CRITICAL: Tire puncture risk - Pressure dropping at high speed|⚠️ EXCESSIVE_SPEED: Vehicle speed exceeds safe limits|🛞 CRITICAL_PRESSURE: Tire flat or severely under-inflated|🚨 TIRE_SPEED_MISMATCH: Tire pressure unsafe for current speed
1779686623.658,278.2,91.1,8.3,2983.0,55.4,14.54,33.2,32.7,32.3,32.3,danger,optimal,danger,optimal,optimal,optimal,→ stable,↑ increasing,→ stable,100.0,🚨 EMERGENCY,True,CRITICAL_TIRE_FAILURE_RISK|TIRE_PUNCTURE_RISK,100.0,0.0,🚨 EMERGENCY: TIRE BLOWOUT IMMINENT - Reduce speed immediately!|⚠️ CRITICAL: Tire puncture risk - Pressure dropping at high speed|⚠️ EXCESSIVE_SPEED: Vehicle speed exceeds safe limits|🛞 CRITICAL_PRESSURE: Tire flat or severely under-inflated|🚨 TIRE_SPEED_MISMATCH: Tire pressure unsafe for current speed
1779686624.659,281.1,89.5,8.3,3010.0,54.6,14.54,32.7,33.4,32.2,32.2,danger,optimal,danger,warning,optimal,optimal,→ stable,→ stable,→ stable,100.0,🚨 EMERGENCY,True,CRITICAL_TIRE_FAILURE_RISK|TIRE_PUNCTURE_RISK,100.0,0.1,🚨 EMERGENCY: TIRE BLOWOUT IMMINENT - Reduce speed immediately!|⚠️ CRITICAL: Tire puncture risk - Pressure dropping at high speed|⚠️ EXCESSIVE_SPEED: Vehicle speed exceeds safe limits|🛞 CRITICAL_PRESSURE: Tire flat or severely under-inflated|🚨 TIRE_SPEED_MISMATCH: Tire pressure unsafe for current speed
1779686625.66,119.3,96.1,32.4,2466.0,50.2,14.19,32.9,32.7,31.7,31.9,optimal,optimal,optimal,optimal,optimal,optimal,↓ decreasing,↑ increasing,↑ increasing,100.0,✅ EXCELLENT,False,NONE,4.4,0.0,NONE
1779686626.66,122.6,95.2,31.9,2479.0,50.8,14.21,33.3,32.9,32.1,31.8,warning,optimal,optimal,optimal,optimal,optimal,↓ decreasing,↑ increasing,↑ increasing,100.0,✅ EXCELLENT,False,NONE,5.4,0.0,NONE
1779686627.661,122.8,94.1,32.3,2526.0,50.1,14.19,33.2,33.0,31.9,31.7,warning,optimal,optimal,optimal,optimal,optimal,↓ decreasing,↑ increasing,↑ increasing,100.0,✅ EXCELLENT,False,NONE,4.7,0.0,NONE
1779686628.663,122.0,96.3,32.2,2489.0,49.4,14.19,32.8,33.3,31.9,31.9,warning,optimal,optimal,optimal,optimal,optimal,↓ decreasing,↑ increasing,↑ increasing,100.0,✅ EXCELLENT,False,NONE,4.9,0.0,📈 RAPID_TEMP_RISE: Engine temperature rising quickly
1779686629.664,122.0,96.2,31.7,2510.0,50.3,14.21,32.9,32.8,32.0,31.7,warning,optimal,optimal,optimal,optimal,optimal,↓ decreasing,↑ increasing,↑ increasing,100.0,✅ EXCELLENT,False,NONE,5.8,0.0,📈 RAPID_TEMP_RISE: Engine temperature rising quickly
1779686630.665,117.1,96.0,31.8,2547.0,49.2,14.24,32.9,33.0,32.2,31.6,optimal,optimal,optimal,optimal,optimal,optimal,↓ decreasing,↑ increasing,↑ increasing,100.0,✅ EXCELLENT,False,NONE,5.4,0.0,📈 RAPID_TEMP_RISE: Engine temperature rising quickly
1779686631.666,120.0,94.3,31.9,2454.0,49.0,14.24,32.7,33.0,31.8,32.2,optimal,optimal,optimal,optimal,optimal,optimal,↓ decreasing,↑ increasing,↑ increasing,100.0,✅ EXCELLENT,False,NONE,5.3,0.0,📈 RAPID_TEMP_RISE: Engine temperature rising quickly
1779686632.667,117.3,94.0,32.3,2521.0,50.7,14.16,33.4,33.4,31.9,31.7,optimal,optimal,optimal,optimal,optimal,optimal,↓ decreasing,↑ increasing,↑ increasing,100.0,✅ EXCELLENT,False,NONE,4.5,0.0,📈 RAPID_TEMP_RISE: Engine temperature rising quickly
1779686633.668,121.5,94.4,32.1,2505.0,50.1,14.17,33.1,33.4,32.1,31.8,warning,optimal,optimal,optimal,optimal,optimal,↓ decreasing,↑ increasing,↑ increasing,100.0,✅ EXCELLENT,False,NONE,5.0,0.0,📈 RAPID_TEMP_RISE: Engine temperature rising quickly
1779686634.668,119.9,95.7,32.3,2477.0,49.9,14.15,33.4,32.7,32.3,32.0,optimal,optimal,optimal,optimal,optimal,optimal,↓ decreasing,↑ increasing,↑ increasing,100.0,✅ EXCELLENT,False,NONE,4.6,0.0,📈 RAPID_TEMP_RISE: Engine temperature rising quickly
1779686635.669,121.6,96.2,32.3,2451.0,49.1,14.19,32.9,33.3,32.1,31.9,warning,optimal,optimal,optimal,optimal,optimal,↓ decreasing,↑ increasing,↑ increasing,100.0,✅ EXCELLENT,False,NONE,4.7,0.0,📈 RAPID_TEMP_RISE: Engine temperature rising quickly
1779686636.67,121.5,94.4,31.6,2508.0,49.8,14.21,33.1,32.8,32.3,32.2,warning,optimal,optimal,optimal,optimal,optimal,↓ decreasing,↑ increasing,↑ increasing,100.0,✅ EXCELLENT,False,NONE,5.9,0.0,📈 RAPID_TEMP_RISE: Engine temperature rising quickly
1779686637.671,120.2,95.9,31.8,2471.0,49.0,14.25,33.2,33.4,31.8,31.8,warning,optimal,optimal,optimal,optimal,optimal,↓ decreasing,↑ increasing,↑ increasing,100.0,✅ EXCELLENT,False,NONE,5.5,0.0,📈 RAPID_TEMP_RISE: Engine temperature rising quickly
1779686638.671,118.2,95.2,31.7,2518.0,50.9,14.16,33.1,33.0,31.9,32.0,optimal,optimal,optimal,optimal,optimal,optimal,↓ decreasing,↑ increasing,↑ increasing,100.0,✅ EXCELLENT,False,NONE,5.6,0.0,📈 RAPID_TEMP_RISE: Engine temperature rising quickly
1779686639.672,117.5,96.1,32.2,2508.0,50.4,14.24,32.7,33.0,31.7,32.0,optimal,optimal,optimal,optimal,optimal,optimal,↓ decreasing,↑ increasing,↑ increasing,100.0,✅ EXCELLENT,False,NONE,4.7,0.0,📈 RAPID_TEMP_RISE: Engine temperature rising quickly
1779686640.673,119.1,96.4,31.9,2506.0,50.7,14.24,32.6,33.0,32.3,31.9,optimal,optimal,optimal,optimal,optimal,optimal,↓ decreasing,↑ increasing,↑ increasing,100.0,✅ EXCELLENT,False,NONE,5.3,0.0,NONE
1779686641.674,117.8,95.1,32.2,2514.0,50.8,14.2,32.9,32.8,31.7,32.2,optimal,optimal,optimal,optimal,optimal,optimal,↓ decreasing,↑ increasing,↑ increasing,100.0,✅ EXCELLENT,False,NONE,4.7,0.0,NONE
1779686642.676,117.2,94.1,32.0,2485.0,50.3,14.19,32.7,33.1,32.3,31.7,optimal,optimal,optimal,optimal,optimal,optimal,↓ decreasing,↑ increasing,↑ increasing,100.0,✅ EXCELLENT,False,NONE,5.0,0.0,NONE
1779686643.676,119.8,94.1,32.0,2457.0,50.6,14.16,33.3,33.0,32.0,31.8,optimal,optimal,optimal,optimal,optimal,optimal,↓ decreasing,↑ increasing,↑ increasing,100.0,✅ EXCELLENT,False,NONE,5.1,0.0,NONE
1779686644.677,118.4,94.5,32.3,2485.0,50.4,14.24,32.7,33.0,31.8,32.2,optimal,optimal,optimal,optimal,optimal,optimal,↓ decreasing,→ stable,→ stable,100.0,✅ EXCELLENT,False,NONE,4.6,0.0,NONE
1779686645.677,118.1,95.1,32.2,2513.0,49.9,14.25,32.7,32.9,32.0,31.9,optimal,optimal,optimal,optimal,optimal,optimal,↓ decreasing,→ stable,→ stable,100.0,✅ EXCELLENT,False,NONE,4.7,0.0,NONE
1779686646.677,117.1,94.6,31.7,2506.0,50.1,14.16,32.8,33.0,32.1,31.6,optimal,optimal,optimal,optimal,optimal,optimal,↓ decreasing,→ stable,→ stable,100.0,✅ EXCELLENT,False,NONE,5.5,0.0,NONE
1779686647.678,121.0,94.2,32.2,2451.0,50.7,14.19,33.0,32.7,31.8,31.7,warning,optimal,optimal,optimal,optimal,optimal,↓ decreasing,→ stable,→ stable,100.0,✅ EXCELLENT,False,NONE,4.8,0.0,NONE
1779686648.68,117.1,96.2,31.9,2481.0,49.9,14.2,33.2,33.0,31.9,31.6,optimal,optimal,optimal,optimal,optimal,optimal,↓ decreasing,→ stable,→ stable,100.0,✅ EXCELLENT,False,NONE,5.2,0.0,NONE
1779686649.681,118.5,96.0,32.4,2501.0,49.1,14.2,32.6,33.2,32.1,32.2,optimal,optimal,optimal,optimal,optimal,optimal,↓ decreasing,→ stable,→ stable,100.0,✅ EXCELLENT,False,NONE,4.4,0.0,NONE
1779686650.681,117.7,94.6,32.2,2522.0,50.9,14.17,33.0,32.8,32.4,32.3,optimal,optimal,optimal,optimal,optimal,optimal,↓ decreasing,→ stable,→ stable,100.0,✅ EXCELLENT,False,NONE,4.7,0.0,NONE
1779686651.681,119.6,94.6,32.0,2452.0,50.9,14.23,32.9,33.3,32.2,32.0,optimal,optimal,optimal,optimal,optimal,optimal,↓ decreasing,↓ decreasing,→ stable,100.0,✅ EXCELLENT,False,NONE,5.1,0.0,NONE
1779686652.68,122.3,93.9,32.1,2534.0,50.5,14.21,33.4,33.1,32.1,32.0,warning,optimal,optimal,optimal,optimal,optimal,→ stable,↓ decreasing,→ stable,100.0,✅ EXCELLENT,False,NONE,5.1,0.0,NONE
1779686653.683,121.2,94.5,31.9,2517.0,50.6,14.22,32.8,32.6,32.2,31.9,warning,optimal,optimal,optimal,optimal,optimal,→ stable,→ stable,→ stable,100.0,✅ EXCELLENT,False,NONE,5.4,0.0,NONE
1779686654.684,118.8,94.1,32.0,2496.0,50.5,14.21,33.2,32.7,32.2,32.0,optimal,optimal,optimal,optimal,optimal,optimal,→ stable,→ stable,→ stable,100.0,✅ EXCELLENT,False,NONE,5.1,0.0,NONE
1779686655.684,119.3,93.9,32.4,2460.0,50.0,14.16,32.7,32.7,32.1,32.2,optimal,optimal,optimal,optimal,optimal,optimal,→ stable,→ stable,→ stable,100.0,✅ EXCELLENT,False,NONE,4.4,0.0,NONE
1779686656.686,122.7,96.1,31.8,2537.0,50.3,14.23,33.2,33.1,32.3,31.8,warning,optimal,optimal,optimal,optimal,optimal,↑ increasing,→ stable,→ stable,100.0,✅ EXCELLENT,False,NONE,5.6,0.0,NONE
1779686657.686,117.5,94.2,31.8,2541.0,50.3,14.24,32.6,33.2,32.1,31.7,optimal,optimal,optimal,optimal,optimal,optimal,↑ increasing,→ stable,→ stable,100.0,✅ EXCELLENT,False,NONE,5.4,0.0,NONE
1779686658.687,120.1,95.0,32.2,2519.0,49.7,14.18,33.3,32.7,32.4,31.6,warning,optimal,optimal,optimal,optimal,optimal,↑ increasing,→ stable,→ stable,100.0,✅ EXCELLENT,False,NONE,4.8,0.0,NONE
1779686659.688,121.6,96.0,32.4,2546.0,50.8,14.22,33.1,32.6,32.3,31.7,warning,optimal,optimal,optimal,optimal,optimal,↑ increasing,→ stable,→ stable,100.0,✅ EXCELLENT,False,NONE,4.5,0.0,NONE
1779686660.689,121.5,95.4,32.2,2512.0,50.0,14.23,33.4,32.8,31.7,32.0,warning,optimal,optimal,optimal,optimal,optimal,↑ increasing,→ stable,→ stable,100.0,✅ EXCELLENT,False,NONE,4.9,0.0,NONE
1779686661.691,123.0,96.3,31.8,2465.0,49.5,14.24,33.4,32.9,32.4,31.8,warning,optimal,optimal,optimal,optimal,optimal,↑ increasing,→ stable,→ stable,100.0,✅ EXCELLENT,False,NONE,5.6,0.0,NONE
1779686662.691,121.8,94.6,31.6,2514.0,49.8,14.2,32.6,32.6,32.4,32.3,warning,optimal,optimal,optimal,optimal,optimal,↑ increasing,→ stable,→ stable,100.0,✅ EXCELLENT,False,NONE,5.9,0.0,NONE
1779686663.693,119.4,95.2,31.8,2514.0,50.1,14.17,32.8,33.1,31.8,31.7,optimal,optimal,optimal,optimal,optimal,optimal,↑ increasing,→ stable,→ stable,100.0,✅ EXCELLENT,False,NONE,5.5,0.0,NONE
1779686664.694,117.3,93.6,31.7,2454.0,49.9,14.22,32.8,33.2,31.6,31.8,optimal,optimal,optimal,optimal,optimal,optimal,↑ increasing,→ stable,→ stable,100.0,✅ EXCELLENT,False,NONE,5.5,0.0,NONE
1779686665.694,117.7,95.7,32.3,2458.0,49.1,14.21,32.9,33.3,32.4,31.6,optimal,optimal,optimal,optimal,optimal,optimal,↑ increasing,↑ increasing,→ stable,100.0,✅ EXCELLENT,False,NONE,4.5,0.0,NONE
1779686666.694,118.1,93.9,31.7,2462.0,49.0,14.22,33.2,33.2,31.8,32.2,optimal,optimal,optimal,optimal,optimal,optimal,→ stable,→ stable,→ stable,100.0,✅ EXCELLENT,False,NONE,5.6,0.0,NONE
1779686667.695,118.8,96.2,32.4,2521.0,50.4,14.21,33.2,32.8,32.4,31.9,optimal,optimal,optimal,optimal,optimal,optimal,→ stable,→ stable,→ stable,100.0,✅ EXCELLENT,False,NONE,4.4,0.0,NONE
1779686668.695,122.7,96.4,31.8,2485.0,50.2,14.18,32.9,33.1,31.8,32.2,warning,optimal,optimal,optimal,optimal,optimal,→ stable,↑ increasing,→ stable,100.0,✅ EXCELLENT,False,NONE,5.6,0.0,NONE
1779686669.697,119.7,96.1,31.7,2509.0,49.1,14.22,32.7,33.1,31.9,31.7,optimal,optimal,optimal,optimal,optimal,optimal,→ stable,↑ increasing,→ stable,100.0,✅ EXCELLENT,False,NONE,5.6,0.0,NONE
1779686670.702,119.8,96.4,32.3,2546.0,50.8,14.17,33.3,33.3,32.0,31.7,optimal,optimal,optimal,optimal,optimal,optimal,↓ decreasing,↑ increasing,→ stable,100.0,✅ EXCELLENT,False,NONE,4.6,0.0,NONE
1779686671.702,120.6,94.4,31.9,2522.0,49.8,14.17,32.9,32.9,32.0,31.9,warning,optimal,optimal,optimal,optimal,optimal,↓ decreasing,→ stable,→ stable,100.0,✅ EXCELLENT,False,NONE,5.3,0.0,NONE
1779686672.702,117.5,93.7,32.2,2457.0,50.5,14.21,33.1,33.0,31.7,32.1,optimal,optimal,optimal,optimal,optimal,optimal,↓ decreasing,→ stable,→ stable,100.0,✅ EXCELLENT,False,NONE,4.7,0.0,NONE
1779686673.703,118.5,93.9,31.8,2457.0,50.9,14.24,33.3,33.0,31.8,32.2,optimal,optimal,optimal,optimal,optimal,optimal,↓ decreasing,→ stable,→ stable,100.0,✅ EXCELLENT,False,NONE,5.4,0.0,NONE
1779686674.703,121.7,94.5,32.0,2459.0,50.7,14.24,32.8,32.7,31.8,32.3,warning,optimal,optimal,optimal,optimal,optimal,↓ decreasing,→ stable,→ stable,100.0,✅ EXCELLENT,False,NONE,5.2,0.0,NONE
1779686675.704,122.9,94.0,31.7,2496.0,49.0,14.19,32.6,32.9,31.6,31.9,warning,optimal,optimal,optimal,optimal,optimal,→ stable,→ stable,→ stable,100.0,✅ EXCELLENT,False,NONE,5.8,0.0,NONE
1779686676.706,118.2,94.8,32.2,2463.0,49.9,14.24,32.9,33.3,32.1,31.8,optimal,optimal,optimal,optimal,optimal,optimal,→ stable,→ stable,→ stable,100.0,✅ EXCELLENT,False,NONE,4.7,0.0,NONE
1779686677.706,121.0,94.8,31.7,2523.0,50.0,14.23,32.7,33.0,32.2,31.8,warning,optimal,optimal,optimal,optimal,optimal,→ stable,→ stable,→ stable,100.0,✅ EXCELLENT,False,NONE,5.7,0.0,NONE
1779686678.707,121.2,94.8,31.7,2531.0,49.4,14.19,33.0,33.2,32.1,31.7,warning,optimal,optimal,optimal,optimal,optimal,→ stable,↓ decreasing,→ stable,100.0,✅ EXCELLENT,False,NONE,5.7,0.0,NONE
1779686679.707,118.2,95.8,31.8,2519.0,50.3,14.19,33.3,32.9,31.8,31.7,optimal,optimal,optimal,optimal,optimal,optimal,→ stable,↓ decreasing,→ stable,100.0,✅ EXCELLENT,False,NONE,5.4,0.0,NONE
1779686680.708,120.2,93.8,31.9,2517.0,49.7,14.21,33.1,32.8,32.0,32.0,warning,optimal,optimal,optimal,optimal,optimal,→ stable,↓ decreasing,→ stable,100.0,✅ EXCELLENT,False,NONE,5.3,0.0,NONE
1779686681.71,122.2,96.4,31.6,2529.0,49.0,14.22,32.8,33.1,32.1,32.0,warning,optimal,optimal,optimal,optimal,optimal,↑ increasing,↓ decreasing,→ stable,100.0,✅ EXCELLENT,False,NONE,5.9,0.0,NONE
1779686682.711,122.4,94.7,32.4,2528.0,50.3,14.25,32.9,33.3,32.2,32.1,warning,optimal,optimal,optimal,optimal,optimal,↑ increasing,→ stable,→ stable,100.0,✅ EXCELLENT,False,NONE,4.5,0.0,NONE
1779686683.711,119.0,95.7,31.8,2548.0,50.5,14.24,33.1,33.2,31.6,31.7,optimal,optimal,optimal,optimal,optimal,optimal,↑ increasing,→ stable,→ stable,100.0,✅ EXCELLENT,False,NONE,5.4,0.0,NONE
1779686684.713,118.8,94.4,32.3,2488.0,50.7,14.25,33.1,33.0,31.7,32.3,optimal,optimal,optimal,optimal,optimal,optimal,↑ increasing,→ stable,→ stable,100.0,✅ EXCELLENT,False,NONE,4.6,0.0,NONE
1779686685.713,122.0,96.0,32.1,2473.0,50.3,14.23,33.1,33.4,31.7,31.9,warning,optimal,optimal,optimal,optimal,optimal,→ stable,→ stable,→ stable,100.0,✅ EXCELLENT,False,NONE,5.1,0.0,NONE
1779686686.714,117.4,96.4,31.8,2504.0,50.4,14.16,32.8,33.4,31.8,32.2,optimal,optimal,optimal,optimal,optimal,optimal,→ stable,→ stable,→ stable,100.0,✅ EXCELLENT,False,NONE,5.4,0.0,NONE
1779686687.716,118.3,94.6,32.2,2521.0,49.7,14.24,33.2,32.9,31.6,32.2,optimal,optimal,optimal,optimal,optimal,optimal,→ stable,→ stable,→ stable,100.0,✅ EXCELLENT,False,NONE,4.7,0.0,NONE
1779686688.716,121.6,94.5,32.3,2528.0,50.6,14.17,33.2,33.0,31.8,32.3,warning,optimal,optimal,optimal,optimal,optimal,→ stable,→ stable,→ stable,100.0,✅ EXCELLENT,False,NONE,4.7,0.0,NONE
1779686689.717,119.2,94.2,32.2,2545.0,49.1,14.25,33.0,32.6,32.0,32.4,optimal,optimal,optimal,optimal,optimal,optimal,→ stable,→ stable,→ stable,100.0,✅ EXCELLENT,False,NONE,4.8,0.0,NONE
1779686690.718,118.7,94.7,31.7,2486.0,49.2,14.2,33.0,32.8,32.0,32.1,optimal,optimal,optimal,optimal,optimal,optimal,→ stable,↑ increasing,→ stable,100.0,✅ EXCELLENT,False,NONE,5.6,0.0,NONE
1779686691.719,117.4,94.4,32.0,2458.0,49.8,14.19,32.6,32.7,32.1,32.0,optimal,optimal,optimal,optimal,optimal,optimal,↓ decreasing,→ stable,→ stable,100.0,✅ EXCELLENT,False,NONE,5.0,0.0,NONE
1779686692.721,122.2,95.2,32.2,2503.0,50.7,14.16,33.2,32.9,32.2,31.8,warning,optimal,optimal,optimal,optimal,optimal,↓ decreasing,→ stable,→ stable,100.0,✅ EXCELLENT,False,NONE,4.9,0.0,NONE
1779686693.722,119.5,94.7,32.0,2475.0,49.8,14.16,33.3,33.1,32.2,32.1,optimal,optimal,optimal,optimal,optimal,optimal,↓ decreasing,→ stable,→ stable,100.0,✅ EXCELLENT,False,NONE,5.1,0.0,NONE
1779686694.723,120.2,94.9,31.7,2474.0,49.3,14.17,33.3,32.8,31.9,31.8,warning,optimal,optimal,optimal,optimal,optimal,↓ decreasing,→ stable,→ stable,100.0,✅ EXCELLENT,False,NONE,5.7,0.0,NONE
1779686695.723,118.7,95.9,32.3,2542.0,49.6,14.2,33.4,33.1,32.3,32.0,optimal,optimal,optimal,optimal,optimal,optimal,↓ decreasing,→ stable,→ stable,100.0,✅ EXCELLENT,False,NONE,4.6,0.0,NONE
1779686696.723,119.7,95.4,31.9,2538.0,50.5,14.24,33.2,32.9,32.3,32.0,optimal,optimal,optimal,optimal,optimal,optimal,↓ decreasing,→ stable,→ stable,100.0,✅ EXCELLENT,False,NONE,5.3,0.0,NONE
1779686697.723,121.9,95.0,31.8,2479.0,50.4,14.21,33.2,32.7,31.7,32.1,warning,optimal,optimal,optimal,optimal,optimal,→ stable,→ stable,→ stable,100.0,✅ EXCELLENT,False,NONE,5.6,0.0,NONE
1779686698.725,120.9,94.9,31.6,2477.0,49.4,14.19,32.9,33.4,31.7,31.8,warning,optimal,optimal,optimal,optimal,optimal,→ stable,→ stable,→ stable,100.0,✅ EXCELLENT,False,NONE,5.9,0.0,NONE
1779686699.725,122.8,95.2,32.2,2479.0,50.7,14.18,32.9,33.1,32.3,31.9,warning,optimal,optimal,optimal,optimal,optimal,→ stable,→ stable,→ stable,100.0,✅ EXCELLENT,False,NONE,4.9,0.0,NONE
1779686700.726,117.2,94.6,32.2,2472.0,49.8,14.22,32.8,32.8,31.8,32.3,optimal,optimal,optimal,optimal,optimal,optimal,→ stable,→ stable,→ stable,100.0,✅ EXCELLENT,False,NONE,4.7,0.0,NONE
1779686701.728,118.6,94.6,31.9,2509.0,50.9,14.19,32.6,32.7,31.9,32.0,optimal,optimal,optimal,optimal,optimal,optimal,↑ increasing,→ stable,→ stable,100.0,✅ EXCELLENT,False,NONE,5.3,0.0,NONE
1779686702.728,120.3,95.9,32.4,2482.0,49.9,14.2,32.9,33.0,31.7,32.3,warning,optimal,optimal,optimal,optimal,optimal,↑ increasing,→ stable,→ stable,100.0,✅ EXCELLENT,False,NONE,4.5,0.0,NONE
1779686703.73,120.8,93.9,31.9,2484.0,50.0,14.24,32.6,32.8,32.3,32.3,warning,optimal,optimal,optimal,optimal,optimal,↑ increasing,→ stable,→ stable,100.0,✅ EXCELLENT,False,NONE,5.3,0.0,NONE
1779686704.732,122.7,96.4,31.7,2546.0,50.3,14.25,33.3,32.6,31.9,31.7,warning,optimal,optimal,optimal,optimal,optimal,↑ increasing,→ stable,→ stable,100.0,✅ EXCELLENT,False,NONE,5.8,0.0,NONE
1779686705.733,119.7,94.2,32.0,2459.0,50.2,14.22,33.0,33.1,32.4,32.2,optimal,optimal,optimal,optimal,optimal,optimal,↑ increasing,→ stable,→ stable,100.0,✅ EXCELLENT,False,NONE,5.1,0.0,NONE
1779686706.734,117.5,96.4,32.0,2475.0,50.7,14.16,32.8,33.3,31.8,31.6,optimal,optimal,optimal,optimal,optimal,optimal,↑ increasing,→ stable,→ stable,100.0,✅ EXCELLENT,False,NONE,5.0,0.0,NONE
1779686707.736,119.4,93.6,31.9,2506.0,50.2,14.16,32.8,32.7,32.1,32.1,optimal,optimal,optimal,optimal,optimal,optimal,→ stable,→ stable,→ stable,100.0,✅ EXCELLENT,False,NONE,5.3,0.0,NONE
1779686708.736,120.5,93.7,31.9,2492.0,50.4,14.18,33.0,33.0,32.0,32.3,warning,optimal,optimal,optimal,optimal,optimal,→ stable,→ stable,→ stable,100.0,✅ EXCELLENT,False,NONE,5.3,0.0,NONE
1779686709.737,122.4,94.7,31.9,2525.0,49.5,14.25,32.7,32.7,31.8,31.7,warning,optimal,optimal,optimal,optimal,optimal,→ stable,→ stable,→ stable,100.0,✅ EXCELLENT,False,NONE,5.4,0.0,NONE
1779686710.738,122.2,95.5,31.9,2505.0,50.9,14.25,33.0,32.7,32.3,32.0,warning,optimal,optimal,optimal,optimal,optimal,→ stable,→ stable,→ stable,100.0,✅ EXCELLENT,False,NONE,5.4,0.0,NONE
1779686711.739,119.7,96.4,31.9,2523.0,49.5,14.23,33.0,33.1,32.4,31.8,optimal,optimal,optimal,optimal,optimal,optimal,→ stable,→ stable,→ stable,100.0,✅ EXCELLENT,False,NONE,5.3,0.0,NONE
1779686712.741,121.3,93.8,32.1,2478.0,49.2,14.2,32.6,33.0,32.0,32.3,warning,optimal,optimal,optimal,optimal,optimal,↑ increasing,→ stable,→ stable,100.0,✅ EXCELLENT,False,NONE,5.0,0.0,NONE
1779686713.741,119.7,94.0,31.8,2513.0,50.4,14.22,32.8,32.8,32.1,32.2,optimal,optimal,optimal,optimal,optimal,optimal,→ stable,→ stable,→ stable,100.0,✅ EXCELLENT,False,NONE,5.5,0.0,NONE
1779686714.742,121.5,93.7,32.0,2542.0,50.7,14.18,32.7,32.9,31.9,31.6,warning,optimal,optimal,optimal,optimal,optimal,→ stable,↓ decreasing,→ stable,100.0,✅ EXCELLENT,False,NONE,5.2,0.0,NONE
1779686715.744,121.6,95.9,31.6,2495.0,50.3,14.19,32.6,33.0,31.9,32.0,warning,optimal,optimal,optimal,optimal,optimal,→ stable,→ stable,→ stable,100.0,✅ EXCELLENT,False,NONE,5.9,0.0,NONE
1779686716.744,117.4,95.6,32.4,2462.0,50.4,14.16,33.4,33.0,31.9,32.3,optimal,optimal,optimal,optimal,optimal,optimal,→ stable,→ stable,→ stable,100.0,✅ EXCELLENT,False,NONE,4.4,0.0,NONE
1779686717.746,119.4,93.8,31.7,2462.0,49.8,14.17,33.1,33.4,32.0,32.2,optimal,optimal,optimal,optimal,optimal,optimal,↑ increasing,→ stable,→ stable,100.0,✅ EXCELLENT,False,NONE,5.6,0.0,NONE
1779686718.746,119.6,94.3,32.1,2485.0,50.5,14.2,33.3,32.8,31.7,32.0,optimal,optimal,optimal,optimal,optimal,optimal,↑ increasing,→ stable,→ stable,100.0,✅ EXCELLENT,False,NONE,5.0,0.0,NONE
1779686719.748,118.2,93.9,32.4,2478.0,51.0,14.21,33.3,33.0,32.0,31.6,optimal,optimal,optimal,optimal,optimal,optimal,→ stable,→ stable,→ stable,100.0,✅ EXCELLENT,False,NONE,4.4,0.0,NONE
1779686720.749,118.1,95.5,32.1,2504.0,50.4,14.23,33.4,32.7,32.2,32.4,optimal,optimal,optimal,optimal,optimal,optimal,↓ decreasing,→ stable,→ stable,100.0,✅ EXCELLENT,False,NONE,4.9,0.0,NONE
1779686721.75,119.6,94.4,31.7,2458.0,50.5,14.19,32.7,33.0,32.3,31.7,optimal,optimal,optimal,optimal,optimal,optimal,↓ decreasing,↓ decreasing,→ stable,100.0,✅ EXCELLENT,False,NONE,5.6,0.0,NONE
1779686722.751,119.1,94.5,31.9,2477.0,49.8,14.19,33.0,32.7,31.7,32.2,optimal,optimal,optimal,optimal,optimal,optimal,↓ decreasing,→ stable,→ stable,100.0,✅ EXCELLENT,False,NONE,5.3,0.0,NONE
1779686723.752,120.2,95.9,31.8,2468.0,49.4,14.24,33.3,33.3,31.6,32.1,warning,optimal,optimal,optimal,optimal,optimal,↓ decreasing,→ stable,→ stable,100.0,✅ EXCELLENT,False,NONE,5.5,0.0,NONE
1779686724.754,117.6,96.1,31.9,2495.0,50.7,14.22,32.8,33.2,31.8,31.9,optimal,optimal,optimal,optimal,optimal,optimal,↓ decreasing,→ stable,→ stable,100.0,✅ EXCELLENT,False,NONE,5.2,0.0,NONE
1779686725.755,121.2,96.1,32.1,2485.0,50.0,14.19,33.1,33.1,32.1,32.0,warning,optimal,optimal,optimal,optimal,optimal,↓ decreasing,→ stable,→ stable,100.0,✅ EXCELLENT,False,NONE,5.0,0.0,NONE
1779686726.756,122.1,95.8,32.0,2541.0,50.5,14.2,33.0,32.9,32.3,32.3,warning,optimal,optimal,optimal,optimal,optimal,↓ decreasing,→ stable,→ stable,100.0,✅ EXCELLENT,False,NONE,5.2,0.0,NONE
1779686727.757,117.5,96.2,31.8,2517.0,49.7,14.15,33.0,32.9,32.3,31.7,optimal,optimal,optimal,optimal,optimal,optimal,↓ decreasing,↑ increasing,→ stable,100.0,✅ EXCELLENT,False,NONE,5.4,0.0,NONE
1779686728.758,117.8,95.8,32.2,2475.0,49.1,14.23,32.9,32.7,31.8,32.2,optimal,optimal,optimal,optimal,optimal,optimal,↓ decreasing,↑ increasing,→ stable,100.0,✅ EXCELLENT,False,NONE,4.7,0.0,NONE
1779686729.76,122.6,94.8,32.1,2468.0,49.3,14.24,33.3,33.0,31.9,32.0,warning,optimal,optimal,optimal,optimal,optimal,→ stable,↑ increasing,→ stable,100.0,✅ EXCELLENT,False,NONE,5.1,0.0,NONE
1779686730.761,119.7,94.7,32.2,2524.0,50.7,14.23,32.9,32.9,31.7,32.4,optimal,optimal,optimal,optimal,optimal,optimal,→ stable,↑ increasing,→ stable,100.0,✅ EXCELLENT,False,NONE,4.8,0.0,NONE
1779686731.762,120.2,95.2,31.8,2476.0,50.6,14.19,32.6,33.3,31.9,31.8,warning,optimal,optimal,optimal,optimal,optimal,→ stable,↑ increasing,→ stable,100.0,✅ EXCELLENT,False,NONE,5.5,0.0,NONE
1779686732.763,121.1,93.7,31.6,2495.0,50.6,14.16,32.7,33.0,32.4,32.2,warning,optimal,optimal,optimal,optimal,optimal,↑ increasing,↑ increasing,→ stable,100.0,✅ EXCELLENT,False,NONE,5.9,0.0,NONE
1779686733.764,117.4,95.4,31.9,2492.0,50.6,14.23,32.7,33.2,32.1,31.7,optimal,optimal,optimal,optimal,optimal,optimal,→ stable,↑ increasing,→ stable,100.0,✅ EXCELLENT,False,NONE,5.2,0.0,NONE
1779686734.765,122.4,93.6,31.7,2489.0,50.8,14.19,33.0,33.2,32.3,32.3,warning,optimal,optimal,optimal,optimal,optimal,↑ increasing,→ stable,→ stable,100.0,✅ EXCELLENT,False,NONE,5.8,0.0,NONE
1779686735.766,120.6,94.3,32.4,2500.0,49.7,14.16,33.0,33.4,31.6,31.7,warning,optimal,optimal,optimal,optimal,optimal,↑ increasing,→ stable,→ stable,100.0,✅ EXCELLENT,False,NONE,4.5,0.0,NONE
1779686736.767,120.3,94.3,31.8,2548.0,49.9,14.24,32.7,33.1,32.2,32.1,warning,optimal,optimal,optimal,optimal,optimal,→ stable,→ stable,→ stable,100.0,✅ EXCELLENT,False,NONE,5.5,0.0,NONE
1779686737.767,119.1,95.3,31.6,2490.0,50.6,14.17,32.8,32.8,32.2,32.3,optimal,optimal,optimal,optimal,optimal,optimal,↑ increasing,↓ decreasing,→ stable,100.0,✅ EXCELLENT,False,NONE,5.8,0.0,NONE
1779686738.769,119.9,94.0,31.9,2494.0,50.3,14.21,33.2,33.0,32.3,31.9,optimal,optimal,optimal,optimal,optimal,optimal,↑ increasing,↓ decreasing,→ stable,100.0,✅ EXCELLENT,False,NONE,5.3,0.0,NONE
1779686739.77,118.6,94.7,31.8,2540.0,49.4,14.23,33.2,33.2,31.9,31.8,optimal,optimal,optimal,optimal,optimal,optimal,→ stable,↓ decreasing,→ stable,100.0,✅ EXCELLENT,False,NONE,5.4,0.0,NONE
1779686740.771,121.3,95.5,31.6,2536.0,51.0,14.24,33.1,33.1,32.3,32.2,warning,optimal,optimal,optimal,optimal,optimal,→ stable,↓ decreasing,→ stable,100.0,✅ EXCELLENT,False,NONE,5.9,0.0,NONE
1779686741.772,122.3,95.9,32.2,2530.0,49.9,14.2,33.0,33.2,31.7,32.0,warning,optimal,optimal,optimal,optimal,optimal,→ stable,↓ decreasing,→ stable,100.0,✅ EXCELLENT,False,NONE,4.9,0.0,NONE
1779686742.774,117.7,94.4,31.9,2491.0,50.2,14.25,32.7,32.7,32.4,32.1,optimal,optimal,optimal,optimal,optimal,optimal,→ stable,↓ decreasing,→ stable,100.0,✅ EXCELLENT,False,NONE,5.2,0.0,NONE
1779686743.774,118.0,95.5,31.8,2544.0,50.1,14.22,33.1,33.0,31.9,32.1,optimal,optimal,optimal,optimal,optimal,optimal,→ stable,↓ decreasing,→ stable,100.0,✅ EXCELLENT,False,NONE,5.4,0.0,NONE
1779686744.775,120.5,94.8,31.8,2508.0,50.1,14.19,33.3,32.9,31.7,32.1,warning,optimal,optimal,optimal,optimal,optimal,→ stable,→ stable,→ stable,100.0,✅ EXCELLENT,False,NONE,5.5,0.0,NONE
1779686745.776,118.5,94.0,31.7,2535.0,49.2,14.24,33.0,32.6,31.9,32.2,optimal,optimal,optimal,optimal,optimal,optimal,↓ decreasing,→ stable,→ stable,100.0,✅ EXCELLENT,False,NONE,5.6,0.0,NONE
1779686746.777,122.1,94.4,32.1,2467.0,49.5,14.16,33.0,32.8,32.3,32.0,warning,optimal,optimal,optimal,optimal,optimal,→ stable,→ stable,→ stable,100.0,✅ EXCELLENT,False,NONE,5.1,0.0,NONE
1779686747.778,119.5,95.5,32.2,2474.0,50.8,14.16,33.2,32.9,31.7,31.6,optimal,optimal,optimal,optimal,optimal,optimal,→ stable,→ stable,→ stable,100.0,✅ EXCELLENT,False,NONE,4.8,0.0,NONE
1779686748.779,118.0,96.1,31.7,2534.0,49.9,14.25,33.3,33.1,32.3,31.9,optimal,optimal,optimal,optimal,optimal,optimal,↓ decreasing,↑ increasing,→ stable,100.0,✅ EXCELLENT,False,NONE,5.6,0.0,NONE
1779686749.78,121.6,93.7,31.8,2496.0,50.4,14.22,33.0,33.1,32.0,32.2,warning,optimal,optimal,optimal,optimal,optimal,→ stable,→ stable,→ stable,100.0,✅ EXCELLENT,False,NONE,5.6,0.0,NONE
1779686750.78,121.2,96.0,31.9,2511.0,49.6,14.16,33.0,33.3,31.8,32.0,warning,optimal,optimal,optimal,optimal,optimal,→ stable,→ stable,→ stable,100.0,✅ EXCELLENT,False,NONE,5.4,0.0,NONE
1779686751.782,121.3,95.4,32.2,2546.0,50.4,14.23,33.1,32.8,32.3,32.3,warning,optimal,optimal,optimal,optimal,optimal,→ stable,→ stable,→ stable,100.0,✅ EXCELLENT,False,NONE,4.9,0.0,NONE
1779686752.783,121.7,93.6,31.8,2519.0,49.4,14.22,32.9,33.4,32.0,32.3,warning,optimal,optimal,optimal,optimal,optimal,→ stable,→ stable,→ stable,100.0,✅ EXCELLENT,False,NONE,5.6,0.0,NONE
1779686753.783,121.2,96.0,31.9,2494.0,50.9,14.24,32.8,32.7,32.1,32.0,warning,optimal,optimal,optimal,optimal,optimal,↑ increasing,→ stable,→ stable,100.0,✅ EXCELLENT,False,NONE,5.4,0.0,NONE
1779686754.784,117.8,94.8,32.0,2520.0,50.8,14.21,33.1,33.4,32.2,31.6,optimal,optimal,optimal,optimal,optimal,optimal,→ stable,→ stable,→ stable,100.0,✅ EXCELLENT,False,NONE,5.0,0.0,NONE
1779686755.785,117.7,93.6,32.3,2546.0,50.2,14.22,33.2,33.3,31.9,32.4,optimal,optimal,optimal,optimal,optimal,optimal,↑ increasing,→ stable,→ stable,100.0,✅ EXCELLENT,False,NONE,4.5,0.0,NONE
1779686756.786,117.8,93.8,32.2,2535.0,50.9,14.22,32.6,33.2,32.2,32.0,optimal,optimal,optimal,optimal,optimal,optimal,→ stable,→ stable,→ stable,100.0,✅ EXCELLENT,False,NONE,4.7,0.0,NONE
1779686757.788,120.5,94.5,32.1,2549.0,49.7,14.16,32.6,32.7,32.3,31.8,warning,optimal,optimal,optimal,optimal,optimal,→ stable,→ stable,→ stable,100.0,✅ EXCELLENT,False,NONE,5.0,0.0,NONE
1779686758.79,119.8,95.6,32.0,2453.0,50.9,14.21,32.7,32.9,32.0,32.2,optimal,optimal,optimal,optimal,optimal,optimal,→ stable,→ stable,→ stable,100.0,✅ EXCELLENT,False,NONE,5.1,0.0,NONE
1779686759.79,117.1,93.7,32.2,2493.0,49.3,14.22,32.9,33.0,32.2,31.9,optimal,optimal,optimal,optimal,optimal,optimal,→ stable,→ stable,→ stable,100.0,✅ EXCELLENT,False,NONE,4.7,0.0,NONE
1779686760.791,122.1,95.5,32.3,2469.0,49.8,14.17,32.8,32.9,32.1,32.2,warning,optimal,optimal,optimal,optimal,optimal,→ stable,→ stable,→ stable,100.0,✅ EXCELLENT,False,NONE,4.7,0.0,NONE
1779686761.792,122.3,95.7,32.0,2450.0,50.9,14.24,33.3,32.7,31.7,32.3,warning,optimal,optimal,optimal,optimal,optimal,→ stable,→ stable,→ stable,100.0,✅ EXCELLENT,False,NONE,5.2,0.0,NONE
1779686762.793,122.2,95.0,32.3,2521.0,49.3,14.21,32.7,32.9,31.9,32.1,warning,optimal,optimal,optimal,optimal,optimal,→ stable,→ stable,→ stable,100.0,✅ EXCELLENT,False,NONE,4.7,0.0,NONE
1779686763.794,120.7,95.5,32.3,2484.0,50.2,14.2,33.1,33.0,31.7,32.0,warning,optimal,optimal,optimal,optimal,optimal,↓ decreasing,→ stable,→ stable,100.0,✅ EXCELLENT,False,NONE,4.7,0.0,NONE
1779686764.795,119.3,94.3,31.8,2525.0,50.6,14.18,32.6,32.6,31.6,31.9,optimal,optimal,optimal,optimal,optimal,optimal,→ stable,→ stable,→ stable,100.0,✅ EXCELLENT,False,NONE,5.5,0.0,NONE
1779686765.796,119.7,94.0,31.8,2503.0,50.2,14.18,33.3,33.3,32.4,31.7,optimal,optimal,optimal,optimal,optimal,optimal,→ stable,→ stable,→ stable,100.0,✅ EXCELLENT,False,NONE,5.5,0.0,NONE
1779686766.798,117.1,95.8,31.7,2518.0,50.8,14.19,32.7,33.3,32.0,31.7,optimal,optimal,optimal,optimal,optimal,optimal,→ stable,→ stable,→ stable,100.0,✅ EXCELLENT,False,NONE,5.5,0.0,NONE
1779686767.798,118.2,93.6,32.2,2475.0,50.1,14.2,32.9,32.9,32.0,32.0,optimal,optimal,optimal,optimal,optimal,optimal,→ stable,→ stable,→ stable,100.0,✅ EXCELLENT,False,NONE,4.7,0.0,NONE
1779686768.799,120.0,93.7,31.8,2515.0,50.3,14.24,33.1,33.1,32.0,31.6,optimal,optimal,optimal,optimal,optimal,optimal,→ stable,→ stable,→ stable,100.0,✅ EXCELLENT,False,NONE,5.5,0.0,NONE
1779686769.801,122.9,95.4,31.7,2452.0,50.1,14.24,32.9,33.3,32.4,32.4,warning,optimal,optimal,optimal,optimal,optimal,↑ increasing,→ stable,→ stable,100.0,✅ EXCELLENT,False,NONE,5.8,0.0,NONE
1779686770.802,118.5,96.4,32.2,2492.0,50.4,14.21,33.0,32.7,32.1,31.8,optimal,optimal,optimal,optimal,optimal,optimal,→ stable,→ stable,→ stable,100.0,✅ EXCELLENT,False,NONE,4.7,0.0,NONE
1779686771.803,117.9,94.5,32.3,2482.0,50.9,14.17,33.3,33.3,31.9,32.1,optimal,optimal,optimal,optimal,optimal,optimal,→ stable,→ stable,→ stable,100.0,✅ EXCELLENT,False,NONE,4.5,0.0,NONE
1779686772.804,118.9,93.6,31.9,2525.0,49.9,14.25,33.3,32.8,31.7,32.1,optimal,optimal,optimal,optimal,optimal,optimal,↓ decreasing,→ stable,→ stable,100.0,✅ EXCELLENT,False,NONE,5.3,0.0,NONE
1779686773.805,122.5,94.3,31.8,2496.0,50.6,14.2,32.7,33.3,32.4,31.9,warning,optimal,optimal,optimal,optimal,optimal,→ stable,→ stable,→ stable,100.0,✅ EXCELLENT,False,NONE,5.6,0.0,NONE
1779686774.806,117.4,95.0,32.0,2502.0,49.3,14.24,33.0,32.7,32.1,32.0,optimal,optimal,optimal,optimal,optimal,optimal,↓ decreasing,→ stable,→ stable,100.0,✅ EXCELLENT,False,NONE,5.0,0.0,NONE
1779686775.807,119.1,93.9,32.1,2525.0,49.7,14.21,32.8,33.4,32.1,32.0,optimal,optimal,optimal,optimal,optimal,optimal,↓ decreasing,→ stable,→ stable,100.0,✅ EXCELLENT,False,NONE,4.9,0.0,NONE
1779686776.809,119.3,95.5,31.7,2478.0,49.5,14.21,32.7,32.7,32.1,31.9,optimal,optimal,optimal,optimal,optimal,optimal,↓ decreasing,→ stable,→ stable,100.0,✅ EXCELLENT,False,NONE,5.6,0.0,NONE
1779686777.809,122.3,93.9,31.6,2475.0,50.9,14.24,33.1,33.4,31.8,32.1,warning,optimal,optimal,optimal,optimal,optimal,→ stable,→ stable,→ stable,100.0,✅ EXCELLENT,False,NONE,5.9,0.0,NONE
1779686778.81,117.9,95.2,32.1,2531.0,50.9,14.23,33.4,33.2,32.0,31.7,optimal,optimal,optimal,optimal,optimal,optimal,→ stable,→ stable,→ stable,100.0,✅ EXCELLENT,False,NONE,4.9,0.0,NONE
1779686779.812,119.2,96.2,32.3,2490.0,49.0,14.21,32.7,33.3,31.9,31.7,optimal,optimal,optimal,optimal,optimal,optimal,↓ decreasing,→ stable,→ stable,100.0,✅ EXCELLENT,False,NONE,4.6,0.0,NONE
1779686780.813,122.3,94.3,32.3,2542.0,50.0,14.19,33.3,32.7,32.1,31.8,warning,optimal,optimal,optimal,optimal,optimal,→ stable,→ stable,→ stable,100.0,✅ EXCELLENT,False,NONE,4.7,0.0,NONE
1779686781.815,121.8,93.7,32.1,2537.0,50.5,14.25,33.2,33.1,32.2,31.9,warning,optimal,optimal,optimal,optimal,optimal,→ stable,→ stable,→ stable,100.0,✅ EXCELLENT,False,NONE,5.0,0.0,NONE
1779686782.816,117.1,94.3,32.0,2531.0,50.5,14.2,33.1,33.2,31.9,32.1,optimal,optimal,optimal,optimal,optimal,optimal,↑ increasing,→ stable,→ stable,100.0,✅ EXCELLENT,False,NONE,5.0,0.0,NONE
1779686783.817,117.1,95.3,32.1,2457.0,49.0,14.25,33.0,33.0,32.0,31.7,optimal,optimal,optimal,optimal,optimal,optimal,→ stable,→ stable,→ stable,100.0,✅ EXCELLENT,False,NONE,4.9,0.0,NONE
1779686784.818,118.0,94.4,32.3,2461.0,50.1,14.16,33.3,33.1,32.2,31.8,optimal,optimal,optimal,optimal,optimal,optimal,→ stable,→ stable,→ stable,100.0,✅ EXCELLENT,False,NONE,4.6,0.0,NONE
1779686785.819,122.4,96.1,32.2,2530.0,49.2,14.19,32.7,33.1,31.8,31.7,warning,optimal,optimal,optimal,optimal,optimal,→ stable,→ stable,→ stable,100.0,✅ EXCELLENT,False,NONE,4.9,0.0,NONE
1779686786.82,117.2,94.6,32.3,2488.0,49.5,14.19,33.1,33.2,31.9,32.3,optimal,optimal,optimal,optimal,optimal,optimal,→ stable,→ stable,→ stable,100.0,✅ EXCELLENT,False,NONE,4.5,0.0,NONE
1779686787.821,120.0,93.8,32.2,2542.0,50.7,14.15,32.7,32.9,32.0,31.8,optimal,optimal,optimal,optimal,optimal,optimal,↓ decreasing,→ stable,→ stable,100.0,✅ EXCELLENT,False,NONE,4.8,0.0,NONE
1779686788.822,118.7,95.7,32.3,2541.0,50.6,14.25,32.8,33.0,32.4,32.1,optimal,optimal,optimal,optimal,optimal,optimal,→ stable,→ stable,→ stable,100.0,✅ EXCELLENT,False,NONE,4.6,0.0,NONE
1779686789.823,121.0,95.6,31.7,2526.0,50.1,14.24,32.8,32.8,32.3,31.6,warning,optimal,optimal,optimal,optimal,optimal,→ stable,→ stable,→ stable,100.0,✅ EXCELLENT,False,NONE,5.7,0.0,NONE
1779686790.824,118.2,96.4,32.0,2506.0,50.0,14.2,32.8,33.0,31.7,32.2,optimal,optimal,optimal,optimal,optimal,optimal,↓ decreasing,→ stable,→ stable,100.0,✅ EXCELLENT,False,NONE,5.1,0.0,NONE
1779686791.825,120.6,95.8,31.7,2490.0,49.7,14.21,33.0,33.2,31.9,32.2,warning,optimal,optimal,optimal,optimal,optimal,↓ decreasing,↑ increasing,→ stable,100.0,✅ EXCELLENT,False,NONE,5.7,0.0,NONE
1779686792.827,119.4,95.8,32.3,2550.0,50.6,14.24,32.7,32.9,32.0,32.2,optimal,optimal,optimal,optimal,optimal,optimal,↓ decreasing,↑ increasing,→ stable,100.0,✅ EXCELLENT,False,NONE,4.6,0.0,NONE
1779686793.827,120.4,94.4,31.9,2477.0,50.8,14.18,32.6,33.2,32.4,32.0,warning,optimal,optimal,optimal,optimal,optimal,→ stable,↑ increasing,→ stable,100.0,✅ EXCELLENT,False,NONE,5.3,0.0,NONE
1779686794.828,119.2,96.4,31.8,2536.0,49.3,14.23,32.7,33.0,32.4,31.9,optimal,optimal,optimal,optimal,optimal,optimal,→ stable,↑ increasing,→ stable,100.0,✅ EXCELLENT,False,NONE,5.4,0.0,NONE
1779686795.83,117.1,95.3,31.9,2509.0,49.3,14.16,32.8,32.6,32.0,31.8,optimal,optimal,optimal,optimal,optimal,optimal,↓ decreasing,→ stable,→ stable,100.0,✅ EXCELLENT,False,NONE,5.2,0.0,NONE
1779686796.831,118.2,96.0,31.7,2482.0,49.1,14.2,33.1,32.7,32.1,32.1,optimal,optimal,optimal,optimal,optimal,optimal,→ stable,↑ increasing,→ stable,100.0,✅ EXCELLENT,False,NONE,5.6,0.0,NONE
1779686797.832,119.1,95.5,32.0,2450.0,51.0,14.19,33.4,32.6,31.8,32.3,optimal,optimal,optimal,optimal,optimal,optimal,→ stable,↑ increasing,→ stable,100.0,✅ EXCELLENT,False,NONE,5.1,0.0,NONE
1779686798.833,119.0,95.7,32.2,2463.0,50.5,14.17,32.9,32.6,31.6,32.3,optimal,optimal,optimal,optimal,optimal,optimal,→ stable,↑ increasing,→ stable,100.0,✅ EXCELLENT,False,NONE,4.8,0.0,NONE
1779686799.834,121.7,96.3,32.0,2491.0,49.9,14.22,33.3,32.6,31.7,32.0,warning,optimal,optimal,optimal,optimal,optimal,→ stable,↑ increasing,→ stable,100.0,✅ EXCELLENT,False,NONE,5.2,0.0,NONE
1779686800.836,118.7,95.7,31.6,2459.0,49.7,14.22,33.2,33.3,31.9,31.9,optimal,optimal,optimal,optimal,optimal,optimal,→ stable,↑ increasing,→ stable,100.0,✅ EXCELLENT,False,NONE,5.8,0.0,NONE
1779686801.837,122.0,94.0,31.8,2533.0,50.2,14.18,33.2,32.8,31.6,32.3,warning,optimal,optimal,optimal,optimal,optimal,→ stable,→ stable,→ stable,100.0,✅ EXCELLENT,False,NONE,5.6,0.0,NONE
1779686802.838,121.7,94.3,32.4,2459.0,49.9,14.18,33.4,32.7,32.1,32.1,warning,optimal,optimal,optimal,optimal,optimal,→ stable,→ stable,→ stable,100.0,✅ EXCELLENT,False,NONE,4.5,0.0,NONE
1779686803.84,119.8,94.8,32.1,2484.0,50.6,14.18,33.2,33.4,31.7,32.1,optimal,optimal,optimal,optimal,optimal,optimal,→ stable,→ stable,→ stable,100.0,✅ EXCELLENT,False,NONE,5.0,0.0,NONE
1779686804.84,119.4,94.1,32.3,2475.0,50.2,14.19,32.8,33.0,31.6,31.7,optimal,optimal,optimal,optimal,optimal,optimal,→ stable,→ stable,→ stable,100.0,✅ EXCELLENT,False,NONE,4.6,0.0,NONE
1779686805.842,119.9,94.4,32.2,2459.0,49.4,14.15,33.2,32.9,32.2,32.0,optimal,optimal,optimal,optimal,optimal,optimal,↑ increasing,→ stable,→ stable,100.0,✅ EXCELLENT,False,NONE,4.8,0.0,NONE
1779686806.843,121.3,93.8,32.3,2541.0,50.3,14.22,33.3,32.9,31.7,31.8,warning,optimal,optimal,optimal,optimal,optimal,↑ increasing,↓ decreasing,→ stable,100.0,✅ EXCELLENT,False,NONE,4.7,0.0,NONE
1779686807.844,119.0,94.1,32.3,2525.0,50.5,14.24,32.8,32.8,32.2,31.6,optimal,optimal,optimal,optimal,optimal,optimal,↑ increasing,↓ decreasing,→ stable,100.0,✅ EXCELLENT,False,NONE,4.6,0.0,NONE
1779686808.845,122.2,94.2,32.0,2467.0,49.7,14.22,33.3,33.3,31.6,31.9,warning,optimal,optimal,optimal,optimal,optimal,↑ increasing,↓ decreasing,→ stable,100.0,✅ EXCELLENT,False,NONE,5.2,0.0,NONE
1779686809.846,117.1,94.2,32.1,2482.0,49.6,14.23,33.3,33.2,31.6,32.3,optimal,optimal,optimal,optimal,optimal,optimal,↑ increasing,↓ decreasing,→ stable,100.0,✅ EXCELLENT,False,NONE,4.9,0.0,NONE
1779686810.847,117.7,96.1,31.7,2495.0,49.4,14.24,32.9,33.3,32.2,32.1,optimal,optimal,optimal,optimal,optimal,optimal,↑ increasing,↓ decreasing,→ stable,100.0,✅ EXCELLENT,False,NONE,5.5,0.0,NONE
1779686811.849,120.3,94.8,32.1,2512.0,50.3,14.23,32.7,32.6,32.4,32.4,warning,optimal,optimal,optimal,optimal,optimal,→ stable,↓ decreasing,→ stable,100.0,✅ EXCELLENT,False,NONE,5.0,0.0,NONE
1779686812.851,118.1,95.6,32.0,2478.0,50.0,14.24,33.1,32.6,32.3,32.2,optimal,optimal,optimal,optimal,optimal,optimal,→ stable,↓ decreasing,→ stable,100.0,✅ EXCELLENT,False,NONE,5.1,0.0,NONE
1779686813.851,121.7,93.9,32.2,2500.0,50.4,14.23,33.4,32.9,32.0,31.9,warning,optimal,optimal,optimal,optimal,optimal,→ stable,↓ decreasing,→ stable,100.0,✅ EXCELLENT,False,NONE,4.9,0.0,NONE
1779686814.852,118.9,93.6,32.2,2530.0,50.6,14.23,32.8,32.8,32.4,32.3,optimal,optimal,optimal,optimal,optimal,optimal,→ stable,↓ decreasing,→ stable,100.0,✅ EXCELLENT,False,NONE,4.8,0.0,NONE
1779686815.853,120.6,94.3,32.2,2513.0,49.1,14.23,33.3,33.0,32.0,32.1,warning,optimal,optimal,optimal,optimal,optimal,→ stable,↓ decreasing,→ stable,100.0,✅ EXCELLENT,False,NONE,4.8,0.0,NONE
1779686816.854,119.8,95.2,31.8,2489.0,49.6,14.21,32.8,32.7,32.2,31.7,optimal,optimal,optimal,optimal,optimal,optimal,↓ decreasing,→ stable,→ stable,100.0,✅ EXCELLENT,False,NONE,5.5,0.0,NONE
1779686817.855,118.1,94.7,32.2,2505.0,49.3,14.24,32.7,32.8,32.3,32.1,optimal,optimal,optimal,optimal,optimal,optimal,↓ decreasing,→ stable,→ stable,100.0,✅ EXCELLENT,False,NONE,4.7,0.0,NONE
1779686818.856,122.2,94.6,32.4,2467.0,50.2,14.24,32.9,33.0,31.6,32.2,warning,optimal,optimal,optimal,optimal,optimal,↓ decreasing,→ stable,→ stable,100.0,✅ EXCELLENT,False,NONE,4.5,0.0,NONE
1779686819.858,122.2,95.6,31.9,2469.0,49.9,14.19,33.4,32.7,31.6,32.2,warning,optimal,optimal,optimal,optimal,optimal,→ stable,→ stable,→ stable,100.0,✅ EXCELLENT,False,NONE,5.4,0.0,NONE
1779686820.859,122.9,95.1,31.8,2505.0,50.6,14.22,32.7,32.8,32.0,31.9,warning,optimal,optimal,optimal,optimal,optimal,→ stable,→ stable,→ stable,100.0,✅ EXCELLENT,False,NONE,5.6,0.0,NONE
1779686821.86,120.6,94.3,32.1,2514.0,50.7,14.18,33.4,33.3,32.3,32.0,warning,optimal,optimal,optimal,optimal,optimal,↑ increasing,→ stable,→ stable,100.0,✅ EXCELLENT,False,NONE,5.0,0.0,NONE
1779686822.861,121.9,95.5,32.2,2518.0,50.6,14.22,33.0,32.8,31.8,31.8,warning,optimal,optimal,optimal,optimal,optimal,↑ increasing,→ stable,→ stable,100.0,✅ EXCELLENT,False,NONE,4.9,0.0,NONE
1779686823.863,120.8,95.3,32.2,2515.0,50.1,14.16,32.7,32.6,31.9,31.9,warning,optimal,optimal,optimal,optimal,optimal,↑ increasing,→ stable,→ stable,100.0,✅ EXCELLENT,False,NONE,4.8,0.0,NONE
1779686824.864,122.0,95.6,31.9,2458.0,50.0,14.16,32.8,32.7,31.6,31.9,warning,optimal,optimal,optimal,optimal,optimal,↑ increasing,↑ increasing,→ stable,100.0,✅ EXCELLENT,False,NONE,5.4,0.0,NONE
1779686825.866,122.5,95.6,31.8,2479.0,49.4,14.23,33.1,32.7,31.9,31.7,warning,optimal,optimal,optimal,optimal,optimal,↑ increasing,↑ increasing,→ stable,100.0,✅ EXCELLENT,False,NONE,5.6,0.0,NONE
1779686826.867,121.9,96.3,31.9,2510.0,49.9,14.16,32.9,33.2,32.2,32.3,warning,optimal,optimal,optimal,optimal,optimal,↑ increasing,↑ increasing,→ stable,100.0,✅ EXCELLENT,False,NONE,5.4,0.0,NONE
1779686827.869,122.5,93.9,31.8,2490.0,49.1,14.2,32.7,32.9,32.1,31.8,warning,optimal,optimal,optimal,optimal,optimal,↑ increasing,↑ increasing,→ stable,100.0,✅ EXCELLENT,False,NONE,5.6,0.0,NONE
1779686828.87,118.2,95.3,32.3,2472.0,50.4,14.23,32.7,33.0,31.9,31.7,optimal,optimal,optimal,optimal,optimal,optimal,↑ increasing,↑ increasing,→ stable,100.0,✅ EXCELLENT,False,NONE,4.6,0.0,NONE
1779686829.871,118.9,95.8,32.3,2518.0,49.6,14.16,32.7,33.1,31.9,32.2,optimal,optimal,optimal,optimal,optimal,optimal,↑ increasing,→ stable,→ stable,100.0,✅ EXCELLENT,False,NONE,4.6,0.0,NONE
1779686830.872,121.7,94.1,31.6,2484.0,50.7,14.17,32.7,33.3,32.0,32.0,warning,optimal,optimal,optimal,optimal,optimal,↑ increasing,→ stable,→ stable,100.0,✅ EXCELLENT,False,NONE,5.9,0.0,NONE
1779686831.874,120.4,94.4,32.3,2500.0,50.3,14.19,33.1,33.0,31.6,31.8,warning,optimal,optimal,optimal,optimal,optimal,↑ increasing,→ stable,→ stable,100.0,✅ EXCELLENT,False,NONE,4.6,0.0,NONE
1779686832.875,121.8,93.6,31.7,2503.0,50.0,14.18,32.9,33.1,32.0,31.6,warning,optimal,optimal,optimal,optimal,optimal,→ stable,→ stable,→ stable,100.0,✅ EXCELLENT,False,NONE,5.7,0.0,NONE
1779686833.875,120.9,96.4,32.2,2523.0,50.5,14.22,32.9,33.3,31.9,32.3,warning,optimal,optimal,optimal,optimal,optimal,→ stable,→ stable,→ stable,100.0,✅ EXCELLENT,False,NONE,4.8,0.0,NONE
1779686834.875,121.5,94.6,32.0,2456.0,49.9,14.17,32.7,32.7,31.9,32.2,warning,optimal,optimal,optimal,optimal,optimal,→ stable,→ stable,→ stable,100.0,✅ EXCELLENT,False,NONE,5.2,0.0,NONE
1779686835.877,118.3,95.5,31.6,2522.0,49.3,14.24,33.1,32.9,31.8,32.3,optimal,optimal,optimal,optimal,optimal,optimal,↓ decreasing,→ stable,→ stable,100.0,✅ EXCELLENT,False,NONE,5.7,0.0,NONE
1779686836.878,118.4,94.0,31.8,2499.0,49.6,14.22,33.1,33.3,31.9,32.2,optimal,optimal,optimal,optimal,optimal,optimal,↓ decreasing,→ stable,→ stable,100.0,✅ EXCELLENT,False,NONE,5.4,0.0,NONE
1779686837.879,122.1,95.3,32.4,2515.0,50.5,14.15,32.8,32.9,31.9,31.8,warning,optimal,optimal,optimal,optimal,optimal,↓ decreasing,→ stable,→ stable,100.0,✅ EXCELLENT,False,NONE,4.5,0.0,NONE
1779686838.88,117.0,95.8,32.0,2503.0,49.5,14.19,32.7,33.0,31.9,31.7,optimal,optimal,optimal,optimal,optimal,optimal,↓ decreasing,→ stable,→ stable,100.0,✅ EXCELLENT,False,NONE,5.0,0.0,NONE
1779686839.881,119.1,93.7,31.8,2461.0,50.4,14.24,33.2,33.0,32.2,32.4,optimal,optimal,optimal,optimal,optimal,optimal,↓ decreasing,↓ decreasing,→ stable,100.0,✅ EXCELLENT,False,NONE,5.4,0.0,NONE
1779686840.883,120.6,95.5,31.9,2462.0,50.6,14.17,33.3,32.9,32.0,32.0,warning,optimal,optimal,optimal,optimal,optimal,↓ decreasing,→ stable,→ stable,100.0,✅ EXCELLENT,False,NONE,5.3,0.0,NONE
1779686841.884,119.3,95.1,32.1,2524.0,50.5,14.22,33.0,32.9,31.8,32.2,optimal,optimal,optimal,optimal,optimal,optimal,↓ decreasing,→ stable,→ stable,100.0,✅ EXCELLENT,False,NONE,4.9,0.0,NONE
1779686842.885,122.1,94.1,32.2,2473.0,49.4,14.21,33.4,33.0,32.3,32.2,warning,optimal,optimal,optimal,optimal,optimal,↓ decreasing,→ stable,→ stable,100.0,✅ EXCELLENT,False,NONE,4.9,0.0,NONE
1779686843.887,120.2,94.8,31.8,2479.0,50.5,14.22,33.2,33.3,32.0,32.0,warning,optimal,optimal,optimal,optimal,optimal,↓ decreasing,→ stable,→ stable,100.0,✅ EXCELLENT,False,NONE,5.5,0.0,NONE
1779686844.888,119.5,93.9,31.9,2483.0,49.8,14.25,33.4,32.6,32.3,31.9,optimal,optimal,optimal,optimal,optimal,optimal,↓ decreasing,→ stable,→ stable,100.0,✅ EXCELLENT,False,NONE,5.3,0.0,NONE
1779686845.889,122.2,93.9,32.0,2463.0,50.8,14.18,32.8,32.7,32.2,32.1,warning,optimal,optimal,optimal,optimal,optimal,↓ decreasing,→ stable,→ stable,100.0,✅ EXCELLENT,False,NONE,5.2,0.0,NONE
1779686846.89,120.1,94.6,32.4,2540.0,50.3,14.17,33.0,33.4,31.9,31.6,warning,optimal,optimal,optimal,optimal,optimal,→ stable,→ stable,→ stable,100.0,✅ EXCELLENT,False,NONE,4.5,0.0,NONE
1779686847.892,118.6,94.5,32.3,2503.0,49.9,14.19,32.7,33.1,31.7,32.1,optimal,optimal,optimal,optimal,optimal,optimal,→ stable,→ stable,→ stable,100.0,✅ EXCELLENT,False,NONE,4.6,0.0,NONE
1779686848.893,119.7,94.4,31.7,2548.0,49.4,14.2,32.6,32.9,32.0,31.9,optimal,optimal,optimal,optimal,optimal,optimal,→ stable,→ stable,→ stable,100.0,✅ EXCELLENT,False,NONE,5.6,0.0,NONE
1779686849.894,121.0,93.9,32.3,2541.0,50.2,14.16,32.9,32.9,32.0,31.8,warning,optimal,optimal,optimal,optimal,optimal,→ stable,→ stable,→ stable,100.0,✅ EXCELLENT,False,NONE,4.7,0.0,NONE
1779686850.896,119.3,95.0,31.7,2504.0,49.1,14.16,33.2,33.2,31.9,31.8,optimal,optimal,optimal,optimal,optimal,optimal,→ stable,→ stable,→ stable,100.0,✅ EXCELLENT,False,NONE,5.6,0.0,NONE
1779686851.898,118.3,93.6,31.8,2470.0,49.2,14.17,32.7,32.7,32.1,31.6,optimal,optimal,optimal,optimal,optimal,optimal,→ stable,↓ decreasing,→ stable,100.0,✅ EXCELLENT,False,NONE,5.4,0.0,NONE
1779686852.898,118.6,95.8,31.6,2525.0,49.7,14.18,33.2,33.0,32.1,32.3,optimal,optimal,optimal,optimal,optimal,optimal,→ stable,↓ decreasing,→ stable,100.0,✅ EXCELLENT,False,NONE,5.8,0.0,NONE
1779686853.899,119.6,96.4,32.2,2457.0,50.8,14.19,32.9,32.8,32.1,32.3,optimal,optimal,optimal,optimal,optimal,optimal,→ stable,→ stable,→ stable,100.0,✅ EXCELLENT,False,NONE,4.8,0.0,NONE
1779686854.901,121.1,95.3,31.8,2482.0,49.4,14.16,33.2,32.6,31.9,32.0,warning,optimal,optimal,optimal,optimal,optimal,→ stable,→ stable,→ stable,100.0,✅ EXCELLENT,False,NONE,5.5,0.0,NONE
1779686855.902,119.3,96.3,32.2,2511.0,49.6,14.21,32.8,33.0,32.3,32.1,optimal,optimal,optimal,optimal,optimal,optimal,→ stable,→ stable,→ stable,100.0,✅ EXCELLENT,False,NONE,4.8,0.0,NONE
1779686856.903,121.5,95.0,32.1,2483.0,51.0,14.22,33.3,33.1,32.4,32.2,warning,optimal,optimal,optimal,optimal,optimal,↓ decreasing,→ stable,→ stable,100.0,✅ EXCELLENT,False,NONE,5.0,0.0,NONE
1779686857.904,120.9,95.9,31.9,2532.0,49.1,14.22,32.7,32.9,31.9,31.7,warning,optimal,optimal,optimal,optimal,optimal,→ stable,↑ increasing,→ stable,100.0,✅ EXCELLENT,False,NONE,5.4,0.0,NONE
1779686858.905,118.8,94.1,32.1,2522.0,49.5,14.23,32.7,32.7,31.7,31.7,optimal,optimal,optimal,optimal,optimal,optimal,→ stable,↑ increasing,→ stable,100.0,✅ EXCELLENT,False,NONE,4.9,0.0,NONE
1779686859.906,122.0,95.5,31.6,2539.0,49.7,14.25,33.2,32.7,31.9,32.1,warning,optimal,optimal,optimal,optimal,optimal,→ stable,↑ increasing,→ stable,100.0,✅ EXCELLENT,False,NONE,5.9,0.0,NONE
1779686860.907,122.4,94.9,32.1,2523.0,49.3,14.18,33.1,32.8,32.0,31.6,warning,optimal,optimal,optimal,optimal,optimal,→ stable,↑ increasing,→ stable,100.0,✅ EXCELLENT,False,NONE,5.1,0.0,NONE
1779686861.908,122.9,94.9,31.8,2516.0,50.3,14.22,32.8,32.9,31.8,32.0,warning,optimal,optimal,optimal,optimal,optimal,↑ increasing,↑ increasing,→ stable,100.0,✅ EXCELLENT,False,NONE,5.6,0.0,NONE
1779686862.909,118.6,93.5,32.0,2549.0,50.6,14.15,33.0,33.3,32.0,31.6,optimal,optimal,optimal,optimal,optimal,optimal,↑ increasing,↑ increasing,→ stable,100.0,✅ EXCELLENT,False,NONE,5.1,0.0,NONE
1779686863.911,118.9,95.2,31.6,2517.0,50.0,14.22,33.0,32.7,32.1,31.9,optimal,optimal,optimal,optimal,optimal,optimal,↑ increasing,→ stable,→ stable,100.0,✅ EXCELLENT,False,NONE,5.8,0.0,NONE
1779686864.912,120.9,95.3,32.0,2506.0,49.1,14.25,32.9,32.7,31.9,32.1,warning,optimal,optimal,optimal,optimal,optimal,↑ increasing,→ stable,→ stable,100.0,✅ EXCELLENT,False,NONE,5.2,0.0,NONE
1779686865.913,122.8,94.0,31.8,2461.0,51.0,14.21,33.2,33.2,31.8,32.0,warning,optimal,optimal,optimal,optimal,optimal,↑ increasing,→ stable,→ stable,100.0,✅ EXCELLENT,False,NONE,5.6,0.0,NONE
1779686866.915,122.2,94.1,31.9,2459.0,49.7,14.19,33.1,32.6,31.7,32.1,warning,optimal,optimal,optimal,optimal,optimal,↑ increasing,→ stable,→ stable,100.0,✅ EXCELLENT,False,NONE,5.4,0.0,NONE
1779686867.915,121.0,96.2,32.0,2514.0,49.8,14.2,32.8,32.7,31.8,32.3,warning,optimal,optimal,optimal,optimal,optimal,↑ increasing,→ stable,→ stable,100.0,✅ EXCELLENT,False,NONE,5.2,0.0,NONE
1779686868.917,119.4,96.2,32.3,2463.0,49.4,14.24,33.2,32.6,31.8,31.7,optimal,optimal,optimal,optimal,optimal,optimal,↑ increasing,→ stable,→ stable,100.0,✅ EXCELLENT,False,NONE,4.6,0.0,NONE
1779686869.918,122.5,94.1,32.3,2474.0,50.6,14.21,32.6,33.4,32.0,31.6,warning,optimal,optimal,optimal,optimal,optimal,↑ increasing,→ stable,→ stable,100.0,✅ EXCELLENT,False,NONE,4.7,0.0,NONE
1779686870.919,122.7,95.6,31.7,2546.0,49.4,14.24,33.3,33.3,31.6,32.0,warning,optimal,optimal,optimal,optimal,optimal,↑ increasing,→ stable,→ stable,100.0,✅ EXCELLENT,False,NONE,5.8,0.0,NONE
1779686871.921,122.2,95.6,32.3,2527.0,49.7,14.17,33.3,32.6,31.8,31.8,warning,optimal,optimal,optimal,optimal,optimal,→ stable,→ stable,→ stable,100.0,✅ EXCELLENT,False,NONE,4.7,0.0,NONE
1779686872.922,120.4,95.7,31.7,2526.0,49.9,14.15,33.4,32.7,32.3,32.4,warning,optimal,optimal,optimal,optimal,optimal,↑ increasing,→ stable,→ stable,100.0,✅ EXCELLENT,False,NONE,5.7,0.0,NONE
1779686873.923,120.9,93.6,31.6,2541.0,49.8,14.18,32.9,32.9,32.0,31.9,warning,optimal,optimal,optimal,optimal,optimal,↑ increasing,→ stable,→ stable,100.0,✅ EXCELLENT,False,NONE,5.9,0.0,NONE
1779686874.924,117.8,95.0,32.1,2520.0,49.0,14.22,33.2,33.3,32.1,32.3,optimal,optimal,optimal,optimal,optimal,optimal,↑ increasing,→ stable,→ stable,100.0,✅ EXCELLENT,False,NONE,4.9,0.0,NONE
1779686875.925,118.6,95.5,31.6,2493.0,49.5,14.18,32.8,33.0,32.0,31.8,optimal,optimal,optimal,optimal,optimal,optimal,→ stable,→ stable,→ stable,100.0,✅ EXCELLENT,False,NONE,5.8,0.0,NONE
1779686876.927,118.5,95.8,31.9,2517.0,50.7,14.16,33.0,33.0,31.7,32.2,optimal,optimal,optimal,optimal,optimal,optimal,↓ decreasing,↑ increasing,→ stable,100.0,✅ EXCELLENT,False,NONE,5.2,0.0,NONE
1779686877.928,118.2,96.3,32.2,2523.0,49.5,14.2,33.1,33.3,31.9,32.0,optimal,optimal,optimal,optimal,optimal,optimal,↓ decreasing,↑ increasing,→ stable,100.0,✅ EXCELLENT,False,NONE,4.7,0.0,NONE
1779686878.928,117.6,96.2,32.3,2503.0,50.2,14.23,33.2,32.7,32.2,31.9,optimal,optimal,optimal,optimal,optimal,optimal,↓ decreasing,→ stable,→ stable,100.0,✅ EXCELLENT,False,NONE,4.5,0.0,NONE
1779686879.93,119.2,94.9,31.9,2543.0,50.3,14.19,33.3,33.2,32.3,32.0,optimal,optimal,optimal,optimal,optimal,optimal,↓ decreasing,↑ increasing,→ stable,100.0,✅ EXCELLENT,False,NONE,5.3,0.0,NONE
1779686880.93,119.7,94.2,31.7,2523.0,49.4,14.18,32.7,33.0,32.0,32.0,optimal,optimal,optimal,optimal,optimal,optimal,↓ decreasing,→ stable,→ stable,100.0,✅ EXCELLENT,False,NONE,5.6,0.0,NONE
1779686881.932,119.8,94.2,32.4,2539.0,49.5,14.21,33.3,33.3,31.9,32.3,optimal,optimal,optimal,optimal,optimal,optimal,↓ decreasing,→ stable,→ stable,100.0,✅ EXCELLENT,False,NONE,4.4,0.0,NONE
1779686882.933,121.8,95.9,31.7,2466.0,49.9,14.22,33.4,33.1,31.9,32.0,warning,optimal,optimal,optimal,optimal,optimal,↓ decreasing,→ stable,→ stable,100.0,✅ EXCELLENT,False,NONE,5.7,0.0,NONE
1779686883.934,118.4,96.4,31.8,2496.0,50.6,14.18,33.3,33.3,31.9,31.9,optimal,optimal,optimal,optimal,optimal,optimal,↓ decreasing,→ stable,→ stable,100.0,✅ EXCELLENT,False,NONE,5.4,0.0,NONE
1779686884.936,119.6,96.3,31.8,2491.0,50.7,14.21,32.9,32.6,32.3,32.4,optimal,optimal,optimal,optimal,optimal,optimal,↓ decreasing,↑ increasing,→ stable,100.0,✅ EXCELLENT,False,NONE,5.5,0.0,NONE
1779686885.936,118.7,94.2,32.0,2524.0,49.8,14.16,32.6,33.2,32.3,32.2,optimal,optimal,optimal,optimal,optimal,optimal,↓ decreasing,→ stable,→ stable,100.0,✅ EXCELLENT,False,NONE,5.1,0.0,NONE
1779686886.937,118.4,93.9,31.7,2455.0,49.0,14.18,33.3,32.6,32.1,31.8,optimal,optimal,optimal,optimal,optimal,optimal,↓ decreasing,→ stable,→ stable,100.0,✅ EXCELLENT,False,NONE,5.6,0.0,NONE
1779686887.939,119.4,95.2,32.3,2522.0,49.9,14.2,32.7,33.2,32.4,32.1,optimal,optimal,optimal,optimal,optimal,optimal,↓ decreasing,→ stable,→ stable,100.0,✅ EXCELLENT,False,NONE,4.6,0.0,NONE
1779686888.939,118.4,93.9,31.7,2504.0,50.9,14.16,32.9,33.2,32.2,32.4,optimal,optimal,optimal,optimal,optimal,optimal,↓ decreasing,→ stable,→ stable,100.0,✅ EXCELLENT,False,NONE,5.6,0.0,NONE
1779686889.94,117.7,95.6,32.3,2517.0,50.0,14.17,32.8,33.3,32.1,32.1,optimal,optimal,optimal,optimal,optimal,optimal,→ stable,→ stable,→ stable,100.0,✅ EXCELLENT,False,NONE,4.5,0.0,NONE
1779686890.942,121.7,96.3,31.6,2533.0,49.9,14.19,33.2,32.8,31.7,32.3,warning,optimal,optimal,optimal,optimal,optimal,→ stable,→ stable,→ stable,100.0,✅ EXCELLENT,False,NONE,5.9,0.0,NONE
1779686891.943,119.1,95.1,32.2,2500.0,50.5,14.24,32.9,33.2,32.2,32.4,optimal,optimal,optimal,optimal,optimal,optimal,→ stable,→ stable,→ stable,100.0,✅ EXCELLENT,False,NONE,4.8,0.0,NONE
1779686892.944,122.0,95.6,31.7,2490.0,49.2,14.18,33.1,32.7,32.1,31.7,warning,optimal,optimal,optimal,optimal,optimal,→ stable,→ stable,→ stable,100.0,✅ EXCELLENT,False,NONE,5.8,0.0,NONE
1779686893.946,121.8,95.9,32.0,2491.0,50.6,14.17,33.0,32.8,32.1,32.1,warning,optimal,optimal,optimal,optimal,optimal,↑ increasing,→ stable,→ stable,100.0,✅ EXCELLENT,False,NONE,5.2,0.0,NONE
1779686894.946,117.4,94.2,32.1,2546.0,49.9,14.2,33.0,32.7,31.6,32.1,optimal,optimal,optimal,optimal,optimal,optimal,→ stable,↓ decreasing,→ stable,100.0,✅ EXCELLENT,False,NONE,4.9,0.0,NONE
1779686895.947,121.0,93.9,32.0,2500.0,49.7,14.18,33.0,33.3,32.3,32.3,warning,optimal,optimal,optimal,optimal,optimal,↑ increasing,→ stable,→ stable,100.0,✅ EXCELLENT,False,NONE,5.2,0.0,NONE
1779686896.948,119.9,93.5,32.0,2486.0,49.2,14.18,33.1,32.9,32.0,32.4,optimal,optimal,optimal,optimal,optimal,optimal,↑ increasing,→ stable,→ stable,100.0,✅ EXCELLENT,False,NONE,5.1,0.0,NONE
1779686897.949,117.5,94.7,32.1,2509.0,49.9,14.2,32.7,33.3,31.6,31.9,optimal,optimal,optimal,optimal,optimal,optimal,→ stable,→ stable,→ stable,100.0,✅ EXCELLENT,False,NONE,4.9,0.0,NONE
1779686898.951,121.2,94.4,32.0,2541.0,50.7,14.15,33.3,33.2,31.6,31.8,warning,optimal,optimal,optimal,optimal,optimal,↑ increasing,→ stable,→ stable,100.0,✅ EXCELLENT,False,NONE,5.2,0.0,NONE
1779686899.952,120.6,95.0,32.0,2459.0,49.1,14.25,32.9,33.2,31.7,31.7,warning,optimal,optimal,optimal,optimal,optimal,↑ increasing,→ stable,→ stable,100.0,✅ EXCELLENT,False,NONE,5.2,0.0,NONE
1779686900.953,122.6,94.1,32.3,2514.0,49.5,14.18,33.3,33.4,31.9,32.4,warning,optimal,optimal,optimal,optimal,optimal,↑ increasing,↓ decreasing,→ stable,100.0,✅ EXCELLENT,False,NONE,4.7,0.0,NONE
1779686901.954,119.2,93.7,31.8,2549.0,50.1,14.19,33.4,32.6,31.8,32.1,optimal,optimal,optimal,optimal,optimal,optimal,↑ increasing,↓ decreasing,→ stable,100.0,✅ EXCELLENT,False,NONE,5.4,0.0,NONE
1779686902.955,122.0,94.7,32.3,2490.0,49.6,14.24,32.7,32.7,32.1,32.0,warning,optimal,optimal,optimal,optimal,optimal,↑ increasing,↓ decreasing,→ stable,100.0,✅ EXCELLENT,False,NONE,4.7,0.0,NONE
1779686903.956,117.5,96.1,32.3,2485.0,49.3,14.17,33.0,32.8,32.0,32.2,optimal,optimal,optimal,optimal,optimal,optimal,→ stable,↓ decreasing,→ stable,100.0,✅ EXCELLENT,False,NONE,4.5,0.0,NONE
1779686904.957,122.1,95.1,31.9,2518.0,50.9,14.25,32.7,32.7,32.0,32.0,warning,optimal,optimal,optimal,optimal,optimal,↑ increasing,→ stable,→ stable,100.0,✅ EXCELLENT,False,NONE,5.4,0.0,NONE
1779686905.958,122.1,93.9,32.1,2460.0,49.0,14.16,33.2,33.1,31.9,32.0,warning,optimal,optimal,optimal,optimal,optimal,↑ increasing,→ stable,→ stable,100.0,✅ EXCELLENT,False,NONE,5.1,0.0,NONE
1779686906.959,120.2,95.9,32.1,2486.0,50.9,14.22,33.1,33.3,32.1,31.6,warning,optimal,optimal,optimal,optimal,optimal,↑ increasing,→ stable,→ stable,100.0,✅ EXCELLENT,False,NONE,5.0,0.0,NONE
1779686907.96,118.2,94.1,32.2,2517.0,49.9,14.24,33.1,33.0,32.0,31.8,optimal,optimal,optimal,optimal,optimal,optimal,↑ increasing,→ stable,→ stable,100.0,✅ EXCELLENT,False,NONE,4.7,0.0,NONE
1779686908.961,117.4,94.2,31.9,2495.0,50.9,14.16,33.1,33.0,31.8,31.8,optimal,optimal,optimal,optimal,optimal,optimal,→ stable,→ stable,→ stable,100.0,✅ EXCELLENT,False,NONE,5.2,0.0,NONE
1779686909.963,117.6,95.5,32.2,2513.0,50.4,14.22,32.9,32.7,32.3,32.2,optimal,optimal,optimal,optimal,optimal,optimal,→ stable,→ stable,→ stable,100.0,✅ EXCELLENT,False,NONE,4.7,0.0,NONE
1779686910.964,119.1,94.8,32.1,2451.0,49.1,14.2,32.7,32.9,32.4,32.3,optimal,optimal,optimal,optimal,optimal,optimal,↓ decreasing,→ stable,→ stable,100.0,✅ EXCELLENT,False,NONE,4.9,0.0,NONE
1779686911.965,117.2,94.2,31.9,2486.0,49.4,14.19,33.0,33.0,32.1,32.2,optimal,optimal,optimal,optimal,optimal,optimal,↓ decreasing,→ stable,→ stable,100.0,✅ EXCELLENT,False,NONE,5.2,0.0,NONE
1779686912.966,118.5,94.7,32.2,2476.0,50.3,14.2,32.8,33.4,32.2,31.6,optimal,optimal,optimal,optimal,optimal,optimal,↓ decreasing,→ stable,→ stable,100.0,✅ EXCELLENT,False,NONE,4.7,0.0,NONE
1779686913.967,118.7,95.5,32.4,2516.0,50.4,14.22,32.6,32.6,32.1,32.3,optimal,optimal,optimal,optimal,optimal,optimal,↓ decreasing,→ stable,→ stable,100.0,✅ EXCELLENT,False,NONE,4.4,0.0,NONE
1779686914.968,121.1,93.9,32.1,2525.0,50.7,14.16,32.9,33.1,32.1,32.0,warning,optimal,optimal,optimal,optimal,optimal,↓ decreasing,→ stable,→ stable,100.0,✅ EXCELLENT,False,NONE,5.0,0.0,NONE
1779686915.969,117.7,95.2,31.7,2498.0,50.1,14.19,32.9,32.6,31.8,32.0,optimal,optimal,optimal,optimal,optimal,optimal,↓ decreasing,→ stable,→ stable,100.0,✅ EXCELLENT,False,NONE,5.5,0.0,NONE
1779686916.97,118.6,93.7,32.1,2460.0,50.0,14.23,32.8,33.0,32.0,31.9,optimal,optimal,optimal,optimal,optimal,optimal,↓ decreasing,→ stable,→ stable,100.0,✅ EXCELLENT,False,NONE,4.9,0.0,NONE
1779686917.972,121.3,96.0,31.9,2534.0,49.3,14.15,32.7,32.6,32.3,31.7,warning,optimal,optimal,optimal,optimal,optimal,↓ decreasing,→ stable,→ stable,100.0,✅ EXCELLENT,False,NONE,5.4,0.0,NONE
1779686918.974,119.2,96.4,31.9,2517.0,50.4,14.23,33.0,33.3,32.2,31.7,optimal,optimal,optimal,optimal,optimal,optimal,↓ decreasing,→ stable,→ stable,100.0,✅ EXCELLENT,False,NONE,5.3,0.0,NONE
1779686919.974,118.6,94.1,32.1,2533.0,50.0,14.16,32.8,32.6,31.9,32.3,optimal,optimal,optimal,optimal,optimal,optimal,↓ decreasing,→ stable,→ stable,100.0,✅ EXCELLENT,False,NONE,4.9,0.0,NONE
1779686920.975,119.9,94.0,32.3,2496.0,50.9,14.23,32.9,33.3,32.3,32.0,optimal,optimal,optimal,optimal,optimal,optimal,→ stable,→ stable,→ stable,100.0,✅ EXCELLENT,False,NONE,4.6,0.0,NONE
1779686921.976,122.2,95.1,32.3,2486.0,49.9,14.15,32.7,33.0,32.1,32.1,warning,optimal,optimal,optimal,optimal,optimal,→ stable,→ stable,→ stable,100.0,✅ EXCELLENT,False,NONE,4.7,0.0,NONE
1779686922.977,122.1,95.8,31.9,2493.0,49.6,14.16,33.2,33.2,32.3,31.7,warning,optimal,optimal,optimal,optimal,optimal,↑ increasing,→ stable,→ stable,100.0,✅ EXCELLENT,False,NONE,5.4,0.0,NONE
1779686923.979,119.9,95.1,32.0,2521.0,49.3,14.24,32.7,32.8,31.9,31.8,optimal,optimal,optimal,optimal,optimal,optimal,↑ increasing,→ stable,→ stable,100.0,✅ EXCELLENT,False,NONE,5.1,0.0,NONE
1779686924.98,118.4,93.9,31.9,2455.0,49.9,14.24,33.0,33.0,32.2,32.2,optimal,optimal,optimal,optimal,optimal,optimal,↑ increasing,→ stable,→ stable,100.0,✅ EXCELLENT,False,NONE,5.2,0.0,NONE
1779686925.982,119.9,94.9,31.9,2508.0,49.5,14.17,33.4,33.3,31.8,31.7,optimal,optimal,optimal,optimal,optimal,optimal,↑ increasing,→ stable,→ stable,100.0,✅ EXCELLENT,False,NONE,5.3,0.0,NONE
1779686926.983,118.4,96.5,32.2,2503.0,50.4,14.25,32.8,32.7,31.9,31.6,optimal,optimal,optimal,optimal,optimal,optimal,↑ increasing,↑ increasing,→ stable,100.0,✅ EXCELLENT,False,NONE,4.7,0.0,NONE
1779686927.983,119.0,96.5,31.8,2476.0,49.2,14.22,32.9,33.3,31.8,31.7,optimal,optimal,optimal,optimal,optimal,optimal,↑ increasing,→ stable,→ stable,100.0,✅ EXCELLENT,False,NONE,5.4,0.0,NONE
1779686928.985,117.1,95.3,31.7,2528.0,49.6,14.16,32.8,32.7,32.2,32.4,optimal,optimal,optimal,optimal,optimal,optimal,↑ increasing,→ stable,→ stable,100.0,✅ EXCELLENT,False,NONE,5.5,0.0,NONE
1779686929.986,122.1,94.8,32.2,2505.0,50.7,14.21,33.3,33.4,32.4,32.4,warning,optimal,optimal,optimal,optimal,optimal,↑ increasing,→ stable,→ stable,100.0,✅ EXCELLENT,False,NONE,4.9,0.0,NONE
1779686930.987,117.9,95.2,31.8,2513.0,50.0,14.15,33.0,33.4,32.3,31.7,optimal,optimal,optimal,optimal,optimal,optimal,↑ increasing,↑ increasing,→ stable,100.0,✅ EXCELLENT,False,NONE,5.4,0.0,NONE
1779686931.988,122.6,93.6,31.7,2522.0,49.6,14.24,33.0,33.2,32.0,32.3,warning,optimal,optimal,optimal,optimal,optimal,→ stable,→ stable,→ stable,100.0,✅ EXCELLENT,False,NONE,5.8,0.0,NONE
1779686932.989,118.8,93.5,32.0,2453.0,50.3,14.17,32.9,32.7,31.8,31.9,optimal,optimal,optimal,optimal,optimal,optimal,↓ decreasing,→ stable,→ stable,100.0,✅ EXCELLENT,False,NONE,5.1,0.0,NONE
1779686933.99,121.4,95.4,31.6,2479.0,49.9,14.16,32.8,33.1,32.4,32.0,warning,optimal,optimal,optimal,optimal,optimal,→ stable,→ stable,→ stable,100.0,✅ EXCELLENT,False,NONE,5.9,0.0,NONE
1779686934.991,119.7,94.3,32.1,2504.0,50.5,14.16,32.9,33.4,32.4,31.9,optimal,optimal,optimal,optimal,optimal,optimal,→ stable,→ stable,→ stable,100.0,✅ EXCELLENT,False,NONE,5.0,0.0,NONE
1779686935.994,122.3,95.4,32.4,2548.0,49.1,14.18,32.9,32.8,32.1,32.0,warning,optimal,optimal,optimal,optimal,optimal,→ stable,→ stable,→ stable,100.0,✅ EXCELLENT,False,NONE,4.5,0.0,NONE
1779686936.995,119.3,94.2,31.9,2534.0,49.1,14.18,32.9,33.3,31.9,32.1,optimal,optimal,optimal,optimal,optimal,optimal,→ stable,→ stable,→ stable,100.0,✅ EXCELLENT,False,NONE,5.3,0.0,NONE
1779686937.997,120.3,95.4,32.3,2517.0,50.2,14.19,33.3,32.8,31.7,32.1,warning,optimal,optimal,optimal,optimal,optimal,→ stable,↓ decreasing,→ stable,100.0,✅ EXCELLENT,False,NONE,4.6,0.0,NONE
1779686938.999,120.5,94.7,32.4,2477.0,50.8,14.17,32.9,33.2,31.7,31.7,warning,optimal,optimal,optimal,optimal,optimal,↑ increasing,→ stable,→ stable,100.0,✅ EXCELLENT,False,NONE,4.5,0.0,NONE
1779686939.999,118.0,94.0,31.7,2470.0,50.7,14.15,32.7,33.3,32.4,32.1,optimal,optimal,optimal,optimal,optimal,optimal,→ stable,↓ decreasing,→ stable,100.0,✅ EXCELLENT,False,NONE,5.6,0.0,NONE
1779686941.0,118.8,95.3,31.7,2457.0,49.8,14.19,32.7,32.6,31.7,31.7,optimal,optimal,optimal,optimal,optimal,optimal,→ stable,↓ decreasing,→ stable,100.0,✅ EXCELLENT,False,NONE,5.6,0.0,NONE
1779686942.001,121.5,94.6,32.2,2507.0,50.5,14.22,32.8,33.0,32.0,31.8,warning,optimal,optimal,optimal,optimal,optimal,→ stable,→ stable,→ stable,100.0,✅ EXCELLENT,False,NONE,4.9,0.0,NONE
1779686943.003,119.5,95.7,31.7,2521.0,49.2,14.21,32.7,33.1,31.8,31.7,optimal,optimal,optimal,optimal,optimal,optimal,↑ increasing,→ stable,→ stable,100.0,✅ EXCELLENT,False,NONE,5.6,0.0,NONE
1779686944.004,120.0,93.9,31.7,2478.0,50.4,14.2,32.8,32.6,32.0,32.0,optimal,optimal,optimal,optimal,optimal,optimal,→ stable,→ stable,→ stable,100.0,✅ EXCELLENT,False,NONE,5.7,0.0,NONE
1779686945.006,120.3,95.1,32.0,2488.0,49.4,14.2,33.0,33.2,32.3,32.0,warning,optimal,optimal,optimal,optimal,optimal,→ stable,→ stable,→ stable,100.0,✅ EXCELLENT,False,NONE,5.2,0.0,NONE
1779686946.008,118.9,95.9,32.1,2498.0,49.0,14.23,32.7,33.2,32.2,31.9,optimal,optimal,optimal,optimal,optimal,optimal,→ stable,→ stable,→ stable,100.0,✅ EXCELLENT,False,NONE,4.9,0.0,NONE
1779686947.01,119.1,94.8,31.9,2530.0,49.7,14.19,32.8,32.9,32.1,32.0,optimal,optimal,optimal,optimal,optimal,optimal,→ stable,→ stable,→ stable,100.0,✅ EXCELLENT,False,NONE,5.3,0.0,NONE
1779686948.011,121.7,96.4,32.2,2493.0,50.6,14.19,33.2,33.2,31.7,32.1,warning,optimal,optimal,optimal,optimal,optimal,→ stable,→ stable,→ stable,100.0,✅ EXCELLENT,False,NONE,4.9,0.0,NONE
1779686949.013,118.4,94.5,31.6,2486.0,49.8,14.2,32.7,32.8,31.9,32.3,optimal,optimal,optimal,optimal,optimal,optimal,↓ decreasing,→ stable,→ stable,100.0,✅ EXCELLENT,False,NONE,5.8,0.0,NONE
1779686950.013,122.6,95.0,32.1,2530.0,49.8,14.15,33.4,33.3,31.7,31.9,warning,optimal,optimal,optimal,optimal,optimal,→ stable,↑ increasing,→ stable,100.0,✅ EXCELLENT,False,NONE,5.1,0.0,NONE
1779686951.014,121.0,93.9,32.3,2511.0,50.5,14.2,32.9,33.1,32.0,32.1,warning,optimal,optimal,optimal,optimal,optimal,→ stable,→ stable,→ stable,100.0,✅ EXCELLENT,False,NONE,4.7,0.0,NONE
1779686952.016,121.4,94.0,32.0,2469.0,49.3,14.22,33.3,33.0,31.8,32.1,warning,optimal,optimal,optimal,optimal,optimal,→ stable,→ stable,→ stable,100.0,✅ EXCELLENT,False,NONE,5.2,0.0,NONE
1779686953.017,120.2,95.3,31.8,2480.0,49.5,14.22,33.2,32.6,32.4,32.2,warning,optimal,optimal,optimal,optimal,optimal,→ stable,→ stable,→ stable,100.0,✅ EXCELLENT,False,NONE,5.5,0.0,NONE
1779686954.019,120.3,95.7,31.8,2535.0,50.7,14.18,32.8,33.1,32.0,31.8,warning,optimal,optimal,optimal,optimal,optimal,→ stable,→ stable,→ stable,100.0,✅ EXCELLENT,False,NONE,5.5,0.0,NONE
1779686955.02,120.1,95.8,31.6,2451.0,49.7,14.2,32.7,33.2,32.1,31.8,warning,optimal,optimal,optimal,optimal,optimal,→ stable,→ stable,→ stable,100.0,✅ EXCELLENT,False,NONE,5.8,0.0,NONE
1779686956.02,117.8,95.0,32.2,2465.0,49.2,14.16,32.7,33.1,31.8,32.3,optimal,optimal,optimal,optimal,optimal,optimal,↑ increasing,→ stable,→ stable,100.0,✅ EXCELLENT,False,NONE,4.7,0.0,NONE
1779686957.02,117.7,94.1,31.7,2497.0,49.2,14.22,32.6,32.7,32.2,31.7,optimal,optimal,optimal,optimal,optimal,optimal,→ stable,→ stable,→ stable,100.0,✅ EXCELLENT,False,NONE,5.5,0.0,NONE
1779686958.022,122.8,96.3,32.1,2496.0,50.3,14.24,33.4,32.7,31.9,31.8,warning,optimal,optimal,optimal,optimal,optimal,→ stable,→ stable,→ stable,100.0,✅ EXCELLENT,False,NONE,5.1,0.0,NONE
1779686959.022,117.8,96.1,32.1,2534.0,50.7,14.19,33.4,33.4,31.8,32.2,optimal,optimal,optimal,optimal,optimal,optimal,↑ increasing,→ stable,→ stable,100.0,✅ EXCELLENT,False,NONE,4.9,0.0,NONE
1779686960.024,120.8,95.4,31.9,2478.0,49.0,14.19,32.7,33.4,32.3,32.1,warning,optimal,optimal,optimal,optimal,optimal,→ stable,→ stable,→ stable,100.0,✅ EXCELLENT,False,NONE,5.3,0.0,NONE
1779686961.024,121.4,95.0,32.3,2508.0,50.7,14.24,32.9,33.2,32.1,31.7,warning,optimal,optimal,optimal,optimal,optimal,→ stable,→ stable,→ stable,100.0,✅ EXCELLENT,False,NONE,4.7,0.0,NONE
1779686962.027,120.5,94.0,32.0,2522.0,49.7,14.2,33.3,33.2,31.7,32.1,warning,optimal,optimal,optimal,optimal,optimal,→ stable,→ stable,→ stable,100.0,✅ EXCELLENT,False,NONE,5.2,0.0,NONE
1779686963.028,121.7,95.4,32.3,2456.0,49.7,14.18,32.8,32.9,31.9,31.7,warning,optimal,optimal,optimal,optimal,optimal,→ stable,→ stable,→ stable,100.0,✅ EXCELLENT,False,NONE,4.7,0.0,NONE
1779686964.029,122.7,96.0,32.0,2521.0,50.8,14.24,33.3,32.9,32.0,31.7,warning,optimal,optimal,optimal,optimal,optimal,→ stable,→ stable,→ stable,100.0,✅ EXCELLENT,False,NONE,5.3,0.0,NONE
1779686965.03,117.2,93.6,31.9,2502.0,50.6,14.17,33.2,32.8,31.7,32.3,optimal,optimal,optimal,optimal,optimal,optimal,→ stable,→ stable,→ stable,100.0,✅ EXCELLENT,False,NONE,5.2,0.0,NONE
1779686966.032,120.1,94.4,31.8,2524.0,50.6,14.15,33.4,33.2,32.3,32.1,warning,optimal,optimal,optimal,optimal,optimal,→ stable,→ stable,→ stable,100.0,✅ EXCELLENT,False,NONE,5.5,0.0,NONE
1779686967.033,118.3,96.4,32.3,2492.0,50.9,14.19,33.1,33.1,32.1,31.6,optimal,optimal,optimal,optimal,optimal,optimal,→ stable,→ stable,→ stable,100.0,✅ EXCELLENT,False,NONE,4.6,0.0,NONE
1779686968.035,120.1,94.7,32.0,2508.0,50.0,14.18,33.1,33.0,32.1,31.9,warning,optimal,optimal,optimal,optimal,optimal,→ stable,→ stable,→ stable,100.0,✅ EXCELLENT,False,NONE,5.1,0.0,NONE
1779686969.037,118.3,94.0,32.3,2547.0,50.6,14.24,32.7,33.0,31.9,32.4,optimal,optimal,optimal,optimal,optimal,optimal,→ stable,→ stable,→ stable,100.0,✅ EXCELLENT,False,NONE,4.6,0.0,NONE
1779686970.038,120.3,94.6,32.1,2467.0,50.5,14.24,33.1,33.3,32.1,32.3,warning,optimal,optimal,optimal,optimal,optimal,→ stable,→ stable,→ stable,100.0,✅ EXCELLENT,False,NONE,5.0,0.0,NONE
1779686971.04,117.6,96.5,32.2,2542.0,49.8,14.23,33.3,33.2,31.8,31.7,optimal,optimal,optimal,optimal,optimal,optimal,→ stable,→ stable,→ stable,100.0,✅ EXCELLENT,False,NONE,4.7,0.0,NONE
1779686972.041,118.4,94.7,32.1,2530.0,49.9,14.19,32.7,32.9,32.3,32.1,optimal,optimal,optimal,optimal,optimal,optimal,→ stable,→ stable,→ stable,100.0,✅ EXCELLENT,False,NONE,4.9,0.0,NONE
1779686973.042,117.5,95.9,32.0,2492.0,49.4,14.15,32.7,32.8,31.6,31.8,optimal,optimal,optimal,optimal,optimal,optimal,↓ decreasing,→ stable,→ stable,100.0,✅ EXCELLENT,False,NONE,5.0,0.0,NONE
1779686974.044,118.6,94.9,32.4,2514.0,50.3,14.23,33.4,33.0,32.0,32.3,optimal,optimal,optimal,optimal,optimal,optimal,↓ decreasing,→ stable,→ stable,100.0,✅ EXCELLENT,False,NONE,4.4,0.0,NONE
1779686975.045,117.0,95.8,31.6,2488.0,50.7,14.19,32.6,32.9,32.0,32.3,optimal,optimal,optimal,optimal,optimal,optimal,↓ decreasing,→ stable,→ stable,100.0,✅ EXCELLENT,False,NONE,5.7,0.0,NONE
1779686976.046,119.2,95.6,31.7,2506.0,50.6,14.23,33.0,33.3,32.2,32.1,optimal,optimal,optimal,optimal,optimal,optimal,↓ decreasing,→ stable,→ stable,100.0,✅ EXCELLENT,False,NONE,5.6,0.0,NONE
1779686977.047,117.6,93.6,32.4,2451.0,49.5,14.2,33.0,32.6,32.3,31.7,optimal,optimal,optimal,optimal,optimal,optimal,↓ decreasing,→ stable,→ stable,100.0,✅ EXCELLENT,False,NONE,4.4,0.0,NONE
1779686978.048,120.3,95.7,31.9,2471.0,50.8,14.2,33.0,33.1,31.7,32.2,warning,optimal,optimal,optimal,optimal,optimal,↓ decreasing,→ stable,→ stable,100.0,✅ EXCELLENT,False,NONE,5.3,0.0,NONE
1779686979.049,120.0,95.0,31.8,2468.0,50.4,14.24,32.9,32.7,32.0,32.1,optimal,optimal,optimal,optimal,optimal,optimal,↓ decreasing,→ stable,→ stable,100.0,✅ EXCELLENT,False,NONE,5.5,0.0,NONE
1779686980.051,120.9,94.6,32.2,2453.0,49.4,14.23,33.2,33.4,32.0,32.3,warning,optimal,optimal,optimal,optimal,optimal,↓ decreasing,→ stable,→ stable,100.0,✅ EXCELLENT,False,NONE,4.8,0.0,NONE
1779686981.053,118.0,93.8,32.0,2482.0,50.0,14.22,32.7,32.9,31.9,31.6,optimal,optimal,optimal,optimal,optimal,optimal,↓ decreasing,→ stable,→ stable,100.0,✅ EXCELLENT,False,NONE,5.1,0.0,NONE
1779686982.053,122.8,95.3,31.8,2450.0,49.7,14.16,33.1,32.8,31.6,32.3,warning,optimal,optimal,optimal,optimal,optimal,→ stable,→ stable,→ stable,100.0,✅ EXCELLENT,False,NONE,5.6,0.0,NONE
1779686983.054,119.7,95.8,31.9,2537.0,51.0,14.18,33.2,33.4,32.1,31.7,optimal,optimal,optimal,optimal,optimal,optimal,→ stable,→ stable,→ stable,100.0,✅ EXCELLENT,False,NONE,5.3,0.0,NONE
1779686984.055,117.7,96.4,31.7,2511.0,50.3,14.25,32.8,32.7,31.8,32.1,optimal,optimal,optimal,optimal,optimal,optimal,↑ increasing,→ stable,→ stable,100.0,✅ EXCELLENT,False,NONE,5.5,0.0,NONE
1779686985.056,119.3,96.1,32.2,2529.0,49.8,14.18,33.1,33.3,32.1,32.1,optimal,optimal,optimal,optimal,optimal,optimal,↑ increasing,→ stable,→ stable,100.0,✅ EXCELLENT,False,NONE,4.8,0.0,NONE
1779686986.057,118.2,94.7,31.6,2498.0,49.5,14.24,33.2,33.1,32.0,32.0,optimal,optimal,optimal,optimal,optimal,optimal,↑ increasing,→ stable,→ stable,100.0,✅ EXCELLENT,False,NONE,5.7,0.0,NONE
1779686987.059,118.4,95.1,32.4,2463.0,49.7,14.25,33.2,33.2,32.1,32.4,optimal,optimal,optimal,optimal,optimal,optimal,↑ increasing,→ stable,→ stable,100.0,✅ EXCELLENT,False,NONE,4.4,0.0,NONE
1779686988.061,122.3,95.0,32.4,2548.0,50.2,14.22,32.8,32.8,31.9,32.0,warning,optimal,optimal,optimal,optimal,optimal,↑ increasing,→ stable,→ stable,100.0,✅ EXCELLENT,False,NONE,4.5,0.0,NONE
1779686989.061,121.3,95.9,32.0,2529.0,49.2,14.22,32.8,33.3,32.1,31.7,warning,optimal,optimal,optimal,optimal,optimal,↑ increasing,→ stable,→ stable,100.0,✅ EXCELLENT,False,NONE,5.2,0.0,NONE
1779686990.063,121.2,94.0,31.7,2500.0,50.2,14.17,33.2,32.9,32.3,32.3,warning,optimal,optimal,optimal,optimal,optimal,↑ increasing,→ stable,→ stable,100.0,✅ EXCELLENT,False,NONE,5.7,0.0,NONE
1779686991.064,118.5,96.2,32.2,2465.0,49.8,14.18,32.6,33.2,31.9,32.2,optimal,optimal,optimal,optimal,optimal,optimal,↑ increasing,→ stable,→ stable,100.0,✅ EXCELLENT,False,NONE,4.7,0.0,NONE
1779686992.065,121.0,96.2,32.2,2532.0,50.9,14.17,33.1,32.9,32.2,32.3,warning,optimal,optimal,optimal,optimal,optimal,↑ increasing,↑ increasing,→ stable,100.0,✅ EXCELLENT,False,NONE,4.8,0.0,NONE
1779686993.066,118.3,94.1,31.7,2457.0,50.6,14.24,33.2,32.6,31.7,31.6,optimal,optimal,optimal,optimal,optimal,optimal,→ stable,→ stable,→ stable,100.0,✅ EXCELLENT,False,NONE,5.6,0.0,NONE
1779686994.068,120.2,94.5,31.8,2450.0,51.0,14.19,32.8,33.4,32.0,31.8,warning,optimal,optimal,optimal,optimal,optimal,↑ increasing,→ stable,→ stable,100.0,✅ EXCELLENT,False,NONE,5.5,0.0,NONE
1779686995.069,122.9,96.5,32.4,2521.0,50.2,14.19,32.9,33.2,31.7,32.1,warning,optimal,optimal,optimal,optimal,optimal,↑ increasing,→ stable,→ stable,100.0,✅ EXCELLENT,False,NONE,4.6,0.0,NONE
1779686996.071,120.9,95.0,32.0,2489.0,50.5,14.16,32.9,33.2,32.4,31.8,warning,optimal,optimal,optimal,optimal,optimal,↑ increasing,→ stable,→ stable,100.0,✅ EXCELLENT,False,NONE,5.2,0.0,NONE
1779686997.073,118.3,95.5,32.0,2540.0,49.6,14.16,32.7,32.6,31.7,32.0,optimal,optimal,optimal,optimal,optimal,optimal,↑ increasing,→ stable,→ stable,100.0,✅ EXCELLENT,False,NONE,5.1,0.0,NONE
1779686998.075,121.2,93.6,32.1,2470.0,49.6,14.15,33.2,33.4,32.1,32.0,warning,optimal,optimal,optimal,optimal,optimal,↑ increasing,→ stable,→ stable,100.0,✅ EXCELLENT,False,NONE,5.0,0.0,NONE
1779686999.076,119.5,94.7,32.1,2495.0,49.8,14.2,32.9,33.2,31.9,32.2,optimal,optimal,optimal,optimal,optimal,optimal,→ stable,→ stable,→ stable,100.0,✅ EXCELLENT,False,NONE,5.0,0.0,NONE
1779687000.077,122.4,93.9,31.9,2487.0,50.3,14.21,33.0,32.9,32.4,31.7,warning,optimal,optimal,optimal,optimal,optimal,→ stable,→ stable,→ stable,100.0,✅ EXCELLENT,False,NONE,5.4,0.0,NONE
1779687001.078,117.0,94.5,32.2,2472.0,49.6,14.24,33.2,33.1,32.3,32.4,optimal,optimal,optimal,optimal,optimal,optimal,→ stable,↓ decreasing,→ stable,100.0,✅ EXCELLENT,False,NONE,4.7,0.0,NONE
1779687002.079,119.0,93.8,31.9,2511.0,49.7,14.24,33.2,33.1,32.4,31.6,optimal,optimal,optimal,optimal,optimal,optimal,→ stable,↓ decreasing,→ stable,100.0,✅ EXCELLENT,False,NONE,5.3,0.0,NONE
1779687003.081,117.1,95.5,31.9,2481.0,50.8,14.23,33.1,32.9,32.3,32.1,optimal,optimal,optimal,optimal,optimal,optimal,→ stable,↓ decreasing,→ stable,100.0,✅ EXCELLENT,False,NONE,5.2,0.0,NONE
1779687004.082,121.9,95.1,32.2,2479.0,49.8,14.19,33.0,32.9,31.9,31.9,warning,optimal,optimal,optimal,optimal,optimal,→ stable,→ stable,→ stable,100.0,✅ EXCELLENT,False,NONE,4.9,0.0,NONE
1779687005.084,120.3,95.4,32.3,2502.0,50.9,14.2,33.4,33.3,32.2,32.2,warning,optimal,optimal,optimal,optimal,optimal,→ stable,↓ decreasing,→ stable,100.0,✅ EXCELLENT,False,NONE,4.6,0.0,NONE
1779687006.085,119.5,94.3,32.3,2457.0,49.7,14.2,32.8,33.0,31.8,32.4,optimal,optimal,optimal,optimal,optimal,optimal,↓ decreasing,↓ decreasing,→ stable,100.0,✅ EXCELLENT,False,NONE,4.6,0.0,NONE
1779687007.087,120.2,93.5,32.2,2546.0,50.3,14.15,32.7,33.4,31.7,31.7,warning,optimal,optimal,optimal,optimal,optimal,↓ decreasing,↓ decreasing,→ stable,100.0,✅ EXCELLENT,False,NONE,4.8,0.0,NONE
1779687008.087,120.5,93.6,32.3,2461.0,49.2,14.24,33.0,32.9,32.2,31.9,warning,optimal,optimal,optimal,optimal,optimal,↓ decreasing,↓ decreasing,→ stable,100.0,✅ EXCELLENT,False,NONE,4.6,0.0,NONE
1779687009.089,117.2,94.9,32.0,2519.0,50.0,14.22,32.8,32.6,32.4,32.2,optimal,optimal,optimal,optimal,optimal,optimal,↓ decreasing,↓ decreasing,→ stable,100.0,✅ EXCELLENT,False,NONE,5.0,0.0,NONE
1779687010.092,120.2,95.9,32.4,2486.0,50.1,14.17,32.6,32.7,32.0,31.9,warning,optimal,optimal,optimal,optimal,optimal,↓ decreasing,→ stable,→ stable,100.0,✅ EXCELLENT,False,NONE,4.5,0.0,NONE
1779687011.092,119.9,95.4,32.2,2475.0,49.9,14.16,33.2,33.3,32.1,31.6,optimal,optimal,optimal,optimal,optimal,optimal,↓ decreasing,→ stable,→ stable,100.0,✅ EXCELLENT,False,NONE,4.8,0.0,NONE
1779687012.093,120.0,94.4,32.4,2479.0,49.9,14.16,32.7,33.2,31.9,32.2,optimal,optimal,optimal,optimal,optimal,optimal,→ stable,→ stable,→ stable,100.0,✅ EXCELLENT,False,NONE,4.5,0.0,NONE
1779687013.094,122.0,95.8,32.2,2472.0,49.1,14.18,32.9,32.8,31.9,32.2,warning,optimal,optimal,optimal,optimal,optimal,→ stable,→ stable,→ stable,100.0,✅ EXCELLENT,False,NONE,4.9,0.0,NONE
1779687014.095,120.9,96.4,31.7,2467.0,50.1,14.16,33.1,32.9,31.9,32.2,warning,optimal,optimal,optimal,optimal,optimal,→ stable,→ stable,→ stable,100.0,✅ EXCELLENT,False,NONE,5.7,0.0,NONE
1779687015.096,121.5,95.9,32.1,2534.0,50.7,14.24,33.0,33.1,31.8,32.4,warning,optimal,optimal,optimal,optimal,optimal,→ stable,→ stable,→ stable,100.0,✅ EXCELLENT,False,NONE,5.0,0.0,NONE
1779687016.098,120.5,94.5,31.7,2512.0,50.0,14.24,32.7,32.9,32.4,32.1,warning,optimal,optimal,optimal,optimal,optimal,↑ increasing,→ stable,→ stable,100.0,✅ EXCELLENT,False,NONE,5.7,0.0,NONE
1779687017.099,119.6,96.0,31.8,2494.0,49.4,14.2,33.0,33.1,32.1,31.6,optimal,optimal,optimal,optimal,optimal,optimal,→ stable,↑ increasing,→ stable,100.0,✅ EXCELLENT,False,NONE,5.5,0.0,NONE
1779687018.099,119.0,95.9,32.0,2510.0,49.2,14.16,33.2,33.2,31.7,31.8,optimal,optimal,optimal,optimal,optimal,optimal,→ stable,↑ increasing,→ stable,100.0,✅ EXCELLENT,False,NONE,5.1,0.0,NONE
1779687019.101,119.0,94.9,31.6,2500.0,50.2,14.19,32.8,33.0,32.3,31.9,optimal,optimal,optimal,optimal,optimal,optimal,↑ increasing,↑ increasing,→ stable,100.0,✅ EXCELLENT,False,NONE,5.8,0.0,NONE
1779687020.102,117.2,96.5,32.0,2462.0,49.8,14.23,33.1,33.3,31.8,32.4,optimal,optimal,optimal,optimal,optimal,optimal,↑ increasing,↑ increasing,→ stable,100.0,✅ EXCELLENT,False,NONE,5.0,0.0,NONE
1779687021.104,119.2,94.0,31.6,2467.0,49.8,14.21,33.2,33.2,31.7,32.2,optimal,optimal,optimal,optimal,optimal,optimal,→ stable,↑ increasing,→ stable,100.0,✅ EXCELLENT,False,NONE,5.8,0.0,NONE
1779687022.104,119.8,94.3,31.9,2507.0,49.2,14.23,33.4,33.3,32.4,32.0,optimal,optimal,optimal,optimal,optimal,optimal,→ stable,↑ increasing,→ stable,100.0,✅ EXCELLENT,False,NONE,5.3,0.0,NONE
1779687023.105,118.5,94.3,32.3,2463.0,50.2,14.24,33.1,33.3,32.0,32.1,optimal,optimal,optimal,optimal,optimal,optimal,↓ decreasing,→ stable,→ stable,100.0,✅ EXCELLENT,False,NONE,4.6,0.0,NONE
1779687024.106,121.9,96.0,31.8,2502.0,49.9,14.25,33.3,33.4,32.0,31.7,warning,optimal,optimal,optimal,optimal,optimal,→ stable,→ stable,→ stable,100.0,✅ EXCELLENT,False,NONE,5.6,0.0,NONE
1779687025.106,122.4,94.3,32.3,2522.0,50.6,14.25,33.1,33.3,31.6,31.6,warning,optimal,optimal,optimal,optimal,optimal,→ stable,→ stable,→ stable,100.0,✅ EXCELLENT,False,NONE,4.7,0.0,NONE
1779687026.108,122.6,94.9,32.3,2540.0,49.6,14.16,33.2,32.7,31.7,32.2,warning,optimal,optimal,optimal,optimal,optimal,→ stable,→ stable,→ stable,100.0,✅ EXCELLENT,False,NONE,4.7,0.0,NONE
1779687027.11,120.8,95.1,31.7,2478.0,49.4,14.16,33.1,32.9,31.9,32.2,warning,optimal,optimal,optimal,optimal,optimal,→ stable,→ stable,→ stable,100.0,✅ EXCELLENT,False,NONE,5.7,0.0,NONE
1779687028.111,118.4,95.5,32.0,2541.0,49.1,14.21,32.7,32.8,32.0,31.8,optimal,optimal,optimal,optimal,optimal,optimal,→ stable,↓ decreasing,→ stable,100.0,✅ EXCELLENT,False,NONE,5.1,0.0,NONE
1779687029.111,118.0,95.5,32.0,2491.0,49.3,14.2,32.9,32.8,32.1,32.0,optimal,optimal,optimal,optimal,optimal,optimal,→ stable,→ stable,→ stable,100.0,✅ EXCELLENT,False,NONE,5.1,0.0,NONE
1779687030.112,120.4,95.9,32.0,2476.0,50.0,14.24,32.8,33.2,31.8,31.7,warning,optimal,optimal,optimal,optimal,optimal,→ stable,↓ decreasing,→ stable,100.0,✅ EXCELLENT,False,NONE,5.2,0.0,NONE
1779687031.113,117.9,93.7,32.3,2521.0,50.7,14.19,33.1,32.9,32.4,31.9,optimal,optimal,optimal,optimal,optimal,optimal,→ stable,→ stable,→ stable,100.0,✅ EXCELLENT,False,NONE,4.5,0.0,NONE
1779687032.115,122.4,94.9,32.1,2453.0,50.8,14.21,33.4,33.3,31.7,32.3,warning,optimal,optimal,optimal,optimal,optimal,→ stable,→ stable,→ stable,100.0,✅ EXCELLENT,False,NONE,5.1,0.0,NONE
1779687033.117,120.8,96.3,32.0,2511.0,51.0,14.21,32.4,32.8,30.8,34.1,warning,optimal,optimal,optimal,optimal,optimal,↑ increasing,→ stable,→ stable,100.0,✅ EXCELLENT,False,NONE,5.2,0.0,NONE
1779687034.118,119.1,95.3,32.2,2528.0,50.1,14.22,31.7,33.2,31.0,34.1,optimal,optimal,optimal,optimal,optimal,optimal,↑ increasing,→ stable,→ stable,100.0,✅ EXCELLENT,False,NONE,4.8,0.0,NONE
1779687035.119,120.2,96.2,32.1,2453.0,49.6,14.18,32.1,32.7,31.0,33.8,warning,optimal,optimal,optimal,optimal,optimal,→ stable,→ stable,→ stable,100.0,✅ EXCELLENT,False,NONE,5.0,0.0,NONE
1779687036.12,118.5,94.9,31.7,2517.0,50.8,14.16,31.6,33.1,31.1,34.2,optimal,optimal,optimal,optimal,optimal,optimal,→ stable,→ stable,→ stable,100.0,✅ EXCELLENT,False,NONE,5.6,0.0,NONE
1779687037.121,119.8,96.4,32.1,2451.0,49.3,14.22,31.7,33.4,30.9,34.2,optimal,optimal,optimal,optimal,optimal,optimal,→ stable,→ stable,→ stable,100.0,✅ EXCELLENT,False,NONE,5.0,0.0,NONE
1779687038.123,122.6,95.3,32.0,2509.0,50.1,14.21,32.1,32.7,31.2,34.2,warning,optimal,optimal,optimal,optimal,optimal,→ stable,→ stable,→ stable,100.0,✅ EXCELLENT,False,NONE,5.3,0.0,NONE
1779687039.125,120.2,96.4,32.3,2547.0,50.0,14.22,32.2,32.7,31.4,34.3,warning,optimal,optimal,optimal,optimal,optimal,→ stable,→ stable,→ stable,100.0,✅ EXCELLENT,False,NONE,4.6,0.0,NONE
1779687040.125,117.5,95.7,32.1,2500.0,50.6,14.2,31.8,32.7,31.1,34.4,optimal,optimal,optimal,optimal,optimal,optimal,→ stable,↑ increasing,→ stable,100.0,✅ EXCELLENT,False,NONE,4.9,0.0,NONE
1779687041.127,122.0,96.1,32.3,2491.0,50.6,14.16,31.8,32.6,31.0,33.6,warning,optimal,optimal,optimal,optimal,optimal,→ stable,↑ increasing,→ stable,100.0,✅ EXCELLENT,False,NONE,4.7,0.0,NONE
1779687042.129,122.4,94.8,31.6,2540.0,49.9,14.24,32.1,32.8,30.9,33.9,warning,optimal,optimal,optimal,optimal,optimal,→ stable,↑ increasing,→ stable,100.0,✅ EXCELLENT,False,NONE,5.9,0.0,NONE
1779687043.129,122.0,96.2,32.1,2537.0,49.4,14.18,31.9,33.2,30.7,33.6,warning,optimal,optimal,optimal,optimal,optimal,→ stable,↑ increasing,→ stable,100.0,✅ EXCELLENT,False,NONE,5.1,0.0,NONE
1779687044.13,121.6,96.1,32.3,2532.0,49.9,14.15,32.3,33.0,30.7,33.8,warning,optimal,optimal,optimal,optimal,optimal,→ stable,↑ increasing,→ stable,100.0,✅ EXCELLENT,False,NONE,4.7,0.0,NONE
1779687045.132,119.3,96.4,31.9,2543.0,50.1,14.22,32.3,33.3,31.0,33.8,optimal,optimal,optimal,optimal,optimal,optimal,↑ increasing,→ stable,→ stable,100.0,✅ EXCELLENT,False,NONE,5.3,0.0,NONE
1779687046.133,117.3,94.2,32.3,2475.0,49.5,14.17,31.8,33.0,31.3,34.3,optimal,optimal,optimal,optimal,optimal,optimal,↑ increasing,→ stable,→ stable,100.0,✅ EXCELLENT,False,NONE,4.5,0.0,NONE
1779687047.134,122.8,96.0,31.7,2501.0,49.9,14.21,32.1,32.9,30.9,33.7,warning,optimal,optimal,optimal,optimal,optimal,↑ increasing,→ stable,→ stable,100.0,✅ EXCELLENT,False,NONE,5.8,0.0,NONE
1779687048.136,121.9,94.2,32.4,2532.0,50.9,14.17,31.6,33.0,30.6,34.1,warning,optimal,optimal,optimal,optimal,optimal,↑ increasing,→ stable,→ stable,100.0,✅ EXCELLENT,False,NONE,4.5,0.0,NONE
1779687049.137,123.0,96.3,31.9,2468.0,50.8,14.19,31.9,32.8,30.8,33.9,warning,optimal,optimal,optimal,optimal,optimal,↑ increasing,→ stable,→ stable,100.0,✅ EXCELLENT,False,NONE,5.4,0.0,NONE
1779687050.138,118.2,93.8,31.8,2472.0,50.3,14.21,32.2,32.6,31.3,34.1,optimal,optimal,optimal,optimal,optimal,optimal,↑ increasing,→ stable,→ stable,100.0,✅ EXCELLENT,False,NONE,5.4,0.0,NONE
1779687051.139,120.1,95.0,31.8,2467.0,50.8,14.2,32.1,33.2,31.2,33.6,warning,optimal,optimal,optimal,optimal,optimal,↑ increasing,→ stable,→ stable,100.0,✅ EXCELLENT,False,NONE,5.5,0.0,NONE
1779687052.141,121.1,94.7,31.8,2498.0,49.2,14.17,32.3,33.0,31.4,34.2,warning,optimal,optimal,optimal,optimal,optimal,→ stable,→ stable,→ stable,100.0,✅ EXCELLENT,False,NONE,5.5,0.0,NONE
1779687053.142,118.2,95.0,32.3,2451.0,50.0,14.22,31.6,33.0,31.0,33.7,optimal,optimal,optimal,optimal,optimal,optimal,→ stable,↓ decreasing,→ stable,100.0,✅ EXCELLENT,False,NONE,4.6,0.0,NONE
1779687054.143,120.0,95.1,32.2,2491.0,50.9,14.18,31.9,33.1,31.2,34.3,optimal,optimal,optimal,optimal,optimal,optimal,→ stable,↓ decreasing,→ stable,100.0,✅ EXCELLENT,False,NONE,4.8,0.0,NONE
1779687055.145,118.0,95.5,32.4,2533.0,49.1,14.22,32.2,33.1,31.4,34.2,optimal,optimal,optimal,optimal,optimal,optimal,↓ decreasing,↓ decreasing,→ stable,100.0,✅ EXCELLENT,False,NONE,4.4,0.0,NONE
1779687056.147,120.5,93.7,31.7,2489.0,50.0,14.16,32.1,33.1,30.8,34.1,warning,optimal,optimal,optimal,optimal,optimal,→ stable,↓ decreasing,→ stable,100.0,✅ EXCELLENT,False,NONE,5.7,0.0,NONE
1779687057.149,119.9,96.2,31.7,2523.0,49.3,14.25,32.2,32.7,31.2,34.2,optimal,optimal,optimal,optimal,optimal,optimal,↓ decreasing,↓ decreasing,→ stable,100.0,✅ EXCELLENT,False,NONE,5.7,0.0,NONE
1779687058.15,120.5,95.0,32.1,2482.0,49.7,14.16,31.6,32.7,30.8,33.7,warning,optimal,optimal,optimal,optimal,optimal,↓ decreasing,↓ decreasing,→ stable,100.0,✅ EXCELLENT,False,NONE,5.0,0.0,NONE
1779687059.151,118.0,95.8,32.2,2547.0,49.4,14.22,31.7,32.6,31.2,34.2,optimal,optimal,optimal,optimal,optimal,optimal,↓ decreasing,↓ decreasing,→ stable,100.0,✅ EXCELLENT,False,NONE,4.7,0.0,NONE
1779687060.152,122.2,94.4,31.9,2467.0,50.9,14.17,31.7,32.8,31.2,34.1,warning,optimal,optimal,optimal,optimal,optimal,↓ decreasing,→ stable,→ stable,100.0,✅ EXCELLENT,False,NONE,5.4,0.0,NONE
1779687061.153,121.1,94.0,32.3,2455.0,49.5,14.24,32.1,33.2,31.0,33.9,warning,optimal,optimal,optimal,optimal,optimal,↓ decreasing,→ stable,→ stable,100.0,✅ EXCELLENT,False,NONE,4.7,0.0,NONE
1779687062.154,119.4,93.5,32.2,2489.0,50.8,14.16,31.7,33.1,30.8,33.7,optimal,optimal,optimal,optimal,optimal,optimal,↓ decreasing,→ stable,→ stable,100.0,✅ EXCELLENT,False,NONE,4.8,0.0,NONE
1779687063.156,118.5,95.0,32.0,2518.0,49.8,14.21,31.9,32.7,31.2,34.0,optimal,optimal,optimal,optimal,optimal,optimal,↓ decreasing,→ stable,→ stable,100.0,✅ EXCELLENT,False,NONE,5.1,0.0,NONE
1779687064.158,119.2,94.4,31.8,2495.0,49.2,14.2,32.0,32.8,30.9,34.1,optimal,optimal,optimal,optimal,optimal,optimal,→ stable,→ stable,→ stable,100.0,✅ EXCELLENT,False,NONE,5.4,0.0,NONE
1779687065.158,119.8,94.8,32.2,2509.0,50.2,14.16,32.3,32.8,31.4,34.3,optimal,optimal,optimal,optimal,optimal,optimal,→ stable,→ stable,→ stable,100.0,✅ EXCELLENT,False,NONE,4.8,0.0,NONE
1779687066.158,117.7,93.7,31.8,2474.0,49.5,14.25,31.6,32.8,31.2,34.1,optimal,optimal,optimal,optimal,optimal,optimal,↓ decreasing,→ stable,→ stable,100.0,✅ EXCELLENT,False,NONE,5.4,0.0,NONE
1779687067.161,122.1,95.4,32.3,2534.0,49.8,14.18,31.6,32.7,30.8,34.3,warning,optimal,optimal,optimal,optimal,optimal,→ stable,→ stable,→ stable,100.0,✅ EXCELLENT,False,NONE,4.7,0.0,NONE
1779687068.163,118.0,95.0,31.9,2550.0,49.6,14.23,31.9,32.8,31.1,33.7,optimal,optimal,optimal,optimal,optimal,optimal,→ stable,→ stable,→ stable,100.0,✅ EXCELLENT,False,NONE,5.2,0.0,NONE
1779687069.164,119.1,95.9,31.9,2506.0,49.5,14.21,31.7,32.6,31.0,34.4,optimal,optimal,optimal,optimal,optimal,optimal,→ stable,→ stable,→ stable,100.0,✅ EXCELLENT,False,NONE,5.3,0.0,NONE
1779687070.165,118.9,93.7,32.0,2476.0,50.3,14.15,32.1,33.2,30.7,34.4,optimal,optimal,optimal,optimal,optimal,optimal,→ stable,→ stable,→ stable,100.0,✅ EXCELLENT,False,NONE,5.1,0.0,NONE
1779687071.167,119.3,95.8,31.8,2451.0,50.6,14.23,31.7,32.7,30.7,34.0,optimal,optimal,optimal,optimal,optimal,optimal,↓ decreasing,→ stable,→ stable,100.0,✅ EXCELLENT,False,NONE,5.5,0.0,NONE
1779687072.169,119.2,95.0,31.8,2472.0,49.9,14.23,32.1,32.7,30.6,34.3,optimal,optimal,optimal,optimal,optimal,optimal,↓ decreasing,→ stable,→ stable,100.0,✅ EXCELLENT,False,NONE,5.4,0.0,NONE
1779687073.17,117.2,94.0,32.0,2493.0,50.8,14.23,31.9,33.4,30.8,34.2,optimal,optimal,optimal,optimal,optimal,optimal,↓ decreasing,→ stable,→ stable,100.0,✅ EXCELLENT,False,NONE,5.0,0.0,NONE
1779687074.171,120.9,95.4,31.9,2486.0,49.8,14.22,31.9,32.7,31.1,33.7,warning,optimal,optimal,optimal,optimal,optimal,↓ decreasing,→ stable,→ stable,100.0,✅ EXCELLENT,False,NONE,5.4,0.0,NONE
1779687075.173,118.2,95.7,31.8,2470.0,50.1,14.2,32.2,32.7,30.8,34.2,optimal,optimal,optimal,optimal,optimal,optimal,↓ decreasing,→ stable,→ stable,100.0,✅ EXCELLENT,False,NONE,5.4,0.0,NONE
1779687076.174,119.5,95.2,32.2,2509.0,50.4,14.2,32.3,32.7,30.7,33.7,optimal,optimal,optimal,optimal,optimal,optimal,→ stable,→ stable,→ stable,100.0,✅ EXCELLENT,False,NONE,4.8,0.0,NONE
1779687077.176,121.3,95.3,32.2,2542.0,49.4,14.16,31.8,32.7,30.8,34.2,warning,optimal,optimal,optimal,optimal,optimal,↓ decreasing,→ stable,→ stable,100.0,✅ EXCELLENT,False,NONE,4.9,0.0,NONE
1779687078.178,121.5,94.0,32.2,2529.0,50.1,14.18,31.7,33.2,30.6,34.1,warning,optimal,optimal,optimal,optimal,optimal,→ stable,→ stable,→ stable,100.0,✅ EXCELLENT,False,NONE,4.9,0.0,NONE
1779687079.18,120.7,94.1,32.3,2489.0,50.3,14.16,31.8,33.0,30.8,34.2,warning,optimal,optimal,optimal,optimal,optimal,→ stable,→ stable,→ stable,100.0,✅ EXCELLENT,False,NONE,4.7,0.0,NONE
1779687080.181,119.0,93.9,32.0,2489.0,49.6,14.2,31.8,32.7,31.1,34.0,optimal,optimal,optimal,optimal,optimal,optimal,→ stable,→ stable,→ stable,100.0,✅ EXCELLENT,False,NONE,5.1,0.0,NONE
1779687081.183,120.9,95.7,32.2,2457.0,49.8,14.2,32.0,33.1,31.2,33.6,warning,optimal,optimal,optimal,optimal,optimal,↑ increasing,→ stable,→ stable,100.0,✅ EXCELLENT,False,NONE,4.8,0.0,NONE
1779687082.183,121.4,95.1,31.8,2466.0,50.9,14.22,32.1,32.7,31.4,34.1,warning,optimal,optimal,optimal,optimal,optimal,↑ increasing,→ stable,→ stable,100.0,✅ EXCELLENT,False,NONE,5.5,0.0,NONE
1779687083.185,122.5,96.5,32.0,2548.0,50.4,14.2,31.8,33.2,31.2,33.7,warning,optimal,optimal,optimal,optimal,optimal,↑ increasing,→ stable,→ stable,100.0,✅ EXCELLENT,False,NONE,5.3,0.0,NONE
1779687084.186,120.7,94.9,32.1,2494.0,49.4,14.17,31.8,33.2,30.8,34.0,warning,optimal,optimal,optimal,optimal,optimal,↑ increasing,→ stable,→ stable,100.0,✅ EXCELLENT,False,NONE,5.0,0.0,NONE
1779687085.188,117.3,94.5,32.2,2476.0,49.6,14.19,32.2,32.9,30.6,33.6,optimal,optimal,optimal,optimal,optimal,optimal,↑ increasing,→ stable,→ stable,100.0,✅ EXCELLENT,False,NONE,4.7,0.0,NONE
1779687086.19,117.5,93.5,32.1,2460.0,49.4,14.18,32.3,32.9,31.3,34.1,optimal,optimal,optimal,optimal,optimal,optimal,↑ increasing,→ stable,→ stable,100.0,✅ EXCELLENT,False,NONE,4.9,0.0,NONE
1779687087.19,119.0,93.9,32.2,2460.0,50.1,14.21,31.6,32.9,31.2,34.1,optimal,optimal,optimal,optimal,optimal,optimal,↑ increasing,→ stable,→ stable,100.0,✅ EXCELLENT,False,NONE,4.8,0.0,NONE
1779687088.192,118.4,95.0,32.4,2476.0,50.4,14.17,31.7,32.8,30.7,33.9,optimal,optimal,optimal,optimal,optimal,optimal,→ stable,→ stable,→ stable,100.0,✅ EXCELLENT,False,NONE,4.4,0.0,NONE
1779687089.194,118.2,96.1,31.8,2461.0,49.5,14.19,31.6,32.8,31.1,34.2,optimal,optimal,optimal,optimal,optimal,optimal,→ stable,→ stable,→ stable,100.0,✅ EXCELLENT,False,NONE,5.4,0.0,NONE
1779687090.195,117.1,94.0,32.0,2517.0,50.7,14.22,31.8,33.1,31.4,33.7,optimal,optimal,optimal,optimal,optimal,optimal,→ stable,→ stable,→ stable,100.0,✅ EXCELLENT,False,NONE,5.0,0.0,NONE
1779687091.195,120.4,94.8,31.8,2534.0,50.1,14.22,31.8,33.0,31.0,34.3,warning,optimal,optimal,optimal,optimal,optimal,↓ decreasing,→ stable,→ stable,100.0,✅ EXCELLENT,False,NONE,5.5,0.0,NONE
1779687092.197,121.4,96.2,32.0,2469.0,50.0,14.17,31.6,32.7,31.3,34.2,warning,optimal,optimal,optimal,optimal,optimal,↓ decreasing,→ stable,→ stable,100.0,✅ EXCELLENT,False,NONE,5.2,0.0,NONE
1779687093.199,119.2,95.8,31.8,2474.0,50.2,14.2,32.0,33.2,31.1,33.7,optimal,optimal,optimal,optimal,optimal,optimal,↓ decreasing,→ stable,→ stable,100.0,✅ EXCELLENT,False,NONE,5.4,0.0,NONE
1779687094.199,119.6,94.0,31.8,2453.0,49.6,14.2,31.7,32.7,31.4,33.9,optimal,optimal,optimal,optimal,optimal,optimal,↓ decreasing,→ stable,→ stable,100.0,✅ EXCELLENT,False,NONE,5.5,0.0,NONE
1779687095.2,121.9,94.6,31.8,2484.0,50.2,14.19,32.4,33.2,30.7,34.4,warning,optimal,optimal,optimal,optimal,optimal,↓ decreasing,→ stable,→ stable,100.0,✅ EXCELLENT,False,NONE,5.6,0.0,NONE
1779687096.201,122.3,94.4,31.8,2470.0,49.5,14.23,32.0,32.6,31.0,34.1,warning,optimal,optimal,optimal,optimal,optimal,↓ decreasing,→ stable,→ stable,100.0,✅ EXCELLENT,False,NONE,5.6,0.0,NONE
1779687097.202,120.7,96.2,32.1,2496.0,50.9,14.18,31.7,33.0,30.9,34.2,warning,optimal,optimal,optimal,optimal,optimal,→ stable,→ stable,→ stable,100.0,✅ EXCELLENT,False,NONE,5.0,0.0,NONE
1779687098.204,122.2,94.4,32.1,2512.0,50.5,14.22,32.1,32.9,30.9,34.2,warning,optimal,optimal,optimal,optimal,optimal,↑ increasing,→ stable,→ stable,100.0,✅ EXCELLENT,False,NONE,5.1,0.0,NONE
1779687099.206,120.4,94.7,31.9,2505.0,50.6,14.19,31.6,33.1,31.3,34.0,warning,optimal,optimal,optimal,optimal,optimal,↑ increasing,→ stable,→ stable,100.0,✅ EXCELLENT,False,NONE,5.3,0.0,NONE
1779687100.208,121.8,95.3,32.0,2489.0,49.8,14.25,32.1,33.1,30.7,34.2,warning,optimal,optimal,optimal,optimal,optimal,↑ increasing,→ stable,→ stable,100.0,✅ EXCELLENT,False,NONE,5.2,0.0,NONE
1779687101.209,118.3,95.3,32.2,2459.0,49.1,14.18,32.4,33.2,30.8,34.2,optimal,optimal,optimal,optimal,optimal,optimal,↑ increasing,→ stable,→ stable,100.0,✅ EXCELLENT,False,NONE,4.7,0.0,NONE
1779687102.21,118.5,95.2,32.1,2532.0,49.5,14.16,32.2,32.8,30.6,34.3,optimal,optimal,optimal,optimal,optimal,optimal,↑ increasing,→ stable,→ stable,100.0,✅ EXCELLENT,False,NONE,4.9,0.0,NONE
1779687103.211,118.6,96.1,32.2,2548.0,49.6,14.22,31.9,32.8,30.7,33.6,optimal,optimal,optimal,optimal,optimal,optimal,↑ increasing,→ stable,→ stable,100.0,✅ EXCELLENT,False,NONE,4.7,0.0,NONE
1779687104.213,117.6,94.1,31.7,2483.0,49.5,14.24,31.6,33.1,31.0,33.6,optimal,optimal,optimal,optimal,optimal,optimal,↑ increasing,→ stable,→ stable,100.0,✅ EXCELLENT,False,NONE,5.5,0.0,NONE
1779687105.214,117.6,96.3,31.9,2493.0,49.5,14.23,32.1,33.3,31.2,33.6,optimal,optimal,optimal,optimal,optimal,optimal,↑ increasing,→ stable,→ stable,100.0,✅ EXCELLENT,False,NONE,5.2,0.0,NONE
1779687106.216,121.9,96.4,32.3,2481.0,50.4,14.24,31.6,32.6,31.0,34.2,warning,optimal,optimal,optimal,optimal,optimal,→ stable,↑ increasing,→ stable,100.0,✅ EXCELLENT,False,NONE,4.7,0.0,NONE
1779687107.218,122.9,94.6,32.1,2464.0,50.4,14.2,32.3,32.6,30.8,34.1,warning,optimal,optimal,optimal,optimal,optimal,→ stable,→ stable,→ stable,100.0,✅ EXCELLENT,False,NONE,5.1,0.0,NONE
1779687108.219,121.8,94.2,31.9,2521.0,50.9,14.21,31.8,32.7,31.0,34.2,warning,optimal,optimal,optimal,optimal,optimal,→ stable,→ stable,→ stable,100.0,✅ EXCELLENT,False,NONE,5.4,0.0,NONE
1779687109.221,117.4,95.2,32.1,2488.0,50.8,14.16,31.9,32.7,30.9,33.9,optimal,optimal,optimal,optimal,optimal,optimal,↓ decreasing,→ stable,→ stable,100.0,✅ EXCELLENT,False,NONE,4.9,0.0,NONE
1779687110.221,122.2,94.4,32.0,2480.0,50.7,14.23,32.1,33.3,30.8,33.7,warning,optimal,optimal,optimal,optimal,optimal,↓ decreasing,→ stable,→ stable,100.0,✅ EXCELLENT,False,NONE,5.2,0.0,NONE
1779687111.222,122.5,95.0,32.0,2546.0,50.9,14.16,32.4,32.7,31.3,34.1,warning,optimal,optimal,optimal,optimal,optimal,↓ decreasing,→ stable,→ stable,100.0,✅ EXCELLENT,False,NONE,5.3,0.0,NONE
1779687112.224,119.4,94.5,31.6,2525.0,49.2,14.21,32.0,32.7,30.7,33.7,optimal,optimal,optimal,optimal,optimal,optimal,→ stable,→ stable,→ stable,100.0,✅ EXCELLENT,False,NONE,5.8,0.0,NONE
1779687113.225,119.4,96.4,31.7,2470.0,49.1,14.19,31.8,33.4,30.8,34.4,optimal,optimal,optimal,optimal,optimal,optimal,→ stable,→ stable,→ stable,100.0,✅ EXCELLENT,False,NONE,5.6,0.0,NONE
1779687114.226,118.6,94.6,31.6,2547.0,49.2,14.19,31.7,32.7,31.2,34.0,optimal,optimal,optimal,optimal,optimal,optimal,→ stable,→ stable,→ stable,100.0,✅ EXCELLENT,False,NONE,5.8,0.0,NONE
1779687115.228,118.2,96.4,32.0,2493.0,49.6,14.18,32.2,32.9,31.2,34.3,optimal,optimal,optimal,optimal,optimal,optimal,↑ increasing,→ stable,→ stable,100.0,✅ EXCELLENT,False,NONE,5.1,0.0,NONE
1779687116.229,120.0,94.8,31.9,2492.0,49.4,14.2,31.8,33.0,30.8,33.7,optimal,optimal,optimal,optimal,optimal,optimal,→ stable,→ stable,→ stable,100.0,✅ EXCELLENT,False,NONE,5.3,0.0,NONE
1779687117.231,121.5,95.1,31.8,2540.0,49.8,14.25,32.0,32.6,31.0,33.6,warning,optimal,optimal,optimal,optimal,optimal,→ stable,→ stable,→ stable,100.0,✅ EXCELLENT,False,NONE,5.6,0.0,NONE
1779687118.231,120.1,95.0,32.1,2454.0,49.1,14.21,32.2,32.9,30.9,34.4,warning,optimal,optimal,optimal,optimal,optimal,→ stable,→ stable,→ stable,100.0,✅ EXCELLENT,False,NONE,5.0,0.0,NONE
1779687119.232,121.8,94.0,31.9,2530.0,50.6,14.18,31.7,33.2,30.8,33.6,warning,optimal,optimal,optimal,optimal,optimal,↑ increasing,→ stable,→ stable,100.0,✅ EXCELLENT,False,NONE,5.4,0.0,NONE
1779687120.234,121.7,94.3,31.8,2492.0,49.7,14.19,32.2,33.1,31.0,33.8,warning,optimal,optimal,optimal,optimal,optimal,↑ increasing,→ stable,→ stable,100.0,✅ EXCELLENT,False,NONE,5.6,0.0,NONE
1779687121.235,118.3,94.6,32.4,2496.0,50.1,14.23,32.4,33.3,31.4,34.2,optimal,optimal,optimal,optimal,optimal,optimal,→ stable,→ stable,→ stable,100.0,✅ EXCELLENT,False,NONE,4.4,0.0,NONE
1779687122.236,121.4,96.1,32.0,2531.0,49.5,14.22,32.0,32.7,30.9,33.8,warning,optimal,optimal,optimal,optimal,optimal,→ stable,→ stable,→ stable,100.0,✅ EXCELLENT,False,NONE,5.2,0.0,NONE
1779687123.238,122.0,94.0,32.3,2474.0,49.8,14.2,32.3,32.7,31.3,34.2,warning,optimal,optimal,optimal,optimal,optimal,→ stable,→ stable,→ stable,100.0,✅ EXCELLENT,False,NONE,4.7,0.0,NONE
1779687124.238,122.4,93.9,32.2,2513.0,50.2,14.22,31.7,33.0,31.3,34.1,warning,optimal,optimal,optimal,optimal,optimal,→ stable,→ stable,→ stable,100.0,✅ EXCELLENT,False,NONE,4.9,0.0,NONE
1779687125.24,99.4,92.9,32.2,2028.0,48.8,13.96,31.7,31.8,30.8,30.6,optimal,optimal,optimal,optimal,optimal,optimal,↓ decreasing,↓ decreasing,→ stable,100.0,✅ EXCELLENT,False,NONE,4.0,0.0,NONE
1779687126.24,97.0,91.1,31.8,2010.0,47.1,13.98,32.1,32.3,31.3,31.1,optimal,optimal,optimal,optimal,optimal,optimal,↓ decreasing,↓ decreasing,→ stable,100.0,✅ EXCELLENT,False,NONE,4.4,0.0,NONE
1779687127.241,97.3,90.9,32.0,2023.0,48.4,13.96,32.2,31.6,31.0,30.8,optimal,optimal,optimal,optimal,optimal,optimal,↓ decreasing,↓ decreasing,→ stable,100.0,✅ EXCELLENT,False,NONE,4.2,0.0,NONE
1779687128.242,97.3,91.4,32.3,2026.0,47.7,13.96,32.0,31.8,30.6,30.7,optimal,optimal,optimal,optimal,optimal,optimal,↓ decreasing,↓ decreasing,→ stable,100.0,✅ EXCELLENT,False,NONE,3.8,0.0,NONE
1779687129.243,98.7,92.9,32.2,2020.0,47.8,14.0,31.6,31.9,31.2,31.0,optimal,optimal,optimal,optimal,optimal,optimal,↓ decreasing,↓ decreasing,→ stable,100.0,✅ EXCELLENT,False,NONE,3.9,0.0,NONE
1779687130.245,98.0,91.5,32.3,1991.0,47.7,14.01,31.8,31.6,31.2,31.3,optimal,optimal,optimal,optimal,optimal,optimal,↓ decreasing,↓ decreasing,→ stable,100.0,✅ EXCELLENT,False,NONE,3.8,0.0,NONE
1779687131.246,100.2,91.2,31.7,2028.0,47.5,13.96,31.9,31.9,30.9,30.7,optimal,optimal,optimal,optimal,optimal,optimal,↓ decreasing,↓ decreasing,→ stable,100.0,✅ EXCELLENT,False,NONE,4.7,0.0,NONE
1779687132.248,99.0,92.5,32.2,1953.0,47.3,14.0,31.9,31.7,31.2,31.0,optimal,optimal,optimal,optimal,optimal,optimal,↓ decreasing,↓ decreasing,→ stable,100.0,✅ EXCELLENT,False,NONE,4.0,0.0,NONE
1779687133.25,97.7,91.5,32.3,2026.0,48.5,14.02,31.6,31.8,31.3,30.8,optimal,optimal,optimal,optimal,optimal,optimal,↓ decreasing,↓ decreasing,→ stable,100.0,✅ EXCELLENT,False,NONE,3.8,0.0,NONE
1779687134.251,100.7,92.9,32.3,1961.0,47.5,13.97,32.2,32.3,30.6,31.1,optimal,optimal,optimal,optimal,optimal,optimal,↓ decreasing,↓ decreasing,→ stable,100.0,✅ EXCELLENT,False,NONE,3.9,0.0,NONE
1779687135.252,102.4,93.5,32.0,1986.0,48.0,14.03,31.6,32.4,30.9,31.1,optimal,optimal,optimal,optimal,optimal,optimal,↓ decreasing,↓ decreasing,→ stable,100.0,✅ EXCELLENT,False,NONE,4.4,0.0,NONE
1779687136.254,97.2,92.0,31.8,1976.0,47.9,13.96,31.7,31.9,30.9,31.0,optimal,optimal,optimal,optimal,optimal,optimal,↓ decreasing,↓ decreasing,→ stable,100.0,✅ EXCELLENT,False,NONE,4.4,0.0,NONE
1779687137.255,98.4,91.2,31.8,2010.0,48.3,13.96,31.8,32.1,30.8,31.0,optimal,optimal,optimal,optimal,optimal,optimal,↓ decreasing,↓ decreasing,→ stable,100.0,✅ EXCELLENT,False,NONE,4.5,0.0,NONE
1779687138.256,98.4,92.7,31.6,1952.0,48.0,13.95,31.9,31.8,31.3,30.7,optimal,optimal,optimal,optimal,optimal,optimal,↓ decreasing,↓ decreasing,→ stable,100.0,✅ EXCELLENT,False,NONE,4.8,0.0,NONE
1779687139.258,101.4,90.8,31.7,1987.0,47.5,14.01,31.7,32.3,31.2,31.0,optimal,optimal,optimal,optimal,optimal,optimal,↓ decreasing,↓ decreasing,→ stable,100.0,✅ EXCELLENT,False,NONE,4.8,0.0,NONE
1779687140.258,101.9,91.3,31.9,1964.0,47.0,14.04,31.7,31.9,30.9,31.1,optimal,optimal,optimal,optimal,optimal,optimal,↓ decreasing,↓ decreasing,→ stable,100.0,✅ EXCELLENT,False,NONE,4.5,0.0,NONE
1779687141.26,102.9,92.4,32.0,1953.0,48.9,13.98,32.3,32.4,30.8,31.2,optimal,optimal,optimal,optimal,optimal,optimal,↓ decreasing,↓ decreasing,→ stable,100.0,✅ EXCELLENT,False,NONE,4.4,0.0,NONE
1779687142.26,97.5,91.9,32.0,1996.0,48.8,14.02,31.9,31.9,30.7,31.1,optimal,optimal,optimal,optimal,optimal,optimal,↓ decreasing,→ stable,→ stable,100.0,✅ EXCELLENT,False,NONE,4.2,0.0,NONE
1779687143.261,97.0,92.9,32.2,2032.0,47.1,14.0,32.4,32.3,30.6,30.6,optimal,optimal,optimal,optimal,optimal,optimal,↓ decreasing,→ stable,→ stable,100.0,✅ EXCELLENT,False,NONE,3.9,0.0,NONE
1779687144.262,98.1,93.2,31.7,2004.0,48.3,14.05,31.8,31.9,31.2,30.7,optimal,optimal,optimal,optimal,optimal,optimal,↑ increasing,→ stable,→ stable,100.0,✅ EXCELLENT,False,NONE,4.6,0.0,NONE
1779687145.264,97.9,92.4,32.0,1989.0,47.3,13.98,31.7,32.3,31.3,31.0,optimal,optimal,optimal,optimal,optimal,optimal,→ stable,→ stable,→ stable,100.0,✅ EXCELLENT,False,NONE,4.2,0.0,NONE
1779687146.266,97.2,91.7,32.2,2043.0,48.5,11.93,31.8,32.0,31.0,30.8,optimal,optimal,optimal,optimal,optimal,danger,→ stable,→ stable,→ stable,86.7,✅ EXCELLENT,False,NONE,3.9,0.0,NONE
1779687147.268,97.4,93.0,32.3,2028.0,47.2,11.94,31.9,31.9,31.0,31.3,optimal,optimal,optimal,optimal,optimal,danger,→ stable,→ stable,→ stable,73.3,🟢 GOOD,False,NONE,3.8,0.0,NONE
1779687148.27,102.9,92.8,32.0,1957.0,47.2,11.93,32.0,31.9,30.6,30.9,optimal,optimal,optimal,optimal,optimal,danger,→ stable,→ stable,→ stable,60.0,🟢 GOOD,False,NONE,4.4,0.0,NONE
1779687149.27,99.1,93.4,31.7,2050.0,48.9,11.88,31.8,32.0,31.1,31.3,optimal,optimal,optimal,optimal,optimal,danger,→ stable,↑ increasing,→ stable,60.0,🟢 GOOD,False,NONE,4.7,0.0,NONE
1779687150.271,102.8,91.5,31.8,2032.0,48.7,11.88,32.3,31.8,30.8,30.9,optimal,optimal,optimal,optimal,optimal,danger,→ stable,↑ increasing,→ stable,60.0,🟢 GOOD,False,NONE,4.7,0.0,NONE
1779687151.272,98.6,91.4,32.1,2009.0,48.3,11.92,32.2,31.7,31.1,31.2,optimal,optimal,optimal,optimal,optimal,danger,↓ decreasing,→ stable,→ stable,60.0,🟢 GOOD,False,NONE,4.1,0.0,NONE
1779687152.273,100.2,92.9,32.1,1952.0,47.7,11.85,32.0,31.9,30.8,31.4,optimal,optimal,optimal,optimal,optimal,danger,↓ decreasing,→ stable,→ stable,60.0,🟢 GOOD,False,NONE,4.2,0.0,NONE
1779687153.275,97.2,93.2,32.2,1992.0,48.0,11.95,32.1,31.9,31.2,31.1,optimal,optimal,optimal,optimal,optimal,danger,↓ decreasing,→ stable,→ stable,60.0,🟢 GOOD,False,NONE,3.9,0.0,NONE
1779687154.277,98.2,91.7,32.1,2013.0,48.2,11.93,31.8,31.7,30.6,31.0,optimal,optimal,optimal,optimal,optimal,danger,→ stable,→ stable,→ stable,60.0,🟢 GOOD,False,NONE,4.1,0.0,NONE
1779687155.278,98.2,92.0,32.4,2000.0,47.3,11.95,32.2,31.8,30.7,30.7,optimal,optimal,optimal,optimal,optimal,danger,→ stable,→ stable,→ stable,60.0,🟢 GOOD,False,NONE,3.6,0.0,NONE
1779687156.278,98.0,93.0,32.4,2049.0,47.4,11.87,32.1,31.8,31.2,30.8,optimal,optimal,optimal,optimal,optimal,danger,→ stable,→ stable,→ stable,60.0,🟢 GOOD,False,NONE,3.6,0.0,NONE
1779687157.28,99.1,92.6,32.1,1968.0,47.3,11.87,31.7,31.8,31.0,31.2,optimal,optimal,optimal,optimal,optimal,danger,→ stable,→ stable,→ stable,60.0,🟢 GOOD,False,NONE,4.1,0.0,NONE
1779687158.282,97.2,91.1,31.6,2034.0,47.5,11.93,31.9,31.9,30.8,30.6,optimal,optimal,optimal,optimal,optimal,danger,↓ decreasing,→ stable,→ stable,60.0,🟢 GOOD,False,NONE,4.7,0.0,NONE
1779687159.283,98.1,90.8,31.9,2015.0,47.7,11.89,32.1,32.1,30.8,30.6,optimal,optimal,optimal,optimal,optimal,danger,→ stable,→ stable,→ stable,60.0,🟢 GOOD,False,NONE,4.3,0.0,NONE
1779687160.284,97.6,91.9,32.1,1966.0,47.4,11.89,31.9,31.7,30.6,31.3,optimal,optimal,optimal,optimal,optimal,danger,↓ decreasing,→ stable,→ stable,60.0,🟢 GOOD,False,NONE,4.0,0.0,NONE
1779687161.285,99.2,92.6,32.2,2012.0,47.4,11.93,32.2,31.7,30.9,30.9,optimal,optimal,optimal,optimal,optimal,danger,↓ decreasing,→ stable,→ stable,60.0,🟢 GOOD,False,NONE,4.0,0.0,NONE
1779687162.287,101.0,90.8,32.2,2047.0,47.7,11.89,31.9,32.0,30.6,31.1,optimal,optimal,optimal,optimal,optimal,danger,↓ decreasing,↓ decreasing,→ stable,60.0,🟢 GOOD,False,NONE,4.0,0.0,NONE
1779687163.289,97.7,92.4,31.8,2004.0,48.7,11.92,32.3,31.6,30.9,31.0,optimal,optimal,optimal,optimal,optimal,danger,↓ decreasing,↓ decreasing,→ stable,60.0,🟢 GOOD,False,NONE,4.5,0.0,NONE
1779687164.29,102.8,93.1,32.2,2049.0,48.4,11.87,31.9,31.8,30.8,30.9,optimal,optimal,optimal,optimal,optimal,danger,→ stable,→ stable,→ stable,60.0,🟢 GOOD,False,NONE,4.1,0.0,NONE
1779687165.291,100.2,91.4,32.2,2030.0,49.0,11.94,31.8,32.1,31.3,30.9,optimal,optimal,optimal,optimal,optimal,danger,→ stable,→ stable,→ stable,60.0,🟢 GOOD,False,NONE,4.0,0.0,NONE
1779687166.292,98.8,92.3,31.7,2037.0,47.6,11.94,32.2,32.2,31.1,31.3,optimal,optimal,optimal,optimal,optimal,danger,→ stable,↓ decreasing,→ stable,60.0,🟢 GOOD,False,NONE,4.7,0.0,NONE
1779687167.293,101.0,91.3,31.7,2048.0,47.9,11.89,31.7,32.2,30.9,31.1,optimal,optimal,optimal,optimal,optimal,danger,→ stable,↓ decreasing,→ stable,60.0,🟢 GOOD,False,NONE,4.8,0.0,NONE
1779687168.295,101.3,92.6,32.2,2016.0,47.8,11.94,32.2,31.8,31.0,31.3,optimal,optimal,optimal,optimal,optimal,danger,↑ increasing,→ stable,→ stable,60.0,🟢 GOOD,False,NONE,4.1,0.0,NONE
1779687169.297,99.5,91.3,31.9,2030.0,49.0,11.89,32.1,31.7,31.1,30.9,optimal,optimal,optimal,optimal,optimal,danger,↑ increasing,→ stable,→ stable,60.0,🟢 GOOD,False,NONE,4.4,0.0,NONE
1779687170.297,102.8,92.0,32.0,2043.0,48.6,11.85,32.0,32.1,31.3,31.2,optimal,optimal,optimal,optimal,optimal,danger,↑ increasing,→ stable,→ stable,60.0,🟢 GOOD,False,NONE,4.4,0.0,NONE
1779687171.299,97.0,92.3,32.0,2047.0,48.4,11.94,31.8,31.8,30.9,30.8,optimal,optimal,optimal,optimal,optimal,danger,↑ increasing,→ stable,→ stable,60.0,🟢 GOOD,False,NONE,4.2,0.0,NONE
1779687172.299,97.4,93.1,32.2,2011.0,48.2,11.86,31.9,31.7,31.3,31.1,optimal,optimal,optimal,optimal,optimal,danger,↑ increasing,→ stable,→ stable,60.0,🟢 GOOD,False,NONE,3.9,0.0,NONE
1779687173.301,97.4,91.6,31.9,2012.0,49.0,11.89,31.7,31.8,30.8,31.3,optimal,optimal,optimal,optimal,optimal,danger,↑ increasing,→ stable,→ stable,60.0,🟢 GOOD,False,NONE,4.3,0.0,NONE
1779687174.301,98.2,91.7,31.8,2011.0,47.4,11.91,31.7,32.1,30.8,30.8,optimal,optimal,optimal,optimal,optimal,danger,→ stable,→ stable,→ stable,60.0,🟢 GOOD,False,NONE,4.5,0.0,NONE
1779687175.303,102.0,92.4,32.3,2016.0,47.6,11.91,31.6,31.9,31.0,30.9,optimal,optimal,optimal,optimal,optimal,danger,→ stable,→ stable,→ stable,60.0,🟢 GOOD,False,NONE,3.9,0.0,NONE
1779687176.303,100.2,92.8,31.7,2025.0,47.5,11.86,32.0,32.2,30.9,31.4,optimal,optimal,optimal,optimal,optimal,danger,↑ increasing,→ stable,→ stable,60.0,🟢 GOOD,False,NONE,4.7,0.0,NONE
1779687177.305,99.9,93.3,32.0,1975.0,47.8,11.89,32.0,32.1,31.4,31.2,optimal,optimal,optimal,optimal,optimal,danger,→ stable,↑ increasing,→ stable,60.0,🟢 GOOD,False,NONE,4.3,0.0,NONE
1779687178.307,101.1,93.5,32.1,1990.0,47.6,11.91,32.4,32.0,30.9,31.2,optimal,optimal,optimal,optimal,optimal,danger,→ stable,→ stable,→ stable,60.0,🟢 GOOD,False,NONE,4.2,0.0,NONE
1779687179.307,100.0,90.8,31.8,2048.0,48.6,11.92,32.1,32.3,30.8,31.2,optimal,optimal,optimal,optimal,optimal,danger,→ stable,→ stable,→ stable,60.0,🟢 GOOD,False,NONE,4.6,0.0,NONE
1779687180.309,101.1,92.0,32.0,2026.0,47.3,11.9,32.3,32.2,31.0,31.4,optimal,optimal,optimal,optimal,optimal,danger,↓ decreasing,→ stable,→ stable,60.0,🟢 GOOD,False,NONE,4.3,0.0,NONE
1779687181.31,97.1,93.3,32.3,1980.0,47.0,11.93,32.1,31.8,31.1,31.2,optimal,optimal,optimal,optimal,optimal,danger,↓ decreasing,→ stable,→ stable,60.0,🟢 GOOD,False,NONE,3.7,0.0,NONE
1779687182.312,97.2,92.2,32.4,1989.0,47.6,11.94,32.3,32.3,31.0,31.0,optimal,optimal,optimal,optimal,optimal,danger,→ stable,→ stable,→ stable,60.0,🟢 GOOD,False,NONE,3.6,0.0,NONE
1779687183.312,99.4,93.1,31.9,2018.0,47.9,11.88,31.7,32.0,31.0,30.8,optimal,optimal,optimal,optimal,optimal,danger,→ stable,→ stable,→ stable,60.0,🟢 GOOD,False,NONE,4.4,0.0,NONE
1779687184.313,101.3,92.3,31.8,1981.0,47.9,11.89,31.8,31.7,30.7,30.9,optimal,optimal,optimal,optimal,optimal,danger,↑ increasing,↑ increasing,→ stable,60.0,🟢 GOOD,False,NONE,4.6,0.0,NONE
1779687185.315,101.4,90.6,32.2,2019.0,48.9,11.88,31.8,32.2,30.8,30.8,optimal,optimal,optimal,optimal,optimal,danger,→ stable,→ stable,→ stable,60.0,🟢 GOOD,False,NONE,4.1,0.0,NONE
1779687186.315,100.2,90.6,31.8,2018.0,47.8,11.88,32.4,32.1,31.0,30.6,optimal,optimal,optimal,optimal,optimal,danger,→ stable,→ stable,→ stable,60.0,🟢 GOOD,False,NONE,4.6,0.0,NONE
1779687187.317,99.3,92.1,32.0,1973.0,48.3,11.92,31.7,31.7,31.0,30.6,optimal,optimal,optimal,optimal,optimal,danger,→ stable,→ stable,→ stable,60.0,🟢 GOOD,False,NONE,4.3,0.0,NONE
1779687188.318,101.3,92.7,31.8,2001.0,48.7,11.94,32.2,31.8,30.9,31.2,optimal,optimal,optimal,optimal,optimal,danger,→ stable,→ stable,→ stable,60.0,🟢 GOOD,False,NONE,4.6,0.0,NONE
1779687189.32,99.1,92.9,31.9,2010.0,48.9,11.88,32.3,32.3,31.4,31.2,optimal,optimal,optimal,optimal,optimal,danger,→ stable,→ stable,→ stable,60.0,🟢 GOOD,False,NONE,4.4,0.0,NONE
1779687190.321,101.9,91.9,32.2,1959.0,48.8,11.87,32.3,32.3,31.2,31.3,optimal,optimal,optimal,optimal,optimal,danger,→ stable,→ stable,→ stable,60.0,🟢 GOOD,False,NONE,4.1,0.0,NONE
1779687191.324,101.9,91.8,31.9,1959.0,47.4,11.89,31.8,32.0,31.4,31.3,optimal,optimal,optimal,optimal,optimal,danger,↑ increasing,→ stable,→ stable,60.0,🟢 GOOD,False,NONE,4.5,0.0,NONE
1779687192.326,100.6,90.5,32.1,2002.0,47.1,11.88,32.1,32.4,31.3,30.7,optimal,optimal,optimal,optimal,optimal,danger,↑ increasing,↓ decreasing,→ stable,60.0,🟢 GOOD,False,NONE,4.2,0.0,NONE
1779687193.326,101.0,91.0,32.2,2006.0,48.1,11.86,32.0,32.0,30.6,30.6,optimal,optimal,optimal,optimal,optimal,danger,↑ increasing,↓ decreasing,→ stable,60.0,🟢 GOOD,False,NONE,4.0,0.0,NONE
1779687194.328,101.0,91.5,32.4,1958.0,47.4,11.95,31.9,32.1,30.9,31.0,optimal,optimal,optimal,optimal,optimal,danger,↑ increasing,↓ decreasing,→ stable,60.0,🟢 GOOD,False,NONE,3.8,0.0,NONE
1779687195.329,100.2,92.8,32.3,2039.0,47.9,11.89,32.2,31.9,31.3,30.6,optimal,optimal,optimal,optimal,optimal,danger,↑ increasing,↓ decreasing,→ stable,60.0,🟢 GOOD,False,NONE,3.9,0.0,NONE
1779687196.329,101.2,91.0,32.3,2008.0,47.8,11.86,31.9,32.1,30.7,31.0,optimal,optimal,optimal,optimal,optimal,danger,↑ increasing,→ stable,→ stable,60.0,🟢 GOOD,False,NONE,3.9,0.0,NONE
1779687197.33,101.2,93.1,31.6,1962.0,48.7,11.85,31.7,32.1,31.3,31.4,optimal,optimal,optimal,optimal,optimal,danger,↑ increasing,→ stable,→ stable,60.0,🟢 GOOD,False,NONE,4.9,0.0,NONE
1779687198.331,102.9,91.0,31.8,2014.0,48.4,11.88,31.8,31.7,31.0,31.1,optimal,optimal,optimal,optimal,optimal,danger,↑ increasing,→ stable,→ stable,60.0,🟢 GOOD,False,NONE,4.7,0.0,NONE
1779687199.332,101.2,92.0,31.9,1963.0,47.7,11.9,32.3,32.1,30.7,31.1,optimal,optimal,optimal,optimal,optimal,danger,↑ increasing,↓ decreasing,→ stable,60.0,🟢 GOOD,False,NONE,4.5,0.0,NONE
1779687200.334,97.2,90.6,32.3,1964.0,47.1,11.92,32.2,32.2,30.8,31.0,optimal,optimal,optimal,optimal,optimal,danger,↑ increasing,↓ decreasing,→ stable,60.0,🟢 GOOD,False,NONE,3.7,0.0,NONE
1779687201.334,101.6,91.9,32.0,1984.0,47.0,11.85,32.1,32.3,31.2,31.1,optimal,optimal,optimal,optimal,optimal,danger,↑ increasing,→ stable,→ stable,60.0,🟢 GOOD,False,NONE,4.4,0.0,NONE
1779687202.335,102.4,92.7,31.7,2019.0,47.8,11.93,32.0,32.1,31.4,30.6,optimal,optimal,optimal,optimal,optimal,danger,→ stable,→ stable,→ stable,60.0,🟢 GOOD,False,NONE,4.8,0.0,NONE
1779687203.337,101.6,93.1,32.0,1982.0,47.4,11.91,31.8,32.0,30.9,31.1,optimal,optimal,optimal,optimal,optimal,danger,→ stable,→ stable,→ stable,60.0,🟢 GOOD,False,NONE,4.4,0.0,NONE
1779687204.339,99.4,91.8,31.9,2006.0,48.6,11.94,31.7,32.1,31.4,30.7,optimal,optimal,optimal,optimal,optimal,danger,→ stable,→ stable,→ stable,60.0,🟢 GOOD,False,NONE,4.4,0.0,NONE
1779687205.339,100.7,91.3,32.1,1986.0,48.7,11.92,32.1,32.0,31.2,31.2,optimal,optimal,optimal,optimal,optimal,danger,→ stable,→ stable,→ stable,60.0,🟢 GOOD,False,NONE,4.2,0.0,NONE
1779687206.34,102.3,93.4,31.9,1961.0,48.3,11.86,31.7,31.7,31.0,31.3,optimal,optimal,optimal,optimal,optimal,danger,→ stable,→ stable,→ stable,60.0,🟢 GOOD,False,NONE,4.5,0.0,NONE
1779687207.342,101.6,92.0,32.4,2030.0,48.7,11.91,31.9,31.7,31.4,31.2,optimal,optimal,optimal,optimal,optimal,danger,→ stable,→ stable,→ stable,60.0,🟢 GOOD,False,NONE,3.8,0.0,NONE
1779687208.343,97.0,93.2,32.1,2023.0,47.9,11.89,31.8,31.6,31.4,30.6,optimal,optimal,optimal,optimal,optimal,danger,↓ decreasing,→ stable,→ stable,60.0,🟢 GOOD,False,NONE,4.0,0.0,NONE
1779687209.344,97.5,91.3,31.7,2011.0,47.5,11.92,31.8,32.2,31.4,30.9,optimal,optimal,optimal,optimal,optimal,danger,↓ decreasing,→ stable,→ stable,60.0,🟢 GOOD,False,NONE,4.6,0.0,NONE
1779687210.345,99.5,90.6,32.0,2003.0,48.9,11.87,31.9,31.8,31.3,31.4,optimal,optimal,optimal,optimal,optimal,danger,→ stable,↑ increasing,→ stable,60.0,🟢 GOOD,False,NONE,4.3,0.0,NONE
1779687211.347,98.1,92.9,32.2,2034.0,48.0,11.94,31.9,31.9,30.7,31.0,optimal,optimal,optimal,optimal,optimal,danger,↓ decreasing,↑ increasing,→ stable,60.0,🟢 GOOD,False,NONE,3.9,0.0,NONE
1779687212.347,102.6,91.6,32.2,1972.0,47.1,11.85,32.0,32.4,30.8,31.3,optimal,optimal,optimal,optimal,optimal,danger,↓ decreasing,→ stable,→ stable,60.0,🟢 GOOD,False,NONE,4.1,0.0,NONE
1779687213.348,99.1,90.6,32.3,1989.0,48.5,11.89,32.2,32.0,31.1,31.2,optimal,optimal,optimal,optimal,optimal,danger,↓ decreasing,→ stable,→ stable,60.0,🟢 GOOD,False,NONE,3.8,0.0,NONE
1779687214.349,98.4,90.8,32.4,1990.0,48.7,11.91,31.8,32.2,30.9,31.2,optimal,optimal,optimal,optimal,optimal,danger,↓ decreasing,→ stable,→ stable,60.0,🟢 GOOD,False,NONE,3.7,0.0,NONE
1779687215.35,102.3,93.0,31.9,2033.0,48.0,11.89,31.9,32.2,31.2,31.3,optimal,optimal,optimal,optimal,optimal,danger,↓ decreasing,→ stable,→ stable,60.0,🟢 GOOD,False,NONE,4.5,0.0,NONE
1779687216.352,100.7,92.1,31.8,2000.0,47.6,11.88,31.9,32.1,31.3,30.7,optimal,optimal,optimal,optimal,optimal,danger,↓ decreasing,→ stable,→ stable,60.0,🟢 GOOD,False,NONE,4.6,0.0,NONE
1779687217.354,102.7,92.2,31.9,2029.0,48.0,11.93,31.8,31.7,31.1,31.0,optimal,optimal,optimal,optimal,optimal,danger,↓ decreasing,→ stable,→ stable,60.0,🟢 GOOD,False,NONE,4.5,0.0,NONE
1779687218.355,100.7,93.0,31.9,1992.0,47.8,11.88,31.7,32.0,31.0,31.0,optimal,optimal,optimal,optimal,optimal,danger,→ stable,→ stable,→ stable,60.0,🟢 GOOD,False,NONE,4.5,0.0,NONE
1779687219.357,101.2,92.6,32.0,2032.0,48.5,11.89,32.1,32.1,31.2,30.8,optimal,optimal,optimal,optimal,optimal,danger,→ stable,→ stable,→ stable,60.0,🟢 GOOD,False,NONE,4.3,0.0,NONE
1779687220.358,97.4,91.6,32.1,1989.0,47.5,11.91,32.1,32.3,30.7,30.7,optimal,optimal,optimal,optimal,optimal,danger,→ stable,→ stable,→ stable,60.0,🟢 GOOD,False,NONE,4.0,0.0,NONE
1779687221.36,98.0,91.1,32.1,1982.0,47.6,11.89,32.1,31.9,31.1,30.6,optimal,optimal,optimal,optimal,optimal,danger,→ stable,→ stable,→ stable,60.0,🟢 GOOD,False,NONE,4.1,0.0,NONE
1779687222.361,98.7,93.0,32.3,1954.0,47.4,11.9,32.3,32.2,31.2,31.1,optimal,optimal,optimal,optimal,optimal,danger,→ stable,→ stable,→ stable,60.0,🟢 GOOD,False,NONE,3.8,0.0,NONE
1779687223.363,98.2,92.5,31.8,1988.0,48.7,11.88,32.1,32.1,31.1,31.0,optimal,optimal,optimal,optimal,optimal,danger,→ stable,→ stable,→ stable,60.0,🟢 GOOD,False,NONE,4.5,0.0,NONE
1779687224.365,101.1,92.1,32.4,1961.0,48.8,11.93,31.6,31.8,31.0,30.6,optimal,optimal,optimal,optimal,optimal,danger,→ stable,↑ increasing,→ stable,60.0,🟢 GOOD,False,NONE,3.8,0.0,NONE
1779687225.367,100.9,93.0,32.0,1980.0,48.7,11.85,32.0,31.7,30.7,31.3,optimal,optimal,optimal,optimal,optimal,danger,→ stable,→ stable,→ stable,60.0,🟢 GOOD,False,NONE,4.3,0.0,NONE
1779687226.368,98.3,90.5,31.8,1957.0,47.9,11.87,31.7,32.4,30.8,31.3,optimal,optimal,optimal,optimal,optimal,danger,→ stable,→ stable,→ stable,60.0,🟢 GOOD,False,NONE,4.5,0.0,NONE
1779687227.37,98.9,90.8,31.9,2048.0,47.4,11.92,31.9,32.1,30.8,31.2,optimal,optimal,optimal,optimal,optimal,danger,→ stable,→ stable,→ stable,60.0,🟢 GOOD,False,NONE,4.4,0.0,NONE
1779687228.372,98.3,91.0,32.2,1980.0,47.7,11.91,31.6,31.9,31.2,30.7,optimal,optimal,optimal,optimal,optimal,danger,↓ decreasing,→ stable,→ stable,60.0,🟢 GOOD,False,NONE,3.9,0.0,NONE
1779687229.373,102.7,91.8,31.9,1991.0,47.1,11.9,31.7,31.8,31.2,31.1,optimal,optimal,optimal,optimal,optimal,danger,↓ decreasing,→ stable,→ stable,60.0,🟢 GOOD,False,NONE,4.5,0.0,NONE
1779687230.375,98.1,92.4,32.3,1991.0,47.1,11.88,32.4,31.8,30.7,31.2,optimal,optimal,optimal,optimal,optimal,danger,↓ decreasing,→ stable,→ stable,60.0,🟢 GOOD,False,NONE,3.8,0.0,NONE
1779687231.377,101.8,92.6,32.2,1990.0,47.3,11.9,32.1,31.8,31.1,31.1,optimal,optimal,optimal,optimal,optimal,danger,↓ decreasing,→ stable,→ stable,60.0,🟢 GOOD,False,NONE,4.1,0.0,NONE
1779687232.379,100.6,90.8,32.1,2038.0,48.7,11.91,31.8,32.4,30.6,30.9,optimal,optimal,optimal,optimal,optimal,danger,→ stable,→ stable,→ stable,60.0,🟢 GOOD,False,NONE,4.2,0.0,NONE
1779687233.38,100.0,93.1,31.6,2032.0,48.4,11.89,32.2,32.2,31.2,30.8,optimal,optimal,optimal,optimal,optimal,danger,→ stable,→ stable,→ stable,60.0,🟢 GOOD,False,NONE,4.9,0.0,NONE
1779687234.381,98.6,91.9,31.7,2034.0,47.8,11.91,31.6,31.9,31.3,31.2,optimal,optimal,optimal,optimal,optimal,danger,→ stable,↓ decreasing,→ stable,60.0,🟢 GOOD,False,NONE,4.6,0.0,NONE
1779687235.383,102.9,93.2,32.4,2049.0,48.1,11.94,31.9,31.7,31.3,31.1,optimal,optimal,optimal,optimal,optimal,danger,→ stable,↓ decreasing,→ stable,60.0,🟢 GOOD,False,NONE,3.8,0.0,NONE
1779687236.385,99.0,91.4,32.3,2002.0,48.5,11.87,31.9,32.0,31.2,31.2,optimal,optimal,optimal,optimal,optimal,danger,→ stable,→ stable,→ stable,60.0,🟢 GOOD,False,NONE,3.8,0.0,NONE
1779687237.385,97.9,93.3,31.7,2011.0,48.9,11.91,31.8,31.6,30.6,31.0,optimal,optimal,optimal,optimal,optimal,danger,↑ increasing,→ stable,→ stable,60.0,🟢 GOOD,False,NONE,4.6,0.0,NONE
1779687238.387,102.3,91.9,32.2,2011.0,47.6,11.95,32.3,31.8,31.1,30.7,optimal,optimal,optimal,optimal,optimal,danger,↑ increasing,→ stable,→ stable,60.0,🟢 GOOD,False,NONE,4.1,0.0,NONE
1779687239.388,101.4,93.1,31.6,1999.0,48.7,11.88,32.2,31.7,31.3,30.8,optimal,optimal,optimal,optimal,optimal,danger,↑ increasing,↑ increasing,→ stable,60.0,🟢 GOOD,False,NONE,4.9,0.0,NONE
1779687240.389,98.7,91.7,31.8,2009.0,47.4,11.86,32.2,31.8,30.9,31.4,optimal,optimal,optimal,optimal,optimal,danger,↑ increasing,→ stable,→ stable,60.0,🟢 GOOD,False,NONE,4.5,0.0,NONE
1779687241.39,100.3,90.9,31.9,1951.0,48.6,11.88,32.0,31.7,31.1,31.4,optimal,optimal,optimal,optimal,optimal,danger,→ stable,→ stable,→ stable,60.0,🟢 GOOD,False,NONE,4.4,0.0,NONE
1779687242.392,101.0,92.7,32.3,1974.0,47.4,11.91,31.8,32.0,31.3,31.2,optimal,optimal,optimal,optimal,optimal,danger,→ stable,↑ increasing,→ stable,60.0,🟢 GOOD,False,NONE,3.9,0.0,NONE
1779687243.392,97.5,92.6,31.6,2006.0,48.5,11.92,32.0,31.8,30.8,31.3,optimal,optimal,optimal,optimal,optimal,danger,→ stable,→ stable,→ stable,60.0,🟢 GOOD,False,NONE,4.7,0.0,NONE
1779687244.394,98.5,90.9,32.1,1956.0,47.6,11.88,32.2,32.4,30.9,30.8,optimal,optimal,optimal,optimal,optimal,danger,→ stable,→ stable,→ stable,60.0,🟢 GOOD,False,NONE,4.1,0.0,NONE
1779687245.395,97.2,91.6,32.1,2044.0,48.3,11.92,31.7,31.8,31.4,30.9,optimal,optimal,optimal,optimal,optimal,danger,↓ decreasing,→ stable,→ stable,60.0,🟢 GOOD,False,NONE,4.0,0.0,NONE
1779687246.396,102.2,91.6,32.2,2019.0,48.8,11.86,31.9,32.3,30.8,30.8,optimal,optimal,optimal,optimal,optimal,danger,→ stable,→ stable,→ stable,60.0,🟢 GOOD,False,NONE,4.1,0.0,NONE
1779687247.398,98.5,91.2,31.9,1990.0,48.2,11.95,32.1,32.4,30.7,30.6,optimal,optimal,optimal,optimal,optimal,danger,→ stable,→ stable,→ stable,60.0,🟢 GOOD,False,NONE,4.4,0.0,NONE
1779687248.4,97.1,92.2,32.0,2037.0,47.6,11.88,32.2,32.0,30.9,30.9,optimal,optimal,optimal,optimal,optimal,danger,↓ decreasing,→ stable,→ stable,60.0,🟢 GOOD,False,NONE,4.2,0.0,NONE
1779687249.4,101.9,91.3,31.7,2010.0,48.6,11.93,32.1,32.4,31.3,31.3,optimal,optimal,optimal,optimal,optimal,danger,↓ decreasing,↓ decreasing,→ stable,60.0,🟢 GOOD,False,NONE,4.8,0.0,NONE
1779687250.402,102.7,92.7,31.9,1951.0,49.0,11.85,31.6,32.2,31.3,31.2,optimal,optimal,optimal,optimal,optimal,danger,↓ decreasing,↓ decreasing,→ stable,60.0,🟢 GOOD,False,NONE,4.5,0.0,NONE
1779687251.403,99.1,92.1,32.3,2040.0,47.1,11.85,31.8,31.9,30.7,30.8,optimal,optimal,optimal,optimal,optimal,danger,↓ decreasing,→ stable,→ stable,60.0,🟢 GOOD,False,NONE,3.8,0.0,NONE
1779687252.405,102.3,91.9,31.8,1958.0,48.6,11.85,32.0,32.0,30.8,30.9,optimal,optimal,optimal,optimal,optimal,danger,↓ decreasing,↓ decreasing,→ stable,60.0,🟢 GOOD,False,NONE,4.7,0.0,NONE
1779687253.406,102.1,92.1,32.3,2020.0,47.3,11.94,32.1,32.3,31.0,31.2,optimal,optimal,optimal,optimal,optimal,danger,→ stable,↓ decreasing,→ stable,60.0,🟢 GOOD,False,NONE,3.9,0.0,NONE
1779687254.407,97.1,91.5,31.6,1996.0,47.1,11.89,31.8,31.8,31.1,30.7,optimal,optimal,optimal,optimal,optimal,danger,→ stable,→ stable,→ stable,60.0,🟢 GOOD,False,NONE,4.7,0.0,NONE
1779687255.408,98.4,91.1,31.7,1962.0,47.8,11.92,32.0,32.0,30.9,30.7,optimal,optimal,optimal,optimal,optimal,danger,↑ increasing,→ stable,→ stable,60.0,🟢 GOOD,False,NONE,4.6,0.0,NONE
1779687256.41,99.9,92.8,32.4,2031.0,47.3,11.89,32.2,32.3,31.0,31.3,optimal,optimal,optimal,optimal,optimal,danger,→ stable,→ stable,→ stable,60.0,🟢 GOOD,False,NONE,3.7,0.0,NONE
1779687257.411,99.7,93.1,31.9,2016.0,47.4,11.91,31.6,32.4,31.0,31.3,optimal,optimal,optimal,optimal,optimal,danger,→ stable,→ stable,→ stable,60.0,🟢 GOOD,False,NONE,4.4,0.0,NONE
1779687258.413,101.9,91.1,32.1,1956.0,48.3,11.91,31.8,31.7,30.7,30.9,optimal,optimal,optimal,optimal,optimal,danger,↑ increasing,→ stable,→ stable,60.0,🟢 GOOD,False,NONE,4.2,0.0,NONE
1779687259.413,98.8,92.5,32.2,2003.0,47.4,11.94,32.0,32.3,30.7,31.4,optimal,optimal,optimal,optimal,optimal,danger,↑ increasing,→ stable,→ stable,60.0,🟢 GOOD,False,NONE,4.0,0.0,NONE
1779687260.415,101.3,91.8,31.9,1966.0,48.7,11.94,31.7,31.7,30.9,31.3,optimal,optimal,optimal,optimal,optimal,danger,→ stable,→ stable,→ stable,60.0,🟢 GOOD,False,NONE,4.5,0.0,NONE
1779687261.416,98.7,93.1,31.7,1957.0,47.6,11.94,32.0,32.1,30.7,31.2,optimal,optimal,optimal,optimal,optimal,danger,→ stable,→ stable,→ stable,60.0,🟢 GOOD,False,NONE,4.7,0.0,NONE
1779687262.418,102.6,93.0,31.9,1969.0,48.2,11.94,31.9,32.0,31.1,31.0,optimal,optimal,optimal,optimal,optimal,danger,→ stable,→ stable,→ stable,60.0,🟢 GOOD,False,NONE,4.5,0.0,NONE
1779687263.419,99.6,93.0,31.6,2026.0,47.8,11.86,32.3,32.3,30.7,30.9,optimal,optimal,optimal,optimal,optimal,danger,→ stable,↑ increasing,→ stable,60.0,🟢 GOOD,False,NONE,4.8,0.0,NONE
1779687264.42,102.3,90.7,31.7,1990.0,47.6,11.91,32.0,32.0,31.4,30.7,optimal,optimal,optimal,optimal,optimal,danger,→ stable,→ stable,→ stable,60.0,🟢 GOOD,False,NONE,4.8,0.0,NONE
1779687265.421,99.3,93.0,31.7,2032.0,47.8,11.94,32.0,32.0,30.9,30.6,optimal,optimal,optimal,optimal,optimal,danger,→ stable,↑ increasing,→ stable,60.0,🟢 GOOD,False,NONE,4.7,0.0,NONE
1779687266.423,99.9,92.4,31.6,2028.0,48.1,11.9,31.9,31.8,30.7,30.9,optimal,optimal,optimal,optimal,optimal,danger,→ stable,→ stable,→ stable,60.0,🟢 GOOD,False,NONE,4.9,0.0,NONE
1779687267.425,100.9,92.6,31.6,2039.0,48.0,11.86,31.9,32.0,30.9,31.2,optimal,optimal,optimal,optimal,optimal,danger,→ stable,→ stable,→ stable,60.0,🟢 GOOD,False,NONE,4.9,0.0,NONE
1779687268.425,99.2,92.8,32.0,2037.0,48.4,11.9,32.1,32.2,30.7,30.7,optimal,optimal,optimal,optimal,optimal,danger,→ stable,↑ increasing,→ stable,60.0,🟢 GOOD,False,NONE,4.3,0.0,NONE
1779687269.426,98.2,91.2,32.3,2042.0,48.6,11.92,32.4,32.3,31.1,30.7,optimal,optimal,optimal,optimal,optimal,danger,→ stable,→ stable,→ stable,60.0,🟢 GOOD,False,NONE,3.8,0.0,NONE
1779687270.427,99.3,92.0,31.8,1968.0,48.6,11.86,31.8,32.4,31.3,31.1,optimal,optimal,optimal,optimal,optimal,danger,→ stable,→ stable,→ stable,60.0,🟢 GOOD,False,NONE,4.5,0.0,NONE
1779687271.429,102.4,92.0,31.9,1967.0,47.1,11.88,32.3,31.8,30.7,31.1,optimal,optimal,optimal,optimal,optimal,danger,→ stable,→ stable,→ stable,60.0,🟢 GOOD,False,NONE,4.5,0.0,NONE
1779687272.43,100.6,92.4,32.0,2042.0,47.8,11.86,32.2,32.0,30.9,30.7,optimal,optimal,optimal,optimal,optimal,danger,→ stable,→ stable,→ stable,60.0,🟢 GOOD,False,NONE,4.3,0.0,NONE
1779687273.432,100.9,92.1,32.1,1966.0,48.3,11.89,31.8,32.4,31.4,30.7,optimal,optimal,optimal,optimal,optimal,danger,→ stable,→ stable,→ stable,60.0,🟢 GOOD,False,NONE,4.2,0.0,NONE
1779687274.434,97.5,92.9,32.3,1960.0,47.9,11.93,31.8,32.2,30.7,31.1,optimal,optimal,optimal,optimal,optimal,danger,→ stable,→ stable,→ stable,60.0,🟢 GOOD,False,NONE,3.8,0.0,NONE
1779687275.436,99.4,91.5,31.9,1987.0,48.8,11.92,32.4,31.8,30.8,31.1,optimal,optimal,optimal,optimal,optimal,danger,↓ decreasing,→ stable,→ stable,60.0,🟢 GOOD,False,NONE,4.4,0.0,NONE
1779687276.437,97.2,91.1,32.0,2044.0,48.1,11.95,31.7,32.1,31.2,31.4,optimal,optimal,optimal,optimal,optimal,danger,↓ decreasing,→ stable,→ stable,60.0,🟢 GOOD,False,NONE,4.2,0.0,NONE
1779687277.439,97.7,92.0,32.2,2014.0,48.4,11.94,31.8,31.9,31.2,30.9,optimal,optimal,optimal,optimal,optimal,danger,↓ decreasing,→ stable,→ stable,60.0,🟢 GOOD,False,NONE,3.9,0.0,NONE
1779687278.44,100.9,91.3,32.1,2030.0,47.8,11.93,31.9,32.0,31.2,31.3,optimal,optimal,optimal,optimal,optimal,danger,↓ decreasing,↓ decreasing,→ stable,60.0,🟢 GOOD,False,NONE,4.2,0.0,NONE
1779687279.442,99.3,92.5,31.7,2018.0,48.6,11.88,32.1,31.8,30.6,31.3,optimal,optimal,optimal,optimal,optimal,danger,↓ decreasing,→ stable,→ stable,60.0,🟢 GOOD,False,NONE,4.7,0.0,NONE
1779687280.442,101.5,92.3,31.9,2010.0,48.4,11.86,32.0,32.0,30.7,30.7,optimal,optimal,optimal,optimal,optimal,danger,→ stable,→ stable,→ stable,60.0,🟢 GOOD,False,NONE,4.5,0.0,NONE
1779687281.443,99.6,93.5,31.7,1996.0,48.2,11.85,32.2,31.8,31.1,30.8,optimal,optimal,optimal,optimal,optimal,danger,↓ decreasing,→ stable,→ stable,60.0,🟢 GOOD,False,NONE,4.7,0.0,NONE
1779687282.445,99.6,90.6,31.9,1979.0,48.4,11.86,32.2,31.7,31.1,31.0,optimal,optimal,optimal,optimal,optimal,danger,↓ decreasing,→ stable,→ stable,60.0,🟢 GOOD,False,NONE,4.4,0.0,NONE
1779687283.446,98.4,91.8,32.3,1966.0,47.4,11.92,32.3,31.9,30.7,31.1,optimal,optimal,optimal,optimal,optimal,danger,↓ decreasing,→ stable,→ stable,60.0,🟢 GOOD,False,NONE,3.8,0.0,NONE
1779687284.447,101.2,93.2,32.0,2046.0,47.1,11.86,32.0,31.9,31.2,31.1,optimal,optimal,optimal,optimal,optimal,danger,→ stable,→ stable,→ stable,60.0,🟢 GOOD,False,NONE,4.3,0.0,NONE
1779687285.449,100.5,92.1,31.9,1964.0,48.1,11.85,31.8,31.9,30.7,31.2,optimal,optimal,optimal,optimal,optimal,danger,→ stable,→ stable,→ stable,60.0,🟢 GOOD,False,NONE,4.5,0.0,NONE
1779687286.45,97.4,92.6,32.4,2033.0,48.3,11.85,32.2,32.2,30.7,31.1,optimal,optimal,optimal,optimal,optimal,danger,→ stable,→ stable,→ stable,60.0,🟢 GOOD,False,NONE,3.6,0.0,NONE
1779687287.451,99.2,92.9,31.9,2030.0,47.0,11.89,32.4,32.0,30.8,30.7,optimal,optimal,optimal,optimal,optimal,danger,↑ increasing,→ stable,→ stable,60.0,🟢 GOOD,False,NONE,4.4,0.0,NONE
1779687288.453,98.8,91.1,32.3,2005.0,47.7,11.85,31.8,32.0,31.4,30.9,optimal,optimal,optimal,optimal,optimal,danger,→ stable,→ stable,→ stable,60.0,🟢 GOOD,False,NONE,3.8,0.0,NONE
1779687289.455,99.4,93.4,32.2,2042.0,47.4,11.93,32.1,31.8,30.9,31.1,optimal,optimal,optimal,optimal,optimal,danger,→ stable,→ stable,→ stable,60.0,🟢 GOOD,False,NONE,4.0,0.0,NONE
1779687290.457,101.3,91.4,32.3,1998.0,47.5,11.85,32.3,31.9,30.8,31.2,optimal,optimal,optimal,optimal,optimal,danger,→ stable,→ stable,→ stable,60.0,🟢 GOOD,False,NONE,3.9,0.0,NONE
1779687291.459,100.3,93.1,32.2,2017.0,47.9,11.93,31.9,32.4,31.0,31.4,optimal,optimal,optimal,optimal,optimal,danger,→ stable,→ stable,→ stable,60.0,🟢 GOOD,False,NONE,4.0,0.0,NONE
1779687292.459,100.0,93.1,31.8,2048.0,47.3,11.9,32.2,32.0,31.3,31.4,optimal,optimal,optimal,optimal,optimal,danger,→ stable,→ stable,→ stable,60.0,🟢 GOOD,False,NONE,4.6,0.0,NONE
1779687293.46,101.8,91.6,31.9,1996.0,47.2,11.93,32.4,32.0,31.2,31.3,optimal,optimal,optimal,optimal,optimal,danger,↑ increasing,→ stable,→ stable,60.0,🟢 GOOD,False,NONE,4.5,0.0,NONE
1779687294.461,102.7,90.6,31.6,2003.0,47.6,11.93,31.7,31.9,31.2,31.4,optimal,optimal,optimal,optimal,optimal,danger,↑ increasing,→ stable,→ stable,60.0,🟢 GOOD,False,NONE,5.0,0.0,NONE
1779687295.462,99.0,91.7,31.8,2029.0,47.5,11.86,31.8,32.4,31.0,31.2,optimal,optimal,optimal,optimal,optimal,danger,→ stable,→ stable,→ stable,60.0,🟢 GOOD,False,NONE,4.5,0.0,NONE
1779687296.463,100.3,91.4,32.2,1950.0,47.5,11.94,31.6,31.7,31.0,31.4,optimal,optimal,optimal,optimal,optimal,danger,↑ increasing,→ stable,→ stable,60.0,🟢 GOOD,False,NONE,4.0,0.0,NONE
1779687297.464,101.8,91.3,32.0,1989.0,48.5,11.94,32.2,31.6,30.9,31.1,optimal,optimal,optimal,optimal,optimal,danger,↑ increasing,→ stable,→ stable,60.0,🟢 GOOD,False,NONE,4.4,0.0,NONE
1779687298.465,97.9,93.1,32.2,1984.0,48.4,11.92,31.6,31.9,30.9,30.9,optimal,optimal,optimal,optimal,optimal,danger,↑ increasing,→ stable,→ stable,60.0,🟢 GOOD,False,NONE,3.9,0.0,NONE
1779687299.467,97.3,92.3,32.1,1957.0,48.4,11.91,32.0,32.3,31.3,31.0,optimal,optimal,optimal,optimal,optimal,danger,↑ increasing,→ stable,→ stable,60.0,🟢 GOOD,False,NONE,4.0,0.0,NONE
1779687300.467,100.7,93.0,31.9,1957.0,47.6,11.86,31.9,31.7,30.7,31.0,optimal,optimal,optimal,optimal,optimal,danger,↑ increasing,→ stable,→ stable,60.0,🟢 GOOD,False,NONE,4.5,0.0,NONE
1779687301.468,97.0,92.2,32.2,1988.0,48.3,11.93,32.3,32.3,30.9,31.3,optimal,optimal,optimal,optimal,optimal,danger,→ stable,→ stable,→ stable,60.0,🟢 GOOD,False,NONE,3.9,0.0,NONE
1779687302.469,99.6,91.7,31.6,1966.0,48.0,11.94,32.0,32.1,31.1,31.2,optimal,optimal,optimal,optimal,optimal,danger,→ stable,↓ decreasing,→ stable,60.0,🟢 GOOD,False,NONE,4.8,0.0,NONE
1779687303.47,99.7,92.1,32.4,2003.0,47.9,11.94,32.1,32.3,31.2,30.8,optimal,optimal,optimal,optimal,optimal,danger,→ stable,↓ decreasing,→ stable,60.0,🟢 GOOD,False,NONE,3.7,0.0,NONE
1779687304.472,101.3,91.0,32.1,1996.0,47.6,11.94,32.0,31.7,30.9,31.0,optimal,optimal,optimal,optimal,optimal,danger,↓ decreasing,→ stable,→ stable,60.0,🟢 GOOD,False,NONE,4.2,0.0,NONE
1779687305.473,100.1,92.2,31.9,1995.0,47.6,11.95,31.7,31.9,31.2,31.4,optimal,optimal,optimal,optimal,optimal,danger,→ stable,→ stable,→ stable,60.0,🟢 GOOD,False,NONE,4.4,0.0,NONE
1779687306.474,98.2,93.4,32.2,2023.0,48.6,11.94,32.0,31.9,30.7,30.6,optimal,optimal,optimal,optimal,optimal,danger,↓ decreasing,→ stable,→ stable,60.0,🟢 GOOD,False,NONE,3.9,0.0,NONE
1779687307.476,102.0,91.8,32.0,1978.0,47.4,11.94,32.3,32.4,30.7,30.6,optimal,optimal,optimal,optimal,optimal,danger,↓ decreasing,→ stable,→ stable,60.0,🟢 GOOD,False,NONE,4.4,0.0,NONE
1779687308.476,102.7,91.6,32.3,2031.0,48.6,11.87,32.3,32.2,30.8,31.4,optimal,optimal,optimal,optimal,optimal,danger,↓ decreasing,→ stable,→ stable,60.0,🟢 GOOD,False,NONE,4.0,0.0,NONE
1779687309.478,102.2,92.1,31.7,2017.0,48.7,11.87,32.4,32.2,30.9,31.2,optimal,optimal,optimal,optimal,optimal,danger,→ stable,→ stable,→ stable,60.0,🟢 GOOD,False,NONE,4.8,0.0,NONE
1779687310.48,100.9,93.0,32.2,2031.0,47.4,11.93,32.0,32.4,31.2,31.3,optimal,optimal,optimal,optimal,optimal,danger,→ stable,→ stable,→ stable,60.0,🟢 GOOD,False,NONE,4.0,0.0,NONE
1779687311.48,102.0,92.6,31.9,2016.0,47.7,11.89,32.2,31.9,31.1,30.7,optimal,optimal,optimal,optimal,optimal,danger,↑ increasing,→ stable,→ stable,60.0,🟢 GOOD,False,NONE,4.5,0.0,NONE
1779687312.482,97.7,92.5,31.7,2028.0,47.4,11.91,31.7,32.3,31.3,30.7,optimal,optimal,optimal,optimal,optimal,danger,↑ increasing,→ stable,→ stable,60.0,🟢 GOOD,False,NONE,4.6,0.0,NONE
1779687313.483,98.8,91.9,32.0,2011.0,47.6,11.88,32.3,32.0,30.7,30.9,optimal,optimal,optimal,optimal,optimal,danger,↑ increasing,→ stable,→ stable,60.0,🟢 GOOD,False,NONE,4.2,0.0,NONE
1779687314.485,102.4,90.9,32.0,1959.0,48.2,11.92,31.9,32.0,31.3,30.8,optimal,optimal,optimal,optimal,optimal,danger,↑ increasing,→ stable,→ stable,60.0,🟢 GOOD,False,NONE,4.4,0.0,NONE
1779687315.486,99.1,91.4,32.1,2011.0,47.3,11.93,31.7,32.0,31.2,30.8,optimal,optimal,optimal,optimal,optimal,danger,↑ increasing,→ stable,→ stable,60.0,🟢 GOOD,False,NONE,4.1,0.0,NONE
1779687316.487,101.7,93.4,32.3,2032.0,48.4,11.91,32.0,32.2,31.3,30.6,optimal,optimal,optimal,optimal,optimal,danger,↑ increasing,→ stable,→ stable,60.0,🟢 GOOD,False,NONE,3.9,0.0,NONE
1779687317.489,99.4,93.0,32.2,2031.0,48.3,11.91,31.9,32.1,30.8,31.3,optimal,optimal,optimal,optimal,optimal,danger,↑ increasing,→ stable,→ stable,60.0,🟢 GOOD,False,NONE,4.0,0.0,NONE
1779687318.49,100.5,92.8,32.4,1971.0,47.2,11.85,32.2,31.8,30.9,30.9,optimal,optimal,optimal,optimal,optimal,danger,↑ increasing,→ stable,→ stable,60.0,🟢 GOOD,False,NONE,3.7,0.0,NONE
1779687319.491,100.8,92.2,32.2,2022.0,48.1,11.85,31.8,32.1,31.3,31.3,optimal,optimal,optimal,optimal,optimal,danger,→ stable,→ stable,→ stable,60.0,🟢 GOOD,False,NONE,4.0,0.0,NONE
1779687320.493,102.6,92.0,31.7,2017.0,47.7,11.86,32.3,31.7,31.2,31.0,optimal,optimal,optimal,optimal,optimal,danger,→ stable,→ stable,→ stable,60.0,🟢 GOOD,False,NONE,4.8,0.0,NONE
1779687321.494,99.1,91.5,31.7,2043.0,47.0,11.92,32.2,32.2,31.2,31.3,optimal,optimal,optimal,optimal,optimal,danger,↓ decreasing,→ stable,→ stable,60.0,🟢 GOOD,False,NONE,4.7,0.0,NONE
1779687322.495,97.7,91.3,31.8,2035.0,47.1,11.87,32.2,32.4,31.1,31.4,optimal,optimal,optimal,optimal,optimal,danger,→ stable,→ stable,→ stable,60.0,🟢 GOOD,False,NONE,4.5,0.0,NONE
1779687323.497,99.4,91.1,31.7,1996.0,48.0,11.94,31.9,32.1,30.8,31.0,optimal,optimal,optimal,optimal,optimal,danger,→ stable,→ stable,→ stable,60.0,🟢 GOOD,False,NONE,4.7,0.0,NONE
1779687324.498,98.6,90.7,32.2,1961.0,47.9,11.94,31.7,32.0,31.1,30.8,optimal,optimal,optimal,optimal,optimal,danger,↓ decreasing,→ stable,→ stable,60.0,🟢 GOOD,False,NONE,3.9,0.0,NONE
1779687325.499,102.3,92.4,32.1,1998.0,47.8,11.91,31.6,32.2,31.0,31.2,optimal,optimal,optimal,optimal,optimal,danger,→ stable,→ stable,→ stable,60.0,🟢 GOOD,False,NONE,4.2,0.0,NONE
1779687326.502,100.7,92.1,32.3,2025.0,48.7,11.95,32.0,32.2,31.3,31.3,optimal,optimal,optimal,optimal,optimal,danger,↓ decreasing,→ stable,→ stable,60.0,🟢 GOOD,False,NONE,3.9,0.0,NONE
1779687327.504,100.1,91.6,32.1,2045.0,48.2,11.92,32.2,31.7,30.9,31.3,optimal,optimal,optimal,optimal,optimal,danger,↓ decreasing,→ stable,→ stable,60.0,🟢 GOOD,False,NONE,4.1,0.0,NONE
1779687328.506,99.8,91.6,31.7,1951.0,48.6,11.95,31.7,31.9,30.8,31.0,optimal,optimal,optimal,optimal,optimal,danger,→ stable,↓ decreasing,→ stable,60.0,🟢 GOOD,False,NONE,4.7,0.0,NONE
1779687329.507,101.3,92.9,31.9,1978.0,48.8,11.91,31.9,32.4,31.0,30.9,optimal,optimal,optimal,optimal,optimal,danger,→ stable,↓ decreasing,→ stable,60.0,🟢 GOOD,False,NONE,4.5,0.0,NONE
1779687330.508,99.1,92.3,31.7,2021.0,48.2,11.94,32.2,32.3,30.9,30.7,optimal,optimal,optimal,optimal,optimal,danger,↓ decreasing,↓ decreasing,→ stable,60.0,🟢 GOOD,False,NONE,4.7,0.0,NONE
1779687331.51,100.5,91.1,31.7,1960.0,47.7,11.9,31.6,32.0,30.7,31.1,optimal,optimal,optimal,optimal,optimal,danger,→ stable,→ stable,→ stable,60.0,🟢 GOOD,False,NONE,4.7,0.0,NONE
1779687332.511,100.1,90.8,31.7,1966.0,48.0,11.92,32.0,32.2,31.4,31.2,optimal,optimal,optimal,optimal,optimal,danger,→ stable,→ stable,→ stable,60.0,🟢 GOOD,False,NONE,4.7,0.0,NONE
1779687333.513,100.3,91.0,31.7,1987.0,48.8,11.87,32.3,32.4,31.1,30.7,optimal,optimal,optimal,optimal,optimal,danger,→ stable,→ stable,→ stable,60.0,🟢 GOOD,False,NONE,4.7,0.0,NONE
1779687334.515,101.6,91.0,32.3,2014.0,48.9,11.95,32.1,32.4,30.7,30.9,optimal,optimal,optimal,optimal,optimal,danger,↑ increasing,→ stable,→ stable,60.0,🟢 GOOD,False,NONE,3.9,0.0,NONE
1779687335.516,101.3,93.0,32.4,2012.0,47.1,11.85,32.1,31.7,30.8,31.1,optimal,optimal,optimal,optimal,optimal,danger,→ stable,→ stable,→ stable,60.0,🟢 GOOD,False,NONE,3.8,0.0,NONE
1779687336.517,97.8,91.5,32.0,1984.0,48.3,11.86,32.3,31.9,31.2,31.0,optimal,optimal,optimal,optimal,optimal,danger,→ stable,→ stable,→ stable,60.0,🟢 GOOD,False,NONE,4.2,0.0,NONE
1779687337.519,98.0,90.5,31.7,1994.0,47.3,11.88,32.3,32.3,30.7,30.7,optimal,optimal,optimal,optimal,optimal,danger,→ stable,→ stable,→ stable,60.0,🟢 GOOD,False,NONE,4.6,0.0,NONE
1779687338.52,102.0,91.4,32.0,2007.0,48.2,11.91,32.1,31.7,31.3,31.0,optimal,optimal,optimal,optimal,optimal,danger,→ stable,→ stable,→ stable,60.0,🟢 GOOD,False,NONE,4.4,0.0,NONE
1779687339.521,97.8,92.2,31.7,1986.0,48.0,11.89,32.3,32.0,31.4,31.2,optimal,optimal,optimal,optimal,optimal,danger,→ stable,→ stable,→ stable,60.0,🟢 GOOD,False,NONE,4.6,0.0,NONE
1779687340.523,99.4,92.1,31.7,2009.0,47.6,11.86,31.8,31.9,31.1,31.1,optimal,optimal,optimal,optimal,optimal,danger,→ stable,→ stable,→ stable,60.0,🟢 GOOD,False,NONE,4.7,0.0,NONE
1779687341.525,101.4,91.2,32.1,2048.0,48.1,11.93,32.1,32.2,30.7,31.2,optimal,optimal,optimal,optimal,optimal,danger,→ stable,→ stable,→ stable,60.0,🟢 GOOD,False,NONE,4.2,0.0,NONE
1779687342.526,102.0,91.7,31.9,2013.0,48.8,11.9,32.0,32.0,31.3,31.0,optimal,optimal,optimal,optimal,optimal,danger,→ stable,→ stable,→ stable,60.0,🟢 GOOD,False,NONE,4.5,0.0,NONE
1779687343.528,103.0,92.5,31.9,2009.0,47.5,11.86,31.8,31.8,30.7,31.0,optimal,optimal,optimal,optimal,optimal,danger,→ stable,→ stable,→ stable,60.0,🟢 GOOD,False,NONE,4.6,0.0,NONE
1779687344.53,97.7,93.3,32.4,2049.0,47.5,11.93,31.8,31.7,30.7,31.2,optimal,optimal,optimal,optimal,optimal,danger,↓ decreasing,→ stable,→ stable,60.0,🟢 GOOD,False,NONE,3.6,0.0,NONE
1779687345.532,98.8,90.8,32.0,1976.0,48.6,11.88,31.9,32.2,31.4,31.0,optimal,optimal,optimal,optimal,optimal,danger,↓ decreasing,→ stable,→ stable,60.0,🟢 GOOD,False,NONE,4.2,0.0,NONE
1779687346.532,99.2,91.7,32.3,2005.0,48.0,11.9,31.8,31.7,31.1,30.9,optimal,optimal,optimal,optimal,optimal,danger,→ stable,→ stable,→ stable,60.0,🟢 GOOD,False,NONE,3.8,0.0,NONE
1779687347.533,98.0,90.7,31.9,2026.0,47.6,11.94,31.7,32.1,30.8,30.9,optimal,optimal,optimal,optimal,optimal,danger,→ stable,→ stable,→ stable,60.0,🟢 GOOD,False,NONE,4.3,0.0,NONE
1779687348.534,100.7,90.7,32.0,1989.0,48.4,11.93,32.0,32.2,30.9,31.2,optimal,optimal,optimal,optimal,optimal,danger,→ stable,→ stable,→ stable,60.0,🟢 GOOD,False,NONE,4.3,0.0,NONE
1779687349.535,102.8,91.0,31.7,2018.0,47.7,11.91,31.7,31.7,30.6,31.3,optimal,optimal,optimal,optimal,optimal,danger,→ stable,→ stable,→ stable,60.0,🟢 GOOD,False,NONE,4.8,0.0,NONE
1779687350.537,102.9,91.4,31.9,2032.0,47.3,11.93,31.6,31.9,31.4,31.3,optimal,optimal,optimal,optimal,optimal,danger,↑ increasing,→ stable,→ stable,60.0,🟢 GOOD,False,NONE,4.6,0.0,NONE
1779687351.538,102.2,92.4,32.1,1968.0,48.9,11.89,31.8,31.9,31.2,31.4,optimal,optimal,optimal,optimal,optimal,danger,↑ increasing,→ stable,→ stable,60.0,🟢 GOOD,False,NONE,4.2,0.0,NONE
1779687352.539,102.5,91.8,32.3,1991.0,47.7,11.93,31.7,31.9,30.8,30.6,optimal,optimal,optimal,optimal,optimal,danger,↑ increasing,→ stable,→ stable,60.0,🟢 GOOD,False,NONE,4.0,0.0,NONE
1779687353.54,102.2,91.4,31.6,2003.0,48.0,11.85,32.0,32.1,30.9,31.4,optimal,optimal,optimal,optimal,optimal,danger,→ stable,→ stable,→ stable,60.0,🟢 GOOD,False,NONE,5.0,0.0,NONE
1779687354.541,97.2,93.1,32.0,2002.0,47.2,11.88,32.3,32.2,31.1,31.1,optimal,optimal,optimal,optimal,optimal,danger,↑ increasing,→ stable,→ stable,60.0,🟢 GOOD,False,NONE,4.2,0.0,NONE
1779687355.542,100.8,91.1,32.1,1966.0,48.3,11.86,32.0,31.7,31.0,31.3,optimal,optimal,optimal,optimal,optimal,danger,↑ increasing,→ stable,→ stable,60.0,🟢 GOOD,False,NONE,4.2,0.0,NONE
1779687356.544,100.5,92.0,32.2,1995.0,48.3,11.93,32.2,32.4,30.7,31.1,optimal,optimal,optimal,optimal,optimal,danger,↑ increasing,→ stable,→ stable,60.0,🟢 GOOD,False,NONE,4.0,0.0,NONE
1779687357.545,101.8,93.4,32.0,1958.0,48.4,11.88,32.0,32.0,31.0,30.8,optimal,optimal,optimal,optimal,optimal,danger,↑ increasing,→ stable,→ stable,60.0,🟢 GOOD,False,NONE,4.4,0.0,NONE
1779687358.547,101.5,91.5,31.8,1991.0,48.5,11.95,32.4,31.9,30.7,31.3,optimal,optimal,optimal,optimal,optimal,danger,↑ increasing,→ stable,→ stable,60.0,🟢 GOOD,False,NONE,4.6,0.0,NONE
1779687359.548,102.0,93.3,31.6,2045.0,47.9,11.94,32.3,32.0,31.4,30.9,optimal,optimal,optimal,optimal,optimal,danger,↑ increasing,↑ increasing,→ stable,60.0,🟢 GOOD,False,NONE,5.0,0.0,NONE
1779687360.549,99.9,90.6,31.9,2017.0,47.4,11.88,32.1,32.1,31.0,30.6,optimal,optimal,optimal,optimal,optimal,danger,→ stable,↑ increasing,→ stable,60.0,🟢 GOOD,False,NONE,4.4,0.0,NONE
1779687361.55,101.9,90.7,32.0,2020.0,48.7,11.93,31.8,32.4,31.0,31.1,optimal,optimal,optimal,optimal,optimal,danger,→ stable,→ stable,→ stable,60.0,🟢 GOOD,False,NONE,4.4,0.0,NONE
1779687362.552,102.8,92.2,32.2,2049.0,49.0,11.91,32.0,31.6,31.1,31.3,optimal,optimal,optimal,optimal,optimal,danger,→ stable,→ stable,→ stable,60.0,🟢 GOOD,False,NONE,4.1,0.0,NONE
1779687363.554,98.9,92.6,32.2,1995.0,48.9,11.89,32.0,31.9,31.1,31.0,optimal,optimal,optimal,optimal,optimal,danger,→ stable,↑ increasing,→ stable,60.0,🟢 GOOD,False,NONE,4.0,0.0,NONE
1779687364.556,101.8,91.7,32.2,1992.0,48.6,11.86,32.0,31.8,30.6,31.0,optimal,optimal,optimal,optimal,optimal,danger,↑ increasing,→ stable,→ stable,60.0,🟢 GOOD,False,NONE,4.1,0.0,NONE
1779687365.557,101.0,91.2,32.0,1968.0,47.3,11.9,31.7,31.8,31.4,31.3,optimal,optimal,optimal,optimal,optimal,danger,→ stable,→ stable,→ stable,60.0,🟢 GOOD,False,NONE,4.3,0.0,NONE
1779687366.56,99.6,93.5,32.2,2014.0,47.7,11.92,32.1,31.7,30.9,31.0,optimal,optimal,optimal,optimal,optimal,danger,→ stable,↑ increasing,→ stable,60.0,🟢 GOOD,False,NONE,4.0,0.0,NONE
1779687367.562,97.8,91.7,31.8,2000.0,47.7,11.92,32.3,31.6,31.1,31.4,optimal,optimal,optimal,optimal,optimal,danger,↓ decreasing,→ stable,→ stable,60.0,🟢 GOOD,False,NONE,4.5,0.0,NONE
1779687368.564,97.5,91.5,31.6,2031.0,47.2,11.92,32.2,31.7,31.4,30.8,optimal,optimal,optimal,optimal,optimal,danger,↓ decreasing,→ stable,→ stable,60.0,🟢 GOOD,False,NONE,4.7,0.0,NONE
1779687369.564,102.7,91.3,32.1,1993.0,47.6,11.93,32.2,31.7,31.2,30.7,optimal,optimal,optimal,optimal,optimal,danger,↓ decreasing,→ stable,→ stable,60.0,🟢 GOOD,False,NONE,4.3,0.0,NONE
1779687370.566,102.9,91.0,31.8,1980.0,47.7,11.93,31.8,31.6,31.0,30.7,optimal,optimal,optimal,optimal,optimal,danger,→ stable,→ stable,→ stable,60.0,🟢 GOOD,False,NONE,4.7,0.0,NONE
1779687371.566,101.5,91.7,32.4,2023.0,47.4,11.91,31.8,31.9,31.0,31.2,optimal,optimal,optimal,optimal,optimal,danger,→ stable,→ stable,→ stable,60.0,🟢 GOOD,False,NONE,3.8,0.0,NONE
1779687372.568,97.1,90.9,32.1,1991.0,48.7,11.87,32.3,32.2,31.4,31.2,optimal,optimal,optimal,optimal,optimal,danger,↓ decreasing,→ stable,→ stable,60.0,🟢 GOOD,False,NONE,4.0,0.0,NONE
1779687373.568,99.5,92.4,32.4,2041.0,48.5,11.93,32.3,31.9,30.9,31.3,optimal,optimal,optimal,optimal,optimal,danger,↓ decreasing,→ stable,→ stable,60.0,🟢 GOOD,False,NONE,3.7,0.0,NONE
1779687374.569,97.9,91.7,32.4,2034.0,48.5,11.86,32.3,31.8,31.3,31.4,optimal,optimal,optimal,optimal,optimal,danger,↓ decreasing,→ stable,→ stable,60.0,🟢 GOOD,False,NONE,3.6,0.0,NONE
1779687375.571,100.2,91.1,32.3,2040.0,48.8,11.87,32.1,32.2,31.3,31.3,optimal,optimal,optimal,optimal,optimal,danger,↓ decreasing,→ stable,→ stable,60.0,🟢 GOOD,False,NONE,3.9,0.0,NONE
1779687376.571,102.0,91.9,31.7,1988.0,48.5,11.92,32.4,31.8,31.3,31.2,optimal,optimal,optimal,optimal,optimal,danger,↓ decreasing,↓ decreasing,→ stable,60.0,🟢 GOOD,False,NONE,4.8,0.0,NONE
1779687377.573,99.0,93.4,32.3,2015.0,47.0,11.86,32.1,31.9,31.2,30.8,optimal,optimal,optimal,optimal,optimal,danger,↓ decreasing,→ stable,→ stable,60.0,🟢 GOOD,False,NONE,3.8,0.0,NONE
1779687378.574,100.7,92.4,32.0,2046.0,48.8,11.9,32.3,32.4,30.9,30.9,optimal,optimal,optimal,optimal,optimal,danger,→ stable,→ stable,→ stable,60.0,🟢 GOOD,False,NONE,4.3,0.0,NONE
1779687379.576,98.1,91.2,32.3,2038.0,47.4,11.93,31.8,31.7,31.1,30.6,optimal,optimal,optimal,optimal,optimal,danger,→ stable,→ stable,→ stable,60.0,🟢 GOOD,False,NONE,3.8,0.0,NONE
1779687380.576,100.7,91.1,32.4,1994.0,48.0,11.85,32.0,31.7,31.2,31.3,optimal,optimal,optimal,optimal,optimal,danger,↓ decreasing,→ stable,→ stable,60.0,🟢 GOOD,False,NONE,3.7,0.0,NONE
1779687381.577,98.2,93.0,31.7,1972.0,47.9,11.85,32.1,32.1,30.6,30.7,optimal,optimal,optimal,optimal,optimal,danger,↓ decreasing,→ stable,→ stable,60.0,🟢 GOOD,False,NONE,4.6,0.0,NONE
1779687382.579,97.3,92.3,32.0,1985.0,47.7,11.85,32.1,31.8,31.2,31.0,optimal,optimal,optimal,optimal,optimal,danger,↓ decreasing,→ stable,→ stable,60.0,🟢 GOOD,False,NONE,4.2,0.0,NONE
1779687383.58,103.0,90.6,32.2,2014.0,48.4,11.89,32.2,32.3,31.0,31.2,optimal,optimal,optimal,optimal,optimal,danger,→ stable,→ stable,→ stable,60.0,🟢 GOOD,False,NONE,4.1,0.0,NONE
1779687384.581,100.8,91.4,31.8,2033.0,47.7,11.88,32.1,31.8,30.6,31.2,optimal,optimal,optimal,optimal,optimal,danger,→ stable,→ stable,→ stable,60.0,🟢 GOOD,False,NONE,4.6,0.0,NONE
1779687385.582,97.8,92.1,32.0,1974.0,48.5,11.93,31.8,32.1,31.0,30.7,optimal,optimal,optimal,optimal,optimal,danger,→ stable,→ stable,→ stable,60.0,🟢 GOOD,False,NONE,4.2,0.0,NONE
1779687386.583,99.3,92.7,32.0,2022.0,47.8,11.87,32.3,32.4,31.4,31.2,optimal,optimal,optimal,optimal,optimal,danger,→ stable,→ stable,→ stable,60.0,🟢 GOOD,False,NONE,4.3,0.0,NONE
1779687387.584,97.9,91.3,32.2,1996.0,47.3,11.94,32.1,31.9,31.0,31.0,optimal,optimal,optimal,optimal,optimal,danger,↓ decreasing,→ stable,→ stable,60.0,🟢 GOOD,False,NONE,3.9,0.0,NONE
1779687388.586,102.9,93.5,32.1,1993.0,48.4,11.85,31.8,32.1,30.9,31.2,optimal,optimal,optimal,optimal,optimal,danger,↓ decreasing,→ stable,→ stable,60.0,🟢 GOOD,False,NONE,4.3,0.0,NONE
1779687389.586,99.7,91.5,31.9,1981.0,48.1,11.92,32.2,32.3,31.0,30.6,optimal,optimal,optimal,optimal,optimal,danger,→ stable,→ stable,→ stable,60.0,🟢 GOOD,False,NONE,4.4,0.0,NONE
1779687390.587,97.8,91.1,31.6,2030.0,47.2,11.86,32.0,31.9,31.4,31.1,optimal,optimal,optimal,optimal,optimal,danger,→ stable,→ stable,→ stable,60.0,🟢 GOOD,False,NONE,4.8,0.0,NONE
1779687391.589,97.5,91.0,32.0,1954.0,47.3,11.89,32.3,32.1,30.8,31.1,optimal,optimal,optimal,optimal,optimal,danger,→ stable,→ stable,→ stable,60.0,🟢 GOOD,False,NONE,4.2,0.0,NONE
1779687392.59,99.6,93.2,32.2,2028.0,48.1,11.85,31.8,31.8,31.0,31.0,optimal,optimal,optimal,optimal,optimal,danger,→ stable,→ stable,→ stable,60.0,🟢 GOOD,False,NONE,4.0,0.0,NONE
1779687393.592,97.3,91.8,32.3,2014.0,48.2,11.87,32.0,31.7,30.9,31.0,optimal,optimal,optimal,optimal,optimal,danger,↓ decreasing,→ stable,→ stable,60.0,🟢 GOOD,False,NONE,3.8,0.0,NONE
1779687394.592,101.0,92.3,31.7,2018.0,47.7,11.89,32.1,31.8,31.1,31.4,optimal,optimal,optimal,optimal,optimal,danger,↓ decreasing,→ stable,→ stable,60.0,🟢 GOOD,False,NONE,4.8,0.0,NONE
1779687395.594,99.7,91.7,32.3,2004.0,47.9,11.85,31.8,32.4,31.2,30.7,optimal,optimal,optimal,optimal,optimal,danger,→ stable,→ stable,→ stable,60.0,🟢 GOOD,False,NONE,3.8,0.0,NONE
1779687396.594,97.6,90.5,31.8,1962.0,47.9,11.9,31.9,32.3,31.2,30.9,optimal,optimal,optimal,optimal,optimal,danger,→ stable,→ stable,→ stable,60.0,🟢 GOOD,False,NONE,4.5,0.0,NONE
1779687397.596,102.6,92.1,32.4,2042.0,47.7,11.87,31.8,31.8,31.1,30.7,optimal,optimal,optimal,optimal,optimal,danger,→ stable,→ stable,→ stable,60.0,🟢 GOOD,False,NONE,3.8,0.0,NONE
1779687398.598,100.0,91.2,32.3,1957.0,49.0,11.88,31.7,32.3,31.2,30.7,optimal,optimal,optimal,optimal,optimal,danger,→ stable,→ stable,→ stable,60.0,🟢 GOOD,False,NONE,3.9,0.0,NONE
1779687399.598,102.4,91.1,32.2,1998.0,47.4,11.86,32.0,31.7,31.2,30.7,optimal,optimal,optimal,optimal,optimal,danger,→ stable,→ stable,→ stable,60.0,🟢 GOOD,False,NONE,4.1,0.0,NONE
1779687400.599,98.2,93.1,32.2,1964.0,48.6,11.91,32.1,32.1,31.4,31.2,optimal,optimal,optimal,optimal,optimal,danger,→ stable,→ stable,→ stable,60.0,🟢 GOOD,False,NONE,3.9,0.0,NONE
1779687401.6,97.2,92.2,31.7,1969.0,47.5,11.87,32.0,32.1,31.1,30.7,optimal,optimal,optimal,optimal,optimal,danger,→ stable,→ stable,→ stable,60.0,🟢 GOOD,False,NONE,4.6,0.0,NONE
1779687402.602,102.6,91.8,32.1,1988.0,47.3,11.93,32.2,31.8,31.3,30.9,optimal,optimal,optimal,optimal,optimal,danger,→ stable,→ stable,→ stable,60.0,🟢 GOOD,False,NONE,4.3,0.0,NONE
1779687403.604,97.4,92.2,32.1,2037.0,48.9,11.89,31.7,31.8,31.4,30.7,optimal,optimal,optimal,optimal,optimal,danger,↑ increasing,→ stable,→ stable,60.0,🟢 GOOD,False,NONE,4.0,0.0,NONE
1779687404.606,101.1,92.1,32.1,1999.0,47.8,11.91,31.9,31.8,31.1,31.1,optimal,optimal,optimal,optimal,optimal,danger,↑ increasing,→ stable,→ stable,60.0,🟢 GOOD,False,NONE,4.2,0.0,NONE
1779687405.608,97.9,92.6,32.3,1967.0,47.0,11.9,32.1,32.1,31.1,31.2,optimal,optimal,optimal,optimal,optimal,danger,→ stable,→ stable,→ stable,60.0,🟢 GOOD,False,NONE,3.8,0.0,NONE
1779687406.61,97.5,90.6,32.3,1962.0,47.8,11.91,31.6,31.6,31.0,31.0,optimal,optimal,optimal,optimal,optimal,danger,↑ increasing,→ stable,→ stable,60.0,🟢 GOOD,False,NONE,3.8,0.0,NONE
1779687407.611,102.2,90.9,32.0,2014.0,47.4,11.93,31.7,32.3,30.8,31.2,optimal,optimal,optimal,optimal,optimal,danger,→ stable,→ stable,→ stable,60.0,🟢 GOOD,False,NONE,4.4,0.0,NONE
1779687408.612,98.6,92.8,32.2,1958.0,48.0,11.87,32.1,32.1,30.7,30.8,optimal,optimal,optimal,optimal,optimal,danger,→ stable,→ stable,→ stable,60.0,🟢 GOOD,False,NONE,3.9,0.0,NONE
1779687409.613,97.5,92.8,32.2,2048.0,47.2,11.9,32.0,31.7,31.2,30.7,optimal,optimal,optimal,optimal,optimal,danger,↓ decreasing,↑ increasing,→ stable,60.0,🟢 GOOD,False,NONE,3.9,0.0,NONE
1779687410.615,97.1,92.7,31.9,2047.0,48.1,11.95,32.0,32.2,31.1,30.7,optimal,optimal,optimal,optimal,optimal,danger,↓ decreasing,→ stable,→ stable,60.0,🟢 GOOD,False,NONE,4.3,0.0,NONE
1779687411.616,98.2,92.2,31.8,2049.0,48.4,11.89,32.0,32.3,30.8,30.6,optimal,optimal,optimal,optimal,optimal,danger,↓ decreasing,→ stable,→ stable,60.0,🟢 GOOD,False,NONE,4.5,0.0,NONE
1779687412.616,102.9,92.3,32.4,2019.0,48.2,11.95,32.3,32.0,31.0,30.7,optimal,optimal,optimal,optimal,optimal,danger,↓ decreasing,→ stable,→ stable,60.0,🟢 GOOD,False,NONE,3.8,0.0,NONE
1779687413.617,100.3,92.3,31.7,2028.0,47.5,11.92,31.8,31.7,30.8,30.9,optimal,optimal,optimal,optimal,optimal,danger,↓ decreasing,→ stable,→ stable,60.0,🟢 GOOD,False,NONE,4.7,0.0,NONE
1779687414.619,102.4,90.9,32.2,1954.0,48.4,11.91,31.8,32.1,30.9,30.8,optimal,optimal,optimal,optimal,optimal,danger,→ stable,→ stable,→ stable,60.0,🟢 GOOD,False,NONE,4.1,0.0,NONE
1779687415.619,101.3,91.5,32.0,1977.0,47.1,11.93,32.1,31.7,31.0,30.9,optimal,optimal,optimal,optimal,optimal,danger,→ stable,→ stable,→ stable,60.0,🟢 GOOD,False,NONE,4.3,0.0,NONE
1779687416.621,99.3,90.6,32.2,2030.0,48.9,11.88,32.1,31.9,31.3,30.8,optimal,optimal,optimal,optimal,optimal,danger,→ stable,→ stable,→ stable,60.0,🟢 GOOD,False,NONE,4.0,0.0,NONE
1779687417.622,102.2,92.5,31.6,2037.0,47.2,11.9,32.2,32.2,31.3,30.9,optimal,optimal,optimal,optimal,optimal,danger,→ stable,→ stable,→ stable,60.0,🟢 GOOD,False,NONE,5.0,0.0,NONE
1779687418.624,97.1,91.1,32.0,2008.0,47.7,11.92,31.9,31.6,31.2,31.0,optimal,optimal,optimal,optimal,optimal,danger,→ stable,→ stable,→ stable,60.0,🟢 GOOD,False,NONE,4.2,0.0,NONE
1779687419.626,99.7,92.4,32.1,2048.0,47.6,11.88,32.0,31.7,30.6,31.0,optimal,optimal,optimal,optimal,optimal,danger,↑ increasing,→ stable,→ stable,60.0,🟢 GOOD,False,NONE,4.1,0.0,NONE
1779687420.628,100.7,92.9,31.7,1964.0,48.1,11.9,31.6,32.2,30.6,30.9,optimal,optimal,optimal,optimal,optimal,danger,↑ increasing,→ stable,→ stable,60.0,🟢 GOOD,False,NONE,4.7,0.0,NONE
1779687421.63,98.6,92.4,31.6,1996.0,48.4,11.94,32.1,32.3,31.0,30.6,optimal,optimal,optimal,optimal,optimal,danger,↑ increasing,→ stable,→ stable,60.0,🟢 GOOD,False,NONE,4.8,0.0,NONE
1779687422.631,98.1,92.9,32.1,2012.0,48.2,11.95,32.4,32.2,31.3,31.1,optimal,optimal,optimal,optimal,optimal,danger,↑ increasing,→ stable,→ stable,60.0,🟢 GOOD,False,NONE,4.1,0.0,NONE
1779687423.631,100.6,91.9,32.1,1968.0,47.9,11.92,32.2,32.2,30.9,30.9,optimal,optimal,optimal,optimal,optimal,danger,↑ increasing,→ stable,→ stable,60.0,🟢 GOOD,False,NONE,4.2,0.0,NONE
1779687424.633,98.8,91.3,32.2,1990.0,48.2,11.94,31.8,31.8,30.7,30.8,optimal,optimal,optimal,optimal,optimal,danger,→ stable,→ stable,→ stable,60.0,🟢 GOOD,False,NONE,4.0,0.0,NONE
1779687425.633,101.0,90.7,31.9,1984.0,48.3,11.93,32.1,31.8,30.7,31.3,optimal,optimal,optimal,optimal,optimal,danger,→ stable,→ stable,→ stable,60.0,🟢 GOOD,False,NONE,4.5,0.0,NONE
1779687426.634,102.4,91.1,31.7,2047.0,47.3,11.88,31.9,32.2,30.6,31.3,optimal,optimal,optimal,optimal,optimal,danger,→ stable,→ stable,→ stable,60.0,🟢 GOOD,False,NONE,4.8,0.0,NONE
1779687427.635,99.9,91.7,32.3,1952.0,47.6,11.9,32.1,31.8,31.4,31.1,optimal,optimal,optimal,optimal,optimal,danger,→ stable,→ stable,→ stable,60.0,🟢 GOOD,False,NONE,3.9,0.0,NONE
1779687428.637,102.1,90.9,31.7,2041.0,47.8,11.87,32.3,31.9,31.3,31.2,optimal,optimal,optimal,optimal,optimal,danger,→ stable,→ stable,→ stable,60.0,🟢 GOOD,False,NONE,4.8,0.0,NONE
1779687429.637,100.2,90.8,32.0,2040.0,48.0,11.87,32.4,32.3,31.3,30.9,optimal,optimal,optimal,optimal,optimal,danger,→ stable,→ stable,→ stable,60.0,🟢 GOOD,False,NONE,4.3,0.0,NONE
1779687430.639,97.6,93.2,32.1,1959.0,48.0,11.92,32.1,32.0,31.3,31.4,optimal,optimal,optimal,optimal,optimal,danger,→ stable,→ stable,→ stable,60.0,🟢 GOOD,False,NONE,4.0,0.0,NONE
1779687431.639,101.3,91.0,31.7,2037.0,47.3,11.95,31.8,32.1,31.0,30.6,optimal,optimal,optimal,optimal,optimal,danger,→ stable,→ stable,→ stable,60.0,🟢 GOOD,False,NONE,4.8,0.0,NONE
1779687432.64,98.4,93.2,32.0,1976.0,47.0,11.95,31.9,32.2,30.8,30.6,optimal,optimal,optimal,optimal,optimal,danger,→ stable,→ stable,→ stable,60.0,🟢 GOOD,False,NONE,4.2,0.0,NONE
1779687433.64,98.4,91.2,32.1,1979.0,47.6,11.87,32.0,31.8,30.7,30.9,optimal,optimal,optimal,optimal,optimal,danger,→ stable,→ stable,→ stable,60.0,🟢 GOOD,False,NONE,4.1,0.0,NONE
1779687434.642,97.8,91.3,31.8,1972.0,47.6,11.95,31.7,32.2,30.6,30.7,optimal,optimal,optimal,optimal,optimal,danger,→ stable,→ stable,→ stable,60.0,🟢 GOOD,False,NONE,4.5,0.0,NONE
1779687435.644,102.9,91.4,31.9,2012.0,47.8,11.86,31.6,31.9,31.2,30.8,optimal,optimal,optimal,optimal,optimal,danger,→ stable,→ stable,→ stable,60.0,🟢 GOOD,False,NONE,4.6,0.0,NONE
1779687436.646,98.4,90.9,32.2,1962.0,47.2,11.89,31.7,31.8,30.9,31.4,optimal,optimal,optimal,optimal,optimal,danger,→ stable,→ stable,→ stable,60.0,🟢 GOOD,False,NONE,3.9,0.0,NONE
1779687437.647,98.5,92.5,32.2,2038.0,48.3,11.86,32.2,31.9,31.0,30.7,optimal,optimal,optimal,optimal,optimal,danger,→ stable,→ stable,→ stable,60.0,🟢 GOOD,False,NONE,3.9,0.0,NONE
1779687438.649,101.6,91.8,32.1,2018.0,48.3,11.92,32.2,31.9,31.3,31.0,optimal,optimal,optimal,optimal,optimal,danger,↓ decreasing,→ stable,→ stable,60.0,🟢 GOOD,False,NONE,4.2,0.0,NONE
1779687439.651,101.8,92.3,32.1,2012.0,48.3,11.87,31.8,31.8,31.2,30.8,optimal,optimal,optimal,optimal,optimal,danger,↓ decreasing,→ stable,→ stable,60.0,🟢 GOOD,False,NONE,4.2,0.0,NONE
1779687440.653,102.9,90.5,31.9,1965.0,47.7,11.88,32.2,32.0,31.4,30.9,optimal,optimal,optimal,optimal,optimal,danger,→ stable,→ stable,→ stable,60.0,🟢 GOOD,False,NONE,4.6,0.0,NONE
1779687441.654,101.4,92.1,32.3,2007.0,48.6,11.92,32.3,31.8,30.7,30.7,optimal,optimal,optimal,optimal,optimal,danger,→ stable,→ stable,→ stable,60.0,🟢 GOOD,False,NONE,3.9,0.0,NONE
1779687442.656,97.7,91.4,31.9,2000.0,47.6,11.92,32.1,31.6,30.8,31.2,optimal,optimal,optimal,optimal,optimal,danger,→ stable,→ stable,→ stable,60.0,🟢 GOOD,False,NONE,4.3,0.0,NONE
1779687443.656,102.4,93.3,32.2,1964.0,47.9,11.9,32.2,32.2,31.3,30.9,optimal,optimal,optimal,optimal,optimal,danger,↑ increasing,→ stable,→ stable,60.0,🟢 GOOD,False,NONE,4.1,0.0,NONE
1779687444.658,98.6,92.8,32.2,1985.0,48.5,11.93,32.3,31.9,31.2,31.4,optimal,optimal,optimal,optimal,optimal,danger,↑ increasing,→ stable,→ stable,60.0,🟢 GOOD,False,NONE,3.9,0.0,NONE
1779687445.658,102.9,91.6,32.3,1971.0,48.5,11.86,32.0,31.8,31.1,30.7,optimal,optimal,optimal,optimal,optimal,danger,↑ increasing,→ stable,→ stable,60.0,🟢 GOOD,False,NONE,4.0,0.0,NONE
1779687446.66,100.3,91.7,31.9,2035.0,47.1,11.94,32.1,31.9,31.1,31.1,optimal,optimal,optimal,optimal,optimal,danger,↑ increasing,→ stable,→ stable,60.0,🟢 GOOD,False,NONE,4.4,0.0,NONE
1779687447.661,102.6,92.7,31.9,1976.0,47.1,11.86,32.4,31.9,31.1,30.7,optimal,optimal,optimal,optimal,optimal,danger,↑ increasing,→ stable,→ stable,60.0,🟢 GOOD,False,NONE,4.5,0.0,NONE
1779687448.663,101.2,92.7,31.6,2042.0,48.7,11.88,32.3,31.8,31.1,30.7,optimal,optimal,optimal,optimal,optimal,danger,↑ increasing,→ stable,→ stable,60.0,🟢 GOOD,False,NONE,4.9,0.0,NONE
1779687449.665,101.9,93.1,32.3,1972.0,48.2,11.9,32.0,32.3,30.7,31.3,optimal,optimal,optimal,optimal,optimal,danger,↑ increasing,→ stable,→ stable,60.0,🟢 GOOD,False,NONE,3.9,0.0,NONE
1779687450.665,100.0,92.1,31.7,1994.0,48.9,11.87,32.3,32.4,30.8,31.0,optimal,optimal,optimal,optimal,optimal,danger,↑ increasing,↑ increasing,→ stable,60.0,🟢 GOOD,False,NONE,4.7,0.0,NONE
1779687451.667,98.5,92.9,31.9,2019.0,47.1,11.88,32.1,32.3,30.8,30.7,optimal,optimal,optimal,optimal,optimal,danger,→ stable,↑ increasing,→ stable,60.0,🟢 GOOD,False,NONE,4.4,0.0,NONE
1779687452.668,97.7,91.0,31.9,2010.0,47.8,11.94,31.7,32.2,30.9,30.7,optimal,optimal,optimal,optimal,optimal,danger,→ stable,↑ increasing,→ stable,60.0,🟢 GOOD,False,NONE,4.3,0.0,NONE
1779687453.67,97.8,92.3,32.0,2002.0,48.0,11.92,32.2,32.0,30.9,31.2,optimal,optimal,optimal,optimal,optimal,danger,→ stable,↑ increasing,→ stable,60.0,🟢 GOOD,False,NONE,4.2,0.0,NONE
1779687454.671,99.4,92.7,31.9,2000.0,47.7,11.94,32.3,32.1,30.7,30.7,optimal,optimal,optimal,optimal,optimal,danger,→ stable,→ stable,→ stable,60.0,🟢 GOOD,False,NONE,4.4,0.0,NONE
1779687455.672,99.2,90.6,32.2,1980.0,47.9,11.89,31.9,32.2,31.3,31.2,optimal,optimal,optimal,optimal,optimal,danger,↓ decreasing,→ stable,→ stable,60.0,🟢 GOOD,False,NONE,4.0,0.0,NONE
1779687456.674,97.8,93.0,32.4,1981.0,48.6,11.87,31.7,32.0,31.0,31.2,optimal,optimal,optimal,optimal,optimal,danger,↓ decreasing,→ stable,→ stable,60.0,🟢 GOOD,False,NONE,3.6,0.0,NONE
1779687457.674,99.4,93.5,31.9,2011.0,48.8,11.94,31.7,31.7,31.4,30.7,optimal,optimal,optimal,optimal,optimal,danger,↓ decreasing,→ stable,→ stable,60.0,🟢 GOOD,False,NONE,4.4,0.0,NONE
1779687458.676,100.6,91.6,31.9,1951.0,47.7,11.87,31.6,31.9,31.1,31.3,optimal,optimal,optimal,optimal,optimal,danger,↓ decreasing,→ stable,→ stable,60.0,🟢 GOOD,False,NONE,4.5,0.0,NONE
1779687459.678,100.8,92.2,31.6,2049.0,47.0,11.88,32.2,32.3,31.0,31.0,optimal,optimal,optimal,optimal,optimal,danger,↓ decreasing,→ stable,→ stable,60.0,🟢 GOOD,False,NONE,4.9,0.0,NONE
1779687460.68,99.3,90.9,32.1,2001.0,47.4,11.87,32.2,32.1,31.2,30.9,optimal,optimal,optimal,optimal,optimal,danger,↓ decreasing,→ stable,→ stable,60.0,🟢 GOOD,False,NONE,4.1,0.0,NONE
1779687461.682,100.3,92.7,32.3,2025.0,48.1,11.86,31.9,32.1,31.2,30.6,optimal,optimal,optimal,optimal,optimal,danger,↓ decreasing,→ stable,→ stable,60.0,🟢 GOOD,False,NONE,3.9,0.0,NONE
1779687462.683,102.9,91.3,31.6,1954.0,48.2,11.93,31.9,32.0,30.7,31.3,optimal,optimal,optimal,optimal,optimal,danger,↓ decreasing,→ stable,→ stable,60.0,🟢 GOOD,False,NONE,5.0,0.0,NONE
1779687463.685,102.3,93.1,32.4,2038.0,48.7,11.86,31.7,31.8,30.7,30.7,optimal,optimal,optimal,optimal,optimal,danger,→ stable,→ stable,→ stable,60.0,🟢 GOOD,False,NONE,3.8,0.0,NONE
1779687464.687,99.4,93.4,31.8,2040.0,48.0,11.95,32.1,32.4,31.1,31.0,optimal,optimal,optimal,optimal,optimal,danger,→ stable,→ stable,→ stable,60.0,🟢 GOOD,False,NONE,4.5,0.0,NONE
1779687465.689,97.8,90.6,32.1,2025.0,48.7,11.85,32.2,31.7,30.6,31.3,optimal,optimal,optimal,optimal,optimal,danger,→ stable,→ stable,→ stable,60.0,🟢 GOOD,False,NONE,4.1,0.0,NONE
1779687466.691,98.6,90.6,31.9,1991.0,47.3,11.85,32.3,32.3,31.1,30.7,optimal,optimal,optimal,optimal,optimal,danger,↑ increasing,→ stable,→ stable,60.0,🟢 GOOD,False,NONE,4.4,0.0,NONE
1779687467.694,101.2,91.0,32.2,1977.0,47.4,11.87,32.2,32.3,30.6,31.2,optimal,optimal,optimal,optimal,optimal,danger,↑ increasing,↓ decreasing,→ stable,60.0,🟢 GOOD,False,NONE,4.0,0.0,NONE
1779687468.696,101.4,91.6,31.8,2014.0,48.6,11.94,32.1,32.3,31.1,30.6,optimal,optimal,optimal,optimal,optimal,danger,↑ increasing,↓ decreasing,→ stable,60.0,🟢 GOOD,False,NONE,4.6,0.0,NONE
1779687469.698,100.3,91.1,31.9,2027.0,47.7,11.9,32.0,32.0,30.6,31.3,optimal,optimal,optimal,optimal,optimal,danger,↑ increasing,↓ decreasing,→ stable,60.0,🟢 GOOD,False,NONE,4.4,0.0,NONE
1779687470.7,97.9,92.5,31.7,2000.0,47.9,11.95,32.0,31.9,31.0,31.3,optimal,optimal,optimal,optimal,optimal,danger,↑ increasing,→ stable,→ stable,60.0,🟢 GOOD,False,NONE,4.6,0.0,NONE
1779687471.7,98.9,91.6,31.9,2041.0,48.6,11.93,31.9,32.3,30.7,31.2,optimal,optimal,optimal,optimal,optimal,danger,↑ increasing,→ stable,→ stable,60.0,🟢 GOOD,False,NONE,4.4,0.0,NONE
1779687472.701,101.3,91.5,32.2,2031.0,48.6,11.91,31.8,32.4,31.3,31.2,optimal,optimal,optimal,optimal,optimal,danger,→ stable,→ stable,→ stable,60.0,🟢 GOOD,False,NONE,4.1,0.0,NONE
1779687473.703,97.6,92.7,32.1,1984.0,48.1,11.88,31.8,32.1,31.1,30.9,optimal,optimal,optimal,optimal,optimal,danger,↓ decreasing,→ stable,→ stable,60.0,🟢 GOOD,False,NONE,4.0,0.0,NONE
1779687474.704,100.0,93.4,31.9,1984.0,47.6,11.93,32.3,31.9,30.9,31.0,optimal,optimal,optimal,optimal,optimal,danger,↓ decreasing,↓ decreasing,→ stable,60.0,🟢 GOOD,False,NONE,4.4,0.0,NONE
1779687475.705,99.2,92.2,32.0,2017.0,48.8,11.91,32.3,31.8,31.3,31.2,optimal,optimal,optimal,optimal,optimal,danger,→ stable,→ stable,→ stable,60.0,🟢 GOOD,False,NONE,4.3,0.0,NONE
1779687476.707,102.5,90.7,32.1,2011.0,47.3,11.91,31.9,32.4,31.4,30.8,optimal,optimal,optimal,optimal,optimal,danger,→ stable,→ stable,→ stable,60.0,🟢 GOOD,False,NONE,4.2,0.0,NONE
1779687477.709,99.1,92.6,32.3,1995.0,47.5,11.87,32.2,31.8,31.0,31.3,optimal,optimal,optimal,optimal,optimal,danger,→ stable,→ stable,→ stable,60.0,🟢 GOOD,False,NONE,3.8,0.0,NONE
1779687478.709,101.8,90.9,32.0,2007.0,47.3,11.92,31.7,32.4,31.0,30.8,optimal,optimal,optimal,optimal,optimal,danger,↓ decreasing,→ stable,→ stable,60.0,🟢 GOOD,False,NONE,4.4,0.0,NONE
1779687479.71,97.7,92.0,32.1,2027.0,47.6,11.92,31.6,32.1,31.0,30.7,optimal,optimal,optimal,optimal,optimal,danger,↓ decreasing,→ stable,→ stable,60.0,🟢 GOOD,False,NONE,4.0,0.0,NONE
1779687480.712,100.2,90.5,32.4,1965.0,47.5,11.89,31.7,31.7,31.0,31.1,optimal,optimal,optimal,optimal,optimal,danger,→ stable,→ stable,→ stable,60.0,🟢 GOOD,False,NONE,3.7,0.0,NONE
1779687481.713,98.9,91.8,31.6,1995.0,47.3,11.9,32.1,31.9,31.3,30.7,optimal,optimal,optimal,optimal,optimal,danger,→ stable,→ stable,→ stable,60.0,🟢 GOOD,False,NONE,4.8,0.0,NONE
1779687482.713,98.3,93.3,31.7,1951.0,48.6,11.9,31.9,31.7,31.1,31.2,optimal,optimal,optimal,optimal,optimal,danger,→ stable,→ stable,→ stable,60.0,🟢 GOOD,False,NONE,4.6,0.0,NONE
1779687483.715,100.3,91.3,31.6,2037.0,47.7,11.89,31.6,31.8,30.8,31.2,optimal,optimal,optimal,optimal,optimal,danger,→ stable,→ stable,→ stable,60.0,🟢 GOOD,False,NONE,4.9,0.0,NONE
1779687484.716,102.0,92.2,32.2,1975.0,47.7,11.87,32.2,32.4,30.9,31.3,optimal,optimal,optimal,optimal,optimal,danger,→ stable,→ stable,→ stable,60.0,🟢 GOOD,False,NONE,4.1,0.0,NONE
1779687485.718,99.1,92.0,32.2,1995.0,47.1,11.88,32.0,31.7,31.1,30.9,optimal,optimal,optimal,optimal,optimal,danger,→ stable,→ stable,→ stable,60.0,🟢 GOOD,False,NONE,4.0,0.0,NONE
1779687486.72,102.0,91.0,32.3,2030.0,47.3,11.86,31.8,31.7,30.9,30.6,optimal,optimal,optimal,optimal,optimal,danger,→ stable,→ stable,→ stable,60.0,🟢 GOOD,False,NONE,3.9,0.0,NONE
1779687487.72,98.7,91.5,31.7,1955.0,48.2,11.89,31.9,31.7,30.9,31.1,optimal,optimal,optimal,optimal,optimal,danger,→ stable,→ stable,→ stable,60.0,🟢 GOOD,False,NONE,4.7,0.0,NONE
1779687488.722,100.3,92.8,32.3,2013.0,48.0,11.9,32.1,31.8,31.4,31.0,optimal,optimal,optimal,optimal,optimal,danger,→ stable,→ stable,→ stable,60.0,🟢 GOOD,False,NONE,3.9,0.0,NONE
1779687489.724,99.1,92.6,32.3,2025.0,47.3,11.92,32.4,31.9,30.9,31.1,optimal,optimal,optimal,optimal,optimal,danger,→ stable,→ stable,→ stable,60.0,🟢 GOOD,False,NONE,3.8,0.0,NONE
1779687490.725,97.5,90.9,31.7,1960.0,48.9,11.88,32.0,32.1,30.7,30.7,optimal,optimal,optimal,optimal,optimal,danger,→ stable,→ stable,→ stable,60.0,🟢 GOOD,False,NONE,4.6,0.0,NONE
1779687491.726,99.4,90.6,31.6,1975.0,48.2,11.93,31.8,32.2,30.6,30.8,optimal,optimal,optimal,optimal,optimal,danger,→ stable,→ stable,→ stable,60.0,🟢 GOOD,False,NONE,4.8,0.0,NONE
1779687492.727,102.0,91.6,32.3,1963.0,48.9,11.93,32.0,32.4,30.8,31.2,optimal,optimal,optimal,optimal,optimal,danger,↑ increasing,→ stable,→ stable,60.0,🟢 GOOD,False,NONE,3.9,0.0,NONE
1779687493.729,99.3,90.8,31.7,2044.0,48.2,11.9,31.6,31.9,31.1,30.9,optimal,optimal,optimal,optimal,optimal,danger,→ stable,→ stable,→ stable,60.0,🟢 GOOD,False,NONE,4.7,0.0,NONE
1779687494.73,99.3,93.1,32.1,2018.0,48.6,11.93,31.7,31.8,30.6,30.6,optimal,optimal,optimal,optimal,optimal,danger,→ stable,→ stable,→ stable,60.0,🟢 GOOD,False,NONE,4.1,0.0,NONE
1779687495.731,102.0,92.8,32.0,1991.0,49.0,11.94,31.8,31.8,31.1,30.6,optimal,optimal,optimal,optimal,optimal,danger,→ stable,→ stable,→ stable,60.0,🟢 GOOD,False,NONE,4.4,0.0,NONE
1779687496.733,99.2,92.9,32.3,2040.0,47.8,11.89,32.2,32.2,31.1,30.9,optimal,optimal,optimal,optimal,optimal,danger,→ stable,→ stable,→ stable,60.0,🟢 GOOD,False,NONE,3.8,0.0,NONE
1779687497.734,103.0,90.9,31.7,2016.0,47.1,11.91,32.0,32.0,31.2,30.9,optimal,optimal,optimal,optimal,optimal,danger,→ stable,→ stable,→ stable,60.0,🟢 GOOD,False,NONE,4.9,0.0,NONE
1779687498.735,101.2,91.8,31.7,1990.0,48.1,11.86,31.7,31.9,30.6,30.6,optimal,optimal,optimal,optimal,optimal,danger,→ stable,→ stable,→ stable,60.0,🟢 GOOD,False,NONE,4.8,0.0,NONE
1779687499.736,100.8,93.4,32.3,1990.0,48.8,11.95,32.1,31.8,30.7,31.4,optimal,optimal,optimal,optimal,optimal,danger,→ stable,→ stable,→ stable,60.0,🟢 GOOD,False,NONE,3.9,0.0,NONE
1779687500.738,99.4,92.0,32.3,1965.0,47.5,11.95,31.6,31.7,30.8,30.9,optimal,optimal,optimal,optimal,optimal,danger,↑ increasing,→ stable,→ stable,60.0,🟢 GOOD,False,NONE,3.8,0.0,NONE
1779687501.74,98.6,92.7,31.7,1994.0,48.8,11.9,31.7,31.8,30.9,31.4,optimal,optimal,optimal,optimal,optimal,danger,↑ increasing,→ stable,→ stable,60.0,🟢 GOOD,False,NONE,4.6,0.0,NONE
1779687502.741,102.1,92.1,32.4,1974.0,48.1,11.92,31.8,32.2,30.9,31.2,optimal,optimal,optimal,optimal,optimal,danger,→ stable,↑ increasing,→ stable,60.0,🟢 GOOD,False,NONE,3.8,0.0,NONE
1779687503.743,102.8,92.8,32.2,2020.0,47.4,11.91,31.8,32.4,31.4,31.0,optimal,optimal,optimal,optimal,optimal,danger,↑ increasing,↑ increasing,→ stable,60.0,🟢 GOOD,False,NONE,4.1,0.0,NONE
1779687504.743,102.0,92.2,32.4,1978.0,47.8,11.86,31.9,32.3,30.9,31.2,optimal,optimal,optimal,optimal,optimal,danger,↑ increasing,↑ increasing,→ stable,60.0,🟢 GOOD,False,NONE,3.8,0.0,NONE
1779687505.745,99.8,90.9,32.1,1979.0,48.7,11.93,31.7,31.6,31.3,31.0,optimal,optimal,optimal,optimal,optimal,danger,↑ increasing,→ stable,→ stable,60.0,🟢 GOOD,False,NONE,4.1,0.0,NONE
1779687506.745,102.7,92.5,32.3,1962.0,47.6,11.86,31.7,31.7,31.4,31.4,optimal,optimal,optimal,optimal,optimal,danger,↑ increasing,→ stable,→ stable,60.0,🟢 GOOD,False,NONE,4.0,0.0,NONE
1779687507.747,100.8,90.8,32.1,1967.0,48.7,11.92,32.0,32.3,31.3,31.1,optimal,optimal,optimal,optimal,optimal,danger,↑ increasing,→ stable,→ stable,60.0,🟢 GOOD,False,NONE,4.2,0.0,NONE
1779687508.747,99.1,92.0,32.1,2028.0,47.7,11.86,31.7,31.9,31.1,30.9,optimal,optimal,optimal,optimal,optimal,danger,↑ increasing,→ stable,→ stable,60.0,🟢 GOOD,False,NONE,4.1,0.0,NONE
1779687509.749,99.4,93.1,31.9,2048.0,48.7,11.91,32.0,31.8,31.1,31.0,optimal,optimal,optimal,optimal,optimal,danger,→ stable,→ stable,→ stable,60.0,🟢 GOOD,False,NONE,4.4,0.0,NONE
1779687510.75,102.9,91.7,32.1,1976.0,47.4,11.89,31.7,32.4,31.3,30.7,optimal,optimal,optimal,optimal,optimal,danger,→ stable,→ stable,→ stable,60.0,🟢 GOOD,False,NONE,4.3,0.0,NONE
1779687511.751,101.6,93.2,31.7,1991.0,47.0,11.93,31.8,31.9,30.6,31.3,optimal,optimal,optimal,optimal,optimal,danger,↑ increasing,→ stable,→ stable,60.0,🟢 GOOD,False,NONE,4.8,0.0,NONE
1779687512.752,97.8,92.2,31.8,2019.0,48.1,11.9,32.4,31.9,30.9,31.0,optimal,optimal,optimal,optimal,optimal,danger,→ stable,→ stable,→ stable,60.0,🟢 GOOD,False,NONE,4.5,0.0,NONE
1779687513.753,100.6,91.7,32.3,1993.0,48.5,11.91,31.9,32.2,31.0,30.7,optimal,optimal,optimal,optimal,optimal,danger,→ stable,→ stable,→ stable,60.0,🟢 GOOD,False,NONE,3.9,0.0,NONE
1779687514.755,102.1,91.2,32.1,1993.0,47.1,11.86,31.9,32.1,31.2,31.0,optimal,optimal,optimal,optimal,optimal,danger,→ stable,→ stable,→ stable,60.0,🟢 GOOD,False,NONE,4.2,0.0,NONE
1779687515.757,98.4,92.2,32.2,2041.0,47.8,11.92,31.8,31.8,31.2,30.7,optimal,optimal,optimal,optimal,optimal,danger,→ stable,→ stable,→ stable,60.0,🟢 GOOD,False,NONE,3.9,0.0,NONE
1779687516.758,100.7,91.9,31.8,2000.0,48.0,11.93,32.0,32.1,30.8,31.3,optimal,optimal,optimal,optimal,optimal,danger,↓ decreasing,→ stable,→ stable,60.0,🟢 GOOD,False,NONE,4.6,0.0,NONE
1779687517.76,100.7,91.4,31.8,2042.0,47.1,11.88,32.4,31.7,30.8,31.0,optimal,optimal,optimal,optimal,optimal,danger,↓ decreasing,→ stable,→ stable,60.0,🟢 GOOD,False,NONE,4.6,0.0,NONE
1779687518.761,97.5,90.8,32.1,2021.0,47.2,11.93,31.7,31.6,31.2,31.4,optimal,optimal,optimal,optimal,optimal,danger,↓ decreasing,→ stable,→ stable,60.0,🟢 GOOD,False,NONE,4.0,0.0,NONE
1779687519.762,99.9,92.2,32.0,2045.0,47.7,11.93,32.1,32.1,31.2,31.1,optimal,optimal,optimal,optimal,optimal,danger,→ stable,→ stable,→ stable,60.0,🟢 GOOD,False,NONE,4.3,0.0,NONE
1779687520.763,102.8,92.0,32.2,2002.0,47.9,11.94,32.1,32.3,30.8,31.0,optimal,optimal,optimal,optimal,optimal,danger,↓ decreasing,→ stable,→ stable,60.0,🟢 GOOD,False,NONE,4.1,0.0,NONE
1779687521.764,97.4,91.6,31.9,1963.0,47.5,11.91,31.8,31.7,30.6,31.4,optimal,optimal,optimal,optimal,optimal,danger,↓ decreasing,→ stable,→ stable,60.0,🟢 GOOD,False,NONE,4.3,0.0,NONE
1779687522.766,99.1,91.1,32.0,2042.0,47.8,11.93,32.3,31.9,30.9,31.1,optimal,optimal,optimal,optimal,optimal,danger,↓ decreasing,↓ decreasing,→ stable,60.0,🟢 GOOD,False,NONE,4.2,0.0,NONE
1779687523.766,98.5,93.3,31.9,2005.0,47.8,11.88,31.8,32.3,31.1,30.8,optimal,optimal,optimal,optimal,optimal,danger,↓ decreasing,→ stable,→ stable,60.0,🟢 GOOD,False,NONE,4.4,0.0,NONE
1779687524.768,98.8,90.7,31.8,2001.0,47.7,11.9,32.1,31.6,31.1,31.1,optimal,optimal,optimal,optimal,optimal,danger,↓ decreasing,→ stable,→ stable,60.0,🟢 GOOD,False,NONE,4.5,0.0,NONE
1779687525.77,97.1,92.2,32.0,2046.0,48.6,11.86,32.3,32.4,31.4,31.1,optimal,optimal,optimal,optimal,optimal,danger,↓ decreasing,→ stable,→ stable,60.0,🟢 GOOD,False,NONE,4.2,0.0,NONE
1779687526.771,101.7,93.0,32.1,1967.0,48.0,11.88,32.3,31.8,31.2,30.7,optimal,optimal,optimal,optimal,optimal,danger,↓ decreasing,→ stable,→ stable,60.0,🟢 GOOD,False,NONE,4.2,0.0,NONE
1779687527.772,97.4,92.0,32.0,2027.0,47.4,11.86,31.8,32.1,30.8,30.9,optimal,optimal,optimal,optimal,optimal,danger,↓ decreasing,→ stable,→ stable,60.0,🟢 GOOD,False,NONE,4.2,0.0,NONE
1779687528.773,98.2,92.5,32.3,2030.0,48.5,11.91,31.9,31.6,31.1,31.0,optimal,optimal,optimal,optimal,optimal,danger,↓ decreasing,→ stable,→ stable,60.0,🟢 GOOD,False,NONE,3.8,0.0,NONE
1779687529.775,99.6,91.3,31.9,2008.0,47.4,11.87,32.3,32.0,30.8,31.2,optimal,optimal,optimal,optimal,optimal,danger,↓ decreasing,→ stable,→ stable,60.0,🟢 GOOD,False,NONE,4.4,0.0,NONE
1779687530.776,100.5,92.4,32.2,1972.0,47.2,11.9,32.2,32.3,31.0,31.0,optimal,optimal,optimal,optimal,optimal,danger,↓ decreasing,→ stable,→ stable,60.0,🟢 GOOD,False,NONE,4.0,0.0,NONE
1779687531.778,102.9,91.5,32.2,1995.0,47.9,11.9,32.3,31.8,30.7,30.9,optimal,optimal,optimal,optimal,optimal,danger,→ stable,→ stable,→ stable,60.0,🟢 GOOD,False,NONE,4.1,0.0,NONE
1779687532.779,97.4,90.9,31.9,1976.0,47.5,11.88,32.2,32.3,31.4,30.8,optimal,optimal,optimal,optimal,optimal,danger,↓ decreasing,→ stable,→ stable,60.0,🟢 GOOD,False,NONE,4.3,0.0,NONE
1779687533.781,102.6,92.8,31.8,2006.0,49.0,11.95,32.2,32.0,31.1,30.9,optimal,optimal,optimal,optimal,optimal,danger,→ stable,→ stable,→ stable,60.0,🟢 GOOD,False,NONE,4.7,0.0,NONE
1779687534.783,100.8,91.4,31.8,1988.0,48.0,11.95,31.6,32.0,31.0,31.0,optimal,optimal,optimal,optimal,optimal,danger,→ stable,→ stable,→ stable,60.0,🟢 GOOD,False,NONE,4.6,0.0,NONE
1779687535.783,101.5,93.1,32.4,2011.0,48.0,11.93,31.9,32.2,30.8,30.9,optimal,optimal,optimal,optimal,optimal,danger,↑ increasing,→ stable,→ stable,60.0,🟢 GOOD,False,NONE,3.8,0.0,NONE
1779687536.784,102.2,92.8,31.8,1990.0,47.1,11.93,32.0,32.0,31.3,31.4,optimal,optimal,optimal,optimal,optimal,danger,↑ increasing,→ stable,→ stable,60.0,🟢 GOOD,False,NONE,4.7,0.0,NONE
1779687537.785,102.8,93.5,32.0,1964.0,47.5,11.93,32.1,32.1,31.2,30.9,optimal,optimal,optimal,optimal,optimal,danger,↑ increasing,→ stable,→ stable,60.0,🟢 GOOD,False,NONE,4.4,0.0,NONE
1779687538.786,98.4,92.5,32.2,1954.0,47.4,11.88,32.0,31.8,30.7,30.7,optimal,optimal,optimal,optimal,optimal,danger,↑ increasing,→ stable,→ stable,60.0,🟢 GOOD,False,NONE,3.9,0.0,NONE
1779687539.788,98.9,92.8,32.1,1960.0,49.0,11.95,31.7,32.0,31.0,31.4,optimal,optimal,optimal,optimal,optimal,danger,↑ increasing,→ stable,→ stable,60.0,🟢 GOOD,False,NONE,4.1,0.0,NONE
1779687540.789,99.7,92.4,31.6,1996.0,47.5,11.94,32.0,32.2,31.4,31.4,optimal,optimal,optimal,optimal,optimal,danger,↑ increasing,→ stable,→ stable,60.0,🟢 GOOD,False,NONE,4.8,0.0,NONE
1779687541.791,99.0,91.4,32.4,2012.0,48.1,11.93,32.0,31.6,31.4,31.2,optimal,optimal,optimal,optimal,optimal,danger,↑ increasing,→ stable,→ stable,60.0,🟢 GOOD,False,NONE,3.7,0.0,NONE
1779687542.793,98.4,93.0,32.4,2038.0,47.6,11.91,32.4,31.6,31.1,31.3,optimal,optimal,optimal,optimal,optimal,danger,↑ increasing,↑ increasing,→ stable,60.0,🟢 GOOD,False,NONE,3.7,0.0,NONE
1779687543.794,101.4,93.4,32.0,1951.0,49.0,11.89,32.3,32.2,31.3,31.2,optimal,optimal,optimal,optimal,optimal,danger,↑ increasing,↑ increasing,→ stable,60.0,🟢 GOOD,False,NONE,4.3,0.0,NONE
1779687544.795,97.5,91.1,32.2,2027.0,47.3,11.86,31.8,32.3,30.7,31.1,optimal,optimal,optimal,optimal,optimal,danger,→ stable,↑ increasing,→ stable,60.0,🟢 GOOD,False,NONE,3.9,0.0,NONE
1779687545.797,97.3,92.8,32.0,1989.0,48.9,11.92,31.6,32.1,30.7,31.3,optimal,optimal,optimal,optimal,optimal,danger,↓ decreasing,→ stable,→ stable,60.0,🟢 GOOD,False,NONE,4.2,0.0,NONE
1779687546.799,100.7,92.7,32.1,1985.0,48.4,11.89,31.9,31.6,31.0,30.8,optimal,optimal,optimal,optimal,optimal,danger,↓ decreasing,→ stable,→ stable,60.0,🟢 GOOD,False,NONE,4.2,0.0,NONE
1779687547.799,98.7,93.4,32.0,1972.0,48.9,11.9,32.3,32.3,31.3,31.3,optimal,optimal,optimal,optimal,optimal,danger,↓ decreasing,→ stable,→ stable,60.0,🟢 GOOD,False,NONE,4.2,0.0,NONE
1779687548.801,98.6,93.2,31.7,2001.0,48.8,11.93,31.8,32.0,31.1,30.8,optimal,optimal,optimal,optimal,optimal,danger,↓ decreasing,→ stable,→ stable,60.0,🟢 GOOD,False,NONE,4.6,0.0,NONE
1779687549.801,102.5,90.9,32.0,2039.0,47.9,11.95,32.0,32.0,31.2,31.4,optimal,optimal,optimal,optimal,optimal,danger,↓ decreasing,→ stable,→ stable,60.0,🟢 GOOD,False,NONE,4.4,0.0,NONE
1779687550.803,99.2,92.1,32.0,2017.0,47.0,11.9,31.8,31.8,31.0,31.2,optimal,optimal,optimal,optimal,optimal,danger,↓ decreasing,→ stable,→ stable,60.0,🟢 GOOD,False,NONE,4.3,0.0,NONE
1779687551.805,99.3,91.8,31.9,1991.0,47.6,11.9,32.2,32.2,31.4,30.7,optimal,optimal,optimal,optimal,optimal,danger,↓ decreasing,→ stable,→ stable,60.0,🟢 GOOD,False,NONE,4.4,0.0,NONE
1779687552.807,100.5,91.0,32.0,2013.0,47.2,11.85,32.0,31.9,30.9,31.0,optimal,optimal,optimal,optimal,optimal,danger,↓ decreasing,→ stable,→ stable,60.0,🟢 GOOD,False,NONE,4.3,0.0,NONE
1779687553.808,101.7,92.4,32.3,2033.0,47.6,11.85,32.2,32.1,31.3,31.4,optimal,optimal,optimal,optimal,optimal,danger,↓ decreasing,→ stable,→ stable,60.0,🟢 GOOD,False,NONE,3.9,0.0,NONE
1779687554.81,98.5,92.8,31.7,2029.0,48.1,11.89,32.2,32.0,31.2,30.9,optimal,optimal,optimal,optimal,optimal,danger,→ stable,→ stable,→ stable,60.0,🟢 GOOD,False,NONE,4.6,0.0,NONE
1779687555.811,100.8,92.7,31.7,2000.0,47.2,11.93,32.1,31.6,31.1,31.0,optimal,optimal,optimal,optimal,optimal,danger,→ stable,→ stable,→ stable,60.0,🟢 GOOD,False,NONE,4.8,0.0,NONE
1779687556.812,100.1,92.3,32.1,1977.0,48.2,11.91,32.3,31.6,30.9,31.3,optimal,optimal,optimal,optimal,optimal,danger,↑ increasing,→ stable,→ stable,60.0,🟢 GOOD,False,NONE,4.1,0.0,NONE
1779687557.813,99.3,93.0,32.3,1990.0,47.8,11.93,32.2,31.8,30.8,31.3,optimal,optimal,optimal,optimal,optimal,danger,↑ increasing,→ stable,→ stable,60.0,🟢 GOOD,False,NONE,3.8,0.0,NONE
1779687558.814,97.2,90.9,32.2,2049.0,47.5,11.9,32.3,31.7,30.8,31.3,optimal,optimal,optimal,optimal,optimal,danger,↑ increasing,↓ decreasing,→ stable,60.0,🟢 GOOD,False,NONE,3.9,0.0,NONE
1779687559.815,100.8,91.1,32.3,1968.0,48.0,11.95,31.8,31.9,31.0,30.7,optimal,optimal,optimal,optimal,optimal,danger,→ stable,→ stable,→ stable,60.0,🟢 GOOD,False,NONE,3.9,0.0,NONE
1779687560.816,101.0,91.0,32.2,2029.0,47.8,11.93,32.2,32.2,30.7,31.1,optimal,optimal,optimal,optimal,optimal,danger,↑ increasing,→ stable,→ stable,60.0,🟢 GOOD,False,NONE,4.0,0.0,NONE
1779687561.818,99.5,91.0,31.8,1970.0,48.5,11.93,31.8,32.3,31.4,31.1,optimal,optimal,optimal,optimal,optimal,danger,↑ increasing,↓ decreasing,→ stable,60.0,🟢 GOOD,False,NONE,4.5,0.0,NONE
1779687562.82,102.0,93.4,31.7,2013.0,47.2,11.91,31.8,31.9,31.2,31.4,optimal,optimal,optimal,optimal,optimal,danger,↑ increasing,→ stable,→ stable,60.0,🟢 GOOD,False,NONE,4.8,0.0,NONE
1779687563.82,100.9,93.1,31.9,2026.0,48.2,11.91,32.4,32.0,31.4,31.3,optimal,optimal,optimal,optimal,optimal,danger,→ stable,→ stable,→ stable,60.0,🟢 GOOD,False,NONE,4.5,0.0,NONE
1779687564.821,102.9,92.7,32.4,1957.0,48.0,11.89,32.3,32.4,31.3,30.9,optimal,optimal,optimal,optimal,optimal,danger,↑ increasing,→ stable,→ stable,60.0,🟢 GOOD,False,NONE,3.8,0.0,NONE
1779687565.823,101.6,90.9,31.7,2048.0,48.9,11.88,32.0,31.6,31.1,31.1,optimal,optimal,optimal,optimal,optimal,danger,→ stable,→ stable,→ stable,60.0,🟢 GOOD,False,NONE,4.8,0.0,NONE
1779687566.825,99.0,92.0,31.8,2012.0,48.3,11.93,31.8,31.8,30.8,30.7,optimal,optimal,optimal,optimal,optimal,danger,→ stable,→ stable,→ stable,60.0,🟢 GOOD,False,NONE,4.5,0.0,NONE
1779687567.825,100.6,90.6,32.4,1976.0,48.6,11.9,32.4,31.7,31.4,31.3,optimal,optimal,optimal,optimal,optimal,danger,→ stable,↓ decreasing,→ stable,60.0,🟢 GOOD,False,NONE,3.7,0.0,NONE
1779687568.827,100.2,92.4,31.9,2036.0,47.5,11.87,32.0,31.6,30.6,30.9,optimal,optimal,optimal,optimal,optimal,danger,↑ increasing,→ stable,→ stable,60.0,🟢 GOOD,False,NONE,4.4,0.0,NONE
1779687569.828,98.6,91.7,32.1,1966.0,48.7,11.87,32.1,32.4,31.3,30.7,optimal,optimal,optimal,optimal,optimal,danger,↑ increasing,→ stable,→ stable,60.0,🟢 GOOD,False,NONE,4.1,0.0,NONE
1779687570.829,98.9,90.6,32.1,1951.0,48.6,11.95,31.6,32.2,31.1,30.8,optimal,optimal,optimal,optimal,optimal,danger,→ stable,→ stable,→ stable,60.0,🟢 GOOD,False,NONE,4.1,0.0,NONE
1779687571.83,100.7,91.1,32.4,2033.0,47.5,11.86,32.0,31.9,30.8,30.7,optimal,optimal,optimal,optimal,optimal,danger,↑ increasing,→ stable,→ stable,60.0,🟢 GOOD,False,NONE,3.7,0.0,NONE
1779687572.832,98.4,92.9,32.2,1983.0,48.6,11.94,31.6,31.9,30.8,30.7,optimal,optimal,optimal,optimal,optimal,danger,→ stable,→ stable,→ stable,60.0,🟢 GOOD,False,NONE,3.9,0.0,NONE
1779687573.833,102.5,93.3,32.2,2014.0,47.6,11.92,32.1,32.0,30.8,30.8,optimal,optimal,optimal,optimal,optimal,danger,→ stable,→ stable,→ stable,60.0,🟢 GOOD,False,NONE,4.1,0.0,NONE
1779687574.835,97.6,90.7,31.8,1961.0,47.2,11.88,31.6,31.9,31.2,31.3,optimal,optimal,optimal,optimal,optimal,danger,↓ decreasing,→ stable,→ stable,60.0,🟢 GOOD,False,NONE,4.5,0.0,NONE
1779687575.837,102.9,92.8,31.8,1991.0,47.2,11.94,31.9,31.8,30.9,31.0,optimal,optimal,optimal,optimal,optimal,danger,↓ decreasing,→ stable,→ stable,60.0,🟢 GOOD,False,NONE,4.7,0.0,NONE
1779687576.839,100.8,90.7,31.8,1961.0,48.0,11.93,32.3,32.2,30.9,31.1,optimal,optimal,optimal,optimal,optimal,danger,→ stable,→ stable,→ stable,60.0,🟢 GOOD,False,NONE,4.6,0.0,NONE
1779687577.841,97.5,92.8,31.6,1973.0,47.1,11.9,32.1,31.8,31.0,30.8,optimal,optimal,optimal,optimal,optimal,danger,↓ decreasing,→ stable,→ stable,60.0,🟢 GOOD,False,NONE,4.7,0.0,NONE
1779687578.842,101.0,92.4,32.0,1951.0,47.1,11.87,32.2,31.9,31.0,31.2,optimal,optimal,optimal,optimal,optimal,danger,↓ decreasing,→ stable,→ stable,60.0,🟢 GOOD,False,NONE,4.3,0.0,NONE
1779687579.843,100.9,92.0,32.2,1998.0,47.6,11.9,31.7,31.6,31.2,31.1,optimal,optimal,optimal,optimal,optimal,danger,↓ decreasing,→ stable,→ stable,60.0,🟢 GOOD,False,NONE,4.0,0.0,NONE
1779687580.845,99.6,91.8,32.4,2039.0,47.3,11.94,32.3,31.6,31.4,30.8,optimal,optimal,optimal,optimal,optimal,danger,→ stable,→ stable,→ stable,60.0,🟢 GOOD,False,NONE,3.7,0.0,NONE
1779687581.845,100.8,90.8,32.1,2008.0,48.0,11.85,32.3,31.7,30.8,31.1,optimal,optimal,optimal,optimal,optimal,danger,→ stable,→ stable,→ stable,60.0,🟢 GOOD,False,NONE,4.2,0.0,NONE
1779687582.846,100.0,92.9,32.3,2020.0,48.8,11.95,32.3,32.1,31.2,30.8,optimal,optimal,optimal,optimal,optimal,danger,→ stable,→ stable,→ stable,60.0,🟢 GOOD,False,NONE,3.9,0.0,NONE
1779687583.847,97.6,92.5,32.0,2010.0,47.4,11.92,31.7,32.4,31.3,31.2,optimal,optimal,optimal,optimal,optimal,danger,→ stable,→ stable,→ stable,60.0,🟢 GOOD,False,NONE,4.2,0.0,NONE
1779687584.849,101.4,91.6,31.6,1986.0,47.4,11.88,31.8,32.3,31.2,30.6,optimal,optimal,optimal,optimal,optimal,danger,→ stable,→ stable,→ stable,60.0,🟢 GOOD,False,NONE,4.9,0.0,NONE
1779687585.85,100.4,92.5,32.3,2050.0,48.4,11.89,32.0,31.9,31.1,30.8,optimal,optimal,optimal,optimal,optimal,danger,→ stable,→ stable,→ stable,60.0,🟢 GOOD,False,NONE,3.9,0.0,NONE
1779687586.852,102.4,91.0,32.2,2024.0,47.2,11.86,31.9,31.8,31.4,31.3,optimal,optimal,optimal,optimal,optimal,danger,→ stable,→ stable,→ stable,60.0,🟢 GOOD,False,NONE,4.1,0.0,NONE
1779687587.853,102.9,93.3,32.3,1967.0,47.9,11.9,32.0,31.6,30.8,31.2,optimal,optimal,optimal,optimal,optimal,danger,↑ increasing,→ stable,→ stable,60.0,🟢 GOOD,False,NONE,4.0,0.0,NONE
1779687588.855,99.0,93.2,32.1,1978.0,48.4,11.88,31.7,31.8,31.2,31.3,optimal,optimal,optimal,optimal,optimal,danger,↑ increasing,→ stable,→ stable,60.0,🟢 GOOD,False,NONE,4.1,0.0,NONE
1779687589.857,102.4,92.9,31.7,2039.0,48.5,11.85,31.9,32.0,30.6,31.2,optimal,optimal,optimal,optimal,optimal,danger,↑ increasing,→ stable,→ stable,60.0,🟢 GOOD,False,NONE,4.8,0.0,NONE
1779687590.859,100.3,91.6,32.0,1975.0,47.6,11.9,31.8,32.0,30.9,31.3,optimal,optimal,optimal,optimal,optimal,danger,↑ increasing,→ stable,→ stable,60.0,🟢 GOOD,False,NONE,4.3,0.0,NONE
1779687591.861,99.1,91.8,32.0,1965.0,47.0,11.95,32.0,32.3,31.0,30.9,optimal,optimal,optimal,optimal,optimal,danger,→ stable,→ stable,→ stable,60.0,🟢 GOOD,False,NONE,4.2,0.0,NONE
1779687592.861,97.6,92.8,32.4,1973.0,47.9,11.87,32.0,32.2,30.8,30.9,optimal,optimal,optimal,optimal,optimal,danger,→ stable,→ stable,→ stable,60.0,🟢 GOOD,False,NONE,3.6,0.0,NONE
1779687593.863,101.6,91.7,31.8,2004.0,47.7,11.95,32.3,32.1,31.1,30.9,optimal,optimal,optimal,optimal,optimal,danger,↑ increasing,→ stable,→ stable,60.0,🟢 GOOD,False,NONE,4.6,0.0,NONE
1779687594.864,98.0,93.1,32.3,2023.0,48.3,11.92,31.9,31.6,30.8,30.9,optimal,optimal,optimal,optimal,optimal,danger,→ stable,→ stable,→ stable,60.0,🟢 GOOD,False,NONE,3.8,0.0,NONE
1779687595.865,99.8,92.4,32.1,2005.0,48.8,11.9,32.0,31.9,31.0,31.2,optimal,optimal,optimal,optimal,optimal,danger,→ stable,→ stable,→ stable,60.0,🟢 GOOD,False,NONE,4.1,0.0,NONE
1779687596.866,102.6,91.5,32.2,1981.0,48.2,11.92,32.1,32.4,30.7,30.9,optimal,optimal,optimal,optimal,optimal,danger,→ stable,→ stable,→ stable,60.0,🟢 GOOD,False,NONE,4.1,0.0,NONE
1779687597.868,100.5,91.2,31.8,2049.0,48.5,11.86,32.4,32.3,31.2,30.8,optimal,optimal,optimal,optimal,optimal,danger,↓ decreasing,→ stable,→ stable,60.0,🟢 GOOD,False,NONE,4.6,0.0,NONE
1779687598.87,100.7,91.7,31.8,2042.0,47.6,11.95,32.2,32.0,31.2,30.9,optimal,optimal,optimal,optimal,optimal,danger,→ stable,→ stable,→ stable,60.0,🟢 GOOD,False,NONE,4.6,0.0,NONE
1779687599.872,99.3,90.6,32.2,2032.0,47.3,11.95,32.4,31.9,31.3,31.0,optimal,optimal,optimal,optimal,optimal,danger,↓ decreasing,→ stable,→ stable,60.0,🟢 GOOD,False,NONE,4.0,0.0,NONE
1779687600.874,99.8,90.5,31.7,1956.0,48.0,11.95,31.9,32.0,30.9,30.9,optimal,optimal,optimal,optimal,optimal,danger,↓ decreasing,→ stable,→ stable,60.0,🟢 GOOD,False,NONE,4.7,0.0,NONE
1779687601.876,101.8,91.4,32.1,2044.0,48.3,11.86,32.3,32.3,30.8,31.1,optimal,optimal,optimal,optimal,optimal,danger,→ stable,↓ decreasing,→ stable,60.0,🟢 GOOD,False,NONE,4.2,0.0,NONE
1779687602.878,102.4,92.9,31.8,1962.0,48.4,11.9,32.2,31.7,30.7,31.4,optimal,optimal,optimal,optimal,optimal,danger,→ stable,↓ decreasing,→ stable,60.0,🟢 GOOD,False,NONE,4.7,0.0,NONE
1779687603.879,101.9,91.0,32.2,2000.0,48.4,11.89,32.2,31.8,30.7,31.0,optimal,optimal,optimal,optimal,optimal,danger,→ stable,↓ decreasing,→ stable,60.0,🟢 GOOD,False,NONE,4.1,0.0,NONE
1779687604.88,100.7,92.9,31.8,2000.0,47.7,11.89,31.9,31.8,31.1,30.7,optimal,optimal,optimal,optimal,optimal,danger,↑ increasing,↓ decreasing,→ stable,60.0,🟢 GOOD,False,NONE,4.6,0.0,NONE
1779687605.881,100.7,92.0,31.8,1985.0,47.9,11.89,32.0,32.3,30.8,30.7,optimal,optimal,optimal,optimal,optimal,danger,↑ increasing,↓ decreasing,→ stable,60.0,🟢 GOOD,False,NONE,4.6,0.0,NONE
1779687606.883,97.0,92.2,32.1,1976.0,47.5,11.91,31.8,32.1,31.0,31.2,optimal,optimal,optimal,optimal,optimal,danger,→ stable,↓ decreasing,→ stable,60.0,🟢 GOOD,False,NONE,4.0,0.0,NONE
1779687607.884,101.0,91.9,31.6,2003.0,47.5,11.95,31.9,32.3,30.7,31.1,optimal,optimal,optimal,optimal,optimal,danger,→ stable,↓ decreasing,→ stable,60.0,🟢 GOOD,False,NONE,4.9,0.0,NONE
1779687608.885,99.7,92.4,31.8,2028.0,47.2,11.85,31.6,31.6,31.1,31.0,optimal,optimal,optimal,optimal,optimal,danger,→ stable,→ stable,→ stable,60.0,🟢 GOOD,False,NONE,4.6,0.0,NONE
1779687609.887,99.7,91.2,32.2,2024.0,47.1,11.86,32.2,32.3,31.0,31.0,optimal,optimal,optimal,optimal,optimal,danger,↑ increasing,→ stable,→ stable,60.0,🟢 GOOD,False,NONE,4.0,0.0,NONE
1779687610.888,97.8,91.4,32.2,2020.0,47.8,11.93,32.2,31.8,31.1,31.4,optimal,optimal,optimal,optimal,optimal,danger,→ stable,→ stable,→ stable,60.0,🟢 GOOD,False,NONE,3.9,0.0,NONE
1779687611.889,101.5,92.1,31.7,1989.0,48.4,11.89,31.8,31.9,30.9,30.9,optimal,optimal,optimal,optimal,optimal,danger,→ stable,→ stable,→ stable,60.0,🟢 GOOD,False,NONE,4.8,0.0,NONE
1779687612.89,101.5,92.9,32.1,1984.0,47.1,11.91,32.1,31.6,30.7,31.0,optimal,optimal,optimal,optimal,optimal,danger,→ stable,→ stable,→ stable,60.0,🟢 GOOD,False,NONE,4.2,0.0,NONE
1779687613.892,100.1,93.1,31.7,1964.0,47.7,11.88,31.7,32.3,30.8,30.8,optimal,optimal,optimal,optimal,optimal,danger,↓ decreasing,↑ increasing,→ stable,60.0,🟢 GOOD,False,NONE,4.7,0.0,NONE
1779687614.892,99.7,90.9,32.1,2000.0,48.0,11.91,31.9,32.2,31.2,31.2,optimal,optimal,optimal,optimal,optimal,danger,↓ decreasing,→ stable,→ stable,60.0,🟢 GOOD,False,NONE,4.1,0.0,NONE
1779687615.893,99.0,92.2,32.3,1998.0,47.6,11.86,31.8,32.2,31.2,31.3,optimal,optimal,optimal,optimal,optimal,danger,↓ decreasing,→ stable,→ stable,60.0,🟢 GOOD,False,NONE,3.8,0.0,NONE
1779687616.894,102.2,92.4,32.1,2037.0,48.5,11.92,32.2,32.2,30.8,30.9,optimal,optimal,optimal,optimal,optimal,danger,→ stable,→ stable,→ stable,60.0,🟢 GOOD,False,NONE,4.2,0.0,NONE
1779687617.896,98.8,90.9,31.7,1999.0,48.2,11.88,31.9,31.9,30.7,31.1,optimal,optimal,optimal,optimal,optimal,danger,↓ decreasing,→ stable,→ stable,60.0,🟢 GOOD,False,NONE,4.7,0.0,NONE
1779687618.898,103.0,91.2,32.1,2000.0,47.5,11.93,32.3,32.3,30.6,31.0,optimal,optimal,optimal,optimal,optimal,danger,→ stable,→ stable,→ stable,60.0,🟢 GOOD,False,NONE,4.3,0.0,NONE
1779687619.899,101.6,91.8,32.1,1988.0,49.0,11.92,31.9,32.1,31.0,30.9,optimal,optimal,optimal,optimal,optimal,danger,→ stable,→ stable,→ stable,60.0,🟢 GOOD,False,NONE,4.2,0.0,NONE
1779687620.901,99.0,91.9,32.0,2009.0,47.6,11.92,31.7,32.0,31.3,30.7,optimal,optimal,optimal,optimal,optimal,danger,→ stable,→ stable,→ stable,60.0,🟢 GOOD,False,NONE,4.2,0.0,NONE
1779687621.902,97.2,92.6,32.0,1953.0,48.8,11.9,32.4,32.2,31.2,30.8,optimal,optimal,optimal,optimal,optimal,danger,→ stable,→ stable,→ stable,60.0,🟢 GOOD,False,NONE,4.2,0.0,NONE
1779687622.904,102.0,92.6,31.8,2049.0,48.9,11.86,32.1,32.4,30.9,31.4,optimal,optimal,optimal,optimal,optimal,danger,→ stable,→ stable,→ stable,60.0,🟢 GOOD,False,NONE,4.7,0.0,NONE
1779687623.905,97.0,90.7,32.0,1955.0,48.6,11.88,32.3,31.8,30.7,31.4,optimal,optimal,optimal,optimal,optimal,danger,→ stable,→ stable,→ stable,60.0,🟢 GOOD,False,NONE,4.2,0.0,NONE
1779687624.906,98.9,92.2,32.1,1971.0,48.7,11.88,32.1,31.6,30.8,31.1,optimal,optimal,optimal,optimal,optimal,danger,→ stable,→ stable,→ stable,60.0,🟢 GOOD,False,NONE,4.1,0.0,NONE
1779687625.907,100.7,92.5,32.1,2040.0,47.1,11.87,31.8,31.8,31.3,31.1,optimal,optimal,optimal,optimal,optimal,danger,→ stable,→ stable,→ stable,60.0,🟢 GOOD,False,NONE,4.2,0.0,NONE
1779687626.908,99.6,91.5,32.0,2038.0,47.3,11.91,31.9,31.7,31.1,31.3,optimal,optimal,optimal,optimal,optimal,danger,→ stable,→ stable,→ stable,60.0,🟢 GOOD,False,NONE,4.3,0.0,NONE
1779687627.91,102.4,93.5,32.1,1959.0,48.1,11.85,32.2,31.7,30.7,30.9,optimal,optimal,optimal,optimal,optimal,danger,→ stable,→ stable,→ stable,60.0,🟢 GOOD,False,NONE,4.2,0.0,NONE
1779687628.911,98.6,93.1,32.1,2023.0,48.4,11.95,32.4,32.0,30.6,31.1,optimal,optimal,optimal,optimal,optimal,danger,↓ decreasing,→ stable,→ stable,60.0,🟢 GOOD,False,NONE,4.1,0.0,NONE
1779687629.913,98.7,93.5,32.3,2034.0,47.1,11.88,32.0,32.0,31.0,31.1,optimal,optimal,optimal,optimal,optimal,danger,↓ decreasing,↑ increasing,→ stable,60.0,🟢 GOOD,False,NONE,3.8,0.0,NONE
1779687630.914,100.5,92.3,32.4,2007.0,48.2,11.89,31.7,32.1,31.2,31.0,optimal,optimal,optimal,optimal,optimal,danger,↓ decreasing,↑ increasing,→ stable,60.0,🟢 GOOD,False,NONE,3.7,0.0,NONE
1779687631.916,97.8,92.3,31.7,2001.0,48.0,11.89,32.3,32.2,31.2,30.8,optimal,optimal,optimal,optimal,optimal,danger,↓ decreasing,→ stable,→ stable,60.0,🟢 GOOD,False,NONE,4.6,0.0,NONE
1779687632.918,98.0,91.5,32.1,1966.0,47.6,11.85,31.8,31.8,31.0,30.6,optimal,optimal,optimal,optimal,optimal,danger,↓ decreasing,→ stable,→ stable,60.0,🟢 GOOD,False,NONE,4.1,0.0,NONE
1779687633.92,98.2,91.1,32.1,2004.0,48.7,11.87,31.6,32.1,31.2,30.6,optimal,optimal,optimal,optimal,optimal,danger,↓ decreasing,↑ increasing,→ stable,60.0,🟢 GOOD,False,NONE,4.1,0.0,NONE
1779687634.92,103.0,93.1,31.8,1980.0,47.7,11.86,31.7,31.8,30.7,31.3,optimal,optimal,optimal,optimal,optimal,danger,→ stable,↑ increasing,→ stable,60.0,🟢 GOOD,False,NONE,4.7,0.0,NONE
1779687635.921,102.6,92.4,32.1,2026.0,47.6,11.88,31.7,32.3,31.2,30.9,optimal,optimal,optimal,optimal,optimal,danger,→ stable,↑ increasing,→ stable,60.0,🟢 GOOD,False,NONE,4.3,0.0,NONE
1779687636.922,101.4,91.2,31.7,1968.0,48.4,11.9,31.9,31.7,31.3,31.1,optimal,optimal,optimal,optimal,optimal,danger,→ stable,↑ increasing,→ stable,60.0,🟢 GOOD,False,NONE,4.8,0.0,NONE
1779687637.923,97.9,91.2,32.3,2048.0,47.9,11.93,31.8,31.7,30.6,30.7,optimal,optimal,optimal,optimal,optimal,danger,→ stable,→ stable,→ stable,60.0,🟢 GOOD,False,NONE,3.8,0.0,NONE
1779687638.924,100.7,92.8,32.2,1999.0,47.1,11.91,32.1,32.4,31.2,30.8,optimal,optimal,optimal,optimal,optimal,danger,→ stable,→ stable,→ stable,60.0,🟢 GOOD,False,NONE,4.0,0.0,NONE
1779687639.925,100.6,90.8,31.7,2023.0,47.2,11.85,32.1,32.3,30.7,30.8,optimal,optimal,optimal,optimal,optimal,danger,↑ increasing,↓ decreasing,→ stable,60.0,🟢 GOOD,False,NONE,4.7,0.0,NONE
1779687640.926,102.8,92.7,32.1,2034.0,48.0,11.87,32.3,32.3,31.0,31.4,optimal,optimal,optimal,optimal,optimal,danger,↑ increasing,↓ decreasing,→ stable,60.0,🟢 GOOD,False,NONE,4.3,0.0,NONE
1779687641.927,102.8,91.5,31.7,2002.0,48.3,11.87,31.6,32.2,31.0,30.8,optimal,optimal,optimal,optimal,optimal,danger,↑ increasing,↓ decreasing,→ stable,60.0,🟢 GOOD,False,NONE,4.8,0.0,NONE
1779687642.929,101.1,93.3,32.1,1963.0,47.1,11.93,32.4,32.2,31.2,31.3,optimal,optimal,optimal,optimal,optimal,danger,↑ increasing,→ stable,→ stable,60.0,🟢 GOOD,False,NONE,4.2,0.0,NONE
1779687643.931,97.4,90.8,31.6,4668.0,47.6,11.89,32.2,32.2,30.9,31.4,optimal,optimal,optimal,warning,optimal,danger,↑ increasing,→ stable,→ stable,60.0,🟢 GOOD,False,NONE,4.7,0.0,NONE
1779687644.932,99.6,92.3,32.0,4667.0,48.3,11.92,32.1,32.1,30.9,31.0,optimal,optimal,optimal,warning,optimal,danger,↑ increasing,↓ decreasing,→ stable,60.0,🟢 GOOD,False,NONE,4.3,0.0,NONE
1779687645.934,101.8,91.6,32.3,4666.0,48.5,11.91,32.3,31.9,31.2,31.0,optimal,optimal,optimal,warning,optimal,danger,↑ increasing,↓ decreasing,→ stable,60.0,🟢 GOOD,False,NONE,3.9,0.0,NONE
1779687646.935,100.7,91.6,32.1,4743.0,48.3,11.87,32.4,32.2,31.2,30.7,optimal,optimal,optimal,warning,optimal,danger,→ stable,↓ decreasing,→ stable,60.0,🟢 GOOD,False,NONE,4.2,0.0,NONE
1779687647.937,98.4,91.9,32.0,4685.0,47.4,11.88,32.3,32.0,30.8,30.6,optimal,optimal,optimal,warning,optimal,danger,↑ increasing,→ stable,→ stable,60.0,🟢 GOOD,False,NONE,4.2,0.0,NONE
1779687648.938,99.1,92.4,31.9,4716.0,47.3,11.88,32.0,32.4,30.8,31.0,optimal,optimal,optimal,warning,optimal,danger,↑ increasing,→ stable,→ stable,60.0,🟢 GOOD,False,NONE,4.4,0.0,NONE
1779687649.939,102.7,90.6,32.0,4720.0,48.1,11.92,32.2,32.2,31.2,31.2,optimal,optimal,optimal,warning,optimal,danger,↑ increasing,→ stable,→ stable,60.0,🟢 GOOD,False,NONE,4.4,0.0,NONE
1779687650.94,102.0,91.8,31.9,4701.0,47.1,11.85,31.9,31.6,31.3,31.2,optimal,optimal,optimal,warning,optimal,danger,→ stable,→ stable,→ stable,60.0,🟢 GOOD,False,NONE,4.5,0.0,NONE
1779687651.941,100.0,91.3,31.6,4680.0,48.9,11.85,32.1,32.3,31.2,30.8,optimal,optimal,optimal,warning,optimal,danger,↓ decreasing,→ stable,→ stable,60.0,🟢 GOOD,False,NONE,4.9,0.0,NONE
1779687652.942,100.1,90.7,31.7,4682.0,49.0,11.92,32.1,32.1,31.0,31.1,optimal,optimal,optimal,warning,optimal,danger,↓ decreasing,↓ decreasing,→ stable,60.0,🟢 GOOD,False,NONE,4.7,0.0,NONE
1779687653.944,101.3,93.0,32.4,4702.0,48.3,11.94,32.0,31.6,31.1,30.9,optimal,optimal,optimal,warning,optimal,danger,→ stable,→ stable,→ stable,60.0,🟢 GOOD,False,NONE,3.8,0.0,NONE
1779687654.946,98.1,92.1,31.8,4708.0,49.0,11.92,32.1,32.1,31.1,31.4,optimal,optimal,optimal,warning,optimal,danger,→ stable,→ stable,→ stable,60.0,🟢 GOOD,False,NONE,4.5,0.0,NONE
1779687655.948,102.5,92.8,31.7,4728.0,47.8,11.88,31.9,31.8,31.3,31.4,optimal,optimal,optimal,warning,optimal,danger,→ stable,→ stable,→ stable,60.0,🟢 GOOD,False,NONE,4.8,0.0,NONE
1779687656.948,97.1,91.3,32.2,4717.0,48.7,11.95,32.2,32.3,31.1,31.0,optimal,optimal,optimal,warning,optimal,danger,→ stable,→ stable,→ stable,60.0,🟢 GOOD,False,NONE,3.9,0.0,NONE
1779687657.95,102.2,91.6,32.2,4656.0,47.4,11.95,32.0,32.0,31.1,30.8,optimal,optimal,optimal,warning,optimal,danger,→ stable,→ stable,→ stable,60.0,🟢 GOOD,False,NONE,4.1,0.0,NONE
1779687658.951,99.8,93.3,31.9,4703.0,48.8,11.92,31.7,32.2,30.7,31.3,optimal,optimal,optimal,warning,optimal,danger,→ stable,→ stable,→ stable,60.0,🟢 GOOD,False,NONE,4.4,0.0,NONE
1779687659.953,97.3,92.3,31.7,4705.0,48.9,11.86,31.7,32.3,31.4,31.2,optimal,optimal,optimal,warning,optimal,danger,↓ decreasing,→ stable,→ stable,60.0,🟢 GOOD,False,NONE,4.6,0.0,NONE
1779687660.954,97.8,92.4,31.7,4687.0,48.9,11.94,31.9,31.7,30.9,31.0,optimal,optimal,optimal,warning,optimal,danger,↓ decreasing,→ stable,→ stable,60.0,🟢 GOOD,False,NONE,4.6,0.0,NONE
1779687661.956,97.4,92.8,32.2,4668.0,47.3,11.95,31.7,31.7,31.0,31.1,optimal,optimal,optimal,warning,optimal,danger,↓ decreasing,→ stable,→ stable,60.0,🟢 GOOD,False,NONE,3.9,0.0,NONE
1779687662.958,100.1,93.5,31.9,4656.0,48.7,11.87,32.0,32.1,30.7,31.3,optimal,optimal,optimal,warning,optimal,danger,↓ decreasing,↑ increasing,→ stable,60.0,🟢 GOOD,False,NONE,4.4,0.0,NONE
1779687663.958,98.6,91.8,31.7,4724.0,49.0,11.86,31.9,32.1,31.1,31.1,optimal,optimal,optimal,warning,optimal,danger,↓ decreasing,↑ increasing,→ stable,60.0,🟢 GOOD,False,NONE,4.6,0.0,NONE
1779687664.96,101.6,90.8,31.9,4657.0,48.6,11.94,32.3,31.8,30.6,31.0,optimal,optimal,optimal,warning,optimal,danger,↓ decreasing,↑ increasing,→ stable,60.0,🟢 GOOD,False,NONE,4.5,0.0,NONE
1779687665.96,100.8,91.6,31.9,4708.0,48.0,11.92,31.8,31.6,31.0,31.0,optimal,optimal,optimal,warning,optimal,danger,↓ decreasing,→ stable,→ stable,60.0,🟢 GOOD,False,NONE,4.5,0.0,NONE
1779687666.962,99.4,90.7,31.8,4670.0,48.5,11.89,31.9,32.0,31.3,31.2,optimal,optimal,optimal,warning,optimal,danger,↓ decreasing,→ stable,→ stable,60.0,🟢 GOOD,False,NONE,4.5,0.0,NONE
1779687667.963,97.7,91.3,32.3,4666.0,47.4,11.94,31.9,31.8,31.1,31.2,optimal,optimal,optimal,warning,optimal,danger,↓ decreasing,→ stable,→ stable,60.0,🟢 GOOD,False,NONE,3.8,0.0,NONE
1779687668.964,101.3,90.6,32.4,4741.0,48.8,11.89,32.0,32.4,31.4,30.6,optimal,optimal,optimal,warning,optimal,danger,↓ decreasing,→ stable,→ stable,60.0,🟢 GOOD,False,NONE,3.8,0.0,NONE
1779687669.965,102.1,91.9,32.3,4667.0,48.8,11.92,31.8,31.8,31.2,31.3,optimal,optimal,optimal,warning,optimal,danger,→ stable,→ stable,→ stable,60.0,🟢 GOOD,False,NONE,3.9,0.0,NONE
1779687670.966,98.7,91.0,31.7,4729.0,48.3,11.85,31.9,32.3,31.0,31.4,optimal,optimal,optimal,warning,optimal,danger,→ stable,→ stable,→ stable,60.0,🟢 GOOD,False,NONE,4.7,0.0,NONE
1779687671.967,99.1,93.0,32.2,4731.0,47.2,11.91,31.7,32.4,30.7,30.7,optimal,optimal,optimal,warning,optimal,danger,↑ increasing,↓ decreasing,→ stable,60.0,🟢 GOOD,False,NONE,4.0,0.0,NONE
1779687672.968,101.3,92.5,32.0,4728.0,47.3,11.93,32.1,31.8,31.4,30.7,optimal,optimal,optimal,warning,optimal,danger,↑ increasing,↓ decreasing,→ stable,60.0,🟢 GOOD,False,NONE,4.3,0.0,NONE
1779687673.97,100.2,93.1,32.2,4734.0,47.8,11.94,31.9,31.7,30.6,30.8,optimal,optimal,optimal,warning,optimal,danger,↑ increasing,↓ decreasing,→ stable,60.0,🟢 GOOD,False,NONE,4.0,0.0,NONE
1779687674.972,102.3,92.6,32.1,4720.0,48.7,11.88,32.3,31.7,31.3,31.2,optimal,optimal,optimal,warning,optimal,danger,↑ increasing,→ stable,→ stable,60.0,🟢 GOOD,False,NONE,4.2,0.0,NONE
1779687675.973,98.6,91.9,32.4,4669.0,48.9,11.86,31.9,31.7,31.0,30.8,optimal,optimal,optimal,warning,optimal,danger,↑ increasing,→ stable,→ stable,60.0,🟢 GOOD,False,NONE,3.7,0.0,NONE
1779687676.974,97.7,92.9,31.8,4650.0,48.0,11.87,32.3,31.9,31.2,30.6,optimal,optimal,optimal,warning,optimal,danger,→ stable,→ stable,→ stable,60.0,🟢 GOOD,False,NONE,4.5,0.0,NONE
1779687677.975,100.5,92.0,32.2,4720.0,48.0,11.92,32.0,31.6,31.0,31.3,optimal,optimal,optimal,warning,optimal,danger,↑ increasing,→ stable,→ stable,60.0,🟢 GOOD,False,NONE,4.0,0.0,NONE
1779687678.976,99.9,92.3,32.0,4669.0,47.4,11.92,31.8,31.8,31.1,30.8,optimal,optimal,optimal,warning,optimal,danger,↑ increasing,↑ increasing,→ stable,60.0,🟢 GOOD,False,NONE,4.3,0.0,NONE
1779687679.978,97.6,93.4,31.7,4721.0,48.2,11.88,31.6,32.1,30.9,31.3,optimal,optimal,optimal,warning,optimal,danger,→ stable,↑ increasing,→ stable,60.0,🟢 GOOD,False,NONE,4.6,0.0,NONE
1779687680.979,98.3,92.2,31.8,4672.0,47.9,11.85,32.0,32.2,30.7,31.1,optimal,optimal,optimal,warning,optimal,danger,→ stable,↑ increasing,→ stable,60.0,🟢 GOOD,False,NONE,4.5,0.0,NONE
1779687681.981,102.8,91.8,32.2,4695.0,47.1,11.87,32.0,32.0,30.7,30.9,optimal,optimal,optimal,warning,optimal,danger,→ stable,↑ increasing,→ stable,60.0,🟢 GOOD,False,NONE,4.1,0.0,NONE
1779687682.982,102.8,92.3,31.7,4678.0,47.7,11.89,32.2,32.3,31.2,31.1,optimal,optimal,optimal,warning,optimal,danger,→ stable,↑ increasing,→ stable,60.0,🟢 GOOD,False,NONE,4.8,0.0,NONE
1779687683.983,97.3,92.5,32.1,4726.0,47.9,11.93,32.2,32.4,30.7,31.2,optimal,optimal,optimal,warning,optimal,danger,→ stable,↑ increasing,→ stable,60.0,🟢 GOOD,False,NONE,4.0,0.0,NONE
1779687684.984,97.7,91.7,32.4,4749.0,48.1,11.91,31.7,31.9,30.6,30.9,optimal,optimal,optimal,warning,optimal,danger,↓ decreasing,→ stable,→ stable,60.0,🟢 GOOD,False,NONE,3.6,0.0,NONE
1779687685.985,103.0,91.7,32.0,4727.0,48.5,11.89,32.2,32.3,31.1,30.8,optimal,optimal,optimal,warning,optimal,danger,→ stable,→ stable,→ stable,60.0,🟢 GOOD,False,NONE,4.4,0.0,NONE
1779687686.987,99.7,92.2,32.1,4748.0,47.9,11.89,32.0,31.9,31.4,30.7,optimal,optimal,optimal,warning,optimal,danger,→ stable,→ stable,→ stable,60.0,🟢 GOOD,False,NONE,4.1,0.0,NONE
1779687687.988,101.5,90.9,32.0,4655.0,47.7,11.94,32.2,32.0,30.8,30.6,optimal,optimal,optimal,warning,optimal,danger,→ stable,→ stable,→ stable,60.0,🟢 GOOD,False,NONE,4.4,0.0,NONE
1779687688.99,97.6,91.2,31.9,4691.0,48.8,11.88,32.0,32.1,30.7,30.7,optimal,optimal,optimal,warning,optimal,danger,→ stable,→ stable,→ stable,60.0,🟢 GOOD,False,NONE,4.3,0.0,NONE
1779687689.992,100.2,90.8,31.7,4702.0,47.8,11.93,31.9,31.9,31.1,31.3,optimal,optimal,optimal,warning,optimal,danger,→ stable,↓ decreasing,→ stable,60.0,🟢 GOOD,False,NONE,4.7,0.0,NONE
1779687690.994,101.9,91.3,31.8,4708.0,47.7,11.94,32.3,32.4,31.1,31.4,optimal,optimal,optimal,warning,optimal,danger,↑ increasing,↓ decreasing,→ stable,60.0,🟢 GOOD,False,NONE,4.7,0.0,NONE
1779687691.995,98.3,90.5,31.7,4706.0,47.1,11.94,32.0,32.0,30.9,30.9,optimal,optimal,optimal,warning,optimal,danger,→ stable,↓ decreasing,→ stable,60.0,🟢 GOOD,False,NONE,4.6,0.0,NONE
1779687692.996,102.5,93.5,32.2,4663.0,48.0,11.87,32.3,31.8,31.4,30.9,optimal,optimal,optimal,warning,optimal,danger,→ stable,↓ decreasing,→ stable,60.0,🟢 GOOD,False,NONE,4.1,0.0,NONE
1779687693.998,101.6,92.4,32.0,4729.0,48.2,11.87,31.8,32.2,30.8,30.6,optimal,optimal,optimal,warning,optimal,danger,↑ increasing,↓ decreasing,→ stable,60.0,🟢 GOOD,False,NONE,4.4,0.0,NONE
1779687694.999,97.4,92.5,32.0,4651.0,47.8,11.86,32.2,32.3,31.0,31.1,optimal,optimal,optimal,warning,optimal,danger,↑ increasing,↓ decreasing,→ stable,60.0,🟢 GOOD,False,NONE,4.2,0.0,NONE
1779687696.0,100.3,92.4,31.7,4698.0,48.3,11.9,32.0,31.9,30.7,30.8,optimal,optimal,optimal,warning,optimal,danger,→ stable,↓ decreasing,→ stable,60.0,🟢 GOOD,False,NONE,4.7,0.0,NONE
1779687697.001,101.1,93.3,31.7,4654.0,47.4,11.87,31.9,32.0,31.2,30.9,optimal,optimal,optimal,warning,optimal,danger,→ stable,→ stable,→ stable,60.0,🟢 GOOD,False,NONE,4.8,0.0,NONE
1779687698.003,97.8,90.6,32.1,4708.0,48.6,11.9,32.0,32.4,31.0,31.0,optimal,optimal,optimal,warning,optimal,danger,→ stable,→ stable,→ stable,60.0,🟢 GOOD,False,NONE,4.1,0.0,NONE
1779687699.004,101.1,91.5,32.3,4740.0,48.5,11.9,32.4,31.7,30.7,31.0,optimal,optimal,optimal,warning,optimal,danger,→ stable,→ stable,→ stable,60.0,🟢 GOOD,False,NONE,3.9,0.0,NONE
1779687700.006,100.1,92.6,31.9,4731.0,47.0,11.94,32.0,32.3,31.0,31.2,optimal,optimal,optimal,warning,optimal,danger,→ stable,→ stable,→ stable,60.0,🟢 GOOD,False,NONE,4.4,0.0,NONE
1779687701.008,99.8,91.2,31.8,4711.0,48.1,11.87,32.4,32.3,31.0,30.8,optimal,optimal,optimal,warning,optimal,danger,→ stable,→ stable,→ stable,60.0,🟢 GOOD,False,NONE,4.6,0.0,NONE
1779687702.008,99.5,91.2,32.0,4664.0,48.5,11.94,32.0,31.7,30.7,31.2,optimal,optimal,optimal,warning,optimal,danger,→ stable,↑ increasing,→ stable,60.0,🟢 GOOD,False,NONE,4.3,0.0,NONE
1779687703.01,97.7,90.5,32.1,4681.0,47.8,11.89,32.0,32.0,30.6,30.9,optimal,optimal,optimal,warning,optimal,danger,→ stable,→ stable,→ stable,60.0,🟢 GOOD,False,NONE,4.0,0.0,NONE
1779687704.01,98.5,90.5,31.7,4687.0,47.6,11.92,31.9,32.0,31.0,31.4,optimal,optimal,optimal,warning,optimal,danger,↓ decreasing,→ stable,→ stable,60.0,🟢 GOOD,False,NONE,4.6,0.0,NONE
1779687705.012,100.3,90.6,32.0,4678.0,47.7,11.86,32.1,31.6,30.7,31.1,optimal,optimal,optimal,warning,optimal,danger,↓ decreasing,→ stable,→ stable,60.0,🟢 GOOD,False,NONE,4.3,0.0,NONE
1779687706.013,99.4,91.1,32.1,4739.0,47.7,11.95,32.0,31.7,30.9,30.8,optimal,optimal,optimal,warning,optimal,danger,↓ decreasing,→ stable,→ stable,60.0,🟢 GOOD,False,NONE,4.1,0.0,NONE
1779687707.014,99.7,93.3,32.1,4684.0,47.5,11.94,32.3,31.6,30.6,31.3,optimal,optimal,optimal,warning,optimal,danger,↓ decreasing,↓ decreasing,→ stable,60.0,🟢 GOOD,False,NONE,4.1,0.0,NONE
1779687708.016,99.1,93.0,31.9,4650.0,47.8,11.88,32.2,31.6,30.9,31.2,optimal,optimal,optimal,warning,optimal,danger,→ stable,→ stable,→ stable,60.0,🟢 GOOD,False,NONE,4.4,0.0,NONE
1779687709.016,97.3,92.4,32.0,4734.0,47.5,11.89,32.3,31.8,31.4,31.2,optimal,optimal,optimal,warning,optimal,danger,↓ decreasing,→ stable,→ stable,60.0,🟢 GOOD,False,NONE,4.2,0.0,NONE
1779687710.017,102.6,92.5,31.8,4702.0,47.4,11.88,31.8,32.4,31.1,31.2,optimal,optimal,optimal,warning,optimal,danger,↓ decreasing,→ stable,→ stable,60.0,🟢 GOOD,False,NONE,4.7,0.0,NONE
1779687711.019,102.2,92.5,32.3,4665.0,47.2,11.94,32.1,32.0,31.2,31.2,optimal,optimal,optimal,warning,optimal,danger,→ stable,→ stable,→ stable,60.0,🟢 GOOD,False,NONE,3.9,0.0,NONE
1779687712.02,100.5,92.3,32.3,4691.0,48.4,11.86,32.0,31.9,31.2,30.7,optimal,optimal,optimal,warning,optimal,danger,→ stable,→ stable,→ stable,60.0,🟢 GOOD,False,NONE,3.9,0.0,NONE
1779687713.022,101.6,92.0,32.1,4653.0,47.3,11.91,31.9,32.4,31.2,31.2,optimal,optimal,optimal,warning,optimal,danger,→ stable,→ stable,→ stable,60.0,🟢 GOOD,False,NONE,4.2,0.0,NONE
1779687714.023,102.3,92.6,32.0,4721.0,47.1,11.89,31.6,32.1,30.8,31.1,optimal,optimal,optimal,warning,optimal,danger,↑ increasing,↑ increasing,→ stable,60.0,🟢 GOOD,False,NONE,4.4,0.0,NONE
1779687715.024,101.6,91.1,32.0,4699.0,48.9,11.89,32.2,32.2,30.8,30.7,optimal,optimal,optimal,warning,optimal,danger,↑ increasing,↑ increasing,→ stable,60.0,🟢 GOOD,False,NONE,4.4,0.0,NONE
1779687716.026,101.3,91.0,32.1,4744.0,47.2,11.85,31.7,32.0,31.1,30.6,optimal,optimal,optimal,warning,optimal,danger,↑ increasing,↑ increasing,→ stable,60.0,🟢 GOOD,False,NONE,4.2,0.0,NONE
1779687717.027,99.0,90.6,32.4,4701.0,47.8,11.9,31.9,32.2,30.9,31.4,optimal,optimal,optimal,warning,optimal,danger,↑ increasing,↑ increasing,→ stable,60.0,🟢 GOOD,False,NONE,3.7,0.0,NONE
1779687718.029,98.9,92.7,31.9,4663.0,47.2,11.85,32.3,32.1,30.9,31.3,optimal,optimal,optimal,warning,optimal,danger,↑ increasing,→ stable,→ stable,60.0,🟢 GOOD,False,NONE,4.4,0.0,NONE
1779687719.03,102.7,91.4,31.8,4690.0,48.5,11.86,32.3,32.4,31.0,30.6,optimal,optimal,optimal,warning,optimal,danger,↑ increasing,→ stable,→ stable,60.0,🟢 GOOD,False,NONE,4.7,0.0,NONE
1779687720.031,101.8,90.5,32.2,4706.0,48.0,11.92,31.9,32.2,31.0,31.0,optimal,optimal,optimal,warning,optimal,danger,↑ increasing,→ stable,→ stable,60.0,🟢 GOOD,False,NONE,4.1,0.0,NONE
1779687721.033,100.9,93.1,31.8,4733.0,47.5,11.95,31.9,32.3,30.9,31.0,optimal,optimal,optimal,warning,optimal,danger,↑ increasing,→ stable,→ stable,60.0,🟢 GOOD,False,NONE,4.6,0.0,NONE
1779687722.035,99.4,91.5,31.9,4723.0,48.1,11.87,32.3,32.3,30.8,31.0,optimal,optimal,optimal,warning,optimal,danger,↑ increasing,→ stable,→ stable,60.0,🟢 GOOD,False,NONE,4.4,0.0,NONE
1779687723.036,102.8,93.2,32.0,4675.0,47.2,11.94,32.1,32.4,31.4,31.0,optimal,optimal,optimal,warning,optimal,danger,↑ increasing,→ stable,→ stable,60.0,🟢 GOOD,False,NONE,4.4,0.0,NONE
1779687724.038,98.7,90.6,31.9,4743.0,47.9,11.9,31.9,32.2,31.3,30.9,optimal,optimal,optimal,warning,optimal,danger,→ stable,↓ decreasing,→ stable,60.0,🟢 GOOD,False,NONE,4.4,0.0,NONE
1779687725.04,101.8,93.0,32.1,4660.0,48.9,11.91,32.3,31.6,30.9,31.3,optimal,optimal,optimal,warning,optimal,danger,→ stable,↓ decreasing,→ stable,60.0,🟢 GOOD,False,NONE,4.2,0.0,NONE
1779687726.041,99.0,93.4,32.1,4678.0,47.4,11.86,32.1,32.1,31.4,30.9,optimal,optimal,optimal,warning,optimal,danger,→ stable,→ stable,→ stable,60.0,🟢 GOOD,False,NONE,4.1,0.0,NONE
1779687727.043,98.0,90.9,31.8,4689.0,48.7,11.88,31.8,32.4,31.0,30.7,optimal,optimal,optimal,warning,optimal,danger,→ stable,→ stable,→ stable,60.0,🟢 GOOD,False,NONE,4.5,0.0,NONE
1779687728.045,102.8,91.8,31.9,4662.0,47.3,11.92,32.2,32.3,31.1,31.2,optimal,optimal,optimal,warning,optimal,danger,→ stable,→ stable,→ stable,60.0,🟢 GOOD,False,NONE,4.6,0.0,NONE
1779687729.045,99.5,92.0,32.3,4713.0,48.9,11.94,32.2,31.9,31.1,31.0,optimal,optimal,optimal,warning,optimal,danger,↓ decreasing,→ stable,→ stable,60.0,🟢 GOOD,False,NONE,3.8,0.0,NONE
1779687730.047,101.0,91.9,32.1,4701.0,48.1,11.88,32.0,32.4,30.6,30.8,optimal,optimal,optimal,warning,optimal,danger,↓ decreasing,→ stable,→ stable,60.0,🟢 GOOD,False,NONE,4.2,0.0,NONE
1779687731.049,99.3,91.3,32.1,4697.0,48.8,11.94,32.2,32.1,30.8,30.7,optimal,optimal,optimal,warning,optimal,danger,↓ decreasing,→ stable,→ stable,60.0,🟢 GOOD,False,NONE,4.1,0.0,NONE
1779687732.051,100.7,91.2,32.3,4676.0,47.3,11.93,31.9,31.9,31.0,30.7,optimal,optimal,optimal,warning,optimal,danger,↓ decreasing,→ stable,→ stable,60.0,🟢 GOOD,False,NONE,3.9,0.0,NONE
1779687733.053,100.4,92.8,31.7,4660.0,48.5,11.9,31.8,31.8,31.3,30.6,optimal,optimal,optimal,warning,optimal,danger,↓ decreasing,→ stable,→ stable,60.0,🟢 GOOD,False,NONE,4.7,0.0,NONE
1779687734.054,102.6,92.9,31.8,4662.0,48.6,11.89,32.0,32.3,31.1,31.2,optimal,optimal,optimal,warning,optimal,danger,→ stable,↑ increasing,→ stable,60.0,🟢 GOOD,False,NONE,4.7,0.0,NONE
1779687735.055,97.8,92.4,32.3,4708.0,48.1,11.95,31.6,32.1,30.8,31.2,optimal,optimal,optimal,warning,optimal,danger,↓ decreasing,→ stable,→ stable,60.0,🟢 GOOD,False,NONE,3.8,0.0,NONE
1779687736.057,101.0,91.8,31.6,4743.0,48.7,11.94,32.2,32.3,30.7,31.0,optimal,optimal,optimal,warning,optimal,danger,→ stable,→ stable,→ stable,60.0,🟢 GOOD,False,NONE,4.9,0.0,NONE
1779687737.059,100.9,92.7,31.8,4686.0,48.9,11.92,32.2,31.8,30.9,31.2,optimal,optimal,optimal,warning,optimal,danger,→ stable,→ stable,→ stable,60.0,🟢 GOOD,False,NONE,4.6,0.0,NONE
1779687738.061,101.5,93.2,32.0,4722.0,47.9,11.87,31.9,31.7,30.7,31.3,optimal,optimal,optimal,warning,optimal,danger,→ stable,→ stable,→ stable,60.0,🟢 GOOD,False,NONE,4.4,0.0,NONE
1779687739.061,102.7,92.7,32.1,4699.0,48.4,11.87,31.7,32.4,31.1,31.0,optimal,optimal,optimal,warning,optimal,danger,→ stable,→ stable,→ stable,60.0,🟢 GOOD,False,NONE,4.3,0.0,NONE
1779687740.063,99.8,93.0,31.9,4702.0,48.6,11.86,31.9,32.0,30.9,31.2,optimal,optimal,optimal,warning,optimal,danger,→ stable,→ stable,→ stable,60.0,🟢 GOOD,False,NONE,4.4,0.0,NONE
1779687741.065,99.5,91.2,31.7,4674.0,48.1,11.88,31.8,32.3,31.0,31.4,optimal,optimal,optimal,warning,optimal,danger,→ stable,→ stable,→ stable,60.0,🟢 GOOD,False,NONE,4.7,0.0,NONE
1779687742.066,102.7,91.5,31.9,4667.0,47.9,11.89,31.7,31.8,30.8,30.8,optimal,optimal,optimal,warning,optimal,danger,↑ increasing,→ stable,→ stable,60.0,🟢 GOOD,False,NONE,4.5,0.0,NONE
1779687743.067,98.1,90.6,31.7,4723.0,47.6,11.87,32.0,32.0,30.9,30.9,optimal,optimal,optimal,warning,optimal,danger,↑ increasing,→ stable,→ stable,60.0,🟢 GOOD,False,NONE,4.6,0.0,NONE
1779687744.068,101.0,92.6,31.7,4689.0,47.1,11.91,31.7,31.8,30.7,31.3,optimal,optimal,optimal,warning,optimal,danger,→ stable,→ stable,→ stable,60.0,🟢 GOOD,False,NONE,4.8,0.0,NONE
1779687745.069,102.7,91.2,31.8,4740.0,47.5,11.92,31.8,32.0,30.7,31.2,optimal,optimal,optimal,warning,optimal,danger,↑ increasing,→ stable,→ stable,60.0,🟢 GOOD,False,NONE,4.7,0.0,NONE
1779687746.071,97.4,91.7,31.8,4734.0,47.2,11.91,32.1,31.7,31.0,30.8,optimal,optimal,optimal,warning,optimal,danger,→ stable,→ stable,→ stable,60.0,🟢 GOOD,False,NONE,4.5,0.0,NONE
1779687747.072,100.8,92.3,31.8,4709.0,48.1,11.95,31.9,31.9,30.6,31.3,optimal,optimal,optimal,warning,optimal,danger,→ stable,→ stable,→ stable,60.0,🟢 GOOD,False,NONE,4.6,0.0,NONE
1779687748.073,102.8,91.1,32.2,4710.0,48.7,11.87,32.1,31.7,30.7,31.3,optimal,optimal,optimal,warning,optimal,danger,→ stable,→ stable,→ stable,60.0,🟢 GOOD,False,NONE,4.1,0.0,NONE
1779687749.075,98.4,92.0,31.7,4742.0,47.1,11.93,32.3,31.9,31.3,31.2,optimal,optimal,optimal,warning,optimal,danger,→ stable,↓ decreasing,→ stable,60.0,🟢 GOOD,False,NONE,4.6,0.0,NONE
1779687750.076,97.1,90.8,31.8,4703.0,47.3,11.88,32.4,32.3,30.8,31.3,optimal,optimal,optimal,warning,optimal,danger,↓ decreasing,↓ decreasing,→ stable,60.0,🟢 GOOD,False,NONE,4.4,0.0,NONE
1779687751.077,97.4,91.6,31.7,4665.0,48.2,11.95,31.8,32.2,31.1,31.1,optimal,optimal,optimal,warning,optimal,danger,↓ decreasing,↓ decreasing,→ stable,60.0,🟢 GOOD,False,NONE,4.6,0.0,NONE
1779687752.078,100.0,92.9,32.0,4666.0,47.9,11.9,32.1,31.6,31.2,30.9,optimal,optimal,optimal,warning,optimal,danger,↓ decreasing,↓ decreasing,→ stable,60.0,🟢 GOOD,False,NONE,4.3,0.0,NONE
1779687753.079,99.4,91.0,32.0,4683.0,48.3,11.93,31.7,31.7,30.9,30.6,optimal,optimal,optimal,warning,optimal,danger,↓ decreasing,→ stable,→ stable,60.0,🟢 GOOD,False,NONE,4.3,0.0,NONE
1779687754.082,97.5,92.3,31.9,4650.0,47.1,11.88,31.6,32.3,31.3,31.1,optimal,optimal,optimal,warning,optimal,danger,↓ decreasing,→ stable,→ stable,60.0,🟢 GOOD,False,NONE,4.3,0.0,NONE
1779687755.083,100.3,91.1,31.7,4737.0,47.7,11.92,31.6,32.0,31.4,30.6,optimal,optimal,optimal,warning,optimal,danger,↓ decreasing,→ stable,→ stable,60.0,🟢 GOOD,False,NONE,4.7,0.0,NONE
1779687756.085,97.9,92.6,31.6,4660.0,48.5,11.94,31.9,31.7,31.1,30.7,optimal,optimal,optimal,warning,optimal,danger,↓ decreasing,→ stable,→ stable,60.0,🟢 GOOD,False,NONE,4.8,0.0,NONE
1779687757.087,97.9,93.0,32.2,4734.0,48.1,11.95,31.7,31.6,30.7,31.3,optimal,optimal,optimal,warning,optimal,danger,↓ decreasing,→ stable,→ stable,60.0,🟢 GOOD,False,NONE,3.9,0.0,NONE
1779687758.088,101.1,93.0,32.1,4744.0,48.7,11.91,32.0,32.4,30.7,31.2,optimal,optimal,optimal,warning,optimal,danger,↓ decreasing,→ stable,→ stable,60.0,🟢 GOOD,False,NONE,4.2,0.0,NONE
1779687759.089,102.6,90.6,32.3,4656.0,47.5,11.91,32.1,32.3,31.2,31.3,optimal,optimal,optimal,warning,optimal,danger,↓ decreasing,→ stable,→ stable,60.0,🟢 GOOD,False,NONE,4.0,0.0,NONE
1779687760.091,99.4,91.9,31.8,4671.0,48.0,11.89,32.2,31.9,31.2,31.4,optimal,optimal,optimal,warning,optimal,danger,↓ decreasing,→ stable,→ stable,60.0,🟢 GOOD,False,NONE,4.5,0.0,NONE
1779687761.092,99.4,91.4,32.0,4680.0,47.3,11.95,31.7,32.4,31.4,30.7,optimal,optimal,optimal,warning,optimal,danger,→ stable,→ stable,→ stable,60.0,🟢 GOOD,False,NONE,4.3,0.0,NONE
1779687762.094,97.0,92.8,31.9,4717.0,47.0,11.94,32.0,31.9,30.7,31.1,optimal,optimal,optimal,warning,optimal,danger,→ stable,→ stable,→ stable,60.0,🟢 GOOD,False,NONE,4.3,0.0,NONE
1779687763.095,100.6,93.0,32.2,4654.0,48.2,11.89,32.1,31.9,31.2,31.0,optimal,optimal,optimal,warning,optimal,danger,→ stable,→ stable,→ stable,60.0,🟢 GOOD,False,NONE,4.0,0.0,NONE
1779687764.096,102.3,91.0,31.9,4658.0,48.1,11.92,32.0,31.6,30.7,30.9,optimal,optimal,optimal,warning,optimal,danger,→ stable,→ stable,→ stable,60.0,🟢 GOOD,False,NONE,4.5,0.0,NONE
1779687765.098,100.9,93.4,32.2,4698.0,48.2,11.9,31.6,31.8,30.7,31.3,optimal,optimal,optimal,warning,optimal,danger,↑ increasing,↑ increasing,→ stable,60.0,🟢 GOOD,False,NONE,4.0,0.0,NONE
1779687766.099,98.1,93.3,32.4,4700.0,47.2,11.89,31.9,31.8,31.2,30.6,optimal,optimal,optimal,warning,optimal,danger,↑ increasing,↑ increasing,→ stable,60.0,🟢 GOOD,False,NONE,3.6,0.0,NONE
1779687767.1,101.3,91.3,31.8,4731.0,47.2,11.88,31.8,32.4,31.3,31.2,optimal,optimal,optimal,warning,optimal,danger,↑ increasing,→ stable,→ stable,60.0,🟢 GOOD,False,NONE,4.6,0.0,NONE
1779687768.102,97.6,92.4,31.7,4699.0,48.4,11.88,31.9,31.7,30.9,31.0,optimal,optimal,optimal,warning,optimal,danger,↑ increasing,→ stable,→ stable,60.0,🟢 GOOD,False,NONE,4.6,0.0,NONE
1779687769.103,100.4,90.7,31.8,4727.0,47.1,11.92,32.1,32.2,31.1,31.0,optimal,optimal,optimal,warning,optimal,danger,↑ increasing,→ stable,→ stable,60.0,🟢 GOOD,False,NONE,4.6,0.0,NONE
1779687770.105,100.8,91.6,32.0,4673.0,48.4,11.91,32.3,32.0,31.1,30.8,optimal,optimal,optimal,warning,optimal,danger,→ stable,→ stable,→ stable,60.0,🟢 GOOD,False,NONE,4.3,0.0,NONE
1779687771.105,101.0,91.7,32.4,4664.0,48.6,11.89,32.4,31.9,30.9,30.7,optimal,optimal,optimal,warning,optimal,danger,→ stable,→ stable,→ stable,60.0,🟢 GOOD,False,NONE,3.8,0.0,NONE
1779687772.107,99.5,92.8,32.0,4682.0,47.5,11.88,32.3,32.2,31.0,31.1,optimal,optimal,optimal,warning,optimal,danger,↑ increasing,→ stable,→ stable,60.0,🟢 GOOD,False,NONE,4.3,0.0,NONE
1779687773.108,97.5,91.9,32.2,4663.0,48.9,11.9,31.7,32.3,31.1,31.3,optimal,optimal,optimal,warning,optimal,danger,↑ increasing,→ stable,→ stable,60.0,🟢 GOOD,False,NONE,3.9,0.0,NONE
1779687774.109,99.0,90.6,32.4,4656.0,47.6,11.93,31.8,31.8,31.2,30.7,optimal,optimal,optimal,warning,optimal,danger,→ stable,→ stable,→ stable,60.0,🟢 GOOD,False,NONE,3.7,0.0,NONE
1779687775.11,100.0,92.6,32.3,4696.0,48.3,11.86,32.4,31.6,31.1,31.3,optimal,optimal,optimal,warning,optimal,danger,→ stable,→ stable,→ stable,60.0,🟢 GOOD,False,NONE,3.9,0.0,NONE
1779687776.112,99.3,91.1,32.0,4698.0,47.9,11.87,31.8,31.8,31.2,31.1,optimal,optimal,optimal,warning,optimal,danger,→ stable,↓ decreasing,→ stable,60.0,🟢 GOOD,False,NONE,4.3,0.0,NONE
1779687777.113,100.7,90.7,32.2,4684.0,47.5,11.92,32.2,32.1,31.1,30.6,optimal,optimal,optimal,warning,optimal,danger,↓ decreasing,↓ decreasing,→ stable,60.0,🟢 GOOD,False,NONE,4.0,0.0,NONE
1779687778.115,101.2,92.9,32.2,4682.0,48.6,11.88,31.6,32.0,31.4,31.4,optimal,optimal,optimal,warning,optimal,danger,→ stable,→ stable,→ stable,60.0,🟢 GOOD,False,NONE,4.0,0.0,NONE
1779687779.116,98.0,92.8,31.8,4704.0,48.3,11.89,32.1,32.2,30.9,31.3,optimal,optimal,optimal,warning,optimal,danger,→ stable,→ stable,→ stable,60.0,🟢 GOOD,False,NONE,4.5,0.0,NONE
1779687780.118,99.5,91.7,31.6,4650.0,47.9,11.9,32.3,32.3,31.3,31.0,optimal,optimal,optimal,warning,optimal,danger,→ stable,→ stable,→ stable,60.0,🟢 GOOD,False,NONE,4.8,0.0,NONE
1779687781.119,97.9,90.8,32.2,4695.0,48.8,11.87,31.8,31.7,31.2,31.0,optimal,optimal,optimal,warning,optimal,danger,↓ decreasing,→ stable,→ stable,60.0,🟢 GOOD,False,NONE,3.9,0.0,NONE
1779687782.121,100.7,91.7,31.7,4680.0,47.8,11.9,32.3,32.3,30.7,30.6,optimal,optimal,optimal,warning,optimal,danger,↓ decreasing,→ stable,→ stable,60.0,🟢 GOOD,False,NONE,4.7,0.0,NONE
1779687783.122,99.6,90.5,32.0,4748.0,47.9,11.89,31.8,32.3,31.3,31.0,optimal,optimal,optimal,warning,optimal,danger,→ stable,→ stable,→ stable,60.0,🟢 GOOD,False,NONE,4.3,0.0,NONE
1779687784.123,97.1,90.7,32.3,4735.0,47.3,11.9,31.7,32.4,30.8,31.3,optimal,optimal,optimal,warning,optimal,danger,→ stable,→ stable,→ stable,60.0,🟢 GOOD,False,NONE,3.7,0.0,NONE
1779687785.124,100.7,91.1,32.1,4655.0,47.9,11.87,32.4,31.6,30.9,31.3,optimal,optimal,optimal,warning,optimal,danger,→ stable,→ stable,→ stable,60.0,🟢 GOOD,False,NONE,4.2,0.0,NONE
1779687786.125,102.0,90.7,32.2,4747.0,48.9,11.85,32.0,31.8,31.0,30.9,optimal,optimal,optimal,warning,optimal,danger,→ stable,→ stable,→ stable,60.0,🟢 GOOD,False,NONE,4.1,0.0,NONE
1779687787.126,102.7,91.6,31.6,4670.0,48.6,11.94,32.1,32.0,31.3,31.1,optimal,optimal,optimal,warning,optimal,danger,→ stable,→ stable,→ stable,60.0,🟢 GOOD,False,NONE,5.0,0.0,NONE
1779687788.128,101.6,92.5,31.7,4660.0,47.8,11.87,31.9,32.4,31.1,30.9,optimal,optimal,optimal,warning,optimal,danger,→ stable,→ stable,→ stable,60.0,🟢 GOOD,False,NONE,4.8,0.0,NONE
1779687789.128,98.8,92.5,32.4,4700.0,48.0,11.86,32.3,32.0,30.9,31.3,optimal,optimal,optimal,warning,optimal,danger,→ stable,→ stable,→ stable,60.0,🟢 GOOD,False,NONE,3.7,0.0,NONE
1779687790.13,99.7,92.1,32.1,4677.0,47.5,11.93,31.6,32.4,30.7,31.1,optimal,optimal,optimal,warning,optimal,danger,↑ increasing,→ stable,→ stable,60.0,🟢 GOOD,False,NONE,4.1,0.0,NONE
1779687791.131,99.4,92.8,32.3,4741.0,47.3,11.86,32.3,32.1,31.4,31.0,optimal,optimal,optimal,warning,optimal,danger,↑ increasing,→ stable,→ stable,60.0,🟢 GOOD,False,NONE,3.8,0.0,NONE
1779687792.133,102.2,92.5,31.9,4686.0,47.4,11.95,31.6,31.8,30.9,30.9,optimal,optimal,optimal,warning,optimal,danger,↑ increasing,→ stable,→ stable,60.0,🟢 GOOD,False,NONE,4.5,0.0,NONE
1779687793.135,101.1,93.0,32.1,4743.0,48.3,11.94,32.4,32.1,30.7,31.1,optimal,optimal,optimal,warning,optimal,danger,↑ increasing,→ stable,→ stable,60.0,🟢 GOOD,False,NONE,4.2,0.0,NONE
1779687794.136,98.4,92.4,31.9,4694.0,48.7,11.89,31.9,31.9,31.0,31.2,optimal,optimal,optimal,warning,optimal,danger,↑ increasing,↑ increasing,→ stable,60.0,🟢 GOOD,False,NONE,4.4,0.0,NONE
1779687795.137,101.4,91.4,32.1,4676.0,48.3,11.95,32.4,32.1,31.2,30.9,optimal,optimal,optimal,warning,optimal,danger,↑ increasing,↑ increasing,→ stable,60.0,🟢 GOOD,False,NONE,4.2,0.0,NONE
1779687796.139,102.0,90.6,32.3,4683.0,48.5,11.91,32.1,32.2,30.7,30.7,optimal,optimal,optimal,warning,optimal,danger,↑ increasing,↑ increasing,→ stable,60.0,🟢 GOOD,False,NONE,3.9,0.0,NONE
1779687797.14,100.4,91.3,32.1,4694.0,47.4,11.87,32.2,32.1,31.0,30.8,optimal,optimal,optimal,warning,optimal,danger,↑ increasing,↑ increasing,→ stable,60.0,🟢 GOOD,False,NONE,4.2,0.0,NONE
1779687798.141,101.7,92.6,31.6,4711.0,48.5,11.85,32.3,31.9,31.4,31.2,optimal,optimal,optimal,warning,optimal,danger,↑ increasing,↑ increasing,→ stable,60.0,🟢 GOOD,False,NONE,4.9,0.0,NONE
1779687799.142,100.6,91.0,31.9,4717.0,48.3,11.86,32.0,31.9,31.0,31.2,optimal,optimal,optimal,warning,optimal,danger,↑ increasing,↑ increasing,→ stable,60.0,🟢 GOOD,False,NONE,4.5,0.0,NONE
1779687800.144,98.0,93.1,32.3,4696.0,49.0,11.89,32.2,31.9,31.3,30.8,optimal,optimal,optimal,warning,optimal,danger,→ stable,↑ increasing,→ stable,60.0,🟢 GOOD,False,NONE,3.8,0.0,NONE
1779687801.145,100.4,92.5,32.4,4746.0,48.0,11.88,32.0,32.1,31.4,31.0,optimal,optimal,optimal,warning,optimal,danger,→ stable,→ stable,→ stable,60.0,🟢 GOOD,False,NONE,3.7,0.0,NONE
1779687802.147,99.4,92.9,31.7,4697.0,47.6,11.88,32.0,31.7,31.0,30.7,optimal,optimal,optimal,warning,optimal,danger,→ stable,→ stable,→ stable,60.0,🟢 GOOD,False,NONE,4.7,0.0,NONE
1779687803.148,99.9,93.3,31.8,4673.0,47.3,11.86,31.9,32.3,30.8,30.8,optimal,optimal,optimal,warning,optimal,danger,→ stable,→ stable,→ stable,60.0,🟢 GOOD,False,NONE,4.6,0.0,NONE
1779687804.15,102.8,92.9,32.0,4701.0,48.3,11.95,32.3,32.2,31.0,30.7,optimal,optimal,optimal,warning,optimal,danger,→ stable,→ stable,→ stable,60.0,🟢 GOOD,False,NONE,4.4,0.0,NONE
1779687805.15,101.9,92.9,31.9,4721.0,48.3,11.91,32.2,32.4,30.8,30.9,optimal,optimal,optimal,warning,optimal,danger,→ stable,→ stable,→ stable,60.0,🟢 GOOD,False,NONE,4.5,0.0,NONE
1779687806.152,99.3,92.0,32.3,4688.0,47.5,11.91,32.2,32.1,30.7,30.8,optimal,optimal,optimal,warning,optimal,danger,→ stable,→ stable,→ stable,60.0,🟢 GOOD,False,NONE,3.8,0.0,NONE
1779687807.153,99.9,91.3,32.2,4670.0,48.6,11.91,32.3,31.9,30.7,30.9,optimal,optimal,optimal,warning,optimal,danger,→ stable,→ stable,→ stable,60.0,🟢 GOOD,False,NONE,4.0,0.0,NONE
1779687808.155,98.3,91.0,32.4,4707.0,48.0,11.89,32.3,32.1,30.6,30.6,optimal,optimal,optimal,warning,optimal,danger,→ stable,→ stable,→ stable,60.0,🟢 GOOD,False,NONE,3.7,0.0,NONE
1779687809.156,101.0,91.2,32.0,4719.0,48.8,11.88,31.8,31.8,30.6,31.2,optimal,optimal,optimal,warning,optimal,danger,↓ decreasing,→ stable,→ stable,60.0,🟢 GOOD,False,NONE,4.3,0.0,NONE
1779687810.157,98.7,90.8,32.1,4682.0,47.8,11.85,32.1,32.3,30.9,30.7,optimal,optimal,optimal,warning,optimal,danger,→ stable,→ stable,→ stable,60.0,🟢 GOOD,False,NONE,4.1,0.0,NONE
1779687811.158,98.4,92.8,31.7,4686.0,48.7,11.87,31.9,32.3,30.9,31.3,optimal,optimal,optimal,warning,optimal,danger,↓ decreasing,→ stable,→ stable,60.0,🟢 GOOD,False,NONE,4.6,0.0,NONE
1779687812.16,100.7,90.9,31.7,4673.0,48.3,11.91,31.7,31.9,31.0,31.1,optimal,optimal,optimal,warning,optimal,danger,→ stable,→ stable,→ stable,60.0,🟢 GOOD,False,NONE,4.7,0.0,NONE
1779687813.161,100.2,92.8,32.1,4674.0,47.7,11.89,32.3,31.6,31.3,30.9,optimal,optimal,optimal,warning,optimal,danger,→ stable,→ stable,→ stable,60.0,🟢 GOOD,False,NONE,4.2,0.0,NONE
1779687814.162,102.9,92.4,32.3,4728.0,47.4,11.91,32.1,32.1,31.0,31.3,optimal,optimal,optimal,warning,optimal,danger,↓ decreasing,→ stable,→ stable,60.0,🟢 GOOD,False,NONE,4.0,0.0,NONE
1779687815.164,98.8,93.5,31.8,4677.0,47.8,11.94,32.2,32.2,30.9,31.1,optimal,optimal,optimal,warning,optimal,danger,↓ decreasing,→ stable,→ stable,60.0,🟢 GOOD,False,NONE,4.5,0.0,NONE
1779687816.166,99.6,91.5,32.0,4662.0,47.1,11.86,32.0,32.3,30.8,31.3,optimal,optimal,optimal,warning,optimal,danger,↓ decreasing,↓ decreasing,→ stable,60.0,🟢 GOOD,False,NONE,4.3,0.0,NONE
1779687817.166,99.3,92.8,31.8,4701.0,48.9,11.89,31.7,31.9,31.0,30.9,optimal,optimal,optimal,warning,optimal,danger,↓ decreasing,→ stable,→ stable,60.0,🟢 GOOD,False,NONE,4.5,0.0,NONE
1779687818.168,101.4,92.4,32.1,4690.0,47.9,11.91,32.3,31.8,30.9,30.7,optimal,optimal,optimal,warning,optimal,danger,→ stable,→ stable,→ stable,60.0,🟢 GOOD,False,NONE,4.2,0.0,NONE
1779687819.17,98.1,91.8,32.3,4713.0,48.6,11.95,31.7,31.7,31.1,31.3,optimal,optimal,optimal,warning,optimal,danger,→ stable,→ stable,→ stable,60.0,🟢 GOOD,False,NONE,3.8,0.0,NONE
1779687820.172,97.2,92.0,32.4,4674.0,47.7,11.87,32.0,32.1,31.4,30.9,optimal,optimal,optimal,warning,optimal,danger,→ stable,→ stable,→ stable,60.0,🟢 GOOD,False,NONE,3.6,0.0,NONE
1779687821.174,100.8,91.4,31.9,4679.0,48.3,11.85,31.9,32.4,31.3,30.8,optimal,optimal,optimal,warning,optimal,danger,→ stable,→ stable,→ stable,60.0,🟢 GOOD,False,NONE,4.5,0.0,NONE
1779687822.175,100.9,92.7,31.7,4734.0,47.4,11.93,32.4,31.7,30.8,31.2,optimal,optimal,optimal,warning,optimal,danger,→ stable,→ stable,→ stable,60.0,🟢 GOOD,False,NONE,4.8,0.0,NONE
1779687823.177,101.6,92.1,31.7,4716.0,48.4,11.9,31.8,32.1,30.7,30.8,optimal,optimal,optimal,warning,optimal,danger,→ stable,→ stable,→ stable,60.0,🟢 GOOD,False,NONE,4.8,0.0,NONE
1779687824.179,98.7,91.1,32.1,4703.0,47.6,11.88,32.0,31.8,31.2,30.7,optimal,optimal,optimal,warning,optimal,danger,→ stable,→ stable,→ stable,60.0,🟢 GOOD,False,NONE,4.1,0.0,NONE
1779687825.18,102.6,91.4,31.9,4715.0,48.2,11.93,32.3,32.1,31.0,31.2,optimal,optimal,optimal,warning,optimal,danger,→ stable,→ stable,→ stable,60.0,🟢 GOOD,False,NONE,4.5,0.0,NONE
1779687826.182,99.7,92.6,31.6,4665.0,49.0,11.93,32.1,31.7,30.8,31.3,optimal,optimal,optimal,warning,optimal,danger,→ stable,→ stable,→ stable,60.0,🟢 GOOD,False,NONE,4.8,0.0,NONE
1779687827.184,97.4,93.1,32.0,4731.0,48.3,11.88,31.8,31.6,31.0,31.0,optimal,optimal,optimal,warning,optimal,danger,→ stable,→ stable,→ stable,60.0,🟢 GOOD,False,NONE,4.2,0.0,NONE
1779687828.186,99.6,90.9,32.4,4684.0,47.9,11.91,31.8,32.0,31.0,30.8,optimal,optimal,optimal,warning,optimal,danger,→ stable,→ stable,→ stable,60.0,🟢 GOOD,False,NONE,3.7,0.0,NONE
1779687829.188,102.5,91.5,32.1,4692.0,47.7,11.92,31.8,31.6,30.8,31.1,optimal,optimal,optimal,warning,optimal,danger,→ stable,→ stable,→ stable,60.0,🟢 GOOD,False,NONE,4.2,0.0,NONE
1779687830.189,100.7,93.3,32.0,4680.0,48.4,11.86,32.0,31.7,30.8,31.2,optimal,optimal,optimal,warning,optimal,danger,↑ increasing,→ stable,→ stable,60.0,🟢 GOOD,False,NONE,4.3,0.0,NONE
1779687831.19,98.4,92.7,31.9,4651.0,47.4,11.93,32.2,32.1,31.4,31.0,optimal,optimal,optimal,warning,optimal,danger,→ stable,→ stable,→ stable,60.0,🟢 GOOD,False,NONE,4.4,0.0,NONE
1779687832.192,101.7,91.5,32.0,4667.0,47.6,11.86,32.3,32.3,30.6,31.1,optimal,optimal,optimal,warning,optimal,danger,→ stable,→ stable,→ stable,60.0,🟢 GOOD,False,NONE,4.4,0.0,NONE
1779687833.192,99.6,92.4,32.3,4734.0,48.1,11.95,31.9,32.0,30.8,30.6,optimal,optimal,optimal,warning,optimal,danger,→ stable,→ stable,→ stable,60.0,🟢 GOOD,False,NONE,3.8,0.0,NONE
1779687834.193,100.3,92.9,32.1,4694.0,47.9,11.86,31.7,32.1,30.6,31.0,optimal,optimal,optimal,warning,optimal,danger,↑ increasing,→ stable,→ stable,60.0,🟢 GOOD,False,NONE,4.2,0.0,NONE
1779687835.194,97.0,93.0,31.7,4700.0,47.4,11.88,32.4,32.2,30.8,30.8,optimal,optimal,optimal,warning,optimal,danger,→ stable,→ stable,→ stable,60.0,🟢 GOOD,False,NONE,4.6,0.0,NONE
1779687836.196,100.2,91.5,31.8,4679.0,47.2,11.94,32.0,31.9,31.0,30.9,optimal,optimal,optimal,warning,optimal,danger,→ stable,→ stable,→ stable,60.0,🟢 GOOD,False,NONE,4.6,0.0,NONE
1779687837.196,100.0,92.2,32.4,4730.0,47.0,11.89,31.9,31.7,31.4,31.2,optimal,optimal,optimal,warning,optimal,danger,→ stable,→ stable,→ stable,60.0,🟢 GOOD,False,NONE,3.7,0.0,NONE
1779687838.198,100.3,92.7,32.2,4742.0,48.9,11.88,31.8,32.4,31.0,31.4,optimal,optimal,optimal,warning,optimal,danger,→ stable,→ stable,→ stable,60.0,🟢 GOOD,False,NONE,4.0,0.0,NONE
1779687839.199,101.8,93.2,31.8,4715.0,48.9,11.94,32.1,32.3,30.7,31.1,optimal,optimal,optimal,warning,optimal,danger,→ stable,↑ increasing,→ stable,60.0,🟢 GOOD,False,NONE,4.7,0.0,NONE
1779687840.2,102.8,91.3,32.0,4676.0,47.6,11.91,32.2,32.4,31.4,30.8,optimal,optimal,optimal,warning,optimal,danger,→ stable,→ stable,→ stable,60.0,🟢 GOOD,False,NONE,4.4,0.0,NONE
1779687841.201,97.7,93.2,31.9,4669.0,47.6,11.87,32.1,31.6,30.8,30.6,optimal,optimal,optimal,warning,optimal,danger,→ stable,→ stable,→ stable,60.0,🟢 GOOD,False,NONE,4.3,0.0,NONE
1779687842.203,102.4,93.5,31.8,4662.0,47.4,11.95,32.1,32.0,31.3,30.8,optimal,optimal,optimal,warning,optimal,danger,→ stable,↑ increasing,→ stable,60.0,🟢 GOOD,False,NONE,4.7,0.0,NONE
1779687843.205,99.8,91.2,32.1,4675.0,47.6,11.87,31.8,32.1,31.0,30.7,optimal,optimal,optimal,warning,optimal,danger,→ stable,→ stable,→ stable,60.0,🟢 GOOD,False,NONE,4.1,0.0,NONE
1779687844.205,102.3,92.8,32.3,4680.0,47.8,11.85,31.9,31.8,31.3,31.1,optimal,optimal,optimal,warning,optimal,danger,→ stable,→ stable,→ stable,60.0,🟢 GOOD,False,NONE,3.9,0.0,NONE
1779687845.206,97.6,90.8,32.4,4687.0,48.6,11.9,32.4,31.6,31.2,31.2,optimal,optimal,optimal,warning,optimal,danger,↑ increasing,→ stable,→ stable,60.0,🟢 GOOD,False,NONE,3.6,0.0,NONE
1779687846.208,101.7,90.7,32.3,4715.0,47.3,11.92,32.4,32.0,30.8,31.4,optimal,optimal,optimal,warning,optimal,danger,↑ increasing,→ stable,→ stable,60.0,🟢 GOOD,False,NONE,3.9,0.0,NONE
1779687847.21,101.4,91.9,32.4,4666.0,48.8,11.94,31.9,31.9,31.2,30.8,optimal,optimal,optimal,warning,optimal,danger,↑ increasing,→ stable,→ stable,60.0,🟢 GOOD,False,NONE,3.8,0.0,NONE
1779687848.212,98.6,91.2,31.9,4658.0,47.8,11.92,32.1,32.4,31.2,30.8,optimal,optimal,optimal,warning,optimal,danger,↑ increasing,→ stable,→ stable,60.0,🟢 GOOD,False,NONE,4.4,0.0,NONE
1779687849.214,100.9,90.7,31.6,4714.0,47.4,11.87,32.0,31.9,30.7,30.6,optimal,optimal,optimal,warning,optimal,danger,↑ increasing,↓ decreasing,→ stable,60.0,🟢 GOOD,False,NONE,4.9,0.0,NONE
1779687850.214,99.5,92.7,31.7,4656.0,47.7,11.95,31.8,32.0,30.9,31.0,optimal,optimal,optimal,warning,optimal,danger,→ stable,→ stable,→ stable,60.0,🟢 GOOD,False,NONE,4.7,0.0,NONE
1779687851.216,98.0,91.3,31.9,4705.0,47.6,11.86,31.7,32.3,31.1,31.0,optimal,optimal,optimal,warning,optimal,danger,→ stable,↓ decreasing,→ stable,60.0,🟢 GOOD,False,NONE,4.3,0.0,NONE
1779687852.217,99.8,91.9,32.3,4712.0,47.7,11.88,32.2,32.2,30.9,30.9,optimal,optimal,optimal,warning,optimal,danger,→ stable,↓ decreasing,→ stable,60.0,🟢 GOOD,False,NONE,3.8,0.0,NONE
1779687853.218,102.5,90.6,32.1,4678.0,48.2,11.95,32.2,32.1,30.9,30.7,optimal,optimal,optimal,warning,optimal,danger,→ stable,↓ decreasing,→ stable,60.0,🟢 GOOD,False,NONE,4.2,0.0,NONE
1779687854.219,102.5,91.9,31.9,4723.0,48.5,11.89,31.9,31.8,31.4,31.3,optimal,optimal,optimal,warning,optimal,danger,→ stable,↓ decreasing,→ stable,60.0,🟢 GOOD,False,NONE,4.5,0.0,NONE
1779687855.22,98.0,90.7,31.7,4682.0,48.4,11.93,32.2,32.3,30.8,31.0,optimal,optimal,optimal,warning,optimal,danger,→ stable,↓ decreasing,→ stable,60.0,🟢 GOOD,False,NONE,4.6,0.0,NONE
1779687856.221,97.2,91.7,32.4,4742.0,48.1,11.87,31.7,32.2,31.1,31.0,optimal,optimal,optimal,warning,optimal,danger,↓ decreasing,↓ decreasing,→ stable,60.0,🟢 GOOD,False,NONE,3.6,0.0,NONE
1779687857.222,100.0,92.9,31.6,4705.0,48.3,11.88,32.2,31.9,30.7,30.9,optimal,optimal,optimal,warning,optimal,danger,↓ decreasing,↓ decreasing,→ stable,60.0,🟢 GOOD,False,NONE,4.9,0.0,NONE
1779687858.223,100.8,90.8,32.0,4684.0,47.3,11.89,32.1,32.1,31.0,30.8,optimal,optimal,optimal,warning,optimal,danger,↓ decreasing,→ stable,→ stable,60.0,🟢 GOOD,False,NONE,4.3,0.0,NONE
1779687859.225,101.1,92.0,32.4,4719.0,48.4,11.9,31.6,32.4,31.3,31.2,optimal,optimal,optimal,warning,optimal,danger,↓ decreasing,→ stable,→ stable,60.0,🟢 GOOD,False,NONE,3.8,0.0,NONE
1779687860.227,102.5,92.7,32.3,4663.0,48.3,11.87,32.4,31.9,30.9,31.3,optimal,optimal,optimal,warning,optimal,danger,→ stable,→ stable,→ stable,60.0,🟢 GOOD,False,NONE,4.0,0.0,NONE
1779687861.229,99.3,91.2,31.9,4662.0,48.2,11.95,32.0,32.3,31.1,31.0,optimal,optimal,optimal,warning,optimal,danger,→ stable,→ stable,→ stable,60.0,🟢 GOOD,False,NONE,4.4,0.0,NONE
1779687862.23,100.2,92.5,31.9,4657.0,48.6,11.9,32.3,32.3,30.7,30.9,optimal,optimal,optimal,warning,optimal,danger,→ stable,→ stable,→ stable,60.0,🟢 GOOD,False,NONE,4.4,0.0,NONE
1779687863.23,100.8,92.6,32.3,4654.0,48.0,11.91,32.1,32.3,31.3,31.0,optimal,optimal,optimal,warning,optimal,danger,→ stable,→ stable,→ stable,60.0,🟢 GOOD,False,NONE,3.9,0.0,NONE
1779687864.232,100.9,91.4,32.2,4698.0,49.0,11.93,31.6,32.1,31.0,31.3,optimal,optimal,optimal,warning,optimal,danger,→ stable,→ stable,→ stable,60.0,🟢 GOOD,False,NONE,4.0,0.0,NONE
1779687865.233,102.0,91.8,32.1,4716.0,48.2,11.93,31.6,32.4,31.3,30.7,optimal,optimal,optimal,warning,optimal,danger,→ stable,↑ increasing,→ stable,60.0,🟢 GOOD,False,NONE,4.2,0.0,NONE
1779687866.234,99.6,93.5,31.7,4728.0,48.0,11.95,31.8,32.2,30.8,31.4,optimal,optimal,optimal,warning,optimal,danger,↑ increasing,↑ increasing,→ stable,60.0,🟢 GOOD,False,NONE,4.7,0.0,NONE
1779687867.236,97.7,93.5,31.9,4713.0,48.3,11.94,32.4,31.7,30.7,31.0,optimal,optimal,optimal,warning,optimal,danger,↑ increasing,↑ increasing,→ stable,60.0,🟢 GOOD,False,NONE,4.3,0.0,NONE
1779687868.238,100.9,92.9,32.3,4670.0,48.0,11.92,31.6,32.1,30.9,31.1,optimal,optimal,optimal,warning,optimal,danger,↑ increasing,↑ increasing,→ stable,60.0,🟢 GOOD,False,NONE,3.9,0.0,NONE
1779687869.239,100.8,93.0,31.7,4652.0,47.8,11.86,31.7,32.0,31.1,30.8,optimal,optimal,optimal,warning,optimal,danger,↑ increasing,↑ increasing,→ stable,60.0,🟢 GOOD,False,NONE,4.8,0.0,NONE
1779687870.241,99.0,92.3,31.8,4695.0,47.3,11.95,31.8,32.1,31.3,30.9,optimal,optimal,optimal,warning,optimal,danger,→ stable,↑ increasing,→ stable,60.0,🟢 GOOD,False,NONE,4.5,0.0,NONE
1779687871.242,98.1,91.7,32.2,4715.0,48.7,11.89,31.8,31.8,31.1,30.8,optimal,optimal,optimal,warning,optimal,danger,→ stable,↑ increasing,→ stable,60.0,🟢 GOOD,False,NONE,3.9,0.0,NONE
1779687872.244,101.9,93.0,32.1,4673.0,48.9,11.91,32.0,31.9,30.6,30.8,optimal,optimal,optimal,warning,optimal,danger,→ stable,↑ increasing,→ stable,60.0,🟢 GOOD,False,NONE,4.2,0.0,NONE
1779687873.246,102.5,91.5,31.8,4661.0,47.1,11.93,31.7,31.8,30.6,30.7,optimal,optimal,optimal,warning,optimal,danger,→ stable,↑ increasing,→ stable,60.0,🟢 GOOD,False,NONE,4.7,0.0,NONE
1779687874.246,97.7,91.0,32.4,4747.0,48.8,11.9,31.9,31.7,31.3,31.1,optimal,optimal,optimal,warning,optimal,danger,→ stable,↑ increasing,→ stable,60.0,🟢 GOOD,False,NONE,3.6,0.0,NONE
1779687875.247,102.9,92.9,32.2,4721.0,48.7,11.89,32.2,31.6,31.1,30.7,optimal,optimal,optimal,warning,optimal,danger,→ stable,↑ increasing,→ stable,60.0,🟢 GOOD,False,NONE,4.1,0.0,NONE
1779687876.249,100.7,93.2,31.8,4702.0,48.9,11.88,31.9,32.3,31.1,31.3,optimal,optimal,optimal,warning,optimal,danger,→ stable,→ stable,→ stable,60.0,🟢 GOOD,False,NONE,4.6,0.0,NONE
1779687877.25,97.8,91.8,32.3,4721.0,48.8,11.93,31.9,32.0,30.7,30.8,optimal,optimal,optimal,warning,optimal,danger,→ stable,→ stable,→ stable,60.0,🟢 GOOD,False,NONE,3.8,0.0,NONE
1779687878.251,102.9,90.9,32.0,4651.0,47.3,11.89,32.1,32.1,31.0,30.8,optimal,optimal,optimal,warning,optimal,danger,→ stable,→ stable,→ stable,60.0,🟢 GOOD,False,NONE,4.4,0.0,NONE
1779687879.254,101.2,90.8,32.1,4669.0,47.3,11.94,32.0,32.1,31.3,31.3,optimal,optimal,optimal,warning,optimal,danger,→ stable,↓ decreasing,→ stable,60.0,🟢 GOOD,False,NONE,4.2,0.0,NONE
1779687880.256,100.0,90.8,32.1,4740.0,47.0,11.86,31.9,32.3,31.1,30.9,optimal,optimal,optimal,warning,optimal,danger,→ stable,↓ decreasing,→ stable,60.0,🟢 GOOD,False,NONE,4.1,0.0,NONE
1779687881.257,98.8,92.9,32.2,4739.0,47.8,11.88,31.8,31.8,31.0,31.0,optimal,optimal,optimal,warning,optimal,danger,↑ increasing,↓ decreasing,→ stable,60.0,🟢 GOOD,False,NONE,4.0,0.0,NONE
1779687882.259,102.0,91.9,31.7,4663.0,47.7,11.93,31.7,32.0,31.3,30.7,optimal,optimal,optimal,warning,optimal,danger,→ stable,↓ decreasing,→ stable,60.0,🟢 GOOD,False,NONE,4.8,0.0,NONE
1779687883.26,97.2,92.8,32.3,4672.0,48.6,11.88,32.2,32.2,31.0,31.3,optimal,optimal,optimal,warning,optimal,danger,→ stable,↓ decreasing,→ stable,60.0,🟢 GOOD,False,NONE,3.7,0.0,NONE
1779687884.262,102.1,92.8,32.3,4658.0,48.2,11.88,32.4,32.0,30.8,31.3,optimal,optimal,optimal,warning,optimal,danger,↑ increasing,→ stable,→ stable,60.0,🟢 GOOD,False,NONE,3.9,0.0,NONE
1779687885.262,100.0,91.5,32.2,4721.0,47.3,11.91,31.7,32.0,31.3,31.3,optimal,optimal,optimal,warning,optimal,danger,→ stable,↓ decreasing,→ stable,60.0,🟢 GOOD,False,NONE,4.0,0.0,NONE
1779687886.264,100.6,91.4,31.8,4665.0,48.5,11.9,32.1,32.1,31.0,30.8,optimal,optimal,optimal,warning,optimal,danger,→ stable,↓ decreasing,→ stable,60.0,🟢 GOOD,False,NONE,4.6,0.0,NONE
1779687887.266,102.0,92.2,32.1,4723.0,47.5,11.87,32.2,32.0,31.3,31.3,optimal,optimal,optimal,warning,optimal,danger,→ stable,↓ decreasing,→ stable,60.0,🟢 GOOD,False,NONE,4.2,0.0,NONE
1779687888.268,99.0,91.1,32.3,4735.0,47.7,11.9,32.4,31.8,31.3,30.9,optimal,optimal,optimal,warning,optimal,danger,→ stable,→ stable,→ stable,60.0,🟢 GOOD,False,NONE,3.8,0.0,NONE
1779687889.27,98.0,93.4,32.3,4688.0,47.4,11.94,31.9,32.1,31.1,30.7,optimal,optimal,optimal,warning,optimal,danger,→ stable,→ stable,→ stable,60.0,🟢 GOOD,False,NONE,3.8,0.0,NONE
1779687890.272,98.9,92.0,31.8,4715.0,47.7,11.94,31.8,32.0,31.4,30.8,optimal,optimal,optimal,warning,optimal,danger,↓ decreasing,→ stable,→ stable,60.0,🟢 GOOD,False,NONE,4.5,0.0,NONE
1779687891.273,101.7,92.0,32.1,4683.0,47.8,11.93,31.7,32.2,31.0,31.0,optimal,optimal,optimal,warning,optimal,danger,→ stable,→ stable,→ stable,60.0,🟢 GOOD,False,NONE,4.2,0.0,NONE
1779687892.274,97.2,92.7,32.3,4735.0,47.0,11.93,32.0,32.2,31.0,31.0,optimal,optimal,optimal,warning,optimal,danger,↓ decreasing,→ stable,→ stable,60.0,🟢 GOOD,False,NONE,3.7,0.0,NONE
1779687893.276,101.0,91.1,32.0,4702.0,47.5,11.93,32.0,31.6,30.8,31.3,optimal,optimal,optimal,warning,optimal,danger,→ stable,→ stable,→ stable,60.0,🟢 GOOD,False,NONE,4.3,0.0,NONE
1779687894.278,102.7,93.2,32.4,4719.0,47.8,11.95,32.2,31.8,30.9,31.0,optimal,optimal,optimal,warning,optimal,danger,→ stable,→ stable,→ stable,60.0,🟢 GOOD,False,NONE,3.8,0.0,NONE
1779687895.28,102.7,91.2,32.2,4715.0,47.8,11.88,31.9,31.7,30.9,31.0,optimal,optimal,optimal,warning,optimal,danger,→ stable,→ stable,→ stable,60.0,🟢 GOOD,False,NONE,4.1,0.0,NONE
1779687896.282,98.3,91.3,31.8,4743.0,48.3,11.89,31.8,31.7,30.8,30.9,optimal,optimal,optimal,warning,optimal,danger,→ stable,→ stable,→ stable,60.0,🟢 GOOD,False,NONE,4.5,0.0,NONE
1779687897.282,101.0,91.0,32.3,4747.0,48.8,11.92,31.9,31.9,31.1,30.7,optimal,optimal,optimal,warning,optimal,danger,↓ decreasing,→ stable,→ stable,60.0,🟢 GOOD,False,NONE,3.9,0.0,NONE
1779687898.283,101.2,91.2,31.7,4746.0,47.4,11.88,32.3,32.2,31.0,31.1,optimal,optimal,optimal,warning,optimal,danger,→ stable,→ stable,→ stable,60.0,🟢 GOOD,False,NONE,4.8,0.0,NONE
1779687899.284,99.4,90.8,32.3,4687.0,47.4,11.91,31.8,32.3,30.7,31.2,optimal,optimal,optimal,warning,optimal,danger,→ stable,→ stable,→ stable,60.0,🟢 GOOD,False,NONE,3.8,0.0,NONE
1779687900.285,100.4,92.3,32.1,4718.0,48.1,11.91,32.0,32.2,30.8,30.8,optimal,optimal,optimal,warning,optimal,danger,↑ increasing,↓ decreasing,→ stable,60.0,🟢 GOOD,False,NONE,4.2,0.0,NONE
1779687901.286,98.1,90.8,32.0,4691.0,48.3,11.88,31.7,31.6,30.7,31.3,optimal,optimal,optimal,warning,optimal,danger,→ stable,↓ decreasing,→ stable,60.0,🟢 GOOD,False,NONE,4.2,0.0,NONE
1779687902.287,99.6,90.9,31.9,4675.0,49.0,11.9,32.0,32.2,31.0,30.9,optimal,optimal,optimal,warning,optimal,danger,↑ increasing,↓ decreasing,→ stable,60.0,🟢 GOOD,False,NONE,4.4,0.0,NONE
1779687903.288,99.0,90.5,32.0,4748.0,47.6,11.95,31.9,31.9,31.2,30.7,optimal,optimal,optimal,warning,optimal,danger,→ stable,↓ decreasing,→ stable,60.0,🟢 GOOD,False,NONE,4.2,0.0,NONE
1779687904.289,100.6,92.6,32.1,4675.0,48.7,11.9,31.9,32.1,30.6,31.4,optimal,optimal,optimal,warning,optimal,danger,→ stable,↓ decreasing,→ stable,60.0,🟢 GOOD,False,NONE,4.2,0.0,NONE
1779687905.291,102.1,91.7,31.8,4749.0,48.1,11.87,32.0,31.7,31.1,31.0,optimal,optimal,optimal,warning,optimal,danger,→ stable,↓ decreasing,→ stable,60.0,🟢 GOOD,False,NONE,4.7,0.0,NONE
1779687906.292,102.3,92.5,31.9,4679.0,47.0,11.86,32.1,31.8,30.9,31.0,optimal,optimal,optimal,warning,optimal,danger,→ stable,↓ decreasing,→ stable,60.0,🟢 GOOD,False,NONE,4.5,0.0,NONE
1779687907.294,102.6,90.8,31.7,4690.0,48.1,11.9,32.4,32.4,30.7,30.6,optimal,optimal,optimal,warning,optimal,danger,→ stable,→ stable,→ stable,60.0,🟢 GOOD,False,NONE,4.8,0.0,NONE
1779687908.295,97.5,91.8,32.3,4749.0,47.1,11.87,32.1,31.7,30.7,30.8,optimal,optimal,optimal,warning,optimal,danger,→ stable,→ stable,→ stable,60.0,🟢 GOOD,False,NONE,3.8,0.0,NONE
1779687909.297,98.9,92.3,32.1,4682.0,47.9,11.92,31.9,32.3,31.1,31.4,optimal,optimal,optimal,warning,optimal,danger,→ stable,→ stable,→ stable,60.0,🟢 GOOD,False,NONE,4.1,0.0,NONE
1779687910.298,98.8,91.0,32.3,4656.0,47.7,11.9,31.9,31.7,30.8,31.3,optimal,optimal,optimal,warning,optimal,danger,↓ decreasing,→ stable,→ stable,60.0,🟢 GOOD,False,NONE,3.8,0.0,NONE
1779687911.299,97.7,91.9,32.3,4737.0,47.8,11.9,32.0,31.9,31.2,30.8,optimal,optimal,optimal,warning,optimal,danger,→ stable,→ stable,→ stable,60.0,🟢 GOOD,False,NONE,3.8,0.0,NONE
1779687912.3,100.1,92.2,32.1,4673.0,47.9,11.86,32.2,32.1,30.8,31.2,optimal,optimal,optimal,warning,optimal,danger,→ stable,→ stable,→ stable,60.0,🟢 GOOD,False,NONE,4.1,0.0,NONE
1779687913.301,99.8,91.6,31.9,4717.0,47.7,11.9,32.3,32.2,30.9,30.6,optimal,optimal,optimal,warning,optimal,danger,→ stable,↑ increasing,→ stable,60.0,🟢 GOOD,False,NONE,4.4,0.0,NONE
1779687914.303,100.9,92.7,32.1,4718.0,47.9,11.86,31.7,32.1,30.6,31.1,optimal,optimal,optimal,warning,optimal,danger,→ stable,↑ increasing,→ stable,60.0,🟢 GOOD,False,NONE,4.2,0.0,NONE
1779687915.303,97.7,92.0,31.7,4724.0,47.4,11.88,32.4,32.0,31.1,30.8,optimal,optimal,optimal,warning,optimal,danger,→ stable,↑ increasing,→ stable,60.0,🟢 GOOD,False,NONE,4.6,0.0,NONE
1779687916.304,99.0,93.1,32.4,4692.0,48.2,11.92,31.9,32.2,31.2,31.0,optimal,optimal,optimal,warning,optimal,danger,↓ decreasing,↑ increasing,→ stable,60.0,🟢 GOOD,False,NONE,3.7,0.0,NONE
1779687917.304,99.1,93.1,31.9,4698.0,47.5,11.85,31.9,31.7,31.0,31.1,optimal,optimal,optimal,warning,optimal,danger,↓ decreasing,↑ increasing,→ stable,60.0,🟢 GOOD,False,NONE,4.4,0.0,NONE
1779687918.306,102.1,92.7,32.3,4746.0,48.8,11.89,32.1,31.8,31.1,30.9,optimal,optimal,optimal,warning,optimal,danger,↓ decreasing,↑ increasing,→ stable,60.0,🟢 GOOD,False,NONE,3.9,0.0,NONE
1779687919.308,97.5,92.1,32.3,4749.0,47.1,11.89,31.9,31.8,30.7,31.3,optimal,optimal,optimal,warning,optimal,danger,↓ decreasing,↑ increasing,→ stable,60.0,🟢 GOOD,False,NONE,3.8,0.0,NONE
1779687920.31,100.1,93.0,31.7,4694.0,47.0,11.9,31.9,31.8,31.0,31.3,optimal,optimal,optimal,warning,optimal,danger,↓ decreasing,↑ increasing,→ stable,60.0,🟢 GOOD,False,NONE,4.7,0.0,NONE
1779687921.312,99.3,90.6,31.8,4676.0,47.3,11.91,32.0,32.1,30.9,30.8,optimal,optimal,optimal,warning,optimal,danger,→ stable,↑ increasing,→ stable,60.0,🟢 GOOD,False,NONE,4.5,0.0,NONE
1779687922.312,100.6,91.7,32.0,4735.0,48.8,11.86,31.9,32.1,31.1,31.0,optimal,optimal,optimal,warning,optimal,danger,→ stable,↑ increasing,→ stable,60.0,🟢 GOOD,False,NONE,4.3,0.0,NONE
1779687923.313,98.5,92.9,31.7,4689.0,47.1,11.88,32.1,31.7,31.2,30.6,optimal,optimal,optimal,warning,optimal,danger,↓ decreasing,↑ increasing,→ stable,60.0,🟢 GOOD,False,NONE,4.6,0.0,NONE
1779687924.315,100.6,91.2,32.2,4662.0,48.1,11.87,32.0,31.9,30.7,31.0,optimal,optimal,optimal,warning,optimal,danger,↓ decreasing,→ stable,→ stable,60.0,🟢 GOOD,False,NONE,4.0,0.0,NONE
1779687925.316,102.0,91.9,32.1,4691.0,48.1,11.92,31.7,32.1,30.7,31.4,optimal,optimal,optimal,warning,optimal,danger,→ stable,→ stable,→ stable,60.0,🟢 GOOD,False,NONE,4.2,0.0,NONE
1779687926.318,102.3,92.7,32.2,4692.0,47.8,11.87,32.2,32.2,30.8,30.6,optimal,optimal,optimal,warning,optimal,danger,↑ increasing,→ stable,→ stable,60.0,🟢 GOOD,False,NONE,4.1,0.0,NONE
1779687927.319,99.6,90.7,32.0,4690.0,48.0,11.88,31.9,32.0,30.8,31.2,optimal,optimal,optimal,warning,optimal,danger,↑ increasing,→ stable,→ stable,60.0,🟢 GOOD,False,NONE,4.3,0.0,NONE
1779687928.321,100.9,91.0,31.9,4714.0,48.6,11.87,31.7,31.8,31.2,30.9,optimal,optimal,optimal,warning,optimal,danger,↑ increasing,→ stable,→ stable,60.0,🟢 GOOD,False,NONE,4.5,0.0,NONE
1779687929.322,98.2,90.8,32.1,4679.0,47.9,11.89,32.3,32.0,31.1,30.6,optimal,optimal,optimal,warning,optimal,danger,↑ increasing,↓ decreasing,→ stable,60.0,🟢 GOOD,False,NONE,4.1,0.0,NONE
1779687930.324,102.3,90.9,31.7,4729.0,47.2,11.85,32.2,32.2,30.7,31.0,optimal,optimal,optimal,warning,optimal,danger,↑ increasing,↓ decreasing,→ stable,60.0,🟢 GOOD,False,NONE,4.8,0.0,NONE
1779687931.326,100.4,92.9,31.6,4706.0,47.5,11.92,32.1,32.3,31.0,30.9,optimal,optimal,optimal,warning,optimal,danger,↑ increasing,↓ decreasing,→ stable,60.0,🟢 GOOD,False,NONE,4.9,0.0,NONE
1779687932.327,98.7,93.5,31.7,4659.0,48.3,11.93,32.3,31.9,31.1,30.9,optimal,optimal,optimal,warning,optimal,danger,↑ increasing,→ stable,→ stable,60.0,🟢 GOOD,False,NONE,4.7,0.0,NONE
1779687933.328,99.3,91.6,32.1,4678.0,48.5,11.91,31.7,31.6,31.3,31.4,optimal,optimal,optimal,warning,optimal,danger,↑ increasing,↓ decreasing,→ stable,60.0,🟢 GOOD,False,NONE,4.1,0.0,NONE
1779687934.329,102.2,93.3,31.8,4736.0,47.0,11.94,32.0,32.1,31.3,30.9,optimal,optimal,optimal,warning,optimal,danger,↑ increasing,→ stable,→ stable,60.0,🟢 GOOD,False,NONE,4.7,0.0,NONE
1779687935.331,101.6,92.8,32.3,4732.0,48.7,11.93,32.2,32.2,31.0,30.7,optimal,optimal,optimal,warning,optimal,danger,↑ increasing,→ stable,→ stable,60.0,🟢 GOOD,False,NONE,3.9,0.0,NONE
1779687936.332,97.2,93.2,32.3,4684.0,47.0,11.94,32.0,31.7,30.8,30.8,optimal,optimal,optimal,warning,optimal,danger,→ stable,→ stable,→ stable,60.0,🟢 GOOD,False,NONE,3.7,0.0,NONE
1779687937.333,101.0,91.9,32.4,4652.0,47.6,11.87,31.7,31.7,31.0,31.2,optimal,optimal,optimal,warning,optimal,danger,→ stable,→ stable,→ stable,60.0,🟢 GOOD,False,NONE,3.8,0.0,NONE
1779687938.335,101.5,93.2,31.8,4671.0,47.5,11.95,32.2,32.3,30.9,31.0,optimal,optimal,optimal,warning,optimal,danger,→ stable,↑ increasing,→ stable,60.0,🟢 GOOD,False,NONE,4.6,0.0,NONE
1779687939.336,102.3,92.6,32.3,4740.0,48.8,11.9,31.9,31.7,31.0,30.9,optimal,optimal,optimal,warning,optimal,danger,→ stable,↑ increasing,→ stable,60.0,🟢 GOOD,False,NONE,3.9,0.0,NONE
1779687940.337,97.1,92.0,32.1,4746.0,48.3,11.92,31.6,32.4,30.7,31.3,optimal,optimal,optimal,warning,optimal,danger,→ stable,↑ increasing,→ stable,60.0,🟢 GOOD,False,NONE,4.0,0.0,NONE
1779687941.338,102.0,91.9,32.3,4673.0,48.7,11.86,32.0,32.3,30.8,30.9,optimal,optimal,optimal,warning,optimal,danger,→ stable,↑ increasing,→ stable,60.0,🟢 GOOD,False,NONE,3.9,0.0,NONE
1779687942.34,97.0,92.5,31.8,4682.0,48.5,11.87,31.6,31.8,30.9,31.2,optimal,optimal,optimal,warning,optimal,danger,→ stable,↑ increasing,→ stable,60.0,🟢 GOOD,False,NONE,4.4,0.0,NONE
1779687943.341,98.4,92.7,31.6,4664.0,48.0,11.89,31.7,31.9,30.8,31.4,optimal,optimal,optimal,warning,optimal,danger,→ stable,↑ increasing,→ stable,60.0,🟢 GOOD,False,NONE,4.8,0.0,NONE
1779687944.343,99.9,93.5,32.3,4706.0,47.8,11.85,31.6,32.0,31.2,31.2,optimal,optimal,optimal,warning,optimal,danger,↓ decreasing,↑ increasing,→ stable,60.0,🟢 GOOD,False,NONE,3.9,0.0,NONE
1779687945.345,97.7,91.6,31.6,4711.0,47.3,11.88,31.8,31.6,30.9,31.4,optimal,optimal,optimal,warning,optimal,danger,↓ decreasing,→ stable,→ stable,60.0,🟢 GOOD,False,NONE,4.7,0.0,NONE
1779687946.347,99.6,91.4,31.7,4724.0,47.8,11.89,32.1,32.0,31.3,31.0,optimal,optimal,optimal,warning,optimal,danger,→ stable,→ stable,→ stable,60.0,🟢 GOOD,False,NONE,4.7,0.0,NONE
1779687947.349,102.4,92.5,32.0,4736.0,47.4,11.88,31.8,31.8,31.1,30.8,optimal,optimal,optimal,warning,optimal,danger,→ stable,→ stable,→ stable,60.0,🟢 GOOD,False,NONE,4.4,0.0,NONE
1779687948.35,100.7,92.0,31.9,4722.0,48.9,11.94,31.9,32.3,30.9,31.2,optimal,optimal,optimal,warning,optimal,danger,↓ decreasing,→ stable,→ stable,60.0,🟢 GOOD,False,NONE,4.5,0.0,NONE
1779687949.351,98.2,90.9,32.3,4705.0,48.0,11.88,32.2,31.9,30.7,30.7,optimal,optimal,optimal,warning,optimal,danger,↓ decreasing,→ stable,→ stable,60.0,🟢 GOOD,False,NONE,3.8,0.0,NONE
1779687950.352,98.6,91.5,31.8,4712.0,48.5,11.95,32.3,32.3,30.6,30.8,optimal,optimal,optimal,warning,optimal,danger,↓ decreasing,↓ decreasing,→ stable,60.0,🟢 GOOD,False,NONE,4.5,0.0,NONE
1779687951.353,101.8,93.1,32.3,4665.0,49.0,11.91,32.3,32.1,30.7,30.7,optimal,optimal,optimal,warning,optimal,danger,↓ decreasing,→ stable,→ stable,60.0,🟢 GOOD,False,NONE,3.9,0.0,NONE
1779687952.354,99.2,91.2,32.2,4694.0,47.6,11.93,31.6,31.6,31.3,30.6,optimal,optimal,optimal,warning,optimal,danger,→ stable,→ stable,→ stable,60.0,🟢 GOOD,False,NONE,4.0,0.0,NONE
1779687953.356,99.4,91.1,31.9,4707.0,47.7,11.89,32.2,31.8,31.0,31.4,optimal,optimal,optimal,warning,optimal,danger,→ stable,↓ decreasing,→ stable,60.0,🟢 GOOD,False,NONE,4.4,0.0,NONE
1779687954.356,100.5,91.9,32.4,4706.0,47.7,11.94,32.1,32.1,30.6,31.2,optimal,optimal,optimal,warning,optimal,danger,→ stable,↓ decreasing,→ stable,60.0,🟢 GOOD,False,NONE,3.7,0.0,NONE
1779687955.358,99.7,91.0,31.6,4661.0,48.2,11.89,32.0,32.2,31.4,31.2,optimal,optimal,optimal,warning,optimal,danger,↑ increasing,↓ decreasing,→ stable,60.0,🟢 GOOD,False,NONE,4.8,0.0,NONE
1779687956.358,98.4,91.5,32.3,4695.0,48.3,11.94,32.0,31.9,31.3,31.4,optimal,optimal,optimal,warning,optimal,danger,→ stable,↓ decreasing,→ stable,60.0,🟢 GOOD,False,NONE,3.8,0.0,NONE
1779687957.359,101.9,91.3,32.0,4697.0,48.3,11.94,31.8,31.9,31.0,30.7,optimal,optimal,optimal,warning,optimal,danger,→ stable,↓ decreasing,→ stable,60.0,🟢 GOOD,False,NONE,4.4,0.0,NONE
1779687958.36,100.9,92.9,32.0,4727.0,48.1,11.9,31.9,31.7,30.7,30.9,optimal,optimal,optimal,warning,optimal,danger,→ stable,↓ decreasing,→ stable,60.0,🟢 GOOD,False,NONE,4.3,0.0,NONE
1779687959.362,98.3,90.9,32.3,4681.0,48.5,11.87,31.7,32.1,31.3,31.3,optimal,optimal,optimal,warning,optimal,danger,↑ increasing,→ stable,→ stable,60.0,🟢 GOOD,False,NONE,3.8,0.0,NONE
1779687960.364,99.7,92.7,32.3,4653.0,47.1,11.91,31.9,32.1,30.9,30.7,optimal,optimal,optimal,warning,optimal,danger,↑ increasing,→ stable,→ stable,60.0,🟢 GOOD,False,NONE,3.8,0.0,NONE
1779687961.364,98.2,93.2,32.3,4668.0,48.7,11.91,31.6,31.8,31.2,31.2,optimal,optimal,optimal,warning,optimal,danger,→ stable,→ stable,→ stable,60.0,🟢 GOOD,False,NONE,3.8,0.0,NONE
1779687962.366,99.1,91.5,32.1,4705.0,47.5,11.94,31.6,32.2,30.9,31.3,optimal,optimal,optimal,warning,optimal,danger,→ stable,→ stable,→ stable,60.0,🟢 GOOD,False,NONE,4.1,0.0,NONE
1779687963.367,101.5,92.9,31.8,4667.0,47.4,11.86,32.3,32.2,30.6,30.8,optimal,optimal,optimal,warning,optimal,danger,→ stable,→ stable,→ stable,60.0,🟢 GOOD,False,NONE,4.6,0.0,NONE
1779687964.368,99.8,91.0,31.8,4651.0,47.8,11.86,32.2,32.1,30.9,31.3,optimal,optimal,optimal,warning,optimal,danger,→ stable,→ stable,→ stable,60.0,🟢 GOOD,False,NONE,4.6,0.0,NONE
1779687965.368,98.9,93.2,32.0,4722.0,47.7,11.88,32.2,32.0,31.2,30.7,optimal,optimal,optimal,warning,optimal,danger,→ stable,→ stable,→ stable,60.0,🟢 GOOD,False,NONE,4.2,0.0,NONE
1779687966.371,102.4,91.8,31.7,4718.0,47.5,11.86,31.8,31.7,30.9,31.1,optimal,optimal,optimal,warning,optimal,danger,→ stable,→ stable,→ stable,60.0,🟢 GOOD,False,NONE,4.8,0.0,NONE
1779687967.373,101.5,92.1,32.2,4743.0,47.5,11.92,31.9,32.0,31.0,31.0,optimal,optimal,optimal,warning,optimal,danger,→ stable,↑ increasing,→ stable,60.0,🟢 GOOD,False,NONE,4.1,0.0,NONE
1779687968.375,97.2,92.2,32.0,4683.0,47.6,11.92,32.2,32.0,30.8,31.1,optimal,optimal,optimal,warning,optimal,danger,→ stable,↑ increasing,→ stable,60.0,🟢 GOOD,False,NONE,4.2,0.0,NONE
1779687969.377,98.9,91.0,32.1,4688.0,48.9,11.92,31.8,32.3,30.8,31.0,optimal,optimal,optimal,warning,optimal,danger,→ stable,↑ increasing,→ stable,60.0,🟢 GOOD,False,NONE,4.1,0.0,NONE
1779687970.378,100.6,93.5,32.2,4691.0,48.1,11.89,31.8,31.7,31.0,31.3,optimal,optimal,optimal,warning,optimal,danger,→ stable,→ stable,→ stable,60.0,🟢 GOOD,False,NONE,4.0,0.0,NONE
1779687971.379,100.3,92.1,32.0,4654.0,48.5,11.92,31.9,31.7,30.6,30.7,optimal,optimal,optimal,warning,optimal,danger,→ stable,→ stable,→ stable,60.0,🟢 GOOD,False,NONE,4.3,0.0,NONE
1779687972.381,98.3,93.5,31.9,4680.0,48.4,11.91,32.4,31.9,30.8,30.9,optimal,optimal,optimal,warning,optimal,danger,→ stable,↑ increasing,→ stable,60.0,🟢 GOOD,False,NONE,4.4,0.0,NONE
1779687973.383,100.5,91.6,32.0,4670.0,48.6,11.87,32.3,32.0,30.9,30.7,optimal,optimal,optimal,warning,optimal,danger,→ stable,→ stable,→ stable,60.0,🟢 GOOD,False,NONE,4.3,0.0,NONE
1779687974.384,102.8,90.8,31.9,4731.0,47.0,11.94,32.1,31.9,30.8,31.0,optimal,optimal,optimal,warning,optimal,danger,→ stable,→ stable,→ stable,60.0,🟢 GOOD,False,NONE,4.6,0.0,NONE
1779687975.385,101.2,90.7,32.3,4652.0,48.3,11.94,32.4,32.1,30.7,30.8,optimal,optimal,optimal,warning,optimal,danger,↑ increasing,→ stable,→ stable,60.0,🟢 GOOD,False,NONE,3.9,0.0,NONE
1779687976.386,101.5,90.5,31.7,4727.0,48.4,11.89,31.6,32.4,30.8,31.4,optimal,optimal,optimal,warning,optimal,danger,→ stable,→ stable,→ stable,60.0,🟢 GOOD,False,NONE,4.8,0.0,NONE
1779687977.388,101.5,92.7,32.3,4728.0,47.1,11.92,32.0,32.0,31.2,30.6,optimal,optimal,optimal,warning,optimal,danger,→ stable,→ stable,→ stable,60.0,🟢 GOOD,False,NONE,3.9,0.0,NONE
1779687978.388,98.3,91.2,31.8,4696.0,47.7,11.91,32.0,32.2,31.1,30.9,optimal,optimal,optimal,warning,optimal,danger,↑ increasing,→ stable,→ stable,60.0,🟢 GOOD,False,NONE,4.5,0.0,NONE
1779687979.389,97.4,90.7,32.2,4676.0,47.1,11.89,32.1,31.6,31.0,31.1,optimal,optimal,optimal,warning,optimal,danger,↑ increasing,→ stable,→ stable,60.0,🟢 GOOD,False,NONE,3.9,0.0,NONE
1779687980.391,101.0,91.4,32.3,4710.0,47.5,11.9,32.3,32.3,30.8,31.3,optimal,optimal,optimal,warning,optimal,danger,→ stable,↓ decreasing,→ stable,60.0,🟢 GOOD,False,NONE,3.9,0.0,NONE
1779687981.393,97.3,91.3,31.8,4687.0,47.7,11.86,32.1,31.7,31.3,30.7,optimal,optimal,optimal,warning,optimal,danger,→ stable,↓ decreasing,→ stable,60.0,🟢 GOOD,False,NONE,4.4,0.0,NONE
1779687982.395,97.2,90.5,31.8,4737.0,47.8,11.88,31.8,32.0,31.1,31.2,optimal,optimal,optimal,warning,optimal,danger,→ stable,↓ decreasing,→ stable,60.0,🟢 GOOD,False,NONE,4.4,0.0,NONE
1779687983.395,100.7,91.6,31.7,4708.0,48.2,11.92,31.9,32.0,31.0,30.8,optimal,optimal,optimal,warning,optimal,danger,→ stable,↓ decreasing,→ stable,60.0,🟢 GOOD,False,NONE,4.7,0.0,NONE
1779687984.396,100.9,92.3,32.3,4694.0,47.2,11.87,32.3,31.6,31.1,31.1,optimal,optimal,optimal,warning,optimal,danger,→ stable,↓ decreasing,→ stable,60.0,🟢 GOOD,False,NONE,3.9,0.0,NONE
1779687985.398,99.7,92.8,32.3,4749.0,48.7,11.94,32.2,31.7,31.3,30.6,optimal,optimal,optimal,warning,optimal,danger,↓ decreasing,→ stable,→ stable,60.0,🟢 GOOD,False,NONE,3.8,0.0,NONE
1779687986.4,100.4,92.2,31.7,4713.0,47.2,11.87,31.9,32.3,30.7,31.0,optimal,optimal,optimal,warning,optimal,danger,↓ decreasing,→ stable,→ stable,60.0,🟢 GOOD,False,NONE,4.7,0.0,NONE
1779687987.402,98.6,91.6,31.7,4698.0,47.2,11.87,32.3,31.6,31.3,30.6,optimal,optimal,optimal,warning,optimal,danger,↓ decreasing,→ stable,→ stable,60.0,🟢 GOOD,False,NONE,4.6,0.0,NONE
1779687988.404,99.0,91.2,31.9,4727.0,48.8,11.86,32.1,32.2,31.0,30.9,optimal,optimal,optimal,warning,optimal,danger,↓ decreasing,→ stable,→ stable,60.0,🟢 GOOD,False,NONE,4.4,0.0,NONE
1779687989.404,97.2,93.3,32.0,4664.0,48.8,11.88,31.9,32.2,31.0,31.3,optimal,optimal,optimal,warning,optimal,danger,↓ decreasing,→ stable,→ stable,60.0,🟢 GOOD,False,NONE,4.2,0.0,NONE
1779687990.405,101.6,92.4,32.3,4672.0,47.2,11.86,31.9,32.0,31.0,31.0,optimal,optimal,optimal,warning,optimal,danger,↓ decreasing,→ stable,→ stable,60.0,🟢 GOOD,False,NONE,3.9,0.0,NONE
1779687991.406,99.9,93.1,31.9,4707.0,47.0,11.93,32.2,31.9,30.7,30.9,optimal,optimal,optimal,warning,optimal,danger,→ stable,↑ increasing,→ stable,60.0,🟢 GOOD,False,NONE,4.4,0.0,NONE
1779687992.408,102.2,91.1,32.1,4700.0,48.5,11.89,31.8,31.8,31.0,30.8,optimal,optimal,optimal,warning,optimal,danger,→ stable,↑ increasing,→ stable,60.0,🟢 GOOD,False,NONE,4.2,0.0,NONE
1779687993.41,102.1,93.3,31.9,4688.0,48.3,11.9,31.9,32.3,30.9,31.2,optimal,optimal,optimal,warning,optimal,danger,→ stable,↑ increasing,→ stable,60.0,🟢 GOOD,False,NONE,4.5,0.0,NONE
1779687994.41,99.4,91.9,31.7,4726.0,48.6,11.86,32.0,31.8,31.4,30.8,optimal,optimal,optimal,warning,optimal,danger,→ stable,↑ increasing,→ stable,60.0,🟢 GOOD,False,NONE,4.7,0.0,NONE
1779687995.412,99.4,91.3,31.9,4693.0,48.7,11.92,32.3,32.0,31.3,31.0,optimal,optimal,optimal,warning,optimal,danger,→ stable,↑ increasing,→ stable,60.0,🟢 GOOD,False,NONE,4.4,0.0,NONE
1779687996.413,99.2,91.2,31.8,4746.0,48.5,11.88,31.7,32.1,31.1,31.3,optimal,optimal,optimal,warning,optimal,danger,→ stable,→ stable,→ stable,60.0,🟢 GOOD,False,NONE,4.5,0.0,NONE
1779687997.414,99.2,92.0,32.2,4702.0,47.6,11.9,32.4,31.7,30.9,31.1,optimal,optimal,optimal,warning,optimal,danger,↑ increasing,↑ increasing,→ stable,60.0,🟢 GOOD,False,NONE,4.0,0.0,NONE
1779687998.416,100.4,90.9,31.8,4669.0,47.9,11.91,32.0,32.2,31.0,31.0,optimal,optimal,optimal,warning,optimal,danger,↑ increasing,→ stable,→ stable,60.0,🟢 GOOD,False,NONE,4.6,0.0,NONE
1779687999.417,99.7,91.5,31.9,4651.0,47.6,11.86,31.8,31.6,30.9,31.2,optimal,optimal,optimal,warning,optimal,danger,↑ increasing,→ stable,→ stable,60.0,🟢 GOOD,False,NONE,4.4,0.0,NONE
1779688000.419,102.2,92.5,31.7,4733.0,48.4,11.86,31.7,31.8,30.7,31.4,optimal,optimal,optimal,warning,optimal,danger,↑ increasing,→ stable,→ stable,60.0,🟢 GOOD,False,NONE,4.8,0.0,NONE
1779688001.42,102.4,92.7,32.0,4726.0,48.5,11.9,32.0,31.7,31.1,31.4,optimal,optimal,optimal,warning,optimal,danger,↑ increasing,→ stable,→ stable,60.0,🟢 GOOD,False,NONE,4.4,0.0,NONE
1779688002.422,98.0,91.4,32.2,4698.0,48.3,11.91,32.4,31.6,31.2,31.3,optimal,optimal,optimal,warning,optimal,danger,→ stable,→ stable,→ stable,60.0,🟢 GOOD,False,NONE,3.9,0.0,NONE
1779688003.424,97.8,90.5,31.8,4715.0,47.1,11.94,32.2,31.6,31.1,31.3,optimal,optimal,optimal,warning,optimal,danger,→ stable,↓ decreasing,→ stable,60.0,🟢 GOOD,False,NONE,4.5,0.0,NONE
1779688004.425,99.7,93.0,32.3,4731.0,48.2,11.9,32.1,32.3,31.1,30.7,optimal,optimal,optimal,warning,optimal,danger,→ stable,↓ decreasing,→ stable,60.0,🟢 GOOD,False,NONE,3.8,0.0,NONE
1779688005.427,100.2,91.9,32.3,4744.0,48.7,11.88,32.3,31.7,30.8,31.4,optimal,optimal,optimal,warning,optimal,danger,→ stable,→ stable,→ stable,60.0,🟢 GOOD,False,NONE,3.9,0.0,NONE
1779688006.427,100.5,92.2,32.2,4750.0,47.4,11.93,32.4,32.1,30.9,30.7,optimal,optimal,optimal,warning,optimal,danger,→ stable,→ stable,→ stable,60.0,🟢 GOOD,False,NONE,4.0,0.0,NONE
1779688007.428,101.2,92.1,32.2,4723.0,47.2,11.9,32.4,31.7,30.7,31.0,optimal,optimal,optimal,warning,optimal,danger,→ stable,→ stable,→ stable,60.0,🟢 GOOD,False,NONE,4.0,0.0,NONE
1779688008.429,99.5,91.5,32.0,4673.0,48.3,11.86,32.1,31.9,31.2,30.7,optimal,optimal,optimal,warning,optimal,danger,→ stable,→ stable,→ stable,60.0,🟢 GOOD,False,NONE,4.3,0.0,NONE
1779688009.43,102.1,91.8,31.7,4688.0,48.5,11.88,32.0,32.0,31.4,31.3,optimal,optimal,optimal,warning,optimal,danger,→ stable,→ stable,→ stable,60.0,🟢 GOOD,False,NONE,4.8,0.0,NONE
1779688010.431,97.2,91.9,32.2,4691.0,47.7,11.9,32.1,32.3,31.2,30.7,optimal,optimal,optimal,warning,optimal,danger,↓ decreasing,→ stable,→ stable,60.0,🟢 GOOD,False,NONE,3.9,0.0,NONE
1779688011.432,100.0,92.5,31.9,4698.0,47.4,11.87,31.6,32.1,30.9,30.6,optimal,optimal,optimal,warning,optimal,danger,↓ decreasing,→ stable,→ stable,60.0,🟢 GOOD,False,NONE,4.4,0.0,NONE
1779688012.434,100.5,90.7,31.9,4749.0,47.0,11.85,31.7,32.1,31.1,31.0,optimal,optimal,optimal,warning,optimal,danger,→ stable,→ stable,→ stable,60.0,🟢 GOOD,False,NONE,4.5,0.0,NONE
1779688013.434,101.4,92.9,32.0,4684.0,48.4,11.94,31.9,32.3,31.3,31.3,optimal,optimal,optimal,warning,optimal,danger,→ stable,→ stable,→ stable,60.0,🟢 GOOD,False,NONE,4.3,0.0,NONE
1779688014.435,99.8,92.9,32.3,4725.0,47.2,11.94,32.0,31.8,31.3,31.2,optimal,optimal,optimal,warning,optimal,danger,→ stable,→ stable,→ stable,60.0,🟢 GOOD,False,NONE,3.8,0.0,NONE
1779688015.436,99.4,93.0,32.3,4692.0,48.3,11.94,32.2,32.1,31.0,31.3,optimal,optimal,optimal,warning,optimal,danger,→ stable,→ stable,→ stable,60.0,🟢 GOOD,False,NONE,3.8,0.0,NONE
1779688016.438,100.6,92.3,31.9,4719.0,47.1,11.9,32.0,32.2,30.9,31.2,optimal,optimal,optimal,warning,optimal,danger,→ stable,→ stable,→ stable,60.0,🟢 GOOD,False,NONE,4.5,0.0,NONE
1779688017.44,100.1,91.8,32.3,4652.0,48.1,11.87,32.2,32.4,30.7,31.0,optimal,optimal,optimal,warning,optimal,danger,→ stable,→ stable,→ stable,60.0,🟢 GOOD,False,NONE,3.9,0.0,NONE
1779688018.441,98.1,90.8,31.7,4719.0,48.7,11.91,31.6,32.0,31.0,31.2,optimal,optimal,optimal,warning,optimal,danger,→ stable,→ stable,→ stable,60.0,🟢 GOOD,False,NONE,4.6,0.0,NONE
1779688019.443,98.0,90.5,32.2,4721.0,48.6,11.89,32.0,32.1,31.1,31.2,optimal,optimal,optimal,warning,optimal,danger,↓ decreasing,→ stable,→ stable,60.0,🟢 GOOD,False,NONE,3.9,0.0,NONE
1779688020.444,98.5,90.9,32.1,4700.0,48.5,11.87,32.3,31.9,30.6,30.6,optimal,optimal,optimal,warning,optimal,danger,→ stable,→ stable,→ stable,60.0,🟢 GOOD,False,NONE,4.1,0.0,NONE
1779688021.446,102.7,90.8,32.2,4695.0,47.4,11.9,32.0,31.6,30.9,30.7,optimal,optimal,optimal,warning,optimal,danger,→ stable,→ stable,→ stable,60.0,🟢 GOOD,False,NONE,4.1,0.0,NONE
1779688022.448,100.0,92.3,31.7,4686.0,47.0,11.86,31.8,32.3,31.2,31.4,optimal,optimal,optimal,warning,optimal,danger,→ stable,→ stable,→ stable,60.0,🟢 GOOD,False,NONE,4.7,0.0,NONE
1779688023.449,98.6,92.2,32.3,4694.0,47.2,11.9,32.0,32.3,31.3,31.3,optimal,optimal,optimal,warning,optimal,danger,↓ decreasing,→ stable,→ stable,60.0,🟢 GOOD,False,NONE,3.8,0.0,NONE
1779688024.45,102.5,92.3,31.8,4729.0,48.1,11.94,31.9,31.7,30.8,31.0,optimal,optimal,optimal,warning,optimal,danger,→ stable,→ stable,→ stable,60.0,🟢 GOOD,False,NONE,4.7,0.0,NONE
1779688025.451,97.5,90.5,31.8,4741.0,47.9,11.9,31.7,31.8,31.1,30.9,optimal,optimal,optimal,warning,optimal,danger,→ stable,↓ decreasing,→ stable,60.0,🟢 GOOD,False,NONE,4.5,0.0,NONE
1779688026.453,103.0,90.5,31.7,4661.0,48.4,11.88,32.0,31.8,30.6,31.1,optimal,optimal,optimal,warning,optimal,danger,→ stable,↓ decreasing,→ stable,60.0,🟢 GOOD,False,NONE,4.9,0.0,NONE
1779688027.454,98.2,91.9,32.3,4728.0,48.5,11.9,32.4,32.0,31.1,31.1,optimal,optimal,optimal,warning,optimal,danger,→ stable,↓ decreasing,→ stable,60.0,🟢 GOOD,False,NONE,3.8,0.0,NONE
1779688028.455,97.4,92.1,31.9,4692.0,48.7,11.9,31.7,31.7,30.8,30.8,optimal,optimal,optimal,warning,optimal,danger,→ stable,↓ decreasing,→ stable,60.0,🟢 GOOD,False,NONE,4.3,0.0,NONE
1779688029.456,100.9,93.5,32.3,4665.0,48.4,11.89,32.2,32.1,31.3,31.1,optimal,optimal,optimal,warning,optimal,danger,→ stable,→ stable,→ stable,60.0,🟢 GOOD,False,NONE,3.9,0.0,NONE
1779688030.457,97.7,92.0,31.8,4735.0,48.0,11.9,31.9,32.2,30.7,31.2,optimal,optimal,optimal,warning,optimal,danger,→ stable,→ stable,→ stable,60.0,🟢 GOOD,False,NONE,4.5,0.0,NONE
1779688031.458,101.4,92.7,32.0,4738.0,47.7,11.88,32.1,32.0,31.3,30.9,optimal,optimal,optimal,warning,optimal,danger,→ stable,→ stable,→ stable,60.0,🟢 GOOD,False,NONE,4.3,0.0,NONE
1779688032.459,100.6,91.1,32.1,4712.0,48.7,11.94,32.0,32.2,31.2,30.9,optimal,optimal,optimal,warning,optimal,danger,→ stable,→ stable,→ stable,60.0,🟢 GOOD,False,NONE,4.2,0.0,NONE
1779688033.461,102.9,91.6,32.1,4678.0,48.2,11.91,32.3,31.6,31.4,30.9,optimal,optimal,optimal,warning,optimal,danger,↑ increasing,→ stable,→ stable,60.0,🟢 GOOD,False,NONE,4.3,0.0,NONE
1779688034.462,97.4,93.2,32.0,4704.0,47.9,11.88,31.7,32.1,31.1,30.7,optimal,optimal,optimal,warning,optimal,danger,→ stable,→ stable,→ stable,60.0,🟢 GOOD,False,NONE,4.2,0.0,NONE
1779688035.463,102.6,91.0,31.6,4693.0,47.1,11.89,32.2,32.4,31.0,30.9,optimal,optimal,optimal,warning,optimal,danger,↑ increasing,↑ increasing,→ stable,60.0,🟢 GOOD,False,NONE,5.0,0.0,NONE
1779688036.465,100.1,92.9,31.7,4688.0,47.9,11.88,32.2,32.3,31.2,30.6,optimal,optimal,optimal,warning,optimal,danger,→ stable,↑ increasing,→ stable,60.0,🟢 GOOD,False,NONE,4.7,0.0,NONE
1779688037.466,97.9,92.3,31.6,4725.0,47.8,11.92,31.9,32.2,31.1,31.0,optimal,optimal,optimal,warning,optimal,danger,→ stable,↑ increasing,→ stable,60.0,🟢 GOOD,False,NONE,4.8,0.0,NONE
1779688038.467,100.7,92.2,31.7,4694.0,47.4,11.85,31.8,31.7,31.1,30.8,optimal,optimal,optimal,warning,optimal,danger,↑ increasing,↑ increasing,→ stable,60.0,🟢 GOOD,False,NONE,4.7,0.0,NONE
1779688039.469,98.3,93.2,32.0,4661.0,47.6,11.94,32.3,32.0,31.4,30.6,optimal,optimal,optimal,warning,optimal,danger,→ stable,↑ increasing,→ stable,60.0,🟢 GOOD,False,NONE,4.2,0.0,NONE
1779688040.469,97.6,91.3,31.6,4731.0,48.9,11.87,32.1,31.6,31.0,30.7,optimal,optimal,optimal,warning,optimal,danger,→ stable,→ stable,→ stable,60.0,🟢 GOOD,False,NONE,4.7,0.0,NONE
1779688041.47,98.3,91.5,32.3,4712.0,47.3,11.86,31.9,32.2,30.7,31.0,optimal,optimal,optimal,warning,optimal,danger,→ stable,→ stable,→ stable,60.0,🟢 GOOD,False,NONE,3.8,0.0,NONE
1779688042.472,101.6,93.0,31.9,4688.0,47.9,11.85,32.3,31.7,31.3,31.2,optimal,optimal,optimal,warning,optimal,danger,→ stable,→ stable,→ stable,60.0,🟢 GOOD,False,NONE,4.5,0.0,NONE
1779688043.473,102.4,92.7,32.4,4653.0,48.1,11.86,32.2,32.2,31.2,31.1,optimal,optimal,optimal,warning,optimal,danger,↓ decreasing,↑ increasing,→ stable,60.0,🟢 GOOD,False,NONE,3.8,0.0,NONE
1779688044.474,99.2,93.3,31.8,4667.0,47.2,11.87,32.1,32.2,31.0,30.9,optimal,optimal,optimal,warning,optimal,danger,→ stable,→ stable,→ stable,60.0,🟢 GOOD,False,NONE,4.5,0.0,NONE
1779688045.476,99.7,91.2,31.7,4655.0,47.6,11.89,31.8,31.9,30.9,30.9,optimal,optimal,optimal,warning,optimal,danger,↓ decreasing,→ stable,→ stable,60.0,🟢 GOOD,False,NONE,4.7,0.0,NONE
1779688046.478,97.6,90.9,32.3,4683.0,48.9,11.9,32.3,31.6,31.1,30.8,optimal,optimal,optimal,warning,optimal,danger,↓ decreasing,→ stable,→ stable,60.0,🟢 GOOD,False,NONE,3.8,0.0,NONE
1779688047.478,99.1,92.4,31.7,4670.0,48.5,11.92,32.1,31.8,31.0,31.3,optimal,optimal,optimal,warning,optimal,danger,→ stable,→ stable,→ stable,60.0,🟢 GOOD,False,NONE,4.7,0.0,NONE
1779688048.479,101.8,92.2,31.9,4728.0,47.1,11.92,31.8,32.4,30.8,30.7,optimal,optimal,optimal,warning,optimal,danger,↓ decreasing,→ stable,→ stable,60.0,🟢 GOOD,False,NONE,4.5,0.0,NONE
1779688049.48,100.5,91.4,32.0,4678.0,47.9,11.95,32.0,32.3,31.2,31.2,optimal,optimal,optimal,warning,optimal,danger,→ stable,→ stable,→ stable,60.0,🟢 GOOD,False,NONE,4.3,0.0,NONE
1779688050.481,98.2,93.0,31.7,4679.0,48.9,11.94,32.2,31.8,31.4,30.8,optimal,optimal,optimal,warning,optimal,danger,→ stable,→ stable,→ stable,60.0,🟢 GOOD,False,NONE,4.6,0.0,NONE
1779688051.482,100.8,92.6,31.8,4750.0,47.5,11.87,32.2,32.3,31.1,31.3,optimal,optimal,optimal,warning,optimal,danger,→ stable,→ stable,→ stable,60.0,🟢 GOOD,False,NONE,4.6,0.0,NONE
1779688052.483,101.3,93.4,32.1,4726.0,48.0,11.86,31.6,32.3,31.2,30.7,optimal,optimal,optimal,warning,optimal,danger,→ stable,→ stable,→ stable,60.0,🟢 GOOD,False,NONE,4.2,0.0,NONE
1779688053.484,99.3,91.0,31.8,4742.0,48.1,11.86,31.8,31.9,30.9,31.0,optimal,optimal,optimal,warning,optimal,danger,→ stable,→ stable,→ stable,60.0,🟢 GOOD,False,NONE,4.5,0.0,NONE
1779688054.486,97.6,92.2,32.2,4742.0,47.3,11.92,32.2,31.9,31.3,30.7,optimal,optimal,optimal,warning,optimal,danger,→ stable,→ stable,→ stable,60.0,🟢 GOOD,False,NONE,3.9,0.0,NONE
1779688055.486,99.0,92.6,32.0,4677.0,48.2,11.92,32.0,32.3,31.4,31.1,optimal,optimal,optimal,warning,optimal,danger,→ stable,→ stable,→ stable,60.0,🟢 GOOD,False,NONE,4.2,0.0,NONE
1779688056.487,102.8,92.9,31.7,4666.0,47.2,11.92,32.1,31.7,31.4,31.4,optimal,optimal,optimal,warning,optimal,danger,↑ increasing,→ stable,→ stable,60.0,🟢 GOOD,False,NONE,4.8,0.0,NONE
1779688057.489,100.4,91.9,32.0,4682.0,47.4,11.86,32.2,31.7,31.3,31.1,optimal,optimal,optimal,warning,optimal,danger,↑ increasing,→ stable,→ stable,60.0,🟢 GOOD,False,NONE,4.3,0.0,NONE
1779688058.49,98.7,91.0,31.8,4687.0,47.4,11.9,31.7,32.2,31.3,31.4,optimal,optimal,optimal,warning,optimal,danger,→ stable,→ stable,→ stable,60.0,🟢 GOOD,False,NONE,4.5,0.0,NONE
1779688059.491,99.2,91.9,32.2,4692.0,47.5,11.89,32.4,31.6,30.8,31.1,optimal,optimal,optimal,warning,optimal,danger,→ stable,→ stable,→ stable,60.0,🟢 GOOD,False,NONE,4.0,0.0,NONE
1779688060.492,100.7,92.5,31.8,4662.0,47.3,11.88,31.9,32.0,31.0,31.1,optimal,optimal,optimal,warning,optimal,danger,→ stable,→ stable,→ stable,60.0,🟢 GOOD,False,NONE,4.6,0.0,NONE
1779688061.493,102.0,92.9,31.8,4716.0,47.8,11.86,31.6,31.6,30.9,31.0,optimal,optimal,optimal,warning,optimal,danger,→ stable,→ stable,→ stable,60.0,🟢 GOOD,False,NONE,4.7,0.0,NONE
1779688062.494,98.5,91.5,32.2,4738.0,49.0,11.93,32.1,32.1,30.8,31.0,optimal,optimal,optimal,warning,optimal,danger,→ stable,→ stable,→ stable,60.0,🟢 GOOD,False,NONE,3.9,0.0,NONE
1779688063.496,101.1,92.7,31.8,4665.0,47.9,11.93,32.2,32.2,30.7,31.3,optimal,optimal,optimal,warning,optimal,danger,→ stable,→ stable,→ stable,60.0,🟢 GOOD,False,NONE,4.6,0.0,NONE
1779688064.497,97.3,91.5,32.1,4704.0,49.0,11.89,31.9,31.7,31.4,30.8,optimal,optimal,optimal,warning,optimal,danger,→ stable,→ stable,→ stable,60.0,🟢 GOOD,False,NONE,4.0,0.0,NONE
1779688065.498,98.3,91.6,32.1,4725.0,48.3,11.86,32.1,32.3,31.2,31.4,optimal,optimal,optimal,warning,optimal,danger,→ stable,→ stable,→ stable,60.0,🟢 GOOD,False,NONE,4.1,0.0,NONE
1779688066.5,98.2,90.7,31.6,4659.0,47.1,11.9,31.7,31.9,30.9,30.9,optimal,optimal,optimal,warning,optimal,danger,↓ decreasing,↓ decreasing,→ stable,60.0,🟢 GOOD,False,NONE,4.8,0.0,NONE
1779688067.5,99.2,91.6,31.9,4694.0,47.9,11.91,32.1,32.4,31.1,31.1,optimal,optimal,optimal,warning,optimal,danger,↓ decreasing,↓ decreasing,→ stable,60.0,🟢 GOOD,False,NONE,4.4,0.0,NONE
1779688068.502,102.9,92.9,32.0,4693.0,47.9,11.92,31.8,31.8,31.3,31.1,optimal,optimal,optimal,warning,optimal,danger,→ stable,→ stable,→ stable,60.0,🟢 GOOD,False,NONE,4.4,0.0,NONE
1779688069.504,102.1,90.9,32.3,4665.0,47.7,11.92,32.4,31.9,30.7,30.8,optimal,optimal,optimal,warning,optimal,danger,→ stable,→ stable,→ stable,60.0,🟢 GOOD,False,NONE,3.9,0.0,NONE
1779688070.504,102.5,91.8,32.0,4673.0,47.5,11.92,32.0,32.3,30.9,30.8,optimal,optimal,optimal,warning,optimal,danger,→ stable,→ stable,→ stable,60.0,🟢 GOOD,False,NONE,4.4,0.0,NONE
1779688071.506,97.3,90.6,32.0,4696.0,48.9,11.94,31.7,32.3,31.0,31.3,optimal,optimal,optimal,warning,optimal,danger,→ stable,↓ decreasing,→ stable,60.0,🟢 GOOD,False,NONE,4.2,0.0,NONE
1779688072.507,99.4,92.8,32.3,4681.0,47.4,11.89,32.0,31.7,31.0,31.0,optimal,optimal,optimal,warning,optimal,danger,→ stable,→ stable,→ stable,60.0,🟢 GOOD,False,NONE,3.8,0.0,NONE
1779688073.508,100.7,93.5,32.0,4676.0,48.7,11.86,32.1,31.7,30.7,31.3,optimal,optimal,optimal,warning,optimal,danger,→ stable,→ stable,→ stable,60.0,🟢 GOOD,False,NONE,4.3,0.0,NONE
1779688074.509,99.2,93.1,31.9,4687.0,48.6,11.9,32.2,32.1,30.8,31.0,optimal,optimal,optimal,warning,optimal,danger,→ stable,→ stable,→ stable,60.0,🟢 GOOD,False,NONE,4.4,0.0,NONE
1779688075.511,101.6,91.7,31.8,4697.0,48.2,11.87,31.7,31.8,31.1,30.7,optimal,optimal,optimal,warning,optimal,danger,→ stable,→ stable,→ stable,60.0,🟢 GOOD,False,NONE,4.6,0.0,NONE
1779688076.513,102.7,92.5,31.8,4659.0,48.1,11.95,32.2,31.9,30.7,31.4,optimal,optimal,optimal,warning,optimal,danger,↑ increasing,→ stable,→ stable,60.0,🟢 GOOD,False,NONE,4.7,0.0,NONE
1779688077.515,101.4,90.7,31.8,4712.0,47.1,11.91,32.2,32.0,31.3,31.3,optimal,optimal,optimal,warning,optimal,danger,↑ increasing,→ stable,→ stable,60.0,🟢 GOOD,False,NONE,4.6,0.0,NONE
1779688078.516,97.9,92.8,31.9,4706.0,47.2,11.93,31.6,32.2,31.0,30.9,optimal,optimal,optimal,warning,optimal,danger,↑ increasing,→ stable,→ stable,60.0,🟢 GOOD,False,NONE,4.3,0.0,NONE
1779688079.517,97.3,93.1,31.6,4685.0,48.7,11.92,31.9,32.3,30.8,30.8,optimal,optimal,optimal,warning,optimal,danger,→ stable,→ stable,→ stable,60.0,🟢 GOOD,False,NONE,4.7,0.0,NONE
1779688080.518,101.3,91.8,32.3,4727.0,47.4,11.9,32.3,31.8,31.2,31.0,optimal,optimal,optimal,warning,optimal,danger,→ stable,→ stable,→ stable,60.0,🟢 GOOD,False,NONE,3.9,0.0,NONE
1779688081.519,100.7,92.9,31.9,4750.0,47.6,11.94,32.1,31.6,30.7,30.7,optimal,optimal,optimal,warning,optimal,danger,→ stable,↑ increasing,→ stable,60.0,🟢 GOOD,False,NONE,4.5,0.0,NONE
1779688082.519,99.5,92.4,32.1,4669.0,48.5,11.9,32.3,31.8,30.9,31.1,optimal,optimal,optimal,warning,optimal,danger,→ stable,↑ increasing,→ stable,60.0,🟢 GOOD,False,NONE,4.1,0.0,NONE
1779688083.52,98.2,90.7,31.6,4653.0,48.5,11.89,32.1,32.3,31.0,31.2,optimal,optimal,optimal,warning,optimal,danger,→ stable,→ stable,→ stable,60.0,🟢 GOOD,False,NONE,4.8,0.0,NONE
1779688084.521,98.1,92.3,31.9,4678.0,48.9,11.89,31.7,32.2,31.1,31.4,optimal,optimal,optimal,warning,optimal,danger,→ stable,→ stable,→ stable,60.0,🟢 GOOD,False,NONE,4.3,0.0,NONE
1779688085.522,100.2,93.0,31.7,4746.0,47.9,11.87,32.2,32.0,30.7,30.8,optimal,optimal,optimal,warning,optimal,danger,↓ decreasing,→ stable,→ stable,60.0,🟢 GOOD,False,NONE,4.7,0.0,NONE
1779688086.524,100.1,92.3,31.7,4712.0,47.9,11.94,31.9,32.2,31.3,31.0,optimal,optimal,optimal,warning,optimal,danger,↓ decreasing,→ stable,→ stable,60.0,🟢 GOOD,False,NONE,4.7,0.0,NONE
1779688087.524,97.6,91.4,31.9,4726.0,48.5,11.86,32.4,32.3,31.4,31.2,optimal,optimal,optimal,warning,optimal,danger,↓ decreasing,→ stable,→ stable,60.0,🟢 GOOD,False,NONE,4.3,0.0,NONE
1779688088.525,101.4,91.0,31.8,4682.0,47.8,11.95,31.8,31.8,30.8,31.2,optimal,optimal,optimal,warning,optimal,danger,↓ decreasing,→ stable,→ stable,60.0,🟢 GOOD,False,NONE,4.6,0.0,NONE
1779688089.526,101.4,91.1,32.3,4750.0,48.3,11.9,32.4,32.2,31.0,31.1,optimal,optimal,optimal,warning,optimal,danger,→ stable,→ stable,→ stable,60.0,🟢 GOOD,False,NONE,3.9,0.0,NONE
1779688090.527,99.0,91.0,31.6,4734.0,47.0,11.95,32.2,31.8,30.7,30.7,optimal,optimal,optimal,warning,optimal,danger,→ stable,→ stable,→ stable,60.0,🟢 GOOD,False,NONE,4.8,0.0,NONE
1779688091.528,101.7,91.8,31.7,4677.0,47.0,11.9,31.7,31.8,31.3,31.0,optimal,optimal,optimal,warning,optimal,danger,→ stable,↓ decreasing,→ stable,60.0,🟢 GOOD,False,NONE,4.8,0.0,NONE
1779688092.529,99.0,93.4,32.1,4710.0,48.5,11.94,32.0,31.7,30.6,31.4,optimal,optimal,optimal,warning,optimal,danger,↓ decreasing,↓ decreasing,→ stable,60.0,🟢 GOOD,False,NONE,4.1,0.0,NONE
1779688093.53,97.8,91.5,32.4,4663.0,48.7,11.87,32.3,32.0,30.7,31.2,optimal,optimal,optimal,warning,optimal,danger,→ stable,→ stable,→ stable,60.0,🟢 GOOD,False,NONE,3.6,0.0,NONE
1779688094.531,100.4,90.7,31.6,4698.0,47.3,11.86,32.3,32.3,30.8,31.3,optimal,optimal,optimal,warning,optimal,danger,→ stable,→ stable,→ stable,60.0,🟢 GOOD,False,NONE,4.9,0.0,NONE
1779688095.532,102.9,92.4,32.1,4673.0,47.7,11.88,32.4,32.0,30.6,30.7,optimal,optimal,optimal,warning,optimal,danger,→ stable,↓ decreasing,→ stable,60.0,🟢 GOOD,False,NONE,4.3,0.0,NONE
1779688096.533,98.3,93.0,32.0,4670.0,48.9,11.89,32.1,32.3,30.9,30.8,optimal,optimal,optimal,warning,optimal,danger,→ stable,→ stable,→ stable,60.0,🟢 GOOD,False,NONE,4.2,0.0,NONE
1779688097.534,102.3,93.3,32.2,4716.0,47.2,11.94,32.1,32.3,30.8,30.9,optimal,optimal,optimal,warning,optimal,danger,↑ increasing,→ stable,→ stable,60.0,🟢 GOOD,False,NONE,4.1,0.0,NONE
1779688098.535,97.3,91.1,31.9,4678.0,48.9,11.89,31.9,32.0,30.8,30.6,optimal,optimal,optimal,warning,optimal,danger,↑ increasing,→ stable,→ stable,60.0,🟢 GOOD,False,NONE,4.3,0.0,NONE
1779688099.536,100.3,93.3,31.8,4735.0,47.8,11.89,31.9,32.3,31.1,30.7,optimal,optimal,optimal,warning,optimal,danger,→ stable,→ stable,→ stable,60.0,🟢 GOOD,False,NONE,4.6,0.0,NONE
1779688100.537,102.5,90.6,31.8,4703.0,48.4,11.86,32.2,32.0,30.7,30.9,optimal,optimal,optimal,warning,optimal,danger,↑ increasing,→ stable,→ stable,60.0,🟢 GOOD,False,NONE,4.7,0.0,NONE
1779688101.539,101.6,93.5,32.2,4686.0,49.0,11.86,31.9,31.9,30.8,30.9,optimal,optimal,optimal,warning,optimal,danger,↑ increasing,↑ increasing,→ stable,60.0,🟢 GOOD,False,NONE,4.1,0.0,NONE
1779688102.54,97.5,92.5,32.2,4666.0,48.5,11.92,31.7,31.8,30.6,30.9,optimal,optimal,optimal,warning,optimal,danger,→ stable,→ stable,→ stable,60.0,🟢 GOOD,False,NONE,3.9,0.0,NONE
1779688103.541,97.7,91.4,32.4,4747.0,48.1,11.89,31.7,31.8,30.9,30.7,optimal,optimal,optimal,warning,optimal,danger,→ stable,→ stable,→ stable,60.0,🟢 GOOD,False,NONE,3.6,0.0,NONE
1779688104.542,102.9,93.2,31.6,4689.0,47.4,11.9,31.7,31.9,31.1,31.4,optimal,optimal,optimal,warning,optimal,danger,→ stable,↑ increasing,→ stable,60.0,🟢 GOOD,False,NONE,5.0,0.0,NONE
1779688105.543,98.5,90.6,31.8,4722.0,47.3,11.91,31.9,31.6,30.9,31.0,optimal,optimal,optimal,warning,optimal,danger,→ stable,↑ increasing,→ stable,60.0,🟢 GOOD,False,NONE,4.5,0.0,NONE
1779688106.544,99.4,91.7,32.4,4666.0,47.6,11.89,31.6,32.2,30.9,30.8,optimal,optimal,optimal,warning,optimal,danger,→ stable,→ stable,→ stable,60.0,🟢 GOOD,False,NONE,3.7,0.0,NONE
1779688107.546,99.7,91.3,32.1,4687.0,47.5,11.89,32.4,31.9,31.3,30.7,optimal,optimal,optimal,warning,optimal,danger,↓ decreasing,→ stable,→ stable,60.0,🟢 GOOD,False,NONE,4.1,0.0,NONE
1779688108.546,102.6,90.7,32.3,4697.0,48.8,11.86,31.8,31.9,31.3,31.0,optimal,optimal,optimal,warning,optimal,danger,→ stable,→ stable,→ stable,60.0,🟢 GOOD,False,NONE,4.0,0.0,NONE
1779688109.547,100.9,92.0,32.1,4657.0,48.6,11.87,32.3,32.1,31.0,31.2,optimal,optimal,optimal,warning,optimal,danger,→ stable,→ stable,→ stable,60.0,🟢 GOOD,False,NONE,4.2,0.0,NONE
1779688110.548,101.8,92.0,32.0,4663.0,47.3,11.91,31.7,32.0,30.6,31.3,optimal,optimal,optimal,warning,optimal,danger,→ stable,→ stable,→ stable,60.0,🟢 GOOD,False,NONE,4.4,0.0,NONE
1779688111.549,102.2,92.4,32.3,4701.0,47.2,11.88,31.7,32.2,31.0,31.2,optimal,optimal,optimal,warning,optimal,danger,→ stable,→ stable,→ stable,60.0,🟢 GOOD,False,NONE,3.9,0.0,NONE
1779688112.55,101.1,90.9,32.3,4693.0,48.4,11.91,31.8,32.3,31.0,31.3,optimal,optimal,optimal,warning,optimal,danger,↑ increasing,↓ decreasing,→ stable,60.0,🟢 GOOD,False,NONE,3.9,0.0,NONE
1779688113.551,100.6,92.3,31.7,4728.0,47.6,11.9,31.7,32.3,31.3,31.2,optimal,optimal,optimal,warning,optimal,danger,↑ increasing,→ stable,→ stable,60.0,🟢 GOOD,False,NONE,4.7,0.0,NONE
1779688114.553,100.5,91.5,31.9,4744.0,48.7,11.88,32.4,31.8,30.7,30.9,optimal,optimal,optimal,warning,optimal,danger,→ stable,↓ decreasing,→ stable,60.0,🟢 GOOD,False,NONE,4.5,0.0,NONE
1779688115.554,98.7,92.1,31.9,4715.0,48.3,11.86,32.1,31.9,30.9,31.1,optimal,optimal,optimal,warning,optimal,danger,↑ increasing,↓ decreasing,→ stable,60.0,🟢 GOOD,False,NONE,4.4,0.0,NONE
1779688116.556,101.2,92.9,32.2,4652.0,47.3,11.91,31.8,32.1,30.8,31.0,optimal,optimal,optimal,warning,optimal,danger,↑ increasing,→ stable,→ stable,60.0,🟢 GOOD,False,NONE,4.0,0.0,NONE
1779688117.556,99.9,90.7,32.0,4715.0,48.1,11.9,32.2,32.1,31.1,31.3,optimal,optimal,optimal,warning,optimal,danger,↑ increasing,→ stable,→ stable,60.0,🟢 GOOD,False,NONE,4.3,0.0,NONE
1779688118.556,102.1,90.7,31.9,4710.0,47.8,11.89,31.7,31.8,30.7,31.3,optimal,optimal,optimal,warning,optimal,danger,↑ increasing,→ stable,→ stable,60.0,🟢 GOOD,False,NONE,4.5,0.0,NONE
1779688119.557,99.6,90.7,32.4,4650.0,47.2,11.85,31.8,31.9,30.9,31.4,optimal,optimal,optimal,warning,optimal,danger,→ stable,→ stable,→ stable,60.0,🟢 GOOD,False,NONE,3.7,0.0,NONE
1779688120.558,100.8,91.2,31.9,4711.0,47.9,11.88,31.7,31.9,31.3,31.0,optimal,optimal,optimal,warning,optimal,danger,→ stable,→ stable,→ stable,60.0,🟢 GOOD,False,NONE,4.5,0.0,NONE
1779688121.56,102.9,92.0,31.9,4660.0,47.1,11.89,32.1,31.8,30.8,31.2,optimal,optimal,optimal,warning,optimal,danger,→ stable,→ stable,→ stable,60.0,🟢 GOOD,False,NONE,4.6,0.0,NONE
1779688122.56,99.6,92.7,31.7,4675.0,48.5,11.92,31.8,31.9,31.1,31.1,optimal,optimal,optimal,warning,optimal,danger,→ stable,→ stable,→ stable,60.0,🟢 GOOD,False,NONE,4.7,0.0,NONE
1779688123.561,102.0,92.5,31.7,4711.0,48.9,11.86,31.7,31.9,30.6,30.9,optimal,optimal,optimal,warning,optimal,danger,→ stable,→ stable,→ stable,60.0,🟢 GOOD,False,NONE,4.8,0.0,NONE
1779688124.562,98.5,90.5,32.2,4659.0,47.1,11.92,32.0,32.2,31.1,31.2,optimal,optimal,optimal,warning,optimal,danger,→ stable,→ stable,→ stable,60.0,🟢 GOOD,False,NONE,3.9,0.0,NONE
1779688125.562,97.5,91.7,31.7,4734.0,47.7,11.94,31.8,31.8,31.3,31.4,optimal,optimal,optimal,warning,optimal,danger,→ stable,→ stable,→ stable,60.0,🟢 GOOD,False,NONE,4.6,0.0,NONE
1779688126.563,97.4,91.4,32.2,4722.0,48.1,11.88,31.8,31.9,30.8,30.7,optimal,optimal,optimal,warning,optimal,danger,↓ decreasing,→ stable,→ stable,60.0,🟢 GOOD,False,NONE,3.9,0.0,NONE
1779688127.564,101.3,91.3,32.0,4722.0,47.8,11.89,32.3,31.8,30.7,30.7,optimal,optimal,optimal,warning,optimal,danger,↓ decreasing,→ stable,→ stable,60.0,🟢 GOOD,False,NONE,4.3,0.0,NONE
1779688128.565,99.5,92.0,31.7,4708.0,47.9,11.93,31.9,32.0,30.6,31.4,optimal,optimal,optimal,warning,optimal,danger,↓ decreasing,→ stable,→ stable,60.0,🟢 GOOD,False,NONE,4.7,0.0,NONE
1779688129.566,97.5,91.9,32.1,4744.0,47.1,11.87,31.8,31.8,30.8,30.8,optimal,optimal,optimal,warning,optimal,danger,↓ decreasing,→ stable,→ stable,60.0,🟢 GOOD,False,NONE,4.0,0.0,NONE
1779688130.567,102.4,90.8,32.3,4684.0,47.1,11.92,32.4,32.2,30.8,30.6,optimal,optimal,optimal,warning,optimal,danger,↓ decreasing,→ stable,→ stable,60.0,🟢 GOOD,False,NONE,3.9,0.0,NONE
1779688131.568,98.1,93.2,31.8,4717.0,47.7,11.91,31.7,32.0,31.3,30.6,optimal,optimal,optimal,warning,optimal,danger,↓ decreasing,→ stable,→ stable,60.0,🟢 GOOD,False,NONE,4.5,0.0,NONE
1779688132.57,98.6,93.4,31.8,4690.0,47.7,11.94,32.1,32.1,31.2,30.8,optimal,optimal,optimal,warning,optimal,danger,↓ decreasing,→ stable,→ stable,60.0,🟢 GOOD,False,NONE,4.5,0.0,NONE
1779688133.571,98.5,90.5,32.0,4667.0,48.6,11.87,31.7,32.2,31.1,30.8,optimal,optimal,optimal,warning,optimal,danger,↓ decreasing,→ stable,→ stable,60.0,🟢 GOOD,False,NONE,4.2,0.0,NONE
1779688134.573,102.8,91.7,31.7,4749.0,47.4,11.91,32.0,32.1,30.9,31.1,optimal,optimal,optimal,warning,optimal,danger,↓ decreasing,→ stable,→ stable,60.0,🟢 GOOD,False,NONE,4.8,0.0,NONE
1779688135.573,99.2,93.2,31.9,4698.0,47.6,11.91,31.7,31.7,30.9,31.0,optimal,optimal,optimal,warning,optimal,danger,↓ decreasing,→ stable,→ stable,60.0,🟢 GOOD,False,NONE,4.4,0.0,NONE
1779688136.574,101.8,90.9,31.7,4749.0,47.6,11.92,31.8,32.2,30.6,31.1,optimal,optimal,optimal,warning,optimal,danger,→ stable,→ stable,→ stable,60.0,🟢 GOOD,False,NONE,4.8,0.0,NONE
1779688137.575,98.2,92.2,32.3,4664.0,48.7,11.89,31.7,32.4,30.6,31.2,optimal,optimal,optimal,warning,optimal,danger,↓ decreasing,↑ increasing,→ stable,60.0,🟢 GOOD,False,NONE,3.8,0.0,NONE
1779688138.576,102.9,92.7,32.4,4655.0,47.6,11.89,32.0,31.8,30.6,30.8,optimal,optimal,optimal,warning,optimal,danger,→ stable,→ stable,→ stable,60.0,🟢 GOOD,False,NONE,3.8,0.0,NONE
1779688139.577,98.4,91.5,32.1,4681.0,47.1,11.9,32.1,32.0,31.3,30.8,optimal,optimal,optimal,warning,optimal,danger,→ stable,→ stable,→ stable,60.0,🟢 GOOD,False,NONE,4.1,0.0,NONE
1779688140.58,102.3,92.0,31.9,4731.0,47.0,11.9,32.3,32.2,30.7,30.8,optimal,optimal,optimal,warning,optimal,danger,→ stable,→ stable,→ stable,60.0,🟢 GOOD,False,NONE,4.5,0.0,NONE
1779688141.582,98.4,92.1,31.8,4711.0,47.9,11.94,32.0,31.9,30.9,30.7,optimal,optimal,optimal,warning,optimal,danger,↑ increasing,→ stable,→ stable,60.0,🟢 GOOD,False,NONE,4.5,0.0,NONE
1779688142.583,100.8,91.3,32.0,4710.0,48.4,11.93,32.3,32.1,30.9,31.3,optimal,optimal,optimal,warning,optimal,danger,↑ increasing,→ stable,→ stable,60.0,🟢 GOOD,False,NONE,4.3,0.0,NONE
1779688143.585,98.1,91.2,31.8,4675.0,48.5,11.86,32.4,31.8,31.3,30.6,optimal,optimal,optimal,warning,optimal,danger,↑ increasing,→ stable,→ stable,60.0,🟢 GOOD,False,NONE,4.5,0.0,NONE
1779688144.586,100.9,92.7,32.1,4736.0,47.5,11.91,32.3,31.9,30.9,30.8,optimal,optimal,optimal,warning,optimal,danger,↑ increasing,→ stable,→ stable,60.0,🟢 GOOD,False,NONE,4.2,0.0,NONE
1779688145.587,101.8,92.7,32.3,4691.0,47.4,11.93,31.6,32.0,30.9,31.3,optimal,optimal,optimal,warning,optimal,danger,↑ increasing,→ stable,→ stable,60.0,🟢 GOOD,False,NONE,3.9,0.0,NONE
1779688146.588,98.8,90.6,31.9,4654.0,47.4,11.9,32.2,31.9,31.0,31.0,optimal,optimal,optimal,warning,optimal,danger,→ stable,→ stable,→ stable,60.0,🟢 GOOD,False,NONE,4.4,0.0,NONE
1779688147.59,99.3,91.9,32.3,4673.0,48.8,11.91,31.9,32.2,31.1,30.7,optimal,optimal,optimal,warning,optimal,danger,↑ increasing,→ stable,→ stable,60.0,🟢 GOOD,False,NONE,3.8,0.0,NONE
1779688148.591,98.1,90.8,32.2,4673.0,48.1,11.86,32.1,31.7,30.7,30.7,optimal,optimal,optimal,warning,optimal,danger,→ stable,→ stable,→ stable,60.0,🟢 GOOD,False,NONE,3.9,0.0,NONE
1779688149.592,102.4,92.0,32.3,4736.0,47.9,11.93,31.8,32.2,31.2,30.9,optimal,optimal,optimal,warning,optimal,danger,→ stable,→ stable,→ stable,60.0,🟢 GOOD,False,NONE,3.9,0.0,NONE
1779688150.593,101.8,90.7,32.1,4690.0,47.2,11.89,32.4,32.1,31.4,30.9,optimal,optimal,optimal,warning,optimal,danger,→ stable,↓ decreasing,→ stable,60.0,🟢 GOOD,False,NONE,4.2,0.0,NONE
1779688151.594,101.7,91.6,32.3,4702.0,48.2,11.85,31.6,31.8,30.9,31.2,optimal,optimal,optimal,warning,optimal,danger,→ stable,→ stable,→ stable,60.0,🟢 GOOD,False,NONE,3.9,0.0,NONE
1779688152.595,99.6,91.4,31.7,4728.0,47.6,11.92,31.8,31.9,31.2,30.7,optimal,optimal,optimal,warning,optimal,danger,→ stable,→ stable,→ stable,60.0,🟢 GOOD,False,NONE,4.7,0.0,NONE
1779688153.597,101.3,91.4,31.9,4712.0,48.3,11.85,32.4,31.6,31.0,31.1,optimal,optimal,optimal,warning,optimal,danger,→ stable,→ stable,→ stable,60.0,🟢 GOOD,False,NONE,4.5,0.0,NONE
1779688154.598,97.8,92.4,31.9,4691.0,47.1,11.92,32.2,32.3,31.0,31.1,optimal,optimal,optimal,warning,optimal,danger,→ stable,→ stable,→ stable,60.0,🟢 GOOD,False,NONE,4.3,0.0,NONE
1779688155.599,101.8,93.0,32.2,4701.0,47.9,11.92,31.9,32.0,31.4,31.2,optimal,optimal,optimal,warning,optimal,danger,→ stable,→ stable,→ stable,60.0,🟢 GOOD,False,NONE,4.1,0.0,NONE
1779688156.6,103.0,93.1,32.1,4664.0,48.9,11.87,32.1,32.2,30.9,31.3,optimal,optimal,optimal,warning,optimal,danger,↑ increasing,→ stable,→ stable,60.0,🟢 GOOD,False,NONE,4.3,0.0,NONE
1779688157.601,102.4,92.5,31.7,4708.0,47.1,11.92,32.1,32.2,30.8,31.1,optimal,optimal,optimal,warning,optimal,danger,↑ increasing,→ stable,→ stable,60.0,🟢 GOOD,False,NONE,4.8,0.0,NONE
1779688158.603,98.3,90.7,31.7,4725.0,48.8,11.9,31.9,31.6,30.6,31.2,optimal,optimal,optimal,warning,optimal,danger,↑ increasing,→ stable,→ stable,60.0,🟢 GOOD,False,NONE,4.6,0.0,NONE
1779688159.604,98.4,92.4,31.7,4723.0,48.3,11.92,31.6,32.2,31.3,31.2,optimal,optimal,optimal,warning,optimal,danger,↑ increasing,→ stable,→ stable,60.0,🟢 GOOD,False,NONE,4.6,0.0,NONE
1779688160.606,101.9,92.7,32.1,4676.0,48.8,11.92,31.8,31.8,31.2,30.8,optimal,optimal,optimal,warning,optimal,danger,↑ increasing,↑ increasing,→ stable,60.0,🟢 GOOD,False,NONE,4.2,0.0,NONE
1779688161.607,101.8,92.2,31.9,4671.0,48.8,11.86,31.7,31.6,31.0,31.3,optimal,optimal,optimal,warning,optimal,danger,→ stable,↑ increasing,→ stable,60.0,🟢 GOOD,False,NONE,4.5,0.0,NONE
1779688162.609,101.4,93.5,32.1,4668.0,47.2,11.91,31.8,31.8,30.8,31.1,optimal,optimal,optimal,warning,optimal,danger,↑ increasing,↑ increasing,→ stable,60.0,🟢 GOOD,False,NONE,4.2,0.0,NONE
1779688163.61,98.0,93.4,31.9,4736.0,47.4,11.91,32.4,31.6,31.1,31.0,optimal,optimal,optimal,warning,optimal,danger,→ stable,↑ increasing,→ stable,60.0,🟢 GOOD,False,NONE,4.3,0.0,NONE
1779688164.611,102.9,92.7,32.0,4735.0,48.2,11.91,31.8,32.1,31.2,31.0,optimal,optimal,optimal,warning,optimal,danger,↑ increasing,↑ increasing,→ stable,60.0,🟢 GOOD,False,NONE,4.4,0.0,NONE
1779688165.613,102.3,92.6,32.3,4689.0,47.5,11.85,32.3,31.9,31.0,30.9,optimal,optimal,optimal,warning,optimal,danger,↑ increasing,↑ increasing,→ stable,60.0,🟢 GOOD,False,NONE,3.9,0.0,NONE
1779688166.614,98.0,90.7,31.9,4702.0,48.4,11.88,31.9,32.4,31.3,31.3,optimal,optimal,optimal,warning,optimal,danger,→ stable,↑ increasing,→ stable,60.0,🟢 GOOD,False,NONE,4.3,0.0,NONE
1779688167.615,97.6,90.8,32.1,4734.0,48.8,11.94,31.7,32.3,31.4,30.8,optimal,optimal,optimal,warning,optimal,danger,↓ decreasing,→ stable,→ stable,60.0,🟢 GOOD,False,NONE,4.0,0.0,NONE
1779688168.616,101.8,92.1,31.7,4677.0,47.2,11.91,32.0,32.0,31.2,30.8,optimal,optimal,optimal,warning,optimal,danger,↓ decreasing,→ stable,→ stable,60.0,🟢 GOOD,False,NONE,4.8,0.0,NONE
1779688169.617,100.9,92.8,32.0,4690.0,47.3,11.89,31.7,31.9,30.7,31.3,optimal,optimal,optimal,warning,optimal,danger,→ stable,→ stable,→ stable,60.0,🟢 GOOD,False,NONE,4.3,0.0,NONE
1779688170.618,98.8,93.4,32.0,4658.0,47.8,11.86,32.3,32.0,31.2,31.2,optimal,optimal,optimal,warning,optimal,danger,→ stable,→ stable,→ stable,60.0,🟢 GOOD,False,NONE,4.2,0.0,NONE
1779688171.619,102.1,92.3,32.3,4656.0,48.1,11.94,32.4,32.1,31.3,30.9,optimal,optimal,optimal,warning,optimal,danger,→ stable,→ stable,→ stable,60.0,🟢 GOOD,False,NONE,3.9,0.0,NONE
1779688172.62,97.5,91.5,32.2,4738.0,47.5,11.91,32.3,31.7,30.8,30.7,optimal,optimal,optimal,warning,optimal,danger,↓ decreasing,→ stable,→ stable,60.0,🟢 GOOD,False,NONE,3.9,0.0,NONE
1779688173.62,99.5,90.8,32.3,4690.0,48.3,11.91,32.3,32.0,30.9,30.7,optimal,optimal,optimal,warning,optimal,danger,→ stable,↓ decreasing,→ stable,60.0,🟢 GOOD,False,NONE,3.8,0.0,NONE
1779688174.621,98.2,93.1,31.8,4744.0,47.7,11.91,31.7,32.2,31.4,30.9,optimal,optimal,optimal,warning,optimal,danger,↓ decreasing,↓ decreasing,→ stable,60.0,🟢 GOOD,False,NONE,4.5,0.0,NONE
1779688175.621,102.8,90.8,31.6,4677.0,47.6,11.87,32.0,32.1,30.7,31.3,optimal,optimal,optimal,warning,optimal,danger,↓ decreasing,↓ decreasing,→ stable,60.0,🟢 GOOD,False,NONE,5.0,0.0,NONE
1779688176.622,102.2,91.0,32.1,4694.0,47.3,11.86,32.0,32.4,31.0,30.8,optimal,optimal,optimal,warning,optimal,danger,→ stable,→ stable,→ stable,60.0,🟢 GOOD,False,NONE,4.2,0.0,NONE
1779688177.624,100.4,92.2,32.1,4741.0,48.3,11.9,32.1,32.1,31.3,31.0,optimal,optimal,optimal,warning,optimal,danger,→ stable,→ stable,→ stable,60.0,🟢 GOOD,False,NONE,4.2,0.0,NONE
1779688178.624,100.3,90.9,31.7,4703.0,47.3,11.89,32.3,32.0,30.6,31.3,optimal,optimal,optimal,warning,optimal,danger,→ stable,→ stable,→ stable,60.0,🟢 GOOD,False,NONE,4.7,0.0,NONE
1779688179.625,101.7,91.9,31.6,4709.0,47.1,11.91,32.2,31.7,30.8,30.8,optimal,optimal,optimal,warning,optimal,danger,→ stable,↓ decreasing,→ stable,60.0,🟢 GOOD,False,NONE,4.9,0.0,NONE
1779688180.626,98.7,93.0,32.3,4677.0,47.7,11.92,32.3,31.7,31.0,30.6,optimal,optimal,optimal,warning,optimal,danger,→ stable,↓ decreasing,→ stable,60.0,🟢 GOOD,False,NONE,3.8,0.0,NONE
1779688181.627,100.8,91.3,32.0,4658.0,48.0,11.93,32.1,32.2,31.4,31.0,optimal,optimal,optimal,warning,optimal,danger,→ stable,↓ decreasing,→ stable,60.0,🟢 GOOD,False,NONE,4.3,0.0,NONE
1779688182.628,97.7,92.7,31.8,4722.0,47.9,11.89,32.1,31.8,31.0,31.4,optimal,optimal,optimal,warning,optimal,danger,→ stable,→ stable,→ stable,60.0,🟢 GOOD,False,NONE,4.5,0.0,NONE
1779688183.629,102.6,91.4,31.8,4724.0,48.7,11.93,32.2,32.3,30.8,30.9,optimal,optimal,optimal,warning,optimal,danger,→ stable,→ stable,→ stable,60.0,🟢 GOOD,False,NONE,4.7,0.0,NONE
1779688184.631,97.3,92.5,32.1,4747.0,47.0,11.91,32.0,31.8,30.7,31.2,optimal,optimal,optimal,warning,optimal,danger,↑ increasing,→ stable,→ stable,60.0,🟢 GOOD,False,NONE,4.0,0.0,NONE
1779688185.632,100.8,93.0,31.7,4659.0,47.4,11.9,31.9,32.3,30.6,31.0,optimal,optimal,optimal,warning,optimal,danger,↑ increasing,→ stable,→ stable,60.0,🟢 GOOD,False,NONE,4.8,0.0,NONE
1779688186.633,99.5,91.7,32.1,4716.0,47.6,11.92,32.1,31.7,31.0,31.3,optimal,optimal,optimal,warning,optimal,danger,→ stable,→ stable,→ stable,60.0,🟢 GOOD,False,NONE,4.1,0.0,NONE
1779688187.634,100.0,90.6,31.7,4677.0,48.5,11.94,31.7,32.1,31.3,30.6,optimal,optimal,optimal,warning,optimal,danger,→ stable,→ stable,→ stable,60.0,🟢 GOOD,False,NONE,4.7,0.0,NONE
1779688188.635,99.5,90.7,31.7,4741.0,47.2,11.86,31.6,31.7,30.7,30.6,optimal,optimal,optimal,warning,optimal,danger,→ stable,→ stable,→ stable,60.0,🟢 GOOD,False,NONE,4.7,0.0,NONE
1779688189.636,98.8,90.9,32.0,4692.0,47.0,11.9,32.3,31.9,30.8,31.1,optimal,optimal,optimal,warning,optimal,danger,↓ decreasing,→ stable,→ stable,60.0,🟢 GOOD,False,NONE,4.2,0.0,NONE
1779688190.638,101.3,91.7,31.7,4735.0,48.7,11.91,32.2,32.3,30.7,30.9,optimal,optimal,optimal,warning,optimal,danger,↓ decreasing,→ stable,→ stable,60.0,🟢 GOOD,False,NONE,4.8,0.0,NONE
1779688191.64,99.4,92.3,32.1,4700.0,47.9,11.94,32.2,32.0,30.8,31.3,optimal,optimal,optimal,warning,optimal,danger,↓ decreasing,→ stable,→ stable,60.0,🟢 GOOD,False,NONE,4.1,0.0,NONE
1779688192.64,98.8,91.3,32.3,4696.0,47.5,11.89,32.3,31.9,31.1,31.1,optimal,optimal,optimal,warning,optimal,danger,→ stable,→ stable,→ stable,60.0,🟢 GOOD,False,NONE,3.8,0.0,NONE
1779688193.641,99.6,91.1,31.6,4730.0,47.5,11.92,31.7,32.2,30.8,31.1,optimal,optimal,optimal,warning,optimal,danger,↓ decreasing,→ stable,→ stable,60.0,🟢 GOOD,False,NONE,4.8,0.0,NONE
1779688194.642,98.3,93.0,32.0,4655.0,48.8,11.89,32.1,31.8,31.1,31.1,optimal,optimal,optimal,warning,optimal,danger,↓ decreasing,→ stable,→ stable,60.0,🟢 GOOD,False,NONE,4.2,0.0,NONE
1779688195.644,101.6,91.9,32.4,4681.0,48.7,11.87,31.8,32.1,30.7,31.1,optimal,optimal,optimal,warning,optimal,danger,↓ decreasing,→ stable,→ stable,60.0,🟢 GOOD,False,NONE,3.8,0.0,NONE
1779688196.645,102.3,91.5,31.7,4696.0,48.1,11.93,31.9,31.8,31.3,31.3,optimal,optimal,optimal,warning,optimal,danger,→ stable,↓ decreasing,→ stable,60.0,🟢 GOOD,False,NONE,4.8,0.0,NONE
1779688197.646,101.5,91.8,32.0,4684.0,47.6,11.89,31.8,32.3,31.0,30.8,optimal,optimal,optimal,warning,optimal,danger,→ stable,→ stable,→ stable,60.0,🟢 GOOD,False,NONE,4.4,0.0,NONE
1779688198.646,97.4,92.3,32.4,4698.0,47.7,11.86,31.8,31.6,30.7,31.1,optimal,optimal,optimal,warning,optimal,danger,→ stable,→ stable,→ stable,60.0,🟢 GOOD,False,NONE,3.6,0.0,NONE
1779688199.646,97.2,91.9,31.9,4658.0,48.6,11.94,32.2,31.7,31.3,31.2,optimal,optimal,optimal,warning,optimal,danger,→ stable,→ stable,→ stable,60.0,🟢 GOOD,False,NONE,4.3,0.0,NONE
1779688200.647,100.6,90.9,31.7,4675.0,48.6,11.86,32.0,31.7,31.0,31.1,optimal,optimal,optimal,warning,optimal,danger,→ stable,→ stable,→ stable,60.0,🟢 GOOD,False,NONE,4.7,0.0,NONE
1779688201.649,102.9,90.9,32.2,4724.0,48.8,11.93,32.1,32.0,30.7,31.0,optimal,optimal,optimal,warning,optimal,danger,→ stable,→ stable,→ stable,60.0,🟢 GOOD,False,NONE,4.1,0.0,NONE
1779688202.649,98.1,93.5,31.9,4717.0,48.8,11.88,32.3,32.2,31.2,31.2,optimal,optimal,optimal,warning,optimal,danger,→ stable,→ stable,→ stable,60.0,🟢 GOOD,False,NONE,4.3,0.0,NONE
1779688203.65,99.5,90.8,31.8,4703.0,48.2,11.94,32.0,32.1,30.7,30.8,optimal,optimal,optimal,warning,optimal,danger,→ stable,→ stable,→ stable,60.0,🟢 GOOD,False,NONE,4.5,0.0,NONE
1779688204.651,99.7,91.6,31.8,4702.0,48.2,11.94,32.1,32.4,31.2,30.6,optimal,optimal,optimal,warning,optimal,danger,→ stable,→ stable,→ stable,60.0,🟢 GOOD,False,NONE,4.6,0.0,NONE
1779688205.652,97.6,91.0,32.3,4681.0,48.9,11.88,32.1,32.1,31.2,31.0,optimal,optimal,optimal,warning,optimal,danger,→ stable,→ stable,→ stable,60.0,🟢 GOOD,False,NONE,3.8,0.0,NONE
1779688206.653,100.5,93.4,32.0,4674.0,48.6,11.86,32.3,32.4,31.0,31.4,optimal,optimal,optimal,warning,optimal,danger,→ stable,→ stable,→ stable,60.0,🟢 GOOD,False,NONE,4.3,0.0,NONE
1779688207.654,100.1,91.2,31.8,4670.0,48.6,11.9,31.7,32.3,31.0,30.7,optimal,optimal,optimal,warning,optimal,danger,↓ decreasing,→ stable,→ stable,60.0,🟢 GOOD,False,NONE,4.6,0.0,NONE
1779688208.655,100.1,90.6,31.9,4664.0,47.4,11.93,32.3,31.8,30.8,30.9,optimal,optimal,optimal,warning,optimal,danger,→ stable,→ stable,→ stable,60.0,🟢 GOOD,False,NONE,4.4,0.0,NONE
1779688209.656,101.7,91.0,31.8,4734.0,48.4,11.93,31.8,32.1,31.1,31.3,optimal,optimal,optimal,warning,optimal,danger,→ stable,→ stable,→ stable,60.0,🟢 GOOD,False,NONE,4.6,0.0,NONE
1779688210.658,102.6,92.2,31.8,4663.0,48.9,11.88,32.0,31.6,30.6,30.6,optimal,optimal,optimal,warning,optimal,danger,↑ increasing,→ stable,→ stable,60.0,🟢 GOOD,False,NONE,4.7,0.0,NONE
1779688211.659,98.3,92.3,32.1,4692.0,47.8,11.88,31.7,31.6,31.4,31.2,optimal,optimal,optimal,warning,optimal,danger,→ stable,→ stable,→ stable,60.0,🟢 GOOD,False,NONE,4.1,0.0,NONE
1779688212.661,101.0,90.7,32.4,4734.0,47.1,11.88,32.2,31.9,31.3,31.2,optimal,optimal,optimal,warning,optimal,danger,→ stable,→ stable,→ stable,60.0,🟢 GOOD,False,NONE,3.8,0.0,NONE
1779688213.662,99.9,90.6,31.7,4669.0,49.0,11.93,32.3,32.2,31.3,30.8,optimal,optimal,optimal,warning,optimal,danger,→ stable,→ stable,→ stable,60.0,🟢 GOOD,False,NONE,4.7,0.0,NONE
1779688214.664,102.1,91.6,31.9,4701.0,47.3,11.93,32.0,32.1,30.7,31.1,optimal,optimal,optimal,warning,optimal,danger,→ stable,→ stable,→ stable,60.0,🟢 GOOD,False,NONE,4.5,0.0,NONE
1779688215.666,102.3,93.2,32.2,4727.0,47.7,11.86,31.9,31.7,31.1,31.1,optimal,optimal,optimal,warning,optimal,danger,↑ increasing,→ stable,→ stable,60.0,🟢 GOOD,False,NONE,4.1,0.0,NONE
1779688216.666,97.8,93.2,31.7,4690.0,48.5,11.94,31.7,32.3,30.8,30.8,optimal,optimal,optimal,warning,optimal,danger,↑ increasing,→ stable,→ stable,60.0,🟢 GOOD,False,NONE,4.6,0.0,NONE
1779688217.667,99.4,91.9,32.1,4683.0,47.4,11.92,31.7,31.6,30.7,30.7,optimal,optimal,optimal,warning,optimal,danger,↑ increasing,→ stable,→ stable,60.0,🟢 GOOD,False,NONE,4.1,0.0,NONE
1779688218.668,101.9,91.1,31.8,4656.0,48.1,11.88,32.1,32.3,30.8,30.9,optimal,optimal,optimal,warning,optimal,danger,↑ increasing,→ stable,→ stable,60.0,🟢 GOOD,False,NONE,4.7,0.0,NONE
1779688219.67,97.5,93.1,31.7,4730.0,47.4,11.9,31.9,31.9,30.7,31.2,optimal,optimal,optimal,warning,optimal,danger,→ stable,→ stable,→ stable,60.0,🟢 GOOD,False,NONE,4.6,0.0,NONE
1779688220.671,100.9,91.2,32.0,4657.0,47.1,11.93,31.8,32.2,30.9,31.0,optimal,optimal,optimal,warning,optimal,danger,→ stable,→ stable,→ stable,60.0,🟢 GOOD,False,NONE,4.3,0.0,NONE
1779688221.673,97.6,93.3,31.9,4723.0,47.1,11.85,32.0,31.8,30.6,30.7,optimal,optimal,optimal,warning,optimal,danger,→ stable,→ stable,→ stable,60.0,🟢 GOOD,False,NONE,4.3,0.0,NONE
1779688222.673,98.7,90.7,31.8,4747.0,47.1,11.86,31.9,32.1,30.6,31.0,optimal,optimal,optimal,warning,optimal,danger,→ stable,↑ increasing,→ stable,60.0,🟢 GOOD,False,NONE,4.5,0.0,NONE
1779688223.675,97.1,91.2,32.2,4741.0,49.0,11.93,32.0,32.1,31.1,30.7,optimal,optimal,optimal,warning,optimal,danger,↓ decreasing,↑ increasing,→ stable,60.0,🟢 GOOD,False,NONE,3.9,0.0,NONE
1779688224.676,102.0,91.1,31.9,4715.0,47.4,11.9,32.1,31.9,31.1,31.3,optimal,optimal,optimal,warning,optimal,danger,↓ decreasing,↑ increasing,→ stable,60.0,🟢 GOOD,False,NONE,4.5,0.0,NONE
1779688225.676,99.1,93.3,31.7,4734.0,48.6,11.9,31.7,31.7,31.3,31.3,optimal,optimal,optimal,warning,optimal,danger,↓ decreasing,→ stable,→ stable,60.0,🟢 GOOD,False,NONE,4.7,0.0,NONE
1779688226.677,99.8,91.9,31.6,4650.0,48.0,11.87,32.3,31.9,31.1,31.2,optimal,optimal,optimal,warning,optimal,danger,↓ decreasing,→ stable,→ stable,60.0,🟢 GOOD,False,NONE,4.8,0.0,NONE
