timestamp,speed_kmh,engine_temp_c,tire_pressure_psi,engine_rpm,oil_pressure_psi,battery_voltage_v,tire_pressure_fl_psi,tire_pressure_fr_psi,tire_pressure_rl_psi,tire_pressure_rr_psi,speed_status,temp_status,psi_status,rpm_status,oil_status,battery_status,speed_trend,temp_trend,psi_trend,overall_health,health_status,emergency,contradictions,tire_speed_risk,temp_correlation_penalty,alerts
1780090124.595,82.4,88.9,31.7,1502.0,44.5,13.83,31.8,32.0,32.2,32.1,optimal,optimal,optimal,optimal,optimal,optimal,—,—,—,99.3,✅ EXCELLENT,False,NONE,3.9,0.6,NONE
1780090125.596,79.7,89.8,31.8,1495.0,45.9,13.8,32.1,32.2,32.1,31.6,optimal,optimal,optimal,optimal,optimal,optimal,↓ decreasing,↑ increasing,→ stable,99.3,✅ EXCELLENT,False,NONE,3.6,0.0,NONE
1780090126.597,81.6,91.0,32.3,1492.0,45.7,13.78,32.4,32.1,31.9,31.9,optimal,optimal,optimal,optimal,optimal,optimal,↓ decreasing,↑ increasing,↑ increasing,99.3,✅ EXCELLENT,False,NONE,3.1,0.0,NONE
1780090127.597,82.6,89.2,31.6,1530.0,45.3,13.75,32.3,32.3,32.2,31.7,optimal,optimal,optimal,optimal,optimal,optimal,→ stable,→ stable,→ stable,99.3,✅ EXCELLENT,False,NONE,4.0,0.3,NONE
1780090128.597,82.7,91.5,31.6,1531.0,45.5,13.83,31.7,32.2,32.2,32.0,optimal,optimal,optimal,optimal,optimal,optimal,→ stable,↑ increasing,→ stable,99.3,✅ EXCELLENT,False,NONE,4.0,0.0,NONE
1780090129.597,77.4,89.3,32.2,1468.0,45.7,13.84,32.4,31.6,31.9,31.7,optimal,optimal,optimal,optimal,optimal,optimal,↓ decreasing,→ stable,→ stable,99.3,✅ EXCELLENT,False,NONE,3.1,0.2,NONE
1780090130.597,78.1,89.0,31.8,1452.0,44.9,13.77,32.2,32.1,32.2,32.2,optimal,optimal,optimal,optimal,optimal,optimal,↓ decreasing,→ stable,→ stable,99.3,✅ EXCELLENT,False,NONE,3.6,0.5,NONE
1780090131.598,80.5,90.8,31.8,1520.0,45.8,13.83,31.8,31.7,31.8,31.8,optimal,optimal,optimal,optimal,optimal,optimal,↓ decreasing,↑ increasing,→ stable,99.3,✅ EXCELLENT,False,NONE,3.7,0.0,NONE
1780090132.598,81.5,88.7,31.9,1532.0,44.2,13.78,32.1,31.8,31.7,31.6,optimal,optimal,optimal,optimal,optimal,optimal,↓ decreasing,→ stable,→ stable,99.3,✅ EXCELLENT,False,NONE,3.6,0.8,NONE
1780090133.599,79.5,89.7,31.6,1544.0,44.9,13.84,32.4,31.9,32.0,32.3,optimal,optimal,optimal,optimal,optimal,optimal,↓ decreasing,↑ increasing,→ stable,99.3,✅ EXCELLENT,False,NONE,3.9,0.0,NONE
1780090134.6,79.8,90.6,32.2,1521.0,44.4,13.81,32.3,32.3,31.8,32.1,optimal,optimal,optimal,optimal,optimal,optimal,↓ decreasing,↑ increasing,→ stable,99.3,✅ EXCELLENT,False,NONE,3.2,0.0,NONE
1780090135.6,81.1,88.7,32.1,1476.0,44.1,13.83,32.3,32.0,31.8,32.4,optimal,optimal,optimal,optimal,optimal,optimal,↓ decreasing,→ stable,→ stable,99.3,✅ EXCELLENT,False,NONE,3.4,0.8,NONE
1780090136.6,81.5,88.7,32.3,1543.0,44.3,13.82,31.6,32.0,32.4,32.2,optimal,optimal,optimal,optimal,optimal,optimal,↓ decreasing,→ stable,↑ increasing,99.3,✅ EXCELLENT,False,NONE,3.1,0.8,NONE
1780090137.601,82.1,89.7,32.4,1535.0,44.0,13.78,32.1,32.0,31.7,32.2,optimal,optimal,optimal,optimal,optimal,optimal,→ stable,↑ increasing,↑ increasing,99.3,✅ EXCELLENT,False,NONE,3.0,0.0,NONE
1780090138.602,82.6,91.0,32.2,1479.0,44.0,13.76,31.8,32.1,31.7,31.7,optimal,optimal,optimal,optimal,optimal,optimal,→ stable,↑ increasing,→ stable,99.3,✅ EXCELLENT,False,NONE,3.3,0.0,📈 RAPID_TEMP_RISE: Engine temperature rising quickly
1780090139.603,77.2,90.1,32.1,1457.0,45.6,13.81,31.6,32.1,31.9,31.7,optimal,optimal,optimal,optimal,optimal,optimal,↓ decreasing,↑ increasing,→ stable,99.3,✅ EXCELLENT,False,NONE,3.2,0.0,NONE
1780090140.603,79.4,90.5,32.2,1468.0,44.4,13.83,31.6,32.4,31.6,32.2,optimal,optimal,optimal,optimal,optimal,optimal,↓ decreasing,↑ increasing,→ stable,99.3,✅ EXCELLENT,False,NONE,3.2,0.0,NONE
1780090141.604,82.2,89.9,31.8,1524.0,44.6,13.84,32.1,32.3,32.3,31.6,optimal,optimal,optimal,optimal,optimal,optimal,→ stable,↑ increasing,→ stable,99.3,✅ EXCELLENT,False,NONE,3.8,0.0,NONE
1780090142.605,78.3,88.7,31.9,1461.0,45.5,13.83,31.6,31.7,32.4,31.8,optimal,optimal,optimal,optimal,optimal,optimal,↓ decreasing,→ stable,→ stable,99.3,✅ EXCELLENT,False,NONE,3.5,0.8,NONE
1780090143.605,78.5,90.3,32.1,1520.0,44.9,13.79,32.3,31.8,31.6,32.2,optimal,optimal,optimal,optimal,optimal,optimal,→ stable,→ stable,→ stable,99.3,✅ EXCELLENT,False,NONE,3.3,0.0,NONE
1780090144.607,78.3,90.2,32.1,1470.0,45.3,13.8,31.7,32.3,31.7,31.8,optimal,optimal,optimal,optimal,optimal,optimal,→ stable,→ stable,→ stable,99.3,✅ EXCELLENT,False,NONE,3.2,0.0,NONE
1780090145.608,81.8,89.5,32.3,1532.0,44.2,13.84,32.3,32.0,32.1,31.8,optimal,optimal,optimal,optimal,optimal,optimal,→ stable,→ stable,→ stable,99.3,✅ EXCELLENT,False,NONE,3.2,0.1,NONE
1780090146.609,77.1,90.6,32.2,1532.0,44.2,13.84,31.9,32.0,32.1,31.6,optimal,optimal,optimal,optimal,optimal,optimal,↓ decreasing,→ stable,→ stable,99.3,✅ EXCELLENT,False,NONE,3.1,0.0,NONE
1780090147.609,81.2,88.7,31.9,1513.0,45.3,13.81,32.4,32.3,32.2,32.2,optimal,optimal,optimal,optimal,optimal,optimal,↓ decreasing,→ stable,→ stable,99.3,✅ EXCELLENT,False,NONE,3.6,0.8,NONE
1780090148.609,78.7,89.6,32.3,1546.0,45.6,13.81,31.9,32.0,32.0,31.8,optimal,optimal,optimal,optimal,optimal,optimal,↓ decreasing,→ stable,→ stable,99.3,✅ EXCELLENT,False,NONE,3.0,0.1,NONE
1780090149.61,79.5,90.8,32.2,1455.0,44.7,13.82,32.2,32.3,31.6,32.2,optimal,optimal,optimal,optimal,optimal,optimal,↓ decreasing,→ stable,→ stable,99.3,✅ EXCELLENT,False,NONE,3.2,0.0,NONE
1780090150.61,80.5,89.0,32.0,1467.0,45.0,13.77,32.0,31.9,32.2,32.1,optimal,optimal,optimal,optimal,optimal,optimal,↓ decreasing,→ stable,→ stable,99.3,✅ EXCELLENT,False,NONE,3.5,0.5,NONE
1780090151.61,78.9,89.4,32.2,1452.0,45.4,13.8,31.9,32.4,31.7,32.0,optimal,optimal,optimal,optimal,optimal,optimal,↓ decreasing,→ stable,→ stable,99.3,✅ EXCELLENT,False,NONE,3.2,0.2,NONE
1780090152.61,82.0,90.2,32.2,1521.0,45.6,13.79,32.4,32.2,31.8,32.2,optimal,optimal,optimal,optimal,optimal,optimal,↓ decreasing,→ stable,→ stable,99.3,✅ EXCELLENT,False,NONE,3.3,0.0,NONE
1780090153.61,78.5,89.2,31.9,1468.0,45.6,13.77,31.7,31.8,31.7,32.1,optimal,optimal,optimal,optimal,optimal,optimal,↓ decreasing,→ stable,→ stable,99.3,✅ EXCELLENT,False,NONE,3.5,0.3,NONE
1780090154.611,79.4,91.4,31.8,1511.0,45.8,13.8,31.7,32.3,32.3,31.7,optimal,optimal,optimal,optimal,optimal,optimal,→ stable,→ stable,→ stable,99.3,✅ EXCELLENT,False,NONE,3.6,0.0,NONE
1780090155.613,82.6,90.7,31.7,1481.0,45.0,13.82,31.8,32.2,32.0,32.2,optimal,optimal,optimal,optimal,optimal,optimal,→ stable,→ stable,→ stable,99.3,✅ EXCELLENT,False,NONE,3.9,0.0,NONE
1780090156.614,80.9,91.0,32.1,1450.0,45.6,13.79,32.3,31.9,32.3,32.2,optimal,optimal,optimal,optimal,optimal,optimal,→ stable,→ stable,→ stable,99.3,✅ EXCELLENT,False,NONE,3.4,0.0,NONE
1780090157.615,79.5,91.0,32.4,1490.0,45.8,13.82,31.7,31.9,32.0,32.2,optimal,optimal,optimal,optimal,optimal,optimal,→ stable,→ stable,→ stable,99.3,✅ EXCELLENT,False,NONE,3.0,0.0,NONE
1780090158.615,82.7,88.7,31.9,1452.0,44.6,13.85,32.2,31.9,32.0,31.9,optimal,optimal,optimal,optimal,optimal,optimal,↑ increasing,→ stable,→ stable,99.3,✅ EXCELLENT,False,NONE,3.7,0.8,NONE
1780090159.617,79.0,91.1,31.8,1516.0,44.2,13.81,32.3,32.1,32.3,32.2,optimal,optimal,optimal,optimal,optimal,optimal,↑ increasing,→ stable,→ stable,99.3,✅ EXCELLENT,False,NONE,3.6,0.0,NONE
1780090160.617,81.8,89.8,31.8,1523.0,44.3,13.79,31.8,31.7,32.3,32.0,optimal,optimal,optimal,optimal,optimal,optimal,↑ increasing,↑ increasing,→ stable,99.3,✅ EXCELLENT,False,NONE,3.7,0.0,NONE
1780090161.617,79.3,90.8,32.2,1492.0,45.6,13.78,32.1,32.1,32.1,31.9,optimal,optimal,optimal,optimal,optimal,optimal,↑ increasing,↑ increasing,→ stable,99.3,✅ EXCELLENT,False,NONE,3.2,0.0,NONE
1780090162.617,81.3,91.5,31.7,1453.0,45.4,13.75,31.7,31.7,32.1,31.8,optimal,optimal,optimal,optimal,optimal,optimal,↑ increasing,↑ increasing,→ stable,99.3,✅ EXCELLENT,False,NONE,3.8,0.0,NONE
1780090163.618,81.2,90.7,32.2,1463.0,45.7,13.8,31.6,31.7,31.7,31.9,optimal,optimal,optimal,optimal,optimal,optimal,↑ increasing,↑ increasing,→ stable,99.3,✅ EXCELLENT,False,NONE,3.2,0.0,NONE
1780090164.62,80.8,89.5,31.6,1543.0,44.5,13.77,32.1,32.1,31.9,32.3,optimal,optimal,optimal,optimal,optimal,optimal,↑ increasing,↑ increasing,→ stable,99.3,✅ EXCELLENT,False,NONE,3.9,0.1,NONE
1780090165.621,80.8,90.9,31.8,1535.0,45.0,13.81,31.7,31.7,32.1,32.2,optimal,optimal,optimal,optimal,optimal,optimal,↑ increasing,↑ increasing,→ stable,99.3,✅ EXCELLENT,False,NONE,3.7,0.0,NONE
1780090166.622,77.4,91.1,32.1,1517.0,44.1,13.75,31.6,32.3,31.8,32.1,optimal,optimal,optimal,optimal,optimal,optimal,→ stable,↑ increasing,→ stable,99.3,✅ EXCELLENT,False,NONE,3.2,0.0,NONE
1780090167.622,78.8,89.1,32.0,1506.0,44.2,13.83,32.3,31.7,31.6,31.8,optimal,optimal,optimal,optimal,optimal,optimal,→ stable,→ stable,→ stable,99.3,✅ EXCELLENT,False,NONE,3.4,0.4,NONE
1780090168.623,79.8,88.5,31.6,1541.0,45.3,13.83,32.2,31.7,32.2,31.7,optimal,optimal,optimal,optimal,optimal,optimal,→ stable,→ stable,→ stable,99.3,✅ EXCELLENT,False,NONE,3.9,1.1,NONE
1780090169.624,77.9,88.9,31.9,1508.0,44.0,13.81,32.1,32.2,32.4,31.7,optimal,optimal,optimal,optimal,optimal,optimal,→ stable,→ stable,→ stable,99.3,✅ EXCELLENT,False,NONE,3.4,0.6,NONE
1780090170.624,77.5,91.0,32.0,1463.0,45.4,13.83,31.7,31.6,32.4,32.1,optimal,optimal,optimal,optimal,optimal,optimal,↓ decreasing,→ stable,→ stable,99.3,✅ EXCELLENT,False,NONE,3.3,0.0,NONE
1780090171.625,78.9,89.0,31.9,1506.0,44.6,13.81,32.4,32.2,32.2,31.9,optimal,optimal,optimal,optimal,optimal,optimal,↓ decreasing,→ stable,→ stable,99.3,✅ EXCELLENT,False,NONE,3.5,0.5,NONE
1780090172.626,78.9,90.2,31.6,1454.0,44.4,13.81,32.2,32.4,31.9,32.0,optimal,optimal,optimal,optimal,optimal,optimal,↓ decreasing,↓ decreasing,→ stable,99.3,✅ EXCELLENT,False,NONE,3.8,0.0,NONE
1780090173.626,82.2,91.4,32.1,1518.0,44.3,13.83,32.3,31.8,31.7,32.1,optimal,optimal,optimal,optimal,optimal,optimal,↓ decreasing,↓ decreasing,→ stable,99.3,✅ EXCELLENT,False,NONE,3.4,0.0,NONE
1780090174.628,79.5,90.5,31.6,1484.0,46.0,13.78,32.4,31.9,31.9,32.1,optimal,optimal,optimal,optimal,optimal,optimal,↓ decreasing,→ stable,→ stable,99.3,✅ EXCELLENT,False,NONE,3.9,0.0,NONE
1780090175.629,77.2,90.1,32.0,1465.0,44.4,13.8,32.0,32.0,32.1,32.4,optimal,optimal,optimal,optimal,optimal,optimal,↓ decreasing,↓ decreasing,→ stable,99.3,✅ EXCELLENT,False,NONE,3.3,0.0,NONE
1780090176.63,82.7,89.1,32.1,1537.0,44.2,13.82,31.9,32.2,31.9,31.8,optimal,optimal,optimal,optimal,optimal,optimal,↓ decreasing,↓ decreasing,→ stable,99.3,✅ EXCELLENT,False,NONE,3.4,0.4,NONE
1780090177.631,77.2,90.9,31.7,1493.0,45.9,13.81,32.3,32.2,31.9,32.4,optimal,optimal,optimal,optimal,optimal,optimal,↓ decreasing,→ stable,→ stable,99.3,✅ EXCELLENT,False,NONE,3.6,0.0,NONE
1780090178.631,80.8,89.4,31.8,1515.0,44.0,13.77,31.8,32.1,32.0,31.7,optimal,optimal,optimal,optimal,optimal,optimal,↓ decreasing,→ stable,→ stable,99.3,✅ EXCELLENT,False,NONE,3.7,0.2,NONE
1780090179.631,77.4,89.5,31.7,1461.0,44.1,13.8,31.6,32.0,32.2,31.8,optimal,optimal,optimal,optimal,optimal,optimal,↓ decreasing,→ stable,→ stable,99.3,✅ EXCELLENT,False,NONE,3.6,0.1,NONE
1780090180.631,79.2,91.2,32.3,1472.0,44.5,13.84,32.3,32.2,32.2,32.3,optimal,optimal,optimal,optimal,optimal,optimal,→ stable,→ stable,→ stable,99.3,✅ EXCELLENT,False,NONE,3.1,0.0,NONE
1780090181.632,81.6,89.3,32.3,1545.0,45.0,13.79,31.6,31.8,32.0,32.0,optimal,optimal,optimal,optimal,optimal,optimal,→ stable,→ stable,→ stable,99.3,✅ EXCELLENT,False,NONE,3.1,0.2,NONE
1780090182.633,77.6,88.8,32.3,1502.0,45.2,13.81,31.8,31.9,32.0,31.9,optimal,optimal,optimal,optimal,optimal,optimal,→ stable,→ stable,→ stable,99.3,✅ EXCELLENT,False,NONE,3.0,0.7,NONE
1780090183.634,81.3,90.7,32.1,1460.0,44.3,13.82,31.6,31.7,31.9,31.9,optimal,optimal,optimal,optimal,optimal,optimal,→ stable,→ stable,→ stable,99.3,✅ EXCELLENT,False,NONE,3.4,0.0,NONE
1780090184.634,77.3,89.9,32.0,1451.0,45.3,13.75,31.6,31.6,31.8,32.1,optimal,optimal,optimal,optimal,optimal,optimal,→ stable,→ stable,→ stable,99.3,✅ EXCELLENT,False,NONE,3.3,0.0,NONE
1780090185.634,77.3,88.9,32.1,1511.0,45.1,13.82,32.1,31.9,31.9,31.9,optimal,optimal,optimal,optimal,optimal,optimal,→ stable,→ stable,→ stable,99.3,✅ EXCELLENT,False,NONE,3.2,0.6,NONE
1780090186.634,77.6,89.3,31.9,1474.0,44.5,13.81,32.3,32.0,31.6,32.4,optimal,optimal,optimal,optimal,optimal,optimal,↓ decreasing,→ stable,→ stable,99.3,✅ EXCELLENT,False,NONE,3.4,0.2,NONE
1780090187.634,80.1,90.8,31.9,1483.0,44.4,13.85,31.9,32.3,31.9,31.9,optimal,optimal,optimal,optimal,optimal,optimal,→ stable,→ stable,→ stable,99.3,✅ EXCELLENT,False,NONE,3.5,0.0,NONE
1780090188.634,79.1,90.1,32.0,1471.0,44.3,13.8,31.8,32.2,31.9,32.3,optimal,optimal,optimal,optimal,optimal,optimal,→ stable,→ stable,→ stable,99.3,✅ EXCELLENT,False,NONE,3.4,0.0,NONE
1780090189.634,80.0,88.5,32.4,1513.0,44.6,13.76,31.9,32.0,31.6,32.1,optimal,optimal,optimal,optimal,optimal,optimal,→ stable,→ stable,→ stable,99.3,✅ EXCELLENT,False,NONE,3.0,1.1,NONE
1780090190.635,80.6,88.9,32.2,1465.0,45.8,13.81,32.3,32.2,31.7,32.1,optimal,optimal,optimal,optimal,optimal,optimal,→ stable,↓ decreasing,→ stable,99.3,✅ EXCELLENT,False,NONE,3.2,0.6,NONE
1780090191.635,79.9,91.4,32.0,1513.0,44.8,13.83,32.2,32.2,32.0,32.0,optimal,optimal,optimal,optimal,optimal,optimal,↓ decreasing,→ stable,→ stable,99.3,✅ EXCELLENT,False,NONE,3.4,0.0,NONE
1780090192.636,79.7,89.6,31.7,1516.0,44.8,13.83,31.8,31.9,32.2,32.2,optimal,optimal,optimal,optimal,optimal,optimal,→ stable,→ stable,→ stable,99.3,✅ EXCELLENT,False,NONE,3.8,0.1,NONE
1780090193.637,81.0,88.9,31.8,1492.0,44.8,13.77,32.3,32.3,32.2,31.7,optimal,optimal,optimal,optimal,optimal,optimal,→ stable,→ stable,→ stable,99.3,✅ EXCELLENT,False,NONE,3.7,0.6,NONE
1780090194.638,81.1,89.0,31.8,1495.0,44.2,13.8,31.7,32.0,31.7,31.6,optimal,optimal,optimal,optimal,optimal,optimal,→ stable,→ stable,→ stable,99.3,✅ EXCELLENT,False,NONE,3.7,0.5,NONE
1780090195.638,80.9,88.6,32.2,1548.0,45.1,13.78,32.0,32.0,31.8,31.7,optimal,optimal,optimal,optimal,optimal,optimal,↑ increasing,→ stable,→ stable,99.3,✅ EXCELLENT,False,NONE,3.2,1.0,NONE
1780090196.639,77.2,90.9,31.6,1483.0,44.5,13.83,31.7,32.1,32.0,32.0,optimal,optimal,optimal,optimal,optimal,optimal,↑ increasing,→ stable,→ stable,99.3,✅ EXCELLENT,False,NONE,3.7,0.0,NONE
1780090197.639,82.4,89.6,32.0,1524.0,44.6,13.79,31.8,31.7,31.9,32.4,optimal,optimal,optimal,optimal,optimal,optimal,↑ increasing,→ stable,→ stable,99.3,✅ EXCELLENT,False,NONE,3.5,0.1,NONE
1780090198.639,78.3,90.6,32.2,1502.0,44.5,13.84,32.3,32.1,32.1,32.2,optimal,optimal,optimal,optimal,optimal,optimal,↑ increasing,→ stable,→ stable,99.3,✅ EXCELLENT,False,NONE,3.1,0.0,NONE
1780090199.64,78.2,91.1,32.2,1503.0,44.0,13.85,31.6,32.1,31.8,32.0,optimal,optimal,optimal,optimal,optimal,optimal,↑ increasing,→ stable,→ stable,99.3,✅ EXCELLENT,False,NONE,3.1,0.0,NONE
1780090200.64,77.9,89.2,31.7,1539.0,45.2,13.76,31.7,32.1,32.3,32.2,optimal,optimal,optimal,optimal,optimal,optimal,→ stable,→ stable,→ stable,99.3,✅ EXCELLENT,False,NONE,3.7,0.3,NONE
1780090201.641,82.9,90.4,32.3,1510.0,44.2,13.82,32.4,32.2,31.7,32.0,optimal,optimal,optimal,optimal,optimal,optimal,↑ increasing,→ stable,→ stable,99.3,✅ EXCELLENT,False,NONE,3.2,0.0,NONE
1780090202.641,80.5,88.7,32.0,1543.0,44.6,13.82,31.8,32.3,31.6,32.0,optimal,optimal,optimal,optimal,optimal,optimal,↑ increasing,→ stable,→ stable,99.3,✅ EXCELLENT,False,NONE,3.5,0.8,NONE
1780090203.641,78.8,90.1,32.2,1458.0,45.1,13.81,32.2,32.3,31.9,31.8,optimal,optimal,optimal,optimal,optimal,optimal,↑ increasing,→ stable,→ stable,99.3,✅ EXCELLENT,False,NONE,3.2,0.0,NONE
1780090204.642,81.4,91.1,31.7,1464.0,44.7,13.84,32.2,31.8,31.7,31.6,optimal,optimal,optimal,optimal,optimal,optimal,→ stable,→ stable,→ stable,99.3,✅ EXCELLENT,False,NONE,3.8,0.0,NONE
1780090205.643,80.9,89.3,32.3,1532.0,44.2,13.8,32.0,31.7,32.0,31.8,optimal,optimal,optimal,optimal,optimal,optimal,→ stable,↑ increasing,→ stable,99.3,✅ EXCELLENT,False,NONE,3.1,0.2,NONE
1780090205.867,82.6,88.7,31.8,1455.0,45.1,13.83,32.2,31.7,32.1,32.2,optimal,optimal,optimal,optimal,optimal,optimal,→ stable,→ stable,→ stable,99.3,✅ EXCELLENT,False,NONE,3.8,0.8,NONE
1780090209.043,77.0,90.8,32.3,1516.0,45.6,13.81,31.7,32.2,32.1,31.8,optimal,optimal,optimal,optimal,optimal,optimal,→ stable,→ stable,→ stable,99.3,✅ EXCELLENT,False,NONE,3.0,0.0,NONE
1780090210.043,78.7,91.2,32.2,1486.0,45.6,13.82,31.7,32.3,31.8,31.8,optimal,optimal,optimal,optimal,optimal,optimal,→ stable,→ stable,→ stable,99.3,✅ EXCELLENT,False,NONE,3.1,0.0,NONE
1780090211.045,79.8,88.5,32.1,1468.0,44.1,13.81,32.1,32.1,32.2,31.6,optimal,optimal,optimal,optimal,optimal,optimal,→ stable,→ stable,→ stable,99.3,✅ EXCELLENT,False,NONE,3.3,1.1,NONE
1780090212.045,82.8,91.2,31.7,1461.0,45.7,13.84,31.9,32.0,32.3,32.4,optimal,optimal,optimal,optimal,optimal,optimal,↑ increasing,→ stable,→ stable,99.3,✅ EXCELLENT,False,NONE,3.9,0.0,NONE
1780090213.046,79.8,91.1,31.8,1505.0,44.6,13.77,32.4,32.0,32.1,31.9,optimal,optimal,optimal,optimal,optimal,optimal,→ stable,→ stable,→ stable,99.3,✅ EXCELLENT,False,NONE,3.6,0.0,NONE
1780090214.048,80.8,91.1,32.2,1520.0,44.8,13.78,31.9,32.0,32.2,31.9,optimal,optimal,optimal,optimal,optimal,optimal,→ stable,↑ increasing,→ stable,99.3,✅ EXCELLENT,False,NONE,3.2,0.0,NONE
1780090215.049,79.7,91.3,32.0,1451.0,45.4,13.76,31.6,32.0,31.9,32.0,optimal,optimal,optimal,optimal,optimal,optimal,↑ increasing,↑ increasing,→ stable,99.3,✅ EXCELLENT,False,NONE,3.4,0.0,NONE
1780090216.049,82.4,89.1,31.8,1547.0,44.1,13.76,32.0,32.1,32.0,32.2,optimal,optimal,optimal,optimal,optimal,optimal,↑ increasing,→ stable,→ stable,99.3,✅ EXCELLENT,False,NONE,3.8,0.4,NONE
1780090217.051,80.4,89.8,31.9,1462.0,45.3,13.83,31.6,32.1,31.6,32.1,optimal,optimal,optimal,optimal,optimal,optimal,↑ increasing,→ stable,→ stable,99.3,✅ EXCELLENT,False,NONE,3.6,0.0,NONE
1780090218.052,80.4,89.2,32.2,1535.0,44.3,13.78,32.4,31.8,31.8,31.8,optimal,optimal,optimal,optimal,optimal,optimal,→ stable,→ stable,→ stable,99.3,✅ EXCELLENT,False,NONE,3.2,0.3,NONE
1780090219.053,78.8,90.8,31.7,1469.0,45.3,13.82,32.2,31.6,32.1,31.8,optimal,optimal,optimal,optimal,optimal,optimal,↑ increasing,→ stable,→ stable,99.3,✅ EXCELLENT,False,NONE,3.7,0.0,NONE
1780090220.054,80.6,90.4,32.3,1467.0,44.4,13.79,31.8,32.1,31.9,32.4,optimal,optimal,optimal,optimal,optimal,optimal,↑ increasing,→ stable,→ stable,99.3,✅ EXCELLENT,False,NONE,3.1,0.0,NONE
1780090221.054,77.3,88.9,32.3,1476.0,44.2,13.81,32.0,32.4,32.0,32.3,optimal,optimal,optimal,optimal,optimal,optimal,→ stable,→ stable,→ stable,99.3,✅ EXCELLENT,False,NONE,3.0,0.6,NONE
1780090222.056,82.3,91.0,32.2,1453.0,46.0,13.81,31.8,31.7,32.1,31.8,optimal,optimal,optimal,optimal,optimal,optimal,→ stable,→ stable,→ stable,99.3,✅ EXCELLENT,False,NONE,3.3,0.0,NONE
1780090223.057,78.7,89.1,32.3,1494.0,44.1,13.77,32.0,31.8,32.4,31.8,optimal,optimal,optimal,optimal,optimal,optimal,→ stable,→ stable,→ stable,99.3,✅ EXCELLENT,False,NONE,3.0,0.4,NONE
1780090224.057,82.3,90.5,32.0,1511.0,45.5,13.84,32.2,31.8,32.2,32.2,optimal,optimal,optimal,optimal,optimal,optimal,→ stable,→ stable,→ stable,99.3,✅ EXCELLENT,False,NONE,3.5,0.0,NONE
1780090225.057,82.2,89.4,32.0,1463.0,44.6,13.83,31.7,32.0,31.9,31.6,optimal,optimal,optimal,optimal,optimal,optimal,→ stable,↓ decreasing,→ stable,99.3,✅ EXCELLENT,False,NONE,3.5,0.2,NONE
1780090226.059,81.2,88.9,31.7,1528.0,45.7,13.83,32.4,32.0,32.1,32.2,optimal,optimal,optimal,optimal,optimal,optimal,→ stable,→ stable,→ stable,99.3,✅ EXCELLENT,False,NONE,3.8,0.6,NONE
1780090227.06,79.6,88.5,32.2,1468.0,44.7,13.82,32.2,32.1,31.8,32.1,optimal,optimal,optimal,optimal,optimal,optimal,→ stable,↓ decreasing,→ stable,99.3,✅ EXCELLENT,False,NONE,3.2,1.1,NONE
1780090228.06,82.6,88.9,31.6,1543.0,0.5,13.79,31.7,32.4,32.3,31.8,optimal,optimal,optimal,optimal,danger,optimal,→ stable,↓ decreasing,→ stable,85.8,✅ EXCELLENT,False,NONE,4.0,0.6,NONE
1780090229.062,80.5,89.8,31.9,1473.0,0.6,13.84,32.3,32.4,32.3,32.0,optimal,optimal,optimal,optimal,danger,optimal,→ stable,↓ decreasing,→ stable,72.7,🟢 GOOD,False,NONE,3.6,0.0,NONE
1780090230.063,79.8,90.9,31.7,1534.0,1.0,13.82,32.1,32.2,32.1,31.6,optimal,optimal,optimal,optimal,danger,optimal,→ stable,↓ decreasing,→ stable,59.8,🟡 FAIR,False,NONE,3.8,0.0,NONE
1780090231.065,77.6,89.4,31.8,1529.0,-0.4,13.79,31.9,31.9,32.0,32.0,optimal,optimal,optimal,optimal,danger,optimal,→ stable,↓ decreasing,→ stable,59.8,🟡 FAIR,False,NONE,3.5,0.2,NONE
1780090232.065,78.0,88.8,31.8,1452.0,-0.2,13.84,32.0,32.0,31.8,32.4,optimal,optimal,optimal,optimal,danger,optimal,→ stable,↓ decreasing,→ stable,59.8,🟡 FAIR,False,NONE,3.6,0.7,NONE
1780090232.179,78.4,90.1,31.9,1503.0,-0.2,13.83,32.0,31.7,31.7,32.1,optimal,optimal,optimal,optimal,danger,optimal,→ stable,↓ decreasing,→ stable,59.8,🟡 FAIR,False,NONE,3.5,0.0,NONE
1780090233.066,78.4,89.2,32.4,1545.0,0.1,13.78,31.7,32.0,32.1,32.3,optimal,optimal,optimal,optimal,danger,optimal,→ stable,↓ decreasing,→ stable,59.8,🟡 FAIR,False,NONE,2.9,0.3,NONE
1780090234.067,81.8,90.9,32.1,1519.0,0.5,13.79,32.2,32.3,31.8,32.2,optimal,optimal,optimal,optimal,danger,optimal,↓ decreasing,→ stable,→ stable,59.8,🟡 FAIR,False,NONE,3.4,0.0,NONE
1780090235.069,79.7,89.6,32.3,1493.0,-1.0,13.78,31.8,31.7,32.2,31.7,optimal,optimal,optimal,optimal,danger,optimal,↓ decreasing,→ stable,→ stable,59.8,🟡 FAIR,False,NONE,3.1,0.1,NONE
1780090236.07,78.0,89.2,32.3,1457.0,0.6,13.83,32.3,32.4,32.0,31.9,optimal,optimal,optimal,optimal,danger,optimal,↓ decreasing,→ stable,→ stable,59.8,🟡 FAIR,False,NONE,3.0,0.3,NONE
1780090237.07,82.4,90.9,32.0,1499.0,0.3,13.78,31.7,32.4,32.1,31.8,optimal,optimal,optimal,optimal,danger,optimal,↓ decreasing,→ stable,→ stable,59.8,🟡 FAIR,False,NONE,3.5,0.0,NONE
1780090238.071,80.6,90.6,31.8,1453.0,-0.2,13.76,31.9,32.0,32.3,32.2,optimal,optimal,optimal,optimal,danger,optimal,↓ decreasing,→ stable,→ stable,59.8,🟡 FAIR,False,NONE,3.7,0.0,NONE
1780090239.072,82.3,89.0,32.1,1539.0,0.8,13.82,32.1,31.8,31.7,31.6,optimal,optimal,optimal,optimal,danger,optimal,↓ decreasing,→ stable,→ stable,59.8,🟡 FAIR,False,NONE,3.4,0.5,NONE
1780090240.074,77.2,91.1,32.0,1490.0,0.1,13.83,32.1,32.3,32.2,32.0,optimal,optimal,optimal,optimal,danger,optimal,↓ decreasing,→ stable,→ stable,59.8,🟡 FAIR,False,NONE,3.3,0.0,NONE
1780090241.075,79.0,89.4,32.3,1549.0,-0.9,13.85,32.4,31.6,32.1,31.8,optimal,optimal,optimal,optimal,danger,optimal,→ stable,↑ increasing,→ stable,59.8,🟡 FAIR,False,NONE,3.0,0.2,NONE
1780090242.076,82.8,89.2,31.7,1517.0,0.6,13.82,32.1,32.1,32.1,32.2,optimal,optimal,optimal,optimal,danger,optimal,→ stable,→ stable,→ stable,59.8,🟡 FAIR,False,NONE,3.9,0.3,NONE
1780090243.077,77.6,90.4,31.8,1460.0,0.4,13.77,32.0,32.1,32.3,31.9,optimal,optimal,optimal,optimal,danger,optimal,→ stable,↑ increasing,→ stable,59.8,🟡 FAIR,False,NONE,3.5,0.0,NONE
1780090244.078,77.3,91.4,32.3,1459.0,-0.7,13.75,32.0,31.8,31.6,31.6,optimal,optimal,optimal,optimal,danger,optimal,→ stable,↑ increasing,→ stable,59.8,🟡 FAIR,False,NONE,3.0,0.0,NONE
1780090245.08,81.6,91.0,31.9,1452.0,-0.3,13.8,32.3,32.1,32.3,32.4,optimal,optimal,optimal,optimal,danger,optimal,→ stable,↑ increasing,→ stable,59.8,🟡 FAIR,False,NONE,3.6,0.0,NONE
1780090246.081,80.4,88.9,32.1,1532.0,0.1,13.84,31.9,32.4,31.9,32.2,optimal,optimal,optimal,optimal,danger,optimal,↑ increasing,↑ increasing,→ stable,59.8,🟡 FAIR,False,NONE,3.3,0.6,NONE
1780090251.721,83.0,91.3,32.3,1542.0,-0.2,13.78,32.4,31.7,32.3,32.3,optimal,optimal,optimal,optimal,danger,optimal,↑ increasing,→ stable,→ stable,59.8,🟡 FAIR,False,NONE,3.2,0.0,NONE
1780090252.722,79.9,89.5,31.8,1505.0,-0.1,13.83,31.7,31.7,32.0,31.9,optimal,optimal,optimal,optimal,danger,optimal,↑ increasing,→ stable,→ stable,59.8,🟡 FAIR,False,NONE,3.7,0.1,NONE
1780090253.723,78.5,91.4,32.0,1536.0,-0.8,13.77,31.8,31.9,32.0,31.7,optimal,optimal,optimal,optimal,danger,optimal,→ stable,↑ increasing,→ stable,59.8,🟡 FAIR,False,NONE,3.4,0.0,NONE
1780090254.723,81.7,91.2,32.1,1453.0,-0.4,13.77,31.9,32.4,32.2,32.2,optimal,optimal,optimal,optimal,danger,optimal,→ stable,→ stable,→ stable,59.8,🟡 FAIR,False,NONE,3.4,0.0,NONE
1780090255.724,80.8,89.7,31.9,1547.0,0.3,13.83,31.7,32.0,31.9,32.0,optimal,optimal,optimal,optimal,danger,optimal,↑ increasing,→ stable,→ stable,59.8,🟡 FAIR,False,NONE,3.6,0.0,NONE
1780090256.726,78.4,91.0,32.3,1489.0,-0.2,13.8,32.1,32.1,31.8,32.4,optimal,optimal,optimal,optimal,danger,optimal,→ stable,↑ increasing,→ stable,59.8,🟡 FAIR,False,NONE,3.0,0.0,NONE
1780090257.726,80.6,90.8,31.7,1498.0,-0.2,13.76,31.9,32.4,32.1,32.3,optimal,optimal,optimal,optimal,danger,optimal,→ stable,↑ increasing,→ stable,59.8,🟡 FAIR,False,NONE,3.8,0.0,NONE
1780090258.728,81.1,88.6,31.8,1458.0,-0.4,13.85,31.6,31.6,32.0,32.4,optimal,optimal,optimal,optimal,danger,optimal,↑ increasing,→ stable,→ stable,59.8,🟡 FAIR,False,NONE,3.7,1.0,NONE
1780090259.729,79.0,91.2,32.0,1519.0,0.9,13.76,32.2,32.3,32.0,32.3,optimal,optimal,optimal,optimal,danger,optimal,→ stable,→ stable,→ stable,59.8,🟡 FAIR,False,NONE,3.4,0.0,NONE
1780090260.729,81.9,89.6,32.3,1477.0,0.7,13.79,32.3,32.2,31.8,32.1,optimal,optimal,optimal,optimal,danger,optimal,→ stable,→ stable,→ stable,59.8,🟡 FAIR,False,NONE,3.2,0.1,NONE
1780090261.73,81.6,89.6,31.9,1476.0,0.5,13.81,31.9,32.1,32.0,32.2,optimal,optimal,optimal,optimal,danger,optimal,→ stable,→ stable,→ stable,59.8,🟡 FAIR,False,NONE,3.6,0.1,NONE
1780090262.732,77.3,90.1,31.8,1463.0,0.0,13.75,32.4,32.2,32.3,32.3,optimal,optimal,optimal,optimal,danger,optimal,→ stable,→ stable,→ stable,59.8,🟡 FAIR,False,NONE,3.5,0.0,NONE
1780090263.734,82.0,90.1,31.8,1489.0,-0.3,13.82,32.2,31.9,32.0,31.6,optimal,optimal,optimal,optimal,danger,optimal,↑ increasing,→ stable,→ stable,59.8,🟡 FAIR,False,NONE,3.7,0.0,NONE
1780090264.735,81.5,91.3,32.2,1529.0,1.0,13.76,32.1,32.1,32.3,32.0,optimal,optimal,optimal,optimal,danger,optimal,→ stable,→ stable,→ stable,59.8,🟡 FAIR,False,NONE,3.3,0.0,NONE
1780090265.735,79.6,90.5,31.7,1492.0,0.1,13.78,31.6,31.9,32.3,32.1,optimal,optimal,optimal,optimal,danger,optimal,→ stable,→ stable,→ stable,59.8,🟡 FAIR,False,NONE,3.8,0.0,NONE
1780090266.737,79.4,91.4,32.1,1459.0,0.2,13.75,31.8,32.1,31.7,32.1,optimal,optimal,optimal,optimal,danger,optimal,→ stable,→ stable,→ stable,59.8,🟡 FAIR,False,NONE,3.3,0.0,NONE
1780090267.738,81.3,91.2,32.2,1540.0,0.4,13.83,32.1,32.3,32.2,31.7,optimal,optimal,optimal,optimal,danger,optimal,→ stable,→ stable,→ stable,59.8,🟡 FAIR,False,NONE,3.3,0.0,NONE
1780090268.739,79.9,90.7,31.8,1458.0,-0.2,13.81,32.1,31.7,32.2,32.2,optimal,optimal,optimal,optimal,danger,optimal,→ stable,→ stable,→ stable,59.8,🟡 FAIR,False,NONE,3.7,0.0,NONE
1780090269.74,79.7,90.4,32.1,1501.0,0.8,13.76,31.7,32.1,31.9,31.9,optimal,optimal,optimal,optimal,danger,optimal,→ stable,→ stable,→ stable,59.8,🟡 FAIR,False,NONE,3.3,0.0,NONE
1780090270.741,77.3,88.6,32.2,1519.0,0.7,13.85,31.6,32.2,31.9,32.0,optimal,optimal,optimal,optimal,danger,optimal,↓ decreasing,→ stable,→ stable,59.8,🟡 FAIR,False,NONE,3.1,1.0,NONE
1780090271.742,82.6,90.2,31.9,1490.0,0.0,13.76,32.1,32.3,31.8,31.6,optimal,optimal,optimal,optimal,danger,optimal,→ stable,→ stable,→ stable,59.8,🟡 FAIR,False,NONE,3.7,0.0,NONE
1780090272.743,80.9,91.2,32.2,1503.0,0.3,13.8,32.4,32.4,32.4,32.1,optimal,optimal,optimal,optimal,danger,optimal,→ stable,→ stable,→ stable,59.8,🟡 FAIR,False,NONE,3.2,0.0,NONE
1780090273.743,81.2,90.6,32.0,1505.0,0.8,13.78,31.9,32.2,32.3,32.4,optimal,optimal,optimal,optimal,danger,optimal,→ stable,→ stable,→ stable,59.8,🟡 FAIR,False,NONE,3.5,0.0,NONE
1780090274.743,81.4,91.4,32.2,1507.0,0.4,13.76,32.3,32.0,31.9,31.6,optimal,optimal,optimal,optimal,danger,optimal,→ stable,→ stable,→ stable,59.8,🟡 FAIR,False,NONE,3.3,0.0,NONE
1780090275.745,80.3,90.0,32.0,1497.0,-0.1,13.79,32.3,31.9,32.4,31.8,optimal,optimal,optimal,optimal,danger,optimal,→ stable,→ stable,→ stable,59.8,🟡 FAIR,False,NONE,3.4,0.0,NONE
1780090276.747,77.7,88.7,31.9,1464.0,-0.6,13.82,31.7,31.6,31.6,32.3,optimal,optimal,optimal,optimal,danger,optimal,→ stable,→ stable,→ stable,59.8,🟡 FAIR,False,NONE,3.4,0.8,NONE
1780090277.748,81.8,89.3,32.4,1458.0,0.5,13.82,32.3,31.6,31.7,31.6,optimal,optimal,optimal,optimal,danger,optimal,→ stable,→ stable,→ stable,59.8,🟡 FAIR,False,NONE,3.0,0.2,NONE
1780090278.748,81.9,89.9,31.7,1459.0,1.0,13.84,32.1,31.9,31.6,31.9,optimal,optimal,optimal,optimal,danger,optimal,→ stable,↓ decreasing,→ stable,59.8,🟡 FAIR,False,NONE,3.9,0.0,NONE
1780090279.75,78.3,90.9,31.7,1531.0,-0.7,13.78,32.3,31.9,32.1,31.8,optimal,optimal,optimal,optimal,danger,optimal,→ stable,→ stable,→ stable,59.8,🟡 FAIR,False,NONE,3.7,0.0,NONE
1780090280.75,82.2,89.1,31.9,1470.0,-0.1,13.76,32.3,31.9,32.0,31.7,optimal,optimal,optimal,optimal,danger,optimal,↑ increasing,→ stable,→ stable,59.8,🟡 FAIR,False,NONE,3.6,0.4,NONE
1780090285.867,81.5,89.0,31.6,1495.0,1.0,13.79,31.8,32.3,32.2,31.6,optimal,optimal,optimal,optimal,danger,optimal,↑ increasing,→ stable,→ stable,59.8,🟡 FAIR,False,NONE,4.0,0.5,NONE
1780090286.868,77.5,91.3,32.2,1481.0,0.3,13.75,32.2,32.2,32.1,31.9,optimal,optimal,optimal,optimal,danger,optimal,→ stable,↓ decreasing,→ stable,59.8,🟡 FAIR,False,NONE,3.1,0.0,NONE
1780090287.869,79.8,91.4,31.7,1522.0,0.7,13.83,32.2,32.3,31.9,32.2,optimal,optimal,optimal,optimal,danger,optimal,→ stable,↓ decreasing,→ stable,59.8,🟡 FAIR,False,NONE,3.8,0.0,NONE
1780090288.87,81.5,88.8,31.8,1523.0,-1.0,13.84,31.7,32.3,32.2,32.1,optimal,optimal,optimal,optimal,danger,optimal,→ stable,↓ decreasing,→ stable,59.8,🟡 FAIR,False,NONE,3.7,0.7,NONE
1780090289.87,79.8,90.4,31.7,1479.0,-0.6,13.82,32.3,32.2,31.8,32.3,optimal,optimal,optimal,optimal,danger,optimal,→ stable,↓ decreasing,→ stable,59.8,🟡 FAIR,False,NONE,3.8,0.0,NONE
1780090290.871,80.9,90.3,32.1,1502.0,-0.0,13.8,32.2,32.0,31.9,32.2,optimal,optimal,optimal,optimal,danger,optimal,→ stable,→ stable,→ stable,59.8,🟡 FAIR,False,NONE,3.4,0.0,NONE
1780090291.872,81.2,88.7,32.3,1475.0,-0.7,13.8,31.9,31.7,32.2,32.1,optimal,optimal,optimal,optimal,danger,optimal,→ stable,→ stable,→ stable,59.8,🟡 FAIR,False,NONE,3.1,0.8,NONE
1780090292.872,79.7,88.8,32.1,1458.0,-0.8,13.81,32.0,31.9,32.2,31.8,optimal,optimal,optimal,optimal,danger,optimal,→ stable,→ stable,→ stable,59.8,🟡 FAIR,False,NONE,3.3,0.7,NONE
1780090293.873,79.3,91.4,31.9,1541.0,0.3,13.82,32.3,32.0,31.9,31.7,optimal,optimal,optimal,optimal,danger,optimal,→ stable,→ stable,→ stable,59.8,🟡 FAIR,False,NONE,3.5,0.0,NONE
1780090294.874,81.9,90.7,32.0,1492.0,0.3,13.82,31.9,32.3,31.8,31.7,optimal,optimal,optimal,optimal,danger,optimal,↓ decreasing,→ stable,→ stable,59.8,🟡 FAIR,False,NONE,3.5,0.0,NONE
1780090295.875,79.4,89.5,31.6,1550.0,-0.1,13.77,32.0,32.0,32.2,32.1,optimal,optimal,optimal,optimal,danger,optimal,↓ decreasing,→ stable,→ stable,59.8,🟡 FAIR,False,NONE,3.9,0.1,NONE
1780090296.875,80.0,90.8,32.2,1465.0,42.2,13.76,31.8,31.8,31.8,32.2,optimal,optimal,optimal,optimal,optimal,optimal,→ stable,→ stable,→ stable,73.3,🟢 GOOD,False,NONE,3.2,0.0,NONE
1780090297.876,81.7,90.2,32.2,1493.0,42.5,13.8,32.0,32.1,31.6,32.4,optimal,optimal,optimal,optimal,optimal,optimal,→ stable,→ stable,→ stable,86.6,✅ EXCELLENT,False,NONE,3.3,0.0,NONE
1780090298.878,82.5,89.3,32.0,1517.0,41.6,13.84,32.2,32.4,32.3,32.1,optimal,optimal,optimal,optimal,optimal,optimal,→ stable,→ stable,→ stable,99.9,✅ EXCELLENT,False,NONE,3.5,0.2,NONE
1780090299.879,80.9,89.8,32.0,1542.0,42.3,13.83,32.2,32.2,31.8,32.1,optimal,optimal,optimal,optimal,optimal,optimal,↑ increasing,→ stable,→ stable,99.9,✅ EXCELLENT,False,NONE,3.5,0.0,NONE
1780090300.88,78.1,90.2,32.3,1467.0,43.0,13.84,31.7,31.9,32.2,32.2,optimal,optimal,optimal,optimal,optimal,optimal,→ stable,→ stable,→ stable,99.9,✅ EXCELLENT,False,NONE,3.0,0.0,NONE
1780090301.881,81.0,88.6,32.0,1523.0,42.1,13.8,32.3,31.9,31.8,32.0,optimal,optimal,optimal,optimal,optimal,optimal,→ stable,→ stable,→ stable,99.9,✅ EXCELLENT,False,NONE,3.5,1.0,NONE
1780090302.882,82.8,89.9,32.0,1499.0,41.6,13.83,32.1,31.6,32.0,31.8,optimal,optimal,optimal,optimal,optimal,optimal,↑ increasing,→ stable,→ stable,99.9,✅ EXCELLENT,False,NONE,3.5,0.0,NONE
1780090303.882,82.6,88.9,32.2,1479.0,41.2,13.8,32.1,31.7,32.1,32.2,optimal,optimal,optimal,optimal,optimal,optimal,↑ increasing,→ stable,→ stable,99.9,✅ EXCELLENT,False,NONE,3.3,0.6,NONE
1780090304.884,81.1,89.4,32.1,1516.0,42.6,13.83,32.0,32.4,32.4,31.8,optimal,optimal,optimal,optimal,optimal,optimal,↑ increasing,→ stable,→ stable,99.9,✅ EXCELLENT,False,NONE,3.4,0.2,NONE
1780090305.885,80.5,91.5,31.7,1527.0,41.3,13.78,32.1,31.8,32.2,32.0,optimal,optimal,optimal,optimal,optimal,optimal,↑ increasing,→ stable,→ stable,99.9,✅ EXCELLENT,False,NONE,3.8,0.0,NONE
1780090306.885,77.2,90.1,32.1,1500.0,42.1,13.82,31.9,31.7,32.3,31.8,optimal,optimal,optimal,optimal,optimal,optimal,→ stable,→ stable,→ stable,99.9,✅ EXCELLENT,False,NONE,3.2,0.0,NONE
1780090307.886,80.7,91.3,32.0,1519.0,42.5,13.78,32.3,31.8,31.6,32.0,optimal,optimal,optimal,optimal,optimal,optimal,→ stable,→ stable,→ stable,99.9,✅ EXCELLENT,False,NONE,3.5,0.0,NONE
1780090308.887,81.5,91.4,32.0,1541.0,42.0,13.85,31.8,31.9,32.2,32.1,optimal,optimal,optimal,optimal,optimal,optimal,→ stable,→ stable,→ stable,99.9,✅ EXCELLENT,False,NONE,3.5,0.0,NONE
1780090309.887,77.7,89.9,31.7,1512.0,42.6,13.84,31.7,32.3,31.8,32.3,optimal,optimal,optimal,optimal,optimal,optimal,→ stable,→ stable,→ stable,99.9,✅ EXCELLENT,False,NONE,3.7,0.0,NONE
1780090310.889,80.9,90.6,32.0,1467.0,42.5,13.76,31.9,31.7,32.2,32.2,optimal,optimal,optimal,optimal,optimal,optimal,→ stable,→ stable,→ stable,99.9,✅ EXCELLENT,False,NONE,3.5,0.0,NONE
1780090311.89,82.2,89.3,31.7,1545.0,41.6,13.75,32.2,32.1,32.0,31.6,optimal,optimal,optimal,optimal,optimal,optimal,→ stable,→ stable,→ stable,99.9,✅ EXCELLENT,False,NONE,3.9,0.2,NONE
1780090312.891,78.5,88.6,32.2,1528.0,41.9,13.8,32.1,32.0,32.0,31.7,optimal,optimal,optimal,optimal,optimal,optimal,→ stable,→ stable,→ stable,99.9,✅ EXCELLENT,False,NONE,3.1,1.0,NONE
1780090313.892,79.3,89.2,31.7,1523.0,42.6,13.85,31.8,32.1,31.7,32.0,optimal,optimal,optimal,optimal,optimal,optimal,↓ decreasing,→ stable,→ stable,99.9,✅ EXCELLENT,False,NONE,3.7,0.3,NONE
1780090314.893,81.6,89.1,31.7,1530.0,41.3,13.82,32.2,31.7,31.9,32.1,optimal,optimal,optimal,optimal,optimal,optimal,↓ decreasing,→ stable,→ stable,99.9,✅ EXCELLENT,False,NONE,3.8,0.4,NONE
1780090320.742,81.4,90.7,32.0,1518.0,42.1,13.76,32.1,32.1,32.1,31.7,optimal,optimal,optimal,optimal,optimal,optimal,↓ decreasing,→ stable,→ stable,99.9,✅ EXCELLENT,False,NONE,3.5,0.0,NONE
1780090321.743,78.4,91.4,31.6,1543.0,42.2,13.77,31.6,32.0,32.0,31.8,optimal,optimal,optimal,optimal,optimal,optimal,↓ decreasing,→ stable,→ stable,99.9,✅ EXCELLENT,False,NONE,3.8,0.0,NONE
1780090322.744,77.4,88.5,32.2,1511.0,42.8,13.78,32.1,-0.4,31.9,32.0,optimal,optimal,optimal,optimal,optimal,optimal,↓ decreasing,→ stable,→ stable,91.2,✅ EXCELLENT,False,NONE,3.1,1.1,NONE
1780090323.745,82.2,89.6,32.4,1518.0,41.1,13.84,31.7,-0.3,32.0,32.1,optimal,optimal,optimal,optimal,optimal,optimal,↓ decreasing,→ stable,→ stable,82.7,✅ EXCELLENT,False,NONE,3.1,0.1,NONE
1780090324.746,82.8,90.1,32.3,1510.0,42.1,13.79,31.9,0.4,31.8,32.2,optimal,optimal,optimal,optimal,optimal,optimal,→ stable,→ stable,→ stable,74.8,🟢 GOOD,False,NONE,3.2,0.0,NONE
1780090325.747,80.7,91.0,32.2,1495.0,42.0,13.76,32.1,-0.2,32.2,31.9,optimal,optimal,optimal,optimal,optimal,optimal,→ stable,→ stable,→ stable,74.8,🟢 GOOD,False,NONE,3.2,0.0,NONE
1780090326.748,81.3,89.1,31.7,1510.0,41.2,13.8,31.7,-0.2,32.0,31.9,optimal,optimal,optimal,optimal,optimal,optimal,→ stable,→ stable,→ stable,74.8,🟢 GOOD,False,NONE,3.8,0.4,NONE
1780090327.749,80.8,91.3,31.8,1478.0,42.8,13.8,31.7,-0.3,31.6,31.8,optimal,optimal,optimal,optimal,optimal,optimal,→ stable,→ stable,→ stable,74.8,🟢 GOOD,False,NONE,3.7,0.0,NONE
1780090328.75,80.5,90.2,32.1,1502.0,42.4,13.82,32.0,-0.2,31.9,32.1,optimal,optimal,optimal,optimal,optimal,optimal,↑ increasing,→ stable,→ stable,74.8,🟢 GOOD,False,NONE,3.3,0.0,NONE
1780090329.751,80.8,89.9,32.1,1471.0,42.5,13.76,32.1,-0.3,31.6,32.3,optimal,optimal,optimal,optimal,optimal,optimal,↑ increasing,→ stable,→ stable,74.8,🟢 GOOD,False,NONE,3.3,0.0,NONE
1780090330.752,77.4,88.9,32.1,1504.0,41.7,13.84,32.0,0.0,32.4,32.2,optimal,optimal,optimal,optimal,optimal,optimal,→ stable,→ stable,→ stable,74.8,🟢 GOOD,False,NONE,3.2,0.6,NONE
1780090331.191,77.8,89.4,32.0,1524.0,42.1,13.77,31.7,-0.1,32.2,32.0,optimal,optimal,optimal,optimal,optimal,optimal,→ stable,→ stable,→ stable,74.8,🟢 GOOD,False,NONE,3.3,0.2,NONE
1780090338.38,81.0,88.8,31.9,1458.0,42.0,13.83,32.1,0.4,31.9,31.8,optimal,optimal,optimal,optimal,optimal,optimal,↑ increasing,→ stable,→ stable,74.8,🟢 GOOD,False,NONE,3.6,0.7,NONE
1780090339.38,77.4,90.9,32.4,1497.0,41.4,13.79,31.8,0.0,31.8,32.1,optimal,optimal,optimal,optimal,optimal,optimal,→ stable,→ stable,→ stable,74.8,🟢 GOOD,False,NONE,2.9,0.0,NONE
1780090340.38,78.7,90.7,32.1,1529.0,42.1,13.82,31.6,-0.2,32.3,31.7,optimal,optimal,optimal,optimal,optimal,optimal,↓ decreasing,→ stable,→ stable,74.8,🟢 GOOD,False,NONE,3.3,0.0,NONE
1780090341.38,78.1,89.1,31.8,1497.0,41.1,13.81,31.9,0.1,31.6,32.3,optimal,optimal,optimal,optimal,optimal,optimal,↓ decreasing,→ stable,→ stable,74.8,🟢 GOOD,False,NONE,3.6,0.4,NONE
1780090342.382,80.6,89.1,31.6,1467.0,41.3,13.79,32.2,0.0,32.1,32.2,optimal,optimal,optimal,optimal,optimal,optimal,↓ decreasing,→ stable,→ stable,74.8,🟢 GOOD,False,NONE,3.9,0.4,NONE
1780090343.383,77.6,90.9,32.2,1507.0,41.4,13.84,31.8,-0.1,32.0,32.2,optimal,optimal,optimal,optimal,optimal,optimal,↓ decreasing,→ stable,→ stable,74.8,🟢 GOOD,False,NONE,3.1,0.0,NONE
1780090344.384,77.1,90.8,32.2,1533.0,41.9,13.8,31.8,0.1,32.1,32.3,optimal,optimal,optimal,optimal,optimal,optimal,↓ decreasing,→ stable,→ stable,74.8,🟢 GOOD,False,NONE,3.1,0.0,NONE
1780090345.386,81.8,89.0,32.4,1543.0,42.5,13.84,32.0,0.2,32.3,31.9,optimal,optimal,optimal,optimal,optimal,optimal,↓ decreasing,→ stable,→ stable,74.8,🟢 GOOD,False,NONE,3.0,0.5,NONE
1780090346.387,80.5,91.1,31.9,1480.0,41.2,13.81,32.3,0.2,32.1,31.9,optimal,optimal,optimal,optimal,optimal,optimal,↓ decreasing,→ stable,→ stable,74.8,🟢 GOOD,False,NONE,3.6,0.0,NONE
1780090347.388,78.0,91.2,32.4,1530.0,42.8,13.82,32.2,0.3,31.6,32.4,optimal,optimal,optimal,optimal,optimal,optimal,↓ decreasing,→ stable,→ stable,74.8,🟢 GOOD,False,NONE,2.9,0.0,NONE
1780090348.39,81.8,89.4,32.3,1453.0,41.9,13.79,32.4,-0.1,31.8,31.7,optimal,optimal,optimal,optimal,optimal,optimal,↓ decreasing,→ stable,→ stable,74.8,🟢 GOOD,False,NONE,3.2,0.2,NONE
1780090349.39,78.5,90.7,32.0,1517.0,42.0,13.81,31.9,-0.0,31.9,32.3,optimal,optimal,optimal,optimal,optimal,optimal,↓ decreasing,→ stable,→ stable,74.8,🟢 GOOD,False,NONE,3.4,0.0,NONE
1780090350.391,80.9,89.1,32.4,1529.0,42.6,13.77,31.7,-0.0,32.4,32.1,optimal,optimal,optimal,optimal,optimal,optimal,→ stable,→ stable,→ stable,74.8,🟢 GOOD,False,NONE,3.0,0.4,NONE
1780090351.392,82.7,91.2,31.6,1465.0,42.1,13.84,32.2,-0.2,31.6,31.7,optimal,optimal,optimal,optimal,optimal,optimal,↑ increasing,→ stable,→ stable,74.8,🟢 GOOD,False,NONE,4.0,0.0,NONE
1780090352.393,80.9,91.0,32.2,1504.0,42.5,13.83,32.2,-0.2,32.4,32.3,optimal,optimal,optimal,optimal,optimal,optimal,↑ increasing,↑ increasing,→ stable,74.8,🟢 GOOD,False,NONE,3.2,0.0,NONE
1780090353.393,81.9,90.7,31.9,1546.0,42.2,13.83,32.2,-0.0,31.6,32.3,optimal,optimal,optimal,optimal,optimal,optimal,↑ increasing,↑ increasing,→ stable,74.8,🟢 GOOD,False,NONE,3.6,0.0,NONE
1780090354.395,78.2,89.1,31.9,1511.0,42.0,13.83,32.3,0.0,32.3,32.3,optimal,optimal,optimal,optimal,optimal,optimal,↑ increasing,→ stable,→ stable,74.8,🟢 GOOD,False,NONE,3.5,0.4,NONE
1780090355.396,79.2,89.4,32.1,1457.0,41.8,13.83,31.8,0.1,32.2,32.0,optimal,optimal,optimal,optimal,optimal,optimal,↑ increasing,↑ increasing,→ stable,74.8,🟢 GOOD,False,NONE,3.3,0.2,NONE
1780090356.396,78.1,91.2,31.9,1524.0,41.4,13.78,32.2,0.4,32.1,31.8,optimal,optimal,optimal,optimal,optimal,optimal,↑ increasing,→ stable,→ stable,74.8,🟢 GOOD,False,NONE,3.5,0.0,NONE
1780090363.416,81.5,89.0,32.0,1525.0,41.1,13.78,31.8,0.2,31.7,31.9,optimal,optimal,optimal,optimal,optimal,optimal,↑ increasing,→ stable,→ stable,74.8,🟢 GOOD,False,NONE,3.5,0.5,NONE
1780090364.417,77.4,89.2,31.7,1466.0,41.3,13.84,31.8,0.1,32.2,32.0,optimal,optimal,optimal,optimal,optimal,optimal,↑ increasing,→ stable,→ stable,74.8,🟢 GOOD,False,NONE,3.6,0.3,NONE
1780090365.418,78.9,90.2,31.9,1470.0,42.1,13.78,31.7,0.0,31.7,32.0,optimal,optimal,optimal,optimal,optimal,optimal,↑ increasing,→ stable,→ stable,74.8,🟢 GOOD,False,NONE,3.5,0.0,NONE
1780090366.419,78.8,89.5,32.1,1480.0,42.0,13.76,32.1,-0.1,31.9,31.9,optimal,optimal,optimal,optimal,optimal,optimal,→ stable,→ stable,→ stable,74.8,🟢 GOOD,False,NONE,3.3,0.1,NONE
1780090367.421,80.7,88.5,32.1,1502.0,42.3,13.77,32.2,-0.0,32.1,32.3,optimal,optimal,optimal,optimal,optimal,optimal,→ stable,→ stable,→ stable,74.8,🟢 GOOD,False,NONE,3.3,1.1,NONE
1780090368.423,81.2,89.1,32.1,1530.0,42.5,13.78,32.0,0.2,32.3,31.6,optimal,optimal,optimal,optimal,optimal,optimal,→ stable,↓ decreasing,→ stable,74.8,🟢 GOOD,False,NONE,3.4,0.4,NONE
1780090369.424,77.7,91.0,31.8,1476.0,41.1,13.83,31.8,0.3,32.3,31.7,optimal,optimal,optimal,optimal,optimal,optimal,↓ decreasing,↓ decreasing,→ stable,74.8,🟢 GOOD,False,NONE,3.6,0.0,NONE
1780090370.425,78.3,90.1,32.2,1516.0,42.8,13.76,31.9,-0.2,31.7,32.2,optimal,optimal,optimal,optimal,optimal,optimal,↓ decreasing,↓ decreasing,→ stable,74.8,🟢 GOOD,False,NONE,3.1,0.0,NONE
1780090371.426,80.7,89.3,31.9,1498.0,41.6,13.77,31.9,-0.2,31.6,32.2,optimal,optimal,optimal,optimal,optimal,optimal,↓ decreasing,↓ decreasing,→ stable,74.8,🟢 GOOD,False,NONE,3.6,0.2,NONE
1780090372.427,83.0,91.4,32.3,1506.0,41.9,13.79,31.7,-0.2,31.8,31.9,optimal,optimal,optimal,optimal,optimal,optimal,→ stable,↓ decreasing,→ stable,74.8,🟢 GOOD,False,NONE,3.2,0.0,NONE
1780090373.428,82.2,89.8,31.8,1466.0,41.4,13.8,32.1,-0.1,31.8,31.7,optimal,optimal,optimal,optimal,optimal,optimal,→ stable,→ stable,→ stable,74.8,🟢 GOOD,False,NONE,3.8,0.0,NONE
1780090374.429,80.7,90.6,32.2,1455.0,41.1,13.82,32.2,-0.2,32.1,31.7,optimal,optimal,optimal,optimal,optimal,optimal,→ stable,→ stable,→ stable,74.8,🟢 GOOD,False,NONE,3.2,0.0,NONE
1780090375.429,82.9,89.9,31.8,1514.0,41.6,13.84,31.9,0.2,31.9,31.7,optimal,optimal,optimal,optimal,optimal,optimal,↑ increasing,→ stable,→ stable,74.8,🟢 GOOD,False,NONE,3.8,0.0,NONE
1780090376.43,77.8,90.9,32.1,1524.0,41.3,13.79,32.3,0.2,31.9,31.9,optimal,optimal,optimal,optimal,optimal,optimal,↑ increasing,→ stable,→ stable,74.8,🟢 GOOD,False,NONE,3.2,0.0,NONE
1780090377.43,79.4,88.7,31.7,1481.0,42.6,13.83,32.1,0.0,32.4,32.1,optimal,optimal,optimal,optimal,optimal,optimal,↑ increasing,→ stable,→ stable,74.8,🟢 GOOD,False,NONE,3.7,0.8,NONE
1780090378.431,79.9,89.2,32.4,1545.0,42.1,13.83,31.8,-0.1,32.0,32.3,optimal,optimal,optimal,optimal,optimal,optimal,↑ increasing,→ stable,→ stable,74.8,🟢 GOOD,False,NONE,3.0,0.3,NONE
1780090379.431,79.2,91.3,32.3,1480.0,42.2,13.78,31.6,0.3,32.0,32.3,optimal,optimal,optimal,optimal,optimal,optimal,↑ increasing,→ stable,→ stable,74.8,🟢 GOOD,False,NONE,3.1,0.0,NONE
1780090380.432,81.3,89.0,31.8,1512.0,41.0,13.75,31.6,-0.2,31.8,31.8,optimal,optimal,optimal,optimal,optimal,optimal,↑ increasing,→ stable,→ stable,74.8,🟢 GOOD,False,NONE,3.7,0.5,NONE
1780090381.432,77.9,89.3,31.8,1530.0,41.8,13.84,32.3,0.0,32.2,31.6,optimal,optimal,optimal,optimal,optimal,optimal,↑ increasing,→ stable,→ stable,74.8,🟢 GOOD,False,NONE,3.6,0.2,NONE
1780090382.432,79.5,88.7,32.2,1512.0,42.7,13.8,32.4,-0.2,32.1,32.3,optimal,optimal,optimal,optimal,optimal,optimal,→ stable,→ stable,→ stable,74.8,🟢 GOOD,False,NONE,3.2,0.8,NONE
1780090383.434,78.7,89.1,32.0,1525.0,42.3,13.76,32.1,0.3,31.6,31.7,optimal,optimal,optimal,optimal,optimal,optimal,→ stable,→ stable,→ stable,74.8,🟢 GOOD,False,NONE,3.4,0.4,NONE
1780090384.435,81.9,90.9,32.0,1470.0,42.7,13.82,31.6,-0.2,31.6,31.6,optimal,optimal,optimal,optimal,optimal,optimal,→ stable,→ stable,→ stable,74.8,🟢 GOOD,False,NONE,3.5,0.0,NONE
1780090385.437,81.7,90.8,32.0,1520.0,42.5,13.79,31.8,-0.2,32.1,32.1,optimal,optimal,optimal,optimal,optimal,optimal,↓ decreasing,→ stable,→ stable,74.8,🟢 GOOD,False,NONE,3.5,0.0,NONE
1780090386.439,77.9,90.1,31.9,1537.0,42.0,13.78,31.8,-0.3,32.3,32.1,optimal,optimal,optimal,optimal,optimal,optimal,↓ decreasing,→ stable,→ stable,74.8,🟢 GOOD,False,NONE,3.4,0.0,NONE
1780090387.44,77.5,89.2,31.6,1532.0,42.1,13.75,32.0,-0.3,31.9,32.2,optimal,optimal,optimal,optimal,optimal,optimal,↓ decreasing,→ stable,→ stable,74.8,🟢 GOOD,False,NONE,3.8,0.3,NONE
1780090388.441,80.9,88.9,31.6,1541.0,41.5,13.83,31.9,-0.0,31.8,32.1,optimal,optimal,optimal,optimal,optimal,optimal,↓ decreasing,→ stable,→ stable,74.8,🟢 GOOD,False,NONE,3.9,0.6,NONE
1780090389.441,81.2,89.3,32.1,1496.0,41.6,13.79,31.7,0.3,32.0,31.9,optimal,optimal,optimal,optimal,optimal,optimal,↓ decreasing,↓ decreasing,→ stable,74.8,🟢 GOOD,False,NONE,3.4,0.2,NONE
1780090390.443,80.4,89.7,32.4,1522.0,42.7,13.81,31.9,-0.1,32.4,31.9,optimal,optimal,optimal,optimal,optimal,optimal,↓ decreasing,→ stable,→ stable,74.8,🟢 GOOD,False,NONE,3.0,0.0,NONE
1780090391.444,81.5,89.2,31.9,1510.0,42.8,13.82,31.8,0.1,31.7,32.3,optimal,optimal,optimal,optimal,optimal,optimal,→ stable,→ stable,→ stable,74.8,🟢 GOOD,False,NONE,3.6,0.3,NONE
1780090392.444,81.5,91.4,31.9,1478.0,42.4,13.83,31.6,0.2,32.0,32.1,optimal,optimal,optimal,optimal,optimal,optimal,→ stable,→ stable,→ stable,74.8,🟢 GOOD,False,NONE,3.6,0.0,NONE
1780090399.801,79.9,89.8,32.3,1498.0,42.9,13.76,31.8,-0.4,32.2,32.0,optimal,optimal,optimal,optimal,optimal,optimal,↑ increasing,→ stable,→ stable,74.8,🟢 GOOD,False,NONE,3.1,0.0,NONE
1780090400.802,79.5,89.5,31.8,1454.0,42.9,13.8,32.2,-0.4,32.0,32.0,optimal,optimal,optimal,optimal,optimal,optimal,→ stable,→ stable,→ stable,74.8,🟢 GOOD,False,NONE,3.6,0.1,NONE
1780090401.802,81.3,90.7,32.4,1524.0,41.9,13.83,32.1,0.3,32.3,31.9,optimal,optimal,optimal,optimal,optimal,optimal,→ stable,→ stable,→ stable,74.8,🟢 GOOD,False,NONE,3.0,0.0,NONE
1780090402.803,78.7,90.4,31.8,1508.0,43.0,13.79,32.1,0.2,32.2,31.7,optimal,optimal,optimal,optimal,optimal,optimal,→ stable,→ stable,→ stable,74.8,🟢 GOOD,False,NONE,3.6,0.0,NONE
1780090403.805,82.4,88.8,31.7,1507.0,41.8,13.76,32.3,-0.3,31.7,32.3,optimal,optimal,optimal,optimal,optimal,optimal,↑ increasing,→ stable,→ stable,74.8,🟢 GOOD,False,NONE,3.9,0.7,NONE
1780090404.807,77.9,90.6,32.0,1468.0,41.8,13.82,32.3,-0.3,32.2,32.0,optimal,optimal,optimal,optimal,optimal,optimal,↑ increasing,→ stable,→ stable,74.8,🟢 GOOD,False,NONE,3.3,0.0,NONE
1780090405.807,78.9,91.4,31.7,1484.0,41.3,13.82,32.0,-0.2,32.2,32.3,optimal,optimal,optimal,optimal,optimal,optimal,→ stable,↑ increasing,→ stable,74.8,🟢 GOOD,False,NONE,3.7,0.0,NONE
1780090406.808,78.0,91.0,32.0,1480.0,41.7,13.81,32.0,-0.1,32.0,31.8,optimal,optimal,optimal,optimal,optimal,optimal,→ stable,↑ increasing,→ stable,74.8,🟢 GOOD,False,NONE,3.3,0.0,NONE
1780090407.808,80.7,90.7,32.0,1497.0,42.6,13.82,32.0,-0.4,31.8,31.9,optimal,optimal,optimal,optimal,optimal,optimal,→ stable,↑ increasing,→ stable,74.8,🟢 GOOD,False,NONE,3.5,0.0,NONE
1780090408.808,77.7,90.5,31.7,1467.0,42.5,13.8,31.6,-0.3,31.7,31.6,optimal,optimal,optimal,optimal,optimal,optimal,↓ decreasing,→ stable,→ stable,74.8,🟢 GOOD,False,NONE,3.7,0.0,NONE
1780090409.81,82.4,90.1,32.1,1510.0,42.3,13.75,32.1,0.2,32.2,32.0,optimal,optimal,optimal,optimal,optimal,optimal,↓ decreasing,→ stable,→ stable,74.8,🟢 GOOD,False,NONE,3.4,0.0,NONE
1780090410.811,78.4,90.6,31.9,1524.0,42.7,13.79,31.6,-0.1,31.8,31.9,optimal,optimal,optimal,optimal,optimal,optimal,↓ decreasing,↑ increasing,→ stable,74.8,🟢 GOOD,False,NONE,3.5,0.0,NONE
1780090411.813,80.7,89.5,32.2,1501.0,42.9,13.83,32.2,-0.3,31.7,32.0,optimal,optimal,optimal,optimal,optimal,optimal,↓ decreasing,↑ increasing,→ stable,74.8,🟢 GOOD,False,NONE,3.2,0.1,NONE
1780090412.814,77.7,90.0,32.2,1527.0,41.4,13.84,31.6,-0.0,31.8,32.3,optimal,optimal,optimal,optimal,optimal,optimal,↓ decreasing,↑ increasing,→ stable,74.8,🟢 GOOD,False,NONE,3.1,0.0,NONE
1780090413.814,77.2,88.6,31.7,1499.0,42.1,13.77,32.2,0.2,32.2,31.9,optimal,optimal,optimal,optimal,optimal,optimal,↓ decreasing,↑ increasing,→ stable,74.8,🟢 GOOD,False,NONE,3.6,1.0,NONE
1780090414.815,77.7,88.9,32.0,1458.0,41.5,13.81,31.8,0.2,31.8,31.7,optimal,optimal,optimal,optimal,optimal,optimal,↓ decreasing,→ stable,→ stable,74.8,🟢 GOOD,False,NONE,3.3,0.6,NONE
1780090415.816,78.8,91.3,32.1,1525.0,42.8,13.83,32.1,0.1,32.0,31.9,optimal,optimal,optimal,optimal,optimal,optimal,↓ decreasing,→ stable,→ stable,74.8,🟢 GOOD,False,NONE,3.3,0.0,NONE
1780090416.817,78.6,89.9,32.1,1513.0,41.1,13.79,32.2,0.4,32.2,32.2,optimal,optimal,optimal,optimal,optimal,optimal,↓ decreasing,→ stable,→ stable,74.8,🟢 GOOD,False,NONE,3.3,0.0,NONE
1780090417.819,79.3,89.7,32.3,1491.0,41.6,13.81,31.8,0.2,32.3,31.8,optimal,optimal,optimal,optimal,optimal,optimal,↓ decreasing,↓ decreasing,→ stable,74.8,🟢 GOOD,False,NONE,3.1,0.0,NONE
1780090418.821,79.4,89.2,32.0,1518.0,42.2,13.77,31.8,0.1,32.1,31.8,optimal,optimal,optimal,optimal,optimal,optimal,→ stable,↓ decreasing,→ stable,74.8,🟢 GOOD,False,NONE,3.4,0.3,NONE
1780090419.821,77.4,90.9,32.1,1544.0,42.7,13.76,32.3,-0.4,31.7,31.8,optimal,optimal,optimal,optimal,optimal,optimal,↓ decreasing,↓ decreasing,→ stable,74.8,🟢 GOOD,False,NONE,3.2,0.0,NONE
1780090420.823,78.1,90.1,32.2,1491.0,42.0,13.8,31.9,-0.2,31.8,32.3,optimal,optimal,optimal,optimal,optimal,optimal,↓ decreasing,↓ decreasing,→ stable,74.8,🟢 GOOD,False,NONE,3.1,0.0,NONE
1780090421.823,79.8,90.9,31.8,1542.0,41.5,13.79,31.9,0.4,31.8,32.3,optimal,optimal,optimal,optimal,optimal,optimal,↓ decreasing,→ stable,→ stable,74.8,🟢 GOOD,False,NONE,3.6,0.0,NONE
1780090422.824,77.7,88.6,31.7,1450.0,42.7,13.85,31.9,0.2,32.3,32.0,optimal,optimal,optimal,optimal,optimal,optimal,↓ decreasing,↓ decreasing,→ stable,74.8,🟢 GOOD,False,NONE,3.7,1.0,NONE
1780090423.825,80.2,88.8,32.1,1514.0,41.5,13.82,32.0,0.3,32.2,32.0,optimal,optimal,optimal,optimal,optimal,optimal,→ stable,→ stable,→ stable,74.8,🟢 GOOD,False,NONE,3.3,0.7,NONE
1780090424.825,80.4,89.2,32.4,1473.0,42.9,13.8,31.9,-0.3,32.0,31.9,optimal,optimal,optimal,optimal,optimal,optimal,→ stable,→ stable,→ stable,74.8,🟢 GOOD,False,NONE,3.0,0.3,NONE
1780090425.827,77.4,88.5,31.7,1488.0,42.7,13.81,32.0,0.4,31.7,31.9,optimal,optimal,optimal,optimal,optimal,optimal,→ stable,↓ decreasing,→ stable,74.8,🟢 GOOD,False,NONE,3.6,1.1,NONE
1780090426.828,82.9,88.9,31.9,1544.0,42.7,13.84,32.1,0.0,31.6,31.9,optimal,optimal,optimal,optimal,optimal,optimal,→ stable,↓ decreasing,→ stable,74.8,🟢 GOOD,False,NONE,3.7,0.6,NONE
1780090427.828,78.3,91.2,31.8,1536.0,42.0,13.77,32.0,-0.2,31.7,32.2,optimal,optimal,optimal,optimal,optimal,optimal,→ stable,→ stable,→ stable,74.8,🟢 GOOD,False,NONE,3.6,0.0,NONE
1780090428.829,79.2,88.7,31.9,1525.0,42.8,13.76,31.8,-0.4,31.9,32.3,optimal,optimal,optimal,optimal,optimal,optimal,→ stable,→ stable,→ stable,74.8,🟢 GOOD,False,NONE,3.5,0.8,NONE
1780090437.899,77.4,91.4,32.0,1548.0,41.1,13.85,32.2,-0.2,32.2,31.9,optimal,optimal,optimal,optimal,optimal,optimal,↑ increasing,→ stable,→ stable,74.8,🟢 GOOD,False,NONE,3.3,0.0,NONE
1780090438.9,80.7,89.6,31.9,1493.0,41.2,13.8,31.6,-0.3,32.0,31.7,optimal,optimal,optimal,optimal,optimal,optimal,↑ increasing,→ stable,→ stable,74.8,🟢 GOOD,False,NONE,3.6,0.1,NONE
1780090439.9,82.4,88.8,32.3,1510.0,42.4,13.78,31.7,-0.2,31.9,32.4,optimal,optimal,optimal,optimal,optimal,optimal,↑ increasing,↓ decreasing,→ stable,74.8,🟢 GOOD,False,NONE,3.2,0.7,NONE
1780090440.902,80.0,89.8,31.9,1471.0,41.3,13.76,32.0,0.2,31.8,32.0,optimal,optimal,optimal,optimal,optimal,optimal,↑ increasing,→ stable,→ stable,74.8,🟢 GOOD,False,NONE,3.5,0.0,NONE
1780090441.904,82.7,90.5,31.9,1534.0,41.7,13.76,32.4,-0.2,32.0,31.9,optimal,optimal,optimal,optimal,optimal,optimal,↑ increasing,→ stable,→ stable,74.8,🟢 GOOD,False,NONE,3.7,0.0,NONE
1780090442.905,79.3,91.1,31.9,1507.0,42.2,13.8,32.0,-0.1,32.2,31.9,optimal,optimal,optimal,optimal,optimal,optimal,↑ increasing,→ stable,→ stable,74.8,🟢 GOOD,False,NONE,3.5,0.0,NONE
1780090443.907,77.9,90.1,32.4,1499.0,41.2,13.77,32.1,0.4,32.4,31.8,optimal,optimal,optimal,optimal,optimal,optimal,↑ increasing,→ stable,→ stable,74.8,🟢 GOOD,False,NONE,2.9,0.0,NONE
1780090444.91,82.0,91.0,32.1,1517.0,41.5,13.79,32.4,0.2,31.8,31.8,optimal,optimal,optimal,optimal,optimal,optimal,↑ increasing,↑ increasing,→ stable,74.8,🟢 GOOD,False,NONE,3.4,0.0,NONE
1780090445.911,82.1,90.3,32.4,1455.0,41.6,13.76,31.6,0.3,32.1,32.3,optimal,optimal,optimal,optimal,optimal,optimal,↑ increasing,→ stable,→ stable,74.8,🟢 GOOD,False,NONE,3.0,0.0,NONE
1780090446.912,82.6,91.5,31.7,1498.0,42.3,13.84,31.6,-0.3,31.7,31.7,optimal,optimal,optimal,optimal,optimal,optimal,↑ increasing,↑ increasing,→ stable,74.8,🟢 GOOD,False,NONE,3.9,0.0,NONE
1780090447.913,81.7,90.8,31.9,1513.0,41.3,13.79,32.3,-0.0,31.9,32.3,optimal,optimal,optimal,optimal,optimal,optimal,↑ increasing,↑ increasing,→ stable,74.8,🟢 GOOD,False,NONE,3.6,0.0,NONE
1780090448.915,77.5,91.4,31.7,1543.0,42.9,13.83,32.1,0.2,31.9,31.9,optimal,optimal,optimal,optimal,optimal,optimal,↑ increasing,↑ increasing,→ stable,74.8,🟢 GOOD,False,NONE,3.7,0.0,NONE
1780090449.916,78.5,91.4,31.8,1548.0,42.3,13.85,31.7,-0.3,32.2,31.9,optimal,optimal,optimal,optimal,optimal,optimal,↑ increasing,↑ increasing,→ stable,74.8,🟢 GOOD,False,NONE,3.6,0.0,NONE
1780090450.917,77.7,89.4,31.8,1491.0,42.0,13.83,32.3,-0.2,31.9,32.2,optimal,optimal,optimal,optimal,optimal,optimal,→ stable,↑ increasing,→ stable,74.8,🟢 GOOD,False,NONE,3.6,0.2,NONE
1780090451.918,82.4,90.5,31.7,1482.0,41.0,13.76,32.3,0.1,31.8,31.6,optimal,optimal,optimal,optimal,optimal,optimal,→ stable,↑ increasing,→ stable,74.8,🟢 GOOD,False,NONE,3.9,0.0,NONE
1780090452.918,78.3,90.1,31.6,1464.0,42.4,13.83,31.8,-0.1,32.2,32.1,optimal,optimal,optimal,optimal,optimal,optimal,→ stable,↑ increasing,→ stable,74.8,🟢 GOOD,False,NONE,3.8,0.0,NONE
1780090453.92,77.9,88.9,32.4,1456.0,41.6,13.79,31.7,0.1,31.9,31.7,optimal,optimal,optimal,optimal,optimal,optimal,→ stable,↑ increasing,→ stable,74.8,🟢 GOOD,False,NONE,2.9,0.6,NONE
1780090454.921,78.7,91.2,32.3,1518.0,43.0,13.85,31.7,0.2,31.9,31.7,optimal,optimal,optimal,optimal,optimal,optimal,→ stable,→ stable,→ stable,74.8,🟢 GOOD,False,NONE,3.0,0.0,NONE
1780090455.922,78.0,88.6,32.2,1512.0,42.8,13.79,32.4,0.3,31.6,31.8,optimal,optimal,optimal,optimal,optimal,optimal,↓ decreasing,→ stable,→ stable,74.8,🟢 GOOD,False,NONE,3.1,1.0,NONE
1780090456.923,78.8,89.1,32.2,1547.0,42.6,13.75,31.9,0.4,32.1,31.7,optimal,optimal,optimal,optimal,optimal,optimal,↓ decreasing,→ stable,→ stable,74.8,🟢 GOOD,False,NONE,3.2,0.4,NONE
1780090457.925,80.1,89.8,32.2,1460.0,41.6,13.78,31.8,0.2,32.1,31.6,optimal,optimal,optimal,optimal,optimal,optimal,↓ decreasing,→ stable,→ stable,74.8,🟢 GOOD,False,NONE,3.2,0.0,NONE
1780090458.927,82.4,90.9,32.3,1511.0,42.3,13.78,31.6,-0.3,31.9,32.3,optimal,optimal,optimal,optimal,optimal,optimal,↓ decreasing,↓ decreasing,→ stable,74.8,🟢 GOOD,False,NONE,3.2,0.0,NONE
1780090459.928,77.2,90.6,32.1,1532.0,41.6,13.77,31.7,0.3,31.7,32.1,optimal,optimal,optimal,optimal,optimal,optimal,↓ decreasing,↓ decreasing,→ stable,74.8,🟢 GOOD,False,NONE,3.2,0.0,NONE
1780090460.928,82.8,89.5,31.7,1545.0,41.5,13.8,31.7,-0.3,32.4,31.8,optimal,optimal,optimal,optimal,optimal,optimal,↓ decreasing,↓ decreasing,→ stable,74.8,🟢 GOOD,False,NONE,3.9,0.1,NONE
1780090461.928,77.9,91.3,31.9,1481.0,41.9,13.78,-0.0,-0.2,31.7,32.0,optimal,optimal,optimal,optimal,optimal,optimal,↓ decreasing,↓ decreasing,→ stable,50.0,🟡 FAIR,False,NONE,3.4,0.0,NONE
1780090462.93,77.8,91.1,31.8,1465.0,42.3,13.78,0.2,-0.1,32.0,31.9,optimal,optimal,optimal,optimal,optimal,optimal,↓ decreasing,↓ decreasing,→ stable,24.9,🔴 CRITICAL,False,NONE,3.6,0.0,NONE
1780090463.931,78.2,90.4,31.8,1458.0,41.9,13.77,-0.3,0.1,31.9,32.1,optimal,optimal,optimal,optimal,optimal,optimal,↓ decreasing,→ stable,→ stable,0.0,🔴 CRITICAL,False,NONE,3.6,0.0,NONE
1780090464.932,79.6,88.6,32.3,1455.0,41.2,13.77,0.2,0.2,32.2,31.9,optimal,optimal,optimal,optimal,optimal,optimal,→ stable,↓ decreasing,→ stable,0.0,🔴 CRITICAL,False,NONE,3.1,1.0,NONE
1780090465.932,77.7,90.2,32.3,1537.0,42.4,13.83,0.1,0.0,32.2,32.3,optimal,optimal,optimal,optimal,optimal,optimal,→ stable,→ stable,→ stable,0.0,🔴 CRITICAL,False,NONE,3.0,0.0,NONE
1780090466.934,82.2,90.6,31.7,1528.0,41.3,13.77,-0.0,0.3,31.7,31.8,optimal,optimal,optimal,optimal,optimal,optimal,↑ increasing,→ stable,→ stable,0.0,🔴 CRITICAL,False,NONE,3.9,0.0,NONE
1780090469.745,78.9,89.5,31.9,1545.0,41.8,13.84,0.1,-0.1,32.3,32.4,optimal,optimal,optimal,optimal,optimal,optimal,↑ increasing,→ stable,→ stable,0.0,🔴 CRITICAL,False,NONE,3.5,0.1,NONE
1780090470.746,80.3,90.2,31.9,1529.0,41.3,13.83,0.1,0.4,32.3,32.1,optimal,optimal,optimal,optimal,optimal,optimal,→ stable,→ stable,→ stable,0.0,🔴 CRITICAL,False,NONE,3.6,0.0,NONE
1780090471.747,78.7,89.5,31.7,1454.0,41.3,13.82,-0.4,0.3,32.1,32.2,optimal,optimal,optimal,optimal,optimal,optimal,→ stable,→ stable,→ stable,0.0,🔴 CRITICAL,False,NONE,3.7,0.1,NONE
1780090472.748,77.5,89.0,32.4,1517.0,42.3,13.77,0.1,-0.1,31.9,32.1,optimal,optimal,optimal,optimal,optimal,optimal,↓ decreasing,→ stable,→ stable,0.0,🔴 CRITICAL,False,NONE,2.9,0.5,NONE
1780090473.749,82.1,90.4,31.8,1508.0,42.5,13.76,-0.0,0.0,32.0,32.1,optimal,optimal,optimal,optimal,optimal,optimal,→ stable,→ stable,→ stable,0.0,🔴 CRITICAL,False,NONE,3.8,0.0,NONE
1780090474.75,78.7,91.5,31.8,1538.0,42.7,13.8,0.1,0.3,32.3,31.7,optimal,optimal,optimal,optimal,optimal,optimal,→ stable,→ stable,→ stable,0.0,🔴 CRITICAL,False,NONE,3.6,0.0,NONE
1780090475.75,81.3,89.1,32.2,1465.0,43.0,13.85,-0.1,0.3,32.2,32.1,optimal,optimal,optimal,optimal,optimal,optimal,↑ increasing,→ stable,→ stable,0.0,🔴 CRITICAL,False,NONE,3.3,0.4,NONE
1780090476.191,81.5,90.5,32.1,1453.0,42.8,13.83,-0.1,0.4,31.7,31.8,optimal,optimal,optimal,optimal,optimal,optimal,↑ increasing,→ stable,→ stable,0.0,🔴 CRITICAL,False,NONE,3.4,0.0,NONE
1780090483.233,78.3,89.1,31.8,1499.0,41.7,13.78,0.1,0.1,31.7,32.3,optimal,optimal,optimal,optimal,optimal,optimal,↑ increasing,→ stable,→ stable,0.0,🔴 CRITICAL,False,NONE,3.6,0.4,NONE
1780090484.234,77.9,90.9,31.9,1537.0,42.8,13.84,-0.1,-0.1,32.1,32.3,optimal,optimal,optimal,optimal,optimal,optimal,→ stable,→ stable,→ stable,0.0,🔴 CRITICAL,False,NONE,3.4,0.0,NONE
1780090485.235,80.8,90.1,32.1,1514.0,42.1,13.83,0.0,-0.2,31.8,31.9,optimal,optimal,optimal,optimal,optimal,optimal,→ stable,→ stable,→ stable,0.0,🔴 CRITICAL,False,NONE,3.3,0.0,NONE
1780090486.236,78.7,89.9,31.7,1513.0,42.6,13.78,-0.4,0.1,32.2,32.0,optimal,optimal,optimal,optimal,optimal,optimal,→ stable,→ stable,→ stable,0.0,🔴 CRITICAL,False,NONE,3.7,0.0,NONE
1780090487.237,80.9,91.3,32.1,1470.0,42.5,13.81,-0.2,0.1,31.7,31.6,optimal,optimal,optimal,optimal,optimal,optimal,→ stable,→ stable,→ stable,0.0,🔴 CRITICAL,False,NONE,3.4,0.0,NONE
1780090488.239,77.7,90.9,32.0,1453.0,42.3,13.75,0.2,-0.3,31.9,32.4,optimal,optimal,optimal,optimal,optimal,optimal,↑ increasing,→ stable,→ stable,0.0,🔴 CRITICAL,False,NONE,3.3,0.0,NONE
1780090489.241,79.5,89.7,31.8,1482.0,42.4,13.77,-0.1,0.1,32.3,31.9,optimal,optimal,optimal,optimal,optimal,optimal,→ stable,→ stable,→ stable,0.0,🔴 CRITICAL,False,NONE,3.6,0.0,NONE
1780090490.242,78.5,88.8,31.6,1508.0,42.1,13.79,0.4,-0.1,31.7,32.1,optimal,optimal,optimal,optimal,optimal,optimal,→ stable,→ stable,→ stable,0.0,🔴 CRITICAL,False,NONE,3.8,0.7,NONE
1780090491.244,79.8,89.3,32.2,1480.0,41.0,13.76,-0.2,-0.0,32.0,31.7,optimal,optimal,optimal,optimal,optimal,optimal,→ stable,→ stable,→ stable,0.0,🔴 CRITICAL,False,NONE,3.2,0.2,NONE
1780090492.245,81.6,90.2,32.2,1510.0,41.1,13.82,0.1,-0.2,31.6,32.2,optimal,optimal,optimal,optimal,optimal,optimal,↓ decreasing,→ stable,→ stable,0.0,🔴 CRITICAL,False,NONE,3.3,0.0,NONE
1780090493.246,77.3,89.6,31.7,1501.0,41.7,13.78,0.0,-0.3,31.7,32.4,optimal,optimal,optimal,optimal,optimal,optimal,↓ decreasing,→ stable,→ stable,0.0,🔴 CRITICAL,False,NONE,3.6,0.1,NONE
1780090494.247,77.5,88.9,32.1,1492.0,43.0,13.78,-0.3,0.3,32.1,32.2,optimal,optimal,optimal,optimal,optimal,optimal,→ stable,→ stable,→ stable,0.0,🔴 CRITICAL,False,NONE,3.2,0.6,NONE
1780090495.247,82.6,89.4,32.1,1542.0,42.5,13.78,-0.3,-0.4,32.0,31.8,optimal,optimal,optimal,optimal,optimal,optimal,→ stable,→ stable,→ stable,0.0,🔴 CRITICAL,False,NONE,3.4,0.2,NONE
1780090496.248,77.2,88.9,31.7,1508.0,41.9,13.81,0.1,0.0,31.9,31.7,optimal,optimal,optimal,optimal,optimal,optimal,→ stable,→ stable,→ stable,0.0,🔴 CRITICAL,False,NONE,3.6,0.6,NONE
1780090497.25,77.7,88.7,32.0,1546.0,42.2,13.79,-0.1,0.2,32.3,31.8,optimal,optimal,optimal,optimal,optimal,optimal,↓ decreasing,↓ decreasing,→ stable,0.0,🔴 CRITICAL,False,NONE,3.3,0.8,NONE
1780090498.251,81.3,88.9,31.7,1457.0,41.8,13.81,-0.2,0.2,32.1,32.0,optimal,optimal,optimal,optimal,optimal,optimal,→ stable,↓ decreasing,→ stable,0.0,🔴 CRITICAL,False,NONE,3.8,0.6,NONE
1780090499.252,78.1,91.3,32.0,1549.0,42.1,13.81,-0.1,-0.4,31.8,32.0,optimal,optimal,optimal,optimal,optimal,optimal,→ stable,↓ decreasing,→ stable,0.0,🔴 CRITICAL,False,NONE,3.3,0.0,NONE
1780090500.253,80.6,90.8,32.1,1475.0,42.7,13.84,0.1,0.3,31.9,31.7,optimal,optimal,optimal,optimal,optimal,optimal,→ stable,→ stable,→ stable,0.0,🔴 CRITICAL,False,NONE,3.3,0.0,NONE
1780090501.253,78.8,90.4,32.0,1476.0,41.5,13.82,0.3,-0.2,32.2,32.0,optimal,optimal,optimal,optimal,optimal,optimal,→ stable,→ stable,→ stable,0.0,🔴 CRITICAL,False,NONE,3.4,0.0,NONE
1780090502.254,77.2,89.7,31.9,1465.0,42.9,13.83,-0.1,0.3,31.8,32.3,optimal,optimal,optimal,optimal,optimal,optimal,↓ decreasing,→ stable,→ stable,0.0,🔴 CRITICAL,False,NONE,3.4,0.0,NONE
1780090503.255,80.5,89.6,32.4,1535.0,41.1,13.77,-0.1,0.4,31.6,31.7,optimal,optimal,optimal,optimal,optimal,optimal,→ stable,→ stable,→ stable,0.0,🔴 CRITICAL,False,NONE,3.0,0.1,NONE
1780090504.257,81.6,91.1,31.7,1496.0,42.1,13.79,0.1,0.4,31.8,31.9,optimal,optimal,optimal,optimal,optimal,optimal,→ stable,→ stable,→ stable,0.0,🔴 CRITICAL,False,NONE,3.8,0.0,NONE
1780090505.258,79.2,89.8,31.7,1502.0,41.1,13.76,0.0,0.3,32.1,31.9,optimal,optimal,optimal,optimal,optimal,optimal,→ stable,→ stable,→ stable,0.0,🔴 CRITICAL,False,NONE,3.7,0.0,NONE
1780090506.262,77.8,89.6,32.3,1537.0,42.9,13.77,0.1,-0.1,32.0,31.8,optimal,optimal,optimal,optimal,optimal,optimal,→ stable,→ stable,→ stable,0.0,🔴 CRITICAL,False,NONE,3.0,0.1,NONE
1780090507.263,77.2,90.4,32.3,1486.0,41.0,13.8,-0.0,0.2,31.7,31.7,optimal,optimal,optimal,optimal,optimal,optimal,→ stable,↑ increasing,→ stable,0.0,🔴 CRITICAL,False,NONE,3.0,0.0,NONE
1780090508.263,77.6,90.2,31.7,1462.0,42.6,13.79,0.2,-0.0,31.8,32.0,optimal,optimal,optimal,optimal,optimal,optimal,→ stable,↑ increasing,→ stable,0.0,🔴 CRITICAL,False,NONE,3.7,0.0,NONE
1780090509.265,79.3,88.6,32.2,1490.0,41.9,13.8,0.3,-0.1,32.0,32.2,optimal,optimal,optimal,optimal,optimal,optimal,→ stable,↑ increasing,→ stable,0.0,🔴 CRITICAL,False,NONE,3.2,1.0,NONE
1780090510.266,78.1,88.8,32.3,1472.0,42.9,13.81,-0.2,0.1,31.9,31.6,optimal,optimal,optimal,optimal,optimal,optimal,↓ decreasing,→ stable,→ stable,0.0,🔴 CRITICAL,False,NONE,3.0,0.7,NONE
1780090511.267,81.3,91.2,32.1,1459.0,42.6,13.81,-0.2,0.2,32.3,31.7,optimal,optimal,optimal,optimal,optimal,optimal,→ stable,→ stable,→ stable,0.0,🔴 CRITICAL,False,NONE,3.4,0.0,NONE
1780090512.268,82.1,89.8,31.7,1460.0,41.6,13.84,0.0,0.1,32.3,31.9,optimal,optimal,optimal,optimal,optimal,optimal,↑ increasing,→ stable,→ stable,0.0,🔴 CRITICAL,False,NONE,3.9,0.0,NONE
1780090513.268,82.2,91.3,32.0,1494.0,41.5,13.83,0.3,-0.3,32.2,31.9,optimal,optimal,optimal,optimal,optimal,optimal,→ stable,→ stable,→ stable,0.0,🔴 CRITICAL,False,NONE,3.5,0.0,NONE
1780090514.269,81.3,89.5,32.0,1494.0,41.6,13.82,-0.1,-0.3,32.4,32.0,optimal,optimal,optimal,optimal,optimal,optimal,→ stable,→ stable,→ stable,0.0,🔴 CRITICAL,False,NONE,3.5,0.1,NONE
1780090515.271,81.5,91.4,31.7,1524.0,42.3,13.84,0.3,0.1,32.4,32.1,optimal,optimal,optimal,optimal,optimal,optimal,↑ increasing,→ stable,→ stable,0.0,🔴 CRITICAL,False,NONE,3.8,0.0,NONE
1780090516.271,82.3,89.2,32.0,1485.0,41.5,13.78,-0.3,0.1,32.0,31.7,optimal,optimal,optimal,optimal,optimal,optimal,↑ increasing,→ stable,→ stable,0.0,🔴 CRITICAL,False,NONE,3.5,0.3,NONE
1780090517.271,82.4,89.3,31.7,1504.0,42.0,13.8,0.3,-0.1,31.9,31.7,optimal,optimal,optimal,optimal,optimal,optimal,↑ increasing,→ stable,→ stable,0.0,🔴 CRITICAL,False,NONE,3.9,0.2,NONE
1780090518.273,82.1,90.8,32.3,1516.0,42.5,13.79,0.3,-0.3,31.8,32.3,optimal,optimal,optimal,optimal,optimal,optimal,↑ increasing,→ stable,→ stable,0.0,🔴 CRITICAL,False,NONE,3.2,0.0,NONE
1780090519.274,77.7,91.3,32.4,1483.0,42.9,13.84,0.2,0.1,31.8,32.3,optimal,optimal,optimal,optimal,optimal,optimal,↑ increasing,→ stable,→ stable,0.0,🔴 CRITICAL,False,NONE,2.9,0.0,NONE
1780090520.276,80.8,89.8,32.2,1482.0,42.2,13.78,-0.2,0.4,31.8,31.8,optimal,optimal,optimal,optimal,optimal,optimal,↑ increasing,↑ increasing,→ stable,0.0,🔴 CRITICAL,False,NONE,3.2,0.0,NONE
1780090521.277,79.0,91.0,32.0,1455.0,41.4,13.75,0.1,-0.2,31.9,31.9,optimal,optimal,optimal,optimal,optimal,optimal,↑ increasing,→ stable,→ stable,0.0,🔴 CRITICAL,False,NONE,3.4,0.0,NONE
1780090522.278,81.6,89.3,32.3,1462.0,42.9,13.79,-0.3,0.0,31.7,32.2,optimal,optimal,optimal,optimal,optimal,optimal,↑ increasing,→ stable,→ stable,0.0,🔴 CRITICAL,False,NONE,3.1,0.2,NONE
1780090523.279,79.4,90.2,31.8,1519.0,42.0,13.75,0.2,0.1,31.7,31.9,optimal,optimal,optimal,optimal,optimal,optimal,↑ increasing,→ stable,→ stable,0.0,🔴 CRITICAL,False,NONE,3.6,0.0,NONE
1780090524.279,80.5,90.2,32.0,1547.0,42.8,13.82,0.1,0.1,32.0,32.2,optimal,optimal,optimal,optimal,optimal,optimal,↑ increasing,→ stable,→ stable,0.0,🔴 CRITICAL,False,NONE,3.5,0.0,NONE
1780090525.28,77.1,89.0,32.2,1520.0,42.1,13.79,0.4,-0.3,31.8,32.3,optimal,optimal,optimal,optimal,optimal,optimal,→ stable,→ stable,→ stable,0.0,🔴 CRITICAL,False,NONE,3.1,0.5,NONE
1780090526.281,82.0,91.5,31.9,1543.0,42.9,13.79,0.1,-0.1,32.2,31.8,optimal,optimal,optimal,optimal,optimal,optimal,→ stable,→ stable,→ stable,0.0,🔴 CRITICAL,False,NONE,3.6,0.0,NONE
1780090527.281,82.8,88.9,32.3,1504.0,42.3,13.83,0.1,0.3,32.0,32.0,optimal,optimal,optimal,optimal,optimal,optimal,↓ decreasing,→ stable,→ stable,0.0,🔴 CRITICAL,False,NONE,3.2,0.6,NONE
1780090528.282,77.9,91.1,32.2,1490.0,41.1,13.81,-0.2,0.4,32.3,31.9,optimal,optimal,optimal,optimal,optimal,optimal,↓ decreasing,→ stable,→ stable,0.0,🔴 CRITICAL,False,NONE,3.1,0.0,NONE
1780090529.284,82.9,89.7,32.1,1528.0,42.5,13.78,-0.4,0.3,31.7,32.2,optimal,optimal,optimal,optimal,optimal,optimal,↓ decreasing,→ stable,→ stable,0.0,🔴 CRITICAL,False,NONE,3.4,0.0,NONE
1780090530.285,78.5,90.7,31.9,1491.0,42.1,13.78,0.1,-0.2,32.4,31.8,optimal,optimal,optimal,optimal,optimal,optimal,↓ decreasing,→ stable,→ stable,0.0,🔴 CRITICAL,False,NONE,3.5,0.0,NONE
1780090531.285,80.4,90.1,32.3,1468.0,41.2,13.79,0.4,-0.0,32.2,32.3,optimal,optimal,optimal,optimal,optimal,optimal,↓ decreasing,→ stable,→ stable,0.0,🔴 CRITICAL,False,NONE,3.1,0.0,NONE
1780090532.286,82.1,90.9,31.9,1523.0,42.1,13.8,-0.3,0.0,32.4,31.6,optimal,optimal,optimal,optimal,optimal,optimal,↓ decreasing,→ stable,→ stable,0.0,🔴 CRITICAL,False,NONE,3.6,0.0,NONE
1780090533.287,79.0,89.5,32.0,1493.0,42.7,13.81,-0.2,-0.3,32.1,31.6,optimal,optimal,optimal,optimal,optimal,optimal,→ stable,→ stable,→ stable,0.0,🔴 CRITICAL,False,NONE,3.4,0.1,NONE
1780090534.289,79.6,89.7,32.0,1466.0,42.4,13.81,0.0,0.2,32.4,32.3,optimal,optimal,optimal,optimal,optimal,optimal,→ stable,→ stable,→ stable,0.0,🔴 CRITICAL,False,NONE,3.4,0.0,NONE
1780090535.29,82.2,89.9,32.1,1478.0,42.3,13.76,0.0,0.3,32.1,32.3,optimal,optimal,optimal,optimal,optimal,optimal,→ stable,→ stable,→ stable,0.0,🔴 CRITICAL,False,NONE,3.4,0.0,NONE
1780090536.29,80.2,89.7,31.8,1536.0,42.4,13.78,-0.3,0.2,31.8,31.7,optimal,optimal,optimal,optimal,optimal,optimal,→ stable,→ stable,→ stable,0.0,🔴 CRITICAL,False,NONE,3.7,0.0,NONE
1780090537.291,80.0,91.3,32.3,1477.0,42.3,13.83,-0.3,-0.2,32.3,31.8,optimal,optimal,optimal,optimal,optimal,optimal,→ stable,→ stable,→ stable,0.0,🔴 CRITICAL,False,NONE,3.1,0.0,NONE
1780090538.293,80.7,91.4,32.4,1505.0,42.5,13.77,0.3,-0.2,32.4,32.1,optimal,optimal,optimal,optimal,optimal,optimal,↑ increasing,→ stable,→ stable,0.0,🔴 CRITICAL,False,NONE,3.0,0.0,NONE
1780090539.294,81.7,89.9,31.8,1457.0,42.9,13.75,0.2,-0.3,31.8,31.8,optimal,optimal,optimal,optimal,optimal,optimal,→ stable,→ stable,→ stable,0.0,🔴 CRITICAL,False,NONE,3.7,0.0,NONE
1780090540.295,82.2,90.4,31.8,1506.0,42.0,13.82,0.0,-0.1,31.8,32.2,optimal,optimal,optimal,optimal,optimal,optimal,↑ increasing,→ stable,→ stable,0.0,🔴 CRITICAL,False,NONE,3.8,0.0,NONE
1780090541.295,81.5,90.5,32.2,1540.0,42.4,13.8,-0.1,-0.2,31.7,32.3,optimal,optimal,optimal,optimal,optimal,optimal,↑ increasing,→ stable,→ stable,0.0,🔴 CRITICAL,False,NONE,3.3,0.0,NONE
1780090542.297,77.9,88.8,32.1,1548.0,41.4,13.77,-0.4,0.1,31.8,32.0,optimal,optimal,optimal,optimal,optimal,optimal,→ stable,→ stable,→ stable,0.0,🔴 CRITICAL,False,NONE,3.2,0.7,NONE
1780090543.298,79.5,89.4,32.1,1458.0,41.9,13.84,-0.2,0.1,32.3,31.7,optimal,optimal,optimal,optimal,optimal,optimal,→ stable,→ stable,→ stable,0.0,🔴 CRITICAL,False,NONE,3.3,0.2,NONE
1780090544.299,81.9,89.8,32.3,1525.0,43.0,13.79,0.0,0.0,32.0,31.8,optimal,optimal,optimal,optimal,optimal,optimal,↑ increasing,→ stable,→ stable,0.0,🔴 CRITICAL,False,NONE,3.2,0.0,NONE
1780090545.299,77.7,90.3,31.7,1497.0,42.7,13.78,-0.2,0.2,31.7,32.1,optimal,optimal,optimal,optimal,optimal,optimal,→ stable,→ stable,→ stable,0.0,🔴 CRITICAL,False,NONE,3.7,0.0,NONE
1780090546.299,78.5,91.4,31.7,1492.0,41.9,13.75,-0.1,-0.1,31.8,32.2,optimal,optimal,optimal,optimal,optimal,optimal,→ stable,→ stable,→ stable,0.0,🔴 CRITICAL,False,NONE,3.7,0.0,NONE
1780090547.301,77.8,89.0,31.6,1480.0,42.4,13.82,-0.4,-0.0,31.7,32.1,optimal,optimal,optimal,optimal,optimal,optimal,→ stable,→ stable,→ stable,0.0,🔴 CRITICAL,False,NONE,3.8,0.5,NONE
1780090548.302,79.0,89.8,31.7,1468.0,42.4,13.83,0.4,-0.3,32.3,32.2,optimal,optimal,optimal,optimal,optimal,optimal,↓ decreasing,→ stable,→ stable,0.0,🔴 CRITICAL,False,NONE,3.7,0.0,NONE
1780090549.303,78.0,90.7,31.7,1524.0,41.8,13.85,0.1,-0.3,31.9,31.9,optimal,optimal,optimal,optimal,optimal,optimal,↓ decreasing,→ stable,→ stable,0.0,🔴 CRITICAL,False,NONE,3.7,0.0,NONE
1780090550.305,77.1,89.8,32.4,1457.0,42.8,13.83,0.2,-0.2,32.4,31.8,optimal,optimal,optimal,optimal,optimal,optimal,↓ decreasing,→ stable,→ stable,0.0,🔴 CRITICAL,False,NONE,2.9,0.0,NONE
1780090551.306,82.0,88.8,32.0,1548.0,41.1,13.77,0.2,-0.0,32.1,32.2,optimal,optimal,optimal,optimal,optimal,optimal,↓ decreasing,↓ decreasing,→ stable,0.0,🔴 CRITICAL,False,NONE,3.5,0.7,NONE
1780090552.307,81.8,91.5,31.9,1518.0,41.1,13.76,0.2,0.1,32.2,32.2,optimal,optimal,optimal,optimal,optimal,optimal,↓ decreasing,→ stable,→ stable,0.0,🔴 CRITICAL,False,NONE,3.6,0.0,NONE
1780090553.307,77.5,89.4,32.3,1539.0,41.9,13.78,0.4,-0.2,32.1,31.8,optimal,optimal,optimal,optimal,optimal,optimal,↓ decreasing,→ stable,→ stable,0.0,🔴 CRITICAL,False,NONE,3.0,0.2,NONE
1780090554.308,80.1,89.1,32.3,1536.0,42.9,13.82,0.3,-0.2,32.3,31.8,optimal,optimal,optimal,optimal,optimal,optimal,↓ decreasing,→ stable,→ stable,0.0,🔴 CRITICAL,False,NONE,3.1,0.4,NONE
1780090555.31,77.9,90.1,31.9,1453.0,41.8,13.78,-0.0,-0.3,32.2,32.0,optimal,optimal,optimal,optimal,optimal,optimal,↓ decreasing,→ stable,→ stable,0.0,🔴 CRITICAL,False,NONE,3.4,0.0,NONE
1780090556.311,80.4,89.4,31.8,1546.0,42.9,13.77,0.1,0.1,32.0,31.8,optimal,optimal,optimal,optimal,optimal,optimal,↓ decreasing,↓ decreasing,→ stable,0.0,🔴 CRITICAL,False,NONE,3.7,0.2,NONE
1780090557.312,78.0,88.9,32.3,1537.0,41.2,13.81,-0.1,0.0,32.0,32.0,optimal,optimal,optimal,optimal,optimal,optimal,↓ decreasing,→ stable,→ stable,0.0,🔴 CRITICAL,False,NONE,3.0,0.6,NONE
1780090558.314,79.5,88.8,32.4,1470.0,42.9,13.83,0.3,0.2,32.2,32.1,optimal,optimal,optimal,optimal,optimal,optimal,↓ decreasing,→ stable,→ stable,0.0,🔴 CRITICAL,False,NONE,3.0,0.7,NONE
1780090559.314,81.4,89.9,32.2,1549.0,42.5,13.81,-0.1,0.0,31.9,31.8,optimal,optimal,optimal,optimal,optimal,optimal,→ stable,→ stable,→ stable,0.0,🔴 CRITICAL,False,NONE,3.3,0.0,NONE
1780090560.315,78.7,89.7,32.3,1478.0,41.7,13.83,0.3,-0.1,32.0,32.2,optimal,optimal,optimal,optimal,optimal,optimal,↑ increasing,→ stable,→ stable,0.0,🔴 CRITICAL,False,NONE,3.0,0.0,NONE
1780090561.317,78.4,91.3,32.0,1470.0,41.5,13.78,0.4,-0.4,32.0,31.9,optimal,optimal,optimal,optimal,optimal,optimal,→ stable,→ stable,→ stable,0.0,🔴 CRITICAL,False,NONE,3.4,0.0,NONE
1780090562.317,78.8,89.4,32.2,1538.0,42.9,13.77,0.1,-0.4,32.0,32.2,optimal,optimal,optimal,optimal,optimal,optimal,→ stable,→ stable,→ stable,0.0,🔴 CRITICAL,False,NONE,3.2,0.2,NONE
1780090563.317,78.8,91.0,32.1,1482.0,42.3,13.81,0.3,0.3,31.8,31.9,optimal,optimal,optimal,optimal,optimal,optimal,→ stable,→ stable,→ stable,0.0,🔴 CRITICAL,False,NONE,3.3,0.0,NONE
1780090564.318,77.9,90.3,31.8,1528.0,41.2,13.79,-0.3,-0.2,32.0,31.9,optimal,optimal,optimal,optimal,optimal,optimal,→ stable,→ stable,→ stable,0.0,🔴 CRITICAL,False,NONE,3.6,0.0,NONE
1780090565.318,81.9,91.4,32.2,1504.0,42.2,13.81,0.0,0.3,32.0,32.0,optimal,optimal,optimal,optimal,optimal,optimal,→ stable,→ stable,→ stable,0.0,🔴 CRITICAL,False,NONE,3.3,0.0,NONE
1780090566.319,77.9,90.0,31.9,1509.0,42.3,13.8,-0.1,0.2,31.8,32.1,optimal,optimal,optimal,optimal,optimal,optimal,→ stable,→ stable,→ stable,0.0,🔴 CRITICAL,False,NONE,3.4,0.0,NONE
1780090567.32,81.3,90.8,31.8,1520.0,42.2,13.76,0.3,-0.1,32.2,32.1,optimal,optimal,optimal,optimal,optimal,optimal,→ stable,↑ increasing,→ stable,0.0,🔴 CRITICAL,False,NONE,3.7,0.0,NONE
1780090568.322,79.4,88.9,32.4,1491.0,42.9,13.75,-0.3,-0.3,32.1,31.8,optimal,optimal,optimal,optimal,optimal,optimal,→ stable,↑ increasing,→ stable,0.0,🔴 CRITICAL,False,NONE,2.9,0.6,NONE
1780090569.322,82.8,88.5,31.6,1539.0,41.0,13.79,-0.4,0.1,31.9,32.1,optimal,optimal,optimal,optimal,optimal,optimal,→ stable,↑ increasing,→ stable,0.0,🔴 CRITICAL,False,NONE,4.0,1.1,NONE
1780090570.322,81.4,89.7,31.6,1540.0,41.2,13.79,-0.2,-0.4,32.1,31.9,optimal,optimal,optimal,optimal,optimal,optimal,→ stable,↑ increasing,→ stable,0.0,🔴 CRITICAL,False,NONE,4.0,0.0,NONE
1780090571.324,80.1,89.2,32.0,1539.0,42.5,13.81,0.2,-0.4,31.7,32.3,optimal,optimal,optimal,optimal,optimal,optimal,↑ increasing,→ stable,→ stable,0.0,🔴 CRITICAL,False,NONE,3.4,0.3,NONE
1780090572.325,77.2,90.9,32.3,1497.0,41.4,13.84,0.4,0.1,32.0,31.6,optimal,optimal,optimal,optimal,optimal,optimal,↑ increasing,→ stable,→ stable,0.0,🔴 CRITICAL,False,NONE,3.0,0.0,NONE
1780090573.325,78.7,89.5,31.8,1508.0,41.1,13.78,-0.2,0.1,31.6,32.4,optimal,optimal,optimal,optimal,optimal,optimal,↑ increasing,→ stable,→ stable,0.0,🔴 CRITICAL,False,NONE,3.6,0.1,NONE
1780090574.325,80.8,89.5,32.4,1516.0,42.8,13.84,0.4,-0.2,32.2,31.8,optimal,optimal,optimal,optimal,optimal,optimal,↑ increasing,→ stable,→ stable,0.0,🔴 CRITICAL,False,NONE,3.0,0.1,NONE
1780090575.327,81.4,90.7,31.8,1497.0,42.2,13.77,0.1,-0.1,31.6,31.8,optimal,optimal,optimal,optimal,optimal,optimal,↑ increasing,→ stable,→ stable,0.0,🔴 CRITICAL,False,NONE,3.7,0.0,NONE
1780090576.327,79.6,90.8,32.1,1538.0,42.8,13.85,-0.1,0.2,32.2,32.2,optimal,optimal,optimal,optimal,optimal,optimal,↑ increasing,→ stable,→ stable,0.0,🔴 CRITICAL,False,NONE,3.3,0.0,NONE
1780090577.329,82.7,90.5,31.9,1492.0,41.1,13.77,-0.2,0.4,31.7,31.8,optimal,optimal,optimal,optimal,optimal,optimal,↑ increasing,→ stable,→ stable,0.0,🔴 CRITICAL,False,NONE,3.7,0.0,NONE
1780090578.33,82.5,90.4,31.9,1467.0,42.0,13.81,0.1,0.0,31.7,32.0,optimal,optimal,optimal,optimal,optimal,optimal,↑ increasing,→ stable,→ stable,0.0,🔴 CRITICAL,False,NONE,3.7,0.0,NONE
1780090579.331,79.9,90.1,32.1,1490.0,42.7,13.8,0.1,-0.2,32.1,31.7,optimal,optimal,optimal,optimal,optimal,optimal,↑ increasing,→ stable,→ stable,0.0,🔴 CRITICAL,False,NONE,3.3,0.0,NONE
1780090580.331,77.9,90.9,31.9,1479.0,42.5,13.81,0.1,-0.3,31.9,32.0,optimal,optimal,optimal,optimal,optimal,optimal,→ stable,→ stable,→ stable,0.0,🔴 CRITICAL,False,NONE,3.4,0.0,NONE
1780090581.333,82.8,89.0,31.8,1542.0,41.3,13.84,0.3,-0.2,32.4,32.0,optimal,optimal,optimal,optimal,optimal,optimal,→ stable,→ stable,→ stable,0.0,🔴 CRITICAL,False,NONE,3.8,0.5,NONE
1780090582.333,82.2,91.0,32.2,1474.0,41.4,13.8,-0.2,-0.2,32.2,32.0,optimal,optimal,optimal,optimal,optimal,optimal,↑ increasing,→ stable,→ stable,0.0,🔴 CRITICAL,False,NONE,3.3,0.0,NONE
1780090583.334,81.7,91.0,31.9,1482.0,42.3,13.79,-0.1,-0.2,32.3,31.6,optimal,optimal,optimal,optimal,optimal,optimal,↑ increasing,→ stable,→ stable,0.0,🔴 CRITICAL,False,NONE,3.6,0.0,NONE
1780090584.335,77.5,90.1,32.1,1477.0,41.9,13.84,-0.4,0.1,32.4,31.7,optimal,optimal,optimal,optimal,optimal,optimal,↑ increasing,↑ increasing,→ stable,0.0,🔴 CRITICAL,False,NONE,3.2,0.0,NONE
1780090585.336,82.5,90.9,32.3,1499.0,42.5,13.77,-0.1,0.1,32.4,31.9,optimal,optimal,optimal,optimal,optimal,optimal,↑ increasing,↑ increasing,→ stable,0.0,🔴 CRITICAL,False,NONE,3.2,0.0,NONE
1780090586.336,82.2,90.9,32.0,1476.0,41.9,13.82,-0.1,-0.2,31.7,32.1,optimal,optimal,optimal,optimal,optimal,optimal,↑ increasing,↑ increasing,→ stable,0.0,🔴 CRITICAL,False,NONE,3.5,0.0,NONE
1780090587.338,80.5,89.6,32.1,1470.0,41.6,13.82,-0.1,0.1,31.9,32.4,optimal,optimal,optimal,optimal,optimal,optimal,↑ increasing,↑ increasing,→ stable,0.0,🔴 CRITICAL,False,NONE,3.3,0.1,NONE
1780090588.338,79.6,88.7,32.4,1529.0,42.7,13.81,0.2,0.2,31.7,31.6,optimal,optimal,optimal,optimal,optimal,optimal,→ stable,→ stable,→ stable,0.0,🔴 CRITICAL,False,NONE,3.0,0.8,NONE
1780090589.338,82.3,90.5,31.9,1527.0,41.7,13.84,-0.3,0.2,32.1,31.6,optimal,optimal,optimal,optimal,optimal,optimal,→ stable,→ stable,→ stable,0.0,🔴 CRITICAL,False,NONE,3.6,0.0,NONE
1780090590.338,77.5,91.3,31.7,1493.0,41.2,13.84,-0.3,0.3,32.1,31.7,optimal,optimal,optimal,optimal,optimal,optimal,↑ increasing,→ stable,→ stable,0.0,🔴 CRITICAL,False,NONE,3.7,0.0,NONE
1780090591.338,80.8,90.2,32.2,1529.0,42.9,13.77,-0.2,0.4,31.8,31.9,optimal,optimal,optimal,optimal,optimal,optimal,→ stable,→ stable,→ stable,0.0,🔴 CRITICAL,False,NONE,3.2,0.0,NONE
1780090592.34,77.6,89.5,31.7,1529.0,42.8,13.77,-0.1,-0.3,31.7,31.7,optimal,optimal,optimal,optimal,optimal,optimal,↓ decreasing,→ stable,→ stable,0.0,🔴 CRITICAL,False,NONE,3.7,0.1,NONE
1780090593.341,78.0,91.1,32.1,1501.0,41.1,13.84,-0.2,0.0,31.7,31.7,optimal,optimal,optimal,optimal,optimal,optimal,↓ decreasing,→ stable,→ stable,0.0,🔴 CRITICAL,False,NONE,3.2,0.0,NONE
1780090594.342,81.2,89.9,31.8,1460.0,42.0,13.75,-0.1,-0.3,31.9,32.1,optimal,optimal,optimal,optimal,optimal,optimal,↓ decreasing,→ stable,→ stable,0.0,🔴 CRITICAL,False,NONE,3.7,0.0,NONE
1780090595.343,77.9,90.2,32.1,1472.0,42.2,13.81,0.4,-0.2,31.7,31.9,optimal,optimal,optimal,optimal,optimal,optimal,↓ decreasing,→ stable,→ stable,0.0,🔴 CRITICAL,False,NONE,3.2,0.0,NONE
1780090596.344,81.8,91.2,31.7,1491.0,41.6,13.79,0.4,-0.0,31.6,32.2,optimal,optimal,optimal,optimal,optimal,optimal,↓ decreasing,→ stable,→ stable,0.0,🔴 CRITICAL,False,NONE,3.9,0.0,NONE
1780090597.344,77.3,91.2,32.2,1488.0,41.5,13.83,0.0,0.3,32.2,32.4,optimal,optimal,optimal,optimal,optimal,optimal,↓ decreasing,→ stable,→ stable,0.0,🔴 CRITICAL,False,NONE,3.1,0.0,NONE
1780090598.345,80.1,89.3,32.0,1496.0,41.1,13.79,0.0,-0.1,32.1,32.3,optimal,optimal,optimal,optimal,optimal,optimal,↓ decreasing,→ stable,→ stable,0.0,🔴 CRITICAL,False,NONE,3.4,0.2,NONE
1780090599.347,82.6,91.2,31.8,1519.0,42.1,13.84,0.0,-0.4,31.8,32.3,optimal,optimal,optimal,optimal,optimal,optimal,↓ decreasing,→ stable,→ stable,0.0,🔴 CRITICAL,False,NONE,3.8,0.0,NONE
1780090600.347,81.8,91.1,32.1,1542.0,41.3,13.81,0.0,0.1,32.0,32.0,optimal,optimal,optimal,optimal,optimal,optimal,↓ decreasing,→ stable,→ stable,0.0,🔴 CRITICAL,False,NONE,3.4,0.0,NONE
1780090601.347,79.5,91.1,32.3,1476.0,41.9,13.83,-0.0,-0.1,32.1,32.1,optimal,optimal,optimal,optimal,optimal,optimal,↓ decreasing,→ stable,→ stable,0.0,🔴 CRITICAL,False,NONE,3.1,0.0,NONE
1780090602.347,82.6,90.6,31.7,1469.0,42.0,13.85,0.3,-0.4,32.2,32.2,optimal,optimal,optimal,optimal,optimal,optimal,→ stable,→ stable,→ stable,0.0,🔴 CRITICAL,False,NONE,3.9,0.0,NONE
1780090603.347,79.9,89.5,31.8,1478.0,42.0,13.78,0.0,-0.0,32.2,32.2,optimal,optimal,optimal,optimal,optimal,optimal,↑ increasing,→ stable,→ stable,0.0,🔴 CRITICAL,False,NONE,3.7,0.1,NONE
1780090604.349,79.9,88.7,31.9,1483.0,42.3,13.82,0.4,0.1,32.1,32.1,optimal,optimal,optimal,optimal,optimal,optimal,→ stable,→ stable,→ stable,0.0,🔴 CRITICAL,False,NONE,3.5,0.8,NONE
1780090605.35,79.6,88.7,32.0,1450.0,42.4,13.78,0.0,-0.3,31.6,31.9,optimal,optimal,optimal,optimal,optimal,optimal,↑ increasing,→ stable,→ stable,0.0,🔴 CRITICAL,False,NONE,3.4,0.8,NONE
1780090606.35,79.9,88.7,32.1,1482.0,41.9,13.84,0.1,-0.2,32.0,32.4,optimal,optimal,optimal,optimal,optimal,optimal,↑ increasing,→ stable,→ stable,0.0,🔴 CRITICAL,False,NONE,3.3,0.8,NONE
1780090607.352,80.9,90.0,32.0,1543.0,41.8,13.8,-0.4,0.3,31.9,32.4,optimal,optimal,optimal,optimal,optimal,optimal,↑ increasing,→ stable,→ stable,0.0,🔴 CRITICAL,False,NONE,3.5,0.0,NONE
1780090608.352,79.0,90.9,32.1,1486.0,41.7,13.81,0.4,-0.3,31.8,32.3,optimal,optimal,optimal,optimal,optimal,optimal,↑ increasing,→ stable,→ stable,0.0,🔴 CRITICAL,False,NONE,3.3,0.0,NONE
1780090609.353,80.3,89.5,32.3,1451.0,41.9,13.82,0.1,0.2,31.8,31.9,optimal,optimal,optimal,optimal,optimal,optimal,↑ increasing,↓ decreasing,→ stable,0.0,🔴 CRITICAL,False,NONE,3.1,0.1,NONE
1780090610.353,80.5,91.0,31.9,1472.0,42.5,13.82,0.1,0.2,31.8,31.6,optimal,optimal,optimal,optimal,optimal,optimal,→ stable,↓ decreasing,→ stable,0.0,🔴 CRITICAL,False,NONE,3.6,0.0,NONE
1780090611.354,80.0,89.2,31.9,1470.0,42.1,13.83,0.2,-0.2,31.7,31.9,optimal,optimal,optimal,optimal,optimal,optimal,→ stable,↓ decreasing,→ stable,0.0,🔴 CRITICAL,False,NONE,3.5,0.3,NONE
1780090612.355,77.6,90.4,31.9,1527.0,42.2,13.78,-0.3,-0.3,32.2,32.3,optimal,optimal,optimal,optimal,optimal,optimal,↓ decreasing,↓ decreasing,→ stable,0.0,🔴 CRITICAL,False,NONE,3.4,0.0,NONE
1780090613.355,79.5,89.8,31.9,1541.0,42.2,13.83,-0.1,-0.3,31.9,32.3,optimal,optimal,optimal,optimal,optimal,optimal,↓ decreasing,↓ decreasing,→ stable,0.0,🔴 CRITICAL,False,NONE,3.5,0.0,NONE
1780090614.357,78.6,91.4,32.3,1513.0,42.5,13.77,0.3,-0.4,31.7,32.2,optimal,optimal,optimal,optimal,optimal,optimal,↓ decreasing,→ stable,→ stable,0.0,🔴 CRITICAL,False,NONE,3.0,0.0,NONE
1780090615.357,82.2,89.0,32.1,1499.0,42.7,13.78,-0.3,-0.1,32.0,32.2,optimal,optimal,optimal,optimal,optimal,optimal,↓ decreasing,→ stable,→ stable,0.0,🔴 CRITICAL,False,NONE,3.4,0.5,NONE
1780090616.358,78.0,88.7,31.8,1504.0,43.0,13.78,0.0,0.0,31.7,31.6,optimal,optimal,optimal,optimal,optimal,optimal,↓ decreasing,→ stable,→ stable,0.0,🔴 CRITICAL,False,NONE,3.6,0.8,NONE
1780090617.359,77.0,88.7,32.2,1469.0,42.7,13.75,0.4,0.3,31.7,32.1,optimal,optimal,optimal,optimal,optimal,optimal,↓ decreasing,→ stable,→ stable,0.0,🔴 CRITICAL,False,NONE,3.1,0.8,NONE
1780090618.359,78.9,89.5,31.6,1454.0,42.6,13.8,0.4,0.0,32.3,31.7,optimal,optimal,optimal,optimal,optimal,optimal,↓ decreasing,→ stable,→ stable,0.0,🔴 CRITICAL,False,NONE,3.8,0.1,NONE
1780090619.359,82.7,90.1,32.2,1456.0,41.2,13.83,-0.2,-0.2,32.3,32.1,optimal,optimal,optimal,optimal,optimal,optimal,↓ decreasing,→ stable,→ stable,0.0,🔴 CRITICAL,False,NONE,3.3,0.0,NONE
1780090620.361,79.1,90.8,32.2,1469.0,41.9,13.8,-0.2,0.2,32.3,32.1,optimal,optimal,optimal,optimal,optimal,optimal,↓ decreasing,→ stable,→ stable,0.0,🔴 CRITICAL,False,NONE,3.2,0.0,NONE
1780090621.362,78.7,91.2,31.6,1517.0,41.6,13.8,-0.3,-0.3,32.3,32.2,optimal,optimal,optimal,optimal,optimal,optimal,↓ decreasing,→ stable,→ stable,0.0,🔴 CRITICAL,False,NONE,3.8,0.0,NONE
1780090622.363,81.7,89.3,31.8,1549.0,41.1,13.77,0.3,0.3,31.9,31.6,optimal,optimal,optimal,optimal,optimal,optimal,→ stable,→ stable,→ stable,0.0,🔴 CRITICAL,False,NONE,3.7,0.2,NONE
1780090623.364,83.0,89.2,31.7,1495.0,42.9,13.81,0.2,-0.3,32.1,31.7,optimal,optimal,optimal,optimal,optimal,optimal,→ stable,→ stable,→ stable,0.0,🔴 CRITICAL,False,NONE,3.9,0.3,NONE
1780090624.365,81.1,88.9,31.6,1474.0,42.4,13.82,-0.3,-0.2,31.8,32.1,optimal,optimal,optimal,optimal,optimal,optimal,↑ increasing,→ stable,→ stable,0.0,🔴 CRITICAL,False,NONE,3.9,0.6,NONE
1780090625.365,80.0,90.5,32.2,1549.0,42.9,13.79,0.4,0.2,31.7,32.1,optimal,optimal,optimal,optimal,optimal,optimal,→ stable,→ stable,→ stable,0.0,🔴 CRITICAL,False,NONE,3.2,0.0,NONE
1780090626.365,80.5,90.0,31.9,1452.0,41.3,13.82,0.3,0.0,32.1,32.0,optimal,optimal,optimal,optimal,optimal,optimal,↑ increasing,→ stable,→ stable,0.0,🔴 CRITICAL,False,NONE,3.6,0.0,NONE
1780090627.365,82.8,91.2,31.8,1488.0,43.0,13.76,0.3,-0.3,32.4,32.3,optimal,optimal,optimal,optimal,optimal,optimal,↑ increasing,→ stable,→ stable,0.0,🔴 CRITICAL,False,NONE,3.8,0.0,NONE
1780090628.367,79.3,88.6,32.0,1536.0,41.9,13.84,-0.3,0.0,32.3,32.4,optimal,optimal,optimal,optimal,optimal,optimal,↑ increasing,→ stable,→ stable,0.0,🔴 CRITICAL,False,NONE,3.4,1.0,NONE
1780090629.367,79.0,90.9,32.3,1547.0,41.6,13.78,0.2,-0.1,32.2,32.0,optimal,optimal,optimal,optimal,optimal,optimal,↑ increasing,→ stable,→ stable,0.0,🔴 CRITICAL,False,NONE,3.0,0.0,NONE
1780090630.368,78.4,89.5,32.1,1540.0,42.6,13.79,0.1,0.3,32.2,31.8,optimal,optimal,optimal,optimal,optimal,optimal,↑ increasing,→ stable,→ stable,0.0,🔴 CRITICAL,False,NONE,3.2,0.1,NONE
1780090631.369,80.0,89.4,31.9,1475.0,42.8,13.83,-0.1,0.3,32.3,32.2,optimal,optimal,optimal,optimal,optimal,optimal,↑ increasing,→ stable,→ stable,0.0,🔴 CRITICAL,False,NONE,3.5,0.2,NONE
1780090632.37,78.1,90.9,32.1,1547.0,41.6,13.83,-0.1,0.1,32.3,31.6,optimal,optimal,optimal,optimal,optimal,optimal,↑ increasing,→ stable,→ stable,0.0,🔴 CRITICAL,False,NONE,3.2,0.0,NONE
1780090633.37,77.5,88.5,31.8,1519.0,41.9,13.84,0.4,-0.3,31.8,32.3,optimal,optimal,optimal,optimal,optimal,optimal,→ stable,→ stable,→ stable,0.0,🔴 CRITICAL,False,NONE,3.5,1.1,NONE
1780090634.37,80.2,89.9,31.9,1511.0,41.4,13.84,-0.1,-0.3,32.4,32.0,optimal,optimal,optimal,optimal,optimal,optimal,↓ decreasing,→ stable,→ stable,0.0,🔴 CRITICAL,False,NONE,3.6,0.0,NONE
1780090635.371,80.5,91.1,32.0,1464.0,42.5,13.82,-0.3,-0.0,32.0,31.7,optimal,optimal,optimal,optimal,optimal,optimal,→ stable,→ stable,→ stable,0.0,🔴 CRITICAL,False,NONE,3.5,0.0,NONE
1780090636.372,81.7,89.5,31.8,1542.0,41.8,13.82,0.3,0.1,32.1,32.2,optimal,optimal,optimal,optimal,optimal,optimal,↓ decreasing,→ stable,→ stable,0.0,🔴 CRITICAL,False,NONE,3.7,0.1,NONE
1780090637.373,80.5,88.5,31.8,1464.0,42.4,13.77,0.3,-0.3,32.1,32.3,optimal,optimal,optimal,optimal,optimal,optimal,↓ decreasing,→ stable,→ stable,0.0,🔴 CRITICAL,False,NONE,3.7,1.1,NONE
1780090638.373,81.8,90.2,32.3,1506.0,42.7,13.79,-0.0,0.3,32.3,32.1,optimal,optimal,optimal,optimal,optimal,optimal,↓ decreasing,→ stable,→ stable,0.0,🔴 CRITICAL,False,NONE,3.2,0.0,NONE
1780090639.375,78.6,91.4,32.2,1527.0,41.2,13.82,0.1,-0.3,32.3,32.3,optimal,optimal,optimal,optimal,optimal,optimal,↓ decreasing,→ stable,→ stable,0.0,🔴 CRITICAL,False,NONE,3.1,0.0,NONE
1780090640.376,79.3,90.0,32.4,1506.0,42.0,13.82,-0.0,-0.4,32.3,31.9,optimal,optimal,optimal,optimal,optimal,optimal,↓ decreasing,→ stable,→ stable,0.0,🔴 CRITICAL,False,NONE,2.9,0.0,NONE
1780090641.376,77.7,89.8,32.1,1487.0,42.9,13.79,0.4,-0.2,32.3,32.0,optimal,optimal,optimal,optimal,optimal,optimal,↓ decreasing,→ stable,→ stable,0.0,🔴 CRITICAL,False,NONE,3.2,0.0,NONE
1780090642.378,80.0,89.0,31.7,1520.0,41.7,13.83,0.4,0.3,31.9,31.9,optimal,optimal,optimal,optimal,optimal,optimal,→ stable,→ stable,→ stable,0.0,🔴 CRITICAL,False,NONE,3.8,0.5,NONE
1780090643.378,77.2,91.4,32.3,1494.0,42.9,13.82,-0.1,-0.1,32.3,31.8,optimal,optimal,optimal,optimal,optimal,optimal,→ stable,→ stable,→ stable,0.0,🔴 CRITICAL,False,NONE,3.0,0.0,NONE
1780090644.38,80.1,90.3,32.1,1499.0,42.7,13.79,-0.1,0.2,32.1,32.2,optimal,optimal,optimal,optimal,optimal,optimal,→ stable,→ stable,→ stable,0.0,🔴 CRITICAL,False,NONE,3.3,0.0,NONE
1780090645.381,78.1,89.6,31.9,1450.0,42.6,13.75,-0.2,-0.1,32.2,31.7,optimal,optimal,optimal,optimal,optimal,optimal,→ stable,→ stable,→ stable,0.0,🔴 CRITICAL,False,NONE,3.5,0.1,NONE
1780090646.381,79.7,91.1,31.9,1540.0,41.6,13.84,0.1,0.1,32.2,31.6,optimal,optimal,optimal,optimal,optimal,optimal,→ stable,→ stable,→ stable,0.0,🔴 CRITICAL,False,NONE,3.5,0.0,NONE
1780090647.382,82.1,89.4,31.7,1501.0,41.0,13.83,0.1,-0.0,32.0,32.3,optimal,optimal,optimal,optimal,optimal,optimal,→ stable,↑ increasing,→ stable,0.0,🔴 CRITICAL,False,NONE,3.9,0.2,NONE
1780090648.382,82.9,89.1,31.8,1477.0,42.0,13.75,0.2,-0.0,32.3,32.2,optimal,optimal,optimal,optimal,optimal,optimal,→ stable,→ stable,→ stable,0.0,🔴 CRITICAL,False,NONE,3.8,0.4,NONE
1780090649.383,80.9,88.5,32.1,1467.0,41.8,13.8,0.1,0.1,31.7,31.8,optimal,optimal,optimal,optimal,optimal,optimal,→ stable,→ stable,→ stable,0.0,🔴 CRITICAL,False,NONE,3.4,1.1,NONE
1780090650.383,79.9,90.7,32.3,1519.0,41.5,13.8,-0.3,0.2,32.2,31.7,optimal,optimal,optimal,optimal,optimal,optimal,→ stable,→ stable,→ stable,0.0,🔴 CRITICAL,False,NONE,3.1,0.0,NONE
1780090651.384,80.7,90.9,32.0,1542.0,41.0,13.77,-0.0,0.2,32.1,31.8,optimal,optimal,optimal,optimal,optimal,optimal,↑ increasing,→ stable,→ stable,0.0,🔴 CRITICAL,False,NONE,3.5,0.0,NONE
1780090652.384,77.9,88.7,32.3,1495.0,42.0,13.76,-0.2,0.3,32.3,31.8,optimal,optimal,optimal,optimal,optimal,optimal,→ stable,→ stable,→ stable,0.0,🔴 CRITICAL,False,NONE,3.0,0.8,NONE
1780090653.384,79.0,89.3,32.3,1499.0,42.0,13.82,0.2,0.3,31.7,31.7,optimal,optimal,optimal,optimal,optimal,optimal,→ stable,→ stable,→ stable,0.0,🔴 CRITICAL,False,NONE,3.0,0.2,NONE
1780090654.385,82.2,88.9,31.8,1472.0,42.0,13.82,-0.3,0.1,31.8,31.8,optimal,optimal,optimal,optimal,optimal,optimal,↑ increasing,→ stable,→ stable,0.0,🔴 CRITICAL,False,NONE,3.8,0.6,NONE
1780090655.386,77.7,89.6,32.0,1546.0,41.4,13.79,0.2,-0.1,31.9,31.8,optimal,optimal,optimal,optimal,optimal,optimal,↑ increasing,→ stable,→ stable,0.0,🔴 CRITICAL,False,NONE,3.3,0.1,NONE
1780090656.387,80.0,90.4,31.9,1546.0,42.8,13.79,-0.3,-0.0,31.9,31.7,optimal,optimal,optimal,optimal,optimal,optimal,↑ increasing,↓ decreasing,→ stable,0.0,🔴 CRITICAL,False,NONE,3.5,0.0,NONE
1780090657.387,80.4,90.5,32.1,1542.0,42.2,13.78,0.2,0.2,31.9,32.3,optimal,optimal,optimal,optimal,optimal,optimal,↑ increasing,↓ decreasing,→ stable,0.0,🔴 CRITICAL,False,NONE,3.3,0.0,NONE
1780090658.388,77.7,90.5,32.2,1528.0,41.3,13.84,-0.3,0.2,32.4,31.8,optimal,optimal,optimal,optimal,optimal,optimal,→ stable,→ stable,→ stable,0.0,🔴 CRITICAL,False,NONE,3.1,0.0,NONE
1780090659.389,80.5,89.8,32.2,1477.0,41.2,13.75,-0.0,-0.2,32.1,32.0,optimal,optimal,optimal,optimal,optimal,optimal,→ stable,→ stable,→ stable,0.0,🔴 CRITICAL,False,NONE,3.2,0.0,NONE
1780090660.39,82.1,91.5,31.7,1532.0,42.0,13.78,0.2,0.3,31.8,32.3,optimal,optimal,optimal,optimal,optimal,optimal,→ stable,→ stable,→ stable,0.0,🔴 CRITICAL,False,NONE,3.9,0.0,NONE
1780090661.39,79.6,89.6,32.1,1458.0,42.4,13.83,0.2,-0.1,31.8,31.9,optimal,optimal,optimal,optimal,optimal,optimal,→ stable,→ stable,→ stable,0.0,🔴 CRITICAL,False,NONE,3.3,0.1,NONE
1780090662.39,82.4,90.7,32.1,1455.0,42.5,13.76,0.3,0.2,32.1,31.7,optimal,optimal,optimal,optimal,optimal,optimal,→ stable,→ stable,→ stable,0.0,🔴 CRITICAL,False,NONE,3.4,0.0,NONE
1780090663.39,81.3,91.3,32.0,1536.0,41.5,13.83,-0.2,0.3,32.0,32.1,optimal,optimal,optimal,optimal,optimal,optimal,→ stable,↑ increasing,→ stable,0.0,🔴 CRITICAL,False,NONE,3.5,0.0,NONE
1780090664.391,79.1,88.6,32.0,1484.0,42.5,13.83,-0.1,-0.1,32.2,32.2,optimal,optimal,optimal,optimal,optimal,optimal,→ stable,↑ increasing,→ stable,0.0,🔴 CRITICAL,False,NONE,3.4,1.0,NONE
1780090665.391,81.7,89.5,32.3,1504.0,41.1,13.84,-0.3,0.2,32.0,31.7,optimal,optimal,optimal,optimal,optimal,optimal,→ stable,↑ increasing,→ stable,0.0,🔴 CRITICAL,False,NONE,3.2,0.1,NONE
1780090666.391,77.5,89.3,32.3,1522.0,41.8,13.77,-0.3,-0.3,32.2,32.3,optimal,optimal,optimal,optimal,optimal,optimal,→ stable,↑ increasing,→ stable,0.0,🔴 CRITICAL,False,NONE,3.0,0.2,NONE
1780090667.392,81.5,88.9,32.1,1506.0,42.5,13.75,-0.3,-0.2,31.7,31.7,optimal,optimal,optimal,optimal,optimal,optimal,→ stable,→ stable,→ stable,0.0,🔴 CRITICAL,False,NONE,3.4,0.6,NONE
1780090668.393,77.8,89.9,32.4,1459.0,42.7,13.82,0.2,-0.3,32.2,31.8,optimal,optimal,optimal,optimal,optimal,optimal,↑ increasing,→ stable,→ stable,0.0,🔴 CRITICAL,False,NONE,2.9,0.0,NONE
1780090669.393,77.4,90.6,32.0,1508.0,41.9,13.76,0.1,-0.2,31.9,32.3,optimal,optimal,optimal,optimal,optimal,optimal,→ stable,→ stable,→ stable,0.0,🔴 CRITICAL,False,NONE,3.3,0.0,NONE
1780090670.394,79.2,88.8,31.9,1481.0,41.3,13.75,-0.1,0.3,31.7,31.7,optimal,optimal,optimal,optimal,optimal,optimal,→ stable,→ stable,→ stable,0.0,🔴 CRITICAL,False,NONE,3.5,0.7,NONE
1780090671.394,78.4,89.9,31.8,1480.0,41.1,13.82,0.2,0.1,31.7,32.1,optimal,optimal,optimal,optimal,optimal,optimal,→ stable,→ stable,→ stable,0.0,🔴 CRITICAL,False,NONE,3.6,0.0,NONE
1780090672.394,82.9,91.4,31.9,1531.0,41.4,13.76,-0.2,-0.2,32.3,31.8,optimal,optimal,optimal,optimal,optimal,optimal,→ stable,→ stable,→ stable,0.0,🔴 CRITICAL,False,NONE,3.7,0.0,NONE
1780090673.395,78.8,88.8,32.3,1512.0,42.3,13.83,-0.1,0.3,31.6,32.0,optimal,optimal,optimal,optimal,optimal,optimal,↓ decreasing,↓ decreasing,→ stable,0.0,🔴 CRITICAL,False,NONE,3.0,0.7,NONE
1780090674.395,79.7,89.1,31.7,1511.0,43.0,13.82,-0.2,0.4,32.0,32.3,optimal,optimal,optimal,optimal,optimal,optimal,↓ decreasing,↓ decreasing,→ stable,0.0,🔴 CRITICAL,False,NONE,3.8,0.4,NONE
1780090675.396,79.4,90.7,31.9,1549.0,41.1,13.79,-0.1,-0.1,32.0,32.2,optimal,optimal,optimal,optimal,optimal,optimal,↓ decreasing,→ stable,→ stable,0.0,🔴 CRITICAL,False,NONE,3.5,0.0,NONE
1780090676.398,79.9,89.1,32.0,1517.0,42.4,13.82,0.2,0.1,32.0,31.7,optimal,optimal,optimal,optimal,optimal,optimal,↓ decreasing,→ stable,→ stable,0.0,🔴 CRITICAL,False,NONE,3.4,0.4,NONE
1780090677.399,82.3,90.3,32.1,1452.0,41.1,13.78,-0.1,-0.2,32.1,32.0,optimal,optimal,optimal,optimal,optimal,optimal,↓ decreasing,→ stable,→ stable,0.0,🔴 CRITICAL,False,NONE,3.4,0.0,NONE
1780090678.4,80.2,91.4,32.3,1548.0,41.4,13.84,0.1,-0.4,32.1,32.1,optimal,optimal,optimal,optimal,optimal,optimal,↓ decreasing,→ stable,→ stable,0.0,🔴 CRITICAL,False,NONE,3.1,0.0,NONE
1780090679.399,79.2,90.5,32.0,1452.0,43.0,13.84,-0.3,0.3,32.0,32.0,optimal,optimal,optimal,optimal,optimal,optimal,→ stable,→ stable,→ stable,0.0,🔴 CRITICAL,False,NONE,3.4,0.0,NONE
1780090680.399,82.2,88.6,31.6,1476.0,42.8,13.82,0.1,0.1,32.1,32.1,optimal,optimal,optimal,optimal,optimal,optimal,↑ increasing,→ stable,→ stable,0.0,🔴 CRITICAL,False,NONE,4.0,1.0,NONE
1780090681.401,77.8,89.5,32.1,1516.0,42.1,13.81,0.2,0.3,32.2,32.3,optimal,optimal,optimal,optimal,optimal,optimal,↑ increasing,→ stable,→ stable,0.0,🔴 CRITICAL,False,NONE,3.2,0.1,NONE
1780090682.401,80.7,89.8,31.8,1537.0,42.4,13.78,0.1,-0.4,31.8,32.2,optimal,optimal,optimal,optimal,optimal,optimal,→ stable,→ stable,→ stable,0.0,🔴 CRITICAL,False,NONE,3.7,0.0,NONE
1780090683.402,81.3,89.3,31.9,1476.0,42.1,13.8,0.1,0.3,31.7,31.6,optimal,optimal,optimal,optimal,optimal,optimal,↑ increasing,→ stable,→ stable,0.0,🔴 CRITICAL,False,NONE,3.6,0.2,NONE
1780090684.403,80.3,88.6,31.7,1538.0,41.9,13.84,-0.2,0.3,31.9,32.2,optimal,optimal,optimal,optimal,optimal,optimal,↑ increasing,→ stable,→ stable,0.0,🔴 CRITICAL,False,NONE,3.8,1.0,NONE
1780090685.404,78.0,89.0,32.1,1485.0,42.2,13.8,0.3,0.4,31.7,32.2,optimal,optimal,optimal,optimal,optimal,optimal,↑ increasing,→ stable,→ stable,0.0,🔴 CRITICAL,False,NONE,3.2,0.5,NONE
1780090686.404,78.4,88.7,32.3,1475.0,42.2,13.83,0.1,-0.3,31.8,32.1,optimal,optimal,optimal,optimal,optimal,optimal,↑ increasing,→ stable,→ stable,0.0,🔴 CRITICAL,False,NONE,3.0,0.8,NONE
1780090687.405,80.2,89.7,31.8,1481.0,42.3,13.75,-0.0,-0.3,32.0,31.9,optimal,optimal,optimal,optimal,optimal,optimal,→ stable,→ stable,→ stable,0.0,🔴 CRITICAL,False,NONE,3.7,0.0,NONE
1780090688.406,82.6,88.6,32.3,1529.0,42.6,13.79,-0.4,0.1,32.2,32.3,optimal,optimal,optimal,optimal,optimal,optimal,→ stable,↓ decreasing,→ stable,0.0,🔴 CRITICAL,False,NONE,3.2,1.0,NONE
1780090689.406,79.8,89.4,31.9,1497.0,41.9,13.76,0.1,0.1,31.7,32.2,optimal,optimal,optimal,optimal,optimal,optimal,→ stable,↓ decreasing,→ stable,0.0,🔴 CRITICAL,False,NONE,3.5,0.2,NONE
1780090690.406,80.0,90.3,31.8,1484.0,41.3,13.83,-0.1,0.1,31.8,31.7,optimal,optimal,optimal,optimal,optimal,optimal,→ stable,↓ decreasing,→ stable,0.0,🔴 CRITICAL,False,NONE,3.7,0.0,NONE
1780090691.407,81.7,90.3,32.2,1497.0,41.3,13.77,-0.2,-0.3,31.9,31.7,optimal,optimal,optimal,optimal,optimal,optimal,→ stable,↓ decreasing,→ stable,0.0,🔴 CRITICAL,False,NONE,3.3,0.0,NONE
1780090692.407,78.0,90.2,31.7,1462.0,41.0,13.77,0.4,0.2,31.9,31.9,optimal,optimal,optimal,optimal,optimal,optimal,→ stable,→ stable,→ stable,0.0,🔴 CRITICAL,False,NONE,3.7,0.0,NONE
1780090693.407,83.0,89.5,32.0,1483.0,42.9,13.76,-0.1,-0.0,31.9,32.4,optimal,optimal,optimal,optimal,optimal,optimal,→ stable,→ stable,→ stable,0.0,🔴 CRITICAL,False,NONE,3.6,0.1,NONE
1780090694.408,78.7,91.2,31.9,1500.0,42.5,13.83,0.2,0.1,32.0,32.1,optimal,optimal,optimal,optimal,optimal,optimal,→ stable,→ stable,→ stable,0.0,🔴 CRITICAL,False,NONE,3.5,0.0,NONE
1780090695.41,80.7,90.5,31.8,1454.0,41.1,13.81,0.3,0.0,32.3,31.8,optimal,optimal,optimal,optimal,optimal,optimal,→ stable,→ stable,→ stable,0.0,🔴 CRITICAL,False,NONE,3.7,0.0,NONE
1780090696.411,78.7,88.7,32.3,1456.0,41.3,13.8,0.2,-0.1,32.2,32.4,optimal,optimal,optimal,optimal,optimal,optimal,→ stable,→ stable,→ stable,0.0,🔴 CRITICAL,False,NONE,3.0,0.8,NONE
1780090697.411,77.6,90.4,31.9,1469.0,42.6,13.83,0.0,-0.1,32.0,31.6,optimal,optimal,optimal,optimal,optimal,optimal,→ stable,→ stable,→ stable,0.0,🔴 CRITICAL,False,NONE,3.4,0.0,NONE
1780090698.412,79.2,90.6,32.2,1466.0,42.4,13.83,-0.4,-0.1,32.0,32.0,optimal,optimal,optimal,optimal,optimal,optimal,→ stable,↑ increasing,→ stable,0.0,🔴 CRITICAL,False,NONE,3.2,0.0,NONE
1780090699.413,79.5,91.5,31.6,1540.0,42.4,13.82,0.2,0.1,31.6,31.8,optimal,optimal,optimal,optimal,optimal,optimal,→ stable,↑ increasing,→ stable,0.0,🔴 CRITICAL,False,NONE,3.9,0.0,NONE
1780090700.414,81.3,90.1,31.7,1503.0,41.1,13.83,-0.2,-0.0,31.6,32.1,optimal,optimal,optimal,optimal,optimal,optimal,→ stable,↑ increasing,→ stable,0.0,🔴 CRITICAL,False,NONE,3.8,0.0,NONE
1780090701.416,78.8,91.5,31.8,1534.0,42.7,13.85,-0.0,-0.3,31.6,31.7,optimal,optimal,optimal,optimal,optimal,optimal,↓ decreasing,↑ increasing,→ stable,0.0,🔴 CRITICAL,False,NONE,3.6,0.0,NONE
1780090702.416,77.5,88.6,31.9,1514.0,41.1,13.85,-0.1,0.3,31.9,31.9,optimal,optimal,optimal,optimal,optimal,optimal,↓ decreasing,↑ increasing,→ stable,0.0,🔴 CRITICAL,False,NONE,3.4,1.0,NONE
1780090703.416,79.4,90.1,32.2,1462.0,42.8,13.78,0.2,-0.4,32.2,32.0,optimal,optimal,optimal,optimal,optimal,optimal,↓ decreasing,↑ increasing,→ stable,0.0,🔴 CRITICAL,False,NONE,3.2,0.0,NONE
1780090704.416,79.9,89.7,31.8,1516.0,41.3,13.84,-0.3,0.2,32.4,32.3,optimal,optimal,optimal,optimal,optimal,optimal,↓ decreasing,→ stable,→ stable,0.0,🔴 CRITICAL,False,NONE,3.7,0.0,NONE
1780090705.416,78.5,89.4,31.6,1460.0,41.6,13.76,-0.3,0.3,31.8,32.2,optimal,optimal,optimal,optimal,optimal,optimal,↓ decreasing,→ stable,→ stable,0.0,🔴 CRITICAL,False,NONE,3.8,0.2,NONE
1780090706.418,80.1,89.3,31.6,1492.0,41.2,13.81,0.2,0.3,32.1,32.2,optimal,optimal,optimal,optimal,optimal,optimal,↓ decreasing,→ stable,→ stable,0.0,🔴 CRITICAL,False,NONE,3.9,0.2,NONE
1780090707.418,81.2,89.7,32.1,1482.0,41.0,13.85,0.1,-0.3,31.6,32.3,optimal,optimal,optimal,optimal,optimal,optimal,↓ decreasing,→ stable,→ stable,0.0,🔴 CRITICAL,False,NONE,3.4,0.0,NONE
1780090708.419,81.1,90.8,31.8,1483.0,41.2,13.77,-0.0,-0.3,31.9,32.0,optimal,optimal,optimal,optimal,optimal,optimal,→ stable,→ stable,→ stable,0.0,🔴 CRITICAL,False,NONE,3.7,0.0,NONE
1780090709.42,81.8,89.2,32.1,1534.0,42.5,13.82,0.0,0.4,32.3,31.9,optimal,optimal,optimal,optimal,optimal,optimal,→ stable,→ stable,→ stable,0.0,🔴 CRITICAL,False,NONE,3.4,0.3,NONE
1780090710.421,82.6,88.8,31.9,1477.0,41.0,13.84,0.2,-0.1,31.9,31.9,optimal,optimal,optimal,optimal,optimal,optimal,→ stable,↓ decreasing,→ stable,0.0,🔴 CRITICAL,False,NONE,3.7,0.7,NONE
1780090711.422,81.6,89.6,31.7,1487.0,41.2,13.85,0.1,0.2,31.9,31.9,optimal,optimal,optimal,optimal,optimal,optimal,↑ increasing,↓ decreasing,→ stable,0.0,🔴 CRITICAL,False,NONE,3.8,0.1,NONE
1780090712.422,77.8,90.7,32.0,1539.0,42.0,13.84,-0.0,-0.3,31.8,31.8,optimal,optimal,optimal,optimal,optimal,optimal,↑ increasing,↓ decreasing,→ stable,0.0,🔴 CRITICAL,False,NONE,3.3,0.0,NONE
1780090713.423,77.9,91.0,32.3,1539.0,41.0,13.82,0.2,0.1,32.3,32.4,optimal,optimal,optimal,optimal,optimal,optimal,↑ increasing,→ stable,→ stable,0.0,🔴 CRITICAL,False,NONE,3.0,0.0,NONE
1780090714.423,77.4,91.5,32.3,1512.0,42.2,13.78,0.2,0.2,32.0,31.6,optimal,optimal,optimal,optimal,optimal,optimal,↑ increasing,→ stable,→ stable,0.0,🔴 CRITICAL,False,NONE,3.0,0.0,NONE
1780090715.424,80.4,91.2,32.1,1503.0,42.1,13.79,0.4,-0.3,31.8,32.3,optimal,optimal,optimal,optimal,optimal,optimal,↑ increasing,→ stable,→ stable,0.0,🔴 CRITICAL,False,NONE,3.3,0.0,NONE
1780090716.426,80.5,89.1,31.6,1459.0,41.6,13.84,0.1,-0.1,32.1,32.0,optimal,optimal,optimal,optimal,optimal,optimal,↑ increasing,→ stable,→ stable,0.0,🔴 CRITICAL,False,NONE,3.9,0.4,NONE
1780090717.426,80.3,90.6,32.3,1516.0,42.4,13.81,-0.1,-0.1,32.2,31.7,optimal,optimal,optimal,optimal,optimal,optimal,↑ increasing,→ stable,→ stable,0.0,🔴 CRITICAL,False,NONE,3.1,0.0,NONE
1780090718.426,79.2,88.6,32.1,1543.0,41.1,13.84,0.2,-0.1,31.7,32.3,optimal,optimal,optimal,optimal,optimal,optimal,→ stable,→ stable,→ stable,0.0,🔴 CRITICAL,False,NONE,3.3,1.0,NONE
1780090719.427,78.2,89.3,32.0,1510.0,41.2,13.84,-0.1,-0.0,32.0,31.8,optimal,optimal,optimal,optimal,optimal,optimal,→ stable,→ stable,→ stable,0.0,🔴 CRITICAL,False,NONE,3.4,0.2,NONE
1780090720.429,81.5,90.0,32.0,1523.0,42.9,13.83,0.3,0.0,31.9,32.3,optimal,optimal,optimal,optimal,optimal,optimal,↓ decreasing,→ stable,→ stable,0.0,🔴 CRITICAL,False,NONE,3.5,0.0,NONE
1780090721.429,79.0,90.5,32.4,1512.0,41.1,13.83,0.3,0.1,31.9,32.2,optimal,optimal,optimal,optimal,optimal,optimal,↓ decreasing,↑ increasing,→ stable,0.0,🔴 CRITICAL,False,NONE,2.9,0.0,NONE
1780090722.43,78.1,91.4,31.9,1497.0,41.4,13.77,0.1,-0.3,32.0,31.7,optimal,optimal,optimal,optimal,optimal,optimal,↓ decreasing,↑ increasing,→ stable,0.0,🔴 CRITICAL,False,NONE,3.5,0.0,NONE
1780090723.432,79.5,91.2,32.3,1483.0,41.1,13.77,-0.4,-0.2,32.0,32.1,optimal,optimal,optimal,optimal,optimal,optimal,↓ decreasing,↑ increasing,→ stable,0.0,🔴 CRITICAL,False,NONE,3.1,0.0,NONE
1780090724.433,78.5,90.0,32.0,1521.0,41.2,13.83,-0.2,-0.4,31.9,32.2,optimal,optimal,optimal,optimal,optimal,optimal,→ stable,→ stable,→ stable,0.0,🔴 CRITICAL,False,NONE,3.4,0.0,NONE
1780090725.434,79.9,89.1,31.8,1528.0,42.0,13.83,0.4,-0.0,31.8,32.1,optimal,optimal,optimal,optimal,optimal,optimal,↓ decreasing,→ stable,→ stable,0.0,🔴 CRITICAL,False,NONE,3.7,0.4,NONE
1780090726.434,81.1,91.1,32.4,1466.0,41.6,13.75,-0.2,-0.2,32.3,32.2,optimal,optimal,optimal,optimal,optimal,optimal,↓ decreasing,→ stable,→ stable,0.0,🔴 CRITICAL,False,NONE,3.0,0.0,NONE
1780090727.435,81.6,91.2,31.8,1521.0,42.9,13.78,0.3,0.4,32.2,32.2,optimal,optimal,optimal,optimal,optimal,optimal,→ stable,→ stable,→ stable,0.0,🔴 CRITICAL,False,NONE,3.7,0.0,NONE
1780090728.436,81.8,89.4,31.8,1451.0,42.3,13.77,0.2,-0.2,32.3,31.6,optimal,optimal,optimal,optimal,optimal,optimal,→ stable,→ stable,→ stable,0.0,🔴 CRITICAL,False,NONE,3.7,0.2,NONE
1780090729.436,79.4,88.7,31.8,1529.0,42.0,13.81,0.1,-0.3,32.3,31.8,optimal,optimal,optimal,optimal,optimal,optimal,→ stable,→ stable,→ stable,0.0,🔴 CRITICAL,False,NONE,3.6,0.8,NONE
1780090730.438,79.8,89.5,31.6,1474.0,42.4,13.76,0.3,0.3,32.4,32.0,optimal,optimal,optimal,optimal,optimal,optimal,→ stable,→ stable,→ stable,0.0,🔴 CRITICAL,False,NONE,3.9,0.1,NONE
1780090731.439,81.3,90.0,31.7,1521.0,42.0,13.84,-0.4,0.1,31.9,32.0,optimal,optimal,optimal,optimal,optimal,optimal,↑ increasing,→ stable,→ stable,0.0,🔴 CRITICAL,False,NONE,3.8,0.0,NONE
1780090732.439,82.7,91.4,32.0,1479.0,41.4,13.81,-0.1,0.3,31.9,32.4,optimal,optimal,optimal,optimal,optimal,optimal,↑ increasing,→ stable,→ stable,0.0,🔴 CRITICAL,False,NONE,3.5,0.0,NONE
1780090733.44,80.8,89.0,32.2,1475.0,42.5,13.83,-0.2,0.0,31.6,31.7,optimal,optimal,optimal,optimal,optimal,optimal,↑ increasing,→ stable,→ stable,0.0,🔴 CRITICAL,False,NONE,3.2,0.5,NONE
1780090734.441,79.3,90.7,32.3,1514.0,42.8,13.84,0.2,0.3,31.8,31.9,optimal,optimal,optimal,optimal,optimal,optimal,↑ increasing,→ stable,→ stable,0.0,🔴 CRITICAL,False,NONE,3.1,0.0,NONE
1780090735.441,82.4,91.1,32.2,1461.0,42.9,13.82,-0.1,-0.1,32.2,32.0,optimal,optimal,optimal,optimal,optimal,optimal,↑ increasing,→ stable,→ stable,0.0,🔴 CRITICAL,False,NONE,3.3,0.0,NONE
1780090736.442,79.2,91.1,32.2,1526.0,41.7,13.8,0.0,-0.3,31.7,31.7,optimal,optimal,optimal,optimal,optimal,optimal,↑ increasing,→ stable,→ stable,0.0,🔴 CRITICAL,False,NONE,3.2,0.0,NONE
1780090737.442,82.8,91.3,31.7,1501.0,41.2,13.81,-0.1,-0.3,32.2,31.8,optimal,optimal,optimal,optimal,optimal,optimal,↑ increasing,→ stable,→ stable,0.0,🔴 CRITICAL,False,NONE,3.9,0.0,NONE
1780090738.443,81.1,89.3,32.0,1450.0,42.2,13.8,0.2,-0.1,32.4,32.0,optimal,optimal,optimal,optimal,optimal,optimal,↑ increasing,→ stable,→ stable,0.0,🔴 CRITICAL,False,NONE,3.5,0.2,NONE
1780090739.444,77.7,88.8,32.4,1539.0,41.2,13.82,-0.0,-0.1,32.1,32.0,optimal,optimal,optimal,optimal,optimal,optimal,↑ increasing,→ stable,→ stable,0.0,🔴 CRITICAL,False,NONE,2.9,0.7,NONE
1780090740.446,77.8,89.7,32.2,1487.0,42.7,13.79,0.0,-0.0,32.3,32.1,optimal,optimal,optimal,optimal,optimal,optimal,↑ increasing,→ stable,→ stable,0.0,🔴 CRITICAL,False,NONE,3.1,0.0,NONE
1780090741.446,77.1,89.5,32.2,1481.0,41.2,13.76,0.0,-0.2,31.9,32.2,optimal,optimal,optimal,optimal,optimal,optimal,→ stable,→ stable,→ stable,0.0,🔴 CRITICAL,False,NONE,3.1,0.1,NONE
1780090742.446,77.2,89.8,32.1,1512.0,42.9,13.8,0.1,0.4,31.9,31.8,optimal,optimal,optimal,optimal,optimal,optimal,↓ decreasing,→ stable,→ stable,0.0,🔴 CRITICAL,False,NONE,3.2,0.0,NONE
1780090743.447,81.6,90.7,32.3,1538.0,41.3,13.83,0.3,-0.3,31.6,32.4,optimal,optimal,optimal,optimal,optimal,optimal,↓ decreasing,→ stable,→ stable,0.0,🔴 CRITICAL,False,NONE,3.1,0.0,NONE
1780090744.448,78.2,88.8,31.7,1519.0,41.7,13.83,0.3,0.1,32.3,31.9,optimal,optimal,optimal,optimal,optimal,optimal,↓ decreasing,→ stable,→ stable,0.0,🔴 CRITICAL,False,NONE,3.7,0.7,NONE
1780090745.448,79.7,90.4,31.7,1459.0,42.3,13.75,-0.3,0.1,32.2,31.9,optimal,optimal,optimal,optimal,optimal,optimal,↓ decreasing,→ stable,→ stable,0.0,🔴 CRITICAL,False,NONE,3.8,0.0,NONE
1780090746.449,77.7,89.9,31.9,1545.0,42.3,13.83,-0.3,-0.0,31.8,31.8,optimal,optimal,optimal,optimal,optimal,optimal,↓ decreasing,→ stable,→ stable,0.0,🔴 CRITICAL,False,NONE,3.4,0.0,NONE
1780090747.449,79.8,88.5,31.6,1479.0,41.9,13.84,0.4,0.2,31.7,32.1,optimal,optimal,optimal,optimal,optimal,optimal,↓ decreasing,↓ decreasing,→ stable,0.0,🔴 CRITICAL,False,NONE,3.9,1.1,NONE
1780090748.45,77.4,89.6,31.8,1519.0,42.6,13.82,0.0,-0.1,31.9,32.1,optimal,optimal,optimal,optimal,optimal,optimal,↓ decreasing,↓ decreasing,→ stable,0.0,🔴 CRITICAL,False,NONE,3.5,0.1,NONE
1780090749.451,77.5,89.4,32.0,1494.0,41.9,13.85,-0.4,-0.1,31.7,31.8,optimal,optimal,optimal,optimal,optimal,optimal,↓ decreasing,↓ decreasing,→ stable,0.0,🔴 CRITICAL,False,NONE,3.3,0.2,NONE
1780090750.452,81.9,91.3,31.7,1496.0,42.3,13.79,0.4,0.3,32.0,31.7,optimal,optimal,optimal,optimal,optimal,optimal,↓ decreasing,→ stable,→ stable,0.0,🔴 CRITICAL,False,NONE,3.9,0.0,NONE
1780090751.453,78.4,90.3,31.9,1526.0,41.7,13.79,-0.1,0.0,31.8,31.8,optimal,optimal,optimal,optimal,optimal,optimal,↓ decreasing,→ stable,→ stable,0.0,🔴 CRITICAL,False,NONE,3.5,0.0,NONE
1780090752.453,79.2,89.2,31.9,1487.0,41.0,13.8,-0.2,-0.1,31.7,32.3,optimal,optimal,optimal,optimal,optimal,optimal,→ stable,→ stable,→ stable,0.0,🔴 CRITICAL,False,NONE,3.5,0.3,NONE
1780090753.454,82.0,89.2,32.1,1531.0,41.8,13.82,-0.2,-0.2,31.8,32.2,optimal,optimal,optimal,optimal,optimal,optimal,→ stable,↓ decreasing,→ stable,0.0,🔴 CRITICAL,False,NONE,3.4,0.3,NONE
1780090754.455,79.6,90.9,31.9,1487.0,41.9,13.81,0.2,-0.2,32.4,31.8,optimal,optimal,optimal,optimal,optimal,optimal,→ stable,→ stable,→ stable,0.0,🔴 CRITICAL,False,NONE,3.5,0.0,NONE
1780090755.456,78.3,89.2,32.3,1500.0,42.8,13.85,0.2,0.3,31.7,32.2,optimal,optimal,optimal,optimal,optimal,optimal,→ stable,→ stable,→ stable,0.0,🔴 CRITICAL,False,NONE,3.0,0.3,NONE
1780090756.457,80.4,91.3,32.0,1532.0,42.4,13.82,0.3,0.2,32.2,32.2,optimal,optimal,optimal,optimal,optimal,optimal,→ stable,→ stable,→ stable,0.0,🔴 CRITICAL,False,NONE,3.4,0.0,NONE
1780090757.457,82.1,91.3,31.9,1549.0,42.4,13.81,-0.0,-0.4,32.3,32.4,optimal,optimal,optimal,optimal,optimal,optimal,↑ increasing,↑ increasing,→ stable,0.0,🔴 CRITICAL,False,NONE,3.6,0.0,NONE
1780090758.457,82.5,90.7,32.2,1521.0,42.3,13.81,0.2,0.2,31.7,31.8,optimal,optimal,optimal,optimal,optimal,optimal,↑ increasing,↑ increasing,→ stable,0.0,🔴 CRITICAL,False,NONE,3.3,0.0,NONE
1780090759.458,83.0,89.1,31.9,1548.0,42.0,13.84,0.2,0.4,32.0,31.8,optimal,optimal,optimal,optimal,optimal,optimal,↑ increasing,↑ increasing,→ stable,0.0,🔴 CRITICAL,False,NONE,3.7,0.4,NONE
