timestamp,speed_kmh,engine_temp_c,tire_pressure_psi,engine_rpm,oil_pressure_psi,battery_voltage_v,tire_pressure_fl_psi,tire_pressure_fr_psi,tire_pressure_rl_psi,tire_pressure_rr_psi,speed_status,temp_status,psi_status,rpm_status,oil_status,battery_status,speed_trend,temp_trend,psi_trend,overall_health,health_status,emergency,contradictions,tire_speed_risk,temp_correlation_penalty,alerts
1780032220.18,77.2,89.5,32.3,1475.0,45.6,13.82,32.2,32.2,32.3,32.4,optimal,optimal,optimal,optimal,optimal,optimal,—,—,—,99.9,✅ EXCELLENT,False,NONE,3.0,0.1,NONE
1780032221.181,79.8,89.4,32.2,1535.0,44.7,13.83,31.9,32.1,31.6,32.1,optimal,optimal,optimal,optimal,optimal,optimal,↑ increasing,→ stable,→ stable,99.9,✅ EXCELLENT,False,NONE,3.2,0.2,NONE
1780032222.182,79.1,90.7,32.1,1469.0,45.4,13.78,31.6,32.4,32.3,31.7,optimal,optimal,optimal,optimal,optimal,optimal,↑ increasing,↑ increasing,→ stable,99.9,✅ EXCELLENT,False,NONE,3.3,0.0,NONE
1780032223.182,77.9,89.3,32.0,1453.0,45.0,13.76,32.2,31.7,32.2,32.2,optimal,optimal,optimal,optimal,optimal,optimal,↑ increasing,→ stable,→ stable,99.9,✅ EXCELLENT,False,NONE,3.3,0.2,NONE
1780032224.182,78.0,88.9,32.0,1512.0,45.6,13.85,32.3,32.1,32.3,32.4,optimal,optimal,optimal,optimal,optimal,optimal,↑ increasing,↓ decreasing,→ stable,99.9,✅ EXCELLENT,False,NONE,3.3,0.6,NONE
1780032225.182,81.9,89.5,31.8,1481.0,44.7,13.83,32.2,31.9,31.8,32.3,optimal,optimal,optimal,optimal,optimal,optimal,↑ increasing,→ stable,→ stable,99.9,✅ EXCELLENT,False,NONE,3.7,0.1,NONE
1780032226.183,79.1,88.6,31.8,1479.0,45.6,13.79,32.3,31.6,32.1,32.0,optimal,optimal,optimal,optimal,optimal,optimal,↑ increasing,↓ decreasing,→ stable,99.9,✅ EXCELLENT,False,NONE,3.6,1.0,NONE
1780032227.183,79.7,90.4,32.0,1543.0,44.4,13.76,32.0,32.3,31.9,32.1,optimal,optimal,optimal,optimal,optimal,optimal,↑ increasing,↑ increasing,→ stable,99.9,✅ EXCELLENT,False,NONE,3.4,0.0,NONE
1780032228.183,82.5,91.2,32.2,1458.0,45.3,13.82,31.9,32.1,31.7,32.0,optimal,optimal,optimal,optimal,optimal,optimal,↑ increasing,↑ increasing,→ stable,99.9,✅ EXCELLENT,False,NONE,3.3,0.0,NONE
1780032229.183,78.8,90.9,31.6,1483.0,45.3,13.78,31.9,32.2,32.1,31.7,optimal,optimal,optimal,optimal,optimal,optimal,↑ increasing,↑ increasing,↓ decreasing,99.9,✅ EXCELLENT,False,NONE,3.8,0.0,💨 PRESSURE_LEAK: Tire pressure dropping
1780032230.9,80.5,89.9,32.1,1519.0,45.9,13.79,32.3,32.2,32.1,31.7,optimal,optimal,optimal,optimal,optimal,optimal,↑ increasing,→ stable,→ stable,99.9,✅ EXCELLENT,False,NONE,3.3,0.0,NONE
1780032231.901,81.6,88.8,31.8,1466.0,44.9,13.77,32.0,32.2,31.8,31.7,optimal,optimal,optimal,optimal,optimal,optimal,↑ increasing,↓ decreasing,→ stable,99.9,✅ EXCELLENT,False,NONE,3.7,0.7,NONE
1780032232.902,82.2,88.9,32.0,1476.0,45.6,13.79,32.2,32.1,32.4,32.0,optimal,optimal,optimal,optimal,optimal,optimal,↑ increasing,↓ decreasing,→ stable,99.9,✅ EXCELLENT,False,NONE,3.5,0.6,NONE
1780032233.902,82.1,89.2,32.1,1490.0,45.5,13.82,31.6,31.9,31.8,32.1,optimal,optimal,optimal,optimal,optimal,optimal,↑ increasing,→ stable,→ stable,99.9,✅ EXCELLENT,False,NONE,3.4,0.3,NONE
1780032234.903,83.0,88.7,31.6,1484.0,45.6,13.83,32.3,31.8,31.7,32.0,optimal,optimal,optimal,optimal,optimal,optimal,↑ increasing,↓ decreasing,↓ decreasing,99.9,✅ EXCELLENT,False,NONE,4.0,0.8,💨 PRESSURE_LEAK: Tire pressure dropping
1780032235.904,78.4,90.2,31.8,1543.0,44.1,13.78,32.1,31.9,31.7,31.7,optimal,optimal,optimal,optimal,optimal,optimal,↑ increasing,↑ increasing,→ stable,99.9,✅ EXCELLENT,False,NONE,3.6,0.0,NONE
1780032236.905,77.1,91.3,31.9,1460.0,44.8,13.8,31.8,31.8,31.9,32.1,optimal,optimal,optimal,optimal,optimal,optimal,→ stable,↑ increasing,→ stable,99.9,✅ EXCELLENT,False,NONE,3.4,0.0,NONE
1780032237.905,82.9,91.2,32.2,1471.0,45.1,13.8,32.2,31.8,32.0,31.9,optimal,optimal,optimal,optimal,optimal,optimal,↑ increasing,↑ increasing,→ stable,99.9,✅ EXCELLENT,False,NONE,3.3,0.0,NONE
1780032238.906,81.2,90.1,32.3,1473.0,44.3,13.76,32.3,31.8,31.9,32.0,optimal,optimal,optimal,optimal,optimal,optimal,↑ increasing,↑ increasing,→ stable,99.9,✅ EXCELLENT,False,NONE,3.1,0.0,NONE
1780032239.907,80.1,89.4,31.8,1501.0,44.4,13.75,31.9,31.7,32.3,32.4,optimal,optimal,optimal,optimal,optimal,optimal,↑ increasing,→ stable,→ stable,99.9,✅ EXCELLENT,False,NONE,3.7,0.2,NONE
1780032241.209,77.2,90.0,31.8,1545.0,45.8,13.83,31.9,32.1,32.1,31.8,optimal,optimal,optimal,optimal,optimal,optimal,↑ increasing,→ stable,→ stable,99.9,✅ EXCELLENT,False,NONE,3.5,0.0,NONE
1780032242.21,81.6,91.2,31.7,1473.0,44.3,13.75,31.9,31.7,32.3,31.6,optimal,optimal,optimal,optimal,optimal,optimal,↑ increasing,→ stable,→ stable,99.9,✅ EXCELLENT,False,NONE,3.8,0.0,NONE
1780032243.21,81.7,89.9,31.9,1526.0,45.1,13.8,32.1,32.3,31.7,32.3,optimal,optimal,optimal,optimal,optimal,optimal,→ stable,→ stable,→ stable,99.9,✅ EXCELLENT,False,NONE,3.6,0.0,NONE
1780032244.212,82.8,90.2,31.9,1483.0,46.0,13.78,32.1,31.7,32.0,31.7,optimal,optimal,optimal,optimal,optimal,optimal,→ stable,↑ increasing,→ stable,99.9,✅ EXCELLENT,False,NONE,3.7,0.0,NONE
1780032245.212,79.1,89.3,32.3,1540.0,45.9,13.82,32.0,32.2,32.2,31.9,optimal,optimal,optimal,optimal,optimal,optimal,↓ decreasing,↑ increasing,→ stable,99.9,✅ EXCELLENT,False,NONE,3.1,0.2,NONE
1780032246.213,81.3,88.8,32.3,1493.0,44.4,13.79,31.7,32.2,32.3,31.7,optimal,optimal,optimal,optimal,optimal,optimal,→ stable,→ stable,→ stable,99.9,✅ EXCELLENT,False,NONE,3.1,0.7,NONE
1780032247.213,77.1,90.2,32.1,1499.0,44.1,13.79,32.1,31.9,32.0,32.1,optimal,optimal,optimal,optimal,optimal,optimal,→ stable,→ stable,→ stable,99.9,✅ EXCELLENT,False,NONE,3.2,0.0,NONE
1780032248.214,80.2,91.0,31.6,1479.0,44.6,13.79,31.6,32.1,32.4,32.2,optimal,optimal,optimal,optimal,optimal,optimal,↓ decreasing,→ stable,→ stable,99.9,✅ EXCELLENT,False,NONE,3.9,0.0,NONE
1780032249.215,82.0,90.5,32.1,1508.0,45.8,13.76,32.2,32.2,32.4,31.6,optimal,optimal,optimal,optimal,optimal,optimal,→ stable,→ stable,→ stable,99.9,✅ EXCELLENT,False,NONE,3.4,0.0,NONE
1780032250.215,78.3,88.8,31.8,1489.0,44.8,13.75,31.6,31.7,31.9,32.3,optimal,optimal,optimal,optimal,optimal,optimal,↓ decreasing,→ stable,→ stable,99.9,✅ EXCELLENT,False,NONE,3.6,0.7,NONE
1780032251.703,77.6,89.1,32.3,1461.0,45.0,13.83,31.7,31.8,31.7,32.0,optimal,optimal,optimal,optimal,optimal,optimal,→ stable,→ stable,→ stable,99.9,✅ EXCELLENT,False,NONE,3.0,0.4,NONE
1780032252.705,78.0,90.3,32.0,1505.0,44.1,13.78,31.9,31.7,32.1,31.8,optimal,optimal,optimal,optimal,optimal,optimal,↓ decreasing,→ stable,→ stable,99.9,✅ EXCELLENT,False,NONE,3.3,0.0,NONE
1780032253.706,80.9,90.0,32.2,1515.0,45.9,13.84,32.2,31.7,31.8,32.0,optimal,optimal,optimal,optimal,optimal,optimal,↓ decreasing,→ stable,→ stable,99.9,✅ EXCELLENT,False,NONE,3.2,0.0,NONE
1780032254.706,80.6,90.7,32.2,1469.0,44.2,13.82,31.8,32.0,32.3,31.7,optimal,optimal,optimal,optimal,optimal,optimal,↓ decreasing,→ stable,→ stable,99.9,✅ EXCELLENT,False,NONE,3.2,0.0,NONE
1780032255.707,77.9,88.7,32.3,1505.0,45.6,13.83,32.0,31.9,32.0,32.0,optimal,optimal,optimal,optimal,optimal,optimal,↓ decreasing,→ stable,→ stable,99.9,✅ EXCELLENT,False,NONE,3.0,0.8,NONE
1780032256.709,81.5,89.0,31.8,1505.0,44.7,13.81,32.0,32.2,32.0,31.8,optimal,optimal,optimal,optimal,optimal,optimal,↓ decreasing,→ stable,→ stable,99.9,✅ EXCELLENT,False,NONE,3.7,0.5,NONE
1780032257.71,81.0,89.5,31.6,1470.0,45.7,13.8,31.9,32.1,32.2,32.1,optimal,optimal,optimal,optimal,optimal,optimal,↓ decreasing,→ stable,→ stable,99.9,✅ EXCELLENT,False,NONE,3.9,0.1,NONE
1780032258.711,81.6,89.5,32.0,1488.0,45.1,13.85,31.7,32.0,31.6,32.2,optimal,optimal,optimal,optimal,optimal,optimal,→ stable,→ stable,→ stable,99.9,✅ EXCELLENT,False,NONE,3.5,0.1,NONE
1780032259.711,82.7,91.0,32.0,1457.0,44.2,13.76,32.0,31.9,32.0,31.9,optimal,optimal,optimal,optimal,optimal,optimal,→ stable,→ stable,→ stable,99.9,✅ EXCELLENT,False,NONE,3.5,0.0,NONE
1780032260.711,82.5,89.1,31.8,1457.0,44.2,13.77,31.8,31.8,31.7,31.6,optimal,optimal,optimal,optimal,optimal,optimal,→ stable,→ stable,→ stable,99.9,✅ EXCELLENT,False,NONE,3.8,0.4,NONE
1780032262.03,77.7,88.7,32.2,1521.0,44.1,13.8,32.0,32.1,32.2,32.2,optimal,optimal,optimal,optimal,optimal,optimal,→ stable,→ stable,→ stable,99.9,✅ EXCELLENT,False,NONE,3.1,0.8,NONE
1780032263.03,82.6,88.8,32.1,1499.0,45.6,13.76,32.3,31.8,31.8,32.2,optimal,optimal,optimal,optimal,optimal,optimal,↑ increasing,→ stable,→ stable,99.9,✅ EXCELLENT,False,NONE,3.4,0.7,NONE
1780032264.03,80.5,88.7,31.9,1500.0,45.7,13.82,32.0,32.0,31.7,31.6,optimal,optimal,optimal,optimal,optimal,optimal,↑ increasing,→ stable,→ stable,99.9,✅ EXCELLENT,False,NONE,3.6,0.8,NONE
1780032265.03,81.1,90.4,32.1,1461.0,45.2,13.77,31.9,32.2,32.4,31.9,optimal,optimal,optimal,optimal,optimal,optimal,↑ increasing,↓ decreasing,→ stable,99.9,✅ EXCELLENT,False,NONE,3.4,0.0,NONE
1780032266.031,80.4,89.6,31.7,1453.0,44.3,13.83,31.8,31.8,31.9,31.8,optimal,optimal,optimal,optimal,optimal,optimal,↑ increasing,→ stable,→ stable,99.9,✅ EXCELLENT,False,NONE,3.8,0.1,NONE
1780032267.031,77.3,91.2,31.7,1487.0,45.4,13.83,31.8,32.0,31.7,32.1,optimal,optimal,optimal,optimal,optimal,optimal,↑ increasing,→ stable,→ stable,99.9,✅ EXCELLENT,False,NONE,3.6,0.0,NONE
1780032268.031,82.4,89.0,32.3,1507.0,45.8,13.82,32.4,31.8,32.0,32.1,optimal,optimal,optimal,optimal,optimal,optimal,↑ increasing,→ stable,→ stable,99.9,✅ EXCELLENT,False,NONE,3.2,0.5,NONE
1780032269.032,82.7,90.8,31.7,1547.0,44.2,13.81,32.1,31.6,31.9,31.9,optimal,optimal,optimal,optimal,optimal,optimal,↑ increasing,→ stable,→ stable,99.9,✅ EXCELLENT,False,NONE,3.9,0.0,NONE
1780032270.033,77.7,89.7,31.9,1490.0,44.5,13.83,32.4,32.2,32.2,31.6,optimal,optimal,optimal,optimal,optimal,optimal,→ stable,→ stable,→ stable,99.9,✅ EXCELLENT,False,NONE,3.4,0.0,NONE
1780032271.033,82.2,91.0,32.0,1484.0,44.4,13.85,32.1,31.7,32.2,32.2,optimal,optimal,optimal,optimal,optimal,optimal,→ stable,→ stable,→ stable,99.9,✅ EXCELLENT,False,NONE,3.5,0.0,NONE
1780032272.516,77.5,89.6,32.1,1519.0,44.9,13.81,32.2,32.0,31.8,32.1,optimal,optimal,optimal,optimal,optimal,optimal,→ stable,→ stable,→ stable,99.9,✅ EXCELLENT,False,NONE,3.2,0.1,NONE
1780032273.517,78.1,89.3,32.3,1547.0,44.5,13.75,32.3,32.4,32.0,31.9,optimal,optimal,optimal,optimal,optimal,optimal,↓ decreasing,→ stable,→ stable,99.9,✅ EXCELLENT,False,NONE,3.0,0.2,NONE
1780032274.517,81.0,90.5,31.8,1473.0,44.2,13.76,31.8,31.6,32.1,31.9,optimal,optimal,optimal,optimal,optimal,optimal,↓ decreasing,↑ increasing,→ stable,99.9,✅ EXCELLENT,False,NONE,3.7,0.0,NONE
1780032275.371,80.8,91.0,31.8,1540.0,46.0,13.84,31.6,32.0,31.9,32.3,optimal,optimal,optimal,optimal,optimal,optimal,↓ decreasing,↑ increasing,→ stable,99.9,✅ EXCELLENT,False,NONE,3.7,0.0,NONE
1780032275.524,81.6,89.7,31.6,1475.0,44.9,13.78,31.7,32.4,31.9,32.2,optimal,optimal,optimal,optimal,optimal,optimal,↓ decreasing,↑ increasing,→ stable,99.9,✅ EXCELLENT,False,NONE,4.0,0.0,NONE
1780032276.524,80.7,88.6,31.6,1496.0,45.5,13.76,32.3,32.1,31.8,31.8,optimal,optimal,optimal,optimal,optimal,optimal,→ stable,→ stable,→ stable,99.9,✅ EXCELLENT,False,NONE,3.9,1.0,NONE
1780032277.525,77.4,88.8,32.1,1451.0,45.1,13.76,32.4,32.4,32.2,32.0,optimal,optimal,optimal,optimal,optimal,optimal,↓ decreasing,→ stable,→ stable,99.9,✅ EXCELLENT,False,NONE,3.2,0.7,NONE
1780032278.526,77.4,90.8,31.8,1522.0,45.6,13.8,31.8,32.1,32.2,32.1,optimal,optimal,optimal,optimal,optimal,optimal,↓ decreasing,→ stable,→ stable,99.9,✅ EXCELLENT,False,NONE,3.5,0.0,NONE
1780032279.527,78.2,89.9,32.3,1497.0,45.2,13.77,32.0,32.0,32.4,32.1,optimal,optimal,optimal,optimal,optimal,optimal,↓ decreasing,→ stable,→ stable,99.9,✅ EXCELLENT,False,NONE,3.0,0.0,NONE
1780032280.528,79.1,89.2,32.1,1466.0,45.3,13.79,32.0,31.6,31.6,32.1,optimal,optimal,optimal,optimal,optimal,optimal,↓ decreasing,→ stable,→ stable,99.9,✅ EXCELLENT,False,NONE,3.3,0.3,NONE
1780032281.528,79.4,91.3,31.7,1518.0,44.7,13.77,32.1,31.9,32.0,31.9,optimal,optimal,optimal,optimal,optimal,optimal,↓ decreasing,→ stable,→ stable,99.9,✅ EXCELLENT,False,NONE,3.7,0.0,NONE
1780032284.767,80.5,91.5,31.7,1534.0,44.6,13.79,32.4,32.0,31.8,32.0,optimal,optimal,optimal,optimal,optimal,optimal,→ stable,→ stable,→ stable,99.9,✅ EXCELLENT,False,NONE,3.8,0.0,NONE
1780032285.769,78.0,91.0,31.6,1529.0,44.5,13.81,32.2,32.3,32.1,31.8,optimal,optimal,optimal,optimal,optimal,optimal,↓ decreasing,→ stable,→ stable,99.9,✅ EXCELLENT,False,NONE,3.8,0.0,NONE
1780032286.77,80.8,89.0,32.3,1549.0,44.1,13.79,32.0,31.8,31.8,31.6,optimal,optimal,optimal,optimal,optimal,optimal,↓ decreasing,→ stable,→ stable,99.9,✅ EXCELLENT,False,NONE,3.1,0.5,NONE
1780032287.771,77.2,91.4,31.8,1493.0,44.3,13.85,31.9,32.2,32.4,31.9,optimal,optimal,optimal,optimal,optimal,optimal,↓ decreasing,→ stable,→ stable,99.9,✅ EXCELLENT,False,NONE,3.5,0.0,NONE
1780032288.772,77.3,88.5,32.1,1529.0,44.7,13.76,31.8,32.2,31.7,31.7,optimal,optimal,optimal,optimal,optimal,optimal,↓ decreasing,→ stable,→ stable,99.9,✅ EXCELLENT,False,NONE,3.2,1.1,NONE
1780032289.773,82.4,89.4,31.9,1457.0,45.8,13.85,31.9,32.4,32.4,31.7,optimal,optimal,optimal,optimal,optimal,optimal,↓ decreasing,→ stable,→ stable,99.9,✅ EXCELLENT,False,NONE,3.6,0.2,NONE
1780032290.775,79.6,89.3,31.7,1489.0,45.1,13.82,32.1,32.4,32.0,32.4,optimal,optimal,optimal,optimal,optimal,optimal,→ stable,→ stable,→ stable,99.9,✅ EXCELLENT,False,NONE,3.8,0.2,NONE
1780032291.776,81.5,91.1,32.0,1499.0,44.5,13.83,32.0,32.0,31.6,31.8,optimal,optimal,optimal,optimal,optimal,optimal,→ stable,→ stable,→ stable,99.9,✅ EXCELLENT,False,NONE,3.5,0.0,NONE
1780032292.777,80.8,89.4,32.4,1460.0,45.2,13.85,32.1,32.2,32.1,32.1,optimal,optimal,optimal,optimal,optimal,optimal,↑ increasing,→ stable,→ stable,99.9,✅ EXCELLENT,False,NONE,3.0,0.2,NONE
1780032293.777,81.1,91.5,31.7,1456.0,44.6,13.83,32.1,32.3,32.3,32.0,optimal,optimal,optimal,optimal,optimal,optimal,↑ increasing,→ stable,→ stable,99.9,✅ EXCELLENT,False,NONE,3.8,0.0,NONE
1780032295.218,77.3,88.9,32.2,1499.0,44.1,13.83,31.6,32.2,31.8,32.0,optimal,optimal,optimal,optimal,optimal,optimal,→ stable,→ stable,→ stable,99.9,✅ EXCELLENT,False,NONE,3.1,0.6,NONE
1780032296.218,79.3,89.3,31.8,1515.0,45.8,13.83,31.9,32.3,32.3,32.1,optimal,optimal,optimal,optimal,optimal,optimal,→ stable,→ stable,→ stable,99.9,✅ EXCELLENT,False,NONE,3.6,0.2,NONE
1780032297.22,78.0,90.9,32.2,1539.0,44.1,13.8,32.3,31.9,31.7,31.8,optimal,optimal,optimal,optimal,optimal,optimal,→ stable,→ stable,→ stable,99.9,✅ EXCELLENT,False,NONE,3.1,0.0,NONE
1780032298.22,82.4,90.7,31.9,1456.0,45.1,13.77,32.0,32.4,31.9,32.0,optimal,optimal,optimal,optimal,optimal,optimal,↑ increasing,→ stable,→ stable,99.9,✅ EXCELLENT,False,NONE,3.6,0.0,NONE
1780032299.22,78.3,90.2,32.2,1463.0,45.8,13.82,31.7,31.8,32.1,32.2,optimal,optimal,optimal,optimal,optimal,optimal,↑ increasing,→ stable,→ stable,99.9,✅ EXCELLENT,False,NONE,3.1,0.0,NONE
1780032300.222,77.8,88.9,32.0,1481.0,44.3,13.75,31.9,32.0,32.0,31.9,optimal,optimal,optimal,optimal,optimal,optimal,↑ increasing,→ stable,→ stable,99.9,✅ EXCELLENT,False,NONE,3.3,0.6,NONE
1780032301.222,78.2,88.6,32.0,1529.0,44.8,13.78,32.2,31.7,32.2,31.8,optimal,optimal,optimal,optimal,optimal,optimal,→ stable,→ stable,→ stable,99.9,✅ EXCELLENT,False,NONE,3.4,1.0,NONE
1780032302.222,80.7,89.7,32.3,1481.0,45.0,13.78,32.0,32.2,31.7,32.2,optimal,optimal,optimal,optimal,optimal,optimal,→ stable,→ stable,→ stable,99.9,✅ EXCELLENT,False,NONE,3.1,0.0,NONE
1780032303.224,79.1,91.4,31.8,1491.0,44.5,13.81,32.3,31.8,32.0,31.8,optimal,optimal,optimal,optimal,optimal,optimal,↓ decreasing,→ stable,→ stable,99.9,✅ EXCELLENT,False,NONE,3.6,0.0,NONE
1780032304.225,81.5,90.3,32.2,1461.0,45.9,13.75,32.3,31.6,31.6,31.7,optimal,optimal,optimal,optimal,optimal,optimal,↓ decreasing,→ stable,→ stable,99.9,✅ EXCELLENT,False,NONE,3.3,0.0,NONE
1780032305.677,79.5,90.5,32.1,1488.0,45.6,13.82,31.7,32.2,32.2,31.9,optimal,optimal,optimal,optimal,optimal,optimal,→ stable,→ stable,→ stable,99.9,✅ EXCELLENT,False,NONE,3.3,0.0,NONE
1780032306.679,78.7,91.3,31.8,1544.0,44.6,13.84,32.0,31.9,31.6,31.7,optimal,optimal,optimal,optimal,optimal,optimal,→ stable,→ stable,→ stable,99.9,✅ EXCELLENT,False,NONE,3.6,0.0,NONE
1780032307.68,79.8,89.8,32.3,1452.0,44.3,13.84,31.9,31.6,32.2,32.0,optimal,optimal,optimal,optimal,optimal,optimal,→ stable,→ stable,→ stable,99.9,✅ EXCELLENT,False,NONE,3.1,0.0,NONE
1780032308.68,79.1,89.2,31.9,1505.0,45.3,13.79,31.6,31.6,31.9,32.0,optimal,optimal,optimal,optimal,optimal,optimal,↓ decreasing,→ stable,→ stable,99.9,✅ EXCELLENT,False,NONE,3.5,0.3,NONE
1780032309.681,79.1,90.7,32.1,1487.0,44.4,13.78,32.1,32.0,32.0,31.9,optimal,optimal,optimal,optimal,optimal,optimal,↓ decreasing,→ stable,→ stable,99.9,✅ EXCELLENT,False,NONE,3.3,0.0,NONE
1780032310.682,81.7,90.4,31.9,1538.0,45.9,13.77,32.0,31.9,31.7,32.4,optimal,optimal,optimal,optimal,optimal,optimal,→ stable,→ stable,→ stable,99.9,✅ EXCELLENT,False,NONE,3.6,0.0,NONE
1780032311.682,81.2,88.8,31.8,1534.0,45.3,13.76,32.1,32.2,31.6,31.9,optimal,optimal,optimal,optimal,optimal,optimal,↑ increasing,→ stable,→ stable,99.9,✅ EXCELLENT,False,NONE,3.7,0.7,NONE
1780032312.682,81.2,88.9,31.8,1488.0,44.0,13.78,31.8,32.0,32.0,32.2,optimal,optimal,optimal,optimal,optimal,optimal,↑ increasing,→ stable,→ stable,99.9,✅ EXCELLENT,False,NONE,3.7,0.6,NONE
1780032313.684,80.2,90.3,32.2,1483.0,45.0,13.84,32.2,32.2,31.9,31.9,optimal,optimal,optimal,optimal,optimal,optimal,↑ increasing,→ stable,→ stable,99.9,✅ EXCELLENT,False,NONE,3.2,0.0,NONE
1780032314.684,77.5,89.9,32.2,1537.0,44.8,13.83,32.4,31.9,32.3,32.0,optimal,optimal,optimal,optimal,optimal,optimal,↑ increasing,→ stable,→ stable,99.9,✅ EXCELLENT,False,NONE,3.1,0.0,NONE
1780032316.149,78.9,90.9,32.0,1464.0,44.4,13.8,31.8,31.6,31.9,32.3,optimal,optimal,optimal,optimal,optimal,optimal,→ stable,→ stable,→ stable,99.9,✅ EXCELLENT,False,NONE,3.4,0.0,NONE
1780032317.15,77.9,89.8,32.0,1477.0,44.1,13.83,31.7,31.8,32.3,32.0,optimal,optimal,optimal,optimal,optimal,optimal,→ stable,→ stable,→ stable,99.9,✅ EXCELLENT,False,NONE,3.3,0.0,NONE
1780032318.151,79.2,89.5,32.0,1531.0,44.3,13.81,32.3,32.1,32.0,32.1,optimal,optimal,optimal,optimal,optimal,optimal,→ stable,→ stable,→ stable,99.9,✅ EXCELLENT,False,NONE,3.4,0.1,NONE
1780032319.151,78.0,90.9,32.2,1541.0,45.6,13.84,32.2,32.3,32.3,31.8,optimal,optimal,optimal,optimal,optimal,optimal,→ stable,→ stable,→ stable,99.9,✅ EXCELLENT,False,NONE,3.1,0.0,NONE
1780032320.152,81.8,89.5,31.9,1473.0,45.2,13.82,32.0,32.4,31.9,31.7,optimal,optimal,optimal,optimal,optimal,optimal,→ stable,→ stable,→ stable,99.9,✅ EXCELLENT,False,NONE,3.6,0.1,NONE
1780032321.152,82.1,90.0,31.6,1500.0,45.4,13.84,32.0,31.7,31.7,32.3,optimal,optimal,optimal,optimal,optimal,optimal,→ stable,→ stable,→ stable,99.9,✅ EXCELLENT,False,NONE,4.0,0.0,NONE
1780032322.153,77.5,90.7,32.0,1519.0,44.3,13.77,32.1,32.4,31.6,31.7,optimal,optimal,optimal,optimal,optimal,optimal,↓ decreasing,→ stable,→ stable,99.9,✅ EXCELLENT,False,NONE,3.3,0.0,NONE
1780032323.154,80.1,90.0,32.1,1532.0,45.5,13.83,31.7,31.6,31.9,32.4,optimal,optimal,optimal,optimal,optimal,optimal,↓ decreasing,→ stable,→ stable,99.9,✅ EXCELLENT,False,NONE,3.3,0.0,NONE
1780032324.155,77.9,90.6,32.3,1488.0,45.4,13.85,32.0,32.3,31.8,31.6,optimal,optimal,optimal,optimal,optimal,optimal,↓ decreasing,→ stable,→ stable,99.9,✅ EXCELLENT,False,NONE,3.0,0.0,NONE
1780032325.155,80.3,90.0,32.1,1474.0,44.3,13.8,32.2,32.3,31.6,32.4,optimal,optimal,optimal,optimal,optimal,optimal,→ stable,→ stable,→ stable,99.9,✅ EXCELLENT,False,NONE,3.3,0.0,NONE
1780032326.747,78.1,91.1,32.1,1536.0,44.5,13.78,31.8,32.0,32.0,32.1,optimal,optimal,optimal,optimal,optimal,optimal,→ stable,→ stable,→ stable,99.9,✅ EXCELLENT,False,NONE,3.2,0.0,NONE
1780032327.748,79.4,88.5,32.0,1453.0,44.9,13.78,32.0,32.1,32.3,32.1,optimal,optimal,optimal,optimal,optimal,optimal,→ stable,→ stable,→ stable,99.9,✅ EXCELLENT,False,NONE,3.4,1.1,NONE
1780032328.748,77.3,90.4,32.3,1515.0,44.9,13.83,32.1,31.6,31.6,32.2,optimal,optimal,optimal,optimal,optimal,optimal,→ stable,→ stable,→ stable,99.9,✅ EXCELLENT,False,NONE,3.0,0.0,NONE
1780032329.749,79.4,91.4,31.7,1497.0,45.6,13.77,32.0,32.3,32.2,31.8,optimal,optimal,optimal,optimal,optimal,optimal,→ stable,→ stable,→ stable,99.9,✅ EXCELLENT,False,NONE,3.7,0.0,NONE
1780032330.749,81.1,89.6,32.3,1484.0,44.8,13.82,31.8,31.7,31.7,32.0,optimal,optimal,optimal,optimal,optimal,optimal,→ stable,→ stable,→ stable,99.9,✅ EXCELLENT,False,NONE,3.1,0.1,NONE
1780032331.751,81.4,90.8,31.7,1530.0,45.0,13.82,32.0,32.0,31.7,31.8,optimal,optimal,optimal,optimal,optimal,optimal,↓ decreasing,→ stable,→ stable,99.9,✅ EXCELLENT,False,NONE,3.8,0.0,NONE
1780032332.751,81.0,88.7,31.8,1455.0,44.8,13.8,31.8,31.9,32.2,31.7,optimal,optimal,optimal,optimal,optimal,optimal,→ stable,→ stable,→ stable,99.9,✅ EXCELLENT,False,NONE,3.7,0.8,NONE
1780032333.752,77.7,90.4,32.2,1474.0,45.2,13.76,32.0,32.3,32.0,32.1,optimal,optimal,optimal,optimal,optimal,optimal,→ stable,→ stable,→ stable,99.9,✅ EXCELLENT,False,NONE,3.1,0.0,NONE
1780032334.752,81.3,88.9,32.1,1512.0,45.0,13.76,31.7,31.6,31.6,32.4,optimal,optimal,optimal,optimal,optimal,optimal,↑ increasing,→ stable,→ stable,99.9,✅ EXCELLENT,False,NONE,3.4,0.6,NONE
1780032335.753,81.8,89.5,32.1,1522.0,44.9,13.78,32.0,32.1,31.8,32.0,optimal,optimal,optimal,optimal,optimal,optimal,→ stable,→ stable,→ stable,99.9,✅ EXCELLENT,False,NONE,3.4,0.1,NONE
1780032337.078,78.3,91.1,32.4,1544.0,45.3,13.77,31.7,31.6,32.4,32.4,optimal,optimal,optimal,optimal,optimal,optimal,↑ increasing,→ stable,→ stable,99.9,✅ EXCELLENT,False,NONE,2.9,0.0,NONE
1780032338.078,78.1,90.1,31.8,1514.0,44.9,13.81,31.6,32.1,32.2,32.0,optimal,optimal,optimal,optimal,optimal,optimal,→ stable,→ stable,→ stable,99.9,✅ EXCELLENT,False,NONE,3.6,0.0,NONE
1780032339.079,78.9,89.2,32.1,1507.0,45.7,13.77,31.6,32.1,32.3,31.7,optimal,optimal,optimal,optimal,optimal,optimal,↑ increasing,→ stable,→ stable,99.9,✅ EXCELLENT,False,NONE,3.3,0.3,NONE
1780032340.08,81.1,88.9,31.7,1495.0,44.9,13.79,32.2,32.2,31.8,32.3,optimal,optimal,optimal,optimal,optimal,optimal,↑ increasing,→ stable,→ stable,99.9,✅ EXCELLENT,False,NONE,3.8,0.6,NONE
1780032341.081,82.4,89.6,31.8,1504.0,44.1,13.83,31.7,32.0,31.7,31.6,optimal,optimal,optimal,optimal,optimal,optimal,↑ increasing,↓ decreasing,→ stable,99.9,✅ EXCELLENT,False,NONE,3.8,0.1,NONE
1780032342.081,78.2,89.8,32.0,1453.0,44.3,13.81,31.9,32.2,31.8,32.4,optimal,optimal,optimal,optimal,optimal,optimal,↑ increasing,↓ decreasing,→ stable,99.9,✅ EXCELLENT,False,NONE,3.4,0.0,NONE
1780032343.082,81.1,90.6,31.7,1541.0,44.1,13.81,31.7,31.9,31.8,32.3,optimal,optimal,optimal,optimal,optimal,optimal,→ stable,→ stable,→ stable,99.9,✅ EXCELLENT,False,NONE,3.8,0.0,NONE
1780032344.082,80.3,90.0,31.8,1463.0,45.5,13.81,31.9,31.9,31.7,32.1,optimal,optimal,optimal,optimal,optimal,optimal,↑ increasing,→ stable,→ stable,99.9,✅ EXCELLENT,False,NONE,3.7,0.0,NONE
1780032345.082,77.2,91.2,32.4,1477.0,45.0,13.83,32.0,31.6,31.9,32.3,optimal,optimal,optimal,optimal,optimal,optimal,→ stable,→ stable,→ stable,99.9,✅ EXCELLENT,False,NONE,2.9,0.0,NONE
1780032346.083,82.9,89.3,31.8,1472.0,45.9,13.8,31.9,32.1,32.1,32.0,optimal,optimal,optimal,optimal,optimal,optimal,→ stable,→ stable,→ stable,99.9,✅ EXCELLENT,False,NONE,3.8,0.2,NONE
1780032347.433,82.0,90.6,32.1,1532.0,45.6,13.82,31.7,32.0,32.3,32.2,optimal,optimal,optimal,optimal,optimal,optimal,→ stable,→ stable,→ stable,99.9,✅ EXCELLENT,False,NONE,3.4,0.0,NONE
1780032348.434,80.4,88.8,31.6,1497.0,44.3,13.8,31.9,32.0,31.9,31.8,optimal,optimal,optimal,optimal,optimal,optimal,↑ increasing,→ stable,→ stable,99.9,✅ EXCELLENT,False,NONE,3.9,0.7,NONE
1780032349.435,80.3,91.5,31.7,1457.0,45.7,13.77,32.4,32.3,32.3,32.2,optimal,optimal,optimal,optimal,optimal,optimal,↑ increasing,→ stable,→ stable,99.9,✅ EXCELLENT,False,NONE,3.8,0.0,NONE
1780032350.436,77.2,90.1,31.8,1515.0,45.2,13.83,31.9,32.0,31.8,32.1,optimal,optimal,optimal,optimal,optimal,optimal,→ stable,→ stable,→ stable,99.9,✅ EXCELLENT,False,NONE,3.5,0.0,NONE
1780032351.436,81.3,89.0,32.3,1466.0,44.1,13.78,32.4,32.4,31.6,31.8,optimal,optimal,optimal,optimal,optimal,optimal,→ stable,→ stable,→ stable,99.9,✅ EXCELLENT,False,NONE,3.1,0.5,NONE
1780032352.437,79.3,90.4,32.0,1515.0,44.5,13.76,32.2,31.7,32.3,31.8,optimal,optimal,optimal,optimal,optimal,optimal,→ stable,↑ increasing,→ stable,99.9,✅ EXCELLENT,False,NONE,3.4,0.0,NONE
1780032353.438,80.5,91.2,31.8,1495.0,45.0,13.85,31.9,32.4,32.3,32.2,optimal,optimal,optimal,optimal,optimal,optimal,→ stable,→ stable,→ stable,99.9,✅ EXCELLENT,False,NONE,3.7,0.0,NONE
1780032354.438,79.4,89.2,31.9,1471.0,44.8,13.79,31.7,32.0,31.7,32.0,optimal,optimal,optimal,optimal,optimal,optimal,→ stable,→ stable,→ stable,99.9,✅ EXCELLENT,False,NONE,3.5,0.3,NONE
1780032355.439,78.8,89.0,31.6,1494.0,44.2,13.83,32.1,32.2,32.0,32.2,optimal,optimal,optimal,optimal,optimal,optimal,→ stable,→ stable,→ stable,99.9,✅ EXCELLENT,False,NONE,3.8,0.5,NONE
1780032356.44,77.3,88.6,31.8,1490.0,44.6,13.75,32.4,31.9,32.0,32.3,optimal,optimal,optimal,optimal,optimal,optimal,→ stable,→ stable,→ stable,99.9,✅ EXCELLENT,False,NONE,3.5,1.0,NONE
1780032357.609,80.6,90.8,31.8,1506.0,45.2,13.81,31.8,31.8,32.3,31.8,optimal,optimal,optimal,optimal,optimal,optimal,↓ decreasing,→ stable,→ stable,99.9,✅ EXCELLENT,False,NONE,3.7,0.0,NONE
1780032358.609,82.5,89.1,31.9,1476.0,44.0,13.77,31.8,31.9,31.8,31.9,optimal,optimal,optimal,optimal,optimal,optimal,↓ decreasing,→ stable,→ stable,99.9,✅ EXCELLENT,False,NONE,3.7,0.4,NONE
1780032359.61,79.9,89.6,32.1,1531.0,44.2,13.85,31.7,32.3,32.0,31.8,optimal,optimal,optimal,optimal,optimal,optimal,↓ decreasing,→ stable,→ stable,99.9,✅ EXCELLENT,False,NONE,3.3,0.1,NONE
1780032360.611,78.1,91.5,32.1,1525.0,45.7,13.76,32.3,31.7,32.0,32.2,optimal,optimal,optimal,optimal,optimal,optimal,→ stable,→ stable,→ stable,99.9,✅ EXCELLENT,False,NONE,3.2,0.0,NONE
1780032361.611,78.6,90.9,31.9,1480.0,45.9,13.82,31.7,32.0,31.8,31.9,optimal,optimal,optimal,optimal,optimal,optimal,↓ decreasing,→ stable,→ stable,99.9,✅ EXCELLENT,False,NONE,3.5,0.0,NONE
1780032362.612,78.6,91.1,32.0,1506.0,44.2,13.77,32.0,32.1,32.2,31.9,optimal,optimal,optimal,optimal,optimal,optimal,↓ decreasing,→ stable,→ stable,99.9,✅ EXCELLENT,False,NONE,3.4,0.0,NONE
1780032363.612,80.3,91.0,32.1,1456.0,44.4,13.78,32.0,32.4,32.2,31.6,optimal,optimal,optimal,optimal,optimal,optimal,↓ decreasing,→ stable,→ stable,99.9,✅ EXCELLENT,False,NONE,3.3,0.0,NONE
1780032364.613,77.1,90.6,32.1,1549.0,45.4,13.77,32.1,32.1,32.0,32.1,optimal,optimal,optimal,optimal,optimal,optimal,↓ decreasing,→ stable,→ stable,99.9,✅ EXCELLENT,False,NONE,3.2,0.0,NONE
1780032365.613,79.6,90.5,32.0,1495.0,45.3,13.85,32.1,32.3,31.6,32.1,optimal,optimal,optimal,optimal,optimal,optimal,↓ decreasing,→ stable,→ stable,99.9,✅ EXCELLENT,False,NONE,3.4,0.0,NONE
1780032366.613,80.1,91.3,31.6,1507.0,46.0,13.79,31.7,31.9,32.3,32.0,optimal,optimal,optimal,optimal,optimal,optimal,→ stable,↑ increasing,→ stable,99.9,✅ EXCELLENT,False,NONE,3.9,0.0,NONE
1780032368.004,78.1,90.1,32.2,1529.0,45.6,13.84,32.3,32.3,32.0,32.0,optimal,optimal,optimal,optimal,optimal,optimal,→ stable,↑ increasing,→ stable,99.9,✅ EXCELLENT,False,NONE,3.1,0.0,NONE
1780032369.004,77.1,91.1,31.9,1514.0,44.3,13.77,31.9,32.3,31.7,31.9,optimal,optimal,optimal,optimal,optimal,optimal,↓ decreasing,↑ increasing,→ stable,99.9,✅ EXCELLENT,False,NONE,3.4,0.0,NONE
1780032370.004,77.2,90.2,32.0,1500.0,44.4,13.75,31.7,31.9,31.6,32.1,optimal,optimal,optimal,optimal,optimal,optimal,↓ decreasing,↑ increasing,→ stable,99.9,✅ EXCELLENT,False,NONE,3.3,0.0,NONE
1780032371.005,80.0,89.6,31.9,1472.0,44.2,13.76,32.0,31.8,32.3,31.9,optimal,optimal,optimal,optimal,optimal,optimal,↓ decreasing,↑ increasing,→ stable,99.9,✅ EXCELLENT,False,NONE,3.5,0.1,NONE
1780032372.006,79.2,89.6,32.2,1451.0,45.9,13.76,32.4,32.3,32.3,32.0,optimal,optimal,optimal,optimal,optimal,optimal,↓ decreasing,→ stable,→ stable,99.9,✅ EXCELLENT,False,NONE,3.2,0.1,NONE
1780032373.007,79.5,89.1,31.7,1493.0,45.7,13.79,32.2,31.7,31.8,32.3,optimal,optimal,optimal,optimal,optimal,optimal,↓ decreasing,→ stable,→ stable,99.9,✅ EXCELLENT,False,NONE,3.7,0.4,NONE
1780032374.007,79.1,91.1,32.3,1518.0,44.5,13.84,32.2,31.9,32.4,31.9,optimal,optimal,optimal,optimal,optimal,optimal,↓ decreasing,→ stable,→ stable,99.9,✅ EXCELLENT,False,NONE,3.1,0.0,NONE
1780032375.009,81.5,88.9,32.3,1527.0,45.1,13.84,31.8,31.6,32.1,32.1,optimal,optimal,optimal,optimal,optimal,optimal,→ stable,→ stable,→ stable,99.9,✅ EXCELLENT,False,NONE,3.1,0.6,NONE
1780032376.009,78.7,89.4,32.0,1519.0,44.5,13.78,32.4,32.2,32.3,32.3,optimal,optimal,optimal,optimal,optimal,optimal,→ stable,→ stable,→ stable,99.9,✅ EXCELLENT,False,NONE,3.4,0.2,NONE
1780032377.009,82.7,90.8,32.2,1464.0,44.4,13.8,32.3,31.9,31.6,32.2,optimal,optimal,optimal,optimal,optimal,optimal,→ stable,↓ decreasing,→ stable,99.9,✅ EXCELLENT,False,NONE,3.3,0.0,NONE
1780032378.296,79.9,89.1,32.2,1457.0,45.8,13.76,31.7,31.8,31.8,32.3,optimal,optimal,optimal,optimal,optimal,optimal,→ stable,↓ decreasing,→ stable,99.9,✅ EXCELLENT,False,NONE,3.2,0.4,NONE
1780032379.297,81.9,89.8,32.1,1519.0,44.3,13.85,31.9,31.8,32.4,31.9,optimal,optimal,optimal,optimal,optimal,optimal,↑ increasing,↓ decreasing,→ stable,99.9,✅ EXCELLENT,False,NONE,3.4,0.0,NONE
1780032380.297,77.6,90.9,32.0,1466.0,44.1,13.82,31.9,32.3,31.9,32.1,optimal,optimal,optimal,optimal,optimal,optimal,↑ increasing,↓ decreasing,→ stable,99.9,✅ EXCELLENT,False,NONE,3.3,0.0,NONE
1780032381.298,80.6,91.3,31.9,1487.0,45.0,13.77,32.1,32.1,32.3,32.4,optimal,optimal,optimal,optimal,optimal,optimal,↑ increasing,↓ decreasing,→ stable,99.9,✅ EXCELLENT,False,NONE,3.6,0.0,NONE
1780032382.298,78.2,91.0,32.1,1488.0,44.3,13.81,31.7,31.9,32.1,32.1,optimal,optimal,optimal,optimal,optimal,optimal,↑ increasing,→ stable,→ stable,99.9,✅ EXCELLENT,False,NONE,3.2,0.0,NONE
1780032383.299,79.1,90.7,32.3,1511.0,45.5,13.79,32.0,32.1,31.7,31.8,optimal,optimal,optimal,optimal,optimal,optimal,↑ increasing,→ stable,→ stable,99.9,✅ EXCELLENT,False,NONE,3.1,0.0,NONE
1780032384.3,79.3,90.3,31.7,1544.0,44.8,13.79,32.3,31.9,31.9,31.7,optimal,optimal,optimal,optimal,optimal,optimal,↑ increasing,→ stable,→ stable,99.9,✅ EXCELLENT,False,NONE,3.7,0.0,NONE
1780032385.301,81.3,89.9,31.7,1490.0,44.6,13.82,31.7,31.7,31.8,31.9,optimal,optimal,optimal,optimal,optimal,optimal,↑ increasing,→ stable,→ stable,99.9,✅ EXCELLENT,False,NONE,3.8,0.0,NONE
1780032386.301,78.4,88.7,32.4,1534.0,44.1,13.79,31.9,31.9,32.0,31.8,optimal,optimal,optimal,optimal,optimal,optimal,↑ increasing,→ stable,→ stable,99.9,✅ EXCELLENT,False,NONE,2.9,0.8,NONE
1780032387.302,79.9,90.7,32.1,1461.0,44.2,13.75,31.6,31.8,32.3,32.1,optimal,optimal,optimal,optimal,optimal,optimal,→ stable,→ stable,→ stable,99.9,✅ EXCELLENT,False,NONE,3.3,0.0,NONE
1780032388.479,79.6,89.3,32.3,1509.0,44.3,13.83,32.1,32.3,31.8,31.9,optimal,optimal,optimal,optimal,optimal,optimal,→ stable,→ stable,→ stable,99.9,✅ EXCELLENT,False,NONE,3.1,0.2,NONE
1780032389.481,80.4,90.0,31.9,1469.0,44.8,13.8,32.1,32.4,31.8,31.7,optimal,optimal,optimal,optimal,optimal,optimal,↓ decreasing,↑ increasing,→ stable,99.9,✅ EXCELLENT,False,NONE,3.6,0.0,NONE
1780032390.482,77.2,90.8,31.9,1455.0,44.8,13.8,32.1,32.0,32.2,31.8,optimal,optimal,optimal,optimal,optimal,optimal,↓ decreasing,→ stable,→ stable,99.9,✅ EXCELLENT,False,NONE,3.4,0.0,NONE
1780032391.483,82.0,91.3,32.3,1526.0,44.2,13.82,32.4,32.4,31.8,32.0,optimal,optimal,optimal,optimal,optimal,optimal,↓ decreasing,→ stable,→ stable,99.9,✅ EXCELLENT,False,NONE,3.2,0.0,NONE
1780032392.484,77.8,89.0,31.7,1481.0,45.9,13.78,32.3,32.4,32.1,31.6,optimal,optimal,optimal,optimal,optimal,optimal,→ stable,→ stable,→ stable,99.9,✅ EXCELLENT,False,NONE,3.7,0.5,NONE
1780032393.484,78.2,91.2,32.0,1457.0,45.1,13.77,32.2,31.9,31.7,32.1,optimal,optimal,optimal,optimal,optimal,optimal,↓ decreasing,→ stable,→ stable,99.9,✅ EXCELLENT,False,NONE,3.4,0.0,NONE
1780032394.484,82.5,89.6,31.7,1534.0,45.0,13.76,32.0,32.1,31.9,31.9,optimal,optimal,optimal,optimal,optimal,optimal,→ stable,→ stable,→ stable,99.9,✅ EXCELLENT,False,NONE,3.9,0.1,NONE
1780032395.484,78.9,88.7,31.7,1526.0,45.7,13.83,31.7,32.2,32.3,32.0,optimal,optimal,optimal,optimal,optimal,optimal,→ stable,→ stable,→ stable,99.9,✅ EXCELLENT,False,NONE,3.7,0.8,NONE
1780032396.485,78.1,89.8,32.1,1487.0,45.6,13.76,31.6,31.8,32.1,32.1,optimal,optimal,optimal,optimal,optimal,optimal,→ stable,→ stable,→ stable,99.9,✅ EXCELLENT,False,NONE,3.2,0.0,NONE
1780032397.486,82.4,90.0,31.6,1501.0,45.1,13.84,32.3,32.0,32.0,32.2,optimal,optimal,optimal,optimal,optimal,optimal,→ stable,→ stable,→ stable,99.9,✅ EXCELLENT,False,NONE,4.0,0.0,NONE
1780032398.914,77.2,89.2,31.7,1471.0,45.1,13.85,31.7,31.8,31.8,31.6,optimal,optimal,optimal,optimal,optimal,optimal,→ stable,→ stable,→ stable,99.9,✅ EXCELLENT,False,NONE,3.6,0.3,NONE
1780032399.916,77.4,90.2,32.1,1478.0,45.8,13.84,32.4,32.3,31.6,32.3,optimal,optimal,optimal,optimal,optimal,optimal,→ stable,→ stable,→ stable,99.9,✅ EXCELLENT,False,NONE,3.2,0.0,NONE
1780032400.917,77.2,89.7,32.2,1467.0,45.0,13.77,32.2,32.1,31.7,32.2,optimal,optimal,optimal,optimal,optimal,optimal,→ stable,→ stable,→ stable,99.9,✅ EXCELLENT,False,NONE,3.1,0.0,NONE
1780032401.917,81.8,88.5,32.3,1503.0,45.5,13.85,31.9,32.3,32.1,32.1,optimal,optimal,optimal,optimal,optimal,optimal,→ stable,↓ decreasing,→ stable,99.9,✅ EXCELLENT,False,NONE,3.2,1.1,NONE
1780032402.917,80.6,91.0,31.6,1485.0,45.1,13.79,31.8,31.9,31.7,32.2,optimal,optimal,optimal,optimal,optimal,optimal,→ stable,→ stable,→ stable,99.9,✅ EXCELLENT,False,NONE,3.9,0.0,NONE
1780032403.918,79.8,89.9,31.8,1489.0,45.7,13.83,31.7,31.9,32.3,31.9,optimal,optimal,optimal,optimal,optimal,optimal,→ stable,→ stable,→ stable,99.9,✅ EXCELLENT,False,NONE,3.6,0.0,NONE
1780032404.918,80.4,90.0,32.4,1515.0,45.9,13.84,32.0,32.3,31.7,32.2,optimal,optimal,optimal,optimal,optimal,optimal,→ stable,→ stable,→ stable,99.9,✅ EXCELLENT,False,NONE,3.0,0.0,NONE
1780032405.92,77.6,90.2,31.7,1496.0,45.6,13.79,32.3,32.2,32.0,32.2,optimal,optimal,optimal,optimal,optimal,optimal,→ stable,→ stable,→ stable,99.9,✅ EXCELLENT,False,NONE,3.7,0.0,NONE
1780032406.92,77.9,90.0,32.4,1514.0,45.9,13.83,32.4,32.0,32.1,31.7,optimal,optimal,optimal,optimal,optimal,optimal,→ stable,→ stable,→ stable,99.9,✅ EXCELLENT,False,NONE,2.9,0.0,NONE
1780032407.921,81.8,90.3,32.0,1495.0,45.8,13.8,31.8,31.8,32.4,31.9,optimal,optimal,optimal,optimal,optimal,optimal,↓ decreasing,→ stable,→ stable,99.9,✅ EXCELLENT,False,NONE,3.5,0.0,NONE
1780032409.238,79.6,90.1,31.7,1522.0,45.2,13.79,32.2,32.3,32.2,32.1,optimal,optimal,optimal,optimal,optimal,optimal,→ stable,→ stable,→ stable,99.9,✅ EXCELLENT,False,NONE,3.8,0.0,NONE
1780032410.239,77.6,88.5,32.2,1509.0,44.0,13.77,32.0,32.3,31.7,31.7,optimal,optimal,optimal,optimal,optimal,optimal,→ stable,→ stable,→ stable,99.9,✅ EXCELLENT,False,NONE,3.1,1.1,NONE
1780032411.239,80.4,90.6,32.0,1474.0,44.5,13.84,32.3,32.0,31.7,32.0,optimal,optimal,optimal,optimal,optimal,optimal,↑ increasing,→ stable,→ stable,99.9,✅ EXCELLENT,False,NONE,3.4,0.0,NONE
1780032412.242,82.8,91.1,32.4,1491.0,44.2,13.75,31.6,31.7,32.3,32.1,optimal,optimal,optimal,optimal,optimal,optimal,↑ increasing,↑ increasing,→ stable,99.9,✅ EXCELLENT,False,NONE,3.1,0.0,NONE
1780032413.242,79.6,89.8,31.7,1453.0,45.9,13.76,32.3,32.2,32.1,31.7,optimal,optimal,optimal,optimal,optimal,optimal,→ stable,→ stable,→ stable,99.9,✅ EXCELLENT,False,NONE,3.8,0.0,NONE
1780032414.243,81.9,89.7,32.3,1499.0,45.6,13.75,32.2,32.0,31.8,32.4,optimal,optimal,optimal,optimal,optimal,optimal,→ stable,→ stable,→ stable,99.9,✅ EXCELLENT,False,NONE,3.2,0.0,NONE
1780032415.245,78.5,90.5,32.4,1458.0,46.0,13.76,31.8,32.0,32.3,32.0,optimal,optimal,optimal,optimal,optimal,optimal,→ stable,→ stable,→ stable,99.9,✅ EXCELLENT,False,NONE,2.9,0.0,NONE
1780032416.246,77.4,90.4,31.9,1533.0,45.2,13.78,31.8,31.6,32.4,32.0,optimal,optimal,optimal,optimal,optimal,optimal,→ stable,→ stable,→ stable,99.9,✅ EXCELLENT,False,NONE,3.4,0.0,NONE
1780032417.246,80.9,88.6,31.8,1510.0,45.0,13.79,32.2,31.7,31.8,31.8,optimal,optimal,optimal,optimal,optimal,optimal,↑ increasing,→ stable,→ stable,99.9,✅ EXCELLENT,False,NONE,3.7,1.0,NONE
1780032418.248,81.1,89.1,32.3,1532.0,45.5,13.75,32.2,32.2,32.0,32.0,optimal,optimal,optimal,optimal,optimal,optimal,↑ increasing,→ stable,→ stable,99.9,✅ EXCELLENT,False,NONE,3.1,0.4,NONE
1780032419.705,81.1,90.7,32.0,1513.0,44.8,13.79,31.8,31.9,31.8,32.2,optimal,optimal,optimal,optimal,optimal,optimal,↑ increasing,→ stable,→ stable,99.9,✅ EXCELLENT,False,NONE,3.5,0.0,NONE
1780032420.706,81.2,90.8,31.6,1489.0,44.6,13.85,32.3,32.3,31.7,31.9,optimal,optimal,optimal,optimal,optimal,optimal,↑ increasing,→ stable,→ stable,99.9,✅ EXCELLENT,False,NONE,3.9,0.0,NONE
1780032421.706,82.1,88.7,32.3,1510.0,44.4,13.76,32.3,31.9,32.2,32.2,optimal,optimal,optimal,optimal,optimal,optimal,↑ increasing,→ stable,→ stable,99.9,✅ EXCELLENT,False,NONE,3.2,0.8,NONE
1780032422.708,82.2,90.2,31.8,1489.0,44.1,13.84,32.3,32.3,32.2,32.2,optimal,optimal,optimal,optimal,optimal,optimal,↑ increasing,→ stable,→ stable,99.9,✅ EXCELLENT,False,NONE,3.8,0.0,NONE
1780032423.709,83.0,91.1,31.9,1528.0,44.6,13.84,31.8,32.3,31.7,31.8,optimal,optimal,optimal,optimal,optimal,optimal,↑ increasing,→ stable,→ stable,99.9,✅ EXCELLENT,False,NONE,3.7,0.0,NONE
1780032424.71,82.3,89.2,31.9,1470.0,46.0,13.83,32.3,32.1,32.2,31.8,optimal,optimal,optimal,optimal,optimal,optimal,↑ increasing,→ stable,→ stable,99.9,✅ EXCELLENT,False,NONE,3.6,0.3,NONE
1780032425.71,81.3,89.4,31.9,1520.0,45.9,13.79,32.2,32.0,31.9,32.0,optimal,optimal,optimal,optimal,optimal,optimal,↑ increasing,→ stable,→ stable,99.9,✅ EXCELLENT,False,NONE,3.6,0.2,NONE
1780032426.711,82.9,90.2,31.7,1547.0,45.0,13.77,32.3,31.9,32.1,31.8,optimal,optimal,optimal,optimal,optimal,optimal,↑ increasing,→ stable,→ stable,99.9,✅ EXCELLENT,False,NONE,3.9,0.0,NONE
1780032427.712,80.0,89.2,32.3,1540.0,45.8,13.8,32.1,31.8,32.1,32.0,optimal,optimal,optimal,optimal,optimal,optimal,↑ increasing,→ stable,→ stable,99.9,✅ EXCELLENT,False,NONE,3.1,0.3,NONE
1780032428.713,78.3,89.7,31.9,1539.0,45.2,13.84,32.0,32.1,32.1,31.7,optimal,optimal,optimal,optimal,optimal,optimal,↑ increasing,→ stable,→ stable,99.9,✅ EXCELLENT,False,NONE,3.5,0.0,NONE
1780032430.048,79.8,90.4,31.8,1499.0,44.1,13.8,31.8,32.3,32.3,32.2,optimal,optimal,optimal,optimal,optimal,optimal,↑ increasing,→ stable,→ stable,99.9,✅ EXCELLENT,False,NONE,3.6,0.0,NONE
1780032431.049,77.6,89.2,32.2,1510.0,44.5,13.76,32.4,32.0,32.3,31.9,optimal,optimal,optimal,optimal,optimal,optimal,→ stable,→ stable,→ stable,99.9,✅ EXCELLENT,False,NONE,3.1,0.3,NONE
1780032432.049,81.8,89.9,31.9,1532.0,44.7,13.78,31.8,31.9,31.6,31.8,optimal,optimal,optimal,optimal,optimal,optimal,→ stable,→ stable,→ stable,99.9,✅ EXCELLENT,False,NONE,3.6,0.0,NONE
1780032433.05,77.8,88.7,31.6,1466.0,44.4,13.82,32.0,31.8,32.3,31.8,optimal,optimal,optimal,optimal,optimal,optimal,→ stable,→ stable,→ stable,99.9,✅ EXCELLENT,False,NONE,3.8,0.8,NONE
1780032434.051,79.6,89.2,32.0,1543.0,45.1,13.8,32.3,32.0,31.9,31.7,optimal,optimal,optimal,optimal,optimal,optimal,↓ decreasing,→ stable,→ stable,99.9,✅ EXCELLENT,False,NONE,3.4,0.3,NONE
1780032435.052,81.9,89.2,32.3,1480.0,44.4,13.83,32.3,31.9,32.1,32.0,optimal,optimal,optimal,optimal,optimal,optimal,↓ decreasing,→ stable,→ stable,99.9,✅ EXCELLENT,False,NONE,3.2,0.3,NONE
1780032436.052,80.2,89.0,32.1,1497.0,44.8,13.81,31.8,31.8,31.9,32.3,optimal,optimal,optimal,optimal,optimal,optimal,↓ decreasing,→ stable,→ stable,99.9,✅ EXCELLENT,False,NONE,3.3,0.5,NONE
1780032437.053,78.2,90.5,32.1,1480.0,45.6,13.77,31.8,31.9,32.2,32.0,optimal,optimal,optimal,optimal,optimal,optimal,↓ decreasing,→ stable,→ stable,99.9,✅ EXCELLENT,False,NONE,3.2,0.0,NONE
1780032438.053,80.2,88.6,32.2,1496.0,45.0,13.82,32.3,31.8,32.3,31.9,optimal,optimal,optimal,optimal,optimal,optimal,↓ decreasing,→ stable,→ stable,99.9,✅ EXCELLENT,False,NONE,3.2,1.0,NONE
1780032439.053,80.1,91.4,32.2,1537.0,44.7,13.84,32.3,32.0,32.3,32.0,optimal,optimal,optimal,optimal,optimal,optimal,↓ decreasing,→ stable,→ stable,99.9,✅ EXCELLENT,False,NONE,3.2,0.0,NONE
1780032440.676,77.6,91.2,31.9,1546.0,45.4,13.8,31.9,32.3,31.7,31.9,optimal,optimal,optimal,optimal,optimal,optimal,↓ decreasing,→ stable,→ stable,99.9,✅ EXCELLENT,False,NONE,3.4,0.0,NONE
1780032441.676,78.2,89.6,32.3,1548.0,44.4,13.84,31.6,32.3,32.0,32.3,optimal,optimal,optimal,optimal,optimal,optimal,↓ decreasing,→ stable,→ stable,99.9,✅ EXCELLENT,False,NONE,3.0,0.1,NONE
1780032442.677,82.6,89.4,32.3,1482.0,45.9,13.83,31.9,32.1,32.3,32.2,optimal,optimal,optimal,optimal,optimal,optimal,↓ decreasing,→ stable,→ stable,99.9,✅ EXCELLENT,False,NONE,3.2,0.2,NONE
1780032443.677,79.9,90.5,32.0,1549.0,45.9,13.81,31.8,31.8,32.4,32.3,optimal,optimal,optimal,optimal,optimal,optimal,↓ decreasing,→ stable,→ stable,99.9,✅ EXCELLENT,False,NONE,3.4,0.0,NONE
1780032444.678,80.4,90.2,32.0,1545.0,45.2,13.79,31.7,31.9,32.3,32.2,optimal,optimal,optimal,optimal,optimal,optimal,→ stable,→ stable,→ stable,99.9,✅ EXCELLENT,False,NONE,3.4,0.0,NONE
1780032445.679,77.2,88.6,32.2,1511.0,45.4,13.84,31.9,31.9,32.2,31.6,optimal,optimal,optimal,optimal,optimal,optimal,↓ decreasing,→ stable,→ stable,99.9,✅ EXCELLENT,False,NONE,3.1,1.0,NONE
1780032446.68,80.0,90.7,31.8,1486.0,44.1,13.85,31.8,32.4,31.9,31.9,optimal,optimal,optimal,optimal,optimal,optimal,↓ decreasing,↑ increasing,→ stable,99.9,✅ EXCELLENT,False,NONE,3.7,0.0,NONE
1780032447.68,80.3,90.9,32.4,1509.0,45.5,13.82,32.0,31.9,32.0,32.0,optimal,optimal,optimal,optimal,optimal,optimal,→ stable,↑ increasing,→ stable,99.9,✅ EXCELLENT,False,NONE,3.0,0.0,NONE
1780032448.682,81.3,90.4,32.0,1469.0,45.2,13.81,32.1,31.7,32.0,32.2,optimal,optimal,optimal,optimal,optimal,optimal,→ stable,↑ increasing,→ stable,99.9,✅ EXCELLENT,False,NONE,3.5,0.0,NONE
1780032449.683,79.8,90.1,31.9,1513.0,44.9,13.82,31.8,32.3,31.6,31.6,optimal,optimal,optimal,optimal,optimal,optimal,→ stable,↑ increasing,→ stable,99.9,✅ EXCELLENT,False,NONE,3.5,0.0,NONE
1780032452.269,78.9,90.1,31.8,1461.0,44.8,13.82,32.2,31.9,32.0,32.2,optimal,optimal,optimal,optimal,optimal,optimal,→ stable,→ stable,→ stable,99.9,✅ EXCELLENT,False,NONE,3.6,0.0,NONE
1780032453.27,82.0,89.7,31.7,1494.0,45.4,13.84,31.9,32.3,31.8,32.3,optimal,optimal,optimal,optimal,optimal,optimal,↑ increasing,→ stable,→ stable,99.9,✅ EXCELLENT,False,NONE,3.9,0.0,NONE
1780032454.271,81.4,89.4,32.1,1515.0,45.1,13.82,32.1,31.7,32.4,31.7,optimal,optimal,optimal,optimal,optimal,optimal,→ stable,→ stable,→ stable,99.9,✅ EXCELLENT,False,NONE,3.4,0.2,NONE
1780032455.272,79.5,89.5,32.1,1461.0,44.5,13.75,32.1,32.1,31.9,32.3,optimal,optimal,optimal,optimal,optimal,optimal,→ stable,→ stable,→ stable,99.9,✅ EXCELLENT,False,NONE,3.3,0.1,NONE
1780032456.272,82.9,90.2,32.4,1477.0,45.1,13.8,32.0,32.4,31.6,32.0,optimal,optimal,optimal,optimal,optimal,optimal,→ stable,→ stable,→ stable,99.9,✅ EXCELLENT,False,NONE,3.1,0.0,NONE
1780032457.273,82.6,89.0,32.1,1511.0,44.7,13.82,32.3,31.7,32.2,31.9,optimal,optimal,optimal,optimal,optimal,optimal,↑ increasing,→ stable,→ stable,99.9,✅ EXCELLENT,False,NONE,3.4,0.5,NONE
1780032458.273,80.1,89.6,31.8,1545.0,45.9,13.79,32.3,32.4,32.0,32.3,optimal,optimal,optimal,optimal,optimal,optimal,↑ increasing,→ stable,→ stable,99.9,✅ EXCELLENT,False,NONE,3.7,0.1,NONE
1780032459.275,77.1,91.4,32.3,1530.0,45.2,13.82,32.3,32.2,32.4,32.0,optimal,optimal,optimal,optimal,optimal,optimal,↑ increasing,→ stable,→ stable,99.9,✅ EXCELLENT,False,NONE,3.0,0.0,NONE
1780032460.276,81.8,90.0,31.7,1498.0,45.9,13.8,32.1,32.4,31.7,32.1,optimal,optimal,optimal,optimal,optimal,optimal,↑ increasing,→ stable,→ stable,99.9,✅ EXCELLENT,False,NONE,3.9,0.0,NONE
1780032461.276,80.7,91.1,32.3,1468.0,44.4,13.76,32.3,32.2,31.6,31.6,optimal,optimal,optimal,optimal,optimal,optimal,↑ increasing,→ stable,→ stable,99.9,✅ EXCELLENT,False,NONE,3.1,0.0,NONE
1780032462.8,77.8,90.4,31.9,1473.0,44.9,13.77,32.3,32.0,31.8,32.3,optimal,optimal,optimal,optimal,optimal,optimal,↑ increasing,→ stable,→ stable,99.9,✅ EXCELLENT,False,NONE,3.4,0.0,NONE
1780032463.8,80.4,90.2,32.3,1485.0,45.0,13.83,32.2,32.2,31.8,32.0,optimal,optimal,optimal,optimal,optimal,optimal,→ stable,→ stable,→ stable,99.9,✅ EXCELLENT,False,NONE,3.1,0.0,NONE
1780032464.799,77.8,90.6,31.9,1467.0,45.7,13.79,31.8,31.8,32.2,32.4,optimal,optimal,optimal,optimal,optimal,optimal,→ stable,→ stable,→ stable,99.9,✅ EXCELLENT,False,NONE,3.4,0.0,NONE
1780032465.8,79.6,90.9,31.8,1517.0,44.4,13.81,32.1,31.9,32.0,31.9,optimal,optimal,optimal,optimal,optimal,optimal,→ stable,→ stable,→ stable,99.9,✅ EXCELLENT,False,NONE,3.6,0.0,NONE
1780032466.8,82.0,90.6,32.0,1549.0,44.2,13.79,32.4,32.3,31.6,32.1,optimal,optimal,optimal,optimal,optimal,optimal,→ stable,→ stable,→ stable,99.9,✅ EXCELLENT,False,NONE,3.5,0.0,NONE
1780032467.799,81.0,90.8,31.9,1487.0,44.7,13.78,32.1,31.8,31.9,31.7,optimal,optimal,optimal,optimal,optimal,optimal,↓ decreasing,↑ increasing,→ stable,99.9,✅ EXCELLENT,False,NONE,3.6,0.0,NONE
1780032468.801,81.0,88.7,31.9,1511.0,45.6,13.8,32.2,31.9,32.1,31.9,optimal,optimal,optimal,optimal,optimal,optimal,↓ decreasing,↑ increasing,→ stable,99.9,✅ EXCELLENT,False,NONE,3.6,0.8,NONE
1780032469.802,81.5,88.7,31.6,1471.0,44.5,13.8,32.2,32.1,32.1,31.7,optimal,optimal,optimal,optimal,optimal,optimal,→ stable,→ stable,→ stable,99.9,✅ EXCELLENT,False,NONE,4.0,0.8,NONE
1780032470.802,80.4,90.6,32.1,1548.0,45.7,13.84,32.4,31.9,32.3,31.6,optimal,optimal,optimal,optimal,optimal,optimal,→ stable,→ stable,→ stable,99.9,✅ EXCELLENT,False,NONE,3.3,0.0,NONE
1780032471.802,79.2,90.5,31.8,1466.0,45.8,13.76,31.6,31.8,31.9,31.7,optimal,optimal,optimal,optimal,optimal,optimal,↓ decreasing,→ stable,→ stable,99.9,✅ EXCELLENT,False,NONE,3.6,0.0,NONE
1780032473.147,82.0,90.7,32.1,1547.0,44.6,13.85,32.0,32.0,31.6,31.6,optimal,optimal,optimal,optimal,optimal,optimal,→ stable,→ stable,→ stable,99.9,✅ EXCELLENT,False,NONE,3.4,0.0,NONE
1780032474.148,82.0,90.4,32.1,1535.0,45.9,13.79,32.0,31.9,32.1,32.1,optimal,optimal,optimal,optimal,optimal,optimal,→ stable,→ stable,→ stable,99.9,✅ EXCELLENT,False,NONE,3.4,0.0,NONE
1780032475.149,78.2,90.7,32.3,1506.0,45.8,13.75,31.8,32.0,31.7,31.8,optimal,optimal,optimal,optimal,optimal,optimal,↑ increasing,→ stable,→ stable,99.9,✅ EXCELLENT,False,NONE,3.0,0.0,NONE
1780032476.149,77.5,89.5,32.2,1515.0,44.5,13.79,32.3,31.7,31.8,31.7,optimal,optimal,optimal,optimal,optimal,optimal,→ stable,→ stable,→ stable,99.9,✅ EXCELLENT,False,NONE,3.1,0.1,NONE
1780032477.15,80.9,89.1,31.9,1535.0,45.9,13.8,31.7,32.1,31.6,32.1,optimal,optimal,optimal,optimal,optimal,optimal,→ stable,→ stable,→ stable,99.9,✅ EXCELLENT,False,NONE,3.6,0.4,NONE
1780032478.152,82.5,89.3,31.7,1458.0,45.0,13.75,31.7,32.2,31.7,32.4,optimal,optimal,optimal,optimal,optimal,optimal,↑ increasing,↓ decreasing,→ stable,99.9,✅ EXCELLENT,False,NONE,3.9,0.2,NONE
1780032479.152,77.6,89.5,32.2,1501.0,45.3,13.77,31.6,31.9,31.9,31.9,optimal,optimal,optimal,optimal,optimal,optimal,→ stable,↓ decreasing,→ stable,99.9,✅ EXCELLENT,False,NONE,3.1,0.1,NONE
1780032480.153,77.2,91.0,31.8,1478.0,44.2,13.79,32.0,31.8,31.7,32.0,optimal,optimal,optimal,optimal,optimal,optimal,↓ decreasing,→ stable,→ stable,99.9,✅ EXCELLENT,False,NONE,3.5,0.0,NONE
1780032481.153,80.9,90.3,32.2,1531.0,45.7,13.83,32.3,31.6,31.6,32.3,optimal,optimal,optimal,optimal,optimal,optimal,→ stable,→ stable,→ stable,99.9,✅ EXCELLENT,False,NONE,3.2,0.0,NONE
1780032482.154,80.8,90.7,31.7,1455.0,45.3,13.83,31.8,32.0,31.7,32.3,optimal,optimal,optimal,optimal,optimal,optimal,→ stable,→ stable,→ stable,99.9,✅ EXCELLENT,False,NONE,3.8,0.0,NONE
1780032483.688,79.9,90.8,32.0,1515.0,44.2,13.8,31.9,31.9,31.8,31.7,optimal,optimal,optimal,optimal,optimal,optimal,↓ decreasing,→ stable,→ stable,99.9,✅ EXCELLENT,False,NONE,3.4,0.0,NONE
1780032484.689,77.9,90.7,32.2,1460.0,44.7,13.78,32.2,32.1,32.0,31.7,optimal,optimal,optimal,optimal,optimal,optimal,↓ decreasing,→ stable,→ stable,99.9,✅ EXCELLENT,False,NONE,3.1,0.0,NONE
1780032485.689,77.2,88.9,32.1,1537.0,44.9,13.76,31.7,32.3,32.0,31.6,optimal,optimal,optimal,optimal,optimal,optimal,↓ decreasing,→ stable,→ stable,99.9,✅ EXCELLENT,False,NONE,3.2,0.6,NONE
1780032486.69,82.8,89.0,32.0,1491.0,45.5,13.77,32.1,32.1,31.8,32.1,optimal,optimal,optimal,optimal,optimal,optimal,↓ decreasing,→ stable,→ stable,99.9,✅ EXCELLENT,False,NONE,3.5,0.5,NONE
1780032487.691,77.3,90.1,32.0,1513.0,44.6,13.82,31.8,31.7,32.2,32.1,optimal,optimal,optimal,optimal,optimal,optimal,↓ decreasing,→ stable,→ stable,99.9,✅ EXCELLENT,False,NONE,3.3,0.0,NONE
1780032488.692,79.4,91.4,31.6,1539.0,45.9,13.79,32.0,32.2,32.0,32.2,optimal,optimal,optimal,optimal,optimal,optimal,↓ decreasing,→ stable,→ stable,99.9,✅ EXCELLENT,False,NONE,3.9,0.0,NONE
1780032489.692,81.9,88.6,31.9,1481.0,44.5,13.81,32.2,32.3,31.9,31.7,optimal,optimal,optimal,optimal,optimal,optimal,↓ decreasing,→ stable,→ stable,99.9,✅ EXCELLENT,False,NONE,3.6,1.0,NONE
1780032490.692,79.7,89.6,31.8,1548.0,46.0,13.84,31.8,31.8,32.0,32.3,optimal,optimal,optimal,optimal,optimal,optimal,→ stable,→ stable,→ stable,99.9,✅ EXCELLENT,False,NONE,3.6,0.1,NONE
1780032491.692,81.4,90.6,31.9,1499.0,45.6,13.84,32.2,31.9,31.9,32.1,optimal,optimal,optimal,optimal,optimal,optimal,→ stable,→ stable,→ stable,99.9,✅ EXCELLENT,False,NONE,3.6,0.0,NONE
1780032492.693,78.5,89.0,31.9,1542.0,44.1,13.83,32.4,32.3,32.3,31.8,optimal,optimal,optimal,optimal,optimal,optimal,→ stable,→ stable,→ stable,99.9,✅ EXCELLENT,False,NONE,3.5,0.5,NONE
1780032494.132,80.5,88.5,32.3,1462.0,45.3,13.77,31.7,32.3,31.9,32.4,optimal,optimal,optimal,optimal,optimal,optimal,→ stable,→ stable,→ stable,99.9,✅ EXCELLENT,False,NONE,3.1,1.1,NONE
1780032495.132,80.3,90.8,31.8,1540.0,44.5,13.84,32.4,31.8,31.9,32.1,optimal,optimal,optimal,optimal,optimal,optimal,↑ increasing,↓ decreasing,→ stable,99.9,✅ EXCELLENT,False,NONE,3.7,0.0,NONE
1780032496.133,81.8,89.6,31.6,1537.0,44.5,13.76,31.8,32.3,31.6,31.9,optimal,optimal,optimal,optimal,optimal,optimal,↑ increasing,→ stable,→ stable,99.9,✅ EXCELLENT,False,NONE,4.0,0.1,NONE
1780032497.134,81.5,90.6,31.7,1503.0,45.6,13.83,31.8,31.9,32.1,32.3,optimal,optimal,optimal,optimal,optimal,optimal,→ stable,→ stable,→ stable,99.9,✅ EXCELLENT,False,NONE,3.8,0.0,NONE
1780032498.134,78.3,90.1,32.1,1469.0,45.0,13.81,31.9,32.2,32.4,32.1,optimal,optimal,optimal,optimal,optimal,optimal,↑ increasing,→ stable,→ stable,99.9,✅ EXCELLENT,False,NONE,3.2,0.0,NONE
1780032499.134,80.0,88.7,31.8,1518.0,45.4,13.82,31.8,31.6,32.0,31.9,optimal,optimal,optimal,optimal,optimal,optimal,↑ increasing,↓ decreasing,→ stable,99.9,✅ EXCELLENT,False,NONE,3.7,0.8,NONE
1780032500.135,77.9,88.9,32.4,1475.0,45.6,13.83,32.1,31.8,32.0,32.3,optimal,optimal,optimal,optimal,optimal,optimal,→ stable,↓ decreasing,→ stable,99.9,✅ EXCELLENT,False,NONE,2.9,0.6,NONE
1780032501.135,78.6,90.4,31.9,1526.0,44.0,13.77,31.9,31.8,31.8,32.0,optimal,optimal,optimal,optimal,optimal,optimal,→ stable,→ stable,→ stable,99.9,✅ EXCELLENT,False,NONE,3.5,0.0,NONE
1780032502.135,80.3,89.9,31.6,1518.0,44.6,13.77,31.9,32.2,32.3,32.1,optimal,optimal,optimal,optimal,optimal,optimal,→ stable,→ stable,→ stable,99.9,✅ EXCELLENT,False,NONE,3.9,0.0,NONE
1780032503.136,78.1,89.6,31.9,1521.0,45.1,13.8,32.3,32.2,32.3,32.2,optimal,optimal,optimal,optimal,optimal,optimal,→ stable,→ stable,→ stable,99.9,✅ EXCELLENT,False,NONE,3.5,0.1,NONE
1780032504.839,77.7,90.9,32.2,1472.0,45.5,13.78,32.0,31.7,31.6,31.7,optimal,optimal,optimal,optimal,optimal,optimal,→ stable,→ stable,→ stable,99.9,✅ EXCELLENT,False,NONE,3.1,0.0,NONE
1780032505.839,77.7,89.1,31.9,1474.0,45.5,13.79,32.3,32.0,31.7,32.3,optimal,optimal,optimal,optimal,optimal,optimal,↓ decreasing,→ stable,→ stable,99.9,✅ EXCELLENT,False,NONE,3.4,0.4,NONE
1780032506.84,82.5,91.4,32.4,1527.0,45.5,13.75,31.9,31.7,31.9,31.8,optimal,optimal,optimal,optimal,optimal,optimal,↓ decreasing,→ stable,→ stable,99.9,✅ EXCELLENT,False,NONE,3.1,0.0,NONE
1780032507.841,77.1,91.5,31.8,1513.0,45.6,13.77,32.0,32.1,31.7,31.7,optimal,optimal,optimal,optimal,optimal,optimal,↓ decreasing,→ stable,→ stable,99.9,✅ EXCELLENT,False,NONE,3.5,0.0,NONE
1780032508.841,81.2,90.1,31.8,1548.0,45.4,13.76,31.7,32.3,32.2,32.1,optimal,optimal,optimal,optimal,optimal,optimal,↓ decreasing,→ stable,→ stable,99.9,✅ EXCELLENT,False,NONE,3.7,0.0,NONE
1780032509.841,80.1,90.3,31.8,1472.0,45.6,13.85,31.9,32.3,31.9,31.9,optimal,optimal,optimal,optimal,optimal,optimal,↓ decreasing,↑ increasing,→ stable,99.9,✅ EXCELLENT,False,NONE,3.7,0.0,NONE
1780032510.842,77.9,90.6,32.2,1473.0,44.4,13.79,31.9,31.7,32.1,31.9,optimal,optimal,optimal,optimal,optimal,optimal,↓ decreasing,↑ increasing,→ stable,99.9,✅ EXCELLENT,False,NONE,3.1,0.0,NONE
1780032511.843,79.6,91.4,31.9,1529.0,45.9,13.76,32.0,32.4,31.9,32.3,optimal,optimal,optimal,optimal,optimal,optimal,↓ decreasing,↑ increasing,→ stable,99.9,✅ EXCELLENT,False,NONE,3.5,0.0,NONE
1780032512.844,81.9,90.7,32.0,1482.0,44.8,13.84,31.8,32.3,32.3,32.3,optimal,optimal,optimal,optimal,optimal,optimal,→ stable,↑ increasing,→ stable,99.9,✅ EXCELLENT,False,NONE,3.5,0.0,NONE
1780032513.845,77.4,90.3,32.3,1532.0,45.9,13.77,32.4,32.1,32.0,32.0,optimal,optimal,optimal,optimal,optimal,optimal,→ stable,↑ increasing,→ stable,99.9,✅ EXCELLENT,False,NONE,3.0,0.0,NONE
1780032515.425,81.7,89.7,32.2,1502.0,45.6,13.78,32.0,31.7,31.8,32.0,optimal,optimal,optimal,optimal,optimal,optimal,→ stable,↑ increasing,→ stable,99.9,✅ EXCELLENT,False,NONE,3.3,0.0,NONE
1780032516.426,80.0,90.6,31.7,1465.0,44.8,13.76,32.3,32.3,31.8,31.9,optimal,optimal,optimal,optimal,optimal,optimal,↑ increasing,↑ increasing,→ stable,99.9,✅ EXCELLENT,False,NONE,3.8,0.0,NONE
1780032517.427,79.4,89.2,31.9,1539.0,44.4,13.78,32.4,32.2,31.7,32.0,optimal,optimal,optimal,optimal,optimal,optimal,→ stable,→ stable,→ stable,99.9,✅ EXCELLENT,False,NONE,3.5,0.3,NONE
1780032518.428,80.2,89.0,31.6,1521.0,45.6,13.82,31.6,32.2,31.7,32.3,optimal,optimal,optimal,optimal,optimal,optimal,↑ increasing,→ stable,→ stable,99.9,✅ EXCELLENT,False,NONE,3.9,0.5,NONE
1780032519.429,81.9,89.3,32.2,1549.0,44.9,13.79,32.1,32.2,31.7,32.3,optimal,optimal,optimal,optimal,optimal,optimal,↑ increasing,→ stable,→ stable,99.9,✅ EXCELLENT,False,NONE,3.3,0.2,NONE
1780032520.431,78.0,91.4,32.2,1528.0,44.6,13.8,32.3,31.9,32.3,31.7,optimal,optimal,optimal,optimal,optimal,optimal,↑ increasing,→ stable,→ stable,99.9,✅ EXCELLENT,False,NONE,3.1,0.0,NONE
1780032521.432,81.2,90.3,31.7,1536.0,46.0,13.79,31.7,31.9,32.2,31.8,optimal,optimal,optimal,optimal,optimal,optimal,↑ increasing,→ stable,→ stable,99.9,✅ EXCELLENT,False,NONE,3.8,0.0,NONE
1780032522.432,81.8,89.5,32.3,1454.0,44.3,13.83,32.3,31.8,32.1,31.8,optimal,optimal,optimal,optimal,optimal,optimal,↑ increasing,→ stable,→ stable,99.9,✅ EXCELLENT,False,NONE,3.2,0.1,NONE
1780032523.432,80.0,90.3,32.3,1485.0,44.2,13.84,31.8,31.9,32.3,32.4,optimal,optimal,optimal,optimal,optimal,optimal,↑ increasing,↓ decreasing,→ stable,99.9,✅ EXCELLENT,False,NONE,3.1,0.0,NONE
1780032524.433,81.6,90.8,31.7,1473.0,45.4,13.84,31.7,31.6,32.2,32.3,optimal,optimal,optimal,optimal,optimal,optimal,↑ increasing,↓ decreasing,→ stable,99.9,✅ EXCELLENT,False,NONE,3.8,0.0,NONE
1780032525.759,80.1,88.7,31.8,1476.0,45.1,13.78,31.9,32.2,32.0,31.7,optimal,optimal,optimal,optimal,optimal,optimal,↑ increasing,↓ decreasing,→ stable,99.9,✅ EXCELLENT,False,NONE,3.7,0.8,NONE
1780032526.759,77.6,90.7,31.6,1538.0,44.8,13.84,32.3,31.7,32.3,32.3,optimal,optimal,optimal,optimal,optimal,optimal,→ stable,↓ decreasing,→ stable,99.9,✅ EXCELLENT,False,NONE,3.8,0.0,NONE
1780032527.76,82.3,89.3,32.0,1546.0,44.5,13.8,32.2,31.7,32.2,32.3,optimal,optimal,optimal,optimal,optimal,optimal,↑ increasing,↓ decreasing,→ stable,99.9,✅ EXCELLENT,False,NONE,3.5,0.2,NONE
1780032528.76,80.6,89.4,32.4,1452.0,44.6,13.79,31.9,31.7,31.7,31.9,optimal,optimal,optimal,optimal,optimal,optimal,↑ increasing,→ stable,→ stable,99.9,✅ EXCELLENT,False,NONE,3.0,0.2,NONE
1780032529.761,77.6,89.6,32.2,1548.0,45.7,13.8,31.7,32.3,32.3,32.2,optimal,optimal,optimal,optimal,optimal,optimal,→ stable,→ stable,→ stable,99.9,✅ EXCELLENT,False,NONE,3.1,0.1,NONE
1780032530.762,81.0,89.1,31.8,1493.0,45.0,13.8,32.3,32.4,32.2,31.7,optimal,optimal,optimal,optimal,optimal,optimal,↑ increasing,→ stable,→ stable,99.9,✅ EXCELLENT,False,NONE,3.7,0.4,NONE
1780032531.762,78.6,90.5,32.1,1472.0,45.2,13.8,32.3,32.3,31.7,31.8,optimal,optimal,optimal,optimal,optimal,optimal,→ stable,→ stable,→ stable,99.9,✅ EXCELLENT,False,NONE,3.3,0.0,NONE
1780032532.762,79.7,91.1,31.8,1472.0,45.3,13.8,32.2,31.9,31.8,31.9,optimal,optimal,optimal,optimal,optimal,optimal,→ stable,→ stable,→ stable,99.9,✅ EXCELLENT,False,NONE,3.6,0.0,NONE
1780032533.762,82.2,90.1,31.8,1533.0,45.4,13.76,32.2,31.9,31.7,32.0,optimal,optimal,optimal,optimal,optimal,optimal,→ stable,→ stable,→ stable,99.9,✅ EXCELLENT,False,NONE,3.8,0.0,NONE
1780032534.764,83.0,88.7,32.1,1548.0,44.9,13.77,32.1,31.8,32.3,32.0,optimal,optimal,optimal,optimal,optimal,optimal,→ stable,→ stable,→ stable,99.9,✅ EXCELLENT,False,NONE,3.4,0.8,NONE
1780032536.156,78.4,91.1,31.9,1458.0,45.7,13.82,32.2,32.1,32.2,32.3,optimal,optimal,optimal,optimal,optimal,optimal,→ stable,→ stable,→ stable,99.9,✅ EXCELLENT,False,NONE,3.5,0.0,NONE
1780032537.156,77.6,89.3,32.1,1456.0,44.6,13.79,32.3,32.3,31.9,32.1,optimal,optimal,optimal,optimal,optimal,optimal,→ stable,→ stable,→ stable,99.9,✅ EXCELLENT,False,NONE,3.2,0.2,NONE
1780032538.157,81.1,90.9,32.4,1481.0,44.6,13.84,32.3,31.9,31.6,31.7,optimal,optimal,optimal,optimal,optimal,optimal,→ stable,→ stable,→ stable,99.9,✅ EXCELLENT,False,NONE,3.0,0.0,NONE
1780032539.158,80.0,89.5,32.2,1511.0,44.6,13.79,32.0,31.7,32.2,32.1,optimal,optimal,optimal,optimal,optimal,optimal,↓ decreasing,→ stable,→ stable,99.9,✅ EXCELLENT,False,NONE,3.2,0.1,NONE
1780032540.159,80.4,89.1,32.4,1512.0,45.5,13.83,32.0,32.0,32.1,31.7,optimal,optimal,optimal,optimal,optimal,optimal,→ stable,→ stable,→ stable,99.9,✅ EXCELLENT,False,NONE,3.0,0.4,NONE
1780032541.159,81.1,90.7,31.7,1528.0,45.4,13.79,31.9,32.2,32.2,31.9,optimal,optimal,optimal,optimal,optimal,optimal,→ stable,→ stable,→ stable,99.9,✅ EXCELLENT,False,NONE,3.8,0.0,NONE
1780032542.159,78.8,90.4,32.2,1462.0,45.3,13.85,31.9,31.7,32.0,31.9,optimal,optimal,optimal,optimal,optimal,optimal,→ stable,→ stable,→ stable,99.9,✅ EXCELLENT,False,NONE,3.2,0.0,NONE
1780032543.16,80.6,89.5,32.3,1468.0,44.2,13.81,32.2,32.4,32.3,32.1,optimal,optimal,optimal,optimal,optimal,optimal,→ stable,→ stable,→ stable,99.9,✅ EXCELLENT,False,NONE,3.1,0.1,NONE
1780032544.162,80.2,90.1,32.0,1548.0,44.2,13.77,32.2,31.7,32.2,31.8,optimal,optimal,optimal,optimal,optimal,optimal,→ stable,→ stable,→ stable,99.9,✅ EXCELLENT,False,NONE,3.4,0.0,NONE
1780032545.162,81.5,90.3,32.3,1547.0,44.5,13.79,31.8,32.3,32.2,31.7,optimal,optimal,optimal,optimal,optimal,optimal,→ stable,→ stable,→ stable,99.9,✅ EXCELLENT,False,NONE,3.1,0.0,NONE
1780032546.752,82.4,90.7,32.0,1479.0,45.8,13.77,32.3,32.3,32.1,32.3,optimal,optimal,optimal,optimal,optimal,optimal,→ stable,→ stable,→ stable,99.9,✅ EXCELLENT,False,NONE,3.5,0.0,NONE
1780032547.752,80.8,90.7,31.6,1483.0,45.3,13.78,31.8,32.0,32.2,32.0,optimal,optimal,optimal,optimal,optimal,optimal,↑ increasing,→ stable,→ stable,99.9,✅ EXCELLENT,False,NONE,3.9,0.0,NONE
1780032548.752,81.2,90.2,32.1,1473.0,44.3,13.8,32.2,32.2,32.3,32.1,optimal,optimal,optimal,optimal,optimal,optimal,↑ increasing,→ stable,→ stable,99.9,✅ EXCELLENT,False,NONE,3.4,0.0,NONE
1780032549.752,82.2,91.2,32.2,1523.0,45.3,13.79,31.8,32.0,31.9,32.3,optimal,optimal,optimal,optimal,optimal,optimal,↑ increasing,→ stable,→ stable,99.9,✅ EXCELLENT,False,NONE,3.3,0.0,NONE
1780032550.753,78.4,88.8,31.7,1492.0,45.9,13.75,32.2,31.9,32.3,32.2,optimal,optimal,optimal,optimal,optimal,optimal,↑ increasing,→ stable,→ stable,99.9,✅ EXCELLENT,False,NONE,3.7,0.7,NONE
1780032551.753,82.1,90.3,31.9,1483.0,45.0,13.8,32.3,32.3,31.7,31.9,optimal,optimal,optimal,optimal,optimal,optimal,↑ increasing,→ stable,→ stable,99.9,✅ EXCELLENT,False,NONE,3.6,0.0,NONE
1780032552.753,78.7,90.0,31.8,1513.0,45.0,13.82,31.9,31.8,32.2,32.3,optimal,optimal,optimal,optimal,optimal,optimal,↑ increasing,→ stable,→ stable,99.9,✅ EXCELLENT,False,NONE,3.6,0.0,NONE
1780032553.754,78.1,88.5,31.7,1466.0,45.5,13.85,32.0,32.0,31.8,31.6,optimal,optimal,optimal,optimal,optimal,optimal,→ stable,→ stable,→ stable,99.9,✅ EXCELLENT,False,NONE,3.7,1.1,NONE
1780032554.755,82.3,89.0,32.0,1456.0,45.0,13.8,32.0,32.2,31.8,32.1,optimal,optimal,optimal,optimal,optimal,optimal,↑ increasing,→ stable,→ stable,99.9,✅ EXCELLENT,False,NONE,3.5,0.5,NONE
1780032555.755,80.3,90.3,32.1,1521.0,44.3,13.77,32.2,32.0,32.3,32.0,optimal,optimal,optimal,optimal,optimal,optimal,↑ increasing,→ stable,→ stable,99.9,✅ EXCELLENT,False,NONE,3.3,0.0,NONE
1780032557.077,78.9,88.6,32.2,1536.0,44.7,13.77,32.0,31.9,31.7,32.1,optimal,optimal,optimal,optimal,optimal,optimal,→ stable,→ stable,→ stable,99.9,✅ EXCELLENT,False,NONE,3.2,1.0,NONE
1780032558.078,82.0,89.4,31.7,1496.0,45.1,13.8,31.8,31.6,31.6,32.0,optimal,optimal,optimal,optimal,optimal,optimal,→ stable,↓ decreasing,→ stable,99.9,✅ EXCELLENT,False,NONE,3.9,0.2,NONE
1780032559.078,81.0,89.8,31.9,1537.0,45.3,13.79,31.8,31.9,32.0,32.2,optimal,optimal,optimal,optimal,optimal,optimal,→ stable,↓ decreasing,→ stable,99.9,✅ EXCELLENT,False,NONE,3.6,0.0,NONE
1780032560.079,77.0,89.4,31.9,1513.0,44.2,13.8,32.3,32.3,32.0,32.1,optimal,optimal,optimal,optimal,optimal,optimal,↓ decreasing,↓ decreasing,→ stable,99.9,✅ EXCELLENT,False,NONE,3.4,0.2,NONE
1780032561.079,77.8,91.1,31.7,1546.0,45.0,13.77,32.0,31.7,32.3,32.2,optimal,optimal,optimal,optimal,optimal,optimal,↓ decreasing,↓ decreasing,→ stable,99.9,✅ EXCELLENT,False,NONE,3.7,0.0,NONE
1780032562.079,79.0,88.7,32.3,1509.0,45.9,13.84,32.1,32.3,32.3,32.2,optimal,optimal,optimal,optimal,optimal,optimal,↓ decreasing,↓ decreasing,→ stable,99.9,✅ EXCELLENT,False,NONE,3.0,0.8,NONE
1780032563.08,77.4,89.8,32.0,1514.0,45.3,13.79,32.0,32.2,31.7,32.3,optimal,optimal,optimal,optimal,optimal,optimal,↓ decreasing,↓ decreasing,→ stable,99.9,✅ EXCELLENT,False,NONE,3.3,0.0,NONE
1780032564.08,80.3,89.4,32.4,1465.0,44.6,13.81,31.8,31.7,31.7,31.7,optimal,optimal,optimal,optimal,optimal,optimal,↓ decreasing,↓ decreasing,→ stable,99.9,✅ EXCELLENT,False,NONE,3.0,0.2,NONE
1780032565.08,79.2,89.5,32.1,1508.0,44.1,13.79,31.9,32.3,31.7,32.0,optimal,optimal,optimal,optimal,optimal,optimal,↓ decreasing,→ stable,→ stable,99.9,✅ EXCELLENT,False,NONE,3.3,0.1,NONE
1780032566.081,79.0,89.6,31.7,1506.0,44.6,13.81,31.8,32.3,31.8,32.2,optimal,optimal,optimal,optimal,optimal,optimal,↓ decreasing,→ stable,→ stable,99.9,✅ EXCELLENT,False,NONE,3.7,0.1,NONE
1780032567.521,78.0,91.3,32.2,1533.0,44.9,13.79,31.9,31.6,31.7,31.7,optimal,optimal,optimal,optimal,optimal,optimal,↓ decreasing,→ stable,→ stable,99.9,✅ EXCELLENT,False,NONE,3.1,0.0,NONE
1780032568.522,80.8,89.7,32.4,1502.0,45.6,13.78,32.0,31.6,32.0,31.7,optimal,optimal,optimal,optimal,optimal,optimal,↓ decreasing,→ stable,→ stable,99.9,✅ EXCELLENT,False,NONE,3.0,0.0,NONE
1780032569.523,80.0,89.3,31.7,1470.0,44.1,13.76,31.7,32.1,31.6,31.9,optimal,optimal,optimal,optimal,optimal,optimal,↓ decreasing,→ stable,→ stable,99.9,✅ EXCELLENT,False,NONE,3.8,0.2,NONE
1780032570.524,79.6,90.1,31.7,1467.0,44.1,13.84,31.6,31.9,32.3,31.9,optimal,optimal,optimal,optimal,optimal,optimal,↓ decreasing,→ stable,→ stable,99.9,✅ EXCELLENT,False,NONE,3.8,0.0,NONE
1780032571.524,77.5,90.6,31.8,1539.0,44.1,13.79,31.7,31.9,32.0,31.6,optimal,optimal,optimal,optimal,optimal,optimal,↓ decreasing,→ stable,→ stable,99.9,✅ EXCELLENT,False,NONE,3.5,0.0,NONE
1780032572.524,80.3,91.4,32.3,1460.0,45.4,13.84,32.3,31.8,31.6,32.1,optimal,optimal,optimal,optimal,optimal,optimal,→ stable,↑ increasing,→ stable,99.9,✅ EXCELLENT,False,NONE,3.1,0.0,NONE
1780032573.525,79.2,88.9,31.6,1454.0,45.0,13.83,32.2,32.1,31.8,32.2,optimal,optimal,optimal,optimal,optimal,optimal,→ stable,↑ increasing,→ stable,99.9,✅ EXCELLENT,False,NONE,3.8,0.6,NONE
1780032574.525,81.5,91.1,31.8,1523.0,44.3,13.75,32.2,32.0,31.9,32.0,optimal,optimal,optimal,optimal,optimal,optimal,→ stable,↑ increasing,→ stable,99.9,✅ EXCELLENT,False,NONE,3.7,0.0,NONE
1780032575.526,80.7,91.2,32.0,1460.0,45.8,13.78,32.3,32.3,31.8,32.1,optimal,optimal,optimal,optimal,optimal,optimal,→ stable,↑ increasing,→ stable,99.9,✅ EXCELLENT,False,NONE,3.5,0.0,NONE
1780032576.526,81.4,90.3,32.3,1467.0,44.2,13.76,32.4,32.1,32.4,32.0,optimal,optimal,optimal,optimal,optimal,optimal,↑ increasing,↑ increasing,→ stable,99.9,✅ EXCELLENT,False,NONE,3.1,0.0,NONE
1780032577.922,82.8,88.9,32.1,1488.0,45.9,13.82,31.9,32.1,32.3,32.0,optimal,optimal,optimal,optimal,optimal,optimal,↑ increasing,→ stable,→ stable,99.9,✅ EXCELLENT,False,NONE,3.4,0.6,NONE
1780032578.923,80.4,91.4,32.0,1549.0,44.3,13.84,31.8,32.3,32.1,32.3,optimal,optimal,optimal,optimal,optimal,optimal,↑ increasing,→ stable,→ stable,99.9,✅ EXCELLENT,False,NONE,3.4,0.0,NONE
1780032579.923,77.6,90.3,32.2,1467.0,46.0,13.76,31.9,32.3,32.4,32.0,optimal,optimal,optimal,optimal,optimal,optimal,↑ increasing,↑ increasing,→ stable,99.9,✅ EXCELLENT,False,NONE,3.1,0.0,NONE
1780032580.925,81.7,88.9,31.6,1510.0,44.0,13.82,32.0,31.7,32.1,31.6,optimal,optimal,optimal,optimal,optimal,optimal,↑ increasing,→ stable,→ stable,99.9,✅ EXCELLENT,False,NONE,4.0,0.6,NONE
1780032581.926,82.7,91.1,31.9,1500.0,45.4,13.76,31.7,31.8,32.2,31.8,optimal,optimal,optimal,optimal,optimal,optimal,↑ increasing,↑ increasing,→ stable,99.9,✅ EXCELLENT,False,NONE,3.7,0.0,NONE
1780032582.927,79.6,90.9,32.1,1527.0,45.2,13.84,32.4,31.8,32.0,31.7,optimal,optimal,optimal,optimal,optimal,optimal,↑ increasing,→ stable,→ stable,99.9,✅ EXCELLENT,False,NONE,3.3,0.0,NONE
1780032583.927,82.0,89.5,32.0,1460.0,45.1,13.79,32.3,31.9,32.4,32.1,optimal,optimal,optimal,optimal,optimal,optimal,↑ increasing,→ stable,→ stable,99.9,✅ EXCELLENT,False,NONE,3.5,0.1,NONE
1780032584.928,78.8,90.2,32.1,1501.0,45.0,13.84,31.6,31.9,31.9,32.4,optimal,optimal,optimal,optimal,optimal,optimal,↑ increasing,→ stable,→ stable,99.9,✅ EXCELLENT,False,NONE,3.3,0.0,NONE
1780032585.928,80.4,91.1,31.9,1536.0,44.3,13.84,32.0,32.2,32.1,32.0,optimal,optimal,optimal,optimal,optimal,optimal,↑ increasing,→ stable,→ stable,99.9,✅ EXCELLENT,False,NONE,3.6,0.0,NONE
1780032586.929,81.4,89.2,31.7,1502.0,45.1,13.78,31.7,32.4,32.0,32.2,optimal,optimal,optimal,optimal,optimal,optimal,↑ increasing,→ stable,→ stable,99.9,✅ EXCELLENT,False,NONE,3.8,0.3,NONE
1780032588.53,81.4,90.4,32.3,1454.0,44.0,13.83,31.8,31.7,31.9,32.3,optimal,optimal,optimal,optimal,optimal,optimal,→ stable,→ stable,→ stable,99.9,✅ EXCELLENT,False,NONE,3.1,0.0,NONE
1780032589.531,81.6,90.3,32.3,1546.0,45.7,13.76,31.9,32.2,32.1,31.6,optimal,optimal,optimal,optimal,optimal,optimal,→ stable,→ stable,→ stable,99.9,✅ EXCELLENT,False,NONE,3.1,0.0,NONE
1780032590.532,81.5,89.6,31.9,1498.0,45.3,13.83,32.2,31.8,31.8,31.6,optimal,optimal,optimal,optimal,optimal,optimal,↑ increasing,→ stable,→ stable,99.9,✅ EXCELLENT,False,NONE,3.6,0.1,NONE
1780032591.533,81.3,91.0,31.8,1490.0,44.6,13.8,31.9,32.1,32.2,32.4,optimal,optimal,optimal,optimal,optimal,optimal,↑ increasing,→ stable,→ stable,99.9,✅ EXCELLENT,False,NONE,3.7,0.0,NONE
1780032592.534,81.7,91.0,32.0,1523.0,45.4,13.84,32.0,31.9,31.6,31.7,optimal,optimal,optimal,optimal,optimal,optimal,→ stable,→ stable,→ stable,99.9,✅ EXCELLENT,False,NONE,3.5,0.0,NONE
1780032593.534,81.6,90.9,31.8,1468.0,44.3,13.76,32.2,32.0,32.3,32.2,optimal,optimal,optimal,optimal,optimal,optimal,→ stable,→ stable,→ stable,99.9,✅ EXCELLENT,False,NONE,3.7,0.0,NONE
1780032594.534,77.3,88.7,32.4,1478.0,44.7,13.78,32.1,31.8,32.3,31.8,optimal,optimal,optimal,optimal,optimal,optimal,→ stable,→ stable,→ stable,99.9,✅ EXCELLENT,False,NONE,2.9,0.8,NONE
1780032595.534,77.1,89.6,31.9,1453.0,44.1,13.83,32.1,31.7,31.9,32.4,optimal,optimal,optimal,optimal,optimal,optimal,→ stable,→ stable,→ stable,99.9,✅ EXCELLENT,False,NONE,3.4,0.1,NONE
1780032596.534,82.6,91.1,31.6,1523.0,44.3,13.78,31.7,31.8,31.6,32.0,optimal,optimal,optimal,optimal,optimal,optimal,→ stable,→ stable,→ stable,99.9,✅ EXCELLENT,False,NONE,4.0,0.0,NONE
1780032597.534,78.4,91.0,32.4,1542.0,45.2,13.78,32.1,31.7,32.1,32.2,optimal,optimal,optimal,optimal,optimal,optimal,→ stable,→ stable,→ stable,99.9,✅ EXCELLENT,False,NONE,2.9,0.0,NONE
1780032598.894,80.3,89.1,31.8,1463.0,44.7,13.77,31.6,31.9,31.9,31.9,optimal,optimal,optimal,optimal,optimal,optimal,→ stable,→ stable,→ stable,99.9,✅ EXCELLENT,False,NONE,3.7,0.4,NONE
1780032599.895,80.2,90.2,31.7,1478.0,45.3,13.75,32.3,31.8,31.7,31.7,optimal,optimal,optimal,optimal,optimal,optimal,↓ decreasing,→ stable,→ stable,99.9,✅ EXCELLENT,False,NONE,3.8,0.0,NONE
1780032600.896,77.2,90.5,32.1,1507.0,44.1,13.8,31.7,31.7,31.7,31.8,optimal,optimal,optimal,optimal,optimal,optimal,↓ decreasing,→ stable,→ stable,99.9,✅ EXCELLENT,False,NONE,3.2,0.0,NONE
1780032601.896,79.8,91.1,32.2,1541.0,45.7,13.81,32.0,32.2,32.1,32.3,optimal,optimal,optimal,optimal,optimal,optimal,↓ decreasing,→ stable,→ stable,99.9,✅ EXCELLENT,False,NONE,3.2,0.0,NONE
1780032602.897,77.4,88.9,32.0,1468.0,44.6,13.76,31.9,32.1,31.8,32.0,optimal,optimal,optimal,optimal,optimal,optimal,↓ decreasing,→ stable,→ stable,99.9,✅ EXCELLENT,False,NONE,3.3,0.6,NONE
1780032603.898,79.5,89.3,31.8,1508.0,45.1,13.78,31.9,31.9,31.9,32.1,optimal,optimal,optimal,optimal,optimal,optimal,↓ decreasing,→ stable,→ stable,99.9,✅ EXCELLENT,False,NONE,3.6,0.2,NONE
1780032604.898,77.2,88.6,31.6,1522.0,44.1,13.77,32.1,31.8,32.3,32.4,optimal,optimal,optimal,optimal,optimal,optimal,↓ decreasing,→ stable,→ stable,99.9,✅ EXCELLENT,False,NONE,3.7,1.0,NONE
1780032605.898,81.9,90.3,32.1,1470.0,44.2,13.82,31.7,31.7,31.9,31.8,optimal,optimal,optimal,optimal,optimal,optimal,↓ decreasing,→ stable,→ stable,99.9,✅ EXCELLENT,False,NONE,3.4,0.0,NONE
1780032606.899,79.8,88.9,31.8,1475.0,44.8,13.79,32.1,31.9,31.8,31.7,optimal,optimal,optimal,optimal,optimal,optimal,↓ decreasing,→ stable,→ stable,99.9,✅ EXCELLENT,False,NONE,3.6,0.6,NONE
1780032607.899,78.6,91.3,32.4,1459.0,45.3,13.77,32.4,31.9,31.7,32.4,optimal,optimal,optimal,optimal,optimal,optimal,↓ decreasing,↓ decreasing,→ stable,99.9,✅ EXCELLENT,False,NONE,2.9,0.0,NONE
1780032609.256,78.8,89.2,32.3,1525.0,45.2,13.76,31.8,31.9,31.9,32.4,optimal,optimal,optimal,optimal,optimal,optimal,↓ decreasing,→ stable,→ stable,99.9,✅ EXCELLENT,False,NONE,3.0,0.3,NONE
1780032610.256,81.6,89.8,32.0,1488.0,45.7,13.79,32.0,32.3,31.7,31.8,optimal,optimal,optimal,optimal,optimal,optimal,↓ decreasing,→ stable,→ stable,99.9,✅ EXCELLENT,False,NONE,3.5,0.0,NONE
1780032611.258,82.1,89.5,31.6,1456.0,44.8,13.77,32.0,31.8,32.1,31.8,optimal,optimal,optimal,optimal,optimal,optimal,→ stable,↓ decreasing,→ stable,99.9,✅ EXCELLENT,False,NONE,4.0,0.1,NONE
1780032612.259,78.5,90.6,32.0,1537.0,44.7,13.8,32.3,32.2,32.1,32.3,optimal,optimal,optimal,optimal,optimal,optimal,→ stable,↓ decreasing,→ stable,99.9,✅ EXCELLENT,False,NONE,3.4,0.0,NONE
1780032613.26,78.0,88.6,32.1,1517.0,44.5,13.77,31.8,31.8,32.4,32.2,optimal,optimal,optimal,optimal,optimal,optimal,→ stable,→ stable,→ stable,99.9,✅ EXCELLENT,False,NONE,3.2,1.0,NONE
1780032614.261,78.6,89.0,31.9,1501.0,45.1,13.76,32.0,31.7,31.9,31.9,optimal,optimal,optimal,optimal,optimal,optimal,↑ increasing,→ stable,→ stable,99.9,✅ EXCELLENT,False,NONE,3.5,0.5,NONE
1780032615.261,78.0,89.5,32.1,1520.0,44.9,13.76,32.0,32.1,32.2,31.7,optimal,optimal,optimal,optimal,optimal,optimal,↑ increasing,→ stable,→ stable,99.9,✅ EXCELLENT,False,NONE,3.2,0.1,NONE
1780032616.261,80.3,91.0,31.9,1451.0,45.0,13.84,32.4,31.8,31.7,32.3,optimal,optimal,optimal,optimal,optimal,optimal,→ stable,→ stable,→ stable,99.9,✅ EXCELLENT,False,NONE,3.6,0.0,NONE
1780032617.261,79.0,90.8,31.8,1543.0,44.0,13.83,32.2,31.7,32.4,32.1,optimal,optimal,optimal,optimal,optimal,optimal,→ stable,→ stable,→ stable,99.9,✅ EXCELLENT,False,NONE,3.6,0.0,NONE
1780032618.261,82.6,90.0,32.1,1452.0,45.4,13.78,31.8,31.7,31.9,32.0,optimal,optimal,optimal,optimal,optimal,optimal,↑ increasing,→ stable,→ stable,99.9,✅ EXCELLENT,False,NONE,3.4,0.0,NONE
1780032619.545,78.0,89.0,31.9,1457.0,45.0,13.82,32.3,31.7,32.3,32.2,optimal,optimal,optimal,optimal,optimal,optimal,↑ increasing,→ stable,→ stable,99.9,✅ EXCELLENT,False,NONE,3.5,0.5,NONE
1780032620.546,81.1,89.2,32.2,1517.0,45.7,13.78,31.8,32.1,32.3,31.9,optimal,optimal,optimal,optimal,optimal,optimal,→ stable,→ stable,→ stable,99.9,✅ EXCELLENT,False,NONE,3.2,0.3,NONE
1780032621.547,77.5,91.1,32.1,1489.0,45.8,13.76,32.2,31.9,32.4,31.6,optimal,optimal,optimal,optimal,optimal,optimal,↓ decreasing,→ stable,→ stable,99.9,✅ EXCELLENT,False,NONE,3.2,0.0,NONE
1780032622.548,81.7,90.7,31.8,1545.0,44.4,13.78,31.7,31.7,32.1,31.9,optimal,optimal,optimal,optimal,optimal,optimal,→ stable,→ stable,→ stable,99.9,✅ EXCELLENT,False,NONE,3.7,0.0,NONE
1780032623.549,79.2,91.0,31.9,1487.0,45.8,13.8,32.0,31.9,31.8,32.1,optimal,optimal,optimal,optimal,optimal,optimal,→ stable,↑ increasing,→ stable,99.9,✅ EXCELLENT,False,NONE,3.5,0.0,NONE
1780032624.549,78.2,89.4,32.1,1454.0,45.8,13.75,31.7,31.6,31.9,31.7,optimal,optimal,optimal,optimal,optimal,optimal,→ stable,↑ increasing,→ stable,99.9,✅ EXCELLENT,False,NONE,3.2,0.2,NONE
1780032625.549,78.2,88.6,32.0,1534.0,45.0,13.83,32.3,31.8,32.0,32.2,optimal,optimal,optimal,optimal,optimal,optimal,→ stable,→ stable,→ stable,99.9,✅ EXCELLENT,False,NONE,3.4,1.0,NONE
1780032626.549,79.3,88.8,32.2,1507.0,44.3,13.83,31.8,32.0,31.8,32.0,optimal,optimal,optimal,optimal,optimal,optimal,→ stable,→ stable,→ stable,99.9,✅ EXCELLENT,False,NONE,3.2,0.7,NONE
1780032627.549,82.7,90.2,32.0,1510.0,44.7,13.77,31.8,31.8,32.1,32.0,optimal,optimal,optimal,optimal,optimal,optimal,→ stable,→ stable,→ stable,99.9,✅ EXCELLENT,False,NONE,3.5,0.0,NONE
1780032628.549,80.5,89.4,32.3,1527.0,44.3,13.76,31.9,32.0,32.0,31.7,optimal,optimal,optimal,optimal,optimal,optimal,→ stable,→ stable,→ stable,99.9,✅ EXCELLENT,False,NONE,3.1,0.2,NONE
1780032629.738,78.9,89.5,31.7,1544.0,44.3,13.8,31.6,32.0,31.8,32.4,optimal,optimal,optimal,optimal,optimal,optimal,→ stable,→ stable,→ stable,99.9,✅ EXCELLENT,False,NONE,3.7,0.1,NONE
1780032630.74,79.7,90.7,31.9,1521.0,44.9,13.83,32.3,31.8,32.2,32.1,optimal,optimal,optimal,optimal,optimal,optimal,→ stable,→ stable,→ stable,99.9,✅ EXCELLENT,False,NONE,3.5,0.0,NONE
1780032631.74,82.2,90.5,32.1,1491.0,44.9,13.81,32.0,32.0,32.2,31.8,optimal,optimal,optimal,optimal,optimal,optimal,↑ increasing,→ stable,→ stable,99.9,✅ EXCELLENT,False,NONE,3.4,0.0,NONE
1780032632.741,82.4,89.3,32.1,1491.0,44.8,13.75,31.7,31.8,32.2,31.8,optimal,optimal,optimal,optimal,optimal,optimal,↑ increasing,→ stable,→ stable,99.9,✅ EXCELLENT,False,NONE,3.4,0.2,NONE
1780032633.741,82.9,90.2,31.7,1502.0,46.0,13.79,31.6,32.0,32.4,32.0,optimal,optimal,optimal,optimal,optimal,optimal,↑ increasing,→ stable,→ stable,99.9,✅ EXCELLENT,False,NONE,3.9,0.0,NONE
1780032634.741,79.3,91.0,31.9,1537.0,44.8,13.76,31.6,31.8,32.2,31.9,optimal,optimal,optimal,optimal,optimal,optimal,↑ increasing,→ stable,→ stable,99.9,✅ EXCELLENT,False,NONE,3.5,0.0,NONE
1780032635.742,80.1,89.1,31.7,1512.0,44.6,13.82,32.0,31.8,32.2,32.1,optimal,optimal,optimal,optimal,optimal,optimal,↑ increasing,→ stable,→ stable,99.9,✅ EXCELLENT,False,NONE,3.8,0.4,NONE
1780032636.743,79.6,89.1,31.6,1454.0,44.4,13.76,32.0,32.0,32.0,32.3,optimal,optimal,optimal,optimal,optimal,optimal,↑ increasing,→ stable,→ stable,99.9,✅ EXCELLENT,False,NONE,3.9,0.4,NONE
1780032637.743,77.3,89.0,31.8,1535.0,45.7,13.85,32.0,32.0,31.8,32.0,optimal,optimal,optimal,optimal,optimal,optimal,→ stable,→ stable,→ stable,99.9,✅ EXCELLENT,False,NONE,3.5,0.5,NONE
1780032638.744,77.9,90.7,32.3,1526.0,45.8,13.78,32.4,32.2,32.0,32.0,optimal,optimal,optimal,optimal,optimal,optimal,→ stable,→ stable,→ stable,99.9,✅ EXCELLENT,False,NONE,3.0,0.0,NONE
1780032640.549,82.1,90.2,32.1,1455.0,45.6,13.84,32.1,32.0,32.2,32.3,optimal,optimal,optimal,optimal,optimal,optimal,↑ increasing,→ stable,→ stable,99.9,✅ EXCELLENT,False,NONE,3.4,0.0,NONE
1780032641.55,77.5,89.9,32.3,1521.0,45.4,13.83,32.3,31.7,32.1,31.6,optimal,optimal,optimal,optimal,optimal,optimal,↑ increasing,→ stable,→ stable,99.9,✅ EXCELLENT,False,NONE,3.0,0.0,NONE
1780032642.551,78.0,90.5,31.7,1462.0,44.9,13.84,31.8,31.8,31.7,32.3,optimal,optimal,optimal,optimal,optimal,optimal,→ stable,→ stable,→ stable,99.9,✅ EXCELLENT,False,NONE,3.7,0.0,NONE
1780032643.551,79.9,90.3,32.4,1538.0,44.0,13.82,31.7,32.0,32.2,31.7,optimal,optimal,optimal,optimal,optimal,optimal,↓ decreasing,→ stable,→ stable,99.9,✅ EXCELLENT,False,NONE,3.0,0.0,NONE
1780032644.551,78.0,90.3,32.3,1512.0,44.3,13.82,32.3,32.1,31.6,32.0,optimal,optimal,optimal,optimal,optimal,optimal,↓ decreasing,→ stable,→ stable,99.9,✅ EXCELLENT,False,NONE,3.0,0.0,NONE
1780032645.551,82.0,91.2,32.2,1483.0,45.3,13.84,32.2,31.7,32.1,32.3,optimal,optimal,optimal,optimal,optimal,optimal,↓ decreasing,→ stable,→ stable,99.9,✅ EXCELLENT,False,NONE,3.3,0.0,NONE
1780032646.551,77.2,91.0,32.0,1546.0,44.6,13.8,32.0,31.9,31.9,31.9,optimal,optimal,optimal,optimal,optimal,optimal,↓ decreasing,→ stable,→ stable,99.9,✅ EXCELLENT,False,NONE,3.3,0.0,NONE
1780032647.553,82.8,91.0,31.9,1482.0,44.2,13.84,32.2,32.0,32.1,32.3,optimal,optimal,optimal,optimal,optimal,optimal,↓ decreasing,↑ increasing,→ stable,99.9,✅ EXCELLENT,False,NONE,3.7,0.0,NONE
1780032648.553,78.7,90.7,31.8,1495.0,44.1,13.76,31.8,31.9,32.1,32.4,optimal,optimal,optimal,optimal,optimal,optimal,↓ decreasing,↑ increasing,→ stable,99.9,✅ EXCELLENT,False,NONE,3.6,0.0,NONE
1780032649.553,79.8,90.5,32.2,1464.0,45.5,13.83,31.9,31.9,31.7,31.9,optimal,optimal,optimal,optimal,optimal,optimal,→ stable,↑ increasing,→ stable,99.9,✅ EXCELLENT,False,NONE,3.2,0.0,NONE
1780032651.573,82.9,91.4,31.8,1484.0,44.8,13.83,31.8,32.2,32.0,32.0,optimal,optimal,optimal,optimal,optimal,optimal,↓ decreasing,↑ increasing,→ stable,99.9,✅ EXCELLENT,False,NONE,3.8,0.0,NONE
1780032652.574,81.8,89.7,32.2,1527.0,45.4,13.77,31.8,31.7,31.7,31.8,optimal,optimal,optimal,optimal,optimal,optimal,→ stable,↑ increasing,→ stable,99.9,✅ EXCELLENT,False,NONE,3.3,0.0,NONE
1780032653.575,80.3,90.3,32.2,1517.0,44.5,13.81,32.1,31.7,31.7,31.8,optimal,optimal,optimal,optimal,optimal,optimal,↑ increasing,↑ increasing,→ stable,99.9,✅ EXCELLENT,False,NONE,3.2,0.0,NONE
1780032654.575,79.2,90.9,31.7,1456.0,44.4,13.76,32.1,32.0,32.1,31.9,optimal,optimal,optimal,optimal,optimal,optimal,↑ increasing,↑ increasing,→ stable,99.9,✅ EXCELLENT,False,NONE,3.7,0.0,NONE
1780032655.576,77.6,90.7,31.8,1541.0,45.9,13.79,31.9,31.9,32.2,31.8,optimal,optimal,optimal,optimal,optimal,optimal,↑ increasing,↑ increasing,→ stable,99.9,✅ EXCELLENT,False,NONE,3.5,0.0,NONE
1780032656.576,81.1,90.1,31.6,1527.0,44.6,13.84,32.0,31.9,32.2,32.2,optimal,optimal,optimal,optimal,optimal,optimal,↑ increasing,↑ increasing,→ stable,99.9,✅ EXCELLENT,False,NONE,3.9,0.0,NONE
1780032657.576,79.9,90.5,31.9,1467.0,44.7,13.79,32.4,31.7,31.8,31.7,optimal,optimal,optimal,optimal,optimal,optimal,↑ increasing,→ stable,→ stable,99.9,✅ EXCELLENT,False,NONE,3.5,0.0,NONE
1780032658.577,78.6,89.5,31.7,1467.0,45.0,13.8,31.9,31.7,32.3,32.3,optimal,optimal,optimal,optimal,optimal,optimal,↑ increasing,→ stable,→ stable,99.9,✅ EXCELLENT,False,NONE,3.7,0.1,NONE
1780032659.578,81.4,90.2,32.1,1514.0,45.7,13.82,32.3,31.6,32.3,31.8,optimal,optimal,optimal,optimal,optimal,optimal,↑ increasing,→ stable,→ stable,99.9,✅ EXCELLENT,False,NONE,3.4,0.0,NONE
1780032660.579,77.7,90.9,32.4,1480.0,45.1,13.77,32.3,31.8,32.0,32.1,optimal,optimal,optimal,optimal,optimal,optimal,→ stable,→ stable,→ stable,99.9,✅ EXCELLENT,False,NONE,2.9,0.0,NONE
1780032662.279,81.4,90.3,31.9,1491.0,45.5,13.8,31.8,31.9,32.1,31.8,optimal,optimal,optimal,optimal,optimal,optimal,→ stable,→ stable,→ stable,99.9,✅ EXCELLENT,False,NONE,3.6,0.0,NONE
1780032663.28,80.5,90.1,32.2,1544.0,45.1,13.84,32.4,31.8,31.9,31.8,optimal,optimal,optimal,optimal,optimal,optimal,→ stable,→ stable,→ stable,99.9,✅ EXCELLENT,False,NONE,3.2,0.0,NONE
1780032664.281,81.9,88.7,32.3,1470.0,45.8,13.77,31.9,32.3,31.9,31.6,optimal,optimal,optimal,optimal,optimal,optimal,→ stable,→ stable,→ stable,99.9,✅ EXCELLENT,False,NONE,3.2,0.8,NONE
1780032665.282,77.1,90.9,31.9,1460.0,45.2,13.77,32.2,31.8,31.6,31.8,optimal,optimal,optimal,optimal,optimal,optimal,↓ decreasing,↓ decreasing,→ stable,99.9,✅ EXCELLENT,False,NONE,3.4,0.0,NONE
1780032666.282,80.0,90.4,32.1,1456.0,44.2,13.84,31.9,32.3,32.2,31.9,optimal,optimal,optimal,optimal,optimal,optimal,→ stable,↓ decreasing,→ stable,99.9,✅ EXCELLENT,False,NONE,3.3,0.0,NONE
1780032667.282,77.7,89.8,31.8,1550.0,44.2,13.79,31.9,31.9,32.4,31.9,optimal,optimal,optimal,optimal,optimal,optimal,↓ decreasing,→ stable,→ stable,99.9,✅ EXCELLENT,False,NONE,3.6,0.0,NONE
1780032668.283,82.1,89.3,31.8,1477.0,44.9,13.8,31.8,31.7,31.6,32.4,optimal,optimal,optimal,optimal,optimal,optimal,↓ decreasing,↓ decreasing,→ stable,99.9,✅ EXCELLENT,False,NONE,3.8,0.2,NONE
1780032669.284,82.2,90.1,32.0,1498.0,45.6,13.8,31.7,32.2,32.4,32.3,optimal,optimal,optimal,optimal,optimal,optimal,→ stable,→ stable,→ stable,99.9,✅ EXCELLENT,False,NONE,3.5,0.0,NONE
1780032670.284,79.9,89.2,31.8,1527.0,44.9,13.82,32.2,32.3,31.7,31.6,optimal,optimal,optimal,optimal,optimal,optimal,→ stable,→ stable,→ stable,99.9,✅ EXCELLENT,False,NONE,3.7,0.3,NONE
1780032671.284,77.3,89.5,32.1,1517.0,44.3,13.78,31.9,32.0,32.0,32.4,optimal,optimal,optimal,optimal,optimal,optimal,→ stable,↓ decreasing,→ stable,99.9,✅ EXCELLENT,False,NONE,3.2,0.1,NONE
1780032672.986,79.5,90.9,32.0,1548.0,45.0,13.78,32.0,32.3,32.3,32.3,optimal,optimal,optimal,optimal,optimal,optimal,→ stable,→ stable,→ stable,99.9,✅ EXCELLENT,False,NONE,3.4,0.0,NONE
1780032673.986,78.7,91.2,32.0,1505.0,45.9,13.82,32.1,32.2,32.1,31.9,optimal,optimal,optimal,optimal,optimal,optimal,→ stable,→ stable,→ stable,99.9,✅ EXCELLENT,False,NONE,3.4,0.0,NONE
1780032674.987,77.2,88.8,31.7,1547.0,45.7,13.83,32.3,31.8,31.9,31.8,optimal,optimal,optimal,optimal,optimal,optimal,↓ decreasing,→ stable,→ stable,99.9,✅ EXCELLENT,False,NONE,3.6,0.7,NONE
1780032675.989,81.9,89.4,32.1,1451.0,45.6,13.77,32.0,31.6,31.9,32.0,optimal,optimal,optimal,optimal,optimal,optimal,→ stable,→ stable,→ stable,99.9,✅ EXCELLENT,False,NONE,3.4,0.2,NONE
1780032676.989,82.7,90.9,31.6,1548.0,44.1,13.82,31.9,32.4,32.2,32.0,optimal,optimal,optimal,optimal,optimal,optimal,→ stable,→ stable,→ stable,99.9,✅ EXCELLENT,False,NONE,4.0,0.0,NONE
1780032677.99,77.8,89.5,32.0,1544.0,44.7,13.76,31.9,32.4,32.4,31.7,optimal,optimal,optimal,optimal,optimal,optimal,→ stable,→ stable,→ stable,99.9,✅ EXCELLENT,False,NONE,3.3,0.1,NONE
1780032678.99,81.6,90.4,31.7,1540.0,44.4,13.79,32.3,32.3,32.1,31.9,optimal,optimal,optimal,optimal,optimal,optimal,→ stable,→ stable,→ stable,99.9,✅ EXCELLENT,False,NONE,3.8,0.0,NONE
1780032679.99,81.7,90.3,31.8,1534.0,45.6,13.76,32.2,31.9,32.4,32.0,optimal,optimal,optimal,optimal,optimal,optimal,→ stable,→ stable,→ stable,99.9,✅ EXCELLENT,False,NONE,3.7,0.0,NONE
1780032680.992,80.1,90.7,31.6,1496.0,45.6,13.81,31.9,32.1,31.7,31.6,optimal,optimal,optimal,optimal,optimal,optimal,→ stable,→ stable,→ stable,99.9,✅ EXCELLENT,False,NONE,3.9,0.0,NONE
1780032681.992,82.3,88.8,31.9,1535.0,44.3,13.8,31.8,32.2,32.3,32.1,optimal,optimal,optimal,optimal,optimal,optimal,→ stable,→ stable,→ stable,99.9,✅ EXCELLENT,False,NONE,3.6,0.7,NONE
1780032683.557,81.2,90.7,32.2,1481.0,45.6,13.81,31.6,31.7,31.7,32.3,optimal,optimal,optimal,optimal,optimal,optimal,↑ increasing,→ stable,→ stable,99.9,✅ EXCELLENT,False,NONE,3.2,0.0,NONE
1780032684.557,82.8,90.8,32.2,1487.0,45.5,13.76,32.0,31.6,31.8,31.8,optimal,optimal,optimal,optimal,optimal,optimal,↑ increasing,→ stable,→ stable,99.9,✅ EXCELLENT,False,NONE,3.3,0.0,NONE
1780032685.559,82.1,89.6,32.2,1548.0,45.5,13.78,31.9,31.7,31.6,32.1,optimal,optimal,optimal,optimal,optimal,optimal,↑ increasing,→ stable,→ stable,99.9,✅ EXCELLENT,False,NONE,3.3,0.1,NONE
1780032686.56,77.5,88.7,32.2,1465.0,45.6,13.78,32.0,32.2,32.1,32.4,optimal,optimal,optimal,optimal,optimal,optimal,↑ increasing,→ stable,→ stable,99.9,✅ EXCELLENT,False,NONE,3.1,0.8,NONE
1780032687.561,77.7,90.8,31.9,1488.0,45.7,13.8,31.6,32.3,32.0,32.3,optimal,optimal,optimal,optimal,optimal,optimal,↑ increasing,→ stable,→ stable,99.9,✅ EXCELLENT,False,NONE,3.4,0.0,NONE
1780032688.562,77.7,90.8,32.1,1488.0,45.2,13.77,31.9,31.7,32.4,32.1,optimal,optimal,optimal,optimal,optimal,optimal,↑ increasing,→ stable,→ stable,99.9,✅ EXCELLENT,False,NONE,3.2,0.0,NONE
1780032689.562,82.2,88.9,32.1,1530.0,45.6,13.77,32.0,32.0,31.8,31.7,optimal,optimal,optimal,optimal,optimal,optimal,↑ increasing,→ stable,→ stable,99.9,✅ EXCELLENT,False,NONE,3.4,0.6,NONE
1780032690.563,80.1,88.7,32.1,1466.0,45.1,13.84,31.7,31.7,32.0,32.0,optimal,optimal,optimal,optimal,optimal,optimal,↑ increasing,→ stable,→ stable,99.9,✅ EXCELLENT,False,NONE,3.3,0.8,NONE
1780032691.563,78.8,91.3,32.1,1472.0,44.9,13.78,32.3,32.3,31.8,31.6,optimal,optimal,optimal,optimal,optimal,optimal,→ stable,→ stable,→ stable,99.9,✅ EXCELLENT,False,NONE,3.3,0.0,NONE
1780032692.564,83.0,91.2,32.4,1504.0,44.3,13.78,32.2,31.9,32.2,32.4,optimal,optimal,optimal,optimal,optimal,optimal,→ stable,→ stable,→ stable,99.9,✅ EXCELLENT,False,NONE,3.1,0.0,NONE
1780032694.441,81.3,89.0,32.4,1497.0,44.1,13.82,32.2,31.7,31.8,32.1,optimal,optimal,optimal,optimal,optimal,optimal,→ stable,→ stable,→ stable,99.9,✅ EXCELLENT,False,NONE,3.0,0.5,NONE
1780032695.443,79.4,91.2,31.9,1534.0,44.9,13.77,31.8,31.8,32.1,31.9,optimal,optimal,optimal,optimal,optimal,optimal,↓ decreasing,→ stable,→ stable,99.9,✅ EXCELLENT,False,NONE,3.5,0.0,NONE
1780032696.443,80.4,89.6,32.0,1493.0,45.1,13.83,31.6,32.1,32.0,31.9,optimal,optimal,optimal,optimal,optimal,optimal,↓ decreasing,→ stable,→ stable,99.9,✅ EXCELLENT,False,NONE,3.4,0.1,NONE
1780032697.444,81.4,89.5,32.4,1539.0,44.5,13.8,32.0,32.0,32.3,32.2,optimal,optimal,optimal,optimal,optimal,optimal,↓ decreasing,→ stable,→ stable,99.9,✅ EXCELLENT,False,NONE,3.0,0.1,NONE
1780032698.444,81.4,88.5,31.9,1535.0,44.6,13.82,31.7,31.6,32.3,31.9,optimal,optimal,optimal,optimal,optimal,optimal,→ stable,→ stable,→ stable,99.9,✅ EXCELLENT,False,NONE,3.6,1.1,NONE
1780032699.445,79.7,91.0,32.4,1482.0,44.1,13.78,32.1,32.1,32.3,31.8,optimal,optimal,optimal,optimal,optimal,optimal,→ stable,→ stable,→ stable,99.9,✅ EXCELLENT,False,NONE,3.0,0.0,NONE
1780032700.445,82.8,88.6,31.8,1535.0,44.8,13.82,31.9,32.0,31.8,31.7,optimal,optimal,optimal,optimal,optimal,optimal,→ stable,→ stable,→ stable,99.9,✅ EXCELLENT,False,NONE,3.8,1.0,NONE
1780032701.445,79.9,91.5,32.3,1499.0,44.4,13.83,31.9,32.0,32.2,32.3,optimal,optimal,optimal,optimal,optimal,optimal,→ stable,→ stable,→ stable,99.9,✅ EXCELLENT,False,NONE,3.1,0.0,NONE
1780032702.446,80.9,88.5,31.9,1491.0,45.1,13.82,32.0,32.2,32.4,32.1,optimal,optimal,optimal,optimal,optimal,optimal,↑ increasing,→ stable,→ stable,99.9,✅ EXCELLENT,False,NONE,3.6,1.1,NONE
1780032703.447,78.3,89.1,31.7,1536.0,45.8,13.84,32.0,32.1,32.4,31.7,optimal,optimal,optimal,optimal,optimal,optimal,→ stable,→ stable,→ stable,99.9,✅ EXCELLENT,False,NONE,3.7,0.4,NONE
1780032704.611,78.4,88.5,32.1,1515.0,44.1,13.81,32.2,31.8,31.8,31.7,optimal,optimal,optimal,optimal,optimal,optimal,→ stable,→ stable,→ stable,99.9,✅ EXCELLENT,False,NONE,3.2,1.1,NONE
1780032705.611,81.0,90.9,32.1,1511.0,44.6,13.84,32.2,31.7,31.8,31.7,optimal,optimal,optimal,optimal,optimal,optimal,→ stable,→ stable,→ stable,99.9,✅ EXCELLENT,False,NONE,3.4,0.0,NONE
1780032706.611,81.7,90.9,32.0,1464.0,46.0,13.76,31.9,32.0,31.6,32.2,optimal,optimal,optimal,optimal,optimal,optimal,↑ increasing,→ stable,→ stable,99.9,✅ EXCELLENT,False,NONE,3.5,0.0,NONE
1780032707.611,77.9,89.9,32.2,1501.0,45.9,13.78,32.1,31.7,31.6,32.1,optimal,optimal,optimal,optimal,optimal,optimal,→ stable,→ stable,→ stable,99.9,✅ EXCELLENT,False,NONE,3.1,0.0,NONE
1780032708.612,82.4,90.0,32.1,1510.0,44.7,13.8,32.3,32.0,32.3,31.8,optimal,optimal,optimal,optimal,optimal,optimal,→ stable,→ stable,→ stable,99.9,✅ EXCELLENT,False,NONE,3.4,0.0,NONE
1780032709.612,78.0,90.9,31.6,1496.0,44.2,13.81,31.9,32.2,32.2,31.9,optimal,optimal,optimal,optimal,optimal,optimal,↓ decreasing,→ stable,→ stable,99.9,✅ EXCELLENT,False,NONE,3.8,0.0,NONE
1780032710.612,79.6,91.0,31.8,1530.0,45.6,13.82,31.8,32.2,32.3,32.1,optimal,optimal,optimal,optimal,optimal,optimal,↓ decreasing,→ stable,→ stable,99.9,✅ EXCELLENT,False,NONE,3.6,0.0,NONE
1780032711.612,82.4,89.9,32.1,1526.0,44.3,13.82,31.9,32.0,31.9,32.1,optimal,optimal,optimal,optimal,optimal,optimal,↓ decreasing,→ stable,→ stable,99.9,✅ EXCELLENT,False,NONE,3.4,0.0,NONE
1780032712.612,79.3,91.5,31.8,1525.0,45.0,13.8,32.3,32.3,31.8,32.2,optimal,optimal,optimal,optimal,optimal,optimal,↓ decreasing,→ stable,→ stable,99.9,✅ EXCELLENT,False,NONE,3.6,0.0,NONE
1780032713.613,82.0,91.1,31.9,1470.0,45.3,13.83,31.9,31.8,32.0,32.1,optimal,optimal,optimal,optimal,optimal,optimal,→ stable,↑ increasing,→ stable,99.9,✅ EXCELLENT,False,NONE,3.6,0.0,NONE
1780032714.918,77.8,89.0,32.1,1510.0,45.7,13.8,32.0,32.1,32.0,31.8,optimal,optimal,optimal,optimal,optimal,optimal,→ stable,↑ increasing,→ stable,99.9,✅ EXCELLENT,False,NONE,3.2,0.5,NONE
1780032715.919,82.7,91.4,32.4,1511.0,44.1,13.81,31.8,31.8,32.2,32.0,optimal,optimal,optimal,optimal,optimal,optimal,→ stable,↑ increasing,→ stable,99.9,✅ EXCELLENT,False,NONE,3.1,0.0,NONE
1780032716.92,78.5,90.0,32.1,1550.0,45.5,13.76,31.7,32.4,32.2,31.6,optimal,optimal,optimal,optimal,optimal,optimal,→ stable,↑ increasing,→ stable,99.9,✅ EXCELLENT,False,NONE,3.3,0.0,NONE
1780032717.921,82.5,91.2,31.9,1520.0,45.6,13.77,31.8,31.6,31.9,31.9,optimal,optimal,optimal,optimal,optimal,optimal,→ stable,↑ increasing,→ stable,99.9,✅ EXCELLENT,False,NONE,3.7,0.0,NONE
1780032718.921,82.3,90.8,31.9,1468.0,45.3,13.82,32.2,32.2,32.3,32.0,optimal,optimal,optimal,optimal,optimal,optimal,→ stable,↑ increasing,→ stable,99.9,✅ EXCELLENT,False,NONE,3.6,0.0,NONE
1780032719.922,77.1,91.1,32.0,1462.0,45.4,13.82,31.9,31.8,32.2,32.3,optimal,optimal,optimal,optimal,optimal,optimal,→ stable,↑ increasing,→ stable,99.9,✅ EXCELLENT,False,NONE,3.3,0.0,NONE
1780032720.923,81.9,89.5,31.9,1549.0,44.2,13.83,31.9,31.7,31.8,31.7,optimal,optimal,optimal,optimal,optimal,optimal,↑ increasing,→ stable,→ stable,99.9,✅ EXCELLENT,False,NONE,3.6,0.1,NONE
1780032721.924,82.1,88.9,31.9,1532.0,45.5,13.81,31.9,31.7,32.4,32.2,optimal,optimal,optimal,optimal,optimal,optimal,↑ increasing,→ stable,→ stable,99.9,✅ EXCELLENT,False,NONE,3.6,0.6,NONE
1780032722.924,79.2,90.6,31.9,1493.0,45.2,13.83,32.4,31.8,31.8,31.9,optimal,optimal,optimal,optimal,optimal,optimal,↑ increasing,→ stable,→ stable,99.9,✅ EXCELLENT,False,NONE,3.5,0.0,NONE
1780032723.924,78.0,89.2,32.4,1495.0,44.9,13.77,31.7,32.3,31.9,31.7,optimal,optimal,optimal,optimal,optimal,optimal,→ stable,→ stable,→ stable,99.9,✅ EXCELLENT,False,NONE,2.9,0.3,NONE
1780032725.339,77.2,91.5,31.6,1469.0,45.8,13.82,31.9,32.4,31.7,31.6,optimal,optimal,optimal,optimal,optimal,optimal,→ stable,→ stable,→ stable,99.9,✅ EXCELLENT,False,NONE,3.7,0.0,NONE
1780032726.339,80.8,89.5,32.3,1453.0,45.3,13.8,32.4,31.7,32.2,32.1,optimal,optimal,optimal,optimal,optimal,optimal,→ stable,→ stable,→ stable,99.9,✅ EXCELLENT,False,NONE,3.1,0.1,NONE
1780032727.339,81.2,89.5,32.4,1499.0,44.7,13.82,32.2,32.3,31.9,32.2,optimal,optimal,optimal,optimal,optimal,optimal,→ stable,→ stable,→ stable,99.9,✅ EXCELLENT,False,NONE,3.0,0.1,NONE
1780032728.339,79.0,90.6,31.9,1492.0,44.2,13.82,32.1,31.8,31.7,32.4,optimal,optimal,optimal,optimal,optimal,optimal,↓ decreasing,→ stable,→ stable,99.9,✅ EXCELLENT,False,NONE,3.5,0.0,NONE
1780032729.34,77.7,90.0,32.3,1452.0,46.0,13.82,32.2,32.3,31.9,32.1,optimal,optimal,optimal,optimal,optimal,optimal,↓ decreasing,↓ decreasing,→ stable,99.9,✅ EXCELLENT,False,NONE,3.0,0.0,NONE
1780032730.34,80.6,90.3,31.7,1505.0,44.9,13.81,32.3,32.2,32.0,32.2,optimal,optimal,optimal,optimal,optimal,optimal,↓ decreasing,↓ decreasing,→ stable,99.9,✅ EXCELLENT,False,NONE,3.8,0.0,NONE
1780032731.341,80.1,90.5,32.1,1549.0,44.0,13.76,32.2,31.7,31.7,31.8,optimal,optimal,optimal,optimal,optimal,optimal,↓ decreasing,→ stable,→ stable,99.9,✅ EXCELLENT,False,NONE,3.3,0.0,NONE
1780032732.341,81.9,91.3,32.0,1462.0,44.2,13.76,32.0,32.0,32.2,31.9,optimal,optimal,optimal,optimal,optimal,optimal,↓ decreasing,→ stable,→ stable,99.9,✅ EXCELLENT,False,NONE,3.5,0.0,NONE
1780032733.342,78.8,91.1,31.9,1452.0,44.7,13.84,31.7,32.1,32.1,31.9,optimal,optimal,optimal,optimal,optimal,optimal,↓ decreasing,→ stable,→ stable,99.9,✅ EXCELLENT,False,NONE,3.5,0.0,NONE
1780032734.341,79.0,91.4,31.9,1541.0,45.3,13.83,31.9,31.6,31.6,31.6,optimal,optimal,optimal,optimal,optimal,optimal,↓ decreasing,→ stable,→ stable,99.9,✅ EXCELLENT,False,NONE,3.5,0.0,NONE
1780032735.516,82.1,88.8,32.3,1470.0,44.5,13.79,31.9,32.1,32.2,32.0,optimal,optimal,optimal,optimal,optimal,optimal,→ stable,→ stable,→ stable,99.9,✅ EXCELLENT,False,NONE,3.2,0.7,NONE
1780032736.516,81.4,89.7,31.6,1540.0,44.8,13.79,32.2,31.8,32.3,32.3,optimal,optimal,optimal,optimal,optimal,optimal,→ stable,→ stable,→ stable,99.9,✅ EXCELLENT,False,NONE,4.0,0.0,NONE
1780032737.516,79.0,91.3,31.8,1549.0,44.2,13.81,32.4,31.6,31.8,32.0,optimal,optimal,optimal,optimal,optimal,optimal,→ stable,→ stable,→ stable,99.9,✅ EXCELLENT,False,NONE,3.6,0.0,NONE
1780032738.516,77.6,89.8,32.0,1481.0,44.3,13.76,32.2,32.2,31.9,32.2,optimal,optimal,optimal,optimal,optimal,optimal,→ stable,→ stable,→ stable,99.9,✅ EXCELLENT,False,NONE,3.3,0.0,NONE
1780032739.517,81.6,89.5,31.8,1543.0,44.4,13.77,31.6,31.6,32.2,32.2,optimal,optimal,optimal,optimal,optimal,optimal,↑ increasing,→ stable,→ stable,99.9,✅ EXCELLENT,False,NONE,3.7,0.1,NONE
1780032740.518,79.5,88.9,32.1,1502.0,44.8,13.82,31.6,32.3,32.2,32.0,optimal,optimal,optimal,optimal,optimal,optimal,→ stable,→ stable,→ stable,99.9,✅ EXCELLENT,False,NONE,3.3,0.6,NONE
1780032741.519,81.4,90.5,31.7,1515.0,45.2,13.82,32.0,31.9,31.6,32.2,optimal,optimal,optimal,optimal,optimal,optimal,↑ increasing,→ stable,→ stable,99.9,✅ EXCELLENT,False,NONE,3.8,0.0,NONE
1780032742.52,82.5,91.3,32.0,1542.0,44.1,13.83,32.1,31.9,31.9,31.7,optimal,optimal,optimal,optimal,optimal,optimal,↑ increasing,→ stable,→ stable,99.9,✅ EXCELLENT,False,NONE,3.5,0.0,NONE
1780032743.52,79.1,91.0,31.7,1498.0,45.3,13.78,32.4,31.7,31.9,32.0,optimal,optimal,optimal,optimal,optimal,optimal,↑ increasing,→ stable,→ stable,99.9,✅ EXCELLENT,False,NONE,3.7,0.0,NONE
1780032744.52,79.9,89.5,31.7,1455.0,45.8,13.82,32.4,31.7,31.8,31.6,optimal,optimal,optimal,optimal,optimal,optimal,↑ increasing,↓ decreasing,→ stable,99.9,✅ EXCELLENT,False,NONE,3.8,0.1,NONE
1780032745.685,78.0,91.0,31.6,1532.0,44.6,13.8,31.8,32.0,31.9,32.4,optimal,optimal,optimal,optimal,optimal,optimal,→ stable,→ stable,→ stable,99.9,✅ EXCELLENT,False,NONE,3.8,0.0,NONE
1780032746.685,80.4,91.1,31.6,1535.0,45.3,13.78,32.1,31.8,32.4,32.3,optimal,optimal,optimal,optimal,optimal,optimal,→ stable,→ stable,→ stable,99.9,✅ EXCELLENT,False,NONE,3.9,0.0,NONE
1780032747.687,77.5,90.4,32.1,1481.0,45.9,13.82,32.3,32.1,32.4,31.8,optimal,optimal,optimal,optimal,optimal,optimal,→ stable,→ stable,→ stable,99.9,✅ EXCELLENT,False,NONE,3.2,0.0,NONE
1780032748.687,78.5,89.8,32.4,1482.0,45.5,13.8,32.1,32.3,32.2,31.7,optimal,optimal,optimal,optimal,optimal,optimal,→ stable,→ stable,→ stable,99.9,✅ EXCELLENT,False,NONE,2.9,0.0,NONE
1780032749.688,82.2,89.0,32.0,1454.0,44.4,13.8,31.9,32.1,32.4,32.2,optimal,optimal,optimal,optimal,optimal,optimal,→ stable,→ stable,→ stable,99.9,✅ EXCELLENT,False,NONE,3.5,0.5,NONE
1780032750.688,79.9,91.2,31.9,1476.0,46.0,13.85,32.4,32.0,32.2,31.9,optimal,optimal,optimal,optimal,optimal,optimal,→ stable,→ stable,→ stable,99.9,✅ EXCELLENT,False,NONE,3.5,0.0,NONE
1780032751.688,78.1,91.4,32.2,1510.0,44.5,13.83,32.0,31.7,32.0,31.8,optimal,optimal,optimal,optimal,optimal,optimal,↓ decreasing,→ stable,→ stable,99.9,✅ EXCELLENT,False,NONE,3.1,0.0,NONE
1780032752.688,81.4,89.0,31.8,1500.0,45.5,13.8,31.8,32.3,32.2,32.0,optimal,optimal,optimal,optimal,optimal,optimal,↓ decreasing,→ stable,→ stable,99.9,✅ EXCELLENT,False,NONE,3.7,0.5,NONE
1780032753.688,79.6,89.9,31.7,1463.0,45.6,13.77,32.2,32.1,32.1,31.7,optimal,optimal,optimal,optimal,optimal,optimal,↓ decreasing,→ stable,→ stable,99.9,✅ EXCELLENT,False,NONE,3.8,0.0,NONE
1780032754.689,78.4,90.0,31.9,1463.0,44.1,13.85,32.0,32.1,31.8,31.8,optimal,optimal,optimal,optimal,optimal,optimal,↓ decreasing,→ stable,→ stable,99.9,✅ EXCELLENT,False,NONE,3.5,0.0,NONE
1780032755.874,77.2,88.9,32.0,1545.0,44.5,13.82,32.3,32.1,32.3,32.1,optimal,optimal,optimal,optimal,optimal,optimal,↓ decreasing,→ stable,→ stable,99.9,✅ EXCELLENT,False,NONE,3.3,0.6,NONE
1780032756.874,77.1,90.4,31.6,1548.0,44.2,13.77,31.9,32.1,32.0,32.0,optimal,optimal,optimal,optimal,optimal,optimal,↓ decreasing,→ stable,→ stable,99.9,✅ EXCELLENT,False,NONE,3.7,0.0,NONE
1780032757.874,79.6,91.4,32.2,1494.0,44.6,13.77,31.8,31.8,31.6,32.2,optimal,optimal,optimal,optimal,optimal,optimal,↓ decreasing,→ stable,→ stable,99.9,✅ EXCELLENT,False,NONE,3.2,0.0,NONE
1780032758.875,78.5,90.3,32.3,1519.0,44.6,13.83,32.2,31.9,32.1,31.9,optimal,optimal,optimal,optimal,optimal,optimal,↓ decreasing,→ stable,→ stable,99.9,✅ EXCELLENT,False,NONE,3.0,0.0,NONE
1780032759.877,80.9,91.1,31.9,1477.0,45.7,13.82,31.7,31.6,31.9,32.2,optimal,optimal,optimal,optimal,optimal,optimal,↓ decreasing,→ stable,→ stable,99.9,✅ EXCELLENT,False,NONE,3.6,0.0,NONE
1780032760.877,77.1,89.6,31.8,1516.0,44.6,13.84,32.0,32.3,32.3,31.7,optimal,optimal,optimal,optimal,optimal,optimal,↓ decreasing,→ stable,→ stable,99.9,✅ EXCELLENT,False,NONE,3.5,0.1,NONE
1780032761.877,80.9,91.4,32.0,1475.0,44.6,13.82,31.7,32.1,31.7,32.2,optimal,optimal,optimal,optimal,optimal,optimal,↓ decreasing,→ stable,→ stable,99.9,✅ EXCELLENT,False,NONE,3.5,0.0,NONE
1780032762.877,80.2,88.9,31.9,1508.0,44.2,13.8,31.9,32.1,31.8,32.1,optimal,optimal,optimal,optimal,optimal,optimal,↓ decreasing,→ stable,→ stable,99.9,✅ EXCELLENT,False,NONE,3.6,0.6,NONE
1780032763.877,82.0,90.6,32.2,1526.0,44.3,13.82,32.2,32.2,31.7,31.8,optimal,optimal,optimal,optimal,optimal,optimal,→ stable,→ stable,→ stable,99.9,✅ EXCELLENT,False,NONE,3.3,0.0,NONE
1780032764.877,78.2,89.8,31.7,1454.0,45.9,13.82,31.8,32.4,31.9,32.1,optimal,optimal,optimal,optimal,optimal,optimal,→ stable,→ stable,→ stable,99.9,✅ EXCELLENT,False,NONE,3.7,0.0,NONE
1780032766.068,79.7,89.1,31.8,1504.0,44.8,13.83,31.9,31.8,32.4,32.3,optimal,optimal,optimal,optimal,optimal,optimal,→ stable,→ stable,→ stable,99.9,✅ EXCELLENT,False,NONE,3.6,0.4,NONE
1780032767.069,82.6,91.3,32.3,1464.0,44.9,13.78,32.0,31.8,31.6,31.9,optimal,optimal,optimal,optimal,optimal,optimal,↑ increasing,→ stable,→ stable,99.9,✅ EXCELLENT,False,NONE,3.2,0.0,NONE
1780032768.069,79.8,89.3,31.9,1485.0,45.9,13.75,32.0,31.8,31.6,31.6,optimal,optimal,optimal,optimal,optimal,optimal,↑ increasing,→ stable,→ stable,99.9,✅ EXCELLENT,False,NONE,3.5,0.2,NONE
1780032769.069,79.9,91.2,32.1,1535.0,44.3,13.78,31.7,32.0,32.2,31.9,optimal,optimal,optimal,optimal,optimal,optimal,↑ increasing,→ stable,→ stable,99.9,✅ EXCELLENT,False,NONE,3.3,0.0,NONE
1780032770.069,81.3,89.4,32.1,1459.0,44.7,13.76,31.9,31.7,32.1,31.9,optimal,optimal,optimal,optimal,optimal,optimal,↑ increasing,→ stable,→ stable,99.9,✅ EXCELLENT,False,NONE,3.4,0.2,NONE
1780032771.069,78.8,90.9,31.8,1519.0,44.4,13.83,31.8,31.6,31.7,32.1,optimal,optimal,optimal,optimal,optimal,optimal,↑ increasing,→ stable,→ stable,99.9,✅ EXCELLENT,False,NONE,3.6,0.0,NONE
1780032772.069,80.0,89.4,32.2,1526.0,44.4,13.75,32.0,31.8,32.2,32.0,optimal,optimal,optimal,optimal,optimal,optimal,↑ increasing,→ stable,→ stable,99.9,✅ EXCELLENT,False,NONE,3.2,0.2,NONE
1780032773.07,79.5,90.7,32.0,1455.0,44.4,13.85,31.9,31.9,32.4,32.0,optimal,optimal,optimal,optimal,optimal,optimal,↑ increasing,→ stable,→ stable,99.9,✅ EXCELLENT,False,NONE,3.4,0.0,NONE
1780032774.071,81.4,91.4,32.2,1532.0,45.2,13.8,32.4,31.9,31.6,31.8,optimal,optimal,optimal,optimal,optimal,optimal,↑ increasing,→ stable,→ stable,99.9,✅ EXCELLENT,False,NONE,3.3,0.0,NONE
1780032775.072,79.2,90.9,31.8,1530.0,45.9,13.84,31.7,31.8,32.3,32.2,optimal,optimal,optimal,optimal,optimal,optimal,↑ increasing,→ stable,→ stable,99.9,✅ EXCELLENT,False,NONE,3.6,0.0,NONE
1780032776.221,78.1,89.4,31.8,1499.0,45.8,13.84,32.1,32.2,32.2,32.1,optimal,optimal,optimal,optimal,optimal,optimal,↑ increasing,→ stable,→ stable,99.9,✅ EXCELLENT,False,NONE,3.6,0.2,NONE
1780032777.221,81.5,89.3,32.0,1528.0,44.4,13.84,31.7,31.7,31.9,31.9,optimal,optimal,optimal,optimal,optimal,optimal,→ stable,→ stable,→ stable,99.9,✅ EXCELLENT,False,NONE,3.5,0.2,NONE
1780032778.222,81.1,91.5,32.3,1536.0,45.4,13.77,32.0,31.8,32.2,32.0,optimal,optimal,optimal,optimal,optimal,optimal,→ stable,→ stable,→ stable,99.9,✅ EXCELLENT,False,NONE,3.1,0.0,NONE
1780032779.224,79.0,89.8,31.6,1516.0,45.6,13.76,31.8,31.7,32.3,31.8,optimal,optimal,optimal,optimal,optimal,optimal,→ stable,→ stable,→ stable,99.9,✅ EXCELLENT,False,NONE,3.8,0.0,NONE
1780032780.224,82.6,90.3,32.3,1505.0,44.3,13.79,31.8,31.9,32.2,31.8,optimal,optimal,optimal,optimal,optimal,optimal,→ stable,→ stable,→ stable,99.9,✅ EXCELLENT,False,NONE,3.2,0.0,NONE
1780032781.225,79.8,90.3,32.1,1499.0,45.6,13.81,32.2,31.6,32.2,31.8,optimal,optimal,optimal,optimal,optimal,optimal,→ stable,→ stable,→ stable,99.9,✅ EXCELLENT,False,NONE,3.3,0.0,NONE
1780032782.226,78.9,89.3,31.9,1463.0,44.5,13.77,32.1,32.0,32.4,31.7,optimal,optimal,optimal,optimal,optimal,optimal,→ stable,→ stable,→ stable,99.9,✅ EXCELLENT,False,NONE,3.5,0.2,NONE
1780032783.226,77.7,90.1,32.2,1540.0,45.6,13.79,31.9,31.9,31.6,31.7,optimal,optimal,optimal,optimal,optimal,optimal,→ stable,→ stable,→ stable,99.9,✅ EXCELLENT,False,NONE,3.1,0.0,NONE
1780032784.227,80.6,90.9,32.2,1492.0,45.6,13.81,32.3,32.1,31.7,31.8,optimal,optimal,optimal,optimal,optimal,optimal,→ stable,→ stable,→ stable,99.9,✅ EXCELLENT,False,NONE,3.2,0.0,NONE
1780032785.228,79.5,88.9,32.1,1535.0,44.3,13.85,31.6,32.0,32.3,32.0,optimal,optimal,optimal,optimal,optimal,optimal,→ stable,→ stable,→ stable,99.9,✅ EXCELLENT,False,NONE,3.3,0.6,NONE
1780032786.459,79.6,90.1,31.9,1538.0,44.3,13.83,31.6,31.7,31.7,32.0,optimal,optimal,optimal,optimal,optimal,optimal,→ stable,→ stable,→ stable,99.9,✅ EXCELLENT,False,NONE,3.5,0.0,NONE
1780032787.46,80.7,90.2,31.8,1507.0,44.7,13.77,31.6,31.9,32.1,31.8,optimal,optimal,optimal,optimal,optimal,optimal,→ stable,→ stable,→ stable,99.9,✅ EXCELLENT,False,NONE,3.7,0.0,NONE
1780032788.46,81.6,90.9,32.2,1524.0,44.8,13.84,32.0,32.1,31.8,32.0,optimal,optimal,optimal,optimal,optimal,optimal,→ stable,→ stable,→ stable,99.9,✅ EXCELLENT,False,NONE,3.3,0.0,NONE
1780032789.462,79.1,89.9,31.9,1497.0,45.6,13.78,31.7,31.9,32.2,32.4,optimal,optimal,optimal,optimal,optimal,optimal,→ stable,→ stable,→ stable,99.9,✅ EXCELLENT,False,NONE,3.5,0.0,NONE
1780032790.463,79.1,90.4,32.1,1546.0,45.3,13.8,32.0,31.8,32.0,31.9,optimal,optimal,optimal,optimal,optimal,optimal,→ stable,→ stable,→ stable,99.9,✅ EXCELLENT,False,NONE,3.3,0.0,NONE
1780032791.463,81.2,90.0,31.8,1478.0,45.8,13.77,31.8,32.3,32.3,31.9,optimal,optimal,optimal,optimal,optimal,optimal,→ stable,→ stable,→ stable,99.9,✅ EXCELLENT,False,NONE,3.7,0.0,NONE
1780032792.463,81.9,90.8,32.1,1514.0,44.1,13.79,31.9,31.9,31.8,32.3,optimal,optimal,optimal,optimal,optimal,optimal,→ stable,→ stable,→ stable,99.9,✅ EXCELLENT,False,NONE,3.4,0.0,NONE
1780032793.464,79.5,90.7,32.2,1492.0,45.8,13.76,31.7,32.3,31.7,32.0,optimal,optimal,optimal,optimal,optimal,optimal,→ stable,→ stable,→ stable,99.9,✅ EXCELLENT,False,NONE,3.2,0.0,NONE
1780032794.464,81.6,91.5,31.8,1498.0,45.6,13.83,32.2,31.7,31.6,32.0,optimal,optimal,optimal,optimal,optimal,optimal,↑ increasing,→ stable,→ stable,99.9,✅ EXCELLENT,False,NONE,3.7,0.0,NONE
1780032795.464,80.6,91.2,32.0,1547.0,45.4,13.78,32.2,32.2,32.4,32.3,optimal,optimal,optimal,optimal,optimal,optimal,↑ increasing,↑ increasing,→ stable,99.9,✅ EXCELLENT,False,NONE,3.5,0.0,NONE
1780032796.634,82.9,91.1,31.7,1549.0,45.9,13.81,32.1,32.0,31.8,32.1,optimal,optimal,optimal,optimal,optimal,optimal,↑ increasing,↑ increasing,→ stable,99.9,✅ EXCELLENT,False,NONE,3.9,0.0,NONE
1780032797.635,81.2,90.4,32.4,1469.0,44.6,13.83,31.9,31.9,32.0,32.1,optimal,optimal,optimal,optimal,optimal,optimal,↑ increasing,↑ increasing,→ stable,99.9,✅ EXCELLENT,False,NONE,3.0,0.0,NONE
1780032798.636,78.7,90.5,32.0,1463.0,45.9,13.82,31.8,32.4,32.0,32.2,optimal,optimal,optimal,optimal,optimal,optimal,↑ increasing,↑ increasing,→ stable,99.9,✅ EXCELLENT,False,NONE,3.4,0.0,NONE
1780032799.637,82.4,90.7,31.7,1530.0,45.9,13.84,31.7,32.1,31.7,32.0,optimal,optimal,optimal,optimal,optimal,optimal,↑ increasing,↑ increasing,→ stable,99.9,✅ EXCELLENT,False,NONE,3.9,0.0,NONE
1780032800.638,78.5,89.7,32.2,1481.0,44.1,13.79,32.3,32.2,31.8,32.4,optimal,optimal,optimal,optimal,optimal,optimal,↑ increasing,↑ increasing,→ stable,99.9,✅ EXCELLENT,False,NONE,3.1,0.0,NONE
1780032801.639,77.8,89.2,32.0,1534.0,44.4,13.81,31.6,31.9,32.0,31.7,optimal,optimal,optimal,optimal,optimal,optimal,↑ increasing,↑ increasing,→ stable,99.9,✅ EXCELLENT,False,NONE,3.3,0.3,NONE
1780032802.64,80.9,89.9,31.6,1532.0,44.5,13.75,32.1,31.6,31.9,32.2,optimal,optimal,optimal,optimal,optimal,optimal,→ stable,→ stable,→ stable,99.9,✅ EXCELLENT,False,NONE,3.9,0.0,NONE
1780032803.64,80.8,90.9,32.0,1503.0,44.7,13.79,31.7,31.7,31.8,32.0,optimal,optimal,optimal,optimal,optimal,optimal,→ stable,→ stable,→ stable,99.9,✅ EXCELLENT,False,NONE,3.5,0.0,NONE
1780032804.641,79.1,88.8,31.6,1542.0,44.3,13.8,32.0,32.3,32.0,31.8,optimal,optimal,optimal,optimal,optimal,optimal,→ stable,→ stable,→ stable,99.9,✅ EXCELLENT,False,NONE,3.8,0.7,NONE
1780032805.642,77.6,90.4,31.9,1457.0,44.9,13.8,32.0,31.8,31.8,31.7,optimal,optimal,optimal,optimal,optimal,optimal,→ stable,→ stable,→ stable,99.9,✅ EXCELLENT,False,NONE,3.4,0.0,NONE
1780032806.969,82.3,90.8,32.0,1471.0,44.6,13.79,31.8,31.7,32.2,32.3,optimal,optimal,optimal,optimal,optimal,optimal,↓ decreasing,↓ decreasing,→ stable,99.9,✅ EXCELLENT,False,NONE,3.5,0.0,NONE
1780032807.969,80.7,88.8,32.0,1453.0,44.8,13.8,32.0,31.7,32.1,32.3,optimal,optimal,optimal,optimal,optimal,optimal,↓ decreasing,↓ decreasing,→ stable,99.9,✅ EXCELLENT,False,NONE,3.5,0.7,NONE
1780032808.971,82.0,89.3,32.3,1464.0,45.6,13.81,31.9,32.3,31.6,32.3,optimal,optimal,optimal,optimal,optimal,optimal,→ stable,↓ decreasing,→ stable,99.9,✅ EXCELLENT,False,NONE,3.2,0.2,NONE
1780032809.972,78.9,90.6,31.8,1483.0,45.9,13.83,31.9,32.0,31.8,31.6,optimal,optimal,optimal,optimal,optimal,optimal,↓ decreasing,↓ decreasing,→ stable,99.9,✅ EXCELLENT,False,NONE,3.6,0.0,NONE
1780032810.973,82.6,90.6,31.9,1491.0,46.0,13.84,32.0,32.0,32.3,31.8,optimal,optimal,optimal,optimal,optimal,optimal,↓ decreasing,↓ decreasing,→ stable,99.9,✅ EXCELLENT,False,NONE,3.7,0.0,NONE
1780032811.973,79.1,91.1,31.9,1495.0,44.8,13.82,31.7,31.7,31.7,32.1,optimal,optimal,optimal,optimal,optimal,optimal,→ stable,→ stable,→ stable,99.9,✅ EXCELLENT,False,NONE,3.5,0.0,NONE
1780032812.975,78.5,88.6,32.0,1523.0,44.7,13.84,32.0,32.4,32.2,31.8,optimal,optimal,optimal,optimal,optimal,optimal,→ stable,→ stable,→ stable,99.9,✅ EXCELLENT,False,NONE,3.4,1.0,NONE
1780032813.976,81.9,90.0,32.2,1456.0,44.6,13.82,31.7,32.0,32.0,31.7,optimal,optimal,optimal,optimal,optimal,optimal,→ stable,↓ decreasing,→ stable,99.9,✅ EXCELLENT,False,NONE,3.3,0.0,NONE
1780032814.976,80.6,89.1,32.4,1523.0,44.2,13.77,31.8,31.7,32.2,32.0,optimal,optimal,optimal,optimal,optimal,optimal,→ stable,→ stable,→ stable,99.9,✅ EXCELLENT,False,NONE,3.0,0.4,NONE
1780032815.976,80.0,88.6,32.1,1525.0,45.6,13.82,32.0,32.4,32.2,32.1,optimal,optimal,optimal,optimal,optimal,optimal,↑ increasing,→ stable,→ stable,99.9,✅ EXCELLENT,False,NONE,3.3,1.0,NONE
1780032817.147,77.5,89.1,31.9,1498.0,44.8,13.77,32.2,31.9,32.1,32.3,optimal,optimal,optimal,optimal,optimal,optimal,→ stable,↓ decreasing,→ stable,99.9,✅ EXCELLENT,False,NONE,3.4,0.4,NONE
1780032818.147,79.3,90.8,32.3,1487.0,44.6,13.81,31.8,31.8,32.3,32.1,optimal,optimal,optimal,optimal,optimal,optimal,→ stable,→ stable,→ stable,99.9,✅ EXCELLENT,False,NONE,3.1,0.0,NONE
1780032819.147,79.8,89.0,31.7,1468.0,45.4,13.83,31.7,31.8,32.1,31.9,optimal,optimal,optimal,optimal,optimal,optimal,→ stable,→ stable,→ stable,99.9,✅ EXCELLENT,False,NONE,3.8,0.5,NONE
1780032820.148,80.1,91.4,32.2,1492.0,44.8,13.85,31.8,31.8,31.8,31.9,optimal,optimal,optimal,optimal,optimal,optimal,→ stable,→ stable,→ stable,99.9,✅ EXCELLENT,False,NONE,3.2,0.0,NONE
1780032821.149,79.7,90.9,32.2,1468.0,45.2,13.8,32.1,32.1,32.2,31.9,optimal,optimal,optimal,optimal,optimal,optimal,↓ decreasing,→ stable,→ stable,99.9,✅ EXCELLENT,False,NONE,3.2,0.0,NONE
1780032822.15,81.8,90.1,32.4,1549.0,44.1,13.76,32.4,32.3,31.9,31.7,optimal,optimal,optimal,optimal,optimal,optimal,→ stable,→ stable,→ stable,99.9,✅ EXCELLENT,False,NONE,3.0,0.0,NONE
1780032823.151,79.6,88.7,31.7,1518.0,45.8,13.76,32.0,31.7,32.1,32.1,optimal,optimal,optimal,optimal,optimal,optimal,→ stable,→ stable,→ stable,99.9,✅ EXCELLENT,False,NONE,3.8,0.8,NONE
1780032824.151,77.9,90.0,32.2,1455.0,45.2,13.8,32.0,32.2,31.7,32.3,optimal,optimal,optimal,optimal,optimal,optimal,↓ decreasing,→ stable,→ stable,99.9,✅ EXCELLENT,False,NONE,3.1,0.0,NONE
1780032825.152,78.7,91.1,32.0,1490.0,45.8,13.83,32.0,32.1,32.0,31.9,optimal,optimal,optimal,optimal,optimal,optimal,↓ decreasing,→ stable,→ stable,99.9,✅ EXCELLENT,False,NONE,3.4,0.0,NONE
1780032826.152,82.5,90.2,31.9,1533.0,45.0,13.84,32.2,32.4,31.9,32.4,optimal,optimal,optimal,optimal,optimal,optimal,↓ decreasing,→ stable,→ stable,99.9,✅ EXCELLENT,False,NONE,3.7,0.0,NONE
1780032827.336,78.0,89.4,32.1,1527.0,44.0,13.75,32.3,31.8,32.4,31.9,optimal,optimal,optimal,optimal,optimal,optimal,→ stable,↑ increasing,→ stable,99.9,✅ EXCELLENT,False,NONE,3.2,0.2,NONE
1780032828.337,80.9,89.1,32.2,1509.0,45.2,13.85,31.7,32.3,31.8,31.8,optimal,optimal,optimal,optimal,optimal,optimal,→ stable,→ stable,→ stable,99.9,✅ EXCELLENT,False,NONE,3.2,0.4,NONE
1780032829.338,82.4,90.5,31.8,1477.0,45.4,13.83,31.9,31.9,31.9,32.0,optimal,optimal,optimal,optimal,optimal,optimal,→ stable,→ stable,→ stable,99.9,✅ EXCELLENT,False,NONE,3.8,0.0,NONE
1780032830.338,80.7,91.1,32.1,1455.0,44.1,13.84,32.1,31.9,32.2,31.6,optimal,optimal,optimal,optimal,optimal,optimal,→ stable,→ stable,→ stable,99.9,✅ EXCELLENT,False,NONE,3.3,0.0,NONE
1780032831.339,77.4,89.3,31.6,1495.0,45.4,13.8,31.8,31.6,31.9,31.6,optimal,optimal,optimal,optimal,optimal,optimal,→ stable,→ stable,→ stable,99.9,✅ EXCELLENT,False,NONE,3.8,0.2,NONE
1780032832.34,80.7,89.4,31.6,1473.0,44.1,13.77,31.6,32.2,31.8,31.9,optimal,optimal,optimal,optimal,optimal,optimal,→ stable,→ stable,→ stable,99.9,✅ EXCELLENT,False,NONE,3.9,0.2,NONE
1780032833.34,78.9,88.7,31.8,1535.0,45.6,13.75,32.4,31.8,32.3,31.7,optimal,optimal,optimal,optimal,optimal,optimal,→ stable,→ stable,→ stable,99.9,✅ EXCELLENT,False,NONE,3.6,0.8,NONE
1780032834.342,81.3,90.2,32.1,1453.0,44.3,13.77,32.3,31.7,32.0,32.3,optimal,optimal,optimal,optimal,optimal,optimal,↑ increasing,→ stable,→ stable,99.9,✅ EXCELLENT,False,NONE,3.4,0.0,NONE
1780032835.342,78.0,88.5,31.7,1477.0,45.7,13.78,31.9,31.7,32.3,32.1,optimal,optimal,optimal,optimal,optimal,optimal,↑ increasing,→ stable,→ stable,99.9,✅ EXCELLENT,False,NONE,3.7,1.1,NONE
1780032836.342,77.2,89.5,32.0,1501.0,44.5,13.79,31.6,32.2,31.6,32.3,optimal,optimal,optimal,optimal,optimal,optimal,→ stable,↓ decreasing,→ stable,99.9,✅ EXCELLENT,False,NONE,3.3,0.1,NONE
1780032837.641,78.1,88.6,32.2,1457.0,44.0,13.85,31.6,32.3,32.4,32.1,optimal,optimal,optimal,optimal,optimal,optimal,→ stable,↓ decreasing,→ stable,99.9,✅ EXCELLENT,False,NONE,3.1,1.0,NONE
1780032838.641,82.4,91.5,32.3,1454.0,44.9,13.79,32.1,31.7,31.6,31.9,optimal,optimal,optimal,optimal,optimal,optimal,→ stable,→ stable,→ stable,99.9,✅ EXCELLENT,False,NONE,3.2,0.0,NONE
1780032839.643,82.2,91.2,31.8,1490.0,45.0,13.76,32.4,31.6,31.6,32.0,optimal,optimal,optimal,optimal,optimal,optimal,→ stable,→ stable,→ stable,99.9,✅ EXCELLENT,False,NONE,3.8,0.0,NONE
1780032840.643,80.4,90.6,32.0,1499.0,44.6,13.82,32.3,32.4,31.8,32.3,optimal,optimal,optimal,optimal,optimal,optimal,↓ decreasing,→ stable,→ stable,99.9,✅ EXCELLENT,False,NONE,3.4,0.0,NONE
1780032841.643,78.2,90.2,32.0,1461.0,44.2,13.78,31.9,31.7,31.7,31.6,optimal,optimal,optimal,optimal,optimal,optimal,→ stable,→ stable,→ stable,99.9,✅ EXCELLENT,False,NONE,3.4,0.0,NONE
1780032842.644,82.6,88.9,31.9,1548.0,44.9,13.78,32.1,32.2,31.7,32.3,optimal,optimal,optimal,optimal,optimal,optimal,→ stable,→ stable,→ stable,99.9,✅ EXCELLENT,False,NONE,3.7,0.6,NONE
1780032843.644,80.7,91.0,32.3,1512.0,45.3,13.83,32.1,32.2,32.4,31.7,optimal,optimal,optimal,optimal,optimal,optimal,→ stable,→ stable,→ stable,99.9,✅ EXCELLENT,False,NONE,3.1,0.0,NONE
1780032844.645,79.5,90.9,31.8,1544.0,45.7,13.78,31.9,32.0,32.0,31.9,optimal,optimal,optimal,optimal,optimal,optimal,→ stable,→ stable,→ stable,99.9,✅ EXCELLENT,False,NONE,3.6,0.0,NONE
1780032845.646,78.0,88.6,32.4,1467.0,44.9,13.79,31.8,32.0,32.0,31.9,optimal,optimal,optimal,optimal,optimal,optimal,→ stable,→ stable,→ stable,99.9,✅ EXCELLENT,False,NONE,2.9,1.0,NONE
1780032846.647,79.3,89.9,32.0,1539.0,44.9,13.82,32.0,32.4,31.7,31.8,optimal,optimal,optimal,optimal,optimal,optimal,↑ increasing,↑ increasing,→ stable,99.9,✅ EXCELLENT,False,NONE,3.4,0.0,NONE
1780032847.995,81.9,89.9,32.2,1526.0,44.6,13.83,31.7,32.3,31.7,32.1,optimal,optimal,optimal,optimal,optimal,optimal,↑ increasing,↑ increasing,→ stable,99.9,✅ EXCELLENT,False,NONE,3.3,0.0,NONE
1780032848.995,77.1,88.5,32.1,1514.0,44.8,13.79,32.4,32.2,31.8,31.6,optimal,optimal,optimal,optimal,optimal,optimal,→ stable,→ stable,→ stable,99.9,✅ EXCELLENT,False,NONE,3.2,1.1,NONE
1780032849.995,79.7,91.5,32.1,1476.0,45.5,13.79,32.2,31.6,32.2,32.1,optimal,optimal,optimal,optimal,optimal,optimal,→ stable,→ stable,→ stable,99.9,✅ EXCELLENT,False,NONE,3.3,0.0,NONE
1780032850.995,82.2,89.3,31.9,1516.0,45.3,13.85,32.3,31.7,31.7,31.7,optimal,optimal,optimal,optimal,optimal,optimal,→ stable,→ stable,→ stable,99.9,✅ EXCELLENT,False,NONE,3.6,0.2,NONE
1780032851.996,80.8,91.4,32.0,1540.0,44.8,13.78,31.9,32.0,31.6,32.1,optimal,optimal,optimal,optimal,optimal,optimal,→ stable,→ stable,→ stable,99.9,✅ EXCELLENT,False,NONE,3.5,0.0,NONE
1780032852.997,79.5,90.8,32.1,1499.0,45.0,13.8,32.0,32.0,31.7,31.9,optimal,optimal,optimal,optimal,optimal,optimal,→ stable,→ stable,→ stable,99.9,✅ EXCELLENT,False,NONE,3.3,0.0,NONE
1780032853.998,80.3,90.0,32.1,1452.0,45.0,13.75,32.0,31.8,31.6,32.1,optimal,optimal,optimal,optimal,optimal,optimal,→ stable,→ stable,→ stable,99.9,✅ EXCELLENT,False,NONE,3.3,0.0,NONE
1780032854.999,77.1,91.3,31.8,1499.0,45.9,13.77,31.7,31.8,32.2,32.3,optimal,optimal,optimal,optimal,optimal,optimal,→ stable,→ stable,→ stable,99.9,✅ EXCELLENT,False,NONE,3.5,0.0,NONE
1780032856.0,81.2,90.8,31.8,1490.0,44.5,13.8,31.8,32.4,31.9,32.1,optimal,optimal,optimal,optimal,optimal,optimal,→ stable,→ stable,→ stable,99.9,✅ EXCELLENT,False,NONE,3.7,0.0,NONE
1780032857.0,81.7,90.7,31.7,1452.0,45.0,13.81,31.9,32.1,31.7,32.3,optimal,optimal,optimal,optimal,optimal,optimal,→ stable,→ stable,→ stable,99.9,✅ EXCELLENT,False,NONE,3.9,0.0,NONE
1780032858.324,82.5,90.1,31.7,1455.0,45.9,13.84,31.9,31.7,32.3,31.8,optimal,optimal,optimal,optimal,optimal,optimal,→ stable,→ stable,→ stable,99.9,✅ EXCELLENT,False,NONE,3.9,0.0,NONE
1780032859.324,82.7,89.3,32.3,1549.0,45.7,13.79,31.9,32.1,32.2,31.9,optimal,optimal,optimal,optimal,optimal,optimal,↑ increasing,↑ increasing,→ stable,99.9,✅ EXCELLENT,False,NONE,3.2,0.2,NONE
1780032860.325,77.8,88.9,32.2,1473.0,44.7,13.79,32.2,31.7,31.7,31.8,optimal,optimal,optimal,optimal,optimal,optimal,↑ increasing,→ stable,→ stable,99.9,✅ EXCELLENT,False,NONE,3.1,0.6,NONE
1780032861.326,79.5,88.6,31.8,1540.0,44.3,13.8,32.1,32.3,32.2,32.1,optimal,optimal,optimal,optimal,optimal,optimal,→ stable,→ stable,→ stable,99.9,✅ EXCELLENT,False,NONE,3.6,1.0,NONE
1780032862.327,80.2,90.1,32.1,1535.0,45.2,13.85,32.1,31.8,32.0,31.8,optimal,optimal,optimal,optimal,optimal,optimal,→ stable,→ stable,→ stable,99.9,✅ EXCELLENT,False,NONE,3.3,0.0,NONE
1780032863.328,79.8,89.3,32.0,1520.0,45.8,13.78,32.2,31.9,31.6,31.6,optimal,optimal,optimal,optimal,optimal,optimal,→ stable,→ stable,→ stable,99.9,✅ EXCELLENT,False,NONE,3.4,0.2,NONE
1780032864.329,80.4,90.9,32.3,1502.0,44.2,13.82,32.1,32.3,31.8,32.4,optimal,optimal,optimal,optimal,optimal,optimal,→ stable,→ stable,→ stable,99.9,✅ EXCELLENT,False,NONE,3.1,0.0,NONE
1780032865.33,78.5,90.7,32.1,1464.0,45.8,13.76,31.8,32.2,32.4,32.0,optimal,optimal,optimal,optimal,optimal,optimal,↑ increasing,→ stable,→ stable,99.9,✅ EXCELLENT,False,NONE,3.3,0.0,NONE
1780032866.33,77.3,88.6,32.4,1487.0,45.7,13.77,31.8,31.8,32.0,31.8,optimal,optimal,optimal,optimal,optimal,optimal,→ stable,↓ decreasing,→ stable,99.9,✅ EXCELLENT,False,NONE,2.9,1.0,NONE
1780032867.33,80.1,91.3,31.8,1463.0,44.5,13.8,31.9,31.8,31.9,31.9,optimal,optimal,optimal,optimal,optimal,optimal,→ stable,↓ decreasing,→ stable,99.9,✅ EXCELLENT,False,NONE,3.7,0.0,NONE
1780032868.533,77.4,88.9,32.2,1478.0,45.3,13.79,31.8,31.8,32.3,31.9,optimal,optimal,optimal,optimal,optimal,optimal,↓ decreasing,↓ decreasing,→ stable,99.9,✅ EXCELLENT,False,NONE,3.1,0.6,NONE
1780032869.535,80.8,90.0,31.9,1513.0,45.8,13.8,32.0,31.8,32.1,31.6,optimal,optimal,optimal,optimal,optimal,optimal,↓ decreasing,↓ decreasing,→ stable,99.9,✅ EXCELLENT,False,NONE,3.6,0.0,NONE
1780032870.535,77.7,91.5,32.0,1540.0,44.2,13.83,32.3,32.0,32.3,32.0,optimal,optimal,optimal,optimal,optimal,optimal,↓ decreasing,→ stable,→ stable,99.9,✅ EXCELLENT,False,NONE,3.3,0.0,NONE
1780032871.536,81.1,90.1,31.8,1458.0,44.4,13.81,32.1,32.1,32.4,31.8,optimal,optimal,optimal,optimal,optimal,optimal,↓ decreasing,→ stable,→ stable,99.9,✅ EXCELLENT,False,NONE,3.7,0.0,NONE
1780032872.536,80.6,90.4,32.4,1464.0,45.3,13.79,32.1,31.7,31.8,31.9,optimal,optimal,optimal,optimal,optimal,optimal,↓ decreasing,→ stable,→ stable,99.9,✅ EXCELLENT,False,NONE,3.0,0.0,NONE
1780032873.537,81.8,89.3,31.9,1469.0,45.9,13.81,32.0,31.6,31.7,32.1,optimal,optimal,optimal,optimal,optimal,optimal,↓ decreasing,→ stable,→ stable,99.9,✅ EXCELLENT,False,NONE,3.6,0.2,NONE
1780032874.537,77.1,89.5,32.3,1474.0,45.8,13.75,31.9,32.2,31.6,32.3,optimal,optimal,optimal,optimal,optimal,optimal,↓ decreasing,→ stable,→ stable,99.9,✅ EXCELLENT,False,NONE,3.0,0.1,NONE
1780032875.538,78.6,90.8,32.0,1500.0,44.2,13.83,32.3,31.9,32.2,31.8,optimal,optimal,optimal,optimal,optimal,optimal,↓ decreasing,→ stable,→ stable,99.9,✅ EXCELLENT,False,NONE,3.4,0.0,NONE
1780032876.538,82.5,90.3,31.9,1549.0,45.6,13.83,31.7,32.2,32.0,31.9,optimal,optimal,optimal,optimal,optimal,optimal,→ stable,→ stable,→ stable,99.9,✅ EXCELLENT,False,NONE,3.7,0.0,NONE
1780032877.539,77.7,90.1,31.8,1532.0,44.5,13.81,31.8,32.4,32.2,31.7,optimal,optimal,optimal,optimal,optimal,optimal,→ stable,→ stable,→ stable,99.9,✅ EXCELLENT,False,NONE,3.6,0.0,NONE
1780032878.892,77.1,91.4,32.0,1482.0,44.9,13.8,31.6,31.9,31.7,32.1,optimal,optimal,optimal,optimal,optimal,optimal,→ stable,↑ increasing,→ stable,99.9,✅ EXCELLENT,False,NONE,3.3,0.0,NONE
1780032879.893,81.1,88.7,32.1,1500.0,44.9,13.79,32.0,31.9,32.2,31.8,optimal,optimal,optimal,optimal,optimal,optimal,→ stable,→ stable,→ stable,99.9,✅ EXCELLENT,False,NONE,3.4,0.8,NONE
1780032880.893,81.1,88.6,32.0,1469.0,46.0,13.82,31.7,32.2,31.8,31.8,optimal,optimal,optimal,optimal,optimal,optimal,↑ increasing,→ stable,→ stable,99.9,✅ EXCELLENT,False,NONE,3.5,1.0,NONE
1780032881.893,79.6,88.8,31.6,1452.0,45.8,13.83,31.7,31.7,31.7,32.2,optimal,optimal,optimal,optimal,optimal,optimal,→ stable,→ stable,→ stable,99.9,✅ EXCELLENT,False,NONE,3.9,0.7,NONE
1780032882.895,81.2,89.1,31.9,1483.0,44.8,13.85,31.8,31.6,31.7,31.8,optimal,optimal,optimal,optimal,optimal,optimal,→ stable,↓ decreasing,→ stable,99.9,✅ EXCELLENT,False,NONE,3.6,0.4,NONE
1780032883.896,79.5,89.8,32.3,1481.0,45.2,13.75,32.1,31.7,32.3,31.9,optimal,optimal,optimal,optimal,optimal,optimal,→ stable,→ stable,→ stable,99.9,✅ EXCELLENT,False,NONE,3.1,0.0,NONE
1780032884.897,81.1,89.2,31.7,1477.0,45.4,13.78,31.8,31.6,32.0,31.8,optimal,optimal,optimal,optimal,optimal,optimal,↑ increasing,→ stable,→ stable,99.9,✅ EXCELLENT,False,NONE,3.8,0.3,NONE
1780032885.898,80.2,91.3,32.2,1519.0,45.5,13.81,32.1,32.1,32.2,32.4,optimal,optimal,optimal,optimal,optimal,optimal,↑ increasing,→ stable,→ stable,99.9,✅ EXCELLENT,False,NONE,3.2,0.0,NONE
1780032886.899,82.2,88.8,32.1,1502.0,44.5,13.78,32.0,32.0,31.9,32.1,optimal,optimal,optimal,optimal,optimal,optimal,→ stable,↓ decreasing,→ stable,99.9,✅ EXCELLENT,False,NONE,3.4,0.7,NONE
1780032887.9,80.0,90.6,32.3,1478.0,44.3,13.82,32.4,32.3,31.9,31.9,optimal,optimal,optimal,optimal,optimal,optimal,↑ increasing,→ stable,→ stable,99.9,✅ EXCELLENT,False,NONE,3.1,0.0,NONE
1780032889.105,78.5,90.0,31.7,1488.0,44.6,13.78,32.1,32.2,32.2,31.7,optimal,optimal,optimal,optimal,optimal,optimal,↑ increasing,↓ decreasing,→ stable,99.9,✅ EXCELLENT,False,NONE,3.7,0.0,NONE
1780032890.106,82.2,90.7,31.8,1468.0,44.0,13.81,31.9,32.0,32.3,31.7,optimal,optimal,optimal,optimal,optimal,optimal,↑ increasing,↓ decreasing,→ stable,99.9,✅ EXCELLENT,False,NONE,3.8,0.0,NONE
1780032891.107,81.4,90.4,32.3,1501.0,45.5,13.81,32.3,32.1,31.9,31.7,optimal,optimal,optimal,optimal,optimal,optimal,↑ increasing,→ stable,→ stable,99.9,✅ EXCELLENT,False,NONE,3.1,0.0,NONE
1780032892.108,78.4,89.4,32.1,1510.0,45.4,13.79,32.0,32.1,32.2,32.4,optimal,optimal,optimal,optimal,optimal,optimal,↑ increasing,→ stable,→ stable,99.9,✅ EXCELLENT,False,NONE,3.2,0.2,NONE
1780032893.109,80.2,89.1,31.9,1545.0,45.8,13.83,31.7,31.9,32.3,32.4,optimal,optimal,optimal,optimal,optimal,optimal,↑ increasing,→ stable,→ stable,99.9,✅ EXCELLENT,False,NONE,3.6,0.4,NONE
1780032894.109,79.8,88.8,31.8,1522.0,44.0,13.76,31.8,31.7,32.4,32.2,optimal,optimal,optimal,optimal,optimal,optimal,↑ increasing,→ stable,→ stable,99.9,✅ EXCELLENT,False,NONE,3.6,0.7,NONE
1780032895.109,82.2,89.9,32.0,1483.0,44.8,13.81,31.8,31.8,32.3,31.9,optimal,optimal,optimal,optimal,optimal,optimal,↑ increasing,→ stable,→ stable,99.9,✅ EXCELLENT,False,NONE,3.5,0.0,NONE
1780032896.11,78.1,91.4,32.2,1496.0,44.2,13.83,32.4,31.8,31.7,31.8,optimal,optimal,optimal,optimal,optimal,optimal,→ stable,→ stable,→ stable,99.9,✅ EXCELLENT,False,NONE,3.1,0.0,NONE
1780032897.111,82.4,89.6,32.4,1457.0,45.7,13.77,32.3,31.6,32.2,32.2,optimal,optimal,optimal,optimal,optimal,optimal,→ stable,→ stable,→ stable,99.9,✅ EXCELLENT,False,NONE,3.1,0.1,NONE
1780032898.112,81.3,88.9,32.0,1539.0,44.9,13.81,31.9,32.2,32.1,32.1,optimal,optimal,optimal,optimal,optimal,optimal,→ stable,→ stable,→ stable,99.9,✅ EXCELLENT,False,NONE,3.5,0.6,NONE
1780032899.464,79.5,90.4,31.8,1482.0,44.8,13.84,31.9,32.0,32.2,32.0,optimal,optimal,optimal,optimal,optimal,optimal,→ stable,→ stable,→ stable,99.9,✅ EXCELLENT,False,NONE,3.6,0.0,NONE
1780032900.465,82.9,90.4,32.2,1547.0,45.6,13.78,32.4,31.9,32.0,31.8,optimal,optimal,optimal,optimal,optimal,optimal,→ stable,→ stable,→ stable,99.9,✅ EXCELLENT,False,NONE,3.3,0.0,NONE
1780032901.466,80.9,88.5,32.4,1549.0,44.1,13.76,31.8,31.8,32.3,32.4,optimal,optimal,optimal,optimal,optimal,optimal,→ stable,→ stable,→ stable,99.9,✅ EXCELLENT,False,NONE,3.0,1.1,NONE
1780032902.467,77.6,90.3,32.4,1496.0,46.0,13.8,32.1,32.1,31.9,31.7,optimal,optimal,optimal,optimal,optimal,optimal,→ stable,→ stable,→ stable,99.9,✅ EXCELLENT,False,NONE,2.9,0.0,NONE
1780032903.467,78.4,91.4,31.7,1494.0,44.8,13.8,31.8,32.1,31.7,31.7,optimal,optimal,optimal,optimal,optimal,optimal,→ stable,→ stable,→ stable,99.9,✅ EXCELLENT,False,NONE,3.7,0.0,NONE
1780032904.469,80.4,89.6,32.1,1549.0,44.2,13.77,31.6,32.3,32.1,31.7,optimal,optimal,optimal,optimal,optimal,optimal,→ stable,→ stable,→ stable,99.9,✅ EXCELLENT,False,NONE,3.3,0.1,NONE
1780032905.469,78.4,91.0,32.2,1512.0,44.3,13.8,31.9,31.8,32.0,32.0,optimal,optimal,optimal,optimal,optimal,optimal,↓ decreasing,→ stable,→ stable,99.9,✅ EXCELLENT,False,NONE,3.1,0.0,NONE
1780032906.47,82.9,89.2,32.0,1461.0,44.9,13.75,31.8,32.2,31.9,31.9,optimal,optimal,optimal,optimal,optimal,optimal,→ stable,→ stable,→ stable,99.9,✅ EXCELLENT,False,NONE,3.6,0.3,NONE
1780032907.47,81.6,91.1,31.9,1459.0,45.0,13.76,31.6,31.9,32.2,32.1,optimal,optimal,optimal,optimal,optimal,optimal,→ stable,→ stable,→ stable,99.9,✅ EXCELLENT,False,NONE,3.6,0.0,NONE
1780032908.471,80.0,90.3,31.9,1458.0,44.8,13.84,31.9,31.9,31.9,32.3,optimal,optimal,optimal,optimal,optimal,optimal,→ stable,→ stable,→ stable,99.9,✅ EXCELLENT,False,NONE,3.5,0.0,NONE
1780032909.859,77.7,89.3,32.2,1543.0,45.3,13.82,32.3,32.0,31.7,32.0,optimal,optimal,optimal,optimal,optimal,optimal,→ stable,→ stable,→ stable,99.9,✅ EXCELLENT,False,NONE,3.1,0.2,NONE
1780032910.86,77.3,89.0,31.8,1470.0,44.6,13.8,32.0,32.0,31.9,32.3,optimal,optimal,optimal,optimal,optimal,optimal,↓ decreasing,→ stable,→ stable,99.9,✅ EXCELLENT,False,NONE,3.5,0.5,NONE
1780032911.861,77.8,88.6,31.6,1535.0,44.5,13.79,32.0,32.3,32.0,32.0,optimal,optimal,optimal,optimal,optimal,optimal,↓ decreasing,→ stable,→ stable,99.9,✅ EXCELLENT,False,NONE,3.8,1.0,NONE
1780032912.861,82.0,91.5,31.7,1487.0,44.8,13.8,32.1,31.8,31.8,32.2,optimal,optimal,optimal,optimal,optimal,optimal,↓ decreasing,→ stable,→ stable,99.9,✅ EXCELLENT,False,NONE,3.9,0.0,NONE
1780032913.861,82.9,91.1,31.9,1506.0,44.9,13.79,32.2,32.3,32.3,32.3,optimal,optimal,optimal,optimal,optimal,optimal,→ stable,→ stable,→ stable,99.9,✅ EXCELLENT,False,NONE,3.7,0.0,NONE
1780032914.861,80.7,91.3,31.8,1515.0,44.0,13.76,32.2,31.9,32.3,31.6,optimal,optimal,optimal,optimal,optimal,optimal,→ stable,→ stable,→ stable,99.9,✅ EXCELLENT,False,NONE,3.7,0.0,NONE
1780032915.861,77.2,90.7,32.2,1491.0,44.5,13.8,32.0,31.6,31.9,32.2,optimal,optimal,optimal,optimal,optimal,optimal,→ stable,→ stable,→ stable,99.9,✅ EXCELLENT,False,NONE,3.1,0.0,NONE
1780032916.861,80.7,91.2,32.4,1463.0,44.9,13.85,32.0,32.3,31.9,32.4,optimal,optimal,optimal,optimal,optimal,optimal,↓ decreasing,→ stable,→ stable,99.9,✅ EXCELLENT,False,NONE,3.0,0.0,NONE
1780032917.861,77.2,91.1,31.7,1479.0,45.2,13.83,32.2,32.1,31.9,32.1,optimal,optimal,optimal,optimal,optimal,optimal,↓ decreasing,→ stable,→ stable,99.9,✅ EXCELLENT,False,NONE,3.6,0.0,NONE
1780032918.861,77.6,89.4,31.7,1535.0,44.4,13.77,32.1,31.7,32.0,31.8,optimal,optimal,optimal,optimal,optimal,optimal,↓ decreasing,→ stable,→ stable,99.9,✅ EXCELLENT,False,NONE,3.7,0.2,NONE
1780032920.071,82.4,88.8,32.2,1535.0,44.4,13.84,32.1,31.8,31.6,31.8,optimal,optimal,optimal,optimal,optimal,optimal,→ stable,→ stable,→ stable,99.9,✅ EXCELLENT,False,NONE,3.3,0.7,NONE
1780032921.072,82.9,88.5,31.8,1532.0,45.5,13.79,32.1,31.8,31.7,32.3,optimal,optimal,optimal,optimal,optimal,optimal,↑ increasing,→ stable,→ stable,99.9,✅ EXCELLENT,False,NONE,3.8,1.1,NONE
1780032922.072,80.6,89.6,31.6,1507.0,44.9,13.78,32.0,32.0,32.3,32.2,optimal,optimal,optimal,optimal,optimal,optimal,↑ increasing,→ stable,→ stable,99.9,✅ EXCELLENT,False,NONE,3.9,0.1,NONE
1780032923.072,81.4,89.6,31.9,1484.0,45.3,13.83,31.9,31.8,31.7,31.8,optimal,optimal,optimal,optimal,optimal,optimal,↑ increasing,→ stable,→ stable,99.9,✅ EXCELLENT,False,NONE,3.6,0.1,NONE
1780032924.073,81.0,89.7,31.8,1477.0,44.8,13.82,32.0,32.3,31.8,32.1,optimal,optimal,optimal,optimal,optimal,optimal,→ stable,→ stable,→ stable,99.9,✅ EXCELLENT,False,NONE,3.7,0.0,NONE
1780032925.074,77.0,88.8,31.7,1536.0,46.0,13.76,31.9,31.8,31.9,31.8,optimal,optimal,optimal,optimal,optimal,optimal,→ stable,→ stable,→ stable,99.9,✅ EXCELLENT,False,NONE,3.6,0.7,NONE
1780032926.075,79.6,90.9,32.2,1508.0,44.5,13.77,31.8,32.1,32.0,31.8,optimal,optimal,optimal,optimal,optimal,optimal,→ stable,→ stable,→ stable,99.9,✅ EXCELLENT,False,NONE,3.2,0.0,NONE
1780032927.076,81.6,89.5,31.8,1505.0,45.2,13.78,31.8,31.9,32.1,32.2,optimal,optimal,optimal,optimal,optimal,optimal,→ stable,↓ decreasing,→ stable,99.9,✅ EXCELLENT,False,NONE,3.7,0.1,NONE
1780032928.076,82.2,89.6,32.4,1486.0,44.5,13.84,32.4,31.7,32.1,32.0,optimal,optimal,optimal,optimal,optimal,optimal,↑ increasing,↓ decreasing,→ stable,99.9,✅ EXCELLENT,False,NONE,3.1,0.1,NONE
1780032929.076,81.6,89.0,32.2,1528.0,44.4,13.84,32.3,31.8,32.0,32.1,optimal,optimal,optimal,optimal,optimal,optimal,↑ increasing,↓ decreasing,→ stable,99.9,✅ EXCELLENT,False,NONE,3.3,0.5,NONE
1780032930.263,78.8,89.8,31.8,1513.0,44.8,13.76,32.3,32.3,32.0,32.3,optimal,optimal,optimal,optimal,optimal,optimal,↑ increasing,↓ decreasing,→ stable,99.9,✅ EXCELLENT,False,NONE,3.6,0.0,NONE
1780032931.264,80.5,88.9,32.3,1456.0,45.6,13.8,31.8,32.1,32.2,31.9,optimal,optimal,optimal,optimal,optimal,optimal,→ stable,↓ decreasing,→ stable,99.9,✅ EXCELLENT,False,NONE,3.1,0.6,NONE
1780032932.264,82.2,90.7,31.9,1517.0,45.0,13.76,31.7,31.6,32.0,32.2,optimal,optimal,optimal,optimal,optimal,optimal,→ stable,↓ decreasing,→ stable,99.9,✅ EXCELLENT,False,NONE,3.6,0.0,NONE
1780032933.264,78.4,88.6,31.9,1517.0,45.2,13.77,32.0,32.3,32.2,31.6,optimal,optimal,optimal,optimal,optimal,optimal,→ stable,↓ decreasing,→ stable,99.9,✅ EXCELLENT,False,NONE,3.5,1.0,NONE
1780032934.266,79.9,88.6,32.1,1546.0,44.1,13.76,32.3,31.8,31.6,31.8,optimal,optimal,optimal,optimal,optimal,optimal,→ stable,↓ decreasing,→ stable,99.9,✅ EXCELLENT,False,NONE,3.3,1.0,NONE
1780032935.267,81.2,90.4,31.9,1464.0,45.7,13.85,32.1,32.1,32.0,31.9,optimal,optimal,optimal,optimal,optimal,optimal,↑ increasing,→ stable,→ stable,99.9,✅ EXCELLENT,False,NONE,3.6,0.0,NONE
1780032936.268,78.8,90.0,32.4,1532.0,45.4,13.83,32.1,32.0,32.3,32.0,optimal,optimal,optimal,optimal,optimal,optimal,→ stable,→ stable,→ stable,99.9,✅ EXCELLENT,False,NONE,2.9,0.0,NONE
1780032937.268,78.7,89.6,31.7,1513.0,45.6,13.8,31.8,32.0,32.2,32.3,optimal,optimal,optimal,optimal,optimal,optimal,→ stable,→ stable,→ stable,99.9,✅ EXCELLENT,False,NONE,3.7,0.1,NONE
1780032938.269,79.2,91.1,31.8,1474.0,45.1,13.75,31.9,32.0,32.3,31.8,optimal,optimal,optimal,optimal,optimal,optimal,↓ decreasing,→ stable,→ stable,99.9,✅ EXCELLENT,False,NONE,3.6,0.0,NONE
1780032939.27,80.7,91.4,31.8,1507.0,44.4,13.83,32.3,32.3,31.8,31.7,optimal,optimal,optimal,optimal,optimal,optimal,↓ decreasing,↑ increasing,→ stable,99.9,✅ EXCELLENT,False,NONE,3.7,0.0,NONE
1780032940.465,80.8,90.3,32.0,1485.0,44.0,13.78,32.3,31.9,32.1,31.9,optimal,optimal,optimal,optimal,optimal,optimal,↓ decreasing,→ stable,→ stable,99.9,✅ EXCELLENT,False,NONE,3.5,0.0,NONE
1780032941.467,78.7,90.9,32.2,1473.0,45.0,13.81,32.0,31.9,32.1,31.9,optimal,optimal,optimal,optimal,optimal,optimal,↓ decreasing,↑ increasing,→ stable,99.9,✅ EXCELLENT,False,NONE,3.1,0.0,NONE
1780032942.468,80.6,91.5,32.3,1547.0,45.1,13.83,31.6,31.8,32.0,32.1,optimal,optimal,optimal,optimal,optimal,optimal,↓ decreasing,↑ increasing,→ stable,99.9,✅ EXCELLENT,False,NONE,3.1,0.0,NONE
1780032943.469,77.3,90.6,32.0,1493.0,44.5,13.77,32.2,32.3,32.0,32.3,optimal,optimal,optimal,optimal,optimal,optimal,↓ decreasing,↑ increasing,→ stable,99.9,✅ EXCELLENT,False,NONE,3.3,0.0,NONE
1780032944.47,81.9,89.5,32.2,1539.0,44.1,13.79,31.7,32.0,32.3,32.4,optimal,optimal,optimal,optimal,optimal,optimal,→ stable,↑ increasing,→ stable,99.9,✅ EXCELLENT,False,NONE,3.3,0.1,NONE
1780032945.471,77.5,90.9,32.0,1521.0,44.8,13.76,32.0,32.0,32.0,32.3,optimal,optimal,optimal,optimal,optimal,optimal,↓ decreasing,↑ increasing,→ stable,99.9,✅ EXCELLENT,False,NONE,3.3,0.0,NONE
1780032946.472,80.8,88.8,32.1,1453.0,45.5,13.82,31.8,31.8,32.1,32.0,optimal,optimal,optimal,optimal,optimal,optimal,↓ decreasing,↑ increasing,→ stable,99.9,✅ EXCELLENT,False,NONE,3.3,0.7,NONE
1780032947.473,80.2,90.1,31.7,1475.0,45.8,13.75,32.2,32.3,31.7,32.4,optimal,optimal,optimal,optimal,optimal,optimal,→ stable,↑ increasing,→ stable,99.9,✅ EXCELLENT,False,NONE,3.8,0.0,NONE
1780032948.474,77.9,90.3,32.2,1452.0,44.7,13.77,31.8,32.0,31.9,31.9,optimal,optimal,optimal,optimal,optimal,optimal,→ stable,↑ increasing,→ stable,99.9,✅ EXCELLENT,False,NONE,3.1,0.0,NONE
1780032949.475,82.7,91.0,32.4,1494.0,44.5,13.8,32.4,31.9,31.9,32.2,optimal,optimal,optimal,optimal,optimal,optimal,→ stable,→ stable,→ stable,99.9,✅ EXCELLENT,False,NONE,3.1,0.0,NONE
1780032950.801,82.2,89.8,32.3,1504.0,45.6,13.83,31.9,32.4,31.8,32.1,optimal,optimal,optimal,optimal,optimal,optimal,→ stable,→ stable,→ stable,99.9,✅ EXCELLENT,False,NONE,3.2,0.0,NONE
1780032951.801,79.4,88.8,31.9,1537.0,44.1,13.79,31.9,32.3,32.0,32.2,optimal,optimal,optimal,optimal,optimal,optimal,→ stable,→ stable,→ stable,99.9,✅ EXCELLENT,False,NONE,3.5,0.7,NONE
1780032952.8,79.9,90.3,32.3,1490.0,45.8,13.84,31.6,32.2,31.8,31.8,optimal,optimal,optimal,optimal,optimal,optimal,→ stable,→ stable,→ stable,99.9,✅ EXCELLENT,False,NONE,3.1,0.0,NONE
1780032953.8,79.6,90.0,32.0,1509.0,44.4,13.78,31.7,31.8,32.1,31.8,optimal,optimal,optimal,optimal,optimal,optimal,↑ increasing,→ stable,→ stable,99.9,✅ EXCELLENT,False,NONE,3.4,0.0,NONE
1780032954.801,80.6,90.9,31.9,1538.0,44.6,13.78,32.3,31.8,31.6,31.9,optimal,optimal,optimal,optimal,optimal,optimal,→ stable,→ stable,→ stable,99.9,✅ EXCELLENT,False,NONE,3.6,0.0,NONE
1780032955.802,77.9,89.2,32.1,1453.0,44.2,13.84,32.0,32.3,32.1,31.8,optimal,optimal,optimal,optimal,optimal,optimal,↑ increasing,↓ decreasing,→ stable,99.9,✅ EXCELLENT,False,NONE,3.2,0.3,NONE
1780032956.802,78.9,89.5,32.0,1535.0,44.1,13.83,32.4,32.3,32.1,32.0,optimal,optimal,optimal,optimal,optimal,optimal,→ stable,→ stable,→ stable,99.9,✅ EXCELLENT,False,NONE,3.4,0.1,NONE
1780032957.804,80.7,89.6,31.6,1461.0,45.7,13.76,31.7,31.7,31.9,32.2,optimal,optimal,optimal,optimal,optimal,optimal,→ stable,↓ decreasing,→ stable,99.9,✅ EXCELLENT,False,NONE,3.9,0.1,NONE
1780032958.805,80.0,89.8,32.1,1543.0,44.9,13.76,32.2,32.2,32.3,32.1,optimal,optimal,optimal,optimal,optimal,optimal,↑ increasing,↓ decreasing,→ stable,99.9,✅ EXCELLENT,False,NONE,3.3,0.0,NONE
1780032959.806,78.7,89.1,31.7,1488.0,44.5,13.84,32.1,32.2,31.9,32.4,optimal,optimal,optimal,optimal,optimal,optimal,→ stable,↓ decreasing,→ stable,99.9,✅ EXCELLENT,False,NONE,3.7,0.4,NONE
1780032961.275,80.2,90.2,32.3,1518.0,45.1,13.85,31.9,32.0,32.4,31.8,optimal,optimal,optimal,optimal,optimal,optimal,→ stable,↓ decreasing,→ stable,99.9,✅ EXCELLENT,False,NONE,3.1,0.0,NONE
1780032962.276,82.8,90.6,32.1,1510.0,45.7,13.82,32.3,32.2,32.1,31.6,optimal,optimal,optimal,optimal,optimal,optimal,→ stable,→ stable,→ stable,99.9,✅ EXCELLENT,False,NONE,3.4,0.0,NONE
1780032963.277,81.9,89.1,32.2,1516.0,45.2,13.8,31.7,32.1,31.6,31.8,optimal,optimal,optimal,optimal,optimal,optimal,→ stable,→ stable,→ stable,99.9,✅ EXCELLENT,False,NONE,3.3,0.4,NONE
1780032964.277,79.6,91.4,32.3,1542.0,44.8,13.78,32.2,32.4,32.0,32.3,optimal,optimal,optimal,optimal,optimal,optimal,→ stable,→ stable,→ stable,99.9,✅ EXCELLENT,False,NONE,3.1,0.0,NONE
1780032965.279,78.4,90.6,31.7,1473.0,45.4,13.76,32.2,32.1,31.6,32.3,optimal,optimal,optimal,optimal,optimal,optimal,→ stable,→ stable,→ stable,99.9,✅ EXCELLENT,False,NONE,3.7,0.0,NONE
1780032966.279,78.2,90.3,31.7,1495.0,44.5,13.82,32.4,32.3,32.2,32.0,optimal,optimal,optimal,optimal,optimal,optimal,→ stable,→ stable,→ stable,99.9,✅ EXCELLENT,False,NONE,3.7,0.0,NONE
1780032967.28,82.4,89.2,31.9,1525.0,45.4,13.75,32.4,32.3,31.8,32.3,optimal,optimal,optimal,optimal,optimal,optimal,→ stable,→ stable,→ stable,99.9,✅ EXCELLENT,False,NONE,3.6,0.3,NONE
1780032968.281,81.3,90.0,32.1,1496.0,44.1,13.77,31.7,31.6,32.0,32.2,optimal,optimal,optimal,optimal,optimal,optimal,→ stable,→ stable,→ stable,99.9,✅ EXCELLENT,False,NONE,3.4,0.0,NONE
1780032969.281,78.8,90.4,32.2,1523.0,45.9,13.85,32.2,32.2,32.2,32.1,optimal,optimal,optimal,optimal,optimal,optimal,→ stable,→ stable,→ stable,99.9,✅ EXCELLENT,False,NONE,3.2,0.0,NONE
1780032970.282,80.9,88.9,32.1,1512.0,45.9,13.84,32.0,31.9,31.9,32.3,optimal,optimal,optimal,optimal,optimal,optimal,↑ increasing,→ stable,→ stable,99.9,✅ EXCELLENT,False,NONE,3.4,0.6,NONE
1780032971.693,78.8,90.0,32.2,1480.0,45.4,13.85,31.8,31.9,32.1,31.6,optimal,optimal,optimal,optimal,optimal,optimal,↑ increasing,→ stable,→ stable,99.9,✅ EXCELLENT,False,NONE,3.2,0.0,NONE
1780032972.693,82.1,90.6,31.9,1462.0,44.2,13.84,31.6,31.6,32.3,32.2,optimal,optimal,optimal,optimal,optimal,optimal,→ stable,→ stable,→ stable,99.9,✅ EXCELLENT,False,NONE,3.6,0.0,NONE
1780032973.693,80.5,88.6,31.7,1504.0,45.7,13.85,32.0,32.1,32.0,32.2,optimal,optimal,optimal,optimal,optimal,optimal,→ stable,→ stable,→ stable,99.9,✅ EXCELLENT,False,NONE,3.8,1.0,NONE
1780032974.694,82.6,89.8,31.8,1484.0,46.0,13.82,32.1,31.7,32.0,31.8,optimal,optimal,optimal,optimal,optimal,optimal,→ stable,→ stable,→ stable,99.9,✅ EXCELLENT,False,NONE,3.8,0.0,NONE
1780032975.695,82.1,88.7,32.2,1473.0,45.9,13.83,32.2,31.7,31.8,31.8,optimal,optimal,optimal,optimal,optimal,optimal,↑ increasing,→ stable,→ stable,99.9,✅ EXCELLENT,False,NONE,3.3,0.8,NONE
1780032976.695,80.3,90.3,32.1,1527.0,45.2,13.8,31.7,31.7,31.7,32.1,optimal,optimal,optimal,optimal,optimal,optimal,↑ increasing,→ stable,→ stable,99.9,✅ EXCELLENT,False,NONE,3.3,0.0,NONE
1780032977.695,81.5,89.0,32.0,1502.0,44.6,13.78,32.3,31.9,31.9,31.7,optimal,optimal,optimal,optimal,optimal,optimal,↑ increasing,→ stable,→ stable,99.9,✅ EXCELLENT,False,NONE,3.5,0.5,NONE
1780032978.695,79.5,89.7,31.7,1472.0,45.5,13.85,32.0,31.9,32.1,32.0,optimal,optimal,optimal,optimal,optimal,optimal,→ stable,→ stable,→ stable,99.9,✅ EXCELLENT,False,NONE,3.7,0.0,NONE
1780032979.695,78.2,89.3,32.1,1508.0,44.1,13.77,32.0,32.3,32.0,31.7,optimal,optimal,optimal,optimal,optimal,optimal,→ stable,↓ decreasing,→ stable,99.9,✅ EXCELLENT,False,NONE,3.2,0.2,NONE
1780032980.695,80.2,89.0,32.2,1467.0,45.2,13.8,32.4,31.9,31.8,31.8,optimal,optimal,optimal,optimal,optimal,optimal,→ stable,↓ decreasing,→ stable,99.9,✅ EXCELLENT,False,NONE,3.2,0.5,NONE
1780032982.228,79.5,91.3,32.0,1512.0,45.1,13.76,32.2,31.7,31.9,32.2,optimal,optimal,optimal,optimal,optimal,optimal,→ stable,→ stable,→ stable,99.9,✅ EXCELLENT,False,NONE,3.4,0.0,NONE
1780032983.229,79.9,91.3,32.4,1503.0,45.3,13.79,32.2,32.0,31.8,32.0,optimal,optimal,optimal,optimal,optimal,optimal,→ stable,→ stable,→ stable,99.9,✅ EXCELLENT,False,NONE,3.0,0.0,NONE
1780032984.23,81.9,90.6,31.7,1484.0,44.9,13.83,32.2,31.8,31.9,31.9,optimal,optimal,optimal,optimal,optimal,optimal,→ stable,→ stable,→ stable,99.9,✅ EXCELLENT,False,NONE,3.9,0.0,NONE
1780032985.231,79.0,91.2,32.3,1482.0,45.2,13.84,31.6,32.1,32.1,32.1,optimal,optimal,optimal,optimal,optimal,optimal,→ stable,→ stable,→ stable,99.9,✅ EXCELLENT,False,NONE,3.0,0.0,NONE
1780032986.232,81.6,89.0,32.1,1513.0,45.9,13.77,32.1,32.3,32.2,32.0,optimal,optimal,optimal,optimal,optimal,optimal,↓ decreasing,→ stable,→ stable,99.9,✅ EXCELLENT,False,NONE,3.4,0.5,NONE
1780032987.233,77.8,90.9,32.4,1464.0,45.9,13.85,31.6,32.3,31.9,31.7,optimal,optimal,optimal,optimal,optimal,optimal,↓ decreasing,→ stable,→ stable,99.9,✅ EXCELLENT,False,NONE,2.9,0.0,NONE
1780032988.233,80.5,89.3,32.1,1481.0,45.3,13.85,31.8,31.9,32.2,32.3,optimal,optimal,optimal,optimal,optimal,optimal,↓ decreasing,↑ increasing,→ stable,99.9,✅ EXCELLENT,False,NONE,3.3,0.2,NONE
1780032989.233,80.2,90.4,32.4,1522.0,44.8,13.8,31.7,31.6,32.3,32.0,optimal,optimal,optimal,optimal,optimal,optimal,↓ decreasing,↑ increasing,→ stable,99.9,✅ EXCELLENT,False,NONE,3.0,0.0,NONE
1780032990.234,78.9,89.8,32.3,1525.0,44.1,13.82,32.4,31.9,32.2,32.2,optimal,optimal,optimal,optimal,optimal,optimal,↓ decreasing,↑ increasing,→ stable,99.9,✅ EXCELLENT,False,NONE,3.0,0.0,NONE
1780032991.234,78.5,88.6,31.9,1548.0,45.1,13.81,31.9,31.9,32.4,31.9,optimal,optimal,optimal,optimal,optimal,optimal,↓ decreasing,↑ increasing,→ stable,99.9,✅ EXCELLENT,False,NONE,3.5,1.0,NONE
1780032992.578,83.0,89.6,32.4,1493.0,45.8,13.78,31.8,31.6,32.3,31.7,optimal,optimal,optimal,optimal,optimal,optimal,↓ decreasing,→ stable,→ stable,99.9,✅ EXCELLENT,False,NONE,3.1,0.1,NONE
1780032993.578,78.8,90.3,32.0,1480.0,45.0,13.81,32.2,31.9,31.7,31.7,optimal,optimal,optimal,optimal,optimal,optimal,→ stable,→ stable,→ stable,99.9,✅ EXCELLENT,False,NONE,3.4,0.0,NONE
1780032994.579,82.7,90.7,31.6,1518.0,45.8,13.8,31.6,32.4,32.0,31.8,optimal,optimal,optimal,optimal,optimal,optimal,→ stable,→ stable,→ stable,99.9,✅ EXCELLENT,False,NONE,4.0,0.0,NONE
1780032995.579,80.3,91.1,32.0,1524.0,45.6,13.82,32.0,31.7,31.8,31.7,optimal,optimal,optimal,optimal,optimal,optimal,→ stable,→ stable,→ stable,99.9,✅ EXCELLENT,False,NONE,3.4,0.0,NONE
1780032996.579,80.0,88.6,32.2,1460.0,45.5,13.81,32.1,31.6,32.2,32.0,optimal,optimal,optimal,optimal,optimal,optimal,→ stable,→ stable,→ stable,99.9,✅ EXCELLENT,False,NONE,3.2,1.0,NONE
1780032997.579,78.6,89.7,32.0,1468.0,44.4,13.8,31.8,32.4,31.8,31.9,optimal,optimal,optimal,optimal,optimal,optimal,→ stable,→ stable,→ stable,99.9,✅ EXCELLENT,False,NONE,3.4,0.0,NONE
1780032998.581,81.0,91.2,32.0,1502.0,45.9,13.78,32.2,32.0,31.8,32.3,optimal,optimal,optimal,optimal,optimal,optimal,→ stable,→ stable,→ stable,99.9,✅ EXCELLENT,False,NONE,3.5,0.0,NONE
1780032999.581,80.0,90.8,32.4,1510.0,44.2,13.77,32.1,32.0,32.3,32.4,optimal,optimal,optimal,optimal,optimal,optimal,→ stable,→ stable,→ stable,99.9,✅ EXCELLENT,False,NONE,3.0,0.0,NONE
1780033000.582,81.5,89.8,32.1,1483.0,45.4,13.75,31.8,32.2,31.9,32.0,optimal,optimal,optimal,optimal,optimal,optimal,→ stable,→ stable,→ stable,99.9,✅ EXCELLENT,False,NONE,3.4,0.0,NONE
1780033001.583,77.0,89.3,31.7,1509.0,45.6,13.84,31.8,32.4,32.0,31.9,optimal,optimal,optimal,optimal,optimal,optimal,↑ increasing,→ stable,→ stable,99.9,✅ EXCELLENT,False,NONE,3.6,0.2,NONE
1780033003.179,81.9,89.2,32.1,1494.0,45.8,13.78,31.7,31.6,31.7,31.7,optimal,optimal,optimal,optimal,optimal,optimal,→ stable,→ stable,→ stable,99.9,✅ EXCELLENT,False,NONE,3.4,0.3,NONE
1780033004.178,80.5,90.5,31.9,1531.0,45.0,13.75,31.9,32.2,32.0,31.6,optimal,optimal,optimal,optimal,optimal,optimal,→ stable,→ stable,→ stable,99.9,✅ EXCELLENT,False,NONE,3.6,0.0,NONE
1780033005.179,78.9,88.5,32.0,1482.0,45.1,13.75,32.2,32.0,32.3,32.1,optimal,optimal,optimal,optimal,optimal,optimal,→ stable,→ stable,→ stable,99.9,✅ EXCELLENT,False,NONE,3.4,1.1,NONE
1780033006.181,78.6,90.5,32.0,1486.0,44.4,13.8,32.3,32.2,31.7,32.1,optimal,optimal,optimal,optimal,optimal,optimal,→ stable,→ stable,→ stable,99.9,✅ EXCELLENT,False,NONE,3.4,0.0,NONE
1780033007.181,78.1,89.2,31.7,1491.0,44.0,13.79,32.2,32.3,31.6,32.2,optimal,optimal,optimal,optimal,optimal,optimal,→ stable,→ stable,→ stable,99.9,✅ EXCELLENT,False,NONE,3.7,0.3,NONE
1780033008.181,77.7,90.8,31.7,1454.0,45.7,13.84,32.1,32.1,31.6,31.8,optimal,optimal,optimal,optimal,optimal,optimal,↓ decreasing,→ stable,→ stable,99.9,✅ EXCELLENT,False,NONE,3.7,0.0,NONE
1780033009.182,79.1,90.5,31.7,1512.0,45.7,13.77,32.1,32.0,31.6,31.7,optimal,optimal,optimal,optimal,optimal,optimal,↓ decreasing,→ stable,→ stable,99.9,✅ EXCELLENT,False,NONE,3.7,0.0,NONE
1780033010.183,78.1,89.2,32.3,1525.0,44.2,13.82,32.0,32.1,32.4,31.7,optimal,optimal,optimal,optimal,optimal,optimal,↓ decreasing,→ stable,→ stable,99.9,✅ EXCELLENT,False,NONE,3.0,0.3,NONE
1780033011.184,82.7,90.9,31.8,1540.0,44.3,13.79,31.9,31.9,32.1,32.4,optimal,optimal,optimal,optimal,optimal,optimal,↓ decreasing,→ stable,→ stable,99.9,✅ EXCELLENT,False,NONE,3.8,0.0,NONE
1780033012.185,80.5,89.4,31.7,1480.0,46.0,13.79,31.8,32.2,31.7,32.3,optimal,optimal,optimal,optimal,optimal,optimal,↓ decreasing,→ stable,→ stable,99.9,✅ EXCELLENT,False,NONE,3.8,0.2,NONE
1780033013.717,77.1,90.7,32.2,1457.0,44.8,13.75,31.9,31.8,32.0,32.1,optimal,optimal,optimal,optimal,optimal,optimal,↓ decreasing,→ stable,→ stable,99.9,✅ EXCELLENT,False,NONE,3.1,0.0,NONE
1780033014.718,80.9,90.6,32.1,1487.0,45.1,13.79,31.8,32.0,32.3,32.2,optimal,optimal,optimal,optimal,optimal,optimal,↓ decreasing,→ stable,→ stable,99.9,✅ EXCELLENT,False,NONE,3.4,0.0,NONE
1780033015.718,78.0,90.1,32.3,1453.0,45.0,13.82,31.8,32.4,32.0,32.1,optimal,optimal,optimal,optimal,optimal,optimal,↓ decreasing,→ stable,→ stable,99.9,✅ EXCELLENT,False,NONE,3.0,0.0,NONE
1780033016.718,82.5,88.9,31.8,1527.0,44.1,13.8,32.3,31.8,31.9,32.1,optimal,optimal,optimal,optimal,optimal,optimal,→ stable,→ stable,→ stable,99.9,✅ EXCELLENT,False,NONE,3.8,0.6,NONE
1780033017.719,83.0,90.1,32.3,1509.0,45.4,13.81,32.1,32.3,31.7,31.9,optimal,optimal,optimal,optimal,optimal,optimal,→ stable,→ stable,→ stable,99.9,✅ EXCELLENT,False,NONE,3.2,0.0,NONE
1780033018.72,77.5,89.3,31.7,1512.0,44.8,13.79,31.8,32.0,31.9,31.9,optimal,optimal,optimal,optimal,optimal,optimal,→ stable,→ stable,→ stable,99.9,✅ EXCELLENT,False,NONE,3.7,0.2,NONE
1780033019.72,78.6,91.5,32.1,1541.0,44.4,13.79,32.3,31.7,31.9,32.0,optimal,optimal,optimal,optimal,optimal,optimal,↑ increasing,→ stable,→ stable,99.9,✅ EXCELLENT,False,NONE,3.3,0.0,NONE
1780033020.721,77.6,90.8,32.1,1494.0,44.7,13.76,31.6,31.9,31.8,31.9,optimal,optimal,optimal,optimal,optimal,optimal,↑ increasing,→ stable,→ stable,99.9,✅ EXCELLENT,False,NONE,3.2,0.0,NONE
1780033021.722,80.1,89.8,32.4,1480.0,45.5,13.78,31.9,31.7,32.1,32.1,optimal,optimal,optimal,optimal,optimal,optimal,→ stable,→ stable,→ stable,99.9,✅ EXCELLENT,False,NONE,3.0,0.0,NONE
1780033022.723,82.1,90.9,32.3,1520.0,44.8,13.8,32.2,32.2,31.6,32.2,optimal,optimal,optimal,optimal,optimal,optimal,→ stable,→ stable,→ stable,99.9,✅ EXCELLENT,False,NONE,3.2,0.0,NONE
1780033024.086,81.4,89.5,31.9,1465.0,44.9,13.78,32.4,32.0,32.4,31.8,optimal,optimal,optimal,optimal,optimal,optimal,↑ increasing,→ stable,→ stable,99.9,✅ EXCELLENT,False,NONE,3.6,0.1,NONE
1780033025.086,77.8,90.5,31.9,1463.0,45.0,13.81,31.7,32.2,32.2,31.8,optimal,optimal,optimal,optimal,optimal,optimal,↑ increasing,→ stable,→ stable,99.9,✅ EXCELLENT,False,NONE,3.4,0.0,NONE
1780033026.087,81.5,89.0,32.1,1486.0,44.0,13.78,31.6,31.7,32.2,32.1,optimal,optimal,optimal,optimal,optimal,optimal,↑ increasing,→ stable,→ stable,99.9,✅ EXCELLENT,False,NONE,3.4,0.5,NONE
1780033027.087,80.3,91.2,32.4,1545.0,44.6,13.83,32.3,32.2,31.8,32.2,optimal,optimal,optimal,optimal,optimal,optimal,↑ increasing,→ stable,→ stable,99.9,✅ EXCELLENT,False,NONE,3.0,0.0,NONE
1780033028.088,79.8,89.1,32.0,1521.0,45.5,13.8,32.3,32.1,31.6,32.1,optimal,optimal,optimal,optimal,optimal,optimal,→ stable,→ stable,→ stable,99.9,✅ EXCELLENT,False,NONE,3.4,0.4,NONE
1780033029.089,79.5,91.1,31.7,1462.0,44.6,13.77,32.4,31.9,32.0,31.9,optimal,optimal,optimal,optimal,optimal,optimal,→ stable,→ stable,→ stable,99.9,✅ EXCELLENT,False,NONE,3.7,0.0,NONE
1780033030.09,77.1,90.1,31.6,1523.0,45.9,13.76,31.7,31.9,32.2,32.3,optimal,optimal,optimal,optimal,optimal,optimal,→ stable,→ stable,→ stable,99.9,✅ EXCELLENT,False,NONE,3.7,0.0,NONE
1780033031.091,79.6,89.1,31.7,1482.0,44.1,13.85,32.2,32.2,31.7,31.8,optimal,optimal,optimal,optimal,optimal,optimal,→ stable,→ stable,→ stable,99.9,✅ EXCELLENT,False,NONE,3.8,0.4,NONE
1780033032.091,81.5,89.0,32.1,1528.0,45.4,13.84,32.1,32.2,32.2,31.7,optimal,optimal,optimal,optimal,optimal,optimal,→ stable,→ stable,→ stable,99.9,✅ EXCELLENT,False,NONE,3.4,0.5,NONE
1780033033.091,80.9,91.3,32.3,1503.0,45.8,13.79,32.0,32.2,31.9,32.3,optimal,optimal,optimal,optimal,optimal,optimal,→ stable,→ stable,→ stable,99.9,✅ EXCELLENT,False,NONE,3.1,0.0,NONE
1780033034.547,80.1,91.2,31.8,1462.0,45.8,13.82,31.6,32.3,32.2,31.9,optimal,optimal,optimal,optimal,optimal,optimal,→ stable,→ stable,→ stable,99.9,✅ EXCELLENT,False,NONE,3.7,0.0,NONE
1780033035.548,79.3,89.8,32.0,1463.0,44.2,13.84,32.1,31.8,32.2,32.0,optimal,optimal,optimal,optimal,optimal,optimal,→ stable,→ stable,→ stable,99.9,✅ EXCELLENT,False,NONE,3.4,0.0,NONE
1780033036.548,82.8,89.9,32.2,1457.0,45.6,13.75,32.1,32.3,32.2,31.8,optimal,optimal,optimal,optimal,optimal,optimal,→ stable,→ stable,→ stable,99.9,✅ EXCELLENT,False,NONE,3.3,0.0,NONE
1780033037.548,79.9,91.4,32.0,1534.0,45.5,13.84,32.4,31.8,31.6,31.8,optimal,optimal,optimal,optimal,optimal,optimal,→ stable,→ stable,→ stable,99.9,✅ EXCELLENT,False,NONE,3.4,0.0,NONE
1780033038.548,82.0,91.4,32.0,1521.0,44.4,13.8,32.3,32.1,31.9,31.8,optimal,optimal,optimal,optimal,optimal,optimal,↑ increasing,→ stable,→ stable,99.9,✅ EXCELLENT,False,NONE,3.5,0.0,NONE
1780033039.548,78.8,91.5,31.6,1458.0,44.4,13.8,31.8,31.7,32.2,32.2,optimal,optimal,optimal,optimal,optimal,optimal,→ stable,→ stable,→ stable,99.9,✅ EXCELLENT,False,NONE,3.8,0.0,NONE
1780033040.548,78.0,88.8,32.2,1451.0,44.6,13.79,32.2,31.7,32.4,32.0,optimal,optimal,optimal,optimal,optimal,optimal,↑ increasing,→ stable,→ stable,99.9,✅ EXCELLENT,False,NONE,3.1,0.7,NONE
1780033041.549,79.2,90.7,31.9,1492.0,45.6,13.81,32.0,32.1,31.7,31.9,optimal,optimal,optimal,optimal,optimal,optimal,→ stable,→ stable,→ stable,99.9,✅ EXCELLENT,False,NONE,3.5,0.0,NONE
1780033042.55,77.6,90.9,31.9,1471.0,45.7,13.79,32.3,32.0,31.7,32.0,optimal,optimal,optimal,optimal,optimal,optimal,→ stable,↑ increasing,→ stable,99.9,✅ EXCELLENT,False,NONE,3.4,0.0,NONE
1780033043.551,77.8,89.0,32.2,1498.0,45.4,13.84,32.2,31.8,31.7,32.3,optimal,optimal,optimal,optimal,optimal,optimal,→ stable,→ stable,→ stable,99.9,✅ EXCELLENT,False,NONE,3.1,0.5,NONE
1780033044.86,77.2,89.2,32.4,1499.0,45.8,13.81,32.2,32.2,31.8,31.9,optimal,optimal,optimal,optimal,optimal,optimal,↓ decreasing,→ stable,→ stable,99.9,✅ EXCELLENT,False,NONE,2.9,0.3,NONE
1780033045.86,78.5,91.2,31.6,1537.0,45.5,13.84,32.3,32.2,31.6,31.7,optimal,optimal,optimal,optimal,optimal,optimal,↓ decreasing,→ stable,→ stable,99.9,✅ EXCELLENT,False,NONE,3.8,0.0,NONE
1780033046.86,79.4,90.0,32.3,1544.0,45.0,13.76,31.7,32.1,32.0,32.3,optimal,optimal,optimal,optimal,optimal,optimal,↓ decreasing,→ stable,→ stable,99.9,✅ EXCELLENT,False,NONE,3.1,0.0,NONE
1780033047.861,80.3,90.6,32.0,1508.0,45.1,13.83,32.0,32.3,31.6,32.0,optimal,optimal,optimal,optimal,optimal,optimal,↓ decreasing,→ stable,→ stable,99.9,✅ EXCELLENT,False,NONE,3.4,0.0,NONE
1780033048.861,82.3,88.8,32.3,1539.0,45.4,13.85,32.3,32.1,31.6,31.7,optimal,optimal,optimal,optimal,optimal,optimal,↓ decreasing,→ stable,→ stable,99.9,✅ EXCELLENT,False,NONE,3.2,0.7,NONE
1780033049.862,80.8,89.3,32.3,1505.0,44.5,13.76,31.7,31.9,31.9,32.2,optimal,optimal,optimal,optimal,optimal,optimal,↓ decreasing,↓ decreasing,→ stable,99.9,✅ EXCELLENT,False,NONE,3.1,0.2,NONE
1780033050.863,78.5,88.9,31.9,1515.0,45.3,13.8,32.4,32.0,32.3,31.8,optimal,optimal,optimal,optimal,optimal,optimal,↓ decreasing,→ stable,→ stable,99.9,✅ EXCELLENT,False,NONE,3.5,0.6,NONE
1780033051.864,82.9,88.7,32.2,1477.0,44.8,13.8,31.9,31.9,31.7,31.9,optimal,optimal,optimal,optimal,optimal,optimal,↓ decreasing,↓ decreasing,→ stable,99.9,✅ EXCELLENT,False,NONE,3.3,0.8,NONE
1780033052.864,81.0,89.0,31.8,1488.0,45.5,13.77,31.9,31.6,32.2,31.8,optimal,optimal,optimal,optimal,optimal,optimal,→ stable,↓ decreasing,→ stable,99.9,✅ EXCELLENT,False,NONE,3.7,0.5,NONE
1780033053.864,80.8,91.4,32.2,1484.0,44.3,13.81,32.1,32.1,32.2,31.9,optimal,optimal,optimal,optimal,optimal,optimal,↑ increasing,↓ decreasing,→ stable,99.9,✅ EXCELLENT,False,NONE,3.2,0.0,NONE
1780033055.19,80.4,89.3,31.8,1526.0,45.1,13.84,32.2,31.9,32.4,32.2,optimal,optimal,optimal,optimal,optimal,optimal,↑ increasing,↓ decreasing,→ stable,99.9,✅ EXCELLENT,False,NONE,3.7,0.2,NONE
1780033056.191,82.7,90.4,32.1,1519.0,44.5,13.8,32.2,31.6,31.8,32.2,optimal,optimal,optimal,optimal,optimal,optimal,↑ increasing,↓ decreasing,→ stable,99.9,✅ EXCELLENT,False,NONE,3.4,0.0,NONE
1780033057.191,82.9,91.2,31.6,1496.0,44.3,13.77,32.1,32.3,32.2,32.4,optimal,optimal,optimal,optimal,optimal,optimal,↑ increasing,↓ decreasing,→ stable,99.9,✅ EXCELLENT,False,NONE,4.0,0.0,NONE
1780033058.191,78.2,89.2,32.2,1541.0,44.8,13.84,32.4,31.7,31.7,32.2,optimal,optimal,optimal,optimal,optimal,optimal,↑ increasing,↓ decreasing,→ stable,99.9,✅ EXCELLENT,False,NONE,3.1,0.3,NONE
1780033059.19,78.2,91.1,31.8,1524.0,44.7,13.78,32.1,32.4,32.4,32.2,optimal,optimal,optimal,optimal,optimal,optimal,↑ increasing,→ stable,→ stable,99.9,✅ EXCELLENT,False,NONE,3.6,0.0,NONE
1780033060.19,78.4,88.9,31.8,1481.0,45.5,13.84,31.9,32.3,32.4,32.3,optimal,optimal,optimal,optimal,optimal,optimal,↑ increasing,→ stable,→ stable,99.9,✅ EXCELLENT,False,NONE,3.6,0.6,NONE
1780033061.192,77.8,91.4,32.4,1517.0,44.9,13.81,31.7,32.2,32.3,31.7,optimal,optimal,optimal,optimal,optimal,optimal,↑ increasing,→ stable,→ stable,99.9,✅ EXCELLENT,False,NONE,2.9,0.0,NONE
1780033062.193,81.0,89.1,32.1,1507.0,44.2,13.77,32.0,32.1,32.0,32.3,optimal,optimal,optimal,optimal,optimal,optimal,↑ increasing,→ stable,→ stable,99.9,✅ EXCELLENT,False,NONE,3.4,0.4,NONE
1780033063.194,80.9,89.0,32.1,1521.0,45.9,13.78,32.2,31.8,31.7,31.8,optimal,optimal,optimal,optimal,optimal,optimal,→ stable,↑ increasing,→ stable,99.9,✅ EXCELLENT,False,NONE,3.4,0.5,NONE
1780033064.195,78.8,90.7,31.6,1499.0,44.2,13.78,31.9,32.2,32.1,31.8,optimal,optimal,optimal,optimal,optimal,optimal,→ stable,→ stable,→ stable,99.9,✅ EXCELLENT,False,NONE,3.8,0.0,NONE
1780033065.532,79.0,89.1,31.7,1487.0,45.9,13.75,32.4,32.0,32.1,32.3,optimal,optimal,optimal,optimal,optimal,optimal,↓ decreasing,→ stable,→ stable,99.9,✅ EXCELLENT,False,NONE,3.7,0.4,NONE
1780033066.532,81.1,88.8,31.8,1519.0,45.0,13.81,31.7,31.8,31.7,32.3,optimal,optimal,optimal,optimal,optimal,optimal,↓ decreasing,→ stable,→ stable,99.9,✅ EXCELLENT,False,NONE,3.7,0.7,NONE
1780033067.532,82.1,90.2,31.8,1534.0,44.6,13.78,32.0,31.9,32.3,31.9,optimal,optimal,optimal,optimal,optimal,optimal,↓ decreasing,→ stable,→ stable,99.9,✅ EXCELLENT,False,NONE,3.8,0.0,NONE
1780033068.534,81.2,91.3,31.8,1474.0,44.4,13.85,31.7,32.2,32.3,31.6,optimal,optimal,optimal,optimal,optimal,optimal,↓ decreasing,→ stable,→ stable,99.9,✅ EXCELLENT,False,NONE,3.7,0.0,NONE
1780033069.535,80.9,90.7,31.7,1476.0,45.6,13.78,32.4,31.8,31.8,32.1,optimal,optimal,optimal,optimal,optimal,optimal,↓ decreasing,→ stable,→ stable,99.9,✅ EXCELLENT,False,NONE,3.8,0.0,NONE
1780033070.536,80.9,89.0,31.7,1487.0,44.2,13.75,31.7,32.0,32.0,32.3,optimal,optimal,optimal,optimal,optimal,optimal,→ stable,→ stable,→ stable,99.9,✅ EXCELLENT,False,NONE,3.8,0.5,NONE
1780033071.537,78.1,90.1,31.9,1490.0,45.4,13.8,31.7,32.4,32.3,31.8,optimal,optimal,optimal,optimal,optimal,optimal,→ stable,→ stable,→ stable,99.9,✅ EXCELLENT,False,NONE,3.5,0.0,NONE
1780033072.537,78.9,90.6,31.7,1520.0,45.1,13.78,32.3,32.1,31.8,31.8,optimal,optimal,optimal,optimal,optimal,optimal,→ stable,→ stable,→ stable,99.9,✅ EXCELLENT,False,NONE,3.7,0.0,NONE
1780033073.537,80.5,91.2,32.2,1483.0,45.4,13.84,32.1,31.6,32.3,32.2,optimal,optimal,optimal,optimal,optimal,optimal,→ stable,→ stable,→ stable,99.9,✅ EXCELLENT,False,NONE,3.2,0.0,NONE
1780033074.537,77.3,90.0,31.9,1517.0,44.7,13.81,32.3,31.6,31.6,32.3,optimal,optimal,optimal,optimal,optimal,optimal,→ stable,→ stable,→ stable,99.9,✅ EXCELLENT,False,NONE,3.4,0.0,NONE
1780033075.865,81.5,88.8,31.8,1489.0,44.5,13.8,32.3,32.0,32.0,32.2,optimal,optimal,optimal,optimal,optimal,optimal,→ stable,→ stable,→ stable,99.9,✅ EXCELLENT,False,NONE,3.7,0.7,NONE
1780033076.866,78.7,88.5,31.6,1507.0,44.4,13.83,31.6,31.8,31.6,32.2,optimal,optimal,optimal,optimal,optimal,optimal,→ stable,→ stable,→ stable,99.9,✅ EXCELLENT,False,NONE,3.8,1.1,NONE
1780033077.866,78.0,88.6,31.9,1519.0,45.3,13.77,32.3,32.0,31.6,32.1,optimal,optimal,optimal,optimal,optimal,optimal,→ stable,→ stable,→ stable,99.9,✅ EXCELLENT,False,NONE,3.5,1.0,NONE
1780033078.867,77.6,89.0,32.2,1482.0,44.7,13.77,32.0,32.4,32.4,31.8,optimal,optimal,optimal,optimal,optimal,optimal,↓ decreasing,→ stable,→ stable,99.9,✅ EXCELLENT,False,NONE,3.1,0.5,NONE
1780033079.868,80.4,90.4,32.0,1487.0,45.1,13.8,31.6,31.8,32.4,32.1,optimal,optimal,optimal,optimal,optimal,optimal,↓ decreasing,→ stable,→ stable,99.9,✅ EXCELLENT,False,NONE,3.4,0.0,NONE
1780033080.868,79.2,89.8,31.8,1475.0,45.4,13.82,31.8,31.7,32.1,31.9,optimal,optimal,optimal,optimal,optimal,optimal,↓ decreasing,→ stable,→ stable,99.9,✅ EXCELLENT,False,NONE,3.6,0.0,NONE
1780033081.869,80.5,91.5,32.2,1543.0,44.5,13.82,31.6,31.8,32.3,31.7,optimal,optimal,optimal,optimal,optimal,optimal,↓ decreasing,→ stable,→ stable,99.9,✅ EXCELLENT,False,NONE,3.2,0.0,NONE
1780033082.87,82.2,90.6,32.3,1491.0,44.6,13.77,32.0,31.6,31.8,31.9,optimal,optimal,optimal,optimal,optimal,optimal,↓ decreasing,→ stable,→ stable,99.9,✅ EXCELLENT,False,NONE,3.2,0.0,NONE
1780033083.871,82.7,89.9,32.4,1548.0,44.4,13.79,31.8,31.7,32.3,32.1,optimal,optimal,optimal,optimal,optimal,optimal,→ stable,→ stable,→ stable,99.9,✅ EXCELLENT,False,NONE,3.1,0.0,NONE
1780033084.872,82.3,89.6,31.9,1456.0,45.9,13.77,31.7,32.2,31.7,31.9,optimal,optimal,optimal,optimal,optimal,optimal,→ stable,→ stable,→ stable,99.9,✅ EXCELLENT,False,NONE,3.6,0.1,NONE
1780033086.153,82.3,91.0,31.9,1495.0,45.3,13.84,32.0,31.8,31.8,32.1,optimal,optimal,optimal,optimal,optimal,optimal,→ stable,→ stable,→ stable,99.9,✅ EXCELLENT,False,NONE,3.6,0.0,NONE
1780033087.153,80.1,91.5,32.3,1533.0,44.8,13.84,31.6,32.1,31.6,32.2,optimal,optimal,optimal,optimal,optimal,optimal,↑ increasing,→ stable,→ stable,99.9,✅ EXCELLENT,False,NONE,3.1,0.0,NONE
1780033088.154,78.5,91.5,31.9,1548.0,45.1,13.8,32.1,31.6,32.4,31.8,optimal,optimal,optimal,optimal,optimal,optimal,↑ increasing,↑ increasing,→ stable,99.9,✅ EXCELLENT,False,NONE,3.5,0.0,NONE
1780033089.154,79.4,89.9,32.2,1545.0,46.0,13.84,32.2,31.8,32.1,32.0,optimal,optimal,optimal,optimal,optimal,optimal,↑ increasing,↑ increasing,→ stable,99.9,✅ EXCELLENT,False,NONE,3.2,0.0,NONE
1780033090.155,82.6,90.1,32.1,1463.0,45.9,13.82,31.6,32.1,31.9,31.9,optimal,optimal,optimal,optimal,optimal,optimal,↑ increasing,↑ increasing,→ stable,99.9,✅ EXCELLENT,False,NONE,3.4,0.0,NONE
1780033091.156,80.6,90.0,31.6,1484.0,45.9,13.75,32.3,32.0,31.7,31.9,optimal,optimal,optimal,optimal,optimal,optimal,↑ increasing,↑ increasing,→ stable,99.9,✅ EXCELLENT,False,NONE,3.9,0.0,NONE
1780033092.157,81.1,89.2,31.8,1456.0,45.1,13.82,31.9,32.0,31.8,31.9,optimal,optimal,optimal,optimal,optimal,optimal,↑ increasing,→ stable,→ stable,99.9,✅ EXCELLENT,False,NONE,3.7,0.3,NONE
1780033093.158,78.6,90.0,32.0,1502.0,45.4,13.81,32.4,32.3,32.0,32.3,optimal,optimal,optimal,optimal,optimal,optimal,↑ increasing,→ stable,→ stable,99.9,✅ EXCELLENT,False,NONE,3.4,0.0,NONE
1780033094.159,81.5,89.5,31.8,1477.0,44.5,13.83,32.0,31.6,31.8,32.1,optimal,optimal,optimal,optimal,optimal,optimal,↑ increasing,↑ increasing,→ stable,99.9,✅ EXCELLENT,False,NONE,3.7,0.1,NONE
1780033095.159,78.2,91.0,32.1,1467.0,44.7,13.85,32.0,31.8,32.1,32.1,optimal,optimal,optimal,optimal,optimal,optimal,→ stable,↑ increasing,→ stable,99.9,✅ EXCELLENT,False,NONE,3.2,0.0,NONE
1780033096.767,78.5,89.4,32.0,1451.0,45.6,13.78,32.0,31.9,31.9,31.7,optimal,optimal,optimal,optimal,optimal,optimal,→ stable,→ stable,→ stable,99.9,✅ EXCELLENT,False,NONE,3.4,0.2,NONE
1780033097.768,82.7,90.9,31.9,1458.0,45.5,13.76,32.0,31.7,31.8,32.2,optimal,optimal,optimal,optimal,optimal,optimal,→ stable,→ stable,→ stable,99.9,✅ EXCELLENT,False,NONE,3.7,0.0,NONE
1780033098.769,79.7,88.7,31.6,1546.0,44.5,13.79,31.9,31.9,32.3,31.9,optimal,optimal,optimal,optimal,optimal,optimal,→ stable,↓ decreasing,→ stable,99.9,✅ EXCELLENT,False,NONE,3.9,0.8,NONE
1780033099.77,80.0,91.5,32.1,1537.0,44.9,13.78,32.3,32.2,31.6,32.3,optimal,optimal,optimal,optimal,optimal,optimal,→ stable,↓ decreasing,→ stable,99.9,✅ EXCELLENT,False,NONE,3.3,0.0,NONE
1780033100.77,80.8,89.9,32.0,1480.0,44.1,13.85,32.2,31.9,32.2,32.4,optimal,optimal,optimal,optimal,optimal,optimal,↓ decreasing,↓ decreasing,→ stable,99.9,✅ EXCELLENT,False,NONE,3.5,0.0,NONE
1780033101.771,77.3,90.0,32.1,1475.0,44.4,13.83,32.2,32.1,32.2,32.3,optimal,optimal,optimal,optimal,optimal,optimal,↓ decreasing,↓ decreasing,→ stable,99.9,✅ EXCELLENT,False,NONE,3.2,0.0,NONE
1780033102.773,81.7,90.8,32.1,1452.0,44.5,13.83,31.6,31.7,32.0,32.4,optimal,optimal,optimal,optimal,optimal,optimal,↓ decreasing,→ stable,→ stable,99.9,✅ EXCELLENT,False,NONE,3.4,0.0,NONE
1780033103.773,81.2,88.7,31.7,1479.0,45.4,13.8,32.3,31.8,32.2,31.6,optimal,optimal,optimal,optimal,optimal,optimal,↓ decreasing,→ stable,→ stable,99.9,✅ EXCELLENT,False,NONE,3.8,0.8,NONE
1780033104.773,82.3,91.2,32.0,1534.0,45.0,13.83,31.8,32.2,32.0,31.9,optimal,optimal,optimal,optimal,optimal,optimal,→ stable,→ stable,→ stable,99.9,✅ EXCELLENT,False,NONE,3.5,0.0,NONE
1780033105.773,78.8,90.4,31.7,1520.0,45.3,13.84,32.3,32.0,32.1,32.0,optimal,optimal,optimal,optimal,optimal,optimal,→ stable,→ stable,→ stable,99.9,✅ EXCELLENT,False,NONE,3.7,0.0,NONE
1780033107.487,82.7,88.9,31.6,1544.0,45.3,13.84,31.7,31.9,32.3,31.9,optimal,optimal,optimal,optimal,optimal,optimal,↑ increasing,→ stable,→ stable,99.9,✅ EXCELLENT,False,NONE,4.0,0.6,NONE
1780033108.489,79.4,91.2,32.1,1489.0,44.6,13.82,32.3,31.8,32.2,32.1,optimal,optimal,optimal,optimal,optimal,optimal,→ stable,→ stable,→ stable,99.9,✅ EXCELLENT,False,NONE,3.3,0.0,NONE
1780033109.49,81.9,89.3,32.4,1461.0,45.0,13.8,32.3,32.2,32.3,32.1,optimal,optimal,optimal,optimal,optimal,optimal,→ stable,→ stable,→ stable,99.9,✅ EXCELLENT,False,NONE,3.0,0.2,NONE
1780033110.491,80.1,89.2,32.1,1511.0,44.6,13.78,31.9,31.7,31.8,32.2,optimal,optimal,optimal,optimal,optimal,optimal,→ stable,→ stable,→ stable,99.9,✅ EXCELLENT,False,NONE,3.3,0.3,NONE
1780033111.491,81.6,90.9,31.8,1470.0,44.4,13.76,31.9,31.9,31.6,32.0,optimal,optimal,optimal,optimal,optimal,optimal,↑ increasing,→ stable,→ stable,99.9,✅ EXCELLENT,False,NONE,3.7,0.0,NONE
1780033112.49,80.4,89.3,31.6,1484.0,44.5,13.84,32.3,31.9,32.1,32.1,optimal,optimal,optimal,optimal,optimal,optimal,↑ increasing,→ stable,→ stable,99.9,✅ EXCELLENT,False,NONE,3.9,0.2,NONE
1780033113.491,77.5,91.1,32.2,1517.0,44.7,13.8,32.3,32.1,31.9,32.0,optimal,optimal,optimal,optimal,optimal,optimal,↑ increasing,→ stable,→ stable,99.9,✅ EXCELLENT,False,NONE,3.1,0.0,NONE
1780033114.492,77.9,90.6,31.7,1543.0,45.0,13.8,31.8,32.1,31.7,32.4,optimal,optimal,optimal,optimal,optimal,optimal,→ stable,→ stable,→ stable,99.9,✅ EXCELLENT,False,NONE,3.7,0.0,NONE
1780033115.494,77.7,89.9,32.0,1545.0,45.6,13.79,31.8,31.8,32.4,32.2,optimal,optimal,optimal,optimal,optimal,optimal,→ stable,→ stable,→ stable,99.9,✅ EXCELLENT,False,NONE,3.3,0.0,NONE
1780033116.494,78.2,91.4,32.4,1505.0,44.4,13.85,31.7,31.9,31.6,32.2,optimal,optimal,optimal,optimal,optimal,optimal,↓ decreasing,→ stable,→ stable,99.9,✅ EXCELLENT,False,NONE,2.9,0.0,NONE
1780033118.065,82.8,90.4,32.3,1525.0,45.8,13.77,32.3,32.3,32.3,32.0,optimal,optimal,optimal,optimal,optimal,optimal,↓ decreasing,→ stable,→ stable,99.9,✅ EXCELLENT,False,NONE,3.2,0.0,NONE
1780033119.066,81.9,89.8,31.9,1457.0,45.0,13.84,31.6,31.6,31.7,31.8,optimal,optimal,optimal,optimal,optimal,optimal,→ stable,→ stable,→ stable,99.9,✅ EXCELLENT,False,NONE,3.6,0.0,NONE
1780033120.067,80.2,89.7,31.7,1510.0,44.2,13.75,32.1,31.9,32.2,32.1,optimal,optimal,optimal,optimal,optimal,optimal,↓ decreasing,→ stable,→ stable,99.9,✅ EXCELLENT,False,NONE,3.8,0.0,NONE
1780033121.067,77.7,91.4,32.2,1513.0,45.2,13.78,32.3,32.3,32.1,32.0,optimal,optimal,optimal,optimal,optimal,optimal,↓ decreasing,→ stable,→ stable,99.9,✅ EXCELLENT,False,NONE,3.1,0.0,NONE
1780033122.068,82.5,91.5,32.2,1539.0,45.5,13.77,32.2,31.8,32.2,31.6,optimal,optimal,optimal,optimal,optimal,optimal,↓ decreasing,→ stable,→ stable,99.9,✅ EXCELLENT,False,NONE,3.3,0.0,NONE
1780033123.068,78.7,90.5,32.2,1495.0,45.8,13.82,32.2,31.9,32.0,32.3,optimal,optimal,optimal,optimal,optimal,optimal,↓ decreasing,↑ increasing,→ stable,99.9,✅ EXCELLENT,False,NONE,3.1,0.0,NONE
1780033124.07,79.6,89.6,32.3,1528.0,44.2,13.75,31.7,32.2,31.9,32.4,optimal,optimal,optimal,optimal,optimal,optimal,↓ decreasing,→ stable,→ stable,99.9,✅ EXCELLENT,False,NONE,3.1,0.1,NONE
1780033125.07,80.4,90.7,32.1,1508.0,45.2,13.76,31.8,32.3,31.7,31.9,optimal,optimal,optimal,optimal,optimal,optimal,→ stable,→ stable,→ stable,99.9,✅ EXCELLENT,False,NONE,3.3,0.0,NONE
1780033126.071,79.6,89.1,32.1,1458.0,44.8,13.79,31.8,32.1,31.7,31.7,optimal,optimal,optimal,optimal,optimal,optimal,→ stable,→ stable,→ stable,99.9,✅ EXCELLENT,False,NONE,3.3,0.4,NONE
1780033127.071,78.8,90.3,31.7,1482.0,44.1,13.84,32.3,32.1,32.0,31.7,optimal,optimal,optimal,optimal,optimal,optimal,→ stable,→ stable,→ stable,99.9,✅ EXCELLENT,False,NONE,3.7,0.0,NONE
1780033128.622,81.4,91.2,32.3,1523.0,44.5,13.77,32.3,31.7,31.8,31.9,optimal,optimal,optimal,optimal,optimal,optimal,→ stable,→ stable,→ stable,99.9,✅ EXCELLENT,False,NONE,3.1,0.0,NONE
1780033129.622,82.4,89.7,32.3,1450.0,44.4,13.8,31.9,32.4,32.2,32.1,optimal,optimal,optimal,optimal,optimal,optimal,→ stable,→ stable,→ stable,99.9,✅ EXCELLENT,False,NONE,3.2,0.0,NONE
1780033130.623,80.9,90.7,31.7,1546.0,45.2,13.79,32.1,31.8,32.4,31.9,optimal,optimal,optimal,optimal,optimal,optimal,→ stable,→ stable,→ stable,99.9,✅ EXCELLENT,False,NONE,3.8,0.0,NONE
1780033131.623,77.7,89.2,32.1,1539.0,44.2,13.82,32.4,32.1,32.2,32.0,optimal,optimal,optimal,optimal,optimal,optimal,↑ increasing,→ stable,→ stable,99.9,✅ EXCELLENT,False,NONE,3.2,0.3,NONE
1780033132.625,78.1,89.9,31.7,1476.0,45.0,13.78,32.2,32.3,32.3,32.4,optimal,optimal,optimal,optimal,optimal,optimal,→ stable,→ stable,→ stable,99.9,✅ EXCELLENT,False,NONE,3.7,0.0,NONE
1780033133.626,81.8,89.0,32.3,1483.0,45.4,13.79,32.0,32.1,31.8,32.0,optimal,optimal,optimal,optimal,optimal,optimal,↑ increasing,↓ decreasing,→ stable,99.9,✅ EXCELLENT,False,NONE,3.2,0.5,NONE
1780033134.627,78.1,90.8,32.1,1478.0,44.3,13.84,32.3,31.8,32.1,31.8,optimal,optimal,optimal,optimal,optimal,optimal,→ stable,→ stable,→ stable,99.9,✅ EXCELLENT,False,NONE,3.2,0.0,NONE
1780033135.628,80.5,90.5,31.9,1450.0,45.9,13.77,31.7,32.3,32.3,32.4,optimal,optimal,optimal,optimal,optimal,optimal,→ stable,→ stable,→ stable,99.9,✅ EXCELLENT,False,NONE,3.6,0.0,NONE
1780033136.628,79.4,90.3,32.2,1499.0,45.9,13.84,31.9,32.3,31.7,32.3,optimal,optimal,optimal,optimal,optimal,optimal,→ stable,→ stable,→ stable,99.9,✅ EXCELLENT,False,NONE,3.2,0.0,NONE
1780033137.63,82.1,91.0,32.2,1466.0,45.1,13.76,31.8,31.8,32.3,31.8,optimal,optimal,optimal,optimal,optimal,optimal,→ stable,→ stable,→ stable,99.9,✅ EXCELLENT,False,NONE,3.3,0.0,NONE
1780033138.864,78.2,89.7,31.7,1493.0,45.5,13.77,32.3,31.8,32.0,32.2,optimal,optimal,optimal,optimal,optimal,optimal,→ stable,→ stable,→ stable,99.9,✅ EXCELLENT,False,NONE,3.7,0.0,NONE
1780033139.865,81.8,89.8,31.7,1540.0,45.6,13.75,32.2,31.7,31.8,31.7,optimal,optimal,optimal,optimal,optimal,optimal,→ stable,→ stable,→ stable,99.9,✅ EXCELLENT,False,NONE,3.9,0.0,NONE
1780033140.865,82.7,89.4,31.8,1479.0,45.6,13.78,31.8,31.7,32.4,32.1,optimal,optimal,optimal,optimal,optimal,optimal,→ stable,↓ decreasing,→ stable,99.9,✅ EXCELLENT,False,NONE,3.8,0.2,NONE
1780033141.865,82.6,89.9,31.7,1455.0,45.6,13.85,31.6,32.2,32.1,32.3,optimal,optimal,optimal,optimal,optimal,optimal,→ stable,→ stable,→ stable,99.9,✅ EXCELLENT,False,NONE,3.9,0.0,NONE
1780033142.867,78.3,90.8,31.7,1494.0,44.9,13.83,32.1,31.7,32.0,32.2,optimal,optimal,optimal,optimal,optimal,optimal,↑ increasing,→ stable,→ stable,99.9,✅ EXCELLENT,False,NONE,3.7,0.0,NONE
1780033143.867,77.1,88.7,31.8,1460.0,44.5,13.83,32.0,31.9,31.7,31.7,optimal,optimal,optimal,optimal,optimal,optimal,→ stable,→ stable,→ stable,99.9,✅ EXCELLENT,False,NONE,3.5,0.8,NONE
1780033144.867,78.9,90.4,32.0,1508.0,44.1,13.79,31.9,32.3,31.8,32.0,optimal,optimal,optimal,optimal,optimal,optimal,→ stable,→ stable,→ stable,99.9,✅ EXCELLENT,False,NONE,3.4,0.0,NONE
1780033145.868,77.8,91.3,31.8,1487.0,45.2,13.78,32.2,31.9,31.9,31.6,optimal,optimal,optimal,optimal,optimal,optimal,→ stable,→ stable,→ stable,99.9,✅ EXCELLENT,False,NONE,3.6,0.0,NONE
1780033146.868,79.2,90.9,32.0,1472.0,45.6,13.81,32.2,31.8,32.0,31.8,optimal,optimal,optimal,optimal,optimal,optimal,→ stable,→ stable,→ stable,99.9,✅ EXCELLENT,False,NONE,3.4,0.0,NONE
1780033147.869,77.8,89.4,32.2,1460.0,44.1,13.78,31.7,31.6,32.1,32.2,optimal,optimal,optimal,optimal,optimal,optimal,↓ decreasing,→ stable,→ stable,99.9,✅ EXCELLENT,False,NONE,3.1,0.2,NONE
1780033148.359,79.5,91.2,32.2,1491.0,45.3,13.8,31.7,32.1,32.1,31.9,optimal,optimal,optimal,optimal,optimal,optimal,→ stable,→ stable,→ stable,99.9,✅ EXCELLENT,False,NONE,3.2,0.0,NONE
1780033149.359,79.7,91.3,31.9,1487.0,44.3,13.78,31.9,32.2,31.9,31.9,optimal,optimal,optimal,optimal,optimal,optimal,→ stable,→ stable,→ stable,99.9,✅ EXCELLENT,False,NONE,3.5,0.0,NONE
1780033150.36,81.2,90.1,31.7,1465.0,44.0,13.79,32.2,31.9,31.8,32.3,optimal,optimal,optimal,optimal,optimal,optimal,↓ decreasing,→ stable,→ stable,99.9,✅ EXCELLENT,False,NONE,3.8,0.0,NONE
1780033151.361,80.0,91.0,31.8,1480.0,44.8,13.78,32.3,32.2,32.0,31.9,optimal,optimal,optimal,optimal,optimal,optimal,↓ decreasing,→ stable,→ stable,99.9,✅ EXCELLENT,False,NONE,3.7,0.0,NONE
1780033152.362,79.5,88.7,31.8,1540.0,44.4,13.77,31.9,32.3,32.0,32.1,optimal,optimal,optimal,optimal,optimal,optimal,↓ decreasing,→ stable,→ stable,99.9,✅ EXCELLENT,False,NONE,3.6,0.8,NONE
1780033153.363,81.2,89.1,31.9,1490.0,44.8,13.75,32.0,32.2,31.7,32.1,optimal,optimal,optimal,optimal,optimal,optimal,↓ decreasing,→ stable,→ stable,99.9,✅ EXCELLENT,False,NONE,3.6,0.4,NONE
1780033154.364,80.4,89.1,32.2,1541.0,45.0,13.83,31.9,31.9,32.0,32.2,optimal,optimal,optimal,optimal,optimal,optimal,↓ decreasing,→ stable,→ stable,99.9,✅ EXCELLENT,False,NONE,3.2,0.4,NONE
1780033155.365,77.7,88.8,32.2,1536.0,44.2,13.76,31.9,32.1,31.9,32.3,optimal,optimal,optimal,optimal,optimal,optimal,→ stable,→ stable,→ stable,99.9,✅ EXCELLENT,False,NONE,3.1,0.7,NONE
1780033156.366,80.9,89.2,32.0,1480.0,45.2,13.81,31.9,32.2,32.4,31.8,optimal,optimal,optimal,optimal,optimal,optimal,→ stable,→ stable,→ stable,99.9,✅ EXCELLENT,False,NONE,3.5,0.3,NONE
1780033157.365,78.4,88.7,31.9,1545.0,46.0,13.76,32.1,32.2,32.2,32.1,optimal,optimal,optimal,optimal,optimal,optimal,→ stable,→ stable,→ stable,99.9,✅ EXCELLENT,False,NONE,3.5,0.8,NONE
1780033158.56,80.2,90.8,32.3,1519.0,45.1,13.79,32.1,32.0,31.7,32.0,optimal,optimal,optimal,optimal,optimal,optimal,→ stable,→ stable,→ stable,99.9,✅ EXCELLENT,False,NONE,3.1,0.0,NONE
1780033159.561,79.8,90.4,32.3,1547.0,44.4,13.77,32.4,32.2,31.8,32.2,optimal,optimal,optimal,optimal,optimal,optimal,↑ increasing,↓ decreasing,→ stable,99.9,✅ EXCELLENT,False,NONE,3.1,0.0,NONE
1780033160.562,80.9,90.6,31.7,1476.0,45.9,13.84,31.8,32.0,31.9,31.7,optimal,optimal,optimal,optimal,optimal,optimal,↑ increasing,↓ decreasing,→ stable,99.9,✅ EXCELLENT,False,NONE,3.8,0.0,NONE
1780033161.561,77.7,90.6,32.0,1482.0,45.1,13.81,32.1,31.9,31.8,32.1,optimal,optimal,optimal,optimal,optimal,optimal,↑ increasing,↓ decreasing,→ stable,99.9,✅ EXCELLENT,False,NONE,3.3,0.0,NONE
1780033162.563,80.8,90.9,31.8,1530.0,44.5,13.78,32.0,32.2,32.1,32.1,optimal,optimal,optimal,optimal,optimal,optimal,↑ increasing,→ stable,→ stable,99.9,✅ EXCELLENT,False,NONE,3.7,0.0,NONE
1780033163.563,80.0,89.5,32.1,1539.0,44.0,13.77,32.2,32.1,32.3,32.3,optimal,optimal,optimal,optimal,optimal,optimal,→ stable,→ stable,→ stable,99.9,✅ EXCELLENT,False,NONE,3.3,0.1,NONE
1780033164.564,81.9,91.1,32.1,1508.0,44.0,13.82,32.2,31.8,32.1,32.2,optimal,optimal,optimal,optimal,optimal,optimal,→ stable,→ stable,→ stable,99.9,✅ EXCELLENT,False,NONE,3.4,0.0,NONE
1780033165.565,81.1,89.3,32.2,1543.0,44.7,13.8,31.7,32.1,32.2,31.7,optimal,optimal,optimal,optimal,optimal,optimal,↑ increasing,→ stable,→ stable,99.9,✅ EXCELLENT,False,NONE,3.2,0.2,NONE
1780033166.566,79.6,89.3,32.2,1548.0,44.5,13.81,31.7,32.1,32.3,31.6,optimal,optimal,optimal,optimal,optimal,optimal,→ stable,→ stable,→ stable,99.9,✅ EXCELLENT,False,NONE,3.2,0.2,NONE
1780033167.566,81.7,91.1,31.8,1454.0,45.2,13.75,31.9,32.0,32.3,32.0,optimal,optimal,optimal,optimal,optimal,optimal,↑ increasing,↑ increasing,→ stable,99.9,✅ EXCELLENT,False,NONE,3.7,0.0,NONE
1780033168.95,80.8,90.9,32.1,1472.0,45.8,13.82,32.0,31.7,32.2,32.2,optimal,optimal,optimal,optimal,optimal,optimal,↑ increasing,↑ increasing,→ stable,99.9,✅ EXCELLENT,False,NONE,3.3,0.0,NONE
1780033169.951,79.6,91.0,31.9,1471.0,44.7,13.8,31.7,31.6,31.9,31.6,optimal,optimal,optimal,optimal,optimal,optimal,→ stable,↑ increasing,→ stable,99.9,✅ EXCELLENT,False,NONE,3.5,0.0,NONE
1780033170.952,77.6,90.6,31.8,1503.0,44.8,13.77,32.0,32.0,31.8,32.2,optimal,optimal,optimal,optimal,optimal,optimal,→ stable,↑ increasing,→ stable,99.9,✅ EXCELLENT,False,NONE,3.5,0.0,NONE
1780033171.952,80.6,89.1,32.1,1484.0,44.2,13.76,32.1,32.3,31.6,32.2,optimal,optimal,optimal,optimal,optimal,optimal,↑ increasing,↑ increasing,→ stable,99.9,✅ EXCELLENT,False,NONE,3.3,0.4,NONE
1780033172.952,78.7,88.6,31.9,1528.0,45.2,13.83,32.4,31.7,32.3,32.2,optimal,optimal,optimal,optimal,optimal,optimal,→ stable,→ stable,→ stable,99.9,✅ EXCELLENT,False,NONE,3.5,1.0,NONE
1780033173.952,83.0,89.6,32.2,1492.0,45.6,13.85,31.7,31.8,32.0,32.4,optimal,optimal,optimal,optimal,optimal,optimal,↑ increasing,→ stable,→ stable,99.9,✅ EXCELLENT,False,NONE,3.3,0.1,NONE
1780033174.953,81.9,89.9,32.2,1530.0,45.0,13.76,31.6,31.7,32.2,31.8,optimal,optimal,optimal,optimal,optimal,optimal,↑ increasing,→ stable,→ stable,99.9,✅ EXCELLENT,False,NONE,3.3,0.0,NONE
1780033175.954,83.0,91.2,31.7,1514.0,45.8,13.77,31.6,32.2,31.7,31.7,optimal,optimal,optimal,optimal,optimal,optimal,→ stable,→ stable,→ stable,99.9,✅ EXCELLENT,False,NONE,3.9,0.0,NONE
1780033176.955,81.1,91.2,31.6,1519.0,44.6,13.84,31.6,32.0,32.2,32.2,optimal,optimal,optimal,optimal,optimal,optimal,↑ increasing,→ stable,→ stable,99.9,✅ EXCELLENT,False,NONE,3.9,0.0,NONE
1780033177.955,78.2,91.0,31.9,1528.0,45.9,13.79,32.3,31.7,31.9,32.1,optimal,optimal,optimal,optimal,optimal,optimal,→ stable,→ stable,→ stable,99.9,✅ EXCELLENT,False,NONE,3.5,0.0,NONE
1780033179.375,80.3,89.1,31.8,1526.0,44.1,13.77,31.6,32.1,32.2,31.8,optimal,optimal,optimal,optimal,optimal,optimal,→ stable,→ stable,→ stable,99.9,✅ EXCELLENT,False,NONE,3.7,0.4,NONE
1780033180.375,81.5,89.5,31.7,1467.0,44.2,13.77,32.4,32.4,32.2,32.3,optimal,optimal,optimal,optimal,optimal,optimal,→ stable,→ stable,→ stable,99.9,✅ EXCELLENT,False,NONE,3.8,0.1,NONE
1780033181.376,81.1,91.0,32.3,1547.0,45.2,13.77,32.2,32.3,32.4,31.9,optimal,optimal,optimal,optimal,optimal,optimal,↑ increasing,→ stable,→ stable,99.9,✅ EXCELLENT,False,NONE,3.1,0.0,NONE
1780033182.378,78.4,88.6,32.1,1469.0,45.5,13.84,32.0,32.1,32.0,31.7,optimal,optimal,optimal,optimal,optimal,optimal,→ stable,→ stable,→ stable,99.9,✅ EXCELLENT,False,NONE,3.2,1.0,NONE
1780033183.38,82.7,91.4,32.3,1538.0,45.0,13.83,31.6,31.9,31.8,31.7,optimal,optimal,optimal,optimal,optimal,optimal,↑ increasing,→ stable,→ stable,99.9,✅ EXCELLENT,False,NONE,3.2,0.0,NONE
1780033184.381,78.8,91.0,32.4,1494.0,45.5,13.82,31.6,31.8,31.6,31.9,optimal,optimal,optimal,optimal,optimal,optimal,→ stable,→ stable,→ stable,99.9,✅ EXCELLENT,False,NONE,2.9,0.0,NONE
1780033185.381,79.3,89.5,32.1,1527.0,44.2,13.84,31.7,31.9,31.7,32.1,optimal,optimal,optimal,optimal,optimal,optimal,→ stable,→ stable,→ stable,99.9,✅ EXCELLENT,False,NONE,3.3,0.1,NONE
1780033186.382,77.6,90.6,32.4,1539.0,44.5,13.82,32.0,32.0,32.4,31.7,optimal,optimal,optimal,optimal,optimal,optimal,↓ decreasing,→ stable,→ stable,99.9,✅ EXCELLENT,False,NONE,2.9,0.0,NONE
1780033187.382,80.7,88.5,32.2,1529.0,44.3,13.79,31.8,31.9,32.3,31.7,optimal,optimal,optimal,optimal,optimal,optimal,↓ decreasing,→ stable,→ stable,99.9,✅ EXCELLENT,False,NONE,3.2,1.1,NONE
1780033188.385,78.4,90.0,31.9,1477.0,44.1,13.82,32.2,32.0,31.9,31.9,optimal,optimal,optimal,optimal,optimal,optimal,↓ decreasing,→ stable,→ stable,99.9,✅ EXCELLENT,False,NONE,3.5,0.0,NONE
1780033189.979,77.1,90.0,32.1,1462.0,45.3,13.83,32.1,32.3,32.0,32.4,optimal,optimal,optimal,optimal,optimal,optimal,↓ decreasing,→ stable,→ stable,99.9,✅ EXCELLENT,False,NONE,3.2,0.0,NONE
1780033190.981,81.0,89.4,32.3,1548.0,44.4,13.78,32.1,31.8,32.3,31.9,optimal,optimal,optimal,optimal,optimal,optimal,↓ decreasing,→ stable,→ stable,99.9,✅ EXCELLENT,False,NONE,3.1,0.2,NONE
1780033191.982,80.8,90.3,31.9,1485.0,45.7,13.84,32.1,32.1,32.4,32.2,optimal,optimal,optimal,optimal,optimal,optimal,↓ decreasing,→ stable,→ stable,99.9,✅ EXCELLENT,False,NONE,3.6,0.0,NONE
1780033192.985,77.2,88.9,31.7,1538.0,44.2,13.77,32.3,32.2,31.8,32.0,optimal,optimal,optimal,optimal,optimal,optimal,↓ decreasing,→ stable,→ stable,99.9,✅ EXCELLENT,False,NONE,3.6,0.6,NONE
1780033193.986,80.0,90.9,31.8,1495.0,44.7,13.75,31.9,31.7,32.4,32.0,optimal,optimal,optimal,optimal,optimal,optimal,↓ decreasing,→ stable,→ stable,99.9,✅ EXCELLENT,False,NONE,3.7,0.0,NONE
1780033194.988,78.3,91.2,32.0,1489.0,44.3,13.75,32.3,31.6,31.7,31.6,optimal,optimal,optimal,optimal,optimal,optimal,↓ decreasing,→ stable,→ stable,99.9,✅ EXCELLENT,False,NONE,3.4,0.0,NONE
1780033195.989,77.0,90.3,32.3,1481.0,44.1,13.76,31.8,31.6,31.7,32.1,optimal,optimal,optimal,optimal,optimal,optimal,↓ decreasing,→ stable,→ stable,99.9,✅ EXCELLENT,False,NONE,3.0,0.0,NONE
1780033196.991,80.7,88.6,31.9,1542.0,45.7,13.79,31.9,31.8,31.7,32.0,optimal,optimal,optimal,optimal,optimal,optimal,↓ decreasing,→ stable,→ stable,99.9,✅ EXCELLENT,False,NONE,3.6,1.0,NONE
1780033197.992,81.0,90.9,32.2,1532.0,45.2,13.79,32.1,32.2,32.2,31.6,optimal,optimal,optimal,optimal,optimal,optimal,↓ decreasing,→ stable,→ stable,99.9,✅ EXCELLENT,False,NONE,3.2,0.0,NONE
1780033198.994,82.9,89.6,31.8,1465.0,44.9,13.81,32.1,32.2,31.9,32.2,optimal,optimal,optimal,optimal,optimal,optimal,→ stable,→ stable,→ stable,99.9,✅ EXCELLENT,False,NONE,3.8,0.1,NONE
1780033201.455,81.8,91.3,32.0,1525.0,44.7,13.85,31.9,32.0,31.9,31.9,optimal,optimal,optimal,optimal,optimal,optimal,↑ increasing,→ stable,→ stable,99.9,✅ EXCELLENT,False,NONE,3.5,0.0,NONE
1780033202.457,80.3,89.5,32.1,1453.0,45.8,13.84,31.9,31.6,32.2,31.6,optimal,optimal,optimal,optimal,optimal,optimal,→ stable,→ stable,→ stable,99.9,✅ EXCELLENT,False,NONE,3.3,0.1,NONE
1780033203.458,77.9,90.5,31.7,1459.0,44.1,13.78,32.1,32.2,31.9,31.8,optimal,optimal,optimal,optimal,optimal,optimal,→ stable,→ stable,→ stable,99.9,✅ EXCELLENT,False,NONE,3.7,0.0,NONE
1780033204.46,81.2,90.4,31.7,1512.0,44.4,13.85,32.0,32.4,32.4,32.1,optimal,optimal,optimal,optimal,optimal,optimal,↑ increasing,→ stable,→ stable,99.9,✅ EXCELLENT,False,NONE,3.8,0.0,NONE
1780033205.461,78.2,90.9,31.8,1469.0,45.7,13.79,31.9,32.1,31.9,31.7,optimal,optimal,optimal,optimal,optimal,optimal,↑ increasing,→ stable,→ stable,99.9,✅ EXCELLENT,False,NONE,3.6,0.0,NONE
1780033206.462,77.5,91.2,32.3,1488.0,44.7,13.84,31.8,32.0,31.6,31.9,optimal,optimal,optimal,optimal,optimal,optimal,↑ increasing,→ stable,→ stable,99.9,✅ EXCELLENT,False,NONE,3.0,0.0,NONE
1780033207.462,79.1,90.9,32.3,1503.0,45.4,13.75,32.2,31.8,32.3,32.4,optimal,optimal,optimal,optimal,optimal,optimal,↑ increasing,→ stable,→ stable,99.9,✅ EXCELLENT,False,NONE,3.1,0.0,NONE
1780033208.464,80.9,89.4,32.0,1505.0,45.5,13.77,31.7,32.1,31.6,31.9,optimal,optimal,optimal,optimal,optimal,optimal,↑ increasing,↑ increasing,→ stable,99.9,✅ EXCELLENT,False,NONE,3.5,0.2,NONE
1780033209.465,79.9,89.8,32.1,1528.0,45.4,13.84,31.9,32.2,31.9,31.6,optimal,optimal,optimal,optimal,optimal,optimal,↑ increasing,→ stable,→ stable,99.9,✅ EXCELLENT,False,NONE,3.3,0.0,NONE
1780033210.466,80.9,90.1,31.9,1458.0,44.0,13.75,32.2,32.3,31.9,31.9,optimal,optimal,optimal,optimal,optimal,optimal,→ stable,→ stable,→ stable,99.9,✅ EXCELLENT,False,NONE,3.6,0.0,NONE
1780033212.222,79.0,89.6,31.7,1475.0,44.2,13.84,32.2,31.9,32.2,32.2,optimal,optimal,optimal,optimal,optimal,optimal,↓ decreasing,→ stable,→ stable,99.9,✅ EXCELLENT,False,NONE,3.7,0.1,NONE
1780033213.224,78.2,90.2,32.2,1513.0,45.1,13.8,32.4,32.1,31.8,32.1,optimal,optimal,optimal,optimal,optimal,optimal,↓ decreasing,→ stable,→ stable,99.9,✅ EXCELLENT,False,NONE,3.1,0.0,NONE
1780033214.225,79.1,88.8,32.2,1503.0,44.5,13.82,32.3,31.8,31.7,31.8,optimal,optimal,optimal,optimal,optimal,optimal,→ stable,→ stable,→ stable,99.9,✅ EXCELLENT,False,NONE,3.2,0.7,NONE
1780033215.226,82.9,89.5,31.8,1503.0,44.0,13.81,32.0,31.9,32.3,32.1,optimal,optimal,optimal,optimal,optimal,optimal,↓ decreasing,→ stable,→ stable,99.9,✅ EXCELLENT,False,NONE,3.8,0.1,NONE
1780033216.227,82.1,89.9,32.3,1523.0,45.3,13.77,31.8,31.7,32.1,32.1,optimal,optimal,optimal,optimal,optimal,optimal,→ stable,→ stable,→ stable,99.9,✅ EXCELLENT,False,NONE,3.2,0.0,NONE
1780033217.227,80.8,90.6,32.0,1496.0,44.2,13.83,32.0,32.4,31.8,31.8,optimal,optimal,optimal,optimal,optimal,optimal,→ stable,→ stable,→ stable,99.9,✅ EXCELLENT,False,NONE,3.5,0.0,NONE
1780033218.229,79.0,90.1,31.8,1547.0,46.0,13.78,31.6,32.4,32.0,31.9,optimal,optimal,optimal,optimal,optimal,optimal,→ stable,↓ decreasing,→ stable,99.9,✅ EXCELLENT,False,NONE,3.6,0.0,NONE
1780033219.231,79.0,90.7,32.1,1516.0,44.0,13.77,31.7,32.2,32.2,31.8,optimal,optimal,optimal,optimal,optimal,optimal,→ stable,↓ decreasing,→ stable,99.9,✅ EXCELLENT,False,NONE,3.3,0.0,NONE
1780033220.233,80.1,90.5,31.9,1455.0,44.3,13.81,31.8,32.3,31.9,32.4,optimal,optimal,optimal,optimal,optimal,optimal,→ stable,→ stable,→ stable,99.9,✅ EXCELLENT,False,NONE,3.5,0.0,NONE
1780033221.234,80.4,88.9,32.1,1504.0,44.9,13.77,32.1,31.7,32.4,32.3,optimal,optimal,optimal,optimal,optimal,optimal,→ stable,↓ decreasing,→ stable,99.9,✅ EXCELLENT,False,NONE,3.3,0.6,NONE
1780033222.61,82.6,91.2,32.3,1482.0,45.8,13.76,32.2,32.3,32.1,32.0,optimal,optimal,optimal,optimal,optimal,optimal,↑ increasing,→ stable,→ stable,99.9,✅ EXCELLENT,False,NONE,3.2,0.0,NONE
1780033223.611,79.3,88.8,32.0,1486.0,44.5,13.84,32.0,31.9,31.9,32.3,optimal,optimal,optimal,optimal,optimal,optimal,↑ increasing,→ stable,→ stable,99.9,✅ EXCELLENT,False,NONE,3.4,0.7,NONE
1780033224.612,80.8,90.7,32.2,1520.0,44.5,13.83,32.0,31.6,31.7,32.1,optimal,optimal,optimal,optimal,optimal,optimal,↑ increasing,→ stable,→ stable,99.9,✅ EXCELLENT,False,NONE,3.2,0.0,NONE
1780033225.615,77.1,89.1,31.7,1493.0,44.8,13.81,31.8,32.2,31.8,32.1,optimal,optimal,optimal,optimal,optimal,optimal,↑ increasing,→ stable,→ stable,99.9,✅ EXCELLENT,False,NONE,3.6,0.4,NONE
1780033226.616,79.4,90.4,32.2,1485.0,45.3,13.79,31.7,32.1,31.6,32.1,optimal,optimal,optimal,optimal,optimal,optimal,→ stable,→ stable,→ stable,99.9,✅ EXCELLENT,False,NONE,3.2,0.0,NONE
1780033227.617,79.7,88.8,32.3,1451.0,45.6,13.81,31.7,31.7,32.3,32.0,optimal,optimal,optimal,optimal,optimal,optimal,↓ decreasing,→ stable,→ stable,99.9,✅ EXCELLENT,False,NONE,3.1,0.7,NONE
1780033228.619,82.0,91.4,32.1,1480.0,44.7,13.85,32.3,31.7,32.0,31.7,optimal,optimal,optimal,optimal,optimal,optimal,→ stable,→ stable,→ stable,99.9,✅ EXCELLENT,False,NONE,3.4,0.0,NONE
1780033229.621,81.6,90.4,31.8,1511.0,45.6,13.76,32.3,31.8,32.4,31.8,optimal,optimal,optimal,optimal,optimal,optimal,→ stable,→ stable,→ stable,99.9,✅ EXCELLENT,False,NONE,3.7,0.0,NONE
1780033230.622,82.2,89.4,32.1,1548.0,44.9,13.77,31.7,32.1,31.7,32.1,optimal,optimal,optimal,optimal,optimal,optimal,→ stable,→ stable,→ stable,99.9,✅ EXCELLENT,False,NONE,3.4,0.2,NONE
1780033231.624,79.3,91.2,31.7,1495.0,45.0,13.81,32.3,32.3,32.3,32.4,optimal,optimal,optimal,optimal,optimal,optimal,→ stable,→ stable,→ stable,99.9,✅ EXCELLENT,False,NONE,3.7,0.0,NONE
1780033233.078,82.8,90.8,31.7,1462.0,44.2,13.75,32.3,32.3,32.1,31.6,optimal,optimal,optimal,optimal,optimal,optimal,→ stable,→ stable,→ stable,99.9,✅ EXCELLENT,False,NONE,3.9,0.0,NONE
1780033234.08,79.6,89.3,32.0,1467.0,45.3,13.79,32.2,31.7,32.0,32.3,optimal,optimal,optimal,optimal,optimal,optimal,→ stable,→ stable,→ stable,99.9,✅ EXCELLENT,False,NONE,3.4,0.2,NONE
1780033235.081,78.0,88.8,32.1,1477.0,44.5,13.78,32.0,32.2,31.8,32.1,optimal,optimal,optimal,optimal,optimal,optimal,↓ decreasing,→ stable,→ stable,99.9,✅ EXCELLENT,False,NONE,3.2,0.7,NONE
1780033236.083,78.9,88.5,32.2,1541.0,45.4,13.83,32.1,31.8,31.6,31.9,optimal,optimal,optimal,optimal,optimal,optimal,→ stable,→ stable,→ stable,99.9,✅ EXCELLENT,False,NONE,3.2,1.1,NONE
1780033237.084,79.6,89.1,31.9,1513.0,45.3,13.77,32.3,32.3,32.2,31.9,optimal,optimal,optimal,optimal,optimal,optimal,↑ increasing,→ stable,→ stable,99.9,✅ EXCELLENT,False,NONE,3.5,0.4,NONE
1780033238.085,78.0,89.5,31.8,1517.0,44.1,13.84,32.3,31.9,32.3,31.7,optimal,optimal,optimal,optimal,optimal,optimal,→ stable,→ stable,→ stable,99.9,✅ EXCELLENT,False,NONE,3.6,0.1,NONE
1780033239.086,82.5,91.1,32.0,1477.0,45.0,13.82,31.7,32.2,31.6,32.2,optimal,optimal,optimal,optimal,optimal,optimal,→ stable,→ stable,→ stable,99.9,✅ EXCELLENT,False,NONE,3.5,0.0,NONE
1780033240.088,79.1,89.0,32.4,1479.0,45.2,13.81,31.8,32.1,32.2,32.3,optimal,optimal,optimal,optimal,optimal,optimal,→ stable,→ stable,→ stable,99.9,✅ EXCELLENT,False,NONE,2.9,0.5,NONE
1780033241.089,80.7,89.0,32.3,1506.0,45.6,13.84,32.4,31.8,31.9,31.8,optimal,optimal,optimal,optimal,optimal,optimal,↓ decreasing,→ stable,→ stable,99.9,✅ EXCELLENT,False,NONE,3.1,0.5,NONE
1780033242.09,77.4,89.3,32.3,1468.0,45.2,13.84,31.8,31.8,32.3,32.4,optimal,optimal,optimal,optimal,optimal,optimal,↓ decreasing,↓ decreasing,→ stable,99.9,✅ EXCELLENT,False,NONE,3.0,0.2,NONE
1780033243.703,81.4,89.1,32.1,1489.0,44.3,13.77,31.7,31.8,31.7,32.3,optimal,optimal,optimal,optimal,optimal,optimal,↓ decreasing,↓ decreasing,→ stable,99.9,✅ EXCELLENT,False,NONE,3.4,0.4,NONE
1780033244.704,80.4,89.8,31.7,1486.0,44.9,13.79,31.9,32.2,32.4,31.7,optimal,optimal,optimal,optimal,optimal,optimal,↓ decreasing,↓ decreasing,→ stable,99.9,✅ EXCELLENT,False,NONE,3.8,0.0,NONE
1780033245.704,82.2,90.9,32.0,1529.0,45.0,13.83,32.0,31.9,32.4,31.9,optimal,optimal,optimal,optimal,optimal,optimal,→ stable,→ stable,→ stable,99.9,✅ EXCELLENT,False,NONE,3.5,0.0,NONE
1780033246.706,82.9,90.4,32.2,1469.0,45.2,13.82,32.1,32.1,32.0,31.7,optimal,optimal,optimal,optimal,optimal,optimal,→ stable,→ stable,→ stable,99.9,✅ EXCELLENT,False,NONE,3.3,0.0,NONE
1780033247.707,80.7,90.7,32.0,1548.0,45.4,13.82,32.0,31.7,31.9,32.1,optimal,optimal,optimal,optimal,optimal,optimal,→ stable,→ stable,→ stable,99.9,✅ EXCELLENT,False,NONE,3.5,0.0,NONE
1780033248.708,77.6,89.2,31.7,1506.0,44.9,13.82,31.9,31.6,32.1,31.8,optimal,optimal,optimal,optimal,optimal,optimal,→ stable,→ stable,→ stable,99.9,✅ EXCELLENT,False,NONE,3.7,0.3,NONE
1780033249.709,82.6,89.7,32.0,1543.0,44.1,13.81,32.3,31.7,32.3,31.8,optimal,optimal,optimal,optimal,optimal,optimal,→ stable,→ stable,→ stable,99.9,✅ EXCELLENT,False,NONE,3.5,0.0,NONE
1780033250.711,81.5,90.9,32.1,1507.0,44.0,13.8,31.9,32.0,31.7,31.9,optimal,optimal,optimal,optimal,optimal,optimal,↑ increasing,→ stable,→ stable,99.9,✅ EXCELLENT,False,NONE,3.4,0.0,NONE
1780033251.712,80.4,90.5,31.7,1518.0,44.5,13.8,31.9,32.2,31.7,32.2,optimal,optimal,optimal,optimal,optimal,optimal,↑ increasing,→ stable,→ stable,99.9,✅ EXCELLENT,False,NONE,3.8,0.0,NONE
1780033252.713,81.9,91.3,32.4,1481.0,45.5,13.83,31.9,32.3,32.2,31.7,optimal,optimal,optimal,optimal,optimal,optimal,↑ increasing,↑ increasing,→ stable,99.9,✅ EXCELLENT,False,NONE,3.0,0.0,NONE
1780033254.11,79.4,88.8,31.6,1531.0,46.0,13.83,32.0,32.3,32.3,31.6,optimal,optimal,optimal,optimal,optimal,optimal,↑ increasing,↑ increasing,→ stable,99.9,✅ EXCELLENT,False,NONE,3.9,0.7,NONE
1780033255.112,78.9,91.2,31.8,1510.0,44.8,13.81,32.2,32.2,32.2,32.3,optimal,optimal,optimal,optimal,optimal,optimal,↑ increasing,↑ increasing,→ stable,99.9,✅ EXCELLENT,False,NONE,3.6,0.0,NONE
1780033256.114,78.3,90.4,31.9,1516.0,44.2,13.84,32.0,32.4,31.7,32.2,optimal,optimal,optimal,optimal,optimal,optimal,→ stable,↑ increasing,→ stable,99.9,✅ EXCELLENT,False,NONE,3.5,0.0,NONE
1780033257.115,80.5,91.3,31.6,1458.0,45.6,13.84,32.0,32.0,31.7,32.3,optimal,optimal,optimal,optimal,optimal,optimal,→ stable,↑ increasing,→ stable,99.9,✅ EXCELLENT,False,NONE,3.9,0.0,NONE
1780033258.115,81.5,90.8,32.4,1514.0,45.9,13.82,31.8,32.0,32.1,31.9,optimal,optimal,optimal,optimal,optimal,optimal,→ stable,↑ increasing,→ stable,99.9,✅ EXCELLENT,False,NONE,3.0,0.0,NONE
1780033259.117,77.9,90.6,31.9,1533.0,45.9,13.8,32.3,32.2,32.1,31.9,optimal,optimal,optimal,optimal,optimal,optimal,→ stable,↑ increasing,→ stable,99.9,✅ EXCELLENT,False,NONE,3.4,0.0,NONE
1780033260.12,77.4,90.9,31.8,1507.0,44.2,13.75,31.8,32.4,32.1,31.7,optimal,optimal,optimal,optimal,optimal,optimal,↓ decreasing,↑ increasing,→ stable,99.9,✅ EXCELLENT,False,NONE,3.5,0.0,NONE
1780033261.121,80.4,89.3,32.3,1527.0,45.0,13.81,31.8,32.2,31.7,32.4,optimal,optimal,optimal,optimal,optimal,optimal,↓ decreasing,↑ increasing,→ stable,99.9,✅ EXCELLENT,False,NONE,3.1,0.2,NONE
1780033262.123,81.9,90.0,31.9,1474.0,45.0,13.83,31.8,31.8,32.2,32.3,optimal,optimal,optimal,optimal,optimal,optimal,↓ decreasing,→ stable,→ stable,99.9,✅ EXCELLENT,False,NONE,3.6,0.0,NONE
1780033263.124,79.4,89.5,32.3,1547.0,45.0,13.78,31.7,31.6,32.2,31.6,optimal,optimal,optimal,optimal,optimal,optimal,↓ decreasing,→ stable,→ stable,99.9,✅ EXCELLENT,False,NONE,3.1,0.1,NONE
1780033264.747,80.1,89.0,31.6,1480.0,45.5,13.77,32.2,31.6,31.9,31.9,optimal,optimal,optimal,optimal,optimal,optimal,↓ decreasing,→ stable,→ stable,99.9,✅ EXCELLENT,False,NONE,3.9,0.5,NONE
1780033265.748,78.7,90.1,32.3,1537.0,44.2,13.78,32.4,32.0,32.2,31.7,optimal,optimal,optimal,optimal,optimal,optimal,↓ decreasing,→ stable,→ stable,99.9,✅ EXCELLENT,False,NONE,3.0,0.0,NONE
1780033266.748,82.4,89.8,31.7,1529.0,45.6,13.81,32.1,31.8,31.6,31.9,optimal,optimal,optimal,optimal,optimal,optimal,→ stable,→ stable,→ stable,99.9,✅ EXCELLENT,False,NONE,3.9,0.0,NONE
1780033267.75,79.3,89.8,31.8,1540.0,44.2,13.76,32.3,31.9,32.3,32.4,optimal,optimal,optimal,optimal,optimal,optimal,→ stable,→ stable,→ stable,99.9,✅ EXCELLENT,False,NONE,3.6,0.0,NONE
1780033268.751,78.2,90.0,32.3,1495.0,45.3,13.75,31.7,31.7,32.2,31.6,optimal,optimal,optimal,optimal,optimal,optimal,↓ decreasing,↓ decreasing,→ stable,99.9,✅ EXCELLENT,False,NONE,3.0,0.0,NONE
1780033269.752,82.0,89.9,32.1,1509.0,44.4,13.78,31.8,32.2,32.2,31.9,optimal,optimal,optimal,optimal,optimal,optimal,→ stable,↓ decreasing,→ stable,99.9,✅ EXCELLENT,False,NONE,3.4,0.0,NONE
1780033270.753,80.6,91.3,31.8,1496.0,45.5,13.78,31.8,32.0,31.7,32.3,optimal,optimal,optimal,optimal,optimal,optimal,↑ increasing,↓ decreasing,→ stable,99.9,✅ EXCELLENT,False,NONE,3.7,0.0,NONE
1780033271.755,79.1,89.2,31.7,1497.0,45.8,13.78,32.0,32.2,32.1,32.3,optimal,optimal,optimal,optimal,optimal,optimal,↑ increasing,↓ decreasing,→ stable,99.9,✅ EXCELLENT,False,NONE,3.7,0.3,NONE
1780033272.756,78.7,90.0,31.8,1526.0,45.6,13.83,31.9,32.3,32.3,32.1,optimal,optimal,optimal,optimal,optimal,optimal,→ stable,↓ decreasing,→ stable,99.9,✅ EXCELLENT,False,NONE,3.6,0.0,NONE
1780033273.758,78.4,90.5,31.8,1459.0,45.2,13.82,32.3,31.6,32.2,32.0,optimal,optimal,optimal,optimal,optimal,optimal,→ stable,→ stable,→ stable,99.9,✅ EXCELLENT,False,NONE,3.6,0.0,NONE
1780033275.18,82.7,89.8,31.6,1500.0,44.8,13.75,31.8,32.0,31.8,31.7,optimal,optimal,optimal,optimal,optimal,optimal,→ stable,→ stable,→ stable,99.9,✅ EXCELLENT,False,NONE,4.0,0.0,NONE
1780033276.182,82.0,89.9,31.7,1468.0,44.9,13.85,32.2,31.7,31.9,31.7,optimal,optimal,optimal,optimal,optimal,optimal,↑ increasing,→ stable,→ stable,99.9,✅ EXCELLENT,False,NONE,3.9,0.0,NONE
1780033277.183,77.7,89.9,32.1,1453.0,44.3,13.84,32.1,32.0,32.0,32.3,optimal,optimal,optimal,optimal,optimal,optimal,→ stable,→ stable,→ stable,99.9,✅ EXCELLENT,False,NONE,3.2,0.0,NONE
1780033278.184,78.6,91.5,32.3,1545.0,45.6,13.85,31.9,32.2,32.0,32.0,optimal,optimal,optimal,optimal,optimal,optimal,→ stable,→ stable,→ stable,99.9,✅ EXCELLENT,False,NONE,3.0,0.0,NONE
1780033279.184,82.5,90.8,32.3,1505.0,45.2,13.78,32.3,32.1,32.1,32.2,optimal,optimal,optimal,optimal,optimal,optimal,↑ increasing,→ stable,→ stable,99.9,✅ EXCELLENT,False,NONE,3.2,0.0,NONE
1780033280.186,77.0,89.4,31.8,1468.0,45.9,13.84,31.7,31.7,31.9,31.9,optimal,optimal,optimal,optimal,optimal,optimal,→ stable,→ stable,→ stable,99.9,✅ EXCELLENT,False,NONE,3.5,0.2,NONE
1780033281.187,78.5,88.8,32.3,1493.0,45.0,13.85,32.3,32.0,31.8,32.2,optimal,optimal,optimal,optimal,optimal,optimal,↓ decreasing,→ stable,→ stable,99.9,✅ EXCELLENT,False,NONE,3.0,0.7,NONE
1780033282.189,80.0,88.7,32.2,1479.0,44.7,13.83,32.3,32.2,31.8,31.7,optimal,optimal,optimal,optimal,optimal,optimal,↓ decreasing,→ stable,→ stable,99.9,✅ EXCELLENT,False,NONE,3.2,0.8,NONE
1780033283.191,81.1,91.3,32.4,1535.0,45.3,13.8,31.7,31.7,31.9,32.1,optimal,optimal,optimal,optimal,optimal,optimal,→ stable,→ stable,→ stable,99.9,✅ EXCELLENT,False,NONE,3.0,0.0,NONE
1780033284.194,77.7,91.3,32.0,1470.0,44.1,13.84,32.1,32.3,31.6,32.3,optimal,optimal,optimal,optimal,optimal,optimal,→ stable,→ stable,→ stable,99.9,✅ EXCELLENT,False,NONE,3.3,0.0,NONE
1780033285.421,82.8,91.0,32.1,1517.0,44.3,13.77,31.8,32.0,31.7,31.6,optimal,optimal,optimal,optimal,optimal,optimal,→ stable,→ stable,→ stable,99.9,✅ EXCELLENT,False,NONE,3.4,0.0,NONE
1780033286.423,79.7,90.3,31.7,1470.0,44.7,13.76,31.8,32.2,31.9,32.2,optimal,optimal,optimal,optimal,optimal,optimal,↓ decreasing,→ stable,→ stable,99.9,✅ EXCELLENT,False,NONE,3.8,0.0,NONE
1780033287.425,82.4,89.5,31.6,1504.0,45.6,13.76,32.0,32.1,32.0,31.8,optimal,optimal,optimal,optimal,optimal,optimal,→ stable,→ stable,→ stable,99.9,✅ EXCELLENT,False,NONE,4.0,0.1,NONE
1780033288.426,78.8,90.2,31.9,1496.0,45.0,13.84,31.7,31.6,32.4,32.3,optimal,optimal,optimal,optimal,optimal,optimal,→ stable,→ stable,→ stable,99.9,✅ EXCELLENT,False,NONE,3.5,0.0,NONE
1780033289.427,81.1,90.1,31.8,1468.0,45.0,13.75,31.9,31.7,31.9,32.2,optimal,optimal,optimal,optimal,optimal,optimal,→ stable,→ stable,→ stable,99.9,✅ EXCELLENT,False,NONE,3.7,0.0,NONE
1780033290.429,79.3,90.5,31.6,1524.0,44.8,13.81,31.8,31.9,32.3,32.1,optimal,optimal,optimal,optimal,optimal,optimal,→ stable,→ stable,→ stable,99.9,✅ EXCELLENT,False,NONE,3.9,0.0,NONE
1780033291.431,77.6,90.6,32.1,1492.0,44.1,13.81,32.4,32.1,32.1,32.2,optimal,optimal,optimal,optimal,optimal,optimal,↑ increasing,→ stable,→ stable,99.9,✅ EXCELLENT,False,NONE,3.2,0.0,NONE
1780033292.432,80.5,88.8,32.1,1533.0,44.7,13.81,32.3,32.2,32.1,32.2,optimal,optimal,optimal,optimal,optimal,optimal,→ stable,→ stable,→ stable,99.9,✅ EXCELLENT,False,NONE,3.3,0.7,NONE
1780033293.433,82.0,90.5,31.8,1468.0,45.3,13.83,31.8,32.4,32.2,32.4,optimal,optimal,optimal,optimal,optimal,optimal,→ stable,→ stable,→ stable,99.9,✅ EXCELLENT,False,NONE,3.7,0.0,NONE
1780033294.434,82.9,88.6,32.4,1488.0,45.4,13.79,31.8,31.7,32.4,31.9,optimal,optimal,optimal,optimal,optimal,optimal,↑ increasing,→ stable,→ stable,99.9,✅ EXCELLENT,False,NONE,3.1,1.0,NONE
1780033295.76,77.1,89.7,32.3,1510.0,44.9,13.78,31.8,31.6,32.0,32.1,optimal,optimal,optimal,optimal,optimal,optimal,→ stable,→ stable,→ stable,99.9,✅ EXCELLENT,False,NONE,3.0,0.0,NONE
1780033296.762,78.4,89.9,32.2,1516.0,45.8,13.79,31.8,32.0,31.8,32.1,optimal,optimal,optimal,optimal,optimal,optimal,→ stable,→ stable,→ stable,99.9,✅ EXCELLENT,False,NONE,3.1,0.0,NONE
1780033297.764,81.2,89.7,31.7,1521.0,44.8,13.75,32.0,31.6,32.1,32.2,optimal,optimal,optimal,optimal,optimal,optimal,→ stable,→ stable,→ stable,99.9,✅ EXCELLENT,False,NONE,3.8,0.0,NONE
1780033298.765,79.7,89.9,31.9,1531.0,44.2,13.85,32.4,32.4,32.2,32.2,optimal,optimal,optimal,optimal,optimal,optimal,→ stable,→ stable,→ stable,99.9,✅ EXCELLENT,False,NONE,3.5,0.0,NONE
1780033299.767,78.8,91.0,31.9,1503.0,45.6,13.82,32.4,32.3,32.0,31.9,optimal,optimal,optimal,optimal,optimal,optimal,→ stable,→ stable,→ stable,99.9,✅ EXCELLENT,False,NONE,3.5,0.0,NONE
1780033300.769,79.1,91.4,31.8,1549.0,45.2,13.75,31.9,31.7,31.9,31.6,optimal,optimal,optimal,optimal,optimal,optimal,→ stable,→ stable,→ stable,99.9,✅ EXCELLENT,False,NONE,3.6,0.0,NONE
1780033301.77,79.5,89.8,32.1,1499.0,44.5,13.78,31.7,32.4,32.3,31.7,optimal,optimal,optimal,optimal,optimal,optimal,→ stable,→ stable,→ stable,99.9,✅ EXCELLENT,False,NONE,3.3,0.0,NONE
1780033302.771,82.5,88.8,32.4,1526.0,45.1,13.84,31.7,32.1,32.0,31.9,optimal,optimal,optimal,optimal,optimal,optimal,→ stable,→ stable,→ stable,99.9,✅ EXCELLENT,False,NONE,3.1,0.7,NONE
1780033303.772,77.9,88.7,31.7,1535.0,45.9,13.79,32.1,32.0,32.3,32.1,optimal,optimal,optimal,optimal,optimal,optimal,→ stable,↓ decreasing,→ stable,99.9,✅ EXCELLENT,False,NONE,3.7,0.8,NONE
1780033304.773,78.1,89.8,32.0,1542.0,45.1,13.77,31.9,31.9,31.7,31.8,optimal,optimal,optimal,optimal,optimal,optimal,↓ decreasing,→ stable,→ stable,99.9,✅ EXCELLENT,False,NONE,3.3,0.0,NONE
1780033306.217,79.0,89.4,31.9,1491.0,45.3,13.78,32.0,32.1,31.9,32.4,optimal,optimal,optimal,optimal,optimal,optimal,↓ decreasing,→ stable,→ stable,99.9,✅ EXCELLENT,False,NONE,3.5,0.2,NONE
1780033307.219,81.1,90.5,31.6,1461.0,45.4,13.78,32.1,32.0,32.2,32.4,optimal,optimal,optimal,optimal,optimal,optimal,→ stable,→ stable,→ stable,99.9,✅ EXCELLENT,False,NONE,3.9,0.0,NONE
1780033308.221,81.0,89.8,32.1,1538.0,45.7,13.81,31.9,31.8,32.1,31.6,optimal,optimal,optimal,optimal,optimal,optimal,→ stable,→ stable,→ stable,99.9,✅ EXCELLENT,False,NONE,3.4,0.0,NONE
1780033309.223,81.8,88.5,32.4,1540.0,45.5,13.78,31.7,32.3,32.3,32.0,optimal,optimal,optimal,optimal,optimal,optimal,→ stable,→ stable,→ stable,99.9,✅ EXCELLENT,False,NONE,3.0,1.1,NONE
1780033310.224,82.0,90.8,32.3,1467.0,44.9,13.78,31.6,32.2,32.3,31.7,optimal,optimal,optimal,optimal,optimal,optimal,→ stable,→ stable,→ stable,99.9,✅ EXCELLENT,False,NONE,3.2,0.0,NONE
1780033311.227,78.7,89.1,32.1,1531.0,44.6,13.77,31.6,32.3,32.2,31.9,optimal,optimal,optimal,optimal,optimal,optimal,→ stable,→ stable,→ stable,99.9,✅ EXCELLENT,False,NONE,3.3,0.4,NONE
1780033312.228,78.3,88.7,32.4,1491.0,45.3,13.81,31.8,31.9,32.0,32.0,optimal,optimal,optimal,optimal,optimal,optimal,→ stable,↓ decreasing,→ stable,99.9,✅ EXCELLENT,False,NONE,2.9,0.8,NONE
1780033313.23,77.4,88.7,31.7,1537.0,45.8,13.76,31.7,32.2,32.4,32.2,optimal,optimal,optimal,optimal,optimal,optimal,↓ decreasing,↓ decreasing,→ stable,99.9,✅ EXCELLENT,False,NONE,3.6,0.8,NONE
1780033314.231,80.1,89.6,31.7,1516.0,45.0,13.76,31.9,32.2,31.6,32.4,optimal,optimal,optimal,optimal,optimal,optimal,→ stable,→ stable,→ stable,99.9,✅ EXCELLENT,False,NONE,3.8,0.1,NONE
1780033315.232,78.9,90.9,32.1,1472.0,45.7,13.84,32.0,32.2,32.3,32.0,optimal,optimal,optimal,optimal,optimal,optimal,↑ increasing,→ stable,→ stable,99.9,✅ EXCELLENT,False,NONE,3.3,0.0,NONE
1780033316.551,81.8,90.0,32.3,1547.0,44.3,13.78,32.1,31.8,31.9,32.2,optimal,optimal,optimal,optimal,optimal,optimal,↑ increasing,→ stable,→ stable,99.9,✅ EXCELLENT,False,NONE,3.2,0.0,NONE
1780033317.553,77.6,91.2,31.7,1506.0,45.5,13.76,31.9,31.8,32.1,32.0,optimal,optimal,optimal,optimal,optimal,optimal,→ stable,→ stable,→ stable,99.9,✅ EXCELLENT,False,NONE,3.7,0.0,NONE
1780033318.556,79.8,89.5,32.3,1496.0,45.5,13.75,32.2,32.3,32.3,32.1,optimal,optimal,optimal,optimal,optimal,optimal,→ stable,→ stable,→ stable,99.9,✅ EXCELLENT,False,NONE,3.1,0.1,NONE
1780033319.557,82.7,90.9,31.8,1505.0,45.4,13.84,31.7,32.2,32.3,31.9,optimal,optimal,optimal,optimal,optimal,optimal,→ stable,→ stable,→ stable,99.9,✅ EXCELLENT,False,NONE,3.8,0.0,NONE
1780033320.559,82.7,89.7,32.2,1508.0,45.2,13.75,32.3,32.2,32.0,31.7,optimal,optimal,optimal,optimal,optimal,optimal,→ stable,→ stable,→ stable,99.9,✅ EXCELLENT,False,NONE,3.3,0.0,NONE
1780033321.56,81.4,90.6,32.1,1525.0,45.5,13.83,32.2,32.0,31.7,32.1,optimal,optimal,optimal,optimal,optimal,optimal,→ stable,→ stable,→ stable,99.9,✅ EXCELLENT,False,NONE,3.4,0.0,NONE
1780033322.561,80.4,89.8,31.6,1487.0,44.4,13.78,32.1,32.1,31.7,31.9,optimal,optimal,optimal,optimal,optimal,optimal,→ stable,↑ increasing,→ stable,99.9,✅ EXCELLENT,False,NONE,3.9,0.0,NONE
1780033323.562,77.1,89.5,31.8,1497.0,45.4,13.81,32.1,31.9,32.1,31.9,optimal,optimal,optimal,optimal,optimal,optimal,↑ increasing,↑ increasing,→ stable,99.9,✅ EXCELLENT,False,NONE,3.5,0.1,NONE
1780033324.563,80.6,91.3,32.2,1496.0,44.4,13.84,32.3,32.2,32.3,32.0,optimal,optimal,optimal,optimal,optimal,optimal,↑ increasing,↑ increasing,→ stable,99.9,✅ EXCELLENT,False,NONE,3.2,0.0,NONE
1780033325.564,80.5,90.3,32.3,1542.0,45.9,13.76,32.0,31.9,32.1,32.0,optimal,optimal,optimal,optimal,optimal,optimal,↑ increasing,↑ increasing,→ stable,99.9,✅ EXCELLENT,False,NONE,3.1,0.0,NONE
1780033326.993,79.9,88.7,32.0,1515.0,44.4,13.76,31.9,32.4,32.0,31.8,optimal,optimal,optimal,optimal,optimal,optimal,→ stable,→ stable,→ stable,99.9,✅ EXCELLENT,False,NONE,3.4,0.8,NONE
1780033327.994,79.3,88.5,32.4,1474.0,44.9,13.84,31.7,31.7,31.6,31.8,optimal,optimal,optimal,optimal,optimal,optimal,↑ increasing,→ stable,→ stable,99.9,✅ EXCELLENT,False,NONE,2.9,1.1,NONE
1780033328.996,82.6,89.5,31.7,1549.0,44.6,13.77,31.6,31.9,31.7,32.1,optimal,optimal,optimal,optimal,optimal,optimal,↑ increasing,→ stable,→ stable,99.9,✅ EXCELLENT,False,NONE,3.9,0.1,NONE
1780033329.998,78.8,90.8,32.0,1469.0,44.9,13.78,32.1,32.3,31.6,31.8,optimal,optimal,optimal,optimal,optimal,optimal,↑ increasing,→ stable,→ stable,99.9,✅ EXCELLENT,False,NONE,3.4,0.0,NONE
1780033330.999,78.4,91.5,32.2,1486.0,44.7,13.82,32.4,32.2,32.4,31.9,optimal,optimal,optimal,optimal,optimal,optimal,→ stable,→ stable,→ stable,99.9,✅ EXCELLENT,False,NONE,3.1,0.0,NONE
1780033332.0,81.1,90.9,31.7,1531.0,44.1,13.82,32.2,32.1,31.9,31.7,optimal,optimal,optimal,optimal,optimal,optimal,→ stable,→ stable,→ stable,99.9,✅ EXCELLENT,False,NONE,3.8,0.0,NONE
1780033333.002,77.7,88.9,32.1,1483.0,44.2,13.78,32.2,31.6,32.4,32.2,optimal,optimal,optimal,optimal,optimal,optimal,↓ decreasing,→ stable,→ stable,99.9,✅ EXCELLENT,False,NONE,3.2,0.6,NONE
1780033334.002,81.4,88.6,31.7,1480.0,44.5,13.76,31.8,32.2,31.9,32.4,optimal,optimal,optimal,optimal,optimal,optimal,→ stable,→ stable,→ stable,99.9,✅ EXCELLENT,False,NONE,3.8,1.0,NONE
1780033335.003,80.6,90.2,32.2,1509.0,44.2,13.78,31.8,32.1,31.8,31.8,optimal,optimal,optimal,optimal,optimal,optimal,→ stable,↓ decreasing,→ stable,99.9,✅ EXCELLENT,False,NONE,3.2,0.0,NONE
1780033336.004,80.9,88.7,32.0,1516.0,45.1,13.77,31.8,31.6,32.4,32.2,optimal,optimal,optimal,optimal,optimal,optimal,→ stable,↓ decreasing,→ stable,99.9,✅ EXCELLENT,False,NONE,3.5,0.8,NONE
1780033337.438,82.5,90.6,32.0,1507.0,45.2,13.77,32.3,31.6,32.0,32.1,optimal,optimal,optimal,optimal,optimal,optimal,→ stable,→ stable,→ stable,99.9,✅ EXCELLENT,False,NONE,3.5,0.0,NONE
1780033338.439,81.2,89.9,31.8,1521.0,45.5,13.76,31.7,31.8,31.8,31.8,optimal,optimal,optimal,optimal,optimal,optimal,→ stable,→ stable,→ stable,99.9,✅ EXCELLENT,False,NONE,3.7,0.0,NONE
1780033339.44,77.5,89.1,32.1,1461.0,44.5,13.79,32.0,32.3,31.8,32.3,optimal,optimal,optimal,optimal,optimal,optimal,↓ decreasing,→ stable,→ stable,99.9,✅ EXCELLENT,False,NONE,3.2,0.4,NONE
1780033340.441,77.4,89.5,32.3,1501.0,45.3,13.8,32.3,32.2,32.3,32.3,optimal,optimal,optimal,optimal,optimal,optimal,→ stable,→ stable,→ stable,99.9,✅ EXCELLENT,False,NONE,3.0,0.1,NONE
1780033341.442,80.5,89.1,31.8,1504.0,45.7,13.82,31.8,32.0,31.9,31.7,optimal,optimal,optimal,optimal,optimal,optimal,→ stable,→ stable,→ stable,99.9,✅ EXCELLENT,False,NONE,3.7,0.4,NONE
1780033342.443,77.2,91.2,32.4,1516.0,44.8,13.78,32.1,31.8,31.9,31.8,optimal,optimal,optimal,optimal,optimal,optimal,→ stable,→ stable,→ stable,99.9,✅ EXCELLENT,False,NONE,2.9,0.0,NONE
1780033343.445,78.9,89.0,31.9,1459.0,45.3,13.84,32.4,32.0,32.0,31.8,optimal,optimal,optimal,optimal,optimal,optimal,→ stable,→ stable,→ stable,99.9,✅ EXCELLENT,False,NONE,3.5,0.5,NONE
1780033344.447,77.7,90.1,31.7,1494.0,45.8,13.78,32.4,32.0,31.9,31.7,optimal,optimal,optimal,optimal,optimal,optimal,↓ decreasing,→ stable,→ stable,99.9,✅ EXCELLENT,False,NONE,3.7,0.0,NONE
1780033345.45,80.2,89.2,31.6,1464.0,45.0,13.75,32.1,31.7,32.4,32.1,optimal,optimal,optimal,optimal,optimal,optimal,↓ decreasing,→ stable,→ stable,99.9,✅ EXCELLENT,False,NONE,3.9,0.3,NONE
1780033346.452,82.5,89.0,32.2,1538.0,44.1,13.79,32.1,31.8,32.3,32.3,optimal,optimal,optimal,optimal,optimal,optimal,↓ decreasing,→ stable,→ stable,99.9,✅ EXCELLENT,False,NONE,3.3,0.5,NONE
1780033347.78,80.1,90.0,31.7,1513.0,45.9,13.77,32.0,32.0,32.4,31.9,optimal,optimal,optimal,optimal,optimal,optimal,↓ decreasing,→ stable,→ stable,99.9,✅ EXCELLENT,False,NONE,3.8,0.0,NONE
1780033348.782,82.9,91.5,32.3,1491.0,45.6,13.76,32.2,31.9,32.4,32.2,optimal,optimal,optimal,optimal,optimal,optimal,↓ decreasing,→ stable,→ stable,99.9,✅ EXCELLENT,False,NONE,3.2,0.0,NONE
1780033349.783,77.3,89.9,32.1,1506.0,44.0,13.84,32.4,32.3,31.8,32.0,optimal,optimal,optimal,optimal,optimal,optimal,↓ decreasing,→ stable,→ stable,99.9,✅ EXCELLENT,False,NONE,3.2,0.0,NONE
1780033350.784,82.3,91.3,32.1,1503.0,44.5,13.83,31.7,31.7,31.7,31.6,optimal,optimal,optimal,optimal,optimal,optimal,→ stable,→ stable,→ stable,99.9,✅ EXCELLENT,False,NONE,3.4,0.0,NONE
1780033351.786,81.8,90.9,31.7,1506.0,45.2,13.79,32.0,31.8,32.2,32.0,optimal,optimal,optimal,optimal,optimal,optimal,→ stable,↑ increasing,→ stable,99.9,✅ EXCELLENT,False,NONE,3.9,0.0,NONE
1780033352.787,82.9,90.1,32.0,1472.0,44.8,13.83,31.7,31.8,32.3,32.0,optimal,optimal,optimal,optimal,optimal,optimal,↑ increasing,↑ increasing,→ stable,99.9,✅ EXCELLENT,False,NONE,3.6,0.0,NONE
1780033353.787,82.2,90.1,32.3,1543.0,45.6,13.78,31.9,32.3,32.2,32.3,optimal,optimal,optimal,optimal,optimal,optimal,↑ increasing,↑ increasing,→ stable,99.9,✅ EXCELLENT,False,NONE,3.2,0.0,NONE
1780033354.79,82.8,90.7,32.1,1542.0,45.5,13.75,32.4,32.1,32.1,32.3,optimal,optimal,optimal,optimal,optimal,optimal,↑ increasing,↑ increasing,→ stable,99.9,✅ EXCELLENT,False,NONE,3.4,0.0,NONE
1780033355.792,81.5,91.3,32.3,1473.0,45.3,13.8,31.6,31.7,31.6,31.8,optimal,optimal,optimal,optimal,optimal,optimal,↑ increasing,↑ increasing,→ stable,99.9,✅ EXCELLENT,False,NONE,3.1,0.0,NONE
1780033356.793,81.9,91.0,31.9,1514.0,44.4,13.84,32.2,31.9,31.7,32.2,optimal,optimal,optimal,optimal,optimal,optimal,↑ increasing,↑ increasing,→ stable,99.9,✅ EXCELLENT,False,NONE,3.6,0.0,NONE
1780033358.438,79.1,88.6,32.1,1541.0,45.7,13.81,32.3,31.9,31.6,31.9,optimal,optimal,optimal,optimal,optimal,optimal,↑ increasing,↑ increasing,→ stable,99.9,✅ EXCELLENT,False,NONE,3.3,1.0,NONE
1780033359.44,82.2,88.9,32.1,1543.0,44.9,13.75,32.3,31.7,32.3,32.0,optimal,optimal,optimal,optimal,optimal,optimal,↑ increasing,↑ increasing,→ stable,99.9,✅ EXCELLENT,False,NONE,3.4,0.6,NONE
1780033360.441,79.4,90.6,31.6,1525.0,44.8,13.77,32.2,32.3,31.7,32.0,optimal,optimal,optimal,optimal,optimal,optimal,↑ increasing,→ stable,→ stable,99.9,✅ EXCELLENT,False,NONE,3.9,0.0,NONE
1780033361.443,77.5,90.9,31.9,1507.0,44.8,13.81,32.0,32.1,31.8,32.1,optimal,optimal,optimal,optimal,optimal,optimal,↑ increasing,→ stable,→ stable,99.9,✅ EXCELLENT,False,NONE,3.4,0.0,NONE
1780033362.444,79.1,90.6,31.6,1517.0,44.7,13.77,31.9,32.1,31.7,32.1,optimal,optimal,optimal,optimal,optimal,optimal,↑ increasing,→ stable,→ stable,99.9,✅ EXCELLENT,False,NONE,3.8,0.0,NONE
1780033363.445,81.4,91.3,31.9,1534.0,44.6,13.8,32.1,32.3,32.0,31.9,optimal,optimal,optimal,optimal,optimal,optimal,→ stable,→ stable,→ stable,99.9,✅ EXCELLENT,False,NONE,3.6,0.0,NONE
1780033364.447,80.9,89.5,32.0,1538.0,44.7,13.81,31.7,32.2,32.1,31.8,optimal,optimal,optimal,optimal,optimal,optimal,→ stable,→ stable,→ stable,99.9,✅ EXCELLENT,False,NONE,3.5,0.1,NONE
1780033365.448,79.4,88.7,31.7,1494.0,44.3,13.77,32.0,32.3,32.1,32.0,optimal,optimal,optimal,optimal,optimal,optimal,↓ decreasing,→ stable,→ stable,99.9,✅ EXCELLENT,False,NONE,3.7,0.8,NONE
1780033366.449,78.9,90.9,32.2,1487.0,44.9,13.76,31.7,31.8,31.7,32.4,optimal,optimal,optimal,optimal,optimal,optimal,↓ decreasing,→ stable,→ stable,99.9,✅ EXCELLENT,False,NONE,3.2,0.0,NONE
1780033367.451,78.1,90.6,32.2,1540.0,44.3,13.81,32.1,31.8,31.7,32.2,optimal,optimal,optimal,optimal,optimal,optimal,↓ decreasing,↓ decreasing,→ stable,99.9,✅ EXCELLENT,False,NONE,3.1,0.0,NONE
1780033368.874,80.3,89.6,32.2,1505.0,45.7,13.8,32.2,32.0,31.8,31.9,optimal,optimal,optimal,optimal,optimal,optimal,↓ decreasing,→ stable,→ stable,99.9,✅ EXCELLENT,False,NONE,3.2,0.1,NONE
1780033369.876,77.8,88.9,31.7,1459.0,44.0,13.76,31.9,31.9,31.7,32.0,optimal,optimal,optimal,optimal,optimal,optimal,↓ decreasing,→ stable,→ stable,99.9,✅ EXCELLENT,False,NONE,3.7,0.6,NONE
1780033370.877,79.3,90.6,32.4,1548.0,44.8,13.84,31.8,32.3,32.3,32.0,optimal,optimal,optimal,optimal,optimal,optimal,↓ decreasing,→ stable,→ stable,99.9,✅ EXCELLENT,False,NONE,2.9,0.0,NONE
1780033371.879,79.4,90.2,32.2,1491.0,44.6,13.78,32.3,31.6,32.2,31.7,optimal,optimal,optimal,optimal,optimal,optimal,↓ decreasing,→ stable,→ stable,99.9,✅ EXCELLENT,False,NONE,3.2,0.0,NONE
1780033372.88,81.9,91.4,31.9,1529.0,44.8,13.8,32.1,31.7,32.2,32.0,optimal,optimal,optimal,optimal,optimal,optimal,↓ decreasing,→ stable,→ stable,99.9,✅ EXCELLENT,False,NONE,3.6,0.0,NONE
1780033373.881,79.1,90.9,31.7,1544.0,44.9,13.81,32.0,31.8,31.9,32.4,optimal,optimal,optimal,optimal,optimal,optimal,↓ decreasing,→ stable,→ stable,99.9,✅ EXCELLENT,False,NONE,3.7,0.0,NONE
1780033374.881,82.5,91.4,31.6,1492.0,44.7,13.8,31.8,31.7,32.2,32.3,optimal,optimal,optimal,optimal,optimal,optimal,↓ decreasing,→ stable,→ stable,99.9,✅ EXCELLENT,False,NONE,4.0,0.0,NONE
1780033375.883,82.7,91.3,31.8,1540.0,45.1,13.79,31.8,32.1,31.7,31.7,optimal,optimal,optimal,optimal,optimal,optimal,→ stable,→ stable,→ stable,99.9,✅ EXCELLENT,False,NONE,3.8,0.0,NONE
1780033376.885,79.8,89.6,32.0,1516.0,44.6,13.78,32.1,32.2,32.1,32.0,optimal,optimal,optimal,optimal,optimal,optimal,→ stable,→ stable,→ stable,99.9,✅ EXCELLENT,False,NONE,3.4,0.1,NONE
1780033377.887,80.0,89.8,32.1,1536.0,45.9,13.79,31.8,32.0,32.0,32.4,optimal,optimal,optimal,optimal,optimal,optimal,↑ increasing,→ stable,→ stable,99.9,✅ EXCELLENT,False,NONE,3.3,0.0,NONE
1780033379.109,82.9,91.3,31.8,1457.0,45.5,13.85,31.6,32.1,31.8,32.1,optimal,optimal,optimal,optimal,optimal,optimal,↑ increasing,→ stable,→ stable,99.9,✅ EXCELLENT,False,NONE,3.8,0.0,NONE
1780033380.112,80.1,90.9,32.3,1451.0,45.8,13.81,32.1,31.7,32.0,31.8,optimal,optimal,optimal,optimal,optimal,optimal,↑ increasing,↑ increasing,→ stable,99.9,✅ EXCELLENT,False,NONE,3.1,0.0,NONE
1780033381.113,79.7,90.3,31.7,1453.0,44.8,13.76,31.8,31.9,31.8,32.1,optimal,optimal,optimal,optimal,optimal,optimal,↑ increasing,↑ increasing,→ stable,99.9,✅ EXCELLENT,False,NONE,3.8,0.0,NONE
1780033382.114,81.4,89.4,31.7,1517.0,45.5,13.79,32.0,32.3,32.1,32.3,optimal,optimal,optimal,optimal,optimal,optimal,↑ increasing,↑ increasing,→ stable,99.9,✅ EXCELLENT,False,NONE,3.8,0.2,NONE
1780033383.115,77.9,91.0,32.1,1473.0,44.4,13.83,32.2,32.2,31.8,32.3,optimal,optimal,optimal,optimal,optimal,optimal,↑ increasing,→ stable,→ stable,99.9,✅ EXCELLENT,False,NONE,3.2,0.0,NONE
1780033384.116,82.7,91.4,32.2,1480.0,45.2,13.76,31.8,32.2,31.9,32.2,optimal,optimal,optimal,optimal,optimal,optimal,↑ increasing,↑ increasing,→ stable,99.9,✅ EXCELLENT,False,NONE,3.3,0.0,NONE
1780033385.118,80.9,91.0,32.4,1481.0,45.5,13.77,32.3,32.2,32.1,32.0,optimal,optimal,optimal,optimal,optimal,optimal,↑ increasing,→ stable,→ stable,99.9,✅ EXCELLENT,False,NONE,3.0,0.0,NONE
1780033386.119,81.1,88.7,31.8,1455.0,44.2,13.75,32.3,32.3,31.6,32.3,optimal,optimal,optimal,optimal,optimal,optimal,↑ increasing,→ stable,→ stable,99.9,✅ EXCELLENT,False,NONE,3.7,0.8,NONE
1780033387.121,82.4,89.5,32.1,1506.0,44.0,13.79,31.7,31.7,31.7,31.7,optimal,optimal,optimal,optimal,optimal,optimal,↑ increasing,→ stable,→ stable,99.9,✅ EXCELLENT,False,NONE,3.4,0.1,NONE
1780033388.123,78.1,88.7,31.9,1518.0,45.1,13.76,31.8,32.1,32.1,32.1,optimal,optimal,optimal,optimal,optimal,optimal,→ stable,→ stable,→ stable,99.9,✅ EXCELLENT,False,NONE,3.5,0.8,NONE
1780033389.666,82.8,89.8,31.8,1496.0,44.5,13.75,32.4,31.7,32.4,32.3,optimal,optimal,optimal,optimal,optimal,optimal,→ stable,→ stable,→ stable,99.9,✅ EXCELLENT,False,NONE,3.8,0.0,NONE
1780033390.666,81.5,90.8,32.0,1454.0,44.4,13.85,32.0,31.7,32.3,32.0,optimal,optimal,optimal,optimal,optimal,optimal,→ stable,↓ decreasing,→ stable,99.9,✅ EXCELLENT,False,NONE,3.5,0.0,NONE
1780033391.668,79.7,88.7,32.1,1482.0,45.0,13.81,32.4,31.8,31.8,31.6,optimal,optimal,optimal,optimal,optimal,optimal,→ stable,↓ decreasing,→ stable,99.9,✅ EXCELLENT,False,NONE,3.3,0.8,NONE
1780033392.67,79.6,89.5,31.7,1496.0,44.4,13.82,31.7,32.3,32.2,32.4,optimal,optimal,optimal,optimal,optimal,optimal,→ stable,↓ decreasing,→ stable,99.9,✅ EXCELLENT,False,NONE,3.8,0.1,NONE
1780033393.672,79.9,91.2,31.9,1459.0,44.1,13.83,32.1,31.6,31.9,32.0,optimal,optimal,optimal,optimal,optimal,optimal,→ stable,↓ decreasing,→ stable,99.9,✅ EXCELLENT,False,NONE,3.5,0.0,NONE
1780033394.674,78.9,91.4,32.3,1508.0,45.6,13.78,32.2,32.0,31.9,32.1,optimal,optimal,optimal,optimal,optimal,optimal,→ stable,↓ decreasing,→ stable,99.9,✅ EXCELLENT,False,NONE,3.0,0.0,NONE
1780033395.676,80.1,89.6,31.7,1513.0,45.5,13.81,32.3,31.7,32.2,32.4,optimal,optimal,optimal,optimal,optimal,optimal,→ stable,↓ decreasing,→ stable,99.9,✅ EXCELLENT,False,NONE,3.8,0.1,NONE
1780033396.677,79.0,89.5,31.6,1495.0,45.7,13.82,31.6,32.1,31.9,31.7,optimal,optimal,optimal,optimal,optimal,optimal,→ stable,→ stable,→ stable,99.9,✅ EXCELLENT,False,NONE,3.8,0.1,NONE
1780033397.678,82.3,91.0,31.9,1510.0,45.3,13.79,32.1,32.1,31.7,31.8,optimal,optimal,optimal,optimal,optimal,optimal,↓ decreasing,→ stable,→ stable,99.9,✅ EXCELLENT,False,NONE,3.6,0.0,NONE
1780033398.68,80.3,91.1,32.1,1539.0,44.0,13.84,31.8,32.2,32.0,32.2,optimal,optimal,optimal,optimal,optimal,optimal,→ stable,→ stable,→ stable,99.9,✅ EXCELLENT,False,NONE,3.3,0.0,NONE
1780033399.98,80.7,91.4,31.9,1527.0,45.5,13.78,32.4,31.8,32.0,32.3,optimal,optimal,optimal,optimal,optimal,optimal,↓ decreasing,→ stable,→ stable,99.9,✅ EXCELLENT,False,NONE,3.6,0.0,NONE
1780033400.981,80.5,90.6,31.8,1528.0,44.0,13.79,32.2,31.8,31.8,32.0,optimal,optimal,optimal,optimal,optimal,optimal,↓ decreasing,→ stable,→ stable,99.9,✅ EXCELLENT,False,NONE,3.7,0.0,NONE
1780033401.982,77.5,88.9,31.9,1549.0,44.7,13.81,31.9,32.3,32.2,32.4,optimal,optimal,optimal,optimal,optimal,optimal,↓ decreasing,↑ increasing,→ stable,99.9,✅ EXCELLENT,False,NONE,3.4,0.6,NONE
1780033402.984,77.3,91.1,32.3,1514.0,45.8,13.83,31.6,31.9,32.4,32.0,optimal,optimal,optimal,optimal,optimal,optimal,↓ decreasing,↑ increasing,→ stable,99.9,✅ EXCELLENT,False,NONE,3.0,0.0,NONE
1780033403.986,81.7,90.5,32.3,1514.0,45.3,13.83,31.6,31.9,32.1,32.3,optimal,optimal,optimal,optimal,optimal,optimal,↓ decreasing,↑ increasing,→ stable,99.9,✅ EXCELLENT,False,NONE,3.2,0.0,NONE
1780033404.988,80.1,89.4,32.3,1470.0,44.8,13.82,32.3,32.1,32.3,31.8,optimal,optimal,optimal,optimal,optimal,optimal,↓ decreasing,→ stable,→ stable,99.9,✅ EXCELLENT,False,NONE,3.1,0.2,NONE
1780033405.99,81.2,89.6,32.2,1517.0,45.4,13.83,32.2,31.8,31.9,32.2,optimal,optimal,optimal,optimal,optimal,optimal,→ stable,↑ increasing,→ stable,99.9,✅ EXCELLENT,False,NONE,3.2,0.1,NONE
1780033406.992,79.0,88.9,31.9,1523.0,44.6,13.82,32.2,32.0,32.1,31.9,optimal,optimal,optimal,optimal,optimal,optimal,→ stable,→ stable,→ stable,99.9,✅ EXCELLENT,False,NONE,3.5,0.6,NONE
1780033407.996,78.7,91.5,32.2,1489.0,44.6,13.75,32.3,32.1,32.2,32.0,optimal,optimal,optimal,optimal,optimal,optimal,→ stable,→ stable,→ stable,99.9,✅ EXCELLENT,False,NONE,3.1,0.0,NONE
1780033408.997,77.8,88.9,32.0,1538.0,44.8,13.78,31.8,32.0,31.9,32.2,optimal,optimal,optimal,optimal,optimal,optimal,↓ decreasing,→ stable,→ stable,99.9,✅ EXCELLENT,False,NONE,3.3,0.6,NONE
1780033410.63,80.8,91.0,32.2,1506.0,44.3,13.85,31.9,32.2,31.7,31.8,optimal,optimal,optimal,optimal,optimal,optimal,↓ decreasing,→ stable,→ stable,99.9,✅ EXCELLENT,False,NONE,3.2,0.0,NONE
1780033411.631,77.8,89.3,32.4,1496.0,44.8,13.81,32.4,31.6,32.1,32.0,optimal,optimal,optimal,optimal,optimal,optimal,↓ decreasing,→ stable,→ stable,99.9,✅ EXCELLENT,False,NONE,2.9,0.2,NONE
1780033412.633,81.9,90.6,32.3,1548.0,44.6,13.77,31.9,32.2,31.9,32.2,optimal,optimal,optimal,optimal,optimal,optimal,→ stable,→ stable,→ stable,99.9,✅ EXCELLENT,False,NONE,3.2,0.0,NONE
1780033413.635,77.9,90.1,32.0,1485.0,45.5,13.77,32.0,31.7,31.8,31.9,optimal,optimal,optimal,optimal,optimal,optimal,→ stable,↓ decreasing,→ stable,99.9,✅ EXCELLENT,False,NONE,3.3,0.0,NONE
1780033414.637,82.4,89.6,32.3,1521.0,45.7,13.81,31.9,31.9,31.8,31.8,optimal,optimal,optimal,optimal,optimal,optimal,→ stable,↓ decreasing,→ stable,99.9,✅ EXCELLENT,False,NONE,3.2,0.1,NONE
1780033415.639,78.2,89.5,31.8,1498.0,44.2,13.83,32.0,32.0,32.2,31.9,optimal,optimal,optimal,optimal,optimal,optimal,→ stable,→ stable,→ stable,99.9,✅ EXCELLENT,False,NONE,3.6,0.1,NONE
1780033416.64,77.6,88.5,31.8,1470.0,44.6,13.79,32.0,31.7,31.8,31.7,optimal,optimal,optimal,optimal,optimal,optimal,↓ decreasing,↓ decreasing,→ stable,99.9,✅ EXCELLENT,False,NONE,3.5,1.1,NONE
1780033417.642,82.6,88.9,31.9,1454.0,45.2,13.85,31.8,31.8,31.7,31.7,optimal,optimal,optimal,optimal,optimal,optimal,→ stable,→ stable,→ stable,99.9,✅ EXCELLENT,False,NONE,3.7,0.6,NONE
1780033418.644,77.6,91.4,32.2,1527.0,44.6,13.81,31.8,32.3,31.8,31.6,optimal,optimal,optimal,optimal,optimal,optimal,→ stable,↓ decreasing,→ stable,99.9,✅ EXCELLENT,False,NONE,3.1,0.0,NONE
1780033419.646,77.4,90.9,31.6,1466.0,45.5,13.76,32.1,31.7,32.4,32.0,optimal,optimal,optimal,optimal,optimal,optimal,→ stable,→ stable,→ stable,99.9,✅ EXCELLENT,False,NONE,3.8,0.0,NONE
1780033420.928,77.4,90.2,32.3,1466.0,44.5,13.84,32.3,32.0,32.2,31.8,optimal,optimal,optimal,optimal,optimal,optimal,→ stable,→ stable,→ stable,99.9,✅ EXCELLENT,False,NONE,3.0,0.0,NONE
1780033421.929,80.1,90.7,31.8,1520.0,45.7,13.8,32.1,31.8,31.7,31.7,optimal,optimal,optimal,optimal,optimal,optimal,→ stable,→ stable,→ stable,99.9,✅ EXCELLENT,False,NONE,3.7,0.0,NONE
1780033422.931,78.9,91.3,32.0,1452.0,45.7,13.84,32.4,32.3,31.9,32.0,optimal,optimal,optimal,optimal,optimal,optimal,↓ decreasing,→ stable,→ stable,99.9,✅ EXCELLENT,False,NONE,3.4,0.0,NONE
1780033423.932,82.4,90.8,31.7,1549.0,46.0,13.85,31.9,32.4,31.9,31.6,optimal,optimal,optimal,optimal,optimal,optimal,→ stable,→ stable,→ stable,99.9,✅ EXCELLENT,False,NONE,3.9,0.0,NONE
1780033424.933,79.0,91.0,31.7,1476.0,45.6,13.83,31.9,32.3,32.0,32.1,optimal,optimal,optimal,optimal,optimal,optimal,↓ decreasing,→ stable,→ stable,99.9,✅ EXCELLENT,False,NONE,3.7,0.0,NONE
1780033425.935,79.2,88.7,32.4,1544.0,45.7,13.78,32.0,32.0,32.2,32.4,optimal,optimal,optimal,optimal,optimal,optimal,→ stable,→ stable,→ stable,99.9,✅ EXCELLENT,False,NONE,2.9,0.8,NONE
1780033426.935,81.6,89.3,31.9,1530.0,44.3,13.76,32.1,32.1,32.2,32.0,optimal,optimal,optimal,optimal,optimal,optimal,→ stable,↑ increasing,→ stable,99.9,✅ EXCELLENT,False,NONE,3.6,0.2,NONE
1780033427.936,77.7,89.2,32.4,1471.0,45.2,13.78,32.1,32.3,32.3,32.0,optimal,optimal,optimal,optimal,optimal,optimal,→ stable,↑ increasing,→ stable,99.9,✅ EXCELLENT,False,NONE,2.9,0.3,NONE
1780033428.938,79.3,88.7,31.8,1537.0,44.6,13.77,31.9,32.0,32.3,32.2,optimal,optimal,optimal,optimal,optimal,optimal,→ stable,→ stable,→ stable,99.9,✅ EXCELLENT,False,NONE,3.6,0.8,NONE
1780033429.94,78.4,90.6,32.3,1533.0,44.1,13.76,32.0,32.4,31.9,31.9,optimal,optimal,optimal,optimal,optimal,optimal,→ stable,→ stable,→ stable,99.9,✅ EXCELLENT,False,NONE,3.0,0.0,NONE
1780033431.476,78.5,91.4,31.6,1499.0,45.4,13.83,32.2,32.4,31.7,32.0,optimal,optimal,optimal,optimal,optimal,optimal,→ stable,→ stable,→ stable,99.9,✅ EXCELLENT,False,NONE,3.8,0.0,NONE
1780033432.477,79.4,89.8,32.3,1539.0,44.6,13.81,32.3,31.9,32.4,32.2,optimal,optimal,optimal,optimal,optimal,optimal,→ stable,→ stable,→ stable,99.9,✅ EXCELLENT,False,NONE,3.1,0.0,NONE
1780033433.479,82.1,90.1,31.6,1473.0,44.0,13.78,31.8,31.8,32.0,31.7,optimal,optimal,optimal,optimal,optimal,optimal,↑ increasing,→ stable,→ stable,99.9,✅ EXCELLENT,False,NONE,4.0,0.0,NONE
1780033434.482,80.8,91.4,32.2,1540.0,44.7,13.79,32.0,31.8,31.9,32.0,optimal,optimal,optimal,optimal,optimal,optimal,→ stable,→ stable,→ stable,99.9,✅ EXCELLENT,False,NONE,3.2,0.0,NONE
1780033435.483,80.9,89.5,31.7,1469.0,45.5,13.75,31.7,32.0,31.9,32.1,optimal,optimal,optimal,optimal,optimal,optimal,↑ increasing,→ stable,→ stable,99.9,✅ EXCELLENT,False,NONE,3.8,0.1,NONE
1780033436.484,82.0,89.8,32.3,1519.0,44.2,13.82,31.6,32.0,32.1,32.2,optimal,optimal,optimal,optimal,optimal,optimal,↑ increasing,→ stable,→ stable,99.9,✅ EXCELLENT,False,NONE,3.2,0.0,NONE
1780033437.485,81.1,88.8,32.4,1509.0,45.8,13.79,32.3,32.3,32.0,32.1,optimal,optimal,optimal,optimal,optimal,optimal,→ stable,→ stable,→ stable,99.9,✅ EXCELLENT,False,NONE,3.0,0.7,NONE
1780033438.486,81.1,90.7,32.2,1470.0,44.3,13.83,31.8,32.0,32.0,31.7,optimal,optimal,optimal,optimal,optimal,optimal,↑ increasing,→ stable,→ stable,99.9,✅ EXCELLENT,False,NONE,3.2,0.0,NONE
1780033439.487,79.4,88.8,31.8,1537.0,44.2,13.79,31.6,31.8,32.3,32.0,optimal,optimal,optimal,optimal,optimal,optimal,↑ increasing,→ stable,→ stable,99.9,✅ EXCELLENT,False,NONE,3.6,0.7,NONE
1780033440.488,82.4,91.5,32.1,1481.0,45.0,13.79,31.8,32.2,31.9,32.0,optimal,optimal,optimal,optimal,optimal,optimal,↑ increasing,→ stable,→ stable,99.9,✅ EXCELLENT,False,NONE,3.4,0.0,NONE
1780033442.148,80.4,90.8,32.2,1505.0,44.7,13.8,31.7,32.0,32.0,31.6,optimal,optimal,optimal,optimal,optimal,optimal,↑ increasing,→ stable,→ stable,99.9,✅ EXCELLENT,False,NONE,3.2,0.0,NONE
1780033443.15,79.0,89.8,32.2,1455.0,44.2,13.79,32.4,32.2,31.9,31.9,optimal,optimal,optimal,optimal,optimal,optimal,↑ increasing,→ stable,→ stable,99.9,✅ EXCELLENT,False,NONE,3.2,0.0,NONE
1780033444.152,81.1,89.2,31.6,1534.0,45.8,13.8,32.0,32.3,31.9,31.7,optimal,optimal,optimal,optimal,optimal,optimal,↑ increasing,→ stable,→ stable,99.9,✅ EXCELLENT,False,NONE,3.9,0.3,NONE
1780033445.153,79.9,90.3,31.8,1522.0,45.8,13.83,32.2,32.1,32.4,32.4,optimal,optimal,optimal,optimal,optimal,optimal,↑ increasing,→ stable,→ stable,99.9,✅ EXCELLENT,False,NONE,3.7,0.0,NONE
1780033446.154,78.0,90.8,31.9,1500.0,44.8,13.76,31.7,32.3,31.6,31.6,optimal,optimal,optimal,optimal,optimal,optimal,↑ increasing,→ stable,→ stable,99.9,✅ EXCELLENT,False,NONE,3.5,0.0,NONE
1780033447.155,81.9,89.6,31.8,1467.0,45.7,13.8,31.8,32.0,31.9,32.3,optimal,optimal,optimal,optimal,optimal,optimal,→ stable,→ stable,→ stable,99.9,✅ EXCELLENT,False,NONE,3.7,0.1,NONE
1780033448.156,81.8,90.7,32.2,1498.0,44.3,13.83,32.4,31.8,31.8,31.9,optimal,optimal,optimal,optimal,optimal,optimal,→ stable,→ stable,→ stable,99.9,✅ EXCELLENT,False,NONE,3.3,0.0,NONE
1780033449.156,82.3,89.7,32.2,1451.0,44.9,13.76,31.8,32.2,31.9,32.4,optimal,optimal,optimal,optimal,optimal,optimal,→ stable,→ stable,→ stable,99.9,✅ EXCELLENT,False,NONE,3.3,0.0,NONE
1780033450.156,81.2,88.9,32.2,1482.0,45.9,13.8,31.7,32.0,31.8,31.7,optimal,optimal,optimal,optimal,optimal,optimal,→ stable,→ stable,→ stable,99.9,✅ EXCELLENT,False,NONE,3.2,0.6,NONE
1780033451.158,79.6,90.8,31.7,1510.0,44.6,13.84,32.2,32.0,31.8,32.1,optimal,optimal,optimal,optimal,optimal,optimal,→ stable,→ stable,→ stable,99.9,✅ EXCELLENT,False,NONE,3.8,0.0,NONE
1780033452.632,82.1,90.7,32.2,1539.0,45.5,13.85,31.6,32.2,31.9,31.7,optimal,optimal,optimal,optimal,optimal,optimal,→ stable,→ stable,→ stable,99.9,✅ EXCELLENT,False,NONE,3.3,0.0,NONE
1780033453.634,77.0,91.4,32.2,1457.0,45.1,13.84,32.3,31.9,32.3,31.6,optimal,optimal,optimal,optimal,optimal,optimal,→ stable,→ stable,→ stable,99.9,✅ EXCELLENT,False,NONE,3.1,0.0,NONE
1780033454.637,81.8,91.4,31.6,1530.0,44.3,13.82,32.0,32.1,31.7,32.2,optimal,optimal,optimal,optimal,optimal,optimal,→ stable,→ stable,→ stable,99.9,✅ EXCELLENT,False,NONE,4.0,0.0,NONE
1780033455.638,79.4,91.0,32.1,1549.0,45.0,13.81,31.6,31.8,31.8,31.7,optimal,optimal,optimal,optimal,optimal,optimal,→ stable,↑ increasing,→ stable,99.9,✅ EXCELLENT,False,NONE,3.3,0.0,NONE
1780033456.639,82.1,88.7,31.7,1485.0,45.9,13.78,31.7,31.8,32.0,32.2,optimal,optimal,optimal,optimal,optimal,optimal,→ stable,→ stable,→ stable,99.9,✅ EXCELLENT,False,NONE,3.9,0.8,NONE
1780033457.64,80.3,89.2,32.0,1457.0,45.9,13.84,32.1,32.2,32.1,31.8,optimal,optimal,optimal,optimal,optimal,optimal,→ stable,→ stable,→ stable,99.9,✅ EXCELLENT,False,NONE,3.4,0.3,NONE
1780033458.642,80.8,90.0,31.7,1534.0,45.7,13.77,31.8,32.3,31.7,32.3,optimal,optimal,optimal,optimal,optimal,optimal,→ stable,→ stable,→ stable,99.9,✅ EXCELLENT,False,NONE,3.8,0.0,NONE
1780033459.643,81.8,88.8,32.1,1494.0,44.1,13.83,31.9,32.1,32.1,32.1,optimal,optimal,optimal,optimal,optimal,optimal,→ stable,→ stable,→ stable,99.9,✅ EXCELLENT,False,NONE,3.4,0.7,NONE
1780033460.644,82.6,89.8,32.3,1462.0,44.4,13.81,31.8,31.7,31.9,31.8,optimal,optimal,optimal,optimal,optimal,optimal,→ stable,→ stable,→ stable,99.9,✅ EXCELLENT,False,NONE,3.2,0.0,NONE
1780033461.645,77.9,89.6,32.2,1535.0,44.9,13.83,32.0,32.3,32.2,32.2,optimal,optimal,optimal,optimal,optimal,optimal,→ stable,→ stable,→ stable,99.9,✅ EXCELLENT,False,NONE,3.1,0.1,NONE
1780033463.33,78.2,89.1,31.9,1508.0,44.0,13.8,32.1,31.8,32.3,32.0,optimal,optimal,optimal,optimal,optimal,optimal,→ stable,→ stable,→ stable,99.9,✅ EXCELLENT,False,NONE,3.5,0.4,NONE
1780033464.331,81.5,89.2,32.2,1539.0,46.0,13.82,32.3,32.0,32.1,32.1,optimal,optimal,optimal,optimal,optimal,optimal,→ stable,↓ decreasing,→ stable,99.9,✅ EXCELLENT,False,NONE,3.3,0.3,NONE
1780033465.332,79.4,90.5,32.3,1476.0,44.3,13.79,32.4,32.4,32.0,31.9,optimal,optimal,optimal,optimal,optimal,optimal,→ stable,↓ decreasing,→ stable,99.9,✅ EXCELLENT,False,NONE,3.1,0.0,NONE
1780033466.334,78.2,90.4,31.8,1536.0,45.0,13.85,32.0,32.3,32.0,31.9,optimal,optimal,optimal,optimal,optimal,optimal,→ stable,↓ decreasing,→ stable,99.9,✅ EXCELLENT,False,NONE,3.6,0.0,NONE
1780033467.336,80.9,90.5,32.3,1539.0,45.0,13.85,31.8,32.0,32.0,32.4,optimal,optimal,optimal,optimal,optimal,optimal,↓ decreasing,↓ decreasing,→ stable,99.9,✅ EXCELLENT,False,NONE,3.1,0.0,NONE
1780033468.338,82.9,88.6,32.0,1455.0,44.0,13.81,31.8,31.8,32.2,31.9,optimal,optimal,optimal,optimal,optimal,optimal,→ stable,↓ decreasing,→ stable,99.9,✅ EXCELLENT,False,NONE,3.6,1.0,NONE
1780033469.339,77.2,90.6,31.7,1515.0,45.7,13.77,32.2,32.0,31.7,32.0,optimal,optimal,optimal,optimal,optimal,optimal,↓ decreasing,→ stable,→ stable,99.9,✅ EXCELLENT,False,NONE,3.6,0.0,NONE
1780033470.341,78.8,90.8,32.1,1521.0,45.1,13.78,31.7,31.9,31.8,32.3,optimal,optimal,optimal,optimal,optimal,optimal,↓ decreasing,→ stable,→ stable,99.9,✅ EXCELLENT,False,NONE,3.3,0.0,NONE
1780033471.343,81.0,90.5,31.9,1450.0,44.1,13.79,31.8,31.6,32.4,32.4,optimal,optimal,optimal,optimal,optimal,optimal,↓ decreasing,→ stable,→ stable,99.9,✅ EXCELLENT,False,NONE,3.6,0.0,NONE
1780033472.344,78.6,90.4,32.3,1528.0,45.2,13.76,32.1,31.9,31.7,32.3,optimal,optimal,optimal,optimal,optimal,optimal,↓ decreasing,→ stable,→ stable,99.9,✅ EXCELLENT,False,NONE,3.0,0.0,NONE
1780033473.765,80.7,91.1,32.3,1527.0,45.3,13.79,32.3,32.0,32.2,31.9,optimal,optimal,optimal,optimal,optimal,optimal,→ stable,→ stable,→ stable,99.9,✅ EXCELLENT,False,NONE,3.1,0.0,NONE
1780033474.766,77.4,90.0,31.7,1504.0,45.8,13.76,31.9,31.7,31.9,31.8,optimal,optimal,optimal,optimal,optimal,optimal,↓ decreasing,↑ increasing,→ stable,99.9,✅ EXCELLENT,False,NONE,3.6,0.0,NONE
1780033475.768,82.3,88.9,32.1,1484.0,44.9,13.77,32.2,32.3,32.1,32.0,optimal,optimal,optimal,optimal,optimal,optimal,↓ decreasing,↑ increasing,→ stable,99.9,✅ EXCELLENT,False,NONE,3.4,0.6,NONE
1780033476.77,81.2,91.4,32.1,1507.0,44.7,13.83,31.7,32.4,32.2,32.0,optimal,optimal,optimal,optimal,optimal,optimal,→ stable,↑ increasing,→ stable,99.9,✅ EXCELLENT,False,NONE,3.4,0.0,NONE
1780033477.771,77.9,90.3,31.8,1536.0,46.0,13.79,31.6,32.1,32.4,32.2,optimal,optimal,optimal,optimal,optimal,optimal,→ stable,↑ increasing,→ stable,99.9,✅ EXCELLENT,False,NONE,3.6,0.0,NONE
1780033478.773,80.4,90.2,32.2,1541.0,44.2,13.8,32.4,31.6,32.1,32.0,optimal,optimal,optimal,optimal,optimal,optimal,↓ decreasing,↑ increasing,→ stable,99.9,✅ EXCELLENT,False,NONE,3.2,0.0,NONE
1780033479.774,81.2,89.0,31.9,1491.0,44.6,13.8,32.0,31.9,32.0,32.0,optimal,optimal,optimal,optimal,optimal,optimal,→ stable,↑ increasing,→ stable,99.9,✅ EXCELLENT,False,NONE,3.6,0.5,NONE
1780033480.776,80.8,88.5,32.0,1472.0,44.1,13.79,32.1,31.9,31.6,31.6,optimal,optimal,optimal,optimal,optimal,optimal,→ stable,→ stable,→ stable,99.9,✅ EXCELLENT,False,NONE,3.5,1.1,NONE
1780033481.777,78.8,89.7,31.8,1530.0,45.5,13.84,31.6,31.8,32.1,32.1,optimal,optimal,optimal,optimal,optimal,optimal,→ stable,→ stable,→ stable,99.9,✅ EXCELLENT,False,NONE,3.6,0.0,NONE
1780033482.778,82.9,88.6,32.0,1511.0,45.0,13.8,32.1,32.0,32.1,31.9,optimal,optimal,optimal,optimal,optimal,optimal,↑ increasing,→ stable,→ stable,99.9,✅ EXCELLENT,False,NONE,3.6,1.0,NONE
1780033484.1,78.8,90.6,32.4,1526.0,45.0,13.8,31.8,32.2,32.0,31.9,optimal,optimal,optimal,optimal,optimal,optimal,→ stable,↓ decreasing,→ stable,99.9,✅ EXCELLENT,False,NONE,2.9,0.0,NONE
1780033485.102,80.1,89.2,32.1,1453.0,44.6,13.83,32.3,31.9,32.4,32.3,optimal,optimal,optimal,optimal,optimal,optimal,↑ increasing,↓ decreasing,→ stable,99.9,✅ EXCELLENT,False,NONE,3.3,0.3,NONE
1780033486.104,82.1,91.1,32.1,1459.0,45.2,13.76,31.9,32.1,32.1,32.3,optimal,optimal,optimal,optimal,optimal,optimal,↑ increasing,→ stable,→ stable,99.9,✅ EXCELLENT,False,NONE,3.4,0.0,NONE
1780033487.105,81.8,89.8,32.1,1500.0,45.9,13.83,31.7,32.2,31.9,32.1,optimal,optimal,optimal,optimal,optimal,optimal,→ stable,↓ decreasing,→ stable,99.9,✅ EXCELLENT,False,NONE,3.4,0.0,NONE
1780033488.107,82.2,90.3,31.6,1518.0,44.6,13.8,31.8,32.4,32.3,31.6,optimal,optimal,optimal,optimal,optimal,optimal,↑ increasing,↓ decreasing,→ stable,99.9,✅ EXCELLENT,False,NONE,4.0,0.0,NONE
1780033489.109,77.2,91.1,32.3,1450.0,45.6,13.77,32.3,31.9,31.7,31.7,optimal,optimal,optimal,optimal,optimal,optimal,↑ increasing,↓ decreasing,→ stable,99.9,✅ EXCELLENT,False,NONE,3.0,0.0,NONE
1780033490.11,79.4,90.4,32.0,1470.0,45.5,13.83,31.7,32.2,31.8,32.2,optimal,optimal,optimal,optimal,optimal,optimal,→ stable,→ stable,→ stable,99.9,✅ EXCELLENT,False,NONE,3.4,0.0,NONE
1780033491.112,80.1,91.3,31.6,1470.0,44.4,13.76,32.2,31.9,32.3,31.9,optimal,optimal,optimal,optimal,optimal,optimal,→ stable,→ stable,→ stable,99.9,✅ EXCELLENT,False,NONE,3.9,0.0,NONE
1780033492.114,79.1,89.7,32.4,1531.0,45.6,13.76,32.0,31.8,31.9,32.1,optimal,optimal,optimal,optimal,optimal,optimal,→ stable,→ stable,→ stable,99.9,✅ EXCELLENT,False,NONE,2.9,0.0,NONE
1780033493.114,79.5,88.9,32.4,1534.0,45.9,13.82,31.9,32.0,32.3,32.2,optimal,optimal,optimal,optimal,optimal,optimal,→ stable,→ stable,→ stable,99.9,✅ EXCELLENT,False,NONE,3.0,0.6,NONE
1780033494.443,81.6,90.3,31.6,1536.0,45.0,13.77,32.3,32.1,31.9,32.3,optimal,optimal,optimal,optimal,optimal,optimal,→ stable,→ stable,→ stable,99.9,✅ EXCELLENT,False,NONE,4.0,0.0,NONE
1780033495.444,80.1,88.7,31.9,1473.0,44.1,13.82,32.1,31.8,31.8,32.1,optimal,optimal,optimal,optimal,optimal,optimal,→ stable,↑ increasing,→ stable,99.9,✅ EXCELLENT,False,NONE,3.5,0.8,NONE
1780033496.445,82.3,91.2,31.7,1456.0,45.9,13.81,32.2,32.3,31.9,31.7,optimal,optimal,optimal,optimal,optimal,optimal,→ stable,→ stable,→ stable,99.9,✅ EXCELLENT,False,NONE,3.9,0.0,NONE
1780033497.447,80.1,90.4,32.3,1542.0,45.2,13.76,31.8,31.8,31.8,32.3,optimal,optimal,optimal,optimal,optimal,optimal,→ stable,↑ increasing,→ stable,99.9,✅ EXCELLENT,False,NONE,3.1,0.0,NONE
1780033498.448,79.0,89.2,31.9,1528.0,45.6,13.81,32.0,32.2,32.1,31.7,optimal,optimal,optimal,optimal,optimal,optimal,↓ decreasing,→ stable,→ stable,99.9,✅ EXCELLENT,False,NONE,3.5,0.3,NONE
1780033499.451,78.9,89.1,32.4,1529.0,45.9,13.85,32.0,32.0,32.2,32.0,optimal,optimal,optimal,optimal,optimal,optimal,↓ decreasing,→ stable,→ stable,99.9,✅ EXCELLENT,False,NONE,2.9,0.4,NONE
1780033500.452,81.2,90.1,32.1,1542.0,45.4,13.84,32.1,32.0,32.4,31.7,optimal,optimal,optimal,optimal,optimal,optimal,→ stable,→ stable,→ stable,99.9,✅ EXCELLENT,False,NONE,3.4,0.0,NONE
1780033501.453,80.9,89.3,32.3,1535.0,45.0,13.82,32.4,32.1,32.1,32.1,optimal,optimal,optimal,optimal,optimal,optimal,→ stable,↓ decreasing,→ stable,99.9,✅ EXCELLENT,False,NONE,3.1,0.2,NONE
1780033502.455,81.6,89.1,32.4,1496.0,44.4,13.75,31.9,31.9,31.9,31.8,optimal,optimal,optimal,optimal,optimal,optimal,→ stable,↓ decreasing,→ stable,99.9,✅ EXCELLENT,False,NONE,3.0,0.4,NONE
1780033503.456,82.7,89.9,31.9,1542.0,45.1,13.83,32.2,32.1,32.0,32.0,optimal,optimal,optimal,optimal,optimal,optimal,↑ increasing,↓ decreasing,→ stable,99.9,✅ EXCELLENT,False,NONE,3.7,0.0,NONE
1780033504.894,78.7,89.1,31.7,1490.0,45.4,13.75,32.3,32.1,32.0,31.9,optimal,optimal,optimal,optimal,optimal,optimal,→ stable,↓ decreasing,→ stable,99.9,✅ EXCELLENT,False,NONE,3.7,0.4,NONE
1780033505.895,77.1,91.0,32.4,1480.0,45.4,13.84,32.2,32.3,31.9,31.6,optimal,optimal,optimal,optimal,optimal,optimal,→ stable,→ stable,→ stable,99.9,✅ EXCELLENT,False,NONE,2.9,0.0,NONE
1780033506.897,82.4,90.9,32.0,1475.0,45.8,13.8,32.1,32.3,32.1,31.9,optimal,optimal,optimal,optimal,optimal,optimal,→ stable,→ stable,→ stable,99.9,✅ EXCELLENT,False,NONE,3.5,0.0,NONE
1780033507.898,78.1,90.0,31.6,1483.0,44.5,13.83,32.2,31.7,31.8,32.3,optimal,optimal,optimal,optimal,optimal,optimal,→ stable,→ stable,→ stable,99.9,✅ EXCELLENT,False,NONE,3.8,0.0,NONE
1780033508.899,78.2,88.7,32.4,1487.0,45.7,13.78,32.2,32.2,31.6,31.7,optimal,optimal,optimal,optimal,optimal,optimal,→ stable,→ stable,→ stable,99.9,✅ EXCELLENT,False,NONE,2.9,0.8,NONE
1780033509.9,80.5,88.8,32.0,1466.0,45.9,13.84,32.2,31.9,31.7,32.1,optimal,optimal,optimal,optimal,optimal,optimal,→ stable,→ stable,→ stable,99.9,✅ EXCELLENT,False,NONE,3.5,0.7,NONE
1780033510.902,81.5,91.2,32.0,1526.0,44.7,13.84,32.1,32.2,31.9,31.8,optimal,optimal,optimal,optimal,optimal,optimal,→ stable,→ stable,→ stable,99.9,✅ EXCELLENT,False,NONE,3.5,0.0,NONE
1780033511.903,77.7,90.3,32.1,1496.0,44.7,13.82,32.0,32.4,31.8,32.0,optimal,optimal,optimal,optimal,optimal,optimal,→ stable,→ stable,→ stable,99.9,✅ EXCELLENT,False,NONE,3.2,0.0,NONE
1780033512.905,78.3,89.9,31.9,1545.0,45.0,13.77,31.8,32.1,32.3,32.1,optimal,optimal,optimal,optimal,optimal,optimal,↓ decreasing,→ stable,→ stable,99.9,✅ EXCELLENT,False,NONE,3.5,0.0,NONE
1780033513.905,80.3,90.6,31.8,1501.0,44.6,13.83,31.7,32.3,32.2,31.8,optimal,optimal,optimal,optimal,optimal,optimal,↓ decreasing,→ stable,→ stable,99.9,✅ EXCELLENT,False,NONE,3.7,0.0,NONE
1780033515.321,80.8,89.0,31.9,1540.0,44.9,13.83,31.9,32.2,32.4,31.9,optimal,optimal,optimal,optimal,optimal,optimal,↓ decreasing,→ stable,→ stable,99.9,✅ EXCELLENT,False,NONE,3.6,0.5,NONE
1780033516.323,80.3,90.5,32.0,1497.0,44.9,13.83,32.3,31.9,31.9,31.7,optimal,optimal,optimal,optimal,optimal,optimal,→ stable,→ stable,→ stable,99.9,✅ EXCELLENT,False,NONE,3.4,0.0,NONE
1780033517.324,82.7,90.7,32.2,1495.0,44.2,13.81,32.3,32.3,32.0,32.1,optimal,optimal,optimal,optimal,optimal,optimal,→ stable,→ stable,→ stable,99.9,✅ EXCELLENT,False,NONE,3.3,0.0,NONE
1780033518.325,80.6,90.9,32.3,1459.0,44.5,13.83,32.3,31.6,31.9,32.1,optimal,optimal,optimal,optimal,optimal,optimal,→ stable,→ stable,→ stable,99.9,✅ EXCELLENT,False,NONE,3.1,0.0,NONE
1780033519.326,77.4,90.8,32.1,1473.0,45.0,13.76,32.2,31.7,31.7,31.7,optimal,optimal,optimal,optimal,optimal,optimal,→ stable,↑ increasing,→ stable,99.9,✅ EXCELLENT,False,NONE,3.2,0.0,NONE
1780033520.328,77.6,88.6,31.8,1548.0,44.2,13.78,32.1,32.1,31.7,31.7,optimal,optimal,optimal,optimal,optimal,optimal,→ stable,↑ increasing,→ stable,99.9,✅ EXCELLENT,False,NONE,3.5,1.0,NONE
1780033521.33,78.3,90.0,31.8,1546.0,44.8,13.8,31.8,31.7,32.2,31.7,optimal,optimal,optimal,optimal,optimal,optimal,↓ decreasing,→ stable,→ stable,99.9,✅ EXCELLENT,False,NONE,3.6,0.0,NONE
1780033522.332,78.3,89.7,31.7,1534.0,44.5,13.84,32.3,31.7,32.0,31.8,optimal,optimal,optimal,optimal,optimal,optimal,→ stable,→ stable,→ stable,99.9,✅ EXCELLENT,False,NONE,3.7,0.0,NONE
1780033523.334,82.3,90.0,31.6,1481.0,45.2,13.83,32.2,31.9,31.8,31.9,optimal,optimal,optimal,optimal,optimal,optimal,→ stable,→ stable,→ stable,99.9,✅ EXCELLENT,False,NONE,4.0,0.0,NONE
1780033524.335,82.8,89.7,31.8,1547.0,44.5,13.81,32.2,32.0,31.9,31.6,optimal,optimal,optimal,optimal,optimal,optimal,↑ increasing,→ stable,→ stable,99.9,✅ EXCELLENT,False,NONE,3.8,0.0,NONE
1780033525.748,81.6,88.6,31.9,1470.0,44.3,13.82,31.8,31.8,32.4,32.0,optimal,optimal,optimal,optimal,optimal,optimal,↑ increasing,→ stable,→ stable,99.9,✅ EXCELLENT,False,NONE,3.6,1.0,NONE
1780033526.749,82.8,90.8,31.7,1455.0,44.4,13.76,31.8,32.1,32.0,32.1,optimal,optimal,optimal,optimal,optimal,optimal,↑ increasing,→ stable,→ stable,99.9,✅ EXCELLENT,False,NONE,3.9,0.0,NONE
1780033527.749,79.2,88.6,32.3,1468.0,45.9,13.78,32.1,32.0,31.7,32.2,optimal,optimal,optimal,optimal,optimal,optimal,→ stable,→ stable,→ stable,99.9,✅ EXCELLENT,False,NONE,3.1,1.0,NONE
1780033528.751,79.3,88.7,32.2,1503.0,45.4,13.77,32.2,32.3,31.6,32.0,optimal,optimal,optimal,optimal,optimal,optimal,→ stable,↓ decreasing,→ stable,99.9,✅ EXCELLENT,False,NONE,3.2,0.8,NONE
1780033529.752,83.0,89.8,31.9,1495.0,44.2,13.84,32.2,32.0,32.2,31.8,optimal,optimal,optimal,optimal,optimal,optimal,↑ increasing,↓ decreasing,→ stable,99.9,✅ EXCELLENT,False,NONE,3.7,0.0,NONE
1780033530.753,77.6,90.1,31.6,1523.0,44.8,13.77,31.8,31.7,32.2,31.7,optimal,optimal,optimal,optimal,optimal,optimal,↑ increasing,↓ decreasing,→ stable,99.9,✅ EXCELLENT,False,NONE,3.8,0.0,NONE
1780033531.755,82.4,88.8,31.6,1497.0,44.4,13.78,31.8,31.9,32.2,32.3,optimal,optimal,optimal,optimal,optimal,optimal,↑ increasing,↓ decreasing,→ stable,99.9,✅ EXCELLENT,False,NONE,4.0,0.7,NONE
1780033532.756,78.7,90.9,32.1,1549.0,44.1,13.75,32.3,32.0,31.8,32.0,optimal,optimal,optimal,optimal,optimal,optimal,↑ increasing,→ stable,→ stable,99.9,✅ EXCELLENT,False,NONE,3.3,0.0,NONE
1780033533.758,80.4,89.3,32.1,1492.0,45.2,13.84,32.1,32.0,32.3,32.0,optimal,optimal,optimal,optimal,optimal,optimal,↑ increasing,↓ decreasing,→ stable,99.9,✅ EXCELLENT,False,NONE,3.3,0.2,NONE
1780033534.759,78.2,90.7,31.8,1463.0,46.0,13.82,31.9,32.3,32.1,32.1,optimal,optimal,optimal,optimal,optimal,optimal,→ stable,→ stable,→ stable,99.9,✅ EXCELLENT,False,NONE,3.6,0.0,NONE
1780033536.209,78.3,90.6,31.8,1453.0,44.8,13.81,31.7,32.3,31.9,32.2,optimal,optimal,optimal,optimal,optimal,optimal,→ stable,→ stable,→ stable,99.9,✅ EXCELLENT,False,NONE,3.6,0.0,NONE
1780033537.21,77.3,91.0,31.9,1459.0,45.1,13.8,31.9,32.3,32.3,31.8,optimal,optimal,optimal,optimal,optimal,optimal,↓ decreasing,→ stable,→ stable,99.9,✅ EXCELLENT,False,NONE,3.4,0.0,NONE
1780033538.212,77.5,89.4,31.6,1532.0,45.1,13.8,32.0,32.1,31.9,31.8,optimal,optimal,optimal,optimal,optimal,optimal,↓ decreasing,→ stable,→ stable,99.9,✅ EXCELLENT,False,NONE,3.8,0.2,NONE
1780033539.213,82.6,89.9,31.9,1549.0,45.8,13.81,32.3,32.3,32.4,31.7,optimal,optimal,optimal,optimal,optimal,optimal,→ stable,→ stable,→ stable,99.9,✅ EXCELLENT,False,NONE,3.7,0.0,NONE
1780033540.215,81.3,89.0,32.3,1505.0,44.3,13.83,31.6,31.6,32.0,31.6,optimal,optimal,optimal,optimal,optimal,optimal,↓ decreasing,↑ increasing,→ stable,99.9,✅ EXCELLENT,False,NONE,3.1,0.5,NONE
1780033541.217,78.1,90.6,31.7,1492.0,44.1,13.84,32.1,31.6,32.1,31.8,optimal,optimal,optimal,optimal,optimal,optimal,↓ decreasing,→ stable,→ stable,99.9,✅ EXCELLENT,False,NONE,3.7,0.0,NONE
1780033542.219,80.0,90.1,31.9,1494.0,45.4,13.84,32.0,32.2,32.2,31.6,optimal,optimal,optimal,optimal,optimal,optimal,↓ decreasing,↑ increasing,→ stable,99.9,✅ EXCELLENT,False,NONE,3.5,0.0,NONE
1780033543.222,79.5,90.2,32.0,1452.0,46.0,13.77,32.4,32.3,32.0,32.1,optimal,optimal,optimal,optimal,optimal,optimal,↓ decreasing,→ stable,→ stable,99.9,✅ EXCELLENT,False,NONE,3.4,0.0,NONE
1780033544.223,81.2,90.5,32.2,1517.0,44.5,13.81,31.9,31.9,31.9,32.2,optimal,optimal,optimal,optimal,optimal,optimal,↓ decreasing,↑ increasing,→ stable,99.9,✅ EXCELLENT,False,NONE,3.2,0.0,NONE
1780033545.224,81.9,89.6,32.3,1484.0,45.8,13.84,31.9,32.2,32.1,32.0,optimal,optimal,optimal,optimal,optimal,optimal,↓ decreasing,→ stable,→ stable,99.9,✅ EXCELLENT,False,NONE,3.2,0.1,NONE
1780033546.878,77.1,91.3,32.3,1478.0,44.9,13.78,31.8,31.9,31.8,31.6,optimal,optimal,optimal,optimal,optimal,optimal,→ stable,→ stable,→ stable,99.9,✅ EXCELLENT,False,NONE,3.0,0.0,NONE
1780033547.879,77.5,89.6,32.1,1545.0,45.2,13.84,32.3,31.8,31.8,31.8,optimal,optimal,optimal,optimal,optimal,optimal,→ stable,→ stable,→ stable,99.9,✅ EXCELLENT,False,NONE,3.2,0.1,NONE
1780033548.88,81.1,89.9,31.9,1459.0,45.2,13.82,32.2,32.1,32.3,31.8,optimal,optimal,optimal,optimal,optimal,optimal,↑ increasing,→ stable,→ stable,99.9,✅ EXCELLENT,False,NONE,3.6,0.0,NONE
1780033549.881,78.8,91.1,32.2,1521.0,44.9,13.76,31.9,31.6,31.8,32.1,optimal,optimal,optimal,optimal,optimal,optimal,→ stable,→ stable,→ stable,99.9,✅ EXCELLENT,False,NONE,3.2,0.0,NONE
1780033550.882,79.0,88.8,32.0,1549.0,45.6,13.78,32.4,32.3,32.1,31.7,optimal,optimal,optimal,optimal,optimal,optimal,→ stable,→ stable,→ stable,99.9,✅ EXCELLENT,False,NONE,3.4,0.7,NONE
1780033551.884,78.4,90.7,32.2,1491.0,44.9,13.75,31.7,32.1,32.3,32.2,optimal,optimal,optimal,optimal,optimal,optimal,→ stable,→ stable,→ stable,99.9,✅ EXCELLENT,False,NONE,3.1,0.0,NONE
1780033552.885,82.7,90.3,31.8,1546.0,45.0,13.77,32.4,32.2,32.3,31.8,optimal,optimal,optimal,optimal,optimal,optimal,→ stable,→ stable,→ stable,99.9,✅ EXCELLENT,False,NONE,3.8,0.0,NONE
1780033553.885,78.5,90.2,31.9,1538.0,44.8,13.76,32.3,32.3,31.9,31.8,optimal,optimal,optimal,optimal,optimal,optimal,→ stable,→ stable,→ stable,99.9,✅ EXCELLENT,False,NONE,3.5,0.0,NONE
1780033554.886,82.1,90.9,32.2,1537.0,44.4,13.79,31.7,32.1,32.3,32.3,optimal,optimal,optimal,optimal,optimal,optimal,→ stable,→ stable,→ stable,99.9,✅ EXCELLENT,False,NONE,3.3,0.0,NONE
1780033555.888,81.8,90.5,32.4,1467.0,44.6,13.8,31.9,32.2,31.7,32.0,optimal,optimal,optimal,optimal,optimal,optimal,→ stable,→ stable,→ stable,99.9,✅ EXCELLENT,False,NONE,3.0,0.0,NONE
1780033557.222,82.5,89.4,32.1,1519.0,44.7,13.84,32.2,31.8,31.9,31.8,optimal,optimal,optimal,optimal,optimal,optimal,↑ increasing,→ stable,→ stable,99.9,✅ EXCELLENT,False,NONE,3.4,0.2,NONE
1780033558.223,80.5,90.6,32.0,1532.0,44.4,13.76,32.1,32.1,32.0,31.6,optimal,optimal,optimal,optimal,optimal,optimal,↑ increasing,→ stable,→ stable,99.9,✅ EXCELLENT,False,NONE,3.5,0.0,NONE
1780033559.225,80.4,90.6,31.8,1534.0,46.0,13.81,32.3,31.8,31.8,32.1,optimal,optimal,optimal,optimal,optimal,optimal,→ stable,→ stable,→ stable,99.9,✅ EXCELLENT,False,NONE,3.7,0.0,NONE
1780033560.226,81.5,91.3,31.8,1474.0,45.3,13.82,32.0,32.3,32.3,31.9,optimal,optimal,optimal,optimal,optimal,optimal,↑ increasing,→ stable,→ stable,99.9,✅ EXCELLENT,False,NONE,3.7,0.0,NONE
1780033561.228,80.0,89.7,32.3,1462.0,44.0,13.78,32.3,31.8,31.6,32.1,optimal,optimal,optimal,optimal,optimal,optimal,↑ increasing,→ stable,→ stable,99.9,✅ EXCELLENT,False,NONE,3.1,0.0,NONE
1780033562.229,78.8,91.1,32.4,1467.0,44.3,13.83,32.2,31.6,32.0,31.8,optimal,optimal,optimal,optimal,optimal,optimal,↑ increasing,→ stable,→ stable,99.9,✅ EXCELLENT,False,NONE,2.9,0.0,NONE
1780033563.23,82.9,89.8,32.1,1475.0,45.6,13.85,31.6,31.9,32.4,32.1,optimal,optimal,optimal,optimal,optimal,optimal,↑ increasing,→ stable,→ stable,99.9,✅ EXCELLENT,False,NONE,3.4,0.0,NONE
1780033564.232,79.8,90.9,32.3,1506.0,44.3,13.8,31.8,31.8,32.0,32.4,optimal,optimal,optimal,optimal,optimal,optimal,↑ increasing,→ stable,→ stable,99.9,✅ EXCELLENT,False,NONE,3.1,0.0,NONE
1780033565.233,81.7,90.3,31.6,1474.0,44.1,13.84,32.1,32.3,32.4,31.8,optimal,optimal,optimal,optimal,optimal,optimal,↑ increasing,→ stable,→ stable,99.9,✅ EXCELLENT,False,NONE,4.0,0.0,NONE
1780033566.235,81.8,91.4,31.7,1486.0,45.3,13.79,32.3,32.0,31.8,32.4,optimal,optimal,optimal,optimal,optimal,optimal,↑ increasing,→ stable,→ stable,99.9,✅ EXCELLENT,False,NONE,3.9,0.0,NONE
1780033567.462,79.0,90.1,32.0,1535.0,44.5,13.84,31.7,32.0,32.3,32.3,optimal,optimal,optimal,optimal,optimal,optimal,→ stable,→ stable,→ stable,99.9,✅ EXCELLENT,False,NONE,3.4,0.0,NONE
1780033568.464,79.4,88.7,32.0,1512.0,45.7,13.82,31.8,31.8,32.2,31.8,optimal,optimal,optimal,optimal,optimal,optimal,→ stable,→ stable,→ stable,99.9,✅ EXCELLENT,False,NONE,3.4,0.8,NONE
1780033569.465,79.4,90.7,31.6,1498.0,45.1,13.82,32.0,32.0,31.7,31.6,optimal,optimal,optimal,optimal,optimal,optimal,→ stable,→ stable,→ stable,99.9,✅ EXCELLENT,False,NONE,3.9,0.0,NONE
1780033570.466,82.6,90.2,32.1,1479.0,45.1,13.85,32.3,31.8,32.2,31.7,optimal,optimal,optimal,optimal,optimal,optimal,→ stable,→ stable,→ stable,99.9,✅ EXCELLENT,False,NONE,3.4,0.0,NONE
1780033571.467,79.5,89.0,32.0,1458.0,44.8,13.84,31.7,32.3,32.1,32.4,optimal,optimal,optimal,optimal,optimal,optimal,→ stable,→ stable,→ stable,99.9,✅ EXCELLENT,False,NONE,3.4,0.5,NONE
1780033572.468,81.2,89.0,32.1,1474.0,44.7,13.81,31.9,32.3,31.9,31.9,optimal,optimal,optimal,optimal,optimal,optimal,→ stable,→ stable,→ stable,99.9,✅ EXCELLENT,False,NONE,3.4,0.5,NONE
1780033573.47,79.7,88.6,31.6,1508.0,45.3,13.85,31.8,32.3,32.3,32.1,optimal,optimal,optimal,optimal,optimal,optimal,→ stable,↓ decreasing,→ stable,99.9,✅ EXCELLENT,False,NONE,3.9,1.0,NONE
1780033574.471,79.2,88.6,32.3,1490.0,44.9,13.75,32.2,32.0,32.4,31.8,optimal,optimal,optimal,optimal,optimal,optimal,↓ decreasing,↓ decreasing,→ stable,99.9,✅ EXCELLENT,False,NONE,3.1,1.0,NONE
1780033575.472,81.6,89.3,32.1,1543.0,45.4,13.81,31.8,32.0,31.8,31.7,optimal,optimal,optimal,optimal,optimal,optimal,↓ decreasing,↓ decreasing,→ stable,99.9,✅ EXCELLENT,False,NONE,3.4,0.2,NONE
1780033576.473,79.3,89.4,32.2,1483.0,44.3,13.77,32.3,32.4,31.7,31.7,optimal,optimal,optimal,optimal,optimal,optimal,↓ decreasing,↓ decreasing,→ stable,99.9,✅ EXCELLENT,False,NONE,3.2,0.2,NONE
1780033577.804,81.4,89.6,31.8,1469.0,45.1,13.79,32.3,31.9,32.0,32.0,optimal,optimal,optimal,optimal,optimal,optimal,→ stable,↓ decreasing,→ stable,99.9,✅ EXCELLENT,False,NONE,3.7,0.1,NONE
1780033578.805,80.8,90.4,32.2,1505.0,44.8,13.84,31.8,31.7,32.2,32.1,optimal,optimal,optimal,optimal,optimal,optimal,→ stable,↓ decreasing,→ stable,99.9,✅ EXCELLENT,False,NONE,3.2,0.0,NONE
1780033579.806,81.7,89.0,32.0,1538.0,44.8,13.77,31.8,31.7,31.6,32.2,optimal,optimal,optimal,optimal,optimal,optimal,→ stable,↓ decreasing,→ stable,99.9,✅ EXCELLENT,False,NONE,3.5,0.5,NONE
1780033580.808,79.5,90.9,31.8,1484.0,44.8,13.84,31.7,31.9,32.3,32.3,optimal,optimal,optimal,optimal,optimal,optimal,→ stable,↓ decreasing,→ stable,99.9,✅ EXCELLENT,False,NONE,3.6,0.0,NONE
1780033581.809,79.7,90.1,31.9,1482.0,45.4,13.8,32.1,32.3,31.7,32.2,optimal,optimal,optimal,optimal,optimal,optimal,→ stable,↓ decreasing,→ stable,99.9,✅ EXCELLENT,False,NONE,3.5,0.0,NONE
1780033582.811,79.3,90.3,32.4,1520.0,44.9,13.8,32.3,32.1,32.2,32.2,optimal,optimal,optimal,optimal,optimal,optimal,↓ decreasing,→ stable,→ stable,99.9,✅ EXCELLENT,False,NONE,2.9,0.0,NONE
1780033583.812,80.0,90.1,31.8,1453.0,45.1,13.78,32.2,32.3,32.1,32.0,optimal,optimal,optimal,optimal,optimal,optimal,→ stable,→ stable,→ stable,99.9,✅ EXCELLENT,False,NONE,3.7,0.0,NONE
1780033584.814,82.8,89.6,32.3,1509.0,45.3,13.82,32.4,31.9,31.9,32.2,optimal,optimal,optimal,optimal,optimal,optimal,→ stable,→ stable,→ stable,99.9,✅ EXCELLENT,False,NONE,3.2,0.1,NONE
1780033585.815,78.9,90.8,32.2,1516.0,45.3,13.82,32.1,32.3,32.3,32.2,optimal,optimal,optimal,optimal,optimal,optimal,→ stable,→ stable,→ stable,99.9,✅ EXCELLENT,False,NONE,3.2,0.0,NONE
1780033586.817,77.5,91.1,32.2,1473.0,45.1,13.77,32.0,32.3,32.4,32.1,optimal,optimal,optimal,optimal,optimal,optimal,→ stable,↑ increasing,→ stable,99.9,✅ EXCELLENT,False,NONE,3.1,0.0,NONE
1780033588.007,78.2,89.6,31.6,1456.0,45.1,13.82,32.2,31.8,32.2,31.9,optimal,optimal,optimal,optimal,optimal,optimal,→ stable,↑ increasing,→ stable,99.9,✅ EXCELLENT,False,NONE,3.8,0.1,NONE
1780033589.008,82.4,90.1,31.7,1543.0,44.4,13.82,32.0,32.3,32.0,32.4,optimal,optimal,optimal,optimal,optimal,optimal,→ stable,↑ increasing,→ stable,99.9,✅ EXCELLENT,False,NONE,3.9,0.0,NONE
1780033590.009,80.4,89.8,31.8,1473.0,45.1,13.76,32.0,31.9,31.9,32.3,optimal,optimal,optimal,optimal,optimal,optimal,↓ decreasing,↑ increasing,→ stable,99.9,✅ EXCELLENT,False,NONE,3.7,0.0,NONE
1780033591.01,81.3,91.3,32.2,1473.0,45.9,13.78,31.6,32.4,32.4,31.7,optimal,optimal,optimal,optimal,optimal,optimal,→ stable,↑ increasing,→ stable,99.9,✅ EXCELLENT,False,NONE,3.3,0.0,NONE
1780033592.012,81.0,88.9,31.8,1494.0,44.9,13.81,32.4,31.8,31.8,31.6,optimal,optimal,optimal,optimal,optimal,optimal,→ stable,↑ increasing,→ stable,99.9,✅ EXCELLENT,False,NONE,3.7,0.6,NONE
1780033593.012,80.1,89.6,32.2,1476.0,45.4,13.81,31.7,32.3,32.3,32.1,optimal,optimal,optimal,optimal,optimal,optimal,→ stable,→ stable,→ stable,99.9,✅ EXCELLENT,False,NONE,3.2,0.1,NONE
1780033594.014,80.5,91.1,32.0,1548.0,44.2,13.76,31.7,31.9,31.8,32.2,optimal,optimal,optimal,optimal,optimal,optimal,→ stable,→ stable,→ stable,99.9,✅ EXCELLENT,False,NONE,3.5,0.0,NONE
1780033595.016,77.2,91.3,31.9,1544.0,45.9,13.83,32.4,31.9,32.1,32.1,optimal,optimal,optimal,optimal,optimal,optimal,↓ decreasing,→ stable,→ stable,99.9,✅ EXCELLENT,False,NONE,3.4,0.0,NONE
1780033596.017,81.4,90.0,32.3,1461.0,44.6,13.76,32.3,32.0,32.0,32.3,optimal,optimal,optimal,optimal,optimal,optimal,→ stable,→ stable,→ stable,99.9,✅ EXCELLENT,False,NONE,3.1,0.0,NONE
1780033597.019,78.0,90.9,31.8,1478.0,45.8,13.79,31.8,31.9,31.7,32.0,optimal,optimal,optimal,optimal,optimal,optimal,→ stable,→ stable,→ stable,99.9,✅ EXCELLENT,False,NONE,3.6,0.0,NONE
1780033598.433,81.6,90.8,31.9,1534.0,44.6,13.75,32.2,32.3,32.2,32.1,optimal,optimal,optimal,optimal,optimal,optimal,↑ increasing,→ stable,→ stable,99.9,✅ EXCELLENT,False,NONE,3.6,0.0,NONE
1780033599.434,80.9,90.7,32.4,1474.0,44.3,13.82,32.4,32.2,31.7,32.0,optimal,optimal,optimal,optimal,optimal,optimal,→ stable,→ stable,→ stable,99.9,✅ EXCELLENT,False,NONE,3.0,0.0,NONE
1780033600.437,79.2,90.7,32.2,1517.0,44.0,13.76,32.4,32.1,31.7,32.3,optimal,optimal,optimal,optimal,optimal,optimal,→ stable,→ stable,→ stable,99.9,✅ EXCELLENT,False,NONE,3.2,0.0,NONE
1780033601.438,79.6,91.2,31.7,1469.0,45.3,13.76,31.9,31.6,31.7,32.0,optimal,optimal,optimal,optimal,optimal,optimal,→ stable,→ stable,→ stable,99.9,✅ EXCELLENT,False,NONE,3.8,0.0,NONE
1780033602.439,80.0,90.3,31.7,1534.0,45.6,13.77,32.4,32.4,32.2,32.2,optimal,optimal,optimal,optimal,optimal,optimal,→ stable,→ stable,→ stable,99.9,✅ EXCELLENT,False,NONE,3.8,0.0,NONE
1780033603.441,81.7,89.7,31.9,1536.0,45.2,13.77,32.2,31.8,32.2,31.8,optimal,optimal,optimal,optimal,optimal,optimal,→ stable,↑ increasing,→ stable,99.9,✅ EXCELLENT,False,NONE,3.6,0.0,NONE
1780033604.443,80.7,89.8,32.0,1526.0,45.1,13.76,31.8,31.6,32.3,31.7,optimal,optimal,optimal,optimal,optimal,optimal,→ stable,→ stable,→ stable,99.9,✅ EXCELLENT,False,NONE,3.5,0.0,NONE
1780033605.445,79.5,91.5,32.4,1473.0,45.9,13.84,32.0,32.4,32.2,31.9,optimal,optimal,optimal,optimal,optimal,optimal,↑ increasing,→ stable,→ stable,99.9,✅ EXCELLENT,False,NONE,3.0,0.0,NONE
1780033606.447,82.9,91.3,31.9,1454.0,45.1,13.78,32.0,32.4,31.7,31.7,optimal,optimal,optimal,optimal,optimal,optimal,→ stable,→ stable,→ stable,99.9,✅ EXCELLENT,False,NONE,3.7,0.0,NONE
1780033607.449,77.4,89.5,32.3,1544.0,44.2,13.83,32.1,31.6,32.2,31.9,optimal,optimal,optimal,optimal,optimal,optimal,→ stable,→ stable,→ stable,99.9,✅ EXCELLENT,False,NONE,3.0,0.1,NONE
1780033608.753,82.0,91.4,31.9,1476.0,46.0,13.82,32.4,32.0,32.3,31.9,optimal,optimal,optimal,optimal,optimal,optimal,→ stable,→ stable,→ stable,99.9,✅ EXCELLENT,False,NONE,3.6,0.0,NONE
1780033609.754,79.4,90.8,32.3,1514.0,44.8,13.76,31.8,31.8,32.0,32.2,optimal,optimal,optimal,optimal,optimal,optimal,→ stable,→ stable,→ stable,99.9,✅ EXCELLENT,False,NONE,3.1,0.0,NONE
1780033610.755,80.1,90.6,31.7,1536.0,44.7,13.79,31.9,31.6,31.7,32.3,optimal,optimal,optimal,optimal,optimal,optimal,→ stable,→ stable,→ stable,99.9,✅ EXCELLENT,False,NONE,3.8,0.0,NONE
1780033611.757,78.0,91.1,32.4,1475.0,45.5,13.83,31.7,31.9,32.3,32.1,optimal,optimal,optimal,optimal,optimal,optimal,→ stable,→ stable,→ stable,99.9,✅ EXCELLENT,False,NONE,2.9,0.0,NONE
1780033612.758,78.2,90.2,32.4,1543.0,44.4,13.76,32.2,32.2,32.4,32.2,optimal,optimal,optimal,optimal,optimal,optimal,→ stable,→ stable,→ stable,99.9,✅ EXCELLENT,False,NONE,2.9,0.0,NONE
1780033613.759,79.0,90.8,32.0,1550.0,45.3,13.79,32.2,31.7,32.3,31.7,optimal,optimal,optimal,optimal,optimal,optimal,→ stable,→ stable,→ stable,99.9,✅ EXCELLENT,False,NONE,3.4,0.0,NONE
1780033614.761,81.5,90.0,32.3,1526.0,44.3,13.77,31.7,32.0,31.6,32.0,optimal,optimal,optimal,optimal,optimal,optimal,→ stable,→ stable,→ stable,99.9,✅ EXCELLENT,False,NONE,3.1,0.0,NONE
1780033615.762,82.1,88.8,32.0,1456.0,45.2,13.79,31.8,32.2,32.1,32.1,optimal,optimal,optimal,optimal,optimal,optimal,→ stable,→ stable,→ stable,99.9,✅ EXCELLENT,False,NONE,3.5,0.7,NONE
1780033616.764,83.0,90.7,32.0,1517.0,45.4,13.76,31.6,32.1,32.2,31.6,optimal,optimal,optimal,optimal,optimal,optimal,→ stable,→ stable,→ stable,99.9,✅ EXCELLENT,False,NONE,3.6,0.0,NONE
1780033617.765,80.7,88.6,32.3,1470.0,44.4,13.78,32.2,31.8,31.8,31.9,optimal,optimal,optimal,optimal,optimal,optimal,→ stable,→ stable,→ stable,99.9,✅ EXCELLENT,False,NONE,3.1,1.0,NONE
1780033619.085,79.2,90.8,31.9,1522.0,44.4,13.76,31.9,32.3,31.6,32.0,optimal,optimal,optimal,optimal,optimal,optimal,→ stable,→ stable,→ stable,99.9,✅ EXCELLENT,False,NONE,3.5,0.0,NONE
1780033620.086,80.2,89.2,32.0,1469.0,44.7,13.79,32.3,32.2,32.0,32.1,optimal,optimal,optimal,optimal,optimal,optimal,→ stable,↓ decreasing,→ stable,99.9,✅ EXCELLENT,False,NONE,3.4,0.3,NONE
1780033621.088,82.0,89.3,31.9,1494.0,44.6,13.82,31.7,32.4,32.3,31.9,optimal,optimal,optimal,optimal,optimal,optimal,→ stable,↓ decreasing,→ stable,99.9,✅ EXCELLENT,False,NONE,3.6,0.2,NONE
1780033622.088,80.9,89.6,31.7,1456.0,44.3,13.76,32.3,31.8,32.3,32.2,optimal,optimal,optimal,optimal,optimal,optimal,↑ increasing,↓ decreasing,→ stable,99.9,✅ EXCELLENT,False,NONE,3.8,0.1,NONE
1780033623.09,80.8,89.9,32.0,1533.0,44.9,13.83,32.3,31.8,31.6,32.1,optimal,optimal,optimal,optimal,optimal,optimal,↑ increasing,↓ decreasing,→ stable,99.9,✅ EXCELLENT,False,NONE,3.5,0.0,NONE
1780033624.092,81.5,90.9,32.1,1490.0,45.6,13.83,32.2,32.2,32.1,31.6,optimal,optimal,optimal,optimal,optimal,optimal,↑ increasing,↓ decreasing,→ stable,99.9,✅ EXCELLENT,False,NONE,3.4,0.0,NONE
1780033625.093,77.0,89.9,32.4,1504.0,45.4,13.81,32.4,32.1,32.2,31.6,optimal,optimal,optimal,optimal,optimal,optimal,↑ increasing,↓ decreasing,→ stable,99.9,✅ EXCELLENT,False,NONE,2.9,0.0,NONE
1780033626.094,82.1,90.7,32.3,1464.0,44.8,13.8,32.3,31.8,32.1,32.2,optimal,optimal,optimal,optimal,optimal,optimal,↑ increasing,→ stable,→ stable,99.9,✅ EXCELLENT,False,NONE,3.2,0.0,NONE
1780033627.096,81.8,91.1,32.1,1518.0,45.8,13.76,31.8,31.8,32.1,32.0,optimal,optimal,optimal,optimal,optimal,optimal,↑ increasing,→ stable,→ stable,99.9,✅ EXCELLENT,False,NONE,3.4,0.0,NONE
1780033628.098,80.3,89.7,32.2,1544.0,44.4,13.83,31.7,32.0,31.9,32.0,optimal,optimal,optimal,optimal,optimal,optimal,→ stable,→ stable,→ stable,99.9,✅ EXCELLENT,False,NONE,3.2,0.0,NONE
1780033629.419,82.3,91.0,32.1,1532.0,45.4,13.77,32.2,32.4,32.3,32.1,optimal,optimal,optimal,optimal,optimal,optimal,↑ increasing,→ stable,→ stable,99.9,✅ EXCELLENT,False,NONE,3.4,0.0,NONE
1780033630.421,78.5,89.6,31.9,1489.0,45.0,13.83,32.4,32.1,32.3,32.2,optimal,optimal,optimal,optimal,optimal,optimal,↑ increasing,→ stable,→ stable,99.9,✅ EXCELLENT,False,NONE,3.5,0.1,NONE
1780033631.422,81.4,89.7,32.4,1451.0,45.3,13.82,32.1,31.6,31.8,32.4,optimal,optimal,optimal,optimal,optimal,optimal,→ stable,→ stable,→ stable,99.9,✅ EXCELLENT,False,NONE,3.0,0.0,NONE
1780033632.425,77.8,91.0,31.7,1529.0,44.4,13.76,31.7,31.6,31.6,32.2,optimal,optimal,optimal,optimal,optimal,optimal,→ stable,↑ increasing,→ stable,99.9,✅ EXCELLENT,False,NONE,3.7,0.0,NONE
1780033633.426,81.4,90.7,32.1,1475.0,44.7,13.78,32.0,31.8,32.2,31.8,optimal,optimal,optimal,optimal,optimal,optimal,↓ decreasing,↑ increasing,→ stable,99.9,✅ EXCELLENT,False,NONE,3.4,0.0,NONE
1780033634.427,80.3,89.0,31.7,1536.0,45.6,13.81,31.8,32.2,32.1,31.6,optimal,optimal,optimal,optimal,optimal,optimal,↓ decreasing,→ stable,→ stable,99.9,✅ EXCELLENT,False,NONE,3.8,0.5,NONE
1780033635.428,79.0,90.1,32.1,1461.0,44.7,13.82,32.2,31.7,31.8,31.7,optimal,optimal,optimal,optimal,optimal,optimal,→ stable,→ stable,→ stable,99.9,✅ EXCELLENT,False,NONE,3.3,0.0,NONE
1780033636.43,80.5,89.3,31.8,1514.0,44.5,13.79,31.8,31.6,31.7,32.0,optimal,optimal,optimal,optimal,optimal,optimal,→ stable,→ stable,→ stable,99.9,✅ EXCELLENT,False,NONE,3.7,0.2,NONE
1780033637.432,80.8,90.8,32.1,1521.0,44.7,13.8,32.4,31.9,32.2,31.7,optimal,optimal,optimal,optimal,optimal,optimal,→ stable,→ stable,→ stable,99.9,✅ EXCELLENT,False,NONE,3.3,0.0,NONE
1780033638.434,80.2,90.7,32.3,1530.0,45.6,13.81,31.8,31.8,31.7,31.8,optimal,optimal,optimal,optimal,optimal,optimal,→ stable,→ stable,→ stable,99.9,✅ EXCELLENT,False,NONE,3.1,0.0,NONE
1780033639.881,81.9,90.7,32.1,1521.0,46.0,13.77,31.9,31.9,32.3,32.1,optimal,optimal,optimal,optimal,optimal,optimal,↓ decreasing,→ stable,→ stable,99.9,✅ EXCELLENT,False,NONE,3.4,0.0,NONE
1780033640.883,81.8,89.4,31.9,1478.0,44.8,13.77,31.9,32.3,31.8,31.8,optimal,optimal,optimal,optimal,optimal,optimal,→ stable,→ stable,→ stable,99.9,✅ EXCELLENT,False,NONE,3.6,0.2,NONE
1780033641.884,77.5,90.3,32.4,1467.0,44.7,13.78,32.1,32.2,31.7,32.2,optimal,optimal,optimal,optimal,optimal,optimal,↓ decreasing,→ stable,→ stable,99.9,✅ EXCELLENT,False,NONE,2.9,0.0,NONE
1780033642.886,77.5,88.8,32.3,1540.0,44.2,13.79,32.0,31.8,32.2,32.0,optimal,optimal,optimal,optimal,optimal,optimal,→ stable,→ stable,→ stable,99.9,✅ EXCELLENT,False,NONE,3.0,0.7,NONE
1780033643.888,81.7,88.9,32.1,1503.0,45.3,13.75,32.2,31.8,31.8,32.4,optimal,optimal,optimal,optimal,optimal,optimal,→ stable,↓ decreasing,→ stable,99.9,✅ EXCELLENT,False,NONE,3.4,0.6,NONE
1780033644.89,82.8,90.0,32.2,1515.0,44.8,13.8,31.8,31.7,32.2,32.0,optimal,optimal,optimal,optimal,optimal,optimal,→ stable,→ stable,→ stable,99.9,✅ EXCELLENT,False,NONE,3.3,0.0,NONE
1780033645.892,78.4,91.4,32.3,1533.0,45.3,13.83,32.3,32.1,32.4,32.1,optimal,optimal,optimal,optimal,optimal,optimal,→ stable,→ stable,→ stable,99.9,✅ EXCELLENT,False,NONE,3.0,0.0,NONE
1780033646.894,78.8,90.5,32.4,1538.0,45.6,13.85,32.2,32.1,32.4,31.8,optimal,optimal,optimal,optimal,optimal,optimal,→ stable,→ stable,→ stable,99.9,✅ EXCELLENT,False,NONE,2.9,0.0,NONE
1780033647.895,78.9,89.2,32.0,1501.0,44.7,13.78,32.0,32.0,32.1,32.2,optimal,optimal,optimal,optimal,optimal,optimal,→ stable,→ stable,→ stable,99.9,✅ EXCELLENT,False,NONE,3.4,0.3,NONE
1780033648.896,78.3,89.0,31.7,1460.0,44.6,13.82,32.2,32.0,32.0,31.9,optimal,optimal,optimal,optimal,optimal,optimal,→ stable,→ stable,→ stable,99.9,✅ EXCELLENT,False,NONE,3.7,0.5,NONE
1780033650.308,77.0,90.7,32.4,1453.0,45.3,13.82,32.3,32.2,32.2,31.8,optimal,optimal,optimal,optimal,optimal,optimal,↓ decreasing,→ stable,→ stable,99.9,✅ EXCELLENT,False,NONE,2.9,0.0,NONE
1780033651.309,81.7,91.4,31.8,1464.0,44.9,13.76,31.6,32.3,31.7,32.3,optimal,optimal,optimal,optimal,optimal,optimal,↓ decreasing,→ stable,→ stable,99.9,✅ EXCELLENT,False,NONE,3.7,0.0,NONE
1780033652.31,80.3,89.4,32.1,1517.0,44.1,13.77,32.1,31.9,31.9,32.0,optimal,optimal,optimal,optimal,optimal,optimal,↓ decreasing,→ stable,→ stable,99.9,✅ EXCELLENT,False,NONE,3.3,0.2,NONE
1780033653.312,79.0,90.9,31.8,1468.0,44.8,13.77,32.4,32.3,31.8,32.0,optimal,optimal,optimal,optimal,optimal,optimal,→ stable,→ stable,→ stable,99.9,✅ EXCELLENT,False,NONE,3.6,0.0,NONE
1780033654.313,81.6,90.5,31.6,1460.0,45.4,13.84,32.1,32.3,32.2,31.9,optimal,optimal,optimal,optimal,optimal,optimal,→ stable,→ stable,→ stable,99.9,✅ EXCELLENT,False,NONE,4.0,0.0,NONE
1780033655.314,79.7,91.3,31.8,1459.0,45.6,13.8,31.9,32.2,31.9,32.0,optimal,optimal,optimal,optimal,optimal,optimal,↓ decreasing,↑ increasing,→ stable,99.9,✅ EXCELLENT,False,NONE,3.6,0.0,NONE
1780033656.315,80.4,91.3,31.9,1485.0,45.1,13.76,32.4,31.6,32.0,31.8,optimal,optimal,optimal,optimal,optimal,optimal,↓ decreasing,→ stable,→ stable,99.9,✅ EXCELLENT,False,NONE,3.6,0.0,NONE
1780033657.316,77.7,90.6,31.8,1467.0,45.1,13.79,32.2,31.7,31.6,32.4,optimal,optimal,optimal,optimal,optimal,optimal,↓ decreasing,→ stable,→ stable,99.9,✅ EXCELLENT,False,NONE,3.6,0.0,NONE
1780033658.318,81.1,88.8,32.0,1482.0,45.1,13.76,32.3,32.3,32.1,31.7,optimal,optimal,optimal,optimal,optimal,optimal,→ stable,→ stable,→ stable,99.9,✅ EXCELLENT,False,NONE,3.5,0.7,NONE
1780033659.321,82.7,88.6,32.3,1504.0,44.9,13.76,31.8,32.2,32.1,31.8,optimal,optimal,optimal,optimal,optimal,optimal,→ stable,↑ increasing,→ stable,99.9,✅ EXCELLENT,False,NONE,3.2,1.0,NONE
1780033660.727,78.6,90.5,31.6,1482.0,46.0,13.75,32.2,32.3,32.2,32.3,optimal,optimal,optimal,optimal,optimal,optimal,↑ increasing,↑ increasing,→ stable,99.9,✅ EXCELLENT,False,NONE,3.8,0.0,NONE
1780033661.728,77.2,90.0,31.8,1504.0,45.5,13.75,31.8,32.4,31.6,32.2,optimal,optimal,optimal,optimal,optimal,optimal,↑ increasing,→ stable,→ stable,99.9,✅ EXCELLENT,False,NONE,3.5,0.0,NONE
1780033662.729,77.7,91.3,32.2,1524.0,44.5,13.77,32.1,32.0,31.7,32.2,optimal,optimal,optimal,optimal,optimal,optimal,→ stable,→ stable,→ stable,99.9,✅ EXCELLENT,False,NONE,3.1,0.0,NONE
1780033663.731,79.4,90.6,32.3,1548.0,45.5,13.78,32.1,31.8,32.1,31.9,optimal,optimal,optimal,optimal,optimal,optimal,→ stable,→ stable,→ stable,99.9,✅ EXCELLENT,False,NONE,3.1,0.0,NONE
1780033664.733,77.8,88.9,32.1,1540.0,45.7,13.79,31.9,31.9,31.7,32.4,optimal,optimal,optimal,optimal,optimal,optimal,→ stable,→ stable,→ stable,99.9,✅ EXCELLENT,False,NONE,3.2,0.6,NONE
1780033665.735,81.6,90.7,31.7,1544.0,44.8,13.81,32.0,32.2,31.9,32.0,optimal,optimal,optimal,optimal,optimal,optimal,→ stable,→ stable,→ stable,99.9,✅ EXCELLENT,False,NONE,3.8,0.0,NONE
1780033666.737,80.4,89.3,32.2,1506.0,44.3,13.8,32.0,31.7,32.0,31.9,optimal,optimal,optimal,optimal,optimal,optimal,→ stable,→ stable,→ stable,99.9,✅ EXCELLENT,False,NONE,3.2,0.2,NONE
1780033667.738,77.0,89.4,31.6,1490.0,44.5,13.77,32.0,32.0,32.1,32.3,optimal,optimal,optimal,optimal,optimal,optimal,→ stable,↓ decreasing,→ stable,99.9,✅ EXCELLENT,False,NONE,3.7,0.2,NONE
1780033668.739,80.1,91.1,32.2,1496.0,45.5,13.85,31.7,31.9,32.1,31.8,optimal,optimal,optimal,optimal,optimal,optimal,→ stable,→ stable,→ stable,99.9,✅ EXCELLENT,False,NONE,3.2,0.0,NONE
1780033669.742,79.2,90.7,32.2,1508.0,45.3,13.83,32.2,32.1,32.0,32.1,optimal,optimal,optimal,optimal,optimal,optimal,↓ decreasing,→ stable,→ stable,99.9,✅ EXCELLENT,False,NONE,3.2,0.0,NONE
1780033671.008,79.0,89.6,31.7,1532.0,45.8,13.83,31.8,32.4,31.7,32.2,optimal,optimal,optimal,optimal,optimal,optimal,↓ decreasing,→ stable,→ stable,99.9,✅ EXCELLENT,False,NONE,3.7,0.1,NONE
1780033672.011,82.5,89.7,32.3,1491.0,44.3,13.79,32.1,31.8,32.4,31.8,optimal,optimal,optimal,optimal,optimal,optimal,→ stable,→ stable,→ stable,99.9,✅ EXCELLENT,False,NONE,3.2,0.0,NONE
1780033673.013,79.2,90.8,32.4,1514.0,44.5,13.82,31.8,31.9,31.7,32.2,optimal,optimal,optimal,optimal,optimal,optimal,→ stable,→ stable,→ stable,99.9,✅ EXCELLENT,False,NONE,2.9,0.0,NONE
1780033674.015,81.1,89.0,32.3,1460.0,44.0,13.82,32.0,32.2,32.0,31.7,optimal,optimal,optimal,optimal,optimal,optimal,→ stable,→ stable,→ stable,99.9,✅ EXCELLENT,False,NONE,3.1,0.5,NONE
1780033675.016,80.4,89.8,32.1,1476.0,44.1,13.83,32.1,32.0,31.8,32.3,optimal,optimal,optimal,optimal,optimal,optimal,↑ increasing,→ stable,→ stable,99.9,✅ EXCELLENT,False,NONE,3.3,0.0,NONE
1780033676.018,80.7,90.2,31.8,1519.0,45.2,13.83,32.0,31.9,31.8,32.3,optimal,optimal,optimal,optimal,optimal,optimal,↑ increasing,→ stable,→ stable,99.9,✅ EXCELLENT,False,NONE,3.7,0.0,NONE
1780033677.02,82.8,88.8,31.8,1528.0,45.5,13.76,32.1,31.8,32.1,32.0,optimal,optimal,optimal,optimal,optimal,optimal,↑ increasing,→ stable,→ stable,99.9,✅ EXCELLENT,False,NONE,3.8,0.7,NONE
1780033678.021,77.1,89.9,31.6,1490.0,45.8,13.78,32.1,31.7,31.6,32.1,optimal,optimal,optimal,optimal,optimal,optimal,↑ increasing,→ stable,→ stable,99.9,✅ EXCELLENT,False,NONE,3.7,0.0,NONE
1780033679.022,82.2,89.2,32.1,1501.0,44.7,13.77,31.8,31.9,31.9,32.1,optimal,optimal,optimal,optimal,optimal,optimal,↑ increasing,→ stable,→ stable,99.9,✅ EXCELLENT,False,NONE,3.4,0.3,NONE
1780033680.022,82.9,91.3,31.7,1458.0,44.1,13.8,32.2,32.2,31.9,32.4,optimal,optimal,optimal,optimal,optimal,optimal,↑ increasing,→ stable,→ stable,99.9,✅ EXCELLENT,False,NONE,3.9,0.0,NONE
1780033681.273,80.0,91.1,32.4,1532.0,45.2,13.78,31.8,32.0,32.3,32.1,optimal,optimal,optimal,optimal,optimal,optimal,↑ increasing,→ stable,→ stable,99.9,✅ EXCELLENT,False,NONE,3.0,0.0,NONE
1780033682.274,78.3,89.3,32.2,1530.0,45.9,13.79,32.3,32.0,31.7,31.7,optimal,optimal,optimal,optimal,optimal,optimal,↑ increasing,→ stable,→ stable,99.9,✅ EXCELLENT,False,NONE,3.1,0.2,NONE
1780033683.274,78.2,89.3,32.2,1477.0,44.1,13.78,32.1,31.6,32.3,32.1,optimal,optimal,optimal,optimal,optimal,optimal,↑ increasing,→ stable,→ stable,99.9,✅ EXCELLENT,False,NONE,3.1,0.2,NONE
1780033684.276,82.7,90.7,32.2,1523.0,44.2,13.75,31.8,32.1,31.8,31.7,optimal,optimal,optimal,optimal,optimal,optimal,↑ increasing,→ stable,→ stable,99.9,✅ EXCELLENT,False,NONE,3.3,0.0,NONE
1780033685.278,82.4,90.9,32.1,1517.0,45.0,13.82,32.2,31.8,32.2,32.4,optimal,optimal,optimal,optimal,optimal,optimal,↑ increasing,→ stable,→ stable,99.9,✅ EXCELLENT,False,NONE,3.4,0.0,NONE
1780033686.279,78.4,88.8,31.7,1484.0,44.5,13.84,32.3,31.8,32.3,32.4,optimal,optimal,optimal,optimal,optimal,optimal,↑ increasing,→ stable,→ stable,99.9,✅ EXCELLENT,False,NONE,3.7,0.7,NONE
1780033687.279,82.3,90.9,31.9,1481.0,44.7,13.79,31.7,32.0,32.2,32.2,optimal,optimal,optimal,optimal,optimal,optimal,→ stable,→ stable,→ stable,99.9,✅ EXCELLENT,False,NONE,3.6,0.0,NONE
1780033688.28,81.0,90.8,32.4,1523.0,44.7,13.76,31.7,32.4,31.7,32.1,optimal,optimal,optimal,optimal,optimal,optimal,↑ increasing,→ stable,→ stable,99.9,✅ EXCELLENT,False,NONE,3.0,0.0,NONE
1780033689.282,82.8,89.0,32.3,1472.0,45.7,13.79,31.7,31.8,31.8,31.7,optimal,optimal,optimal,optimal,optimal,optimal,→ stable,→ stable,→ stable,99.9,✅ EXCELLENT,False,NONE,3.2,0.5,NONE
1780033690.284,81.4,89.9,32.4,1513.0,46.0,13.83,32.3,31.9,32.0,32.3,optimal,optimal,optimal,optimal,optimal,optimal,→ stable,→ stable,→ stable,99.9,✅ EXCELLENT,False,NONE,3.0,0.0,NONE
1780033691.693,82.5,89.4,31.9,1492.0,45.9,13.79,31.9,31.9,31.9,32.4,optimal,optimal,optimal,optimal,optimal,optimal,→ stable,→ stable,→ stable,99.9,✅ EXCELLENT,False,NONE,3.7,0.2,NONE
1780033692.694,80.5,89.4,32.3,1515.0,45.8,13.84,32.0,31.7,31.7,31.8,optimal,optimal,optimal,optimal,optimal,optimal,↑ increasing,→ stable,→ stable,99.9,✅ EXCELLENT,False,NONE,3.1,0.2,NONE
1780033693.697,80.1,89.6,32.0,1544.0,44.2,13.77,31.7,31.9,32.3,31.7,optimal,optimal,optimal,optimal,optimal,optimal,↑ increasing,→ stable,→ stable,99.9,✅ EXCELLENT,False,NONE,3.4,0.1,NONE
1780033694.698,82.6,90.6,32.1,1486.0,44.6,13.77,32.0,32.3,31.7,32.3,optimal,optimal,optimal,optimal,optimal,optimal,↑ increasing,→ stable,→ stable,99.9,✅ EXCELLENT,False,NONE,3.4,0.0,NONE
1780033695.7,80.0,90.7,31.7,1492.0,44.1,13.75,32.3,32.1,32.2,32.1,optimal,optimal,optimal,optimal,optimal,optimal,→ stable,→ stable,→ stable,99.9,✅ EXCELLENT,False,NONE,3.8,0.0,NONE
1780033696.701,79.4,90.6,32.2,1505.0,45.2,13.77,32.2,32.1,32.1,32.3,optimal,optimal,optimal,optimal,optimal,optimal,↑ increasing,→ stable,→ stable,99.9,✅ EXCELLENT,False,NONE,3.2,0.0,NONE
1780033697.702,79.2,91.4,32.3,1491.0,44.4,13.77,31.9,31.6,31.7,31.9,optimal,optimal,optimal,optimal,optimal,optimal,→ stable,→ stable,→ stable,99.9,✅ EXCELLENT,False,NONE,3.1,0.0,NONE
1780033698.704,77.8,89.3,32.3,1543.0,45.0,13.78,32.1,32.3,32.3,32.1,optimal,optimal,optimal,optimal,optimal,optimal,→ stable,→ stable,→ stable,99.9,✅ EXCELLENT,False,NONE,3.0,0.2,NONE
1780033699.704,77.5,89.6,32.0,1495.0,44.9,13.75,32.1,32.1,32.4,31.8,optimal,optimal,optimal,optimal,optimal,optimal,↓ decreasing,→ stable,→ stable,99.9,✅ EXCELLENT,False,NONE,3.3,0.1,NONE
1780033700.706,78.8,91.2,31.9,1537.0,45.6,13.84,31.7,32.3,31.7,32.4,optimal,optimal,optimal,optimal,optimal,optimal,↓ decreasing,→ stable,→ stable,99.9,✅ EXCELLENT,False,NONE,3.5,0.0,NONE
1780033702.03,82.3,89.6,31.8,1467.0,44.5,13.76,31.9,32.1,31.8,32.2,optimal,optimal,optimal,optimal,optimal,optimal,↓ decreasing,→ stable,→ stable,99.9,✅ EXCELLENT,False,NONE,3.8,0.1,NONE
1780033703.033,77.1,88.7,32.0,1507.0,44.8,13.81,31.9,31.8,31.9,32.2,optimal,optimal,optimal,optimal,optimal,optimal,↓ decreasing,→ stable,→ stable,99.9,✅ EXCELLENT,False,NONE,3.3,0.8,NONE
1780033704.034,79.6,90.9,32.2,1518.0,45.2,13.77,32.0,32.1,32.3,32.3,optimal,optimal,optimal,optimal,optimal,optimal,↓ decreasing,→ stable,→ stable,99.9,✅ EXCELLENT,False,NONE,3.2,0.0,NONE
1780033705.036,78.0,90.2,32.0,1501.0,44.4,13.79,32.1,32.1,32.2,32.2,optimal,optimal,optimal,optimal,optimal,optimal,↓ decreasing,→ stable,→ stable,99.9,✅ EXCELLENT,False,NONE,3.3,0.0,NONE
1780033706.038,80.5,90.8,31.8,1518.0,45.7,13.84,31.8,32.3,31.6,32.4,optimal,optimal,optimal,optimal,optimal,optimal,↓ decreasing,→ stable,→ stable,99.9,✅ EXCELLENT,False,NONE,3.7,0.0,NONE
1780033707.039,80.3,89.0,31.9,1540.0,45.5,13.76,31.8,31.7,31.8,32.1,optimal,optimal,optimal,optimal,optimal,optimal,↓ decreasing,→ stable,→ stable,99.9,✅ EXCELLENT,False,NONE,3.6,0.5,NONE
1780033708.042,78.9,90.8,31.8,1454.0,44.8,13.77,32.1,31.9,31.6,31.6,optimal,optimal,optimal,optimal,optimal,optimal,↓ decreasing,→ stable,→ stable,99.9,✅ EXCELLENT,False,NONE,3.6,0.0,NONE
1780033709.043,81.4,90.2,32.3,1527.0,46.0,13.83,32.1,31.8,32.2,31.9,optimal,optimal,optimal,optimal,optimal,optimal,↓ decreasing,→ stable,→ stable,99.9,✅ EXCELLENT,False,NONE,3.1,0.0,NONE
1780033710.044,81.3,91.0,31.8,1538.0,44.7,13.77,32.3,31.9,31.8,31.8,optimal,optimal,optimal,optimal,optimal,optimal,→ stable,→ stable,→ stable,99.9,✅ EXCELLENT,False,NONE,3.7,0.0,NONE
1780033711.046,81.7,89.1,31.7,1455.0,45.9,13.81,32.1,31.8,31.8,31.8,optimal,optimal,optimal,optimal,optimal,optimal,→ stable,→ stable,→ stable,99.9,✅ EXCELLENT,False,NONE,3.9,0.4,NONE
1780033713.499,80.7,91.4,32.3,1466.0,45.5,13.83,32.3,31.7,32.0,32.0,optimal,optimal,optimal,optimal,optimal,optimal,→ stable,→ stable,→ stable,99.9,✅ EXCELLENT,False,NONE,3.1,0.0,NONE
1780033714.5,78.2,88.6,31.9,1521.0,44.7,13.76,32.3,32.1,32.2,32.1,optimal,optimal,optimal,optimal,optimal,optimal,↑ increasing,→ stable,→ stable,99.9,✅ EXCELLENT,False,NONE,3.5,1.0,NONE
1780033715.502,82.3,91.5,31.9,1466.0,45.9,13.76,31.7,31.6,32.4,32.2,optimal,optimal,optimal,optimal,optimal,optimal,↑ increasing,→ stable,→ stable,99.9,✅ EXCELLENT,False,NONE,3.6,0.0,NONE
1780033716.503,77.8,90.1,31.7,1539.0,45.1,13.8,32.2,31.8,32.1,31.8,optimal,optimal,optimal,optimal,optimal,optimal,↑ increasing,→ stable,→ stable,99.9,✅ EXCELLENT,False,NONE,3.7,0.0,NONE
1780033717.504,81.5,89.6,32.1,1494.0,44.1,13.79,32.2,31.9,32.1,32.2,optimal,optimal,optimal,optimal,optimal,optimal,↑ increasing,→ stable,→ stable,99.9,✅ EXCELLENT,False,NONE,3.4,0.1,NONE
1780033718.505,79.0,88.6,32.4,1478.0,44.4,13.79,32.0,31.9,31.9,32.3,optimal,optimal,optimal,optimal,optimal,optimal,↑ increasing,→ stable,→ stable,99.9,✅ EXCELLENT,False,NONE,2.9,1.0,NONE
1780033719.507,81.9,88.9,32.0,1507.0,45.9,13.8,31.6,31.9,31.6,32.1,optimal,optimal,optimal,optimal,optimal,optimal,↑ increasing,→ stable,→ stable,99.9,✅ EXCELLENT,False,NONE,3.5,0.6,NONE
1780033720.508,80.2,88.9,32.4,1519.0,45.9,13.84,32.3,31.8,31.9,31.7,optimal,optimal,optimal,optimal,optimal,optimal,↑ increasing,→ stable,→ stable,99.9,✅ EXCELLENT,False,NONE,3.0,0.6,NONE
1780033721.509,81.0,89.5,32.1,1518.0,45.8,13.84,32.0,32.3,31.7,32.1,optimal,optimal,optimal,optimal,optimal,optimal,↑ increasing,↓ decreasing,→ stable,99.9,✅ EXCELLENT,False,NONE,3.4,0.1,NONE
1780033722.51,80.9,89.3,32.3,1525.0,45.6,13.78,31.6,31.9,32.1,32.0,optimal,optimal,optimal,optimal,optimal,optimal,→ stable,→ stable,→ stable,99.9,✅ EXCELLENT,False,NONE,3.1,0.2,NONE
1780033723.753,82.9,88.6,32.4,1500.0,45.0,13.8,31.8,31.8,31.8,31.6,optimal,optimal,optimal,optimal,optimal,optimal,↑ increasing,↓ decreasing,→ stable,99.9,✅ EXCELLENT,False,NONE,3.1,1.0,NONE
1780033724.754,77.0,90.2,32.1,1509.0,44.0,13.75,32.4,31.7,31.8,31.8,optimal,optimal,optimal,optimal,optimal,optimal,→ stable,↓ decreasing,→ stable,99.9,✅ EXCELLENT,False,NONE,3.2,0.0,NONE
1780033725.756,83.0,88.6,31.8,1533.0,44.5,13.84,31.7,32.1,31.7,32.1,optimal,optimal,optimal,optimal,optimal,optimal,→ stable,↓ decreasing,→ stable,99.9,✅ EXCELLENT,False,NONE,3.8,1.0,NONE
1780033726.757,78.8,91.2,32.1,1543.0,45.8,13.82,31.7,31.9,32.2,32.2,optimal,optimal,optimal,optimal,optimal,optimal,→ stable,↓ decreasing,→ stable,99.9,✅ EXCELLENT,False,NONE,3.3,0.0,NONE
1780033727.758,82.3,90.9,32.4,1504.0,45.4,13.81,31.7,32.2,32.4,31.9,optimal,optimal,optimal,optimal,optimal,optimal,→ stable,↓ decreasing,→ stable,99.9,✅ EXCELLENT,False,NONE,3.1,0.0,NONE
1780033728.758,78.1,90.5,32.4,1473.0,44.1,13.77,31.7,31.6,32.2,32.0,optimal,optimal,optimal,optimal,optimal,optimal,→ stable,→ stable,→ stable,99.9,✅ EXCELLENT,False,NONE,2.9,0.0,NONE
1780033729.76,78.7,91.4,32.4,1468.0,44.3,13.8,32.3,32.2,32.2,32.3,optimal,optimal,optimal,optimal,optimal,optimal,→ stable,→ stable,→ stable,99.9,✅ EXCELLENT,False,NONE,2.9,0.0,NONE
1780033730.762,78.4,91.1,31.7,1547.0,44.9,13.8,32.3,31.7,31.9,31.7,optimal,optimal,optimal,optimal,optimal,optimal,→ stable,→ stable,→ stable,99.9,✅ EXCELLENT,False,NONE,3.7,0.0,NONE
1780033731.763,77.2,90.9,31.8,1526.0,44.0,13.8,32.4,31.7,32.0,31.9,optimal,optimal,optimal,optimal,optimal,optimal,↓ decreasing,↑ increasing,→ stable,99.9,✅ EXCELLENT,False,NONE,3.5,0.0,NONE
1780033732.764,80.9,90.7,32.3,1535.0,45.3,13.77,32.3,32.4,32.0,31.9,optimal,optimal,optimal,optimal,optimal,optimal,↓ decreasing,↑ increasing,→ stable,99.9,✅ EXCELLENT,False,NONE,3.1,0.0,NONE
1780033734.081,81.6,90.7,31.8,1511.0,44.8,13.84,32.1,31.9,32.2,32.4,optimal,optimal,optimal,optimal,optimal,optimal,↓ decreasing,↑ increasing,→ stable,99.9,✅ EXCELLENT,False,NONE,3.7,0.0,NONE
1780033735.082,77.2,89.9,32.4,1461.0,45.1,13.84,32.1,31.9,31.7,32.3,optimal,optimal,optimal,optimal,optimal,optimal,↓ decreasing,↑ increasing,→ stable,99.9,✅ EXCELLENT,False,NONE,2.9,0.0,NONE
1780033736.084,83.0,90.2,32.3,1458.0,45.1,13.77,32.0,32.3,32.0,32.3,optimal,optimal,optimal,optimal,optimal,optimal,↓ decreasing,↑ increasing,→ stable,99.9,✅ EXCELLENT,False,NONE,3.2,0.0,NONE
1780033737.085,77.5,89.1,31.9,1495.0,44.4,13.76,32.3,32.2,31.6,32.3,optimal,optimal,optimal,optimal,optimal,optimal,↓ decreasing,↑ increasing,→ stable,99.9,✅ EXCELLENT,False,NONE,3.4,0.4,NONE
1780033738.087,80.9,90.9,31.8,1451.0,45.4,13.84,31.7,31.9,32.3,32.3,optimal,optimal,optimal,optimal,optimal,optimal,↓ decreasing,↑ increasing,→ stable,99.9,✅ EXCELLENT,False,NONE,3.7,0.0,NONE
1780033739.088,81.5,90.1,32.0,1463.0,45.1,13.8,31.9,31.9,31.8,32.4,optimal,optimal,optimal,optimal,optimal,optimal,↓ decreasing,↑ increasing,→ stable,99.9,✅ EXCELLENT,False,NONE,3.5,0.0,NONE
1780033740.089,82.9,89.1,32.0,1512.0,45.2,13.79,32.3,31.9,32.3,31.7,optimal,optimal,optimal,optimal,optimal,optimal,→ stable,→ stable,→ stable,99.9,✅ EXCELLENT,False,NONE,3.6,0.4,NONE
1780033741.091,77.6,90.8,32.1,1537.0,44.8,13.76,31.8,31.7,31.6,32.1,optimal,optimal,optimal,optimal,optimal,optimal,→ stable,→ stable,→ stable,99.9,✅ EXCELLENT,False,NONE,3.2,0.0,NONE
1780033742.092,81.0,90.3,31.7,1495.0,45.4,13.84,31.6,32.2,31.8,31.6,optimal,optimal,optimal,optimal,optimal,optimal,↑ increasing,→ stable,→ stable,99.9,✅ EXCELLENT,False,NONE,3.8,0.0,NONE
1780033743.092,80.0,90.4,31.7,1524.0,44.1,13.79,32.1,32.1,31.7,32.2,optimal,optimal,optimal,optimal,optimal,optimal,↑ increasing,→ stable,→ stable,99.9,✅ EXCELLENT,False,NONE,3.8,0.0,NONE
1780033744.436,80.4,91.2,32.2,1458.0,44.8,13.82,31.9,32.1,32.3,32.2,optimal,optimal,optimal,optimal,optimal,optimal,↑ increasing,→ stable,→ stable,99.9,✅ EXCELLENT,False,NONE,3.2,0.0,NONE
1780033745.437,78.7,90.6,32.2,1488.0,44.9,13.84,32.2,31.8,31.8,31.9,optimal,optimal,optimal,optimal,optimal,optimal,↑ increasing,→ stable,→ stable,99.9,✅ EXCELLENT,False,NONE,3.1,0.0,NONE
1780033746.438,80.5,90.2,32.1,1471.0,45.0,13.8,31.8,31.6,31.8,31.7,optimal,optimal,optimal,optimal,optimal,optimal,→ stable,→ stable,→ stable,99.9,✅ EXCELLENT,False,NONE,3.3,0.0,NONE
1780033747.439,77.1,91.3,32.4,1479.0,45.2,13.81,32.3,32.1,32.4,31.7,optimal,optimal,optimal,optimal,optimal,optimal,↑ increasing,→ stable,→ stable,99.9,✅ EXCELLENT,False,NONE,2.9,0.0,NONE
1780033748.441,78.3,90.6,31.9,1528.0,44.8,13.82,32.1,31.9,32.2,32.0,optimal,optimal,optimal,optimal,optimal,optimal,→ stable,→ stable,→ stable,99.9,✅ EXCELLENT,False,NONE,3.5,0.0,NONE
1780033749.442,82.5,90.3,31.9,1480.0,45.5,13.83,31.9,32.1,32.4,32.1,optimal,optimal,optimal,optimal,optimal,optimal,→ stable,→ stable,→ stable,99.9,✅ EXCELLENT,False,NONE,3.7,0.0,NONE
1780033750.444,81.6,89.3,32.1,1514.0,45.1,13.77,32.2,32.3,32.1,32.2,optimal,optimal,optimal,optimal,optimal,optimal,→ stable,→ stable,→ stable,99.9,✅ EXCELLENT,False,NONE,3.4,0.2,NONE
1780033751.446,82.1,90.5,32.3,1512.0,45.8,13.75,32.3,31.7,31.9,31.9,optimal,optimal,optimal,optimal,optimal,optimal,→ stable,→ stable,→ stable,99.9,✅ EXCELLENT,False,NONE,3.2,0.0,NONE
1780033752.448,79.1,90.5,31.8,1461.0,45.3,13.82,32.3,32.3,32.0,32.2,optimal,optimal,optimal,optimal,optimal,optimal,→ stable,→ stable,→ stable,99.9,✅ EXCELLENT,False,NONE,3.6,0.0,NONE
1780033753.449,78.2,90.0,32.0,1508.0,44.3,13.79,31.7,32.1,31.6,32.3,optimal,optimal,optimal,optimal,optimal,optimal,→ stable,→ stable,→ stable,99.9,✅ EXCELLENT,False,NONE,3.4,0.0,NONE
1780033754.768,81.9,91.0,31.8,1475.0,44.7,13.78,31.6,31.7,32.0,32.4,optimal,optimal,optimal,optimal,optimal,optimal,→ stable,→ stable,→ stable,99.9,✅ EXCELLENT,False,NONE,3.7,0.0,NONE
1780033755.77,82.1,91.1,31.6,1450.0,44.5,13.8,32.3,32.0,31.8,31.7,optimal,optimal,optimal,optimal,optimal,optimal,→ stable,→ stable,→ stable,99.9,✅ EXCELLENT,False,NONE,4.0,0.0,NONE
1780033756.772,82.9,90.7,31.7,1488.0,45.1,13.77,32.1,31.6,32.1,32.2,optimal,optimal,optimal,optimal,optimal,optimal,→ stable,→ stable,→ stable,99.9,✅ EXCELLENT,False,NONE,3.9,0.0,NONE
1780033757.774,78.1,91.0,31.8,1550.0,44.1,13.77,32.4,32.3,31.9,31.8,optimal,optimal,optimal,optimal,optimal,optimal,↑ increasing,→ stable,→ stable,99.9,✅ EXCELLENT,False,NONE,3.6,0.0,NONE
1780033758.774,81.1,90.8,32.1,1514.0,45.1,13.77,31.7,32.3,31.8,32.1,optimal,optimal,optimal,optimal,optimal,optimal,↑ increasing,→ stable,→ stable,99.9,✅ EXCELLENT,False,NONE,3.4,0.0,NONE
1780033759.775,79.0,90.9,31.8,1481.0,44.3,13.81,32.0,32.0,32.2,31.7,optimal,optimal,optimal,optimal,optimal,optimal,↑ increasing,→ stable,→ stable,99.9,✅ EXCELLENT,False,NONE,3.6,0.0,NONE
1780033760.776,81.2,91.3,32.0,1466.0,45.9,13.78,32.2,32.1,31.6,32.3,optimal,optimal,optimal,optimal,optimal,optimal,↑ increasing,→ stable,→ stable,99.9,✅ EXCELLENT,False,NONE,3.5,0.0,NONE
1780033761.777,77.6,90.8,31.6,1515.0,44.4,13.78,32.2,32.3,32.1,31.9,optimal,optimal,optimal,optimal,optimal,optimal,→ stable,→ stable,→ stable,99.9,✅ EXCELLENT,False,NONE,3.8,0.0,NONE
1780033762.778,81.3,89.2,32.0,1529.0,44.9,13.8,31.8,32.3,31.8,31.6,optimal,optimal,optimal,optimal,optimal,optimal,→ stable,→ stable,→ stable,99.9,✅ EXCELLENT,False,NONE,3.5,0.3,NONE
1780033763.78,79.2,88.7,31.9,1546.0,45.7,13.76,32.2,32.0,31.9,31.7,optimal,optimal,optimal,optimal,optimal,optimal,↑ increasing,→ stable,→ stable,99.9,✅ EXCELLENT,False,NONE,3.5,0.8,NONE
1780033765.153,81.6,91.0,31.6,1509.0,45.9,13.85,32.3,32.0,31.9,31.8,optimal,optimal,optimal,optimal,optimal,optimal,→ stable,→ stable,→ stable,99.9,✅ EXCELLENT,False,NONE,4.0,0.0,NONE
1780033766.154,82.5,90.9,32.3,1534.0,45.4,13.83,32.1,32.0,32.3,32.1,optimal,optimal,optimal,optimal,optimal,optimal,→ stable,→ stable,→ stable,99.9,✅ EXCELLENT,False,NONE,3.2,0.0,NONE
1780033767.155,80.5,91.1,32.2,1491.0,45.6,13.81,31.8,31.8,31.9,32.2,optimal,optimal,optimal,optimal,optimal,optimal,→ stable,→ stable,→ stable,99.9,✅ EXCELLENT,False,NONE,3.2,0.0,NONE
1780033768.157,79.0,89.0,32.0,1450.0,45.3,13.77,31.9,31.9,31.7,31.7,optimal,optimal,optimal,optimal,optimal,optimal,→ stable,→ stable,→ stable,99.9,✅ EXCELLENT,False,NONE,3.4,0.5,NONE
1780033769.157,81.9,91.3,32.1,1511.0,45.3,13.82,32.1,32.2,31.7,32.2,optimal,optimal,optimal,optimal,optimal,optimal,↓ decreasing,→ stable,→ stable,99.9,✅ EXCELLENT,False,NONE,3.4,0.0,NONE
1780033770.158,81.4,89.2,32.0,1502.0,44.7,13.79,32.1,32.4,32.1,31.8,optimal,optimal,optimal,optimal,optimal,optimal,→ stable,→ stable,→ stable,99.9,✅ EXCELLENT,False,NONE,3.5,0.3,NONE
1780033771.16,80.5,91.1,31.8,1454.0,44.1,13.76,31.9,31.7,32.1,31.9,optimal,optimal,optimal,optimal,optimal,optimal,→ stable,↓ decreasing,→ stable,99.9,✅ EXCELLENT,False,NONE,3.7,0.0,NONE
1780033772.162,79.6,88.7,32.2,1482.0,44.4,13.81,32.2,32.3,31.8,31.7,optimal,optimal,optimal,optimal,optimal,optimal,↑ increasing,↓ decreasing,→ stable,99.9,✅ EXCELLENT,False,NONE,3.2,0.8,NONE
1780033773.163,78.3,89.3,32.1,1534.0,46.0,13.85,32.0,31.9,31.8,31.8,optimal,optimal,optimal,optimal,optimal,optimal,→ stable,↓ decreasing,→ stable,99.9,✅ EXCELLENT,False,NONE,3.2,0.2,NONE
1780033774.164,80.3,89.7,31.7,1502.0,45.3,13.79,32.1,32.2,32.3,32.1,optimal,optimal,optimal,optimal,optimal,optimal,→ stable,→ stable,→ stable,99.9,✅ EXCELLENT,False,NONE,3.8,0.0,NONE
1780033775.559,77.9,90.9,32.1,1466.0,45.7,13.82,31.8,32.1,31.7,31.8,optimal,optimal,optimal,optimal,optimal,optimal,→ stable,→ stable,→ stable,99.9,✅ EXCELLENT,False,NONE,3.2,0.0,NONE
1780033776.561,81.1,90.3,32.0,1465.0,44.2,13.8,31.7,31.8,32.2,31.8,optimal,optimal,optimal,optimal,optimal,optimal,→ stable,→ stable,→ stable,99.9,✅ EXCELLENT,False,NONE,3.5,0.0,NONE
1780033777.563,78.5,88.7,31.7,1506.0,45.0,13.77,32.1,32.3,32.3,31.7,optimal,optimal,optimal,optimal,optimal,optimal,→ stable,↓ decreasing,→ stable,99.9,✅ EXCELLENT,False,NONE,3.7,0.8,NONE
1780033778.564,81.3,91.0,31.6,1547.0,44.5,13.75,32.3,31.6,32.2,32.2,optimal,optimal,optimal,optimal,optimal,optimal,→ stable,→ stable,→ stable,99.9,✅ EXCELLENT,False,NONE,3.9,0.0,NONE
1780033779.566,81.2,90.9,32.3,1542.0,44.9,13.82,32.2,31.6,32.2,31.8,optimal,optimal,optimal,optimal,optimal,optimal,→ stable,→ stable,→ stable,99.9,✅ EXCELLENT,False,NONE,3.1,0.0,NONE
1780033780.567,81.6,89.4,31.7,1547.0,45.0,13.76,31.6,31.8,32.1,32.2,optimal,optimal,optimal,optimal,optimal,optimal,↓ decreasing,→ stable,→ stable,99.9,✅ EXCELLENT,False,NONE,3.8,0.2,NONE
1780033781.567,81.8,90.1,31.8,1531.0,44.4,13.81,32.1,32.2,31.7,32.1,optimal,optimal,optimal,optimal,optimal,optimal,→ stable,→ stable,→ stable,99.9,✅ EXCELLENT,False,NONE,3.7,0.0,NONE
1780033782.569,80.2,90.7,31.9,1540.0,45.0,13.75,31.9,32.0,31.8,31.8,optimal,optimal,optimal,optimal,optimal,optimal,↓ decreasing,→ stable,→ stable,99.9,✅ EXCELLENT,False,NONE,3.6,0.0,NONE
1780033783.571,79.6,89.4,32.2,1487.0,44.8,13.8,32.4,32.1,31.6,31.9,optimal,optimal,optimal,optimal,optimal,optimal,→ stable,→ stable,→ stable,99.9,✅ EXCELLENT,False,NONE,3.2,0.2,NONE
1780033784.572,77.4,90.4,32.1,1462.0,44.8,13.77,31.9,31.7,32.4,32.0,optimal,optimal,optimal,optimal,optimal,optimal,→ stable,→ stable,→ stable,99.9,✅ EXCELLENT,False,NONE,3.2,0.0,NONE
1780033786.007,81.8,89.5,32.3,1521.0,45.6,13.82,32.1,31.9,31.8,32.2,optimal,optimal,optimal,optimal,optimal,optimal,→ stable,→ stable,→ stable,99.9,✅ EXCELLENT,False,NONE,3.2,0.1,NONE
1780033787.008,81.2,89.7,31.9,1522.0,45.2,13.84,32.4,31.9,31.6,31.9,optimal,optimal,optimal,optimal,optimal,optimal,→ stable,→ stable,→ stable,99.9,✅ EXCELLENT,False,NONE,3.6,0.0,NONE
1780033788.01,77.4,90.8,32.0,1539.0,44.3,13.85,32.2,31.9,31.9,32.0,optimal,optimal,optimal,optimal,optimal,optimal,→ stable,→ stable,→ stable,99.9,✅ EXCELLENT,False,NONE,3.3,0.0,NONE
1780033789.011,79.7,88.8,32.0,1538.0,44.5,13.81,31.8,31.8,31.8,31.8,optimal,optimal,optimal,optimal,optimal,optimal,→ stable,→ stable,→ stable,99.9,✅ EXCELLENT,False,NONE,3.4,0.7,NONE
1780033790.013,78.5,88.6,31.8,1504.0,44.2,13.76,31.7,32.1,32.0,31.6,optimal,optimal,optimal,optimal,optimal,optimal,→ stable,→ stable,→ stable,99.9,✅ EXCELLENT,False,NONE,3.6,1.0,NONE
1780033791.014,79.7,89.5,32.1,1543.0,45.9,13.76,32.1,32.1,32.0,32.2,optimal,optimal,optimal,optimal,optimal,optimal,→ stable,→ stable,→ stable,99.9,✅ EXCELLENT,False,NONE,3.3,0.1,NONE
1780033792.015,82.5,88.8,32.3,1520.0,44.5,13.83,32.3,32.0,32.3,32.0,optimal,optimal,optimal,optimal,optimal,optimal,→ stable,→ stable,→ stable,99.9,✅ EXCELLENT,False,NONE,3.2,0.7,NONE
1780033793.017,77.2,90.9,31.6,1482.0,45.6,13.82,32.0,31.8,32.0,32.2,optimal,optimal,optimal,optimal,optimal,optimal,↓ decreasing,→ stable,→ stable,99.9,✅ EXCELLENT,False,NONE,3.7,0.0,NONE
1780033794.019,82.2,89.5,32.0,1517.0,45.4,13.79,31.8,31.9,31.7,32.2,optimal,optimal,optimal,optimal,optimal,optimal,↓ decreasing,→ stable,→ stable,99.9,✅ EXCELLENT,False,NONE,3.5,0.1,NONE
1780033795.02,80.8,89.5,32.0,1492.0,44.2,13.84,32.1,32.2,31.6,32.3,optimal,optimal,optimal,optimal,optimal,optimal,→ stable,↓ decreasing,→ stable,99.9,✅ EXCELLENT,False,NONE,3.5,0.1,NONE
1780033796.427,80.2,91.4,31.7,1494.0,44.2,13.78,32.2,32.3,31.6,32.2,optimal,optimal,optimal,optimal,optimal,optimal,↓ decreasing,→ stable,→ stable,99.9,✅ EXCELLENT,False,NONE,3.8,0.0,NONE
1780033797.428,77.5,91.3,31.7,1487.0,44.3,13.77,31.9,32.2,31.8,31.8,optimal,optimal,optimal,optimal,optimal,optimal,↓ decreasing,→ stable,→ stable,99.9,✅ EXCELLENT,False,NONE,3.7,0.0,NONE
1780033798.428,81.0,88.8,31.6,1522.0,44.4,13.84,31.8,32.0,31.8,31.6,optimal,optimal,optimal,optimal,optimal,optimal,→ stable,→ stable,→ stable,99.9,✅ EXCELLENT,False,NONE,3.9,0.7,NONE
1780033799.431,82.0,91.3,32.2,1464.0,44.4,13.83,31.8,31.7,31.6,31.6,optimal,optimal,optimal,optimal,optimal,optimal,→ stable,→ stable,→ stable,99.9,✅ EXCELLENT,False,NONE,3.3,0.0,NONE
1780033800.433,79.0,89.1,32.1,1454.0,45.0,13.8,32.3,31.7,31.6,31.9,optimal,optimal,optimal,optimal,optimal,optimal,→ stable,→ stable,→ stable,99.9,✅ EXCELLENT,False,NONE,3.3,0.4,NONE
1780033801.434,77.6,91.0,31.9,1499.0,45.9,13.83,31.7,32.1,32.1,31.9,optimal,optimal,optimal,optimal,optimal,optimal,→ stable,→ stable,→ stable,99.9,✅ EXCELLENT,False,NONE,3.4,0.0,NONE
1780033802.436,82.0,89.8,32.0,1473.0,45.2,13.82,32.0,32.2,32.0,32.2,optimal,optimal,optimal,optimal,optimal,optimal,→ stable,↑ increasing,→ stable,99.9,✅ EXCELLENT,False,NONE,3.5,0.0,NONE
1780033803.437,78.5,90.0,31.9,1494.0,44.5,13.84,31.8,32.0,32.3,31.8,optimal,optimal,optimal,optimal,optimal,optimal,↑ increasing,↑ increasing,→ stable,99.9,✅ EXCELLENT,False,NONE,3.5,0.0,NONE
1780033804.438,78.4,89.2,31.7,1519.0,44.6,13.8,32.2,32.0,31.7,31.8,optimal,optimal,optimal,optimal,optimal,optimal,→ stable,→ stable,→ stable,99.9,✅ EXCELLENT,False,NONE,3.7,0.3,NONE
1780033805.44,80.1,91.1,31.8,1534.0,45.4,13.85,32.1,32.2,32.0,32.4,optimal,optimal,optimal,optimal,optimal,optimal,→ stable,↑ increasing,→ stable,99.9,✅ EXCELLENT,False,NONE,3.7,0.0,NONE
1780033807.62,78.2,90.2,31.8,1470.0,45.3,13.81,31.8,32.3,32.0,31.8,optimal,optimal,optimal,optimal,optimal,optimal,↓ decreasing,→ stable,→ stable,99.9,✅ EXCELLENT,False,NONE,3.6,0.0,NONE
1780033808.622,81.9,89.4,31.8,1483.0,45.6,13.83,31.9,32.2,31.9,32.0,optimal,optimal,optimal,optimal,optimal,optimal,→ stable,→ stable,→ stable,99.9,✅ EXCELLENT,False,NONE,3.7,0.2,NONE
1780033809.622,79.7,90.7,32.1,1452.0,45.1,13.8,32.1,32.1,31.9,32.4,optimal,optimal,optimal,optimal,optimal,optimal,→ stable,→ stable,→ stable,99.9,✅ EXCELLENT,False,NONE,3.3,0.0,NONE
1780033810.624,80.3,90.8,32.3,1474.0,46.0,13.77,32.0,31.7,31.8,32.0,optimal,optimal,optimal,optimal,optimal,optimal,↓ decreasing,→ stable,→ stable,99.9,✅ EXCELLENT,False,NONE,3.1,0.0,NONE
1780033811.625,79.9,90.1,31.8,1507.0,45.2,13.82,32.1,32.2,32.0,32.1,optimal,optimal,optimal,optimal,optimal,optimal,↓ decreasing,→ stable,→ stable,99.9,✅ EXCELLENT,False,NONE,3.7,0.0,NONE
1780033812.626,80.0,91.1,32.1,1531.0,45.1,13.78,31.6,31.7,32.1,32.3,optimal,optimal,optimal,optimal,optimal,optimal,→ stable,→ stable,→ stable,99.9,✅ EXCELLENT,False,NONE,3.3,0.0,NONE
1780033813.628,77.3,88.8,32.0,1455.0,44.9,13.75,32.0,32.3,32.4,32.3,optimal,optimal,optimal,optimal,optimal,optimal,↓ decreasing,→ stable,→ stable,99.9,✅ EXCELLENT,False,NONE,3.3,0.7,NONE
1780033814.629,80.8,90.6,31.7,1507.0,45.2,13.81,32.1,31.7,32.3,31.8,optimal,optimal,optimal,optimal,optimal,optimal,→ stable,→ stable,→ stable,99.9,✅ EXCELLENT,False,NONE,3.8,0.0,NONE
1780033815.63,77.8,89.8,31.7,1549.0,44.2,13.81,31.8,32.1,31.6,32.3,optimal,optimal,optimal,optimal,optimal,optimal,→ stable,→ stable,→ stable,99.9,✅ EXCELLENT,False,NONE,3.7,0.0,NONE
1780033816.631,77.8,89.0,32.1,1504.0,45.6,13.8,32.3,31.9,32.1,32.1,optimal,optimal,optimal,optimal,optimal,optimal,→ stable,→ stable,→ stable,99.9,✅ EXCELLENT,False,NONE,3.2,0.5,NONE
1780033817.994,79.3,88.5,31.7,1462.0,44.3,13.79,31.9,32.2,31.8,32.0,optimal,optimal,optimal,optimal,optimal,optimal,→ stable,→ stable,→ stable,99.9,✅ EXCELLENT,False,NONE,3.7,1.1,NONE
1780033818.996,79.8,89.0,32.0,1462.0,44.3,13.82,32.1,32.3,32.1,32.3,optimal,optimal,optimal,optimal,optimal,optimal,↓ decreasing,→ stable,→ stable,99.9,✅ EXCELLENT,False,NONE,3.4,0.5,NONE
1780033819.998,81.9,91.3,32.3,1504.0,44.5,13.83,32.2,32.1,31.7,32.0,optimal,optimal,optimal,optimal,optimal,optimal,→ stable,→ stable,→ stable,99.9,✅ EXCELLENT,False,NONE,3.2,0.0,NONE
1780033821.0,77.4,91.5,31.7,1476.0,44.6,13.82,32.2,32.1,31.6,32.1,optimal,optimal,optimal,optimal,optimal,optimal,→ stable,→ stable,→ stable,99.9,✅ EXCELLENT,False,NONE,3.6,0.0,NONE
1780033822.001,80.6,91.3,31.8,1547.0,44.9,13.75,32.2,32.1,32.0,31.9,optimal,optimal,optimal,optimal,optimal,optimal,→ stable,→ stable,→ stable,99.9,✅ EXCELLENT,False,NONE,3.7,0.0,NONE
1780033823.003,77.1,90.8,31.7,1482.0,44.2,13.84,32.3,32.3,32.2,32.3,optimal,optimal,optimal,optimal,optimal,optimal,↓ decreasing,→ stable,→ stable,99.9,✅ EXCELLENT,False,NONE,3.6,0.0,NONE
1780033824.005,79.3,89.8,31.8,1485.0,44.6,13.79,32.0,31.7,31.8,31.6,optimal,optimal,optimal,optimal,optimal,optimal,→ stable,→ stable,→ stable,99.9,✅ EXCELLENT,False,NONE,3.6,0.0,NONE
1780033825.007,78.1,89.8,31.9,1504.0,44.9,13.78,31.7,32.4,31.9,31.8,optimal,optimal,optimal,optimal,optimal,optimal,↓ decreasing,→ stable,→ stable,99.9,✅ EXCELLENT,False,NONE,3.5,0.0,NONE
1780033826.008,82.7,89.3,32.0,1477.0,45.0,13.83,32.2,31.9,32.1,32.1,optimal,optimal,optimal,optimal,optimal,optimal,→ stable,→ stable,→ stable,99.9,✅ EXCELLENT,False,NONE,3.5,0.2,NONE
1780033827.009,77.8,89.9,31.7,1487.0,44.5,13.83,31.6,31.8,32.0,32.3,optimal,optimal,optimal,optimal,optimal,optimal,→ stable,→ stable,→ stable,99.9,✅ EXCELLENT,False,NONE,3.7,0.0,NONE
1780033828.367,81.7,89.5,31.7,1476.0,44.3,13.76,32.2,32.1,31.8,32.2,optimal,optimal,optimal,optimal,optimal,optimal,→ stable,→ stable,→ stable,99.9,✅ EXCELLENT,False,NONE,3.9,0.1,NONE
1780033829.368,78.2,89.3,32.2,1485.0,45.3,13.84,31.9,31.8,32.4,31.9,optimal,optimal,optimal,optimal,optimal,optimal,→ stable,→ stable,→ stable,99.9,✅ EXCELLENT,False,NONE,3.1,0.2,NONE
1780033830.37,78.0,90.5,32.2,1464.0,44.5,13.77,31.7,31.7,31.8,32.3,optimal,optimal,optimal,optimal,optimal,optimal,→ stable,→ stable,→ stable,99.9,✅ EXCELLENT,False,NONE,3.1,0.0,NONE
1780033831.371,77.5,89.8,32.3,1541.0,45.7,13.78,32.2,31.8,32.0,31.6,optimal,optimal,optimal,optimal,optimal,optimal,→ stable,→ stable,→ stable,99.9,✅ EXCELLENT,False,NONE,3.0,0.0,NONE
1780033832.372,82.0,90.8,32.0,1508.0,45.7,13.8,32.2,32.1,31.7,31.6,optimal,optimal,optimal,optimal,optimal,optimal,→ stable,→ stable,→ stable,99.9,✅ EXCELLENT,False,NONE,3.5,0.0,NONE
1780033833.373,79.1,89.0,31.6,1492.0,45.9,13.81,31.9,32.3,32.0,31.8,optimal,optimal,optimal,optimal,optimal,optimal,→ stable,→ stable,→ stable,99.9,✅ EXCELLENT,False,NONE,3.8,0.5,NONE
1780033834.375,78.3,88.9,31.8,1542.0,45.2,13.83,32.0,31.6,31.7,31.7,optimal,optimal,optimal,optimal,optimal,optimal,→ stable,→ stable,→ stable,99.9,✅ EXCELLENT,False,NONE,3.6,0.6,NONE
1780033835.376,81.0,90.9,31.7,1489.0,45.9,13.83,32.1,31.9,32.2,31.9,optimal,optimal,optimal,optimal,optimal,optimal,↑ increasing,→ stable,→ stable,99.9,✅ EXCELLENT,False,NONE,3.8,0.0,NONE
1780033836.377,81.8,90.3,32.0,1486.0,45.5,13.75,32.1,32.2,31.8,31.8,optimal,optimal,optimal,optimal,optimal,optimal,→ stable,→ stable,→ stable,99.9,✅ EXCELLENT,False,NONE,3.5,0.0,NONE
1780033837.377,79.2,88.8,32.1,1503.0,44.3,13.78,32.3,31.7,31.7,31.7,optimal,optimal,optimal,optimal,optimal,optimal,→ stable,→ stable,→ stable,99.9,✅ EXCELLENT,False,NONE,3.3,0.7,NONE
1780033838.744,80.9,88.9,31.8,1492.0,44.7,13.76,32.3,31.9,32.2,32.0,optimal,optimal,optimal,optimal,optimal,optimal,→ stable,→ stable,→ stable,99.9,✅ EXCELLENT,False,NONE,3.7,0.6,NONE
1780033839.746,77.7,88.9,31.9,1508.0,44.7,13.78,32.0,32.3,31.7,32.0,optimal,optimal,optimal,optimal,optimal,optimal,→ stable,↓ decreasing,→ stable,99.9,✅ EXCELLENT,False,NONE,3.4,0.6,NONE
1780033840.747,78.7,90.5,31.6,1519.0,45.8,13.75,32.3,31.8,31.9,32.1,optimal,optimal,optimal,optimal,optimal,optimal,↑ increasing,→ stable,→ stable,99.9,✅ EXCELLENT,False,NONE,3.8,0.0,NONE
1780033841.748,79.3,88.8,32.2,1532.0,45.4,13.83,32.2,32.3,32.0,32.0,optimal,optimal,optimal,optimal,optimal,optimal,↑ increasing,→ stable,→ stable,99.9,✅ EXCELLENT,False,NONE,3.2,0.7,NONE
1780033842.749,78.6,90.0,31.9,1504.0,44.8,13.78,32.0,32.3,32.4,32.1,optimal,optimal,optimal,optimal,optimal,optimal,→ stable,→ stable,→ stable,99.9,✅ EXCELLENT,False,NONE,3.5,0.0,NONE
1780033843.751,77.3,88.6,32.3,1484.0,44.1,13.75,32.0,32.0,32.4,32.3,optimal,optimal,optimal,optimal,optimal,optimal,→ stable,→ stable,→ stable,99.9,✅ EXCELLENT,False,NONE,3.0,1.0,NONE
1780033844.753,81.7,90.3,32.2,1515.0,45.8,13.78,31.8,32.0,31.7,31.7,optimal,optimal,optimal,optimal,optimal,optimal,→ stable,→ stable,→ stable,99.9,✅ EXCELLENT,False,NONE,3.3,0.0,NONE
1780033845.753,82.1,91.1,32.1,1469.0,44.2,13.77,31.6,32.3,32.0,32.4,optimal,optimal,optimal,optimal,optimal,optimal,→ stable,→ stable,→ stable,99.9,✅ EXCELLENT,False,NONE,3.4,0.0,NONE
1780033846.755,81.1,90.1,32.0,1469.0,45.9,13.76,31.7,31.8,31.6,31.9,optimal,optimal,optimal,optimal,optimal,optimal,→ stable,→ stable,→ stable,99.9,✅ EXCELLENT,False,NONE,3.5,0.0,NONE
1780033847.757,81.7,89.2,31.8,1533.0,45.0,13.85,31.9,32.3,31.7,31.8,optimal,optimal,optimal,optimal,optimal,optimal,→ stable,→ stable,→ stable,99.9,✅ EXCELLENT,False,NONE,3.7,0.3,NONE
1780033849.247,81.7,89.1,31.7,1499.0,44.6,13.82,31.7,32.2,31.8,32.2,optimal,optimal,optimal,optimal,optimal,optimal,→ stable,→ stable,→ stable,99.9,✅ EXCELLENT,False,NONE,3.9,0.4,NONE
1780033850.249,78.7,88.9,31.7,1533.0,45.5,13.82,32.3,32.0,32.1,32.1,optimal,optimal,optimal,optimal,optimal,optimal,↑ increasing,→ stable,→ stable,99.9,✅ EXCELLENT,False,NONE,3.7,0.6,NONE
1780033851.25,78.3,89.6,32.3,1519.0,45.9,13.81,31.9,32.3,32.1,32.3,optimal,optimal,optimal,optimal,optimal,optimal,→ stable,→ stable,→ stable,99.9,✅ EXCELLENT,False,NONE,3.0,0.1,NONE
1780033852.251,82.0,91.1,32.1,1515.0,45.1,13.79,31.9,31.7,32.0,31.8,optimal,optimal,optimal,optimal,optimal,optimal,↑ increasing,→ stable,→ stable,99.9,✅ EXCELLENT,False,NONE,3.4,0.0,NONE
1780033853.253,82.4,91.0,31.7,1542.0,45.3,13.8,32.4,32.0,32.1,32.1,optimal,optimal,optimal,optimal,optimal,optimal,↑ increasing,→ stable,→ stable,99.9,✅ EXCELLENT,False,NONE,3.9,0.0,NONE
1780033854.254,81.9,89.1,32.0,1500.0,45.1,13.77,32.0,32.1,32.2,31.7,optimal,optimal,optimal,optimal,optimal,optimal,↑ increasing,→ stable,→ stable,99.9,✅ EXCELLENT,False,NONE,3.5,0.4,NONE
1780033855.256,80.3,89.3,32.2,1490.0,45.1,13.81,32.2,31.6,32.4,32.1,optimal,optimal,optimal,optimal,optimal,optimal,↑ increasing,→ stable,→ stable,99.9,✅ EXCELLENT,False,NONE,3.2,0.2,NONE
1780033856.256,80.2,89.7,31.6,1523.0,44.0,13.85,32.0,32.3,32.0,32.3,optimal,optimal,optimal,optimal,optimal,optimal,↑ increasing,→ stable,→ stable,99.9,✅ EXCELLENT,False,NONE,3.9,0.0,NONE
1780033857.257,77.8,90.8,32.0,1527.0,45.4,13.76,32.1,31.9,31.7,31.8,optimal,optimal,optimal,optimal,optimal,optimal,↑ increasing,→ stable,→ stable,99.9,✅ EXCELLENT,False,NONE,3.3,0.0,NONE
1780033858.258,79.6,90.2,31.6,1524.0,45.8,13.8,31.7,31.6,32.0,31.9,optimal,optimal,optimal,optimal,optimal,optimal,→ stable,→ stable,→ stable,99.9,✅ EXCELLENT,False,NONE,3.9,0.0,NONE
1780033859.666,82.8,89.4,31.7,1528.0,45.3,13.84,31.8,31.7,32.2,31.8,optimal,optimal,optimal,optimal,optimal,optimal,→ stable,→ stable,→ stable,99.9,✅ EXCELLENT,False,NONE,3.9,0.2,NONE
1780033860.669,77.5,88.6,32.0,1489.0,45.9,13.83,32.2,32.0,31.7,32.0,optimal,optimal,optimal,optimal,optimal,optimal,→ stable,→ stable,→ stable,99.9,✅ EXCELLENT,False,NONE,3.3,1.0,NONE
1780033861.67,80.2,90.9,31.8,1493.0,44.5,13.81,32.3,32.1,32.3,31.7,optimal,optimal,optimal,optimal,optimal,optimal,→ stable,→ stable,→ stable,99.9,✅ EXCELLENT,False,NONE,3.7,0.0,NONE
1780033862.671,82.3,89.4,32.2,1539.0,44.9,13.77,31.7,31.8,31.8,32.0,optimal,optimal,optimal,optimal,optimal,optimal,→ stable,→ stable,→ stable,99.9,✅ EXCELLENT,False,NONE,3.3,0.2,NONE
1780033863.672,79.1,90.5,31.9,1520.0,44.9,13.76,32.2,31.8,31.7,32.4,optimal,optimal,optimal,optimal,optimal,optimal,↓ decreasing,→ stable,→ stable,99.9,✅ EXCELLENT,False,NONE,3.5,0.0,NONE
1780033864.673,80.4,89.1,31.6,1514.0,45.7,13.81,31.8,32.0,32.3,31.7,optimal,optimal,optimal,optimal,optimal,optimal,↓ decreasing,→ stable,→ stable,99.9,✅ EXCELLENT,False,NONE,3.9,0.4,NONE
1780033865.674,81.3,89.7,31.7,1511.0,45.5,13.83,32.4,31.9,32.1,31.9,optimal,optimal,optimal,optimal,optimal,optimal,↓ decreasing,→ stable,→ stable,99.9,✅ EXCELLENT,False,NONE,3.8,0.0,NONE
1780033866.674,82.4,89.1,31.6,1500.0,44.8,13.8,32.4,32.0,31.8,32.0,optimal,optimal,optimal,optimal,optimal,optimal,→ stable,→ stable,→ stable,99.9,✅ EXCELLENT,False,NONE,4.0,0.4,NONE
1780033867.675,77.5,90.6,31.7,1520.0,44.6,13.84,32.1,32.1,32.3,32.3,optimal,optimal,optimal,optimal,optimal,optimal,→ stable,→ stable,→ stable,99.9,✅ EXCELLENT,False,NONE,3.7,0.0,NONE
1780033868.676,77.2,90.2,31.7,1513.0,44.7,13.77,31.9,32.0,32.4,32.1,optimal,optimal,optimal,optimal,optimal,optimal,→ stable,→ stable,→ stable,99.9,✅ EXCELLENT,False,NONE,3.6,0.0,NONE
1780033870.287,79.2,90.9,32.0,1518.0,45.6,13.77,32.1,32.2,31.7,31.7,optimal,optimal,optimal,optimal,optimal,optimal,↓ decreasing,→ stable,→ stable,99.9,✅ EXCELLENT,False,NONE,3.4,0.0,NONE
1780033871.289,80.1,89.0,32.1,1458.0,44.4,13.79,31.9,32.2,32.2,32.1,optimal,optimal,optimal,optimal,optimal,optimal,→ stable,→ stable,→ stable,99.9,✅ EXCELLENT,False,NONE,3.3,0.5,NONE
1780033872.291,77.9,91.1,32.4,1457.0,44.2,13.79,32.1,32.3,31.7,32.0,optimal,optimal,optimal,optimal,optimal,optimal,↓ decreasing,→ stable,→ stable,99.9,✅ EXCELLENT,False,NONE,2.9,0.0,NONE
1780033873.293,78.3,90.3,31.6,1468.0,45.6,13.78,32.2,31.6,32.3,32.3,optimal,optimal,optimal,optimal,optimal,optimal,↓ decreasing,→ stable,→ stable,99.9,✅ EXCELLENT,False,NONE,3.8,0.0,NONE
1780033874.294,78.4,91.0,31.9,1512.0,44.8,13.78,31.7,32.1,32.3,32.3,optimal,optimal,optimal,optimal,optimal,optimal,↓ decreasing,→ stable,→ stable,99.9,✅ EXCELLENT,False,NONE,3.5,0.0,NONE
1780033875.296,77.9,89.5,31.8,1454.0,44.3,13.84,31.8,31.7,31.9,31.8,optimal,optimal,optimal,optimal,optimal,optimal,↓ decreasing,→ stable,→ stable,99.9,✅ EXCELLENT,False,NONE,3.6,0.1,NONE
1780033876.297,81.5,89.4,32.2,1496.0,45.1,13.82,32.1,31.9,31.8,32.4,optimal,optimal,optimal,optimal,optimal,optimal,↓ decreasing,→ stable,→ stable,99.9,✅ EXCELLENT,False,NONE,3.3,0.2,NONE
1780033877.298,79.8,88.6,32.1,1515.0,45.7,13.81,31.6,31.9,31.6,32.2,optimal,optimal,optimal,optimal,optimal,optimal,↓ decreasing,→ stable,→ stable,99.9,✅ EXCELLENT,False,NONE,3.3,1.0,NONE
1780033878.299,81.3,89.7,32.3,1490.0,45.4,13.78,32.3,32.3,32.2,32.0,optimal,optimal,optimal,optimal,optimal,optimal,↓ decreasing,→ stable,→ stable,99.9,✅ EXCELLENT,False,NONE,3.1,0.0,NONE
1780033879.3,80.1,89.8,31.8,1459.0,44.8,13.82,31.6,31.8,31.9,32.3,optimal,optimal,optimal,optimal,optimal,optimal,↓ decreasing,→ stable,→ stable,99.9,✅ EXCELLENT,False,NONE,3.7,0.0,NONE
1780033880.772,82.3,90.7,32.3,1547.0,44.0,13.79,31.6,31.7,31.7,31.7,optimal,optimal,optimal,optimal,optimal,optimal,→ stable,→ stable,→ stable,99.9,✅ EXCELLENT,False,NONE,3.2,0.0,NONE
1780033881.774,79.1,89.4,32.0,1542.0,44.5,13.78,31.6,31.9,32.2,31.7,optimal,optimal,optimal,optimal,optimal,optimal,→ stable,→ stable,→ stable,99.9,✅ EXCELLENT,False,NONE,3.4,0.2,NONE
1780033882.775,79.1,91.0,32.1,1533.0,45.5,13.77,32.0,32.4,32.2,32.4,optimal,optimal,optimal,optimal,optimal,optimal,→ stable,→ stable,→ stable,99.9,✅ EXCELLENT,False,NONE,3.3,0.0,NONE
1780033883.776,82.6,89.9,31.9,1547.0,45.8,13.79,32.1,31.7,32.0,31.8,optimal,optimal,optimal,optimal,optimal,optimal,↑ increasing,→ stable,→ stable,99.9,✅ EXCELLENT,False,NONE,3.7,0.0,NONE
1780033884.777,77.8,91.5,32.4,1504.0,45.6,13.83,32.0,31.8,31.7,31.8,optimal,optimal,optimal,optimal,optimal,optimal,↑ increasing,→ stable,→ stable,99.9,✅ EXCELLENT,False,NONE,2.9,0.0,NONE
1780033885.778,82.2,90.8,31.6,1517.0,45.2,13.82,32.1,31.9,31.8,32.3,optimal,optimal,optimal,optimal,optimal,optimal,↑ increasing,→ stable,→ stable,99.9,✅ EXCELLENT,False,NONE,4.0,0.0,NONE
1780033886.779,78.7,88.7,32.2,1470.0,44.7,13.77,32.1,32.2,31.7,31.7,optimal,optimal,optimal,optimal,optimal,optimal,↑ increasing,→ stable,→ stable,99.9,✅ EXCELLENT,False,NONE,3.1,0.8,NONE
1780033887.78,82.2,89.5,32.2,1538.0,44.8,13.82,32.3,32.1,32.0,32.0,optimal,optimal,optimal,optimal,optimal,optimal,↑ increasing,→ stable,→ stable,99.9,✅ EXCELLENT,False,NONE,3.3,0.1,NONE
1780033888.78,82.2,91.3,32.2,1537.0,44.9,13.84,32.2,31.8,31.9,31.8,optimal,optimal,optimal,optimal,optimal,optimal,↑ increasing,→ stable,→ stable,99.9,✅ EXCELLENT,False,NONE,3.3,0.0,NONE
1780033889.782,78.5,89.9,31.6,1533.0,45.1,13.79,31.8,31.8,31.8,31.8,optimal,optimal,optimal,optimal,optimal,optimal,↑ increasing,→ stable,→ stable,99.9,✅ EXCELLENT,False,NONE,3.8,0.0,NONE
1780033891.075,79.5,90.0,32.4,1463.0,45.1,13.85,32.2,31.7,32.3,32.3,optimal,optimal,optimal,optimal,optimal,optimal,→ stable,→ stable,→ stable,99.9,✅ EXCELLENT,False,NONE,3.0,0.0,NONE
1780033892.077,77.5,90.2,32.3,1472.0,44.9,13.83,31.6,32.2,32.1,32.3,optimal,optimal,optimal,optimal,optimal,optimal,→ stable,→ stable,→ stable,99.9,✅ EXCELLENT,False,NONE,3.0,0.0,NONE
1780033893.079,78.0,89.1,32.0,1498.0,44.1,13.84,32.0,31.8,31.7,32.0,optimal,optimal,optimal,optimal,optimal,optimal,→ stable,→ stable,→ stable,99.9,✅ EXCELLENT,False,NONE,3.3,0.4,NONE
1780033894.081,82.0,90.6,32.2,1498.0,45.5,13.78,32.1,32.3,32.3,31.7,optimal,optimal,optimal,optimal,optimal,optimal,→ stable,→ stable,→ stable,99.9,✅ EXCELLENT,False,NONE,3.3,0.0,NONE
1780033895.082,78.8,89.9,32.1,1455.0,44.0,13.76,32.3,32.3,32.3,32.2,optimal,optimal,optimal,optimal,optimal,optimal,→ stable,→ stable,→ stable,99.9,✅ EXCELLENT,False,NONE,3.3,0.0,NONE
1780033896.083,78.9,90.6,31.8,1550.0,45.1,13.84,31.7,32.2,32.2,32.0,optimal,optimal,optimal,optimal,optimal,optimal,↓ decreasing,→ stable,→ stable,99.9,✅ EXCELLENT,False,NONE,3.6,0.0,NONE
1780033897.084,78.5,90.7,32.1,1488.0,44.4,13.83,32.3,32.2,32.3,32.1,optimal,optimal,optimal,optimal,optimal,optimal,↓ decreasing,→ stable,→ stable,99.9,✅ EXCELLENT,False,NONE,3.3,0.0,NONE
1780033898.085,80.2,90.1,31.9,1494.0,45.9,13.78,31.6,31.7,32.2,31.9,optimal,optimal,optimal,optimal,optimal,optimal,↓ decreasing,→ stable,→ stable,99.9,✅ EXCELLENT,False,NONE,3.6,0.0,NONE
1780033899.087,80.6,88.8,32.1,1543.0,44.2,13.79,31.7,32.0,32.2,31.9,optimal,optimal,optimal,optimal,optimal,optimal,↓ decreasing,→ stable,→ stable,99.9,✅ EXCELLENT,False,NONE,3.3,0.7,NONE
1780033900.089,78.4,89.3,32.1,1519.0,44.8,13.84,32.4,32.1,31.9,31.8,optimal,optimal,optimal,optimal,optimal,optimal,↓ decreasing,→ stable,→ stable,99.9,✅ EXCELLENT,False,NONE,3.2,0.2,NONE
1780033901.419,78.2,89.0,31.9,1489.0,45.3,13.82,31.9,32.3,31.8,32.3,optimal,optimal,optimal,optimal,optimal,optimal,↓ decreasing,→ stable,→ stable,99.9,✅ EXCELLENT,False,NONE,3.5,0.5,NONE
1780033902.42,81.1,90.1,32.1,1547.0,45.0,13.76,32.3,31.7,31.7,32.2,optimal,optimal,optimal,optimal,optimal,optimal,↓ decreasing,→ stable,→ stable,99.9,✅ EXCELLENT,False,NONE,3.4,0.0,NONE
1780033903.422,80.0,89.9,31.9,1492.0,45.7,13.84,32.3,32.1,31.8,31.8,optimal,optimal,optimal,optimal,optimal,optimal,→ stable,→ stable,→ stable,99.9,✅ EXCELLENT,False,NONE,3.5,0.0,NONE
1780033904.423,78.4,91.4,32.3,1514.0,44.5,13.82,31.9,32.2,31.8,32.1,optimal,optimal,optimal,optimal,optimal,optimal,↓ decreasing,→ stable,→ stable,99.9,✅ EXCELLENT,False,NONE,3.0,0.0,NONE
1780033905.425,79.7,91.0,32.1,1472.0,44.7,13.8,31.9,32.1,31.7,32.4,optimal,optimal,optimal,optimal,optimal,optimal,↓ decreasing,→ stable,→ stable,99.9,✅ EXCELLENT,False,NONE,3.3,0.0,NONE
1780033906.426,78.9,90.0,32.3,1469.0,45.8,13.78,32.3,31.6,31.9,32.2,optimal,optimal,optimal,optimal,optimal,optimal,→ stable,→ stable,→ stable,99.9,✅ EXCELLENT,False,NONE,3.0,0.0,NONE
1780033907.427,77.9,89.3,32.0,1525.0,45.9,13.79,32.2,31.9,31.9,31.8,optimal,optimal,optimal,optimal,optimal,optimal,→ stable,→ stable,→ stable,99.9,✅ EXCELLENT,False,NONE,3.3,0.2,NONE
1780033908.428,79.7,90.5,31.7,1466.0,45.6,13.77,32.1,32.2,32.0,32.1,optimal,optimal,optimal,optimal,optimal,optimal,→ stable,→ stable,→ stable,99.9,✅ EXCELLENT,False,NONE,3.8,0.0,NONE
1780033909.43,82.1,88.6,31.9,1451.0,45.6,13.82,31.6,32.2,31.7,32.2,optimal,optimal,optimal,optimal,optimal,optimal,→ stable,→ stable,→ stable,99.9,✅ EXCELLENT,False,NONE,3.6,1.0,NONE
1780033910.432,81.5,89.0,32.2,1513.0,45.7,13.84,32.3,32.3,32.0,31.8,optimal,optimal,optimal,optimal,optimal,optimal,↑ increasing,→ stable,→ stable,99.9,✅ EXCELLENT,False,NONE,3.3,0.5,NONE
1780033911.966,80.8,88.5,31.8,1495.0,44.9,13.76,32.1,31.8,32.4,32.3,optimal,optimal,optimal,optimal,optimal,optimal,↑ increasing,→ stable,→ stable,99.9,✅ EXCELLENT,False,NONE,3.7,1.1,NONE
1780033912.967,77.1,91.4,32.3,1474.0,44.4,13.83,32.2,32.1,31.8,31.7,optimal,optimal,optimal,optimal,optimal,optimal,→ stable,→ stable,→ stable,99.9,✅ EXCELLENT,False,NONE,3.0,0.0,NONE
1780033913.968,80.2,90.2,32.1,1541.0,45.5,13.76,32.2,32.3,32.1,32.2,optimal,optimal,optimal,optimal,optimal,optimal,→ stable,→ stable,→ stable,99.9,✅ EXCELLENT,False,NONE,3.3,0.0,NONE
1780033914.969,81.1,90.4,32.0,1480.0,44.4,13.79,31.9,31.8,32.2,31.6,optimal,optimal,optimal,optimal,optimal,optimal,↑ increasing,→ stable,→ stable,99.9,✅ EXCELLENT,False,NONE,3.5,0.0,NONE
1780033915.971,77.1,90.7,31.7,1529.0,44.6,13.77,31.6,32.0,32.3,31.6,optimal,optimal,optimal,optimal,optimal,optimal,→ stable,→ stable,→ stable,99.9,✅ EXCELLENT,False,NONE,3.6,0.0,NONE
1780033916.972,77.1,90.8,31.7,1537.0,45.4,13.84,32.1,31.7,32.2,32.3,optimal,optimal,optimal,optimal,optimal,optimal,→ stable,→ stable,→ stable,99.9,✅ EXCELLENT,False,NONE,3.6,0.0,NONE
1780033917.974,78.9,89.1,32.0,1500.0,45.0,13.8,31.6,31.8,32.2,32.0,optimal,optimal,optimal,optimal,optimal,optimal,→ stable,→ stable,→ stable,99.9,✅ EXCELLENT,False,NONE,3.4,0.4,NONE
1780033918.976,80.8,91.0,32.4,1489.0,44.7,13.75,31.8,31.9,31.7,32.1,optimal,optimal,optimal,optimal,optimal,optimal,→ stable,→ stable,→ stable,99.9,✅ EXCELLENT,False,NONE,3.0,0.0,NONE
1780033919.978,82.8,90.6,32.3,1481.0,44.1,13.82,32.3,32.2,31.7,32.2,optimal,optimal,optimal,optimal,optimal,optimal,→ stable,→ stable,→ stable,99.9,✅ EXCELLENT,False,NONE,3.2,0.0,NONE
1780033920.979,79.7,89.6,32.3,1508.0,45.8,13.84,32.2,32.1,32.0,32.2,optimal,optimal,optimal,optimal,optimal,optimal,→ stable,→ stable,→ stable,99.9,✅ EXCELLENT,False,NONE,3.1,0.1,NONE
1780033922.309,82.7,90.1,32.0,1520.0,44.6,13.78,32.3,32.2,32.2,32.4,optimal,optimal,optimal,optimal,optimal,optimal,→ stable,↑ increasing,→ stable,99.9,✅ EXCELLENT,False,NONE,3.5,0.0,NONE
1780033923.31,79.1,88.6,31.9,1476.0,46.0,13.84,31.6,31.9,31.8,32.0,optimal,optimal,optimal,optimal,optimal,optimal,→ stable,→ stable,→ stable,99.9,✅ EXCELLENT,False,NONE,3.5,1.0,NONE
1780033924.311,80.7,91.0,32.1,1490.0,44.4,13.77,32.2,31.9,32.1,32.1,optimal,optimal,optimal,optimal,optimal,optimal,→ stable,→ stable,→ stable,99.9,✅ EXCELLENT,False,NONE,3.3,0.0,NONE
1780033925.312,78.7,89.4,31.9,1490.0,44.8,13.8,31.7,31.9,32.3,31.8,optimal,optimal,optimal,optimal,optimal,optimal,→ stable,→ stable,→ stable,99.9,✅ EXCELLENT,False,NONE,3.5,0.2,NONE
1780033926.313,82.1,91.2,32.1,1540.0,45.1,13.78,32.0,32.2,31.9,32.1,optimal,optimal,optimal,optimal,optimal,optimal,↑ increasing,→ stable,→ stable,99.9,✅ EXCELLENT,False,NONE,3.4,0.0,NONE
1780033927.315,82.0,89.6,32.0,1512.0,45.0,13.81,31.6,31.8,31.7,32.2,optimal,optimal,optimal,optimal,optimal,optimal,↑ increasing,→ stable,→ stable,99.9,✅ EXCELLENT,False,NONE,3.5,0.1,NONE
1780033928.317,81.9,90.1,31.9,1516.0,44.2,13.81,32.2,32.0,31.9,31.7,optimal,optimal,optimal,optimal,optimal,optimal,↑ increasing,→ stable,→ stable,99.9,✅ EXCELLENT,False,NONE,3.6,0.0,NONE
1780033929.318,80.0,90.7,32.3,1493.0,45.2,13.82,32.0,32.3,32.3,32.1,optimal,optimal,optimal,optimal,optimal,optimal,↑ increasing,→ stable,→ stable,99.9,✅ EXCELLENT,False,NONE,3.1,0.0,NONE
1780033930.319,82.2,89.2,31.6,1524.0,44.4,13.84,32.1,31.7,31.9,32.4,optimal,optimal,optimal,optimal,optimal,optimal,↑ increasing,→ stable,→ stable,99.9,✅ EXCELLENT,False,NONE,4.0,0.3,NONE
1780033931.32,80.2,90.2,31.6,1496.0,44.3,13.79,31.9,32.1,32.3,31.6,optimal,optimal,optimal,optimal,optimal,optimal,↑ increasing,→ stable,→ stable,99.9,✅ EXCELLENT,False,NONE,3.9,0.0,NONE
1780033932.653,78.8,88.9,32.0,1472.0,45.2,13.8,32.3,32.2,31.8,32.3,optimal,optimal,optimal,optimal,optimal,optimal,↑ increasing,→ stable,→ stable,99.9,✅ EXCELLENT,False,NONE,3.4,0.6,NONE
1780033933.654,79.2,91.4,32.1,1525.0,44.2,13.78,31.8,32.1,31.9,31.7,optimal,optimal,optimal,optimal,optimal,optimal,↑ increasing,→ stable,→ stable,99.9,✅ EXCELLENT,False,NONE,3.3,0.0,NONE
1780033934.656,81.5,91.5,32.4,1513.0,44.8,13.84,31.9,31.9,31.8,31.9,optimal,optimal,optimal,optimal,optimal,optimal,↑ increasing,→ stable,→ stable,99.9,✅ EXCELLENT,False,NONE,3.0,0.0,NONE
1780033935.657,81.5,91.4,32.3,1522.0,44.0,13.84,32.0,32.0,31.7,32.4,optimal,optimal,optimal,optimal,optimal,optimal,↑ increasing,→ stable,→ stable,99.9,✅ EXCELLENT,False,NONE,3.1,0.0,NONE
1780033936.659,82.0,90.4,31.8,1543.0,44.4,13.79,32.2,31.7,32.3,31.9,optimal,optimal,optimal,optimal,optimal,optimal,↑ increasing,→ stable,→ stable,99.9,✅ EXCELLENT,False,NONE,3.7,0.0,NONE
1780033937.661,81.0,89.6,31.9,1535.0,44.1,13.81,32.1,31.7,32.0,31.7,optimal,optimal,optimal,optimal,optimal,optimal,→ stable,→ stable,→ stable,99.9,✅ EXCELLENT,False,NONE,3.6,0.1,NONE
1780033938.662,81.8,90.3,32.4,1491.0,45.1,13.83,32.2,31.8,31.8,31.9,optimal,optimal,optimal,optimal,optimal,optimal,→ stable,→ stable,→ stable,99.9,✅ EXCELLENT,False,NONE,3.0,0.0,NONE
1780033939.663,81.3,89.8,32.4,1535.0,44.7,13.79,32.3,31.8,32.3,31.7,optimal,optimal,optimal,optimal,optimal,optimal,→ stable,→ stable,→ stable,99.9,✅ EXCELLENT,False,NONE,3.0,0.0,NONE
1780033940.663,80.8,88.5,32.0,1540.0,44.8,13.78,32.4,31.9,31.7,31.7,optimal,optimal,optimal,optimal,optimal,optimal,→ stable,→ stable,→ stable,99.9,✅ EXCELLENT,False,NONE,3.5,1.1,NONE
1780033941.665,81.9,88.8,32.0,1547.0,44.9,13.8,32.0,32.3,31.7,32.2,optimal,optimal,optimal,optimal,optimal,optimal,→ stable,→ stable,→ stable,99.9,✅ EXCELLENT,False,NONE,3.5,0.7,NONE
1780033943.201,78.6,91.0,31.7,1501.0,44.6,13.79,32.0,32.0,32.1,32.1,optimal,optimal,optimal,optimal,optimal,optimal,→ stable,→ stable,→ stable,99.9,✅ EXCELLENT,False,NONE,3.7,0.0,NONE
1780033944.203,82.5,90.9,31.7,1522.0,44.5,13.78,32.1,32.4,32.3,32.4,optimal,optimal,optimal,optimal,optimal,optimal,↑ increasing,→ stable,→ stable,99.9,✅ EXCELLENT,False,NONE,3.9,0.0,NONE
1780033945.204,77.7,89.0,31.7,1548.0,44.9,13.78,31.8,32.2,31.7,31.9,optimal,optimal,optimal,optimal,optimal,optimal,→ stable,→ stable,→ stable,99.9,✅ EXCELLENT,False,NONE,3.7,0.5,NONE
1780033946.205,82.8,89.7,32.1,1519.0,46.0,13.79,31.7,32.2,31.9,31.9,optimal,optimal,optimal,optimal,optimal,optimal,→ stable,↓ decreasing,→ stable,99.9,✅ EXCELLENT,False,NONE,3.4,0.0,NONE
1780033947.207,77.6,89.8,31.8,1530.0,45.9,13.78,31.9,32.0,31.6,31.7,optimal,optimal,optimal,optimal,optimal,optimal,→ stable,↓ decreasing,→ stable,99.9,✅ EXCELLENT,False,NONE,3.5,0.0,NONE
1780033948.208,78.1,89.2,31.9,1537.0,45.1,13.84,32.1,31.9,32.0,32.2,optimal,optimal,optimal,optimal,optimal,optimal,↓ decreasing,↓ decreasing,→ stable,99.9,✅ EXCELLENT,False,NONE,3.5,0.3,NONE
1780033949.209,78.9,90.7,32.2,1534.0,45.5,13.81,32.1,32.1,32.1,31.8,optimal,optimal,optimal,optimal,optimal,optimal,↓ decreasing,↓ decreasing,→ stable,99.9,✅ EXCELLENT,False,NONE,3.2,0.0,NONE
1780033950.21,77.9,90.7,32.4,1478.0,45.7,13.78,32.0,31.7,32.1,32.0,optimal,optimal,optimal,optimal,optimal,optimal,↓ decreasing,→ stable,→ stable,99.9,✅ EXCELLENT,False,NONE,2.9,0.0,NONE
1780033951.211,81.4,90.8,32.0,1497.0,44.9,13.82,32.1,32.2,31.7,32.1,optimal,optimal,optimal,optimal,optimal,optimal,↓ decreasing,→ stable,→ stable,99.9,✅ EXCELLENT,False,NONE,3.5,0.0,NONE
1780033952.213,78.5,90.3,31.8,1545.0,44.9,13.84,32.2,32.2,32.1,31.9,optimal,optimal,optimal,optimal,optimal,optimal,↓ decreasing,→ stable,→ stable,99.9,✅ EXCELLENT,False,NONE,3.6,0.0,NONE
1780033953.458,77.9,91.4,31.6,1503.0,44.7,13.85,31.8,31.6,32.1,31.9,optimal,optimal,optimal,optimal,optimal,optimal,↓ decreasing,→ stable,→ stable,99.9,✅ EXCELLENT,False,NONE,3.8,0.0,NONE
1780033954.459,79.4,89.1,32.0,1466.0,45.3,13.84,31.9,31.8,31.9,31.8,optimal,optimal,optimal,optimal,optimal,optimal,↓ decreasing,→ stable,→ stable,99.9,✅ EXCELLENT,False,NONE,3.4,0.4,NONE
1780033955.461,81.3,90.9,31.8,1453.0,45.8,13.81,32.2,32.4,32.1,32.3,optimal,optimal,optimal,optimal,optimal,optimal,↓ decreasing,→ stable,→ stable,99.9,✅ EXCELLENT,False,NONE,3.7,0.0,NONE
1780033956.462,80.1,88.9,32.1,1550.0,45.2,13.76,32.1,32.0,31.9,32.4,optimal,optimal,optimal,optimal,optimal,optimal,↓ decreasing,→ stable,→ stable,99.9,✅ EXCELLENT,False,NONE,3.3,0.6,NONE
1780033957.463,80.3,89.8,32.2,1549.0,45.4,13.81,32.0,32.3,31.9,32.1,optimal,optimal,optimal,optimal,optimal,optimal,↓ decreasing,→ stable,→ stable,99.9,✅ EXCELLENT,False,NONE,3.2,0.0,NONE
1780033958.464,81.4,89.7,32.3,1530.0,45.5,13.82,31.7,32.3,32.2,31.9,optimal,optimal,optimal,optimal,optimal,optimal,↓ decreasing,↑ increasing,→ stable,99.9,✅ EXCELLENT,False,NONE,3.1,0.0,NONE
1780033959.466,83.0,89.9,31.6,1533.0,44.3,13.84,31.8,31.7,31.9,31.7,optimal,optimal,optimal,optimal,optimal,optimal,→ stable,→ stable,→ stable,99.9,✅ EXCELLENT,False,NONE,4.0,0.0,NONE
1780033960.466,79.3,90.5,31.9,1532.0,44.5,13.79,31.7,31.8,32.4,31.8,optimal,optimal,optimal,optimal,optimal,optimal,↑ increasing,→ stable,→ stable,99.9,✅ EXCELLENT,False,NONE,3.5,0.0,NONE
1780033961.468,77.5,91.3,31.8,1537.0,44.6,13.81,32.3,32.0,31.7,31.9,optimal,optimal,optimal,optimal,optimal,optimal,→ stable,→ stable,→ stable,99.9,✅ EXCELLENT,False,NONE,3.5,0.0,NONE
1780033962.468,81.2,90.1,31.7,1504.0,44.6,13.79,32.3,32.0,32.0,32.0,optimal,optimal,optimal,optimal,optimal,optimal,↑ increasing,→ stable,→ stable,99.9,✅ EXCELLENT,False,NONE,3.8,0.0,NONE
1780033963.999,79.9,90.8,32.2,1465.0,45.7,13.77,31.6,31.8,32.2,31.7,optimal,optimal,optimal,optimal,optimal,optimal,↑ increasing,→ stable,→ stable,99.9,✅ EXCELLENT,False,NONE,3.2,0.0,NONE
1780033965.0,77.6,88.9,31.7,1540.0,44.7,13.75,31.6,32.3,32.2,32.0,optimal,optimal,optimal,optimal,optimal,optimal,↑ increasing,→ stable,→ stable,99.9,✅ EXCELLENT,False,NONE,3.7,0.6,NONE
1780033966.001,81.2,90.0,32.3,1537.0,45.7,13.76,31.8,32.1,32.2,32.3,optimal,optimal,optimal,optimal,optimal,optimal,↑ increasing,→ stable,→ stable,99.9,✅ EXCELLENT,False,NONE,3.1,0.0,NONE
1780033967.001,80.7,90.0,31.7,1475.0,45.0,13.77,31.9,31.6,31.8,31.6,optimal,optimal,optimal,optimal,optimal,optimal,↑ increasing,→ stable,→ stable,99.9,✅ EXCELLENT,False,NONE,3.8,0.0,NONE
1780033968.003,78.3,91.5,31.9,1517.0,44.2,13.82,32.1,31.6,32.0,32.2,optimal,optimal,optimal,optimal,optimal,optimal,↑ increasing,→ stable,→ stable,99.9,✅ EXCELLENT,False,NONE,3.5,0.0,NONE
1780033969.005,82.7,89.0,31.9,1453.0,44.3,13.79,31.8,32.1,31.6,31.9,optimal,optimal,optimal,optimal,optimal,optimal,→ stable,→ stable,→ stable,99.9,✅ EXCELLENT,False,NONE,3.7,0.5,NONE
1780033970.006,77.2,91.3,32.1,1486.0,45.6,13.77,32.1,32.4,32.1,32.4,optimal,optimal,optimal,optimal,optimal,optimal,↓ decreasing,→ stable,→ stable,99.9,✅ EXCELLENT,False,NONE,3.2,0.0,NONE
1780033971.008,79.5,91.0,32.0,1483.0,45.2,13.81,32.2,31.8,32.3,32.0,optimal,optimal,optimal,optimal,optimal,optimal,↓ decreasing,→ stable,→ stable,99.9,✅ EXCELLENT,False,NONE,3.4,0.0,NONE
1780033972.01,77.3,90.5,32.3,1547.0,44.2,13.83,31.7,32.0,31.9,32.1,optimal,optimal,optimal,optimal,optimal,optimal,→ stable,→ stable,→ stable,99.9,✅ EXCELLENT,False,NONE,3.0,0.0,NONE
1780033973.01,79.4,91.3,32.3,1504.0,45.1,13.77,32.0,31.9,32.2,32.0,optimal,optimal,optimal,optimal,optimal,optimal,↓ decreasing,→ stable,→ stable,99.9,✅ EXCELLENT,False,NONE,3.1,0.0,NONE
1780033974.334,81.1,90.2,31.7,1480.0,44.5,13.82,32.1,31.8,31.7,32.1,optimal,optimal,optimal,optimal,optimal,optimal,↓ decreasing,→ stable,→ stable,99.9,✅ EXCELLENT,False,NONE,3.8,0.0,NONE
1780033975.335,81.7,90.8,31.7,1451.0,44.6,13.75,31.9,32.3,32.1,32.3,optimal,optimal,optimal,optimal,optimal,optimal,→ stable,→ stable,→ stable,99.9,✅ EXCELLENT,False,NONE,3.9,0.0,NONE
1780033976.337,77.4,90.8,32.2,1509.0,44.1,13.76,32.3,32.3,32.3,32.3,optimal,optimal,optimal,optimal,optimal,optimal,↓ decreasing,↑ increasing,→ stable,99.9,✅ EXCELLENT,False,NONE,3.1,0.0,NONE
1780033977.338,78.2,90.1,32.2,1485.0,44.6,13.82,32.3,31.9,32.4,32.2,optimal,optimal,optimal,optimal,optimal,optimal,↓ decreasing,↑ increasing,→ stable,99.9,✅ EXCELLENT,False,NONE,3.1,0.0,NONE
1780033978.341,77.5,89.7,31.8,1520.0,45.7,13.78,32.0,32.2,31.7,32.0,optimal,optimal,optimal,optimal,optimal,optimal,↓ decreasing,→ stable,→ stable,99.9,✅ EXCELLENT,False,NONE,3.5,0.0,NONE
1780033979.341,78.3,90.4,32.2,1511.0,44.8,13.81,32.1,31.9,32.2,32.4,optimal,optimal,optimal,optimal,optimal,optimal,↓ decreasing,→ stable,→ stable,99.9,✅ EXCELLENT,False,NONE,3.1,0.0,NONE
1780033980.342,77.3,91.0,31.7,1459.0,45.6,13.83,32.0,32.1,31.9,32.3,optimal,optimal,optimal,optimal,optimal,optimal,↓ decreasing,→ stable,→ stable,99.9,✅ EXCELLENT,False,NONE,3.6,0.0,NONE
1780033981.344,80.0,88.9,32.3,1490.0,44.2,13.79,31.9,31.8,32.0,31.9,optimal,optimal,optimal,optimal,optimal,optimal,↓ decreasing,→ stable,→ stable,99.9,✅ EXCELLENT,False,NONE,3.1,0.6,NONE
1780033982.345,82.4,91.3,32.3,1528.0,44.1,13.79,32.2,31.8,32.1,32.3,optimal,optimal,optimal,optimal,optimal,optimal,→ stable,→ stable,→ stable,99.9,✅ EXCELLENT,False,NONE,3.2,0.0,NONE
1780033983.346,82.7,91.0,32.4,1492.0,46.0,13.77,32.0,32.2,32.0,32.4,optimal,optimal,optimal,optimal,optimal,optimal,→ stable,→ stable,→ stable,99.9,✅ EXCELLENT,False,NONE,3.1,0.0,NONE
1780033984.68,80.6,91.3,32.1,1491.0,45.6,13.8,31.9,31.8,32.3,31.8,optimal,optimal,optimal,optimal,optimal,optimal,→ stable,→ stable,→ stable,99.9,✅ EXCELLENT,False,NONE,3.3,0.0,NONE
1780033985.681,79.0,89.6,31.9,1474.0,45.9,13.81,31.8,31.7,32.1,31.9,optimal,optimal,optimal,optimal,optimal,optimal,↓ decreasing,→ stable,→ stable,99.9,✅ EXCELLENT,False,NONE,3.5,0.1,NONE
1780033986.683,81.5,91.2,32.3,1454.0,44.8,13.8,32.1,31.7,31.6,32.2,optimal,optimal,optimal,optimal,optimal,optimal,→ stable,→ stable,→ stable,99.9,✅ EXCELLENT,False,NONE,3.1,0.0,NONE
1780033987.684,82.2,91.1,32.2,1480.0,45.8,13.83,31.7,31.6,32.4,32.2,optimal,optimal,optimal,optimal,optimal,optimal,↑ increasing,→ stable,→ stable,99.9,✅ EXCELLENT,False,NONE,3.3,0.0,NONE
1780033988.686,80.1,91.0,32.2,1478.0,44.2,13.75,32.1,31.9,31.9,31.6,optimal,optimal,optimal,optimal,optimal,optimal,↑ increasing,→ stable,→ stable,99.9,✅ EXCELLENT,False,NONE,3.2,0.0,NONE
1780033989.688,82.3,90.6,31.9,1457.0,45.7,13.77,32.3,32.3,31.7,32.1,optimal,optimal,optimal,optimal,optimal,optimal,↑ increasing,→ stable,→ stable,99.9,✅ EXCELLENT,False,NONE,3.6,0.0,NONE
1780033990.69,82.9,88.5,31.8,1463.0,44.3,13.82,32.0,32.1,32.0,31.9,optimal,optimal,optimal,optimal,optimal,optimal,↑ increasing,→ stable,→ stable,99.9,✅ EXCELLENT,False,NONE,3.8,1.1,NONE
1780033991.69,80.8,88.9,32.3,1513.0,44.6,13.75,32.2,31.9,31.8,31.8,optimal,optimal,optimal,optimal,optimal,optimal,↑ increasing,→ stable,→ stable,99.9,✅ EXCELLENT,False,NONE,3.1,0.6,NONE
1780033992.692,81.7,90.7,32.1,1481.0,45.7,13.79,31.9,32.0,31.8,32.1,optimal,optimal,optimal,optimal,optimal,optimal,↑ increasing,→ stable,→ stable,99.9,✅ EXCELLENT,False,NONE,3.4,0.0,NONE
1780033993.694,82.1,91.5,32.1,1491.0,44.4,13.77,32.2,31.7,32.3,32.1,optimal,optimal,optimal,optimal,optimal,optimal,↑ increasing,→ stable,→ stable,99.9,✅ EXCELLENT,False,NONE,3.4,0.0,NONE
1780033994.889,78.1,91.3,31.9,1531.0,45.5,13.83,32.3,31.9,31.8,31.9,optimal,optimal,optimal,optimal,optimal,optimal,↑ increasing,→ stable,→ stable,99.9,✅ EXCELLENT,False,NONE,3.5,0.0,NONE
1780033995.89,80.1,89.0,32.3,1495.0,45.9,13.82,31.6,31.8,32.2,31.8,optimal,optimal,optimal,optimal,optimal,optimal,↑ increasing,→ stable,→ stable,99.9,✅ EXCELLENT,False,NONE,3.1,0.5,NONE
1780033996.892,82.9,89.7,31.8,1534.0,44.1,13.8,32.3,32.2,32.2,31.8,optimal,optimal,optimal,optimal,optimal,optimal,↑ increasing,→ stable,→ stable,99.9,✅ EXCELLENT,False,NONE,3.8,0.0,NONE
1780033997.893,78.2,89.6,32.1,1454.0,45.7,13.83,31.8,32.2,32.2,31.9,optimal,optimal,optimal,optimal,optimal,optimal,↑ increasing,→ stable,→ stable,99.9,✅ EXCELLENT,False,NONE,3.2,0.1,NONE
1780033998.895,79.4,90.7,32.2,1539.0,44.6,13.84,32.0,31.7,31.8,31.8,optimal,optimal,optimal,optimal,optimal,optimal,→ stable,↓ decreasing,→ stable,99.9,✅ EXCELLENT,False,NONE,3.2,0.0,NONE
1780033999.897,80.7,91.2,32.4,1503.0,44.4,13.85,32.0,32.1,31.9,31.9,optimal,optimal,optimal,optimal,optimal,optimal,→ stable,↓ decreasing,→ stable,99.9,✅ EXCELLENT,False,NONE,3.0,0.0,NONE
1780034000.898,77.1,89.1,32.1,1456.0,44.3,13.81,31.9,32.3,32.4,32.0,optimal,optimal,optimal,optimal,optimal,optimal,↓ decreasing,→ stable,→ stable,99.9,✅ EXCELLENT,False,NONE,3.2,0.4,NONE
1780034001.898,78.5,90.8,32.4,1518.0,44.8,13.8,31.8,31.7,32.1,32.1,optimal,optimal,optimal,optimal,optimal,optimal,↓ decreasing,→ stable,→ stable,99.9,✅ EXCELLENT,False,NONE,2.9,0.0,NONE
1780034002.9,80.3,89.6,31.7,1478.0,45.8,13.84,31.9,31.7,31.7,32.2,optimal,optimal,optimal,optimal,optimal,optimal,↓ decreasing,→ stable,→ stable,99.9,✅ EXCELLENT,False,NONE,3.8,0.1,NONE
1780034003.901,77.9,91.3,32.1,1468.0,45.8,13.83,31.8,31.8,31.8,32.3,optimal,optimal,optimal,optimal,optimal,optimal,↓ decreasing,→ stable,→ stable,99.9,✅ EXCELLENT,False,NONE,3.2,0.0,NONE
1780034005.52,78.0,90.6,32.0,1533.0,44.1,13.79,32.3,31.9,31.9,31.8,optimal,optimal,optimal,optimal,optimal,optimal,↓ decreasing,→ stable,→ stable,99.9,✅ EXCELLENT,False,NONE,3.3,0.0,NONE
1780034006.522,82.4,89.7,31.9,1491.0,44.3,13.85,32.2,32.2,31.8,32.4,optimal,optimal,optimal,optimal,optimal,optimal,↓ decreasing,→ stable,→ stable,99.9,✅ EXCELLENT,False,NONE,3.6,0.0,NONE
1780034007.524,82.8,91.3,31.7,1520.0,44.1,13.77,32.3,31.7,32.4,32.2,optimal,optimal,optimal,optimal,optimal,optimal,↓ decreasing,→ stable,→ stable,99.9,✅ EXCELLENT,False,NONE,3.9,0.0,NONE
1780034008.525,78.1,89.3,31.8,1504.0,45.2,13.78,32.0,32.3,31.6,32.0,optimal,optimal,optimal,optimal,optimal,optimal,↓ decreasing,→ stable,→ stable,99.9,✅ EXCELLENT,False,NONE,3.6,0.2,NONE
1780034009.526,78.4,89.2,32.2,1547.0,44.7,13.79,32.4,31.8,32.4,32.2,optimal,optimal,optimal,optimal,optimal,optimal,↓ decreasing,→ stable,→ stable,99.9,✅ EXCELLENT,False,NONE,3.1,0.3,NONE
1780034010.527,79.7,90.7,31.9,1504.0,45.6,13.82,31.9,31.9,31.9,31.8,optimal,optimal,optimal,optimal,optimal,optimal,↓ decreasing,→ stable,→ stable,99.9,✅ EXCELLENT,False,NONE,3.5,0.0,NONE
1780034011.528,81.4,89.0,32.2,1475.0,46.0,13.77,31.8,32.0,32.4,31.8,optimal,optimal,optimal,optimal,optimal,optimal,→ stable,→ stable,→ stable,99.9,✅ EXCELLENT,False,NONE,3.3,0.5,NONE
1780034012.53,77.9,88.8,32.0,1520.0,44.7,13.8,31.7,32.1,31.9,32.4,optimal,optimal,optimal,optimal,optimal,optimal,→ stable,→ stable,→ stable,99.9,✅ EXCELLENT,False,NONE,3.3,0.7,NONE
1780034013.531,82.9,89.7,31.8,1514.0,45.8,13.78,32.2,32.1,31.7,32.0,optimal,optimal,optimal,optimal,optimal,optimal,→ stable,→ stable,→ stable,99.9,✅ EXCELLENT,False,NONE,3.8,0.0,NONE
1780034014.533,80.8,88.7,32.2,1458.0,44.3,13.83,31.9,32.3,32.2,32.1,optimal,optimal,optimal,optimal,optimal,optimal,↑ increasing,↓ decreasing,→ stable,99.9,✅ EXCELLENT,False,NONE,3.2,0.8,NONE
1780034015.862,81.7,89.1,32.2,1532.0,44.7,13.85,32.1,32.4,31.8,31.8,optimal,optimal,optimal,optimal,optimal,optimal,↑ increasing,↓ decreasing,→ stable,99.9,✅ EXCELLENT,False,NONE,3.3,0.4,NONE
1780034016.863,82.7,88.7,32.3,1474.0,45.7,13.8,32.0,32.2,31.9,31.8,optimal,optimal,optimal,optimal,optimal,optimal,↑ increasing,↓ decreasing,→ stable,99.9,✅ EXCELLENT,False,NONE,3.2,0.8,NONE
1780034017.865,78.1,89.6,32.2,1549.0,45.6,13.77,32.4,31.9,31.7,32.2,optimal,optimal,optimal,optimal,optimal,optimal,↑ increasing,↓ decreasing,→ stable,99.9,✅ EXCELLENT,False,NONE,3.1,0.1,NONE
1780034018.867,80.8,90.7,32.3,1486.0,45.2,13.83,32.4,31.7,32.3,31.9,optimal,optimal,optimal,optimal,optimal,optimal,↑ increasing,↓ decreasing,→ stable,99.9,✅ EXCELLENT,False,NONE,3.1,0.0,NONE
1780034019.868,77.9,89.1,32.2,1519.0,44.1,13.81,32.4,32.1,32.0,32.1,optimal,optimal,optimal,optimal,optimal,optimal,↑ increasing,↓ decreasing,→ stable,99.9,✅ EXCELLENT,False,NONE,3.1,0.4,NONE
1780034020.87,81.8,90.5,32.3,1539.0,44.2,13.81,31.8,32.0,32.3,32.3,optimal,optimal,optimal,optimal,optimal,optimal,↑ increasing,↓ decreasing,→ stable,99.9,✅ EXCELLENT,False,NONE,3.2,0.0,NONE
1780034021.87,78.8,88.6,32.4,1494.0,44.3,13.82,32.0,32.0,32.0,31.9,optimal,optimal,optimal,optimal,optimal,optimal,↑ increasing,↓ decreasing,→ stable,99.9,✅ EXCELLENT,False,NONE,2.9,1.0,NONE
1780034022.872,82.2,90.6,32.0,1509.0,44.9,13.76,31.9,32.1,32.3,32.2,optimal,optimal,optimal,optimal,optimal,optimal,↑ increasing,→ stable,→ stable,99.9,✅ EXCELLENT,False,NONE,3.5,0.0,NONE
1780034023.873,82.3,90.2,31.7,1510.0,45.7,13.77,32.3,32.0,31.7,31.9,optimal,optimal,optimal,optimal,optimal,optimal,↑ increasing,→ stable,→ stable,99.9,✅ EXCELLENT,False,NONE,3.9,0.0,NONE
1780034024.874,82.0,89.2,32.1,1476.0,45.7,13.78,32.1,32.2,32.2,31.8,optimal,optimal,optimal,optimal,optimal,optimal,↑ increasing,→ stable,→ stable,99.9,✅ EXCELLENT,False,NONE,3.4,0.3,NONE
1780034026.294,82.5,91.3,32.3,1532.0,44.4,13.84,32.0,31.7,32.1,31.7,optimal,optimal,optimal,optimal,optimal,optimal,→ stable,→ stable,→ stable,99.9,✅ EXCELLENT,False,NONE,3.2,0.0,NONE
1780034027.295,78.5,91.1,31.8,1510.0,45.8,13.83,31.8,31.9,31.7,32.2,optimal,optimal,optimal,optimal,optimal,optimal,→ stable,↑ increasing,→ stable,99.9,✅ EXCELLENT,False,NONE,3.6,0.0,NONE
1780034028.297,77.5,88.5,31.8,1545.0,44.1,13.82,32.0,32.2,31.8,32.1,optimal,optimal,optimal,optimal,optimal,optimal,→ stable,↑ increasing,→ stable,99.9,✅ EXCELLENT,False,NONE,3.5,1.1,NONE
1780034029.298,81.2,89.9,32.0,1476.0,46.0,13.81,31.9,32.1,32.0,31.6,optimal,optimal,optimal,optimal,optimal,optimal,→ stable,→ stable,→ stable,99.9,✅ EXCELLENT,False,NONE,3.5,0.0,NONE
1780034030.299,79.9,91.1,32.0,1472.0,44.2,13.82,32.3,31.8,31.9,31.9,optimal,optimal,optimal,optimal,optimal,optimal,→ stable,↑ increasing,→ stable,99.9,✅ EXCELLENT,False,NONE,3.4,0.0,NONE
1780034031.301,77.9,91.1,32.3,1469.0,45.6,13.84,31.6,32.2,32.3,32.1,optimal,optimal,optimal,optimal,optimal,optimal,→ stable,↑ increasing,→ stable,99.9,✅ EXCELLENT,False,NONE,3.0,0.0,NONE
1780034032.302,78.7,89.2,32.4,1503.0,45.9,13.82,32.1,32.0,31.8,32.1,optimal,optimal,optimal,optimal,optimal,optimal,→ stable,↑ increasing,→ stable,99.9,✅ EXCELLENT,False,NONE,2.9,0.3,NONE
1780034033.303,79.5,91.0,32.2,1467.0,45.5,13.8,32.0,31.7,32.3,31.7,optimal,optimal,optimal,optimal,optimal,optimal,↓ decreasing,↑ increasing,→ stable,99.9,✅ EXCELLENT,False,NONE,3.2,0.0,NONE
1780034034.304,79.5,89.7,32.4,1461.0,45.8,13.78,32.3,32.3,32.3,31.9,optimal,optimal,optimal,optimal,optimal,optimal,↓ decreasing,↑ increasing,→ stable,99.9,✅ EXCELLENT,False,NONE,3.0,0.0,NONE
1780034035.306,80.0,89.0,31.7,1482.0,45.0,13.75,32.0,32.2,32.0,32.1,optimal,optimal,optimal,optimal,optimal,optimal,↓ decreasing,↑ increasing,→ stable,99.9,✅ EXCELLENT,False,NONE,3.8,0.5,NONE
1780034037.193,81.7,88.8,32.3,1476.0,44.5,13.77,31.9,31.7,31.7,32.4,optimal,optimal,optimal,optimal,optimal,optimal,↓ decreasing,→ stable,→ stable,99.9,✅ EXCELLENT,False,NONE,3.2,0.7,NONE
1780034038.195,78.8,90.8,31.6,1527.0,44.3,13.82,32.1,31.8,32.0,32.1,optimal,optimal,optimal,optimal,optimal,optimal,↓ decreasing,→ stable,→ stable,99.9,✅ EXCELLENT,False,NONE,3.8,0.0,NONE
1780034039.197,79.5,90.9,32.4,1466.0,45.1,13.75,32.3,31.8,32.1,31.9,optimal,optimal,optimal,optimal,optimal,optimal,↓ decreasing,→ stable,→ stable,99.9,✅ EXCELLENT,False,NONE,3.0,0.0,NONE
1780034040.2,77.9,89.1,31.8,1457.0,46.0,13.83,32.0,32.3,32.0,31.9,optimal,optimal,optimal,optimal,optimal,optimal,↓ decreasing,→ stable,→ stable,99.9,✅ EXCELLENT,False,NONE,3.6,0.4,NONE
1780034041.201,78.5,90.4,31.8,1531.0,44.1,13.8,31.8,32.1,32.4,31.7,optimal,optimal,optimal,optimal,optimal,optimal,↓ decreasing,→ stable,→ stable,99.9,✅ EXCELLENT,False,NONE,3.6,0.0,NONE
1780034042.202,79.8,89.9,32.1,1459.0,44.9,13.8,32.0,32.0,31.8,32.1,optimal,optimal,optimal,optimal,optimal,optimal,↓ decreasing,→ stable,→ stable,99.9,✅ EXCELLENT,False,NONE,3.3,0.0,NONE
1780034043.202,79.2,88.8,32.3,1466.0,44.6,13.84,32.0,32.0,32.2,32.3,optimal,optimal,optimal,optimal,optimal,optimal,↓ decreasing,→ stable,→ stable,99.9,✅ EXCELLENT,False,NONE,3.1,0.7,NONE
1780034044.203,79.0,88.6,32.1,1530.0,45.7,13.81,32.2,31.9,31.7,31.7,optimal,optimal,optimal,optimal,optimal,optimal,↓ decreasing,↓ decreasing,→ stable,99.9,✅ EXCELLENT,False,NONE,3.3,1.0,NONE
1780034045.206,81.8,90.0,32.0,1534.0,44.1,13.78,32.1,32.2,31.7,32.1,optimal,optimal,optimal,optimal,optimal,optimal,→ stable,↓ decreasing,→ stable,99.9,✅ EXCELLENT,False,NONE,3.5,0.0,NONE
1780034046.207,78.9,91.5,32.1,1500.0,44.1,13.84,32.2,32.4,32.0,32.3,optimal,optimal,optimal,optimal,optimal,optimal,→ stable,→ stable,→ stable,99.9,✅ EXCELLENT,False,NONE,3.3,0.0,NONE
1780034047.727,81.6,89.1,31.8,1467.0,44.9,13.85,31.7,32.4,32.1,32.3,optimal,optimal,optimal,optimal,optimal,optimal,→ stable,→ stable,→ stable,99.9,✅ EXCELLENT,False,NONE,3.7,0.4,NONE
1780034048.728,78.1,91.4,31.8,1471.0,44.6,13.79,32.4,32.2,32.1,31.6,optimal,optimal,optimal,optimal,optimal,optimal,→ stable,→ stable,→ stable,99.9,✅ EXCELLENT,False,NONE,3.6,0.0,NONE
1780034049.729,78.1,90.4,31.7,1458.0,44.2,13.77,32.1,32.1,32.3,31.7,optimal,optimal,optimal,optimal,optimal,optimal,→ stable,→ stable,→ stable,99.9,✅ EXCELLENT,False,NONE,3.7,0.0,NONE
1780034050.73,77.5,89.0,31.9,1458.0,45.8,13.84,31.9,32.2,32.1,32.3,optimal,optimal,optimal,optimal,optimal,optimal,→ stable,→ stable,→ stable,99.9,✅ EXCELLENT,False,NONE,3.4,0.5,NONE
1780034051.73,80.4,89.2,32.0,1499.0,44.1,13.83,31.8,31.6,31.9,32.3,optimal,optimal,optimal,optimal,optimal,optimal,→ stable,→ stable,→ stable,99.9,✅ EXCELLENT,False,NONE,3.4,0.3,NONE
1780034052.731,79.5,90.6,32.4,1536.0,45.9,13.77,31.8,32.2,32.0,31.7,optimal,optimal,optimal,optimal,optimal,optimal,→ stable,→ stable,→ stable,99.9,✅ EXCELLENT,False,NONE,3.0,0.0,NONE
1780034053.733,81.9,90.2,31.9,1514.0,45.1,13.79,32.0,32.1,32.4,31.8,optimal,optimal,optimal,optimal,optimal,optimal,→ stable,→ stable,→ stable,99.9,✅ EXCELLENT,False,NONE,3.6,0.0,NONE
1780034054.734,82.3,89.2,32.1,1484.0,44.6,13.85,32.0,31.8,32.3,31.7,optimal,optimal,optimal,optimal,optimal,optimal,↑ increasing,→ stable,→ stable,99.9,✅ EXCELLENT,False,NONE,3.4,0.3,NONE
1780034055.735,77.5,91.1,31.7,1534.0,45.5,13.82,32.2,32.1,31.7,32.1,optimal,optimal,optimal,optimal,optimal,optimal,→ stable,↑ increasing,→ stable,99.9,✅ EXCELLENT,False,NONE,3.7,0.0,NONE
1780034056.737,80.7,90.9,31.7,1462.0,45.9,13.8,32.4,31.8,32.0,32.4,optimal,optimal,optimal,optimal,optimal,optimal,→ stable,→ stable,→ stable,99.9,✅ EXCELLENT,False,NONE,3.8,0.0,NONE
1780034058.261,82.3,89.5,32.2,1457.0,44.0,13.78,31.9,32.4,31.9,32.2,optimal,optimal,optimal,optimal,optimal,optimal,→ stable,→ stable,→ stable,99.9,✅ EXCELLENT,False,NONE,3.3,0.1,NONE
1780034059.263,80.6,90.7,31.8,1460.0,45.7,13.78,32.3,31.7,32.2,32.3,optimal,optimal,optimal,optimal,optimal,optimal,↑ increasing,→ stable,→ stable,99.9,✅ EXCELLENT,False,NONE,3.7,0.0,NONE
1780034060.265,82.8,89.7,32.4,1451.0,45.3,13.83,32.3,32.1,32.2,31.8,optimal,optimal,optimal,optimal,optimal,optimal,↑ increasing,→ stable,→ stable,99.9,✅ EXCELLENT,False,NONE,3.1,0.0,NONE
1780034061.268,81.0,90.0,32.0,1487.0,44.5,13.75,32.4,32.1,31.7,32.2,optimal,optimal,optimal,optimal,optimal,optimal,↑ increasing,→ stable,→ stable,99.9,✅ EXCELLENT,False,NONE,3.5,0.0,NONE
1780034062.269,77.7,88.7,31.6,1461.0,45.2,13.85,31.8,32.0,31.6,31.9,optimal,optimal,optimal,optimal,optimal,optimal,↑ increasing,→ stable,→ stable,99.9,✅ EXCELLENT,False,NONE,3.8,0.8,NONE
1780034063.271,82.4,91.0,32.0,1505.0,45.2,13.76,31.8,31.6,31.6,32.1,optimal,optimal,optimal,optimal,optimal,optimal,↑ increasing,→ stable,→ stable,99.9,✅ EXCELLENT,False,NONE,3.5,0.0,NONE
1780034064.273,80.7,88.6,32.3,1476.0,44.7,13.82,31.9,31.9,31.9,31.6,optimal,optimal,optimal,optimal,optimal,optimal,↑ increasing,→ stable,→ stable,99.9,✅ EXCELLENT,False,NONE,3.1,1.0,NONE
1780034065.275,78.5,90.0,32.2,1516.0,45.8,13.76,32.0,32.1,31.6,32.3,optimal,optimal,optimal,optimal,optimal,optimal,→ stable,→ stable,→ stable,99.9,✅ EXCELLENT,False,NONE,3.1,0.0,NONE
1780034066.276,81.6,89.3,32.1,1497.0,44.5,13.84,31.9,31.8,32.3,32.3,optimal,optimal,optimal,optimal,optimal,optimal,↑ increasing,→ stable,→ stable,99.9,✅ EXCELLENT,False,NONE,3.4,0.2,NONE
1780034067.277,82.6,91.1,32.3,1459.0,45.6,13.77,32.0,32.2,32.2,31.9,optimal,optimal,optimal,optimal,optimal,optimal,↑ increasing,→ stable,→ stable,99.9,✅ EXCELLENT,False,NONE,3.2,0.0,NONE
1780034068.774,77.7,89.6,31.9,1487.0,45.2,13.82,32.0,31.9,32.0,32.3,optimal,optimal,optimal,optimal,optimal,optimal,↑ increasing,→ stable,→ stable,99.9,✅ EXCELLENT,False,NONE,3.4,0.1,NONE
1780034069.776,80.5,89.2,32.3,1458.0,45.3,13.81,32.2,31.8,31.7,32.2,optimal,optimal,optimal,optimal,optimal,optimal,→ stable,→ stable,→ stable,99.9,✅ EXCELLENT,False,NONE,3.1,0.3,NONE
1780034070.777,81.8,90.7,31.8,1459.0,44.3,13.82,32.0,32.4,31.9,32.1,optimal,optimal,optimal,optimal,optimal,optimal,→ stable,→ stable,→ stable,99.9,✅ EXCELLENT,False,NONE,3.7,0.0,NONE
1780034071.779,80.8,91.5,32.2,1490.0,45.1,13.76,32.2,31.9,32.1,31.9,optimal,optimal,optimal,optimal,optimal,optimal,→ stable,→ stable,→ stable,99.9,✅ EXCELLENT,False,NONE,3.2,0.0,NONE
1780034072.78,78.8,91.1,32.0,1455.0,45.5,13.77,32.1,31.9,31.8,32.0,optimal,optimal,optimal,optimal,optimal,optimal,→ stable,→ stable,→ stable,99.9,✅ EXCELLENT,False,NONE,3.4,0.0,NONE
1780034073.782,80.9,91.3,32.1,1469.0,45.7,13.78,32.4,32.2,32.1,32.2,optimal,optimal,optimal,optimal,optimal,optimal,↓ decreasing,→ stable,→ stable,99.9,✅ EXCELLENT,False,NONE,3.4,0.0,NONE
1780034074.783,77.4,90.0,32.1,1502.0,44.0,13.76,32.1,31.7,31.7,32.0,optimal,optimal,optimal,optimal,optimal,optimal,↓ decreasing,→ stable,→ stable,99.9,✅ EXCELLENT,False,NONE,3.2,0.0,NONE
1780034075.785,78.9,90.3,31.7,1492.0,45.7,13.78,31.8,31.8,32.4,32.1,optimal,optimal,optimal,optimal,optimal,optimal,→ stable,→ stable,→ stable,99.9,✅ EXCELLENT,False,NONE,3.7,0.0,NONE
1780034076.786,82.4,88.6,32.3,1469.0,45.4,13.84,32.3,31.7,31.8,31.7,optimal,optimal,optimal,optimal,optimal,optimal,↓ decreasing,→ stable,→ stable,99.9,✅ EXCELLENT,False,NONE,3.2,1.0,NONE
1780034077.787,79.6,91.2,31.7,1516.0,44.5,13.83,31.8,31.6,31.8,32.3,optimal,optimal,optimal,optimal,optimal,optimal,↓ decreasing,→ stable,→ stable,99.9,✅ EXCELLENT,False,NONE,3.8,0.0,NONE
1780034079.31,82.1,89.1,31.8,1468.0,44.5,13.76,31.7,31.8,31.9,31.7,optimal,optimal,optimal,optimal,optimal,optimal,→ stable,→ stable,→ stable,99.9,✅ EXCELLENT,False,NONE,3.8,0.4,NONE
1780034080.311,82.0,88.9,31.8,1500.0,45.9,13.81,31.8,32.4,32.1,32.1,optimal,optimal,optimal,optimal,optimal,optimal,→ stable,↑ increasing,→ stable,99.9,✅ EXCELLENT,False,NONE,3.7,0.6,NONE
1780034081.312,82.6,91.3,32.1,1494.0,45.3,13.81,32.0,32.0,32.0,31.6,optimal,optimal,optimal,optimal,optimal,optimal,→ stable,↑ increasing,→ stable,99.9,✅ EXCELLENT,False,NONE,3.4,0.0,NONE
1780034082.314,79.7,91.0,32.1,1469.0,45.3,13.84,31.7,32.4,31.8,31.7,optimal,optimal,optimal,optimal,optimal,optimal,→ stable,→ stable,→ stable,99.9,✅ EXCELLENT,False,NONE,3.3,0.0,NONE
1780034083.315,77.9,90.1,32.3,1462.0,45.1,13.83,32.4,32.3,32.0,32.0,optimal,optimal,optimal,optimal,optimal,optimal,→ stable,→ stable,→ stable,99.9,✅ EXCELLENT,False,NONE,3.0,0.0,NONE
1780034084.316,77.2,91.0,32.2,1538.0,44.7,13.83,32.0,32.1,31.9,32.3,optimal,optimal,optimal,optimal,optimal,optimal,→ stable,→ stable,→ stable,99.9,✅ EXCELLENT,False,NONE,3.1,0.0,NONE
1780034085.318,77.6,90.3,32.0,1526.0,45.7,13.79,32.0,32.2,31.8,31.8,optimal,optimal,optimal,optimal,optimal,optimal,→ stable,→ stable,→ stable,99.9,✅ EXCELLENT,False,NONE,3.3,0.0,NONE
1780034086.318,80.8,91.3,31.8,1475.0,45.8,13.84,32.1,32.3,32.3,32.0,optimal,optimal,optimal,optimal,optimal,optimal,→ stable,→ stable,→ stable,99.9,✅ EXCELLENT,False,NONE,3.7,0.0,NONE
1780034087.32,81.9,91.2,32.0,1514.0,45.8,13.77,31.6,32.1,32.3,31.7,optimal,optimal,optimal,optimal,optimal,optimal,→ stable,→ stable,→ stable,99.9,✅ EXCELLENT,False,NONE,3.5,0.0,NONE
1780034088.32,78.4,91.5,31.7,1547.0,45.2,13.82,32.1,31.9,31.9,31.9,optimal,optimal,optimal,optimal,optimal,optimal,→ stable,→ stable,→ stable,99.9,✅ EXCELLENT,False,NONE,3.7,0.0,NONE
1780034089.912,78.4,90.7,32.0,1534.0,45.9,13.85,32.3,32.1,32.2,32.3,optimal,optimal,optimal,optimal,optimal,optimal,↓ decreasing,→ stable,→ stable,99.9,✅ EXCELLENT,False,NONE,3.4,0.0,NONE
1780034090.913,80.4,90.6,32.2,1538.0,44.0,13.78,31.9,32.1,32.2,31.9,optimal,optimal,optimal,optimal,optimal,optimal,↓ decreasing,↑ increasing,→ stable,99.9,✅ EXCELLENT,False,NONE,3.2,0.0,NONE
1780034091.915,77.8,88.5,31.6,1522.0,45.0,13.82,31.6,32.2,32.1,32.0,optimal,optimal,optimal,optimal,optimal,optimal,↓ decreasing,→ stable,→ stable,99.9,✅ EXCELLENT,False,NONE,3.8,1.1,NONE
1780034092.919,78.6,90.2,31.7,1518.0,45.1,13.85,32.2,31.7,32.4,32.2,optimal,optimal,optimal,optimal,optimal,optimal,↓ decreasing,→ stable,→ stable,99.9,✅ EXCELLENT,False,NONE,3.7,0.0,NONE
1780034093.92,80.6,89.1,32.4,1541.0,45.6,13.78,32.0,31.7,32.4,31.6,optimal,optimal,optimal,optimal,optimal,optimal,↓ decreasing,→ stable,→ stable,99.9,✅ EXCELLENT,False,NONE,3.0,0.4,NONE
1780034094.921,77.0,90.1,32.1,1527.0,45.6,13.85,32.1,31.6,32.4,31.9,optimal,optimal,optimal,optimal,optimal,optimal,↓ decreasing,→ stable,→ stable,99.9,✅ EXCELLENT,False,NONE,3.2,0.0,NONE
1780034095.923,77.3,89.9,31.8,1527.0,45.9,13.76,31.7,31.8,31.6,32.2,optimal,optimal,optimal,optimal,optimal,optimal,↓ decreasing,→ stable,→ stable,99.9,✅ EXCELLENT,False,NONE,3.5,0.0,NONE
1780034096.924,80.0,91.4,31.8,1515.0,45.3,13.77,32.2,31.8,32.0,32.3,optimal,optimal,optimal,optimal,optimal,optimal,↓ decreasing,→ stable,→ stable,99.9,✅ EXCELLENT,False,NONE,3.7,0.0,NONE
1780034097.926,77.5,89.0,32.1,1466.0,45.7,13.82,32.3,32.3,31.8,31.8,optimal,optimal,optimal,optimal,optimal,optimal,↓ decreasing,→ stable,→ stable,99.9,✅ EXCELLENT,False,NONE,3.2,0.5,NONE
1780034098.927,81.0,89.8,31.9,1472.0,44.9,13.84,32.3,31.7,32.0,31.8,optimal,optimal,optimal,optimal,optimal,optimal,↓ decreasing,↓ decreasing,→ stable,99.9,✅ EXCELLENT,False,NONE,3.6,0.0,NONE
1780034100.294,78.5,90.9,32.1,1505.0,44.6,13.75,32.0,31.7,31.8,32.3,optimal,optimal,optimal,optimal,optimal,optimal,↓ decreasing,↓ decreasing,→ stable,99.9,✅ EXCELLENT,False,NONE,3.3,0.0,NONE
1780034101.297,80.3,91.3,32.0,1452.0,45.0,13.78,32.2,32.2,31.7,32.1,optimal,optimal,optimal,optimal,optimal,optimal,↓ decreasing,↓ decreasing,→ stable,99.9,✅ EXCELLENT,False,NONE,3.4,0.0,NONE
1780034102.298,80.2,90.6,31.6,1531.0,45.4,13.76,31.9,32.2,31.9,32.4,optimal,optimal,optimal,optimal,optimal,optimal,→ stable,→ stable,→ stable,99.9,✅ EXCELLENT,False,NONE,3.9,0.0,NONE
1780034103.299,81.3,91.1,32.0,1486.0,45.8,13.75,31.6,32.2,32.0,31.7,optimal,optimal,optimal,optimal,optimal,optimal,→ stable,→ stable,→ stable,99.9,✅ EXCELLENT,False,NONE,3.5,0.0,NONE
1780034104.303,82.2,88.7,32.2,1506.0,45.9,13.79,32.0,31.9,32.1,32.0,optimal,optimal,optimal,optimal,optimal,optimal,→ stable,→ stable,→ stable,99.9,✅ EXCELLENT,False,NONE,3.3,0.8,NONE
1780034105.304,79.2,90.5,32.4,1538.0,44.3,13.81,32.3,31.8,31.8,32.1,optimal,optimal,optimal,optimal,optimal,optimal,↑ increasing,→ stable,→ stable,99.9,✅ EXCELLENT,False,NONE,2.9,0.0,NONE
1780034106.306,81.9,90.2,31.8,1467.0,45.2,13.85,32.2,31.8,32.3,31.9,optimal,optimal,optimal,optimal,optimal,optimal,↑ increasing,→ stable,→ stable,99.9,✅ EXCELLENT,False,NONE,3.7,0.0,NONE
1780034107.307,78.4,90.7,32.0,1524.0,44.8,13.81,31.9,31.9,32.4,32.3,optimal,optimal,optimal,optimal,optimal,optimal,↑ increasing,→ stable,→ stable,99.9,✅ EXCELLENT,False,NONE,3.4,0.0,NONE
1780034108.309,77.9,90.3,32.2,1539.0,44.2,13.77,32.3,32.1,32.4,32.0,optimal,optimal,optimal,optimal,optimal,optimal,↑ increasing,→ stable,→ stable,99.9,✅ EXCELLENT,False,NONE,3.1,0.0,NONE
1780034109.311,80.1,89.6,32.0,1501.0,45.8,13.85,31.6,32.1,31.8,31.9,optimal,optimal,optimal,optimal,optimal,optimal,↑ increasing,→ stable,→ stable,99.9,✅ EXCELLENT,False,NONE,3.4,0.1,NONE
1780034110.479,81.8,89.8,32.2,1511.0,45.8,13.83,32.3,31.7,32.3,32.3,optimal,optimal,optimal,optimal,optimal,optimal,↑ increasing,→ stable,→ stable,99.9,✅ EXCELLENT,False,NONE,3.3,0.0,NONE
1780034111.481,82.5,89.0,31.8,1480.0,45.9,13.81,32.4,31.6,32.1,31.9,optimal,optimal,optimal,optimal,optimal,optimal,↑ increasing,→ stable,→ stable,99.9,✅ EXCELLENT,False,NONE,3.8,0.5,NONE
1780034112.481,79.4,89.5,32.1,1456.0,45.0,13.79,31.7,32.2,32.0,32.1,optimal,optimal,optimal,optimal,optimal,optimal,↑ increasing,→ stable,→ stable,99.9,✅ EXCELLENT,False,NONE,3.3,0.1,NONE
1780034113.482,79.6,89.6,31.9,1537.0,45.2,13.77,31.6,32.3,32.1,32.2,optimal,optimal,optimal,optimal,optimal,optimal,↑ increasing,↓ decreasing,→ stable,99.9,✅ EXCELLENT,False,NONE,3.5,0.1,NONE
1780034114.483,80.9,90.6,32.1,1502.0,44.8,13.79,32.2,32.4,32.4,32.1,optimal,optimal,optimal,optimal,optimal,optimal,↑ increasing,→ stable,→ stable,99.9,✅ EXCELLENT,False,NONE,3.4,0.0,NONE
1780034115.485,80.0,90.4,31.7,1461.0,45.0,13.81,32.2,32.2,32.0,32.0,optimal,optimal,optimal,optimal,optimal,optimal,→ stable,→ stable,→ stable,99.9,✅ EXCELLENT,False,NONE,3.8,0.0,NONE
1780034116.486,78.6,88.9,32.1,1541.0,46.0,13.76,32.1,32.0,32.2,32.1,optimal,optimal,optimal,optimal,optimal,optimal,→ stable,↓ decreasing,→ stable,99.9,✅ EXCELLENT,False,NONE,3.3,0.6,NONE
1780034117.488,81.3,89.2,32.1,1457.0,45.2,13.81,32.1,32.0,32.1,32.0,optimal,optimal,optimal,optimal,optimal,optimal,→ stable,↓ decreasing,→ stable,99.9,✅ EXCELLENT,False,NONE,3.4,0.3,NONE
1780034118.49,82.2,88.7,31.8,1543.0,44.2,13.8,32.0,31.6,31.9,32.0,optimal,optimal,optimal,optimal,optimal,optimal,↑ increasing,↓ decreasing,→ stable,99.9,✅ EXCELLENT,False,NONE,3.8,0.8,NONE
1780034119.491,77.4,90.3,32.2,1524.0,45.7,13.76,32.0,32.0,31.8,32.3,optimal,optimal,optimal,optimal,optimal,optimal,→ stable,↓ decreasing,→ stable,99.9,✅ EXCELLENT,False,NONE,3.1,0.0,NONE
1780034120.78,82.0,90.1,32.3,1452.0,44.6,13.82,31.9,31.7,31.7,32.3,optimal,optimal,optimal,optimal,optimal,optimal,→ stable,↓ decreasing,→ stable,99.9,✅ EXCELLENT,False,NONE,3.2,0.0,NONE
1780034121.782,77.3,89.6,32.0,1494.0,45.3,13.78,32.3,32.1,32.1,31.8,optimal,optimal,optimal,optimal,optimal,optimal,↓ decreasing,→ stable,→ stable,99.9,✅ EXCELLENT,False,NONE,3.3,0.1,NONE
1780034122.783,78.5,91.4,32.3,1530.0,45.7,13.81,31.6,31.7,32.1,32.0,optimal,optimal,optimal,optimal,optimal,optimal,↓ decreasing,→ stable,→ stable,99.9,✅ EXCELLENT,False,NONE,3.0,0.0,NONE
1780034123.785,81.8,91.4,32.1,1467.0,45.2,13.77,32.1,32.2,31.9,32.3,optimal,optimal,optimal,optimal,optimal,optimal,→ stable,→ stable,→ stable,99.9,✅ EXCELLENT,False,NONE,3.4,0.0,NONE
1780034124.787,78.1,91.2,31.8,1472.0,44.7,13.83,32.3,32.3,32.3,32.4,optimal,optimal,optimal,optimal,optimal,optimal,→ stable,→ stable,→ stable,99.9,✅ EXCELLENT,False,NONE,3.6,0.0,NONE
1780034125.787,80.4,89.4,31.7,1545.0,45.0,13.84,31.8,32.2,31.7,31.9,optimal,optimal,optimal,optimal,optimal,optimal,→ stable,→ stable,→ stable,99.9,✅ EXCELLENT,False,NONE,3.8,0.2,NONE
1780034126.789,77.2,88.6,31.9,1531.0,44.2,13.8,32.3,32.0,32.0,32.3,optimal,optimal,optimal,optimal,optimal,optimal,→ stable,→ stable,→ stable,99.9,✅ EXCELLENT,False,NONE,3.4,1.0,NONE
1780034127.79,78.8,91.1,31.8,1485.0,44.4,13.79,32.1,31.7,32.0,31.7,optimal,optimal,optimal,optimal,optimal,optimal,↓ decreasing,→ stable,→ stable,99.9,✅ EXCELLENT,False,NONE,3.6,0.0,NONE
1780034128.791,78.6,90.6,31.9,1506.0,45.5,13.8,31.7,32.0,32.4,31.6,optimal,optimal,optimal,optimal,optimal,optimal,↓ decreasing,↑ increasing,→ stable,99.9,✅ EXCELLENT,False,NONE,3.5,0.0,NONE
1780034129.794,77.7,90.1,32.0,1491.0,45.2,13.85,31.9,31.9,32.2,31.9,optimal,optimal,optimal,optimal,optimal,optimal,↓ decreasing,↑ increasing,→ stable,99.9,✅ EXCELLENT,False,NONE,3.3,0.0,NONE
1780034131.119,80.6,90.6,32.1,1474.0,44.4,13.84,31.8,32.0,31.9,32.4,optimal,optimal,optimal,optimal,optimal,optimal,↓ decreasing,↑ increasing,→ stable,99.9,✅ EXCELLENT,False,NONE,3.3,0.0,NONE
1780034132.12,77.4,88.7,32.1,1499.0,45.6,13.84,31.9,31.7,31.7,31.8,optimal,optimal,optimal,optimal,optimal,optimal,↓ decreasing,↑ increasing,→ stable,99.9,✅ EXCELLENT,False,NONE,3.2,0.8,NONE
1780034133.121,81.6,90.1,32.3,1546.0,44.4,13.77,31.7,32.4,32.4,31.9,optimal,optimal,optimal,optimal,optimal,optimal,↓ decreasing,→ stable,→ stable,99.9,✅ EXCELLENT,False,NONE,3.1,0.0,NONE
1780034134.121,79.6,90.5,32.2,1453.0,45.9,13.76,31.7,31.9,31.8,31.8,optimal,optimal,optimal,optimal,optimal,optimal,↓ decreasing,→ stable,→ stable,99.9,✅ EXCELLENT,False,NONE,3.2,0.0,NONE
1780034135.122,77.1,89.4,32.2,1491.0,45.1,13.77,32.2,31.7,31.7,31.8,optimal,optimal,optimal,optimal,optimal,optimal,↓ decreasing,→ stable,→ stable,99.9,✅ EXCELLENT,False,NONE,3.1,0.2,NONE
1780034136.123,77.4,91.2,32.0,1478.0,44.9,13.85,32.0,32.2,31.8,32.1,optimal,optimal,optimal,optimal,optimal,optimal,↓ decreasing,→ stable,→ stable,99.9,✅ EXCELLENT,False,NONE,3.3,0.0,NONE
1780034137.124,79.3,90.8,32.1,1483.0,45.0,13.78,32.3,31.7,31.9,32.3,optimal,optimal,optimal,optimal,optimal,optimal,↓ decreasing,→ stable,→ stable,99.9,✅ EXCELLENT,False,NONE,3.3,0.0,NONE
1780034138.126,80.3,88.7,32.3,1532.0,44.4,13.76,31.9,31.7,32.4,31.9,optimal,optimal,optimal,optimal,optimal,optimal,→ stable,→ stable,→ stable,99.9,✅ EXCELLENT,False,NONE,3.1,0.8,NONE
1780034139.127,78.5,89.4,31.8,1484.0,44.3,13.81,32.0,31.8,32.0,32.3,optimal,optimal,optimal,optimal,optimal,optimal,→ stable,→ stable,→ stable,99.9,✅ EXCELLENT,False,NONE,3.6,0.2,NONE
1780034140.128,80.1,90.3,32.2,1519.0,45.6,13.78,32.0,31.9,32.0,31.9,optimal,optimal,optimal,optimal,optimal,optimal,→ stable,→ stable,→ stable,99.9,✅ EXCELLENT,False,NONE,3.2,0.0,NONE
1780034141.363,77.3,91.0,31.7,1539.0,45.0,13.79,31.8,32.2,31.8,32.4,optimal,optimal,optimal,optimal,optimal,optimal,→ stable,→ stable,→ stable,99.9,✅ EXCELLENT,False,NONE,3.6,0.0,NONE
1780034142.366,82.2,91.1,32.4,1510.0,45.7,13.83,31.8,31.8,31.9,32.1,optimal,optimal,optimal,optimal,optimal,optimal,→ stable,→ stable,→ stable,99.9,✅ EXCELLENT,False,NONE,3.1,0.0,NONE
1780034143.367,78.5,89.8,32.1,1478.0,44.2,13.81,32.3,32.0,32.0,32.2,optimal,optimal,optimal,optimal,optimal,optimal,→ stable,→ stable,→ stable,99.9,✅ EXCELLENT,False,NONE,3.3,0.0,NONE
1780034144.368,78.5,89.7,32.2,1528.0,45.0,13.82,31.9,32.3,31.6,31.9,optimal,optimal,optimal,optimal,optimal,optimal,→ stable,→ stable,→ stable,99.9,✅ EXCELLENT,False,NONE,3.1,0.0,NONE
1780034145.369,81.5,89.1,31.9,1456.0,45.5,13.76,31.7,31.7,31.7,31.8,optimal,optimal,optimal,optimal,optimal,optimal,→ stable,→ stable,→ stable,99.9,✅ EXCELLENT,False,NONE,3.6,0.4,NONE
1780034146.371,78.4,90.8,32.0,1451.0,45.6,13.79,32.4,32.1,32.1,32.2,optimal,optimal,optimal,optimal,optimal,optimal,↑ increasing,→ stable,→ stable,99.9,✅ EXCELLENT,False,NONE,3.4,0.0,NONE
1780034147.373,80.8,89.8,32.1,1462.0,45.6,13.77,31.9,31.7,31.8,32.3,optimal,optimal,optimal,optimal,optimal,optimal,↑ increasing,→ stable,→ stable,99.9,✅ EXCELLENT,False,NONE,3.3,0.0,NONE
1780034148.374,80.0,89.4,32.2,1454.0,46.0,13.79,32.1,32.0,32.0,31.6,optimal,optimal,optimal,optimal,optimal,optimal,↑ increasing,→ stable,→ stable,99.9,✅ EXCELLENT,False,NONE,3.2,0.2,NONE
1780034149.377,79.5,90.5,32.1,1479.0,44.8,13.76,32.2,32.1,31.9,32.3,optimal,optimal,optimal,optimal,optimal,optimal,↑ increasing,→ stable,→ stable,99.9,✅ EXCELLENT,False,NONE,3.3,0.0,NONE
1780034150.378,81.5,89.0,32.0,1508.0,45.1,13.84,31.6,32.3,32.3,32.1,optimal,optimal,optimal,optimal,optimal,optimal,↑ increasing,→ stable,→ stable,99.9,✅ EXCELLENT,False,NONE,3.5,0.5,NONE
1780034151.798,79.1,88.8,31.7,1510.0,45.3,13.78,31.8,31.7,31.7,31.9,optimal,optimal,optimal,optimal,optimal,optimal,↑ increasing,→ stable,→ stable,99.9,✅ EXCELLENT,False,NONE,3.7,0.7,NONE
1780034152.8,81.6,89.1,31.8,1542.0,44.8,13.8,31.7,32.2,31.9,32.2,optimal,optimal,optimal,optimal,optimal,optimal,↑ increasing,↓ decreasing,→ stable,99.9,✅ EXCELLENT,False,NONE,3.7,0.4,NONE
1780034153.802,77.2,89.9,32.0,1547.0,44.2,13.83,32.4,32.0,32.4,32.1,optimal,optimal,optimal,optimal,optimal,optimal,↑ increasing,↓ decreasing,→ stable,99.9,✅ EXCELLENT,False,NONE,3.3,0.0,NONE
1780034154.803,77.9,88.7,32.0,1467.0,44.7,13.81,31.6,31.8,32.0,32.1,optimal,optimal,optimal,optimal,optimal,optimal,↑ increasing,↓ decreasing,→ stable,99.9,✅ EXCELLENT,False,NONE,3.3,0.8,NONE
1780034155.805,82.0,90.6,32.3,1529.0,44.8,13.77,32.4,32.1,31.9,32.2,optimal,optimal,optimal,optimal,optimal,optimal,→ stable,→ stable,→ stable,99.9,✅ EXCELLENT,False,NONE,3.2,0.0,NONE
1780034156.806,77.3,91.2,31.8,1532.0,45.6,13.84,32.0,31.8,31.7,32.1,optimal,optimal,optimal,optimal,optimal,optimal,→ stable,→ stable,→ stable,99.9,✅ EXCELLENT,False,NONE,3.5,0.0,NONE
1780034157.807,78.2,90.8,32.1,1521.0,45.5,13.84,31.9,32.1,32.3,31.7,optimal,optimal,optimal,optimal,optimal,optimal,→ stable,→ stable,→ stable,99.9,✅ EXCELLENT,False,NONE,3.2,0.0,NONE
1780034158.809,79.1,89.5,32.4,1516.0,45.0,13.77,31.9,31.9,32.0,31.9,optimal,optimal,optimal,optimal,optimal,optimal,→ stable,→ stable,→ stable,99.9,✅ EXCELLENT,False,NONE,2.9,0.1,NONE
1780034159.81,81.6,88.6,32.3,1477.0,44.1,13.81,32.3,32.2,32.1,32.2,optimal,optimal,optimal,optimal,optimal,optimal,→ stable,↓ decreasing,→ stable,99.9,✅ EXCELLENT,False,NONE,3.1,1.0,NONE
1780034160.811,78.6,89.1,32.2,1536.0,45.5,13.82,32.0,31.9,32.0,31.8,optimal,optimal,optimal,optimal,optimal,optimal,↓ decreasing,→ stable,→ stable,99.9,✅ EXCELLENT,False,NONE,3.1,0.4,NONE
1780034162.148,79.7,88.7,31.7,1548.0,44.0,13.83,32.0,32.2,32.3,32.4,optimal,optimal,optimal,optimal,optimal,optimal,↓ decreasing,→ stable,→ stable,99.9,✅ EXCELLENT,False,NONE,3.8,0.8,NONE
1780034163.15,79.5,89.1,31.9,1521.0,45.5,13.75,31.7,31.8,31.6,32.0,optimal,optimal,optimal,optimal,optimal,optimal,↓ decreasing,→ stable,→ stable,99.9,✅ EXCELLENT,False,NONE,3.5,0.4,NONE
1780034164.151,79.7,91.3,31.8,1482.0,44.3,13.77,31.8,32.0,32.2,31.9,optimal,optimal,optimal,optimal,optimal,optimal,→ stable,→ stable,→ stable,99.9,✅ EXCELLENT,False,NONE,3.6,0.0,NONE
1780034165.153,82.9,90.5,31.8,1535.0,45.8,13.82,31.8,31.6,32.2,31.9,optimal,optimal,optimal,optimal,optimal,optimal,→ stable,→ stable,→ stable,99.9,✅ EXCELLENT,False,NONE,3.8,0.0,NONE
1780034166.154,79.6,90.8,31.7,1478.0,45.9,13.81,31.7,31.8,31.9,31.7,optimal,optimal,optimal,optimal,optimal,optimal,→ stable,→ stable,→ stable,99.9,✅ EXCELLENT,False,NONE,3.8,0.0,NONE
1780034167.156,78.4,90.9,32.0,1465.0,45.3,13.85,31.6,31.9,31.7,31.8,optimal,optimal,optimal,optimal,optimal,optimal,→ stable,→ stable,→ stable,99.9,✅ EXCELLENT,False,NONE,3.4,0.0,NONE
1780034168.157,79.6,90.0,31.8,1512.0,45.0,13.76,32.3,32.1,32.0,32.2,optimal,optimal,optimal,optimal,optimal,optimal,→ stable,→ stable,→ stable,99.9,✅ EXCELLENT,False,NONE,3.6,0.0,NONE
1780034169.159,77.5,89.5,31.9,1549.0,44.3,13.84,32.0,32.2,32.1,31.8,optimal,optimal,optimal,optimal,optimal,optimal,→ stable,→ stable,→ stable,99.9,✅ EXCELLENT,False,NONE,3.4,0.1,NONE
1780034170.16,78.8,90.1,31.9,1478.0,45.1,13.78,32.1,31.7,32.2,31.9,optimal,optimal,optimal,optimal,optimal,optimal,→ stable,→ stable,→ stable,99.9,✅ EXCELLENT,False,NONE,3.5,0.0,NONE
1780034171.161,79.5,88.6,32.1,1547.0,45.2,13.75,31.9,32.1,31.9,32.3,optimal,optimal,optimal,optimal,optimal,optimal,→ stable,→ stable,→ stable,99.9,✅ EXCELLENT,False,NONE,3.3,1.0,NONE
1780034172.332,77.9,91.0,31.7,1505.0,45.6,13.79,31.7,32.4,32.3,32.4,optimal,optimal,optimal,optimal,optimal,optimal,→ stable,↑ increasing,→ stable,99.9,✅ EXCELLENT,False,NONE,3.7,0.0,NONE
1780034173.335,79.1,89.6,31.7,1500.0,45.1,13.78,31.7,31.8,31.8,31.8,optimal,optimal,optimal,optimal,optimal,optimal,→ stable,↑ increasing,→ stable,99.9,✅ EXCELLENT,False,NONE,3.7,0.1,NONE
1780034174.336,77.4,89.5,32.1,1539.0,44.2,13.85,31.9,31.8,31.8,32.3,optimal,optimal,optimal,optimal,optimal,optimal,→ stable,→ stable,→ stable,99.9,✅ EXCELLENT,False,NONE,3.2,0.1,NONE
1780034175.337,82.7,90.9,32.0,1536.0,45.0,13.77,31.6,31.8,32.1,32.4,optimal,optimal,optimal,optimal,optimal,optimal,↓ decreasing,→ stable,→ stable,99.9,✅ EXCELLENT,False,NONE,3.5,0.0,NONE
1780034176.338,81.9,88.8,32.0,1514.0,44.7,13.75,31.7,31.8,32.3,31.8,optimal,optimal,optimal,optimal,optimal,optimal,→ stable,→ stable,→ stable,99.9,✅ EXCELLENT,False,NONE,3.5,0.7,NONE
1780034177.341,78.4,88.7,32.0,1470.0,45.6,13.81,32.1,32.1,31.7,32.0,optimal,optimal,optimal,optimal,optimal,optimal,→ stable,→ stable,→ stable,99.9,✅ EXCELLENT,False,NONE,3.4,0.8,NONE
1780034178.342,79.3,89.6,31.9,1469.0,45.4,13.82,32.1,31.7,32.2,32.1,optimal,optimal,optimal,optimal,optimal,optimal,↓ decreasing,→ stable,→ stable,99.9,✅ EXCELLENT,False,NONE,3.5,0.1,NONE
1780034179.343,80.7,89.5,31.8,1457.0,44.7,13.84,32.1,31.7,32.3,31.9,optimal,optimal,optimal,optimal,optimal,optimal,→ stable,→ stable,→ stable,99.9,✅ EXCELLENT,False,NONE,3.7,0.1,NONE
1780034180.345,81.2,89.7,31.7,1498.0,45.8,13.77,32.3,32.3,31.8,32.2,optimal,optimal,optimal,optimal,optimal,optimal,→ stable,→ stable,→ stable,99.9,✅ EXCELLENT,False,NONE,3.8,0.0,NONE
1780034181.347,78.7,90.2,32.3,1469.0,45.5,13.81,31.7,31.7,32.0,32.0,optimal,optimal,optimal,optimal,optimal,optimal,→ stable,→ stable,→ stable,99.9,✅ EXCELLENT,False,NONE,3.0,0.0,NONE
1780034182.915,83.0,89.8,32.2,1537.0,45.4,13.77,32.1,31.9,32.2,32.0,optimal,optimal,optimal,optimal,optimal,optimal,↑ increasing,↓ decreasing,→ stable,99.9,✅ EXCELLENT,False,NONE,3.3,0.0,NONE
1780034183.917,82.3,90.9,31.8,1470.0,44.8,13.76,32.3,31.9,32.3,32.2,optimal,optimal,optimal,optimal,optimal,optimal,↑ increasing,→ stable,→ stable,99.9,✅ EXCELLENT,False,NONE,3.8,0.0,NONE
1780034184.919,78.2,90.5,32.3,1466.0,45.1,13.85,31.9,32.1,32.3,32.1,optimal,optimal,optimal,optimal,optimal,optimal,↑ increasing,→ stable,→ stable,99.9,✅ EXCELLENT,False,NONE,3.0,0.0,NONE
1780034185.92,82.4,90.2,32.2,1477.0,45.2,13.77,31.8,32.1,31.7,32.0,optimal,optimal,optimal,optimal,optimal,optimal,↑ increasing,→ stable,→ stable,99.9,✅ EXCELLENT,False,NONE,3.3,0.0,NONE
1780034186.922,80.5,90.4,32.0,1511.0,44.8,13.78,31.9,32.2,31.7,32.0,optimal,optimal,optimal,optimal,optimal,optimal,↑ increasing,→ stable,→ stable,99.9,✅ EXCELLENT,False,NONE,3.5,0.0,NONE
1780034187.924,81.5,88.6,32.1,1517.0,45.0,13.82,31.7,32.1,32.0,32.3,optimal,optimal,optimal,optimal,optimal,optimal,↑ increasing,→ stable,→ stable,99.9,✅ EXCELLENT,False,NONE,3.4,1.0,NONE
1780034188.925,78.1,89.2,32.3,1537.0,45.4,13.75,32.2,31.6,31.8,31.7,optimal,optimal,optimal,optimal,optimal,optimal,↑ increasing,→ stable,→ stable,99.9,✅ EXCELLENT,False,NONE,3.0,0.3,NONE
1780034189.925,77.4,89.1,32.2,1513.0,44.5,13.8,31.8,32.0,32.1,31.7,optimal,optimal,optimal,optimal,optimal,optimal,↑ increasing,→ stable,→ stable,99.9,✅ EXCELLENT,False,NONE,3.1,0.4,NONE
1780034190.926,78.9,91.3,32.0,1467.0,45.1,13.76,32.4,31.6,32.3,31.7,optimal,optimal,optimal,optimal,optimal,optimal,→ stable,→ stable,→ stable,99.9,✅ EXCELLENT,False,NONE,3.4,0.0,NONE
1780034191.928,79.3,90.0,31.6,1539.0,45.4,13.76,31.7,31.6,31.9,32.1,optimal,optimal,optimal,optimal,optimal,optimal,→ stable,→ stable,→ stable,99.9,✅ EXCELLENT,False,NONE,3.9,0.0,NONE
1780034193.107,79.0,90.6,32.1,1490.0,44.6,13.75,32.0,31.7,31.9,32.3,optimal,optimal,optimal,optimal,optimal,optimal,→ stable,→ stable,→ stable,99.9,✅ EXCELLENT,False,NONE,3.3,0.0,NONE
1780034194.108,82.8,90.9,32.1,1488.0,44.5,13.79,32.0,32.3,31.7,32.0,optimal,optimal,optimal,optimal,optimal,optimal,↓ decreasing,→ stable,→ stable,99.9,✅ EXCELLENT,False,NONE,3.4,0.0,NONE
1780034195.109,77.2,90.1,31.7,1503.0,45.4,13.76,32.3,32.3,32.2,31.7,optimal,optimal,optimal,optimal,optimal,optimal,↓ decreasing,→ stable,→ stable,99.9,✅ EXCELLENT,False,NONE,3.6,0.0,NONE
1780034196.11,80.9,89.7,32.2,1549.0,44.3,13.8,31.9,31.8,32.2,32.1,optimal,optimal,optimal,optimal,optimal,optimal,↓ decreasing,→ stable,→ stable,99.9,✅ EXCELLENT,False,NONE,3.2,0.0,NONE
1780034197.111,82.3,89.8,32.0,1455.0,45.6,13.83,31.7,31.9,32.2,32.4,optimal,optimal,optimal,optimal,optimal,optimal,↓ decreasing,→ stable,→ stable,99.9,✅ EXCELLENT,False,NONE,3.5,0.0,NONE
1780034198.112,83.0,90.3,32.3,1548.0,44.6,13.76,31.8,32.0,32.3,31.6,optimal,optimal,optimal,optimal,optimal,optimal,↓ decreasing,→ stable,→ stable,99.9,✅ EXCELLENT,False,NONE,3.2,0.0,NONE
1780034199.113,79.1,88.6,31.7,1510.0,45.4,13.78,31.9,32.4,32.1,32.4,optimal,optimal,optimal,optimal,optimal,optimal,↓ decreasing,→ stable,→ stable,99.9,✅ EXCELLENT,False,NONE,3.7,1.0,NONE
1780034200.114,79.9,91.4,32.3,1508.0,45.4,13.85,31.7,31.9,31.8,32.1,optimal,optimal,optimal,optimal,optimal,optimal,→ stable,→ stable,→ stable,99.9,✅ EXCELLENT,False,NONE,3.1,0.0,NONE
1780034201.115,78.6,88.9,32.3,1513.0,44.8,13.77,32.3,32.4,31.9,31.7,optimal,optimal,optimal,optimal,optimal,optimal,→ stable,→ stable,→ stable,99.9,✅ EXCELLENT,False,NONE,3.0,0.6,NONE
1780034202.117,78.0,90.1,31.9,1511.0,44.3,13.81,32.4,32.1,31.8,32.3,optimal,optimal,optimal,optimal,optimal,optimal,→ stable,→ stable,→ stable,99.9,✅ EXCELLENT,False,NONE,3.5,0.0,NONE
1780034203.696,80.5,89.5,32.0,1508.0,45.5,13.78,32.1,32.2,32.0,32.0,optimal,optimal,optimal,optimal,optimal,optimal,→ stable,→ stable,→ stable,99.9,✅ EXCELLENT,False,NONE,3.5,0.1,NONE
1780034204.697,77.2,91.0,32.2,1544.0,44.4,13.77,31.7,32.1,31.8,32.1,optimal,optimal,optimal,optimal,optimal,optimal,→ stable,→ stable,→ stable,99.9,✅ EXCELLENT,False,NONE,3.1,0.0,NONE
1780034205.698,80.5,90.8,31.6,1544.0,44.5,13.83,32.2,31.9,32.2,31.8,optimal,optimal,optimal,optimal,optimal,optimal,→ stable,→ stable,→ stable,99.9,✅ EXCELLENT,False,NONE,3.9,0.0,NONE
1780034206.7,80.4,90.1,32.1,1486.0,45.5,13.81,32.0,32.3,31.9,32.0,optimal,optimal,optimal,optimal,optimal,optimal,→ stable,→ stable,→ stable,99.9,✅ EXCELLENT,False,NONE,3.3,0.0,NONE
1780034207.702,81.1,89.4,31.8,1515.0,45.0,13.82,31.9,32.0,32.2,32.0,optimal,optimal,optimal,optimal,optimal,optimal,→ stable,→ stable,→ stable,99.9,✅ EXCELLENT,False,NONE,3.7,0.2,NONE
1780034208.703,78.6,91.1,31.7,1508.0,44.2,13.79,32.3,31.9,31.9,32.1,optimal,optimal,optimal,optimal,optimal,optimal,→ stable,→ stable,→ stable,99.9,✅ EXCELLENT,False,NONE,3.7,0.0,NONE
1780034209.704,77.1,89.9,32.1,1519.0,45.8,13.8,32.1,32.0,31.9,32.3,optimal,optimal,optimal,optimal,optimal,optimal,↓ decreasing,→ stable,→ stable,99.9,✅ EXCELLENT,False,NONE,3.2,0.0,NONE
1780034210.705,80.5,90.2,31.9,1529.0,44.1,13.8,32.2,31.9,32.3,32.2,optimal,optimal,optimal,optimal,optimal,optimal,↓ decreasing,→ stable,→ stable,99.9,✅ EXCELLENT,False,NONE,3.6,0.0,NONE
1780034211.706,80.5,90.6,31.6,1474.0,45.1,13.79,31.6,31.7,32.0,32.1,optimal,optimal,optimal,optimal,optimal,optimal,↓ decreasing,→ stable,→ stable,99.9,✅ EXCELLENT,False,NONE,3.9,0.0,NONE
1780034212.707,81.7,89.5,32.4,1463.0,45.6,13.82,32.0,31.6,31.8,32.1,optimal,optimal,optimal,optimal,optimal,optimal,→ stable,→ stable,→ stable,99.9,✅ EXCELLENT,False,NONE,3.0,0.1,NONE
1780034214.22,82.1,88.5,31.8,1538.0,44.0,13.78,32.4,32.0,31.9,31.7,optimal,optimal,optimal,optimal,optimal,optimal,→ stable,→ stable,→ stable,99.9,✅ EXCELLENT,False,NONE,3.8,1.1,NONE
1780034215.222,81.5,88.9,32.0,1500.0,45.2,13.84,31.9,32.0,31.9,32.1,optimal,optimal,optimal,optimal,optimal,optimal,↑ increasing,→ stable,→ stable,99.9,✅ EXCELLENT,False,NONE,3.5,0.6,NONE
1780034216.224,82.7,90.1,32.2,1481.0,45.7,13.77,32.1,31.8,32.2,31.7,optimal,optimal,optimal,optimal,optimal,optimal,↑ increasing,→ stable,→ stable,99.9,✅ EXCELLENT,False,NONE,3.3,0.0,NONE
1780034217.226,79.3,89.1,32.1,1526.0,44.3,13.83,32.1,32.1,32.2,32.1,optimal,optimal,optimal,optimal,optimal,optimal,↑ increasing,→ stable,→ stable,99.9,✅ EXCELLENT,False,NONE,3.3,0.4,NONE
1780034218.227,77.2,89.5,32.2,1535.0,45.4,13.85,32.4,32.2,31.8,32.3,optimal,optimal,optimal,optimal,optimal,optimal,→ stable,→ stable,→ stable,99.9,✅ EXCELLENT,False,NONE,3.1,0.1,NONE
1780034219.229,81.5,91.1,31.7,1515.0,45.7,13.77,32.2,31.8,32.0,32.0,optimal,optimal,optimal,optimal,optimal,optimal,↑ increasing,→ stable,→ stable,99.9,✅ EXCELLENT,False,NONE,3.8,0.0,NONE
1780034220.23,78.2,88.5,32.2,1482.0,45.8,13.84,32.2,32.4,32.2,31.9,optimal,optimal,optimal,optimal,optimal,optimal,↑ increasing,↓ decreasing,→ stable,99.9,✅ EXCELLENT,False,NONE,3.1,1.1,NONE
1780034221.232,78.7,90.7,31.6,1473.0,45.6,13.78,31.6,32.4,31.7,32.0,optimal,optimal,optimal,optimal,optimal,optimal,↑ increasing,→ stable,→ stable,99.9,✅ EXCELLENT,False,NONE,3.8,0.0,NONE
1780034222.234,82.1,88.7,31.6,1457.0,46.0,13.8,31.9,32.3,32.1,31.8,optimal,optimal,optimal,optimal,optimal,optimal,↑ increasing,↓ decreasing,→ stable,99.9,✅ EXCELLENT,False,NONE,4.0,0.8,NONE
1780034223.234,80.4,90.1,31.9,1528.0,44.2,13.84,32.0,32.4,32.0,32.0,optimal,optimal,optimal,optimal,optimal,optimal,↑ increasing,↓ decreasing,→ stable,99.9,✅ EXCELLENT,False,NONE,3.6,0.0,NONE
1780034224.643,81.7,88.7,32.1,1541.0,45.6,13.84,32.0,32.1,31.8,32.0,optimal,optimal,optimal,optimal,optimal,optimal,→ stable,↓ decreasing,→ stable,99.9,✅ EXCELLENT,False,NONE,3.4,0.8,NONE
1780034225.643,81.6,91.5,32.1,1492.0,44.2,13.85,31.8,31.7,32.4,32.4,optimal,optimal,optimal,optimal,optimal,optimal,→ stable,→ stable,→ stable,99.9,✅ EXCELLENT,False,NONE,3.4,0.0,NONE
1780034226.643,81.1,90.1,32.2,1525.0,45.8,13.75,31.7,32.2,31.7,32.1,optimal,optimal,optimal,optimal,optimal,optimal,→ stable,→ stable,→ stable,99.9,✅ EXCELLENT,False,NONE,3.2,0.0,NONE
1780034227.645,77.4,90.0,31.7,1493.0,44.6,13.81,31.9,32.1,31.8,32.0,optimal,optimal,optimal,optimal,optimal,optimal,↓ decreasing,→ stable,→ stable,99.9,✅ EXCELLENT,False,NONE,3.6,0.0,NONE
1780034228.646,78.7,90.4,31.8,1469.0,44.1,13.76,32.2,32.1,31.7,32.3,optimal,optimal,optimal,optimal,optimal,optimal,→ stable,→ stable,→ stable,99.9,✅ EXCELLENT,False,NONE,3.6,0.0,NONE
1780034229.646,77.5,90.6,32.4,1497.0,45.0,13.84,32.1,32.3,31.9,32.2,optimal,optimal,optimal,optimal,optimal,optimal,↓ decreasing,→ stable,→ stable,99.9,✅ EXCELLENT,False,NONE,2.9,0.0,NONE
1780034230.647,77.3,91.0,31.7,1542.0,45.9,13.78,31.7,31.9,31.7,31.9,optimal,optimal,optimal,optimal,optimal,optimal,↓ decreasing,↑ increasing,→ stable,99.9,✅ EXCELLENT,False,NONE,3.6,0.0,NONE
1780034231.648,77.4,89.7,31.8,1474.0,45.1,13.79,31.9,32.4,32.1,31.8,optimal,optimal,optimal,optimal,optimal,optimal,↓ decreasing,→ stable,→ stable,99.9,✅ EXCELLENT,False,NONE,3.5,0.0,NONE
1780034232.65,81.5,89.4,31.9,1472.0,45.6,13.85,32.1,32.3,32.1,31.7,optimal,optimal,optimal,optimal,optimal,optimal,↓ decreasing,↑ increasing,→ stable,99.9,✅ EXCELLENT,False,NONE,3.6,0.2,NONE
1780034233.651,82.7,90.7,32.2,1498.0,45.6,13.83,32.1,31.7,31.6,31.9,optimal,optimal,optimal,optimal,optimal,optimal,↓ decreasing,↑ increasing,→ stable,99.9,✅ EXCELLENT,False,NONE,3.3,0.0,NONE
1780034235.136,77.6,90.1,32.2,1475.0,44.7,13.79,31.6,32.2,32.4,32.3,optimal,optimal,optimal,optimal,optimal,optimal,↓ decreasing,↑ increasing,→ stable,99.9,✅ EXCELLENT,False,NONE,3.1,0.0,NONE
1780034236.137,79.8,90.3,31.7,1528.0,44.3,13.79,32.0,31.9,32.3,32.0,optimal,optimal,optimal,optimal,optimal,optimal,↓ decreasing,→ stable,→ stable,99.9,✅ EXCELLENT,False,NONE,3.8,0.0,NONE
1780034237.138,78.4,90.9,32.1,1454.0,44.9,13.8,32.1,32.4,32.2,31.9,optimal,optimal,optimal,optimal,optimal,optimal,↓ decreasing,↑ increasing,→ stable,99.9,✅ EXCELLENT,False,NONE,3.2,0.0,NONE
1780034238.14,77.7,89.0,32.1,1462.0,45.0,13.78,31.7,32.3,31.6,32.1,optimal,optimal,optimal,optimal,optimal,optimal,↓ decreasing,→ stable,→ stable,99.9,✅ EXCELLENT,False,NONE,3.2,0.5,NONE
1780034239.142,82.6,91.3,31.7,1509.0,44.1,13.83,31.8,31.6,31.7,31.7,optimal,optimal,optimal,optimal,optimal,optimal,↓ decreasing,→ stable,→ stable,99.9,✅ EXCELLENT,False,NONE,3.9,0.0,NONE
1780034240.143,81.1,89.2,32.4,1473.0,45.1,13.84,31.8,31.9,32.1,31.8,optimal,optimal,optimal,optimal,optimal,optimal,→ stable,→ stable,→ stable,99.9,✅ EXCELLENT,False,NONE,3.0,0.3,NONE
1780034241.145,78.1,89.2,31.6,1472.0,45.7,13.75,32.0,31.7,32.3,32.0,optimal,optimal,optimal,optimal,optimal,optimal,→ stable,→ stable,→ stable,99.9,✅ EXCELLENT,False,NONE,3.8,0.3,NONE
1780034242.146,79.8,89.5,31.9,1545.0,44.9,13.79,32.0,31.8,32.3,31.8,optimal,optimal,optimal,optimal,optimal,optimal,→ stable,→ stable,→ stable,99.9,✅ EXCELLENT,False,NONE,3.5,0.1,NONE
1780034243.147,82.3,89.8,32.0,1501.0,45.6,13.82,32.0,32.3,31.7,32.3,optimal,optimal,optimal,optimal,optimal,optimal,↑ increasing,→ stable,→ stable,99.9,✅ EXCELLENT,False,NONE,3.5,0.0,NONE
1780034244.148,79.7,89.6,31.7,1540.0,44.7,13.84,32.2,32.0,31.8,31.9,optimal,optimal,optimal,optimal,optimal,optimal,→ stable,→ stable,→ stable,99.9,✅ EXCELLENT,False,NONE,3.8,0.1,NONE
1780034245.758,80.5,90.1,32.2,1548.0,45.5,13.79,32.1,32.2,31.6,32.3,optimal,optimal,optimal,optimal,optimal,optimal,↑ increasing,→ stable,→ stable,99.9,✅ EXCELLENT,False,NONE,3.2,0.0,NONE
1780034246.759,81.1,89.8,32.2,1460.0,44.2,13.82,31.9,31.7,31.7,32.0,optimal,optimal,optimal,optimal,optimal,optimal,↑ increasing,→ stable,→ stable,99.9,✅ EXCELLENT,False,NONE,3.2,0.0,NONE
1780034247.76,78.5,90.2,32.3,1471.0,44.0,13.85,32.3,32.0,31.6,32.3,optimal,optimal,optimal,optimal,optimal,optimal,↑ increasing,↓ decreasing,→ stable,99.9,✅ EXCELLENT,False,NONE,3.0,0.0,NONE
1780034248.762,77.7,90.9,31.9,1506.0,44.2,13.79,32.1,32.1,31.7,31.6,optimal,optimal,optimal,optimal,optimal,optimal,↑ increasing,→ stable,→ stable,99.9,✅ EXCELLENT,False,NONE,3.4,0.0,NONE
1780034249.763,80.6,89.6,32.2,1472.0,44.3,13.82,32.0,31.8,32.1,32.4,optimal,optimal,optimal,optimal,optimal,optimal,↑ increasing,↓ decreasing,→ stable,99.9,✅ EXCELLENT,False,NONE,3.2,0.1,NONE
1780034250.765,81.1,91.2,32.1,1461.0,45.5,13.83,31.9,31.9,32.2,32.1,optimal,optimal,optimal,optimal,optimal,optimal,→ stable,→ stable,→ stable,99.9,✅ EXCELLENT,False,NONE,3.4,0.0,NONE
1780034251.767,78.6,89.8,32.4,1465.0,44.6,13.8,31.9,31.8,32.0,32.3,optimal,optimal,optimal,optimal,optimal,optimal,→ stable,→ stable,→ stable,99.9,✅ EXCELLENT,False,NONE,2.9,0.0,NONE
1780034252.768,78.0,90.6,32.0,1494.0,44.4,13.82,31.7,32.3,31.7,32.1,optimal,optimal,optimal,optimal,optimal,optimal,→ stable,→ stable,→ stable,99.9,✅ EXCELLENT,False,NONE,3.3,0.0,NONE
1780034253.769,81.3,90.3,31.9,1455.0,45.7,13.83,32.1,32.0,32.1,32.0,optimal,optimal,optimal,optimal,optimal,optimal,→ stable,→ stable,→ stable,99.9,✅ EXCELLENT,False,NONE,3.6,0.0,NONE
1780034254.77,78.2,89.3,31.7,1499.0,45.2,13.79,31.6,32.3,31.9,32.3,optimal,optimal,optimal,optimal,optimal,optimal,→ stable,→ stable,→ stable,99.9,✅ EXCELLENT,False,NONE,3.7,0.2,NONE
1780034256.108,78.4,90.0,32.2,1514.0,45.0,13.84,32.3,32.0,31.8,32.0,optimal,optimal,optimal,optimal,optimal,optimal,↓ decreasing,→ stable,→ stable,99.9,✅ EXCELLENT,False,NONE,3.1,0.0,NONE
1780034257.109,77.1,90.1,32.4,1502.0,44.7,13.76,31.7,31.8,31.9,31.7,optimal,optimal,optimal,optimal,optimal,optimal,↓ decreasing,→ stable,→ stable,99.9,✅ EXCELLENT,False,NONE,2.9,0.0,NONE
1780034258.11,78.4,88.9,31.9,1493.0,45.7,13.81,32.3,32.3,31.8,31.9,optimal,optimal,optimal,optimal,optimal,optimal,↓ decreasing,→ stable,→ stable,99.9,✅ EXCELLENT,False,NONE,3.5,0.6,NONE
1780034259.112,82.1,89.0,32.3,1488.0,44.9,13.77,31.7,31.9,31.7,32.2,optimal,optimal,optimal,optimal,optimal,optimal,↓ decreasing,→ stable,→ stable,99.9,✅ EXCELLENT,False,NONE,3.2,0.5,NONE
1780034260.113,79.0,89.4,32.0,1530.0,45.6,13.81,32.2,31.8,31.7,31.9,optimal,optimal,optimal,optimal,optimal,optimal,↓ decreasing,→ stable,→ stable,99.9,✅ EXCELLENT,False,NONE,3.4,0.2,NONE
1780034261.114,81.3,88.6,32.1,1499.0,44.5,13.81,31.9,32.3,32.1,32.1,optimal,optimal,optimal,optimal,optimal,optimal,↓ decreasing,→ stable,→ stable,99.9,✅ EXCELLENT,False,NONE,3.4,1.0,NONE
1780034262.115,77.5,90.7,32.0,1476.0,45.9,13.8,32.3,32.1,32.0,32.2,optimal,optimal,optimal,optimal,optimal,optimal,↓ decreasing,→ stable,→ stable,99.9,✅ EXCELLENT,False,NONE,3.3,0.0,NONE
1780034263.116,82.4,90.4,32.3,1480.0,45.7,13.83,32.1,32.4,32.3,32.4,optimal,optimal,optimal,optimal,optimal,optimal,→ stable,→ stable,→ stable,99.9,✅ EXCELLENT,False,NONE,3.2,0.0,NONE
1780034264.117,80.8,89.6,31.8,1470.0,45.9,13.77,32.1,32.0,31.6,31.7,optimal,optimal,optimal,optimal,optimal,optimal,→ stable,↓ decreasing,→ stable,99.9,✅ EXCELLENT,False,NONE,3.7,0.1,NONE
1780034265.118,82.7,89.0,32.1,1530.0,45.4,13.76,31.7,31.8,32.2,31.7,optimal,optimal,optimal,optimal,optimal,optimal,→ stable,↓ decreasing,→ stable,99.9,✅ EXCELLENT,False,NONE,3.4,0.5,NONE
1780034266.474,79.4,88.7,32.1,1524.0,45.6,13.78,31.6,32.1,32.0,32.1,optimal,optimal,optimal,optimal,optimal,optimal,↑ increasing,↓ decreasing,→ stable,99.9,✅ EXCELLENT,False,NONE,3.3,0.8,NONE
1780034267.474,79.1,89.0,31.8,1522.0,45.7,13.78,32.0,31.9,32.0,32.3,optimal,optimal,optimal,optimal,optimal,optimal,↑ increasing,↓ decreasing,→ stable,99.9,✅ EXCELLENT,False,NONE,3.6,0.5,NONE
1780034268.475,79.8,90.5,32.2,1466.0,44.2,13.79,32.2,32.0,32.2,31.7,optimal,optimal,optimal,optimal,optimal,optimal,↑ increasing,↓ decreasing,→ stable,99.9,✅ EXCELLENT,False,NONE,3.2,0.0,NONE
1780034269.476,80.9,89.5,32.3,1489.0,44.4,13.79,31.7,31.7,32.1,31.8,optimal,optimal,optimal,optimal,optimal,optimal,↑ increasing,→ stable,→ stable,99.9,✅ EXCELLENT,False,NONE,3.1,0.1,NONE
1780034270.477,80.6,90.3,32.2,1469.0,45.7,13.77,32.1,31.8,31.8,32.1,optimal,optimal,optimal,optimal,optimal,optimal,↑ increasing,→ stable,→ stable,99.9,✅ EXCELLENT,False,NONE,3.2,0.0,NONE
1780034271.479,81.1,89.7,31.8,1455.0,44.2,13.81,32.3,31.9,32.0,32.2,optimal,optimal,optimal,optimal,optimal,optimal,↑ increasing,→ stable,→ stable,99.9,✅ EXCELLENT,False,NONE,3.7,0.0,NONE
1780034272.48,79.8,90.1,32.1,1505.0,44.2,13.79,31.8,32.3,31.8,31.8,optimal,optimal,optimal,optimal,optimal,optimal,↑ increasing,→ stable,→ stable,99.9,✅ EXCELLENT,False,NONE,3.3,0.0,NONE
1780034273.481,77.5,91.0,32.1,1458.0,44.9,13.77,32.1,32.3,31.8,31.7,optimal,optimal,optimal,optimal,optimal,optimal,↑ increasing,→ stable,→ stable,99.9,✅ EXCELLENT,False,NONE,3.2,0.0,NONE
1780034274.483,79.7,91.5,32.1,1531.0,44.3,13.83,31.8,32.3,32.3,32.2,optimal,optimal,optimal,optimal,optimal,optimal,↑ increasing,→ stable,→ stable,99.9,✅ EXCELLENT,False,NONE,3.3,0.0,NONE
1780034275.483,81.9,91.2,31.8,1531.0,45.1,13.8,32.0,31.8,31.7,32.1,optimal,optimal,optimal,optimal,optimal,optimal,→ stable,↑ increasing,→ stable,99.9,✅ EXCELLENT,False,NONE,3.7,0.0,NONE
1780034277.082,81.0,89.5,31.7,1490.0,45.1,13.84,31.9,32.3,31.6,31.8,optimal,optimal,optimal,optimal,optimal,optimal,→ stable,↑ increasing,→ stable,99.9,✅ EXCELLENT,False,NONE,3.8,0.1,NONE
1780034278.083,80.9,91.0,32.3,1475.0,44.3,13.78,31.9,31.6,31.6,32.2,optimal,optimal,optimal,optimal,optimal,optimal,→ stable,↑ increasing,→ stable,99.9,✅ EXCELLENT,False,NONE,3.1,0.0,NONE
1780034279.085,78.3,89.8,32.1,1497.0,45.6,13.81,32.0,32.0,32.3,32.1,optimal,optimal,optimal,optimal,optimal,optimal,→ stable,↑ increasing,→ stable,99.9,✅ EXCELLENT,False,NONE,3.2,0.0,NONE
1780034280.087,81.3,91.0,32.0,1474.0,45.6,13.85,32.2,32.0,32.0,32.2,optimal,optimal,optimal,optimal,optimal,optimal,→ stable,↑ increasing,→ stable,99.9,✅ EXCELLENT,False,NONE,3.5,0.0,NONE
1780034281.088,79.3,89.3,32.4,1459.0,44.7,13.76,31.9,31.9,31.8,31.8,optimal,optimal,optimal,optimal,optimal,optimal,→ stable,↑ increasing,→ stable,99.9,✅ EXCELLENT,False,NONE,2.9,0.2,NONE
1780034282.09,78.0,89.8,32.2,1478.0,44.3,13.76,31.6,31.8,32.1,31.8,optimal,optimal,optimal,optimal,optimal,optimal,↓ decreasing,↑ increasing,→ stable,99.9,✅ EXCELLENT,False,NONE,3.1,0.0,NONE
1780034283.091,82.9,91.2,31.8,1505.0,44.7,13.77,32.0,32.1,31.9,31.9,optimal,optimal,optimal,optimal,optimal,optimal,↓ decreasing,↑ increasing,→ stable,99.9,✅ EXCELLENT,False,NONE,3.8,0.0,NONE
1780034284.093,78.8,89.5,31.9,1533.0,44.7,13.75,32.3,32.3,32.3,32.2,optimal,optimal,optimal,optimal,optimal,optimal,→ stable,↑ increasing,→ stable,99.9,✅ EXCELLENT,False,NONE,3.5,0.1,NONE
1780034285.095,79.7,88.8,31.7,1453.0,45.2,13.77,32.0,31.9,32.0,32.3,optimal,optimal,optimal,optimal,optimal,optimal,→ stable,→ stable,→ stable,99.9,✅ EXCELLENT,False,NONE,3.8,0.7,NONE
1780034286.097,81.8,88.9,31.8,1487.0,45.0,13.84,32.0,32.3,31.9,31.7,optimal,optimal,optimal,optimal,optimal,optimal,→ stable,→ stable,→ stable,99.9,✅ EXCELLENT,False,NONE,3.7,0.6,NONE
1780034287.349,81.8,88.6,32.1,1507.0,44.0,13.84,32.2,32.0,32.4,32.2,optimal,optimal,optimal,optimal,optimal,optimal,→ stable,→ stable,→ stable,99.9,✅ EXCELLENT,False,NONE,3.4,1.0,NONE
1780034288.349,78.0,89.7,31.8,1542.0,45.7,13.84,32.0,31.9,32.1,32.0,optimal,optimal,optimal,optimal,optimal,optimal,→ stable,↓ decreasing,→ stable,99.9,✅ EXCELLENT,False,NONE,3.6,0.0,NONE
1780034289.351,77.7,90.7,32.1,1543.0,45.1,13.82,32.3,32.4,31.8,31.7,optimal,optimal,optimal,optimal,optimal,optimal,→ stable,↓ decreasing,→ stable,99.9,✅ EXCELLENT,False,NONE,3.2,0.0,NONE
1780034290.351,78.2,91.5,31.7,1491.0,46.0,13.79,32.1,31.8,31.8,32.3,optimal,optimal,optimal,optimal,optimal,optimal,↓ decreasing,↓ decreasing,→ stable,99.9,✅ EXCELLENT,False,NONE,3.7,0.0,NONE
1780034291.352,77.5,89.1,31.7,1510.0,44.2,13.84,31.7,32.4,31.8,32.4,optimal,optimal,optimal,optimal,optimal,optimal,↓ decreasing,↓ decreasing,→ stable,99.9,✅ EXCELLENT,False,NONE,3.7,0.4,NONE
1780034292.353,78.8,89.5,31.9,1528.0,44.4,13.77,31.8,32.2,32.2,32.0,optimal,optimal,optimal,optimal,optimal,optimal,→ stable,↓ decreasing,→ stable,99.9,✅ EXCELLENT,False,NONE,3.5,0.1,NONE
1780034293.354,79.5,91.2,31.9,1451.0,45.6,13.84,32.3,32.3,32.1,31.7,optimal,optimal,optimal,optimal,optimal,optimal,↓ decreasing,↓ decreasing,→ stable,99.9,✅ EXCELLENT,False,NONE,3.5,0.0,NONE
1780034294.355,82.6,88.7,32.0,1456.0,45.4,13.81,31.8,31.8,32.4,32.0,optimal,optimal,optimal,optimal,optimal,optimal,↓ decreasing,↓ decreasing,→ stable,99.9,✅ EXCELLENT,False,NONE,3.5,0.8,NONE
1780034295.357,79.7,89.9,32.1,1473.0,45.3,13.8,32.3,32.4,31.8,32.3,optimal,optimal,optimal,optimal,optimal,optimal,↓ decreasing,→ stable,→ stable,99.9,✅ EXCELLENT,False,NONE,3.3,0.0,NONE
1780034296.359,77.7,90.3,31.7,1484.0,45.4,13.79,31.9,31.9,32.1,31.7,optimal,optimal,optimal,optimal,optimal,optimal,↓ decreasing,→ stable,→ stable,99.9,✅ EXCELLENT,False,NONE,3.7,0.0,NONE
1780034297.562,82.1,89.3,31.7,1512.0,44.6,13.85,32.4,31.9,31.7,31.9,optimal,optimal,optimal,optimal,optimal,optimal,↓ decreasing,→ stable,→ stable,99.9,✅ EXCELLENT,False,NONE,3.9,0.2,NONE
1780034298.563,82.7,89.6,32.2,1498.0,44.0,13.79,31.9,32.3,31.7,31.7,optimal,optimal,optimal,optimal,optimal,optimal,→ stable,→ stable,→ stable,99.9,✅ EXCELLENT,False,NONE,3.3,0.1,NONE
1780034299.565,78.6,90.5,31.8,1519.0,44.7,13.78,31.9,31.8,32.4,31.7,optimal,optimal,optimal,optimal,optimal,optimal,→ stable,→ stable,→ stable,99.9,✅ EXCELLENT,False,NONE,3.6,0.0,NONE
1780034300.566,78.3,90.1,32.1,1508.0,45.8,13.76,31.6,32.3,31.9,32.0,optimal,optimal,optimal,optimal,optimal,optimal,→ stable,→ stable,→ stable,99.9,✅ EXCELLENT,False,NONE,3.2,0.0,NONE
1780034301.567,81.8,90.9,31.7,1493.0,46.0,13.76,31.6,31.9,32.4,31.9,optimal,optimal,optimal,optimal,optimal,optimal,↑ increasing,→ stable,→ stable,99.9,✅ EXCELLENT,False,NONE,3.9,0.0,NONE
1780034302.568,80.0,89.0,31.8,1475.0,44.9,13.8,31.8,32.0,32.3,32.4,optimal,optimal,optimal,optimal,optimal,optimal,↑ increasing,→ stable,→ stable,99.9,✅ EXCELLENT,False,NONE,3.7,0.5,NONE
1780034303.57,82.3,89.9,31.6,1511.0,45.9,13.76,31.7,32.2,32.1,31.6,optimal,optimal,optimal,optimal,optimal,optimal,↑ increasing,→ stable,→ stable,99.9,✅ EXCELLENT,False,NONE,4.0,0.0,NONE
1780034304.571,81.5,88.7,31.9,1526.0,45.8,13.85,31.9,32.3,32.1,32.1,optimal,optimal,optimal,optimal,optimal,optimal,↑ increasing,→ stable,→ stable,99.9,✅ EXCELLENT,False,NONE,3.6,0.8,NONE
1780034305.573,78.6,91.1,32.0,1528.0,44.7,13.75,31.6,32.3,32.4,32.1,optimal,optimal,optimal,optimal,optimal,optimal,↑ increasing,→ stable,→ stable,99.9,✅ EXCELLENT,False,NONE,3.4,0.0,NONE
1780034306.575,82.2,89.2,31.6,1461.0,45.2,13.84,31.6,31.6,32.2,32.1,optimal,optimal,optimal,optimal,optimal,optimal,↑ increasing,→ stable,→ stable,99.9,✅ EXCELLENT,False,NONE,4.0,0.3,NONE
1780034307.79,82.5,90.2,31.8,1512.0,45.9,13.76,31.8,31.9,31.9,32.0,optimal,optimal,optimal,optimal,optimal,optimal,↑ increasing,→ stable,→ stable,99.9,✅ EXCELLENT,False,NONE,3.8,0.0,NONE
1780034308.791,77.8,89.7,32.0,1524.0,45.3,13.82,31.8,31.9,32.3,31.8,optimal,optimal,optimal,optimal,optimal,optimal,↑ increasing,→ stable,→ stable,99.9,✅ EXCELLENT,False,NONE,3.3,0.0,NONE
1780034309.792,80.5,91.3,32.3,1451.0,44.1,13.76,31.8,31.9,32.1,31.6,optimal,optimal,optimal,optimal,optimal,optimal,↑ increasing,→ stable,→ stable,99.9,✅ EXCELLENT,False,NONE,3.1,0.0,NONE
1780034310.793,79.6,91.3,32.3,1536.0,46.0,13.85,31.8,32.4,32.0,31.7,optimal,optimal,optimal,optimal,optimal,optimal,↑ increasing,→ stable,→ stable,99.9,✅ EXCELLENT,False,NONE,3.1,0.0,NONE
1780034311.795,77.2,91.2,32.1,1506.0,45.6,13.84,32.2,32.3,32.0,31.7,optimal,optimal,optimal,optimal,optimal,optimal,→ stable,→ stable,→ stable,99.9,✅ EXCELLENT,False,NONE,3.2,0.0,NONE
1780034312.796,81.1,90.3,31.6,1482.0,45.6,13.78,32.4,31.6,32.4,31.8,optimal,optimal,optimal,optimal,optimal,optimal,→ stable,→ stable,→ stable,99.9,✅ EXCELLENT,False,NONE,3.9,0.0,NONE
1780034313.797,82.8,90.1,32.2,1550.0,45.7,13.8,31.7,32.1,32.4,32.1,optimal,optimal,optimal,optimal,optimal,optimal,→ stable,→ stable,→ stable,99.9,✅ EXCELLENT,False,NONE,3.3,0.0,NONE
1780034314.799,82.1,89.8,31.8,1525.0,45.2,13.8,31.7,32.0,32.1,32.2,optimal,optimal,optimal,optimal,optimal,optimal,→ stable,↑ increasing,→ stable,99.9,✅ EXCELLENT,False,NONE,3.8,0.0,NONE
1780034315.8,77.4,91.5,31.7,1501.0,45.0,13.8,31.9,31.8,31.9,32.1,optimal,optimal,optimal,optimal,optimal,optimal,→ stable,↑ increasing,→ stable,99.9,✅ EXCELLENT,False,NONE,3.6,0.0,NONE
1780034316.803,78.3,89.4,32.4,1503.0,44.5,13.83,31.9,31.9,32.1,32.0,optimal,optimal,optimal,optimal,optimal,optimal,↓ decreasing,↑ increasing,→ stable,99.9,✅ EXCELLENT,False,NONE,2.9,0.2,NONE
1780034318.243,81.5,89.3,32.0,1544.0,44.3,13.81,31.8,31.8,32.0,32.1,optimal,optimal,optimal,optimal,optimal,optimal,↓ decreasing,→ stable,→ stable,99.9,✅ EXCELLENT,False,NONE,3.5,0.2,NONE
1780034319.244,81.8,88.9,32.0,1476.0,44.4,13.84,32.1,32.3,32.1,31.7,optimal,optimal,optimal,optimal,optimal,optimal,→ stable,→ stable,→ stable,99.9,✅ EXCELLENT,False,NONE,3.5,0.6,NONE
1780034320.246,81.2,90.3,32.0,1464.0,44.7,13.76,32.0,31.7,32.2,32.2,optimal,optimal,optimal,optimal,optimal,optimal,→ stable,→ stable,→ stable,99.9,✅ EXCELLENT,False,NONE,3.5,0.0,NONE
1780034321.248,82.4,88.8,32.3,1490.0,44.1,13.85,32.1,32.2,32.1,32.3,optimal,optimal,optimal,optimal,optimal,optimal,→ stable,→ stable,→ stable,99.9,✅ EXCELLENT,False,NONE,3.2,0.7,NONE
1780034322.251,79.5,90.1,31.6,1460.0,45.8,13.84,31.6,31.7,31.6,32.2,optimal,optimal,optimal,optimal,optimal,optimal,↑ increasing,→ stable,→ stable,99.9,✅ EXCELLENT,False,NONE,3.9,0.0,NONE
1780034323.253,79.2,89.4,32.1,1462.0,44.4,13.8,32.2,31.9,31.7,31.6,optimal,optimal,optimal,optimal,optimal,optimal,→ stable,↓ decreasing,→ stable,99.9,✅ EXCELLENT,False,NONE,3.3,0.2,NONE
1780034324.253,82.2,90.3,32.0,1503.0,44.9,13.81,32.3,32.2,32.2,31.7,optimal,optimal,optimal,optimal,optimal,optimal,→ stable,↓ decreasing,→ stable,99.9,✅ EXCELLENT,False,NONE,3.5,0.0,NONE
1780034325.254,77.4,90.0,31.7,1503.0,45.5,13.81,31.6,32.1,32.0,32.0,optimal,optimal,optimal,optimal,optimal,optimal,→ stable,↓ decreasing,→ stable,99.9,✅ EXCELLENT,False,NONE,3.6,0.0,NONE
1780034326.256,81.7,90.1,32.0,1539.0,45.1,13.85,31.7,31.9,31.7,32.4,optimal,optimal,optimal,optimal,optimal,optimal,→ stable,↓ decreasing,→ stable,99.9,✅ EXCELLENT,False,NONE,3.5,0.0,NONE
1780034327.258,81.8,90.4,31.9,1486.0,45.9,13.79,32.1,31.7,32.0,31.9,optimal,optimal,optimal,optimal,optimal,optimal,↑ increasing,↓ decreasing,→ stable,99.9,✅ EXCELLENT,False,NONE,3.6,0.0,NONE
1780034332.655,78.5,89.7,31.8,1464.0,44.7,13.77,31.7,31.6,32.2,32.0,optimal,optimal,optimal,optimal,optimal,optimal,↑ increasing,↓ decreasing,→ stable,99.9,✅ EXCELLENT,False,NONE,3.6,0.0,NONE
1780034333.657,80.9,90.2,31.8,1531.0,45.4,13.83,31.8,31.7,31.6,31.7,optimal,optimal,optimal,optimal,optimal,optimal,→ stable,→ stable,→ stable,99.9,✅ EXCELLENT,False,NONE,3.7,0.0,NONE
1780034334.658,82.0,89.1,32.1,1503.0,44.7,13.81,32.0,32.1,31.8,31.8,optimal,optimal,optimal,optimal,optimal,optimal,→ stable,→ stable,→ stable,99.9,✅ EXCELLENT,False,NONE,3.4,0.4,NONE
1780034335.659,80.7,90.9,32.4,1506.0,45.1,13.79,32.1,32.3,32.0,31.7,optimal,optimal,optimal,optimal,optimal,optimal,→ stable,→ stable,→ stable,99.9,✅ EXCELLENT,False,NONE,3.0,0.0,NONE
1780034336.66,77.7,90.2,32.4,1490.0,44.9,13.85,31.9,32.2,32.4,31.8,optimal,optimal,optimal,optimal,optimal,optimal,↓ decreasing,→ stable,→ stable,99.9,✅ EXCELLENT,False,NONE,2.9,0.0,NONE
1780034337.661,78.4,88.9,31.8,1546.0,45.8,13.77,31.9,31.7,32.2,32.3,optimal,optimal,optimal,optimal,optimal,optimal,→ stable,→ stable,→ stable,99.9,✅ EXCELLENT,False,NONE,3.6,0.6,NONE
1780034338.662,77.1,91.1,32.0,1487.0,44.3,13.8,31.8,32.4,32.1,31.8,optimal,optimal,optimal,optimal,optimal,optimal,↓ decreasing,→ stable,→ stable,99.9,✅ EXCELLENT,False,NONE,3.3,0.0,NONE
1780034339.662,82.0,90.6,31.8,1544.0,44.9,13.79,32.1,31.7,32.2,31.9,optimal,optimal,optimal,optimal,optimal,optimal,→ stable,→ stable,→ stable,99.9,✅ EXCELLENT,False,NONE,3.7,0.0,NONE
1780034340.664,78.6,88.8,32.3,1462.0,45.6,13.81,31.9,32.1,32.1,32.1,optimal,optimal,optimal,optimal,optimal,optimal,↓ decreasing,→ stable,→ stable,99.9,✅ EXCELLENT,False,NONE,3.0,0.7,NONE
1780034341.665,81.3,91.4,32.3,1486.0,44.1,13.79,31.9,32.0,31.7,32.0,optimal,optimal,optimal,optimal,optimal,optimal,↓ decreasing,→ stable,→ stable,99.9,✅ EXCELLENT,False,NONE,3.1,0.0,NONE
1780034343.241,78.4,91.1,32.3,1516.0,44.1,13.76,32.3,32.2,31.7,32.4,optimal,optimal,optimal,optimal,optimal,optimal,↓ decreasing,→ stable,→ stable,99.9,✅ EXCELLENT,False,NONE,3.0,0.0,NONE
1780034344.242,80.3,89.7,32.3,1464.0,45.6,13.83,31.6,31.7,31.9,32.1,optimal,optimal,optimal,optimal,optimal,optimal,↓ decreasing,→ stable,→ stable,99.9,✅ EXCELLENT,False,NONE,3.1,0.0,NONE
1780034345.243,80.8,90.9,31.7,1487.0,45.9,13.81,32.2,32.0,31.8,31.9,optimal,optimal,optimal,optimal,optimal,optimal,↓ decreasing,↑ increasing,→ stable,99.9,✅ EXCELLENT,False,NONE,3.8,0.0,NONE
1780034346.244,79.9,91.5,31.7,1539.0,45.8,13.76,32.0,31.7,31.8,32.1,optimal,optimal,optimal,optimal,optimal,optimal,↓ decreasing,→ stable,→ stable,99.9,✅ EXCELLENT,False,NONE,3.8,0.0,NONE
1780034347.245,79.9,91.4,31.8,1508.0,44.4,13.77,31.7,32.0,31.9,32.2,optimal,optimal,optimal,optimal,optimal,optimal,↓ decreasing,↑ increasing,→ stable,99.9,✅ EXCELLENT,False,NONE,3.7,0.0,NONE
1780034348.247,77.4,89.4,32.3,1454.0,44.3,13.84,32.3,32.0,32.0,32.4,optimal,optimal,optimal,optimal,optimal,optimal,↓ decreasing,↑ increasing,→ stable,99.9,✅ EXCELLENT,False,NONE,3.0,0.2,NONE
1780034349.249,80.6,90.7,32.1,1486.0,44.8,13.78,32.1,32.3,31.8,31.9,optimal,optimal,optimal,optimal,optimal,optimal,→ stable,→ stable,→ stable,99.9,✅ EXCELLENT,False,NONE,3.3,0.0,NONE
1780034350.25,77.5,89.8,31.6,1496.0,45.6,13.79,32.2,32.4,32.4,32.2,optimal,optimal,optimal,optimal,optimal,optimal,↓ decreasing,→ stable,→ stable,99.9,✅ EXCELLENT,False,NONE,3.8,0.0,NONE
1780034351.251,81.5,88.7,32.1,1455.0,45.6,13.81,31.6,31.9,31.7,31.7,optimal,optimal,optimal,optimal,optimal,optimal,→ stable,→ stable,→ stable,99.9,✅ EXCELLENT,False,NONE,3.4,0.8,NONE
1780034352.253,82.9,89.7,32.1,1465.0,45.7,13.82,32.3,31.8,32.1,31.6,optimal,optimal,optimal,optimal,optimal,optimal,→ stable,→ stable,→ stable,99.9,✅ EXCELLENT,False,NONE,3.4,0.0,NONE
1780034353.561,82.3,89.0,32.1,1536.0,44.6,13.78,31.9,32.0,31.8,31.7,optimal,optimal,optimal,optimal,optimal,optimal,↑ increasing,→ stable,→ stable,99.9,✅ EXCELLENT,False,NONE,3.4,0.5,NONE
1780034354.563,82.6,89.4,32.4,1458.0,44.9,13.79,31.7,31.8,32.1,32.0,optimal,optimal,optimal,optimal,optimal,optimal,↑ increasing,→ stable,→ stable,99.9,✅ EXCELLENT,False,NONE,3.1,0.2,NONE
1780034355.566,77.3,89.6,32.1,1550.0,45.1,13.78,32.1,31.9,31.6,31.8,optimal,optimal,optimal,optimal,optimal,optimal,↑ increasing,→ stable,→ stable,99.9,✅ EXCELLENT,False,NONE,3.2,0.1,NONE
1780034356.568,83.0,91.2,31.6,1528.0,45.7,13.83,31.9,32.2,32.0,32.1,optimal,optimal,optimal,optimal,optimal,optimal,↑ increasing,↓ decreasing,→ stable,99.9,✅ EXCELLENT,False,NONE,4.0,0.0,NONE
1780034357.57,80.9,89.7,32.0,1549.0,44.1,13.84,32.2,32.4,32.0,31.8,optimal,optimal,optimal,optimal,optimal,optimal,↑ increasing,↓ decreasing,→ stable,99.9,✅ EXCELLENT,False,NONE,3.5,0.0,NONE
1780034358.572,82.1,90.2,32.3,1483.0,44.3,13.78,32.2,32.4,32.3,31.9,optimal,optimal,optimal,optimal,optimal,optimal,↑ increasing,↓ decreasing,→ stable,99.9,✅ EXCELLENT,False,NONE,3.2,0.0,NONE
1780034359.573,81.8,89.4,31.7,1464.0,45.2,13.85,31.8,31.8,32.1,31.7,optimal,optimal,optimal,optimal,optimal,optimal,↑ increasing,↓ decreasing,→ stable,99.9,✅ EXCELLENT,False,NONE,3.9,0.2,NONE
1780034360.574,81.4,89.7,32.2,1457.0,45.5,13.79,31.7,32.1,32.0,32.4,optimal,optimal,optimal,optimal,optimal,optimal,↑ increasing,↓ decreasing,→ stable,99.9,✅ EXCELLENT,False,NONE,3.3,0.0,NONE
1780034361.576,81.8,88.7,32.2,1504.0,44.8,13.76,32.0,31.9,32.4,31.9,optimal,optimal,optimal,optimal,optimal,optimal,↑ increasing,↓ decreasing,→ stable,99.9,✅ EXCELLENT,False,NONE,3.3,0.8,NONE
1780034362.578,82.0,89.7,31.7,1510.0,45.6,13.81,32.0,32.4,31.7,32.3,optimal,optimal,optimal,optimal,optimal,optimal,↑ increasing,↓ decreasing,→ stable,99.9,✅ EXCELLENT,False,NONE,3.9,0.0,NONE
1780034363.588,82.2,88.6,31.9,1519.0,45.1,13.81,32.2,32.3,32.3,32.2,optimal,optimal,optimal,optimal,optimal,optimal,↑ increasing,→ stable,→ stable,99.9,✅ EXCELLENT,False,NONE,3.6,1.0,NONE
1780034364.59,77.1,89.6,31.7,1505.0,45.6,13.78,31.6,31.8,32.2,32.3,optimal,optimal,optimal,optimal,optimal,optimal,→ stable,→ stable,→ stable,99.9,✅ EXCELLENT,False,NONE,3.6,0.1,NONE
1780034365.591,79.0,89.5,32.1,1523.0,44.0,13.85,31.9,31.9,32.4,31.9,optimal,optimal,optimal,optimal,optimal,optimal,↑ increasing,→ stable,→ stable,99.9,✅ EXCELLENT,False,NONE,3.3,0.1,NONE
1780034366.592,82.3,89.6,31.6,1518.0,44.2,13.79,31.9,31.8,32.1,32.0,optimal,optimal,optimal,optimal,optimal,optimal,↑ increasing,→ stable,→ stable,99.9,✅ EXCELLENT,False,NONE,4.0,0.1,NONE
1780034367.594,82.1,90.4,32.3,1537.0,45.5,13.82,31.7,31.9,32.0,32.1,optimal,optimal,optimal,optimal,optimal,optimal,↑ increasing,→ stable,→ stable,99.9,✅ EXCELLENT,False,NONE,3.2,0.0,NONE
1780034368.595,79.5,89.3,31.7,1535.0,44.5,13.8,31.6,32.2,32.2,31.8,optimal,optimal,optimal,optimal,optimal,optimal,→ stable,→ stable,→ stable,99.9,✅ EXCELLENT,False,NONE,3.7,0.2,NONE
1780034369.597,81.8,89.3,31.9,1466.0,45.8,13.77,32.0,31.8,31.9,31.7,optimal,optimal,optimal,optimal,optimal,optimal,→ stable,→ stable,→ stable,99.9,✅ EXCELLENT,False,NONE,3.6,0.2,NONE
1780034370.598,82.2,90.9,32.1,1538.0,45.1,13.81,31.8,32.2,31.8,32.4,optimal,optimal,optimal,optimal,optimal,optimal,↓ decreasing,→ stable,→ stable,99.9,✅ EXCELLENT,False,NONE,3.4,0.0,NONE
1780034371.599,79.5,91.4,32.1,1528.0,44.8,13.77,31.7,32.1,32.0,32.4,optimal,optimal,optimal,optimal,optimal,optimal,↓ decreasing,→ stable,→ stable,99.9,✅ EXCELLENT,False,NONE,3.3,0.0,NONE
1780034372.6,78.7,88.8,31.7,1478.0,44.3,13.79,31.7,32.1,32.4,31.8,optimal,optimal,optimal,optimal,optimal,optimal,↓ decreasing,→ stable,→ stable,99.9,✅ EXCELLENT,False,NONE,3.7,0.7,NONE
1780034374.269,77.9,90.1,32.3,1519.0,45.6,13.78,31.8,32.3,31.6,31.7,optimal,optimal,optimal,optimal,optimal,optimal,↓ decreasing,→ stable,→ stable,99.9,✅ EXCELLENT,False,NONE,3.0,0.0,NONE
1780034375.27,79.5,89.4,31.8,1480.0,44.7,13.8,32.0,31.6,32.0,31.6,optimal,optimal,optimal,optimal,optimal,optimal,↓ decreasing,→ stable,→ stable,99.9,✅ EXCELLENT,False,NONE,3.6,0.2,NONE
1780034376.272,81.8,88.8,32.2,1538.0,44.3,13.81,32.4,31.7,31.7,31.7,optimal,optimal,optimal,optimal,optimal,optimal,↓ decreasing,→ stable,→ stable,99.9,✅ EXCELLENT,False,NONE,3.3,0.7,NONE
1780034377.274,79.0,90.5,32.1,1546.0,44.2,13.81,32.0,32.0,32.0,32.2,optimal,optimal,optimal,optimal,optimal,optimal,↓ decreasing,→ stable,→ stable,99.9,✅ EXCELLENT,False,NONE,3.3,0.0,NONE
1780034378.275,78.4,89.3,31.9,1452.0,45.7,13.78,31.8,32.1,31.6,32.2,optimal,optimal,optimal,optimal,optimal,optimal,↓ decreasing,→ stable,→ stable,99.9,✅ EXCELLENT,False,NONE,3.5,0.2,NONE
1780034379.276,82.8,90.8,31.7,1528.0,44.2,13.79,32.4,31.8,31.7,32.0,optimal,optimal,optimal,optimal,optimal,optimal,↓ decreasing,→ stable,→ stable,99.9,✅ EXCELLENT,False,NONE,3.9,0.0,NONE
1780034380.277,77.4,88.9,32.0,1460.0,45.1,13.78,32.1,31.6,32.4,32.2,optimal,optimal,optimal,optimal,optimal,optimal,↓ decreasing,→ stable,→ stable,99.9,✅ EXCELLENT,False,NONE,3.3,0.6,NONE
1780034381.278,77.9,88.8,31.8,1527.0,46.0,13.83,32.0,32.1,31.7,32.4,optimal,optimal,optimal,optimal,optimal,optimal,↓ decreasing,→ stable,→ stable,99.9,✅ EXCELLENT,False,NONE,3.6,0.7,NONE
1780034382.28,79.2,90.5,31.6,1472.0,45.5,13.82,31.6,32.0,32.2,32.1,optimal,optimal,optimal,optimal,optimal,optimal,↓ decreasing,→ stable,→ stable,99.9,✅ EXCELLENT,False,NONE,3.8,0.0,NONE
1780034383.281,78.7,90.5,31.8,1479.0,45.5,13.83,32.1,32.1,32.0,31.6,optimal,optimal,optimal,optimal,optimal,optimal,↓ decreasing,→ stable,→ stable,99.9,✅ EXCELLENT,False,NONE,3.6,0.0,NONE
1780034397.021,77.3,88.6,32.2,1528.0,44.1,13.77,32.0,31.8,32.0,32.3,optimal,optimal,optimal,optimal,optimal,optimal,↓ decreasing,→ stable,→ stable,99.9,✅ EXCELLENT,False,NONE,3.1,1.0,NONE
1780034398.022,77.3,90.8,32.1,1497.0,44.9,13.77,31.9,32.3,31.9,32.3,optimal,optimal,optimal,optimal,optimal,optimal,↓ decreasing,→ stable,→ stable,99.9,✅ EXCELLENT,False,NONE,3.2,0.0,NONE
1780034399.023,77.2,90.8,32.2,1516.0,45.0,13.83,31.8,32.3,31.8,31.8,optimal,optimal,optimal,optimal,optimal,optimal,↓ decreasing,→ stable,→ stable,99.9,✅ EXCELLENT,False,NONE,3.1,0.0,NONE
1780034400.025,78.6,91.1,32.0,1527.0,44.8,13.78,32.0,31.9,31.6,32.0,optimal,optimal,optimal,optimal,optimal,optimal,↓ decreasing,→ stable,→ stable,99.9,✅ EXCELLENT,False,NONE,3.4,0.0,NONE
1780034401.026,79.6,89.3,32.2,1546.0,45.7,13.84,32.0,32.0,31.7,31.6,optimal,optimal,optimal,optimal,optimal,optimal,↓ decreasing,→ stable,→ stable,99.9,✅ EXCELLENT,False,NONE,3.2,0.2,NONE
1780034402.028,79.3,91.4,31.9,1453.0,45.2,13.81,31.9,31.8,32.0,32.3,optimal,optimal,optimal,optimal,optimal,optimal,↓ decreasing,→ stable,→ stable,99.9,✅ EXCELLENT,False,NONE,3.5,0.0,NONE
1780034403.029,81.2,88.8,31.6,1545.0,45.6,13.79,31.6,32.3,32.3,31.9,optimal,optimal,optimal,optimal,optimal,optimal,↓ decreasing,→ stable,→ stable,99.9,✅ EXCELLENT,False,NONE,3.9,0.7,NONE
1780034404.03,81.7,88.8,32.1,1494.0,44.1,13.81,32.2,32.3,31.8,32.0,optimal,optimal,optimal,optimal,optimal,optimal,→ stable,→ stable,→ stable,99.9,✅ EXCELLENT,False,NONE,3.4,0.7,NONE
1780034405.031,78.9,88.9,31.6,1483.0,44.2,13.79,31.7,31.7,31.8,31.7,optimal,optimal,optimal,optimal,optimal,optimal,→ stable,→ stable,→ stable,99.9,✅ EXCELLENT,False,NONE,3.8,0.6,NONE
1780034406.032,80.5,90.8,32.1,1456.0,45.0,13.76,31.8,32.2,32.0,31.9,optimal,optimal,optimal,optimal,optimal,optimal,→ stable,→ stable,→ stable,99.9,✅ EXCELLENT,False,NONE,3.3,0.0,NONE
1780034407.286,79.4,88.6,31.9,1521.0,45.1,13.82,31.6,32.3,31.8,32.1,optimal,optimal,optimal,optimal,optimal,optimal,→ stable,→ stable,→ stable,99.9,✅ EXCELLENT,False,NONE,3.5,1.0,NONE
1780034408.288,77.9,91.0,32.3,1460.0,44.8,13.82,31.7,32.0,32.1,31.8,optimal,optimal,optimal,optimal,optimal,optimal,→ stable,→ stable,→ stable,99.9,✅ EXCELLENT,False,NONE,3.0,0.0,NONE
1780034409.289,79.9,90.6,32.3,1466.0,45.0,13.79,31.9,32.1,31.9,32.1,optimal,optimal,optimal,optimal,optimal,optimal,↑ increasing,→ stable,→ stable,99.9,✅ EXCELLENT,False,NONE,3.1,0.0,NONE
1780034410.291,77.8,88.6,32.1,1544.0,44.4,13.83,31.6,31.6,31.9,31.6,optimal,optimal,optimal,optimal,optimal,optimal,↑ increasing,→ stable,→ stable,99.9,✅ EXCELLENT,False,NONE,3.2,1.0,NONE
1780034411.293,82.7,90.5,32.3,1527.0,44.8,13.82,32.4,32.0,31.8,32.3,optimal,optimal,optimal,optimal,optimal,optimal,↑ increasing,→ stable,→ stable,99.9,✅ EXCELLENT,False,NONE,3.2,0.0,NONE
1780034412.294,82.8,89.2,32.1,1494.0,44.9,13.78,32.3,31.6,31.9,31.8,optimal,optimal,optimal,optimal,optimal,optimal,↑ increasing,→ stable,→ stable,99.9,✅ EXCELLENT,False,NONE,3.4,0.3,NONE
1780034413.295,77.6,90.6,32.0,1461.0,45.3,13.8,32.3,31.9,31.9,31.8,optimal,optimal,optimal,optimal,optimal,optimal,↑ increasing,→ stable,→ stable,99.9,✅ EXCELLENT,False,NONE,3.3,0.0,NONE
1780034414.296,81.7,89.8,31.7,1474.0,45.3,13.82,31.8,31.6,32.2,31.9,optimal,optimal,optimal,optimal,optimal,optimal,↑ increasing,→ stable,→ stable,99.9,✅ EXCELLENT,False,NONE,3.9,0.0,NONE
1780034415.297,77.3,89.2,31.7,1521.0,45.6,13.84,31.7,32.0,31.9,31.7,optimal,optimal,optimal,optimal,optimal,optimal,↑ increasing,→ stable,→ stable,99.9,✅ EXCELLENT,False,NONE,3.6,0.3,NONE
1780034416.298,77.0,91.0,31.8,1465.0,44.2,13.82,31.7,31.7,32.3,32.2,optimal,optimal,optimal,optimal,optimal,optimal,→ stable,→ stable,→ stable,99.9,✅ EXCELLENT,False,NONE,3.5,0.0,NONE
1780034417.546,81.1,88.8,31.8,1540.0,45.4,13.81,31.7,31.6,32.4,32.2,optimal,optimal,optimal,optimal,optimal,optimal,→ stable,→ stable,→ stable,99.9,✅ EXCELLENT,False,NONE,3.7,0.7,NONE
1780034418.546,83.0,89.7,32.2,1504.0,44.7,13.76,32.0,32.2,31.9,31.9,optimal,optimal,optimal,optimal,optimal,optimal,↑ increasing,→ stable,→ stable,99.9,✅ EXCELLENT,False,NONE,3.3,0.0,NONE
1780034419.548,80.0,89.7,32.1,1526.0,45.8,13.75,31.9,31.9,31.9,32.0,optimal,optimal,optimal,optimal,optimal,optimal,→ stable,→ stable,→ stable,99.9,✅ EXCELLENT,False,NONE,3.3,0.0,NONE
1780034420.55,77.9,89.8,32.2,1540.0,45.3,13.81,31.9,32.4,31.6,31.9,optimal,optimal,optimal,optimal,optimal,optimal,→ stable,→ stable,→ stable,99.9,✅ EXCELLENT,False,NONE,3.1,0.0,NONE
1780034421.552,78.6,91.4,31.7,1505.0,44.6,13.84,32.2,31.9,32.0,32.0,optimal,optimal,optimal,optimal,optimal,optimal,→ stable,→ stable,→ stable,99.9,✅ EXCELLENT,False,NONE,3.7,0.0,NONE
1780034422.553,80.8,91.2,32.0,1528.0,44.5,13.84,32.3,32.4,31.9,32.0,optimal,optimal,optimal,optimal,optimal,optimal,↓ decreasing,↑ increasing,→ stable,99.9,✅ EXCELLENT,False,NONE,3.5,0.0,NONE
1780034423.554,78.3,88.7,31.7,1478.0,44.1,13.77,31.9,31.6,32.0,31.9,optimal,optimal,optimal,optimal,optimal,optimal,→ stable,→ stable,→ stable,99.9,✅ EXCELLENT,False,NONE,3.7,0.8,NONE
1780034424.555,77.8,90.1,32.2,1457.0,45.2,13.81,32.3,32.2,31.7,32.2,optimal,optimal,optimal,optimal,optimal,optimal,↓ decreasing,→ stable,→ stable,99.9,✅ EXCELLENT,False,NONE,3.1,0.0,NONE
1780034425.556,79.7,91.5,32.1,1520.0,45.7,13.82,31.7,32.0,32.0,32.3,optimal,optimal,optimal,optimal,optimal,optimal,→ stable,→ stable,→ stable,99.9,✅ EXCELLENT,False,NONE,3.3,0.0,NONE
1780034426.557,77.8,90.0,32.0,1468.0,45.4,13.82,32.1,32.1,31.7,32.0,optimal,optimal,optimal,optimal,optimal,optimal,→ stable,→ stable,→ stable,99.9,✅ EXCELLENT,False,NONE,3.3,0.0,NONE
1780034427.565,80.2,91.2,31.9,1511.0,45.8,13.78,32.0,32.3,31.9,32.3,optimal,optimal,optimal,optimal,optimal,optimal,→ stable,→ stable,→ stable,99.9,✅ EXCELLENT,False,NONE,3.6,0.0,NONE
1780034428.566,81.5,89.7,32.0,1470.0,44.1,13.76,32.3,32.0,31.7,32.3,optimal,optimal,optimal,optimal,optimal,optimal,↓ decreasing,↑ increasing,→ stable,99.9,✅ EXCELLENT,False,NONE,3.5,0.0,NONE
1780034429.567,82.3,88.9,32.1,1519.0,44.0,13.8,31.8,31.6,31.9,32.2,optimal,optimal,optimal,optimal,optimal,optimal,↓ decreasing,↑ increasing,→ stable,99.9,✅ EXCELLENT,False,NONE,3.4,0.6,NONE
1780034430.568,80.6,90.3,32.2,1518.0,45.9,13.8,32.0,32.0,32.2,32.3,optimal,optimal,optimal,optimal,optimal,optimal,→ stable,→ stable,→ stable,99.9,✅ EXCELLENT,False,NONE,3.2,0.0,NONE
1780034431.57,79.6,91.1,32.3,1455.0,45.9,13.81,31.8,32.2,31.7,31.8,optimal,optimal,optimal,optimal,optimal,optimal,→ stable,→ stable,→ stable,99.9,✅ EXCELLENT,False,NONE,3.1,0.0,NONE
1780034432.571,81.7,90.2,31.9,1499.0,44.8,13.81,31.9,32.2,31.8,31.8,optimal,optimal,optimal,optimal,optimal,optimal,→ stable,→ stable,→ stable,99.9,✅ EXCELLENT,False,NONE,3.6,0.0,NONE
1780034433.571,82.1,89.0,32.4,1546.0,44.2,13.81,32.1,31.8,31.9,31.6,optimal,optimal,optimal,optimal,optimal,optimal,↑ increasing,→ stable,→ stable,99.9,✅ EXCELLENT,False,NONE,3.0,0.5,NONE
1780034434.573,81.3,90.0,31.9,1472.0,45.6,13.84,32.4,32.3,31.6,32.2,optimal,optimal,optimal,optimal,optimal,optimal,↑ increasing,→ stable,→ stable,99.9,✅ EXCELLENT,False,NONE,3.6,0.0,NONE
1780034435.574,79.8,89.6,31.7,1497.0,44.8,13.81,32.1,31.8,31.6,31.8,optimal,optimal,optimal,optimal,optimal,optimal,↑ increasing,→ stable,→ stable,99.9,✅ EXCELLENT,False,NONE,3.8,0.1,NONE
1780034436.575,82.7,89.6,31.9,1490.0,44.6,13.77,32.1,32.3,31.7,32.2,optimal,optimal,optimal,optimal,optimal,optimal,↑ increasing,→ stable,→ stable,99.9,✅ EXCELLENT,False,NONE,3.7,0.1,NONE
1780034437.847,82.1,89.2,31.6,1542.0,45.5,13.84,32.0,32.3,32.2,32.4,optimal,optimal,optimal,optimal,optimal,optimal,↑ increasing,↓ decreasing,→ stable,99.9,✅ EXCELLENT,False,NONE,4.0,0.3,NONE
1780034438.848,77.9,90.0,32.3,1519.0,45.9,13.78,32.2,31.7,32.0,32.3,optimal,optimal,optimal,optimal,optimal,optimal,↑ increasing,↓ decreasing,→ stable,99.9,✅ EXCELLENT,False,NONE,3.0,0.0,NONE
1780034439.85,81.5,90.5,31.6,1545.0,45.7,13.78,31.7,31.8,31.7,32.1,optimal,optimal,optimal,optimal,optimal,optimal,↑ increasing,→ stable,→ stable,99.9,✅ EXCELLENT,False,NONE,4.0,0.0,NONE
1780034440.851,82.6,91.4,31.9,1513.0,44.4,13.84,32.2,32.1,31.7,31.6,optimal,optimal,optimal,optimal,optimal,optimal,↑ increasing,→ stable,→ stable,99.9,✅ EXCELLENT,False,NONE,3.7,0.0,NONE
1780034441.853,80.4,89.6,32.2,1520.0,44.4,13.83,32.4,31.8,32.3,31.7,optimal,optimal,optimal,optimal,optimal,optimal,↑ increasing,→ stable,→ stable,99.9,✅ EXCELLENT,False,NONE,3.2,0.1,NONE
1780034442.854,78.5,88.9,32.3,1526.0,45.3,13.78,32.3,32.2,31.8,31.8,optimal,optimal,optimal,optimal,optimal,optimal,↑ increasing,→ stable,→ stable,99.9,✅ EXCELLENT,False,NONE,3.0,0.6,NONE
1780034443.856,77.3,90.6,31.8,1470.0,45.0,13.81,32.0,32.0,32.0,31.7,optimal,optimal,optimal,optimal,optimal,optimal,→ stable,→ stable,→ stable,99.9,✅ EXCELLENT,False,NONE,3.5,0.0,NONE
1780034444.857,77.5,90.3,32.1,1480.0,45.2,13.83,32.0,32.2,32.3,32.0,optimal,optimal,optimal,optimal,optimal,optimal,↓ decreasing,→ stable,→ stable,99.9,✅ EXCELLENT,False,NONE,3.2,0.0,NONE
1780034445.858,82.3,90.1,31.9,1453.0,45.5,13.81,32.3,32.0,32.0,31.8,optimal,optimal,optimal,optimal,optimal,optimal,→ stable,→ stable,→ stable,99.9,✅ EXCELLENT,False,NONE,3.6,0.0,NONE
1780034446.859,82.3,91.4,31.7,1471.0,44.9,13.84,32.1,32.4,31.8,32.2,optimal,optimal,optimal,optimal,optimal,optimal,↓ decreasing,→ stable,→ stable,99.9,✅ EXCELLENT,False,NONE,3.9,0.0,NONE
1780034448.077,78.1,88.9,31.9,1538.0,45.0,13.85,32.1,31.7,32.0,31.8,optimal,optimal,optimal,optimal,optimal,optimal,↓ decreasing,→ stable,→ stable,99.9,✅ EXCELLENT,False,NONE,3.5,0.6,NONE
1780034449.078,81.6,89.9,31.6,1506.0,45.4,13.81,32.3,31.7,31.8,32.0,optimal,optimal,optimal,optimal,optimal,optimal,↓ decreasing,→ stable,→ stable,99.9,✅ EXCELLENT,False,NONE,4.0,0.0,NONE
1780034450.079,79.5,91.4,31.8,1527.0,44.7,13.79,32.1,32.3,32.0,31.8,optimal,optimal,optimal,optimal,optimal,optimal,↓ decreasing,→ stable,→ stable,99.9,✅ EXCELLENT,False,NONE,3.6,0.0,NONE
1780034451.08,77.0,89.2,31.9,1530.0,45.9,13.76,32.0,32.0,32.3,31.6,optimal,optimal,optimal,optimal,optimal,optimal,↓ decreasing,→ stable,→ stable,99.9,✅ EXCELLENT,False,NONE,3.4,0.3,NONE
1780034452.081,79.0,91.1,32.2,1470.0,45.3,13.8,32.1,31.9,31.9,32.3,optimal,optimal,optimal,optimal,optimal,optimal,↓ decreasing,→ stable,→ stable,99.9,✅ EXCELLENT,False,NONE,3.2,0.0,NONE
1780034453.082,81.0,88.6,31.8,1476.0,45.9,13.82,32.0,32.0,31.8,31.9,optimal,optimal,optimal,optimal,optimal,optimal,↓ decreasing,→ stable,→ stable,99.9,✅ EXCELLENT,False,NONE,3.7,1.0,NONE
1780034454.084,77.2,90.8,31.6,1546.0,44.5,13.78,32.4,32.3,32.3,32.0,optimal,optimal,optimal,optimal,optimal,optimal,↓ decreasing,→ stable,→ stable,99.9,✅ EXCELLENT,False,NONE,3.7,0.0,NONE
1780034455.085,77.3,91.3,32.1,1496.0,44.7,13.76,31.8,32.3,32.4,31.6,optimal,optimal,optimal,optimal,optimal,optimal,→ stable,→ stable,→ stable,99.9,✅ EXCELLENT,False,NONE,3.2,0.0,NONE
1780034456.087,82.9,91.1,32.3,1467.0,44.1,13.84,32.0,31.7,32.1,32.4,optimal,optimal,optimal,optimal,optimal,optimal,↓ decreasing,→ stable,→ stable,99.9,✅ EXCELLENT,False,NONE,3.2,0.0,NONE
1780034457.088,82.1,89.3,31.6,1530.0,44.8,13.82,32.1,31.8,31.7,31.9,optimal,optimal,optimal,optimal,optimal,optimal,↓ decreasing,→ stable,→ stable,99.9,✅ EXCELLENT,False,NONE,4.0,0.2,NONE
1780034458.262,78.0,91.1,32.4,1450.0,45.2,13.8,32.3,32.1,31.8,31.9,optimal,optimal,optimal,optimal,optimal,optimal,→ stable,→ stable,→ stable,99.9,✅ EXCELLENT,False,NONE,2.9,0.0,NONE
1780034459.264,80.4,88.8,31.7,1494.0,44.2,13.84,32.3,31.6,32.2,32.1,optimal,optimal,optimal,optimal,optimal,optimal,↓ decreasing,→ stable,→ stable,99.9,✅ EXCELLENT,False,NONE,3.8,0.7,NONE
1780034460.264,82.6,90.0,32.0,1541.0,46.0,13.84,32.0,31.6,32.0,32.2,optimal,optimal,optimal,optimal,optimal,optimal,→ stable,→ stable,→ stable,99.9,✅ EXCELLENT,False,NONE,3.5,0.0,NONE
1780034461.265,80.7,90.2,32.2,1525.0,44.2,13.79,32.1,32.2,32.2,32.1,optimal,optimal,optimal,optimal,optimal,optimal,↑ increasing,→ stable,→ stable,99.9,✅ EXCELLENT,False,NONE,3.2,0.0,NONE
1780034462.266,78.1,90.4,31.7,1529.0,45.9,13.77,32.3,32.3,31.6,31.7,optimal,optimal,optimal,optimal,optimal,optimal,↑ increasing,→ stable,→ stable,99.9,✅ EXCELLENT,False,NONE,3.7,0.0,NONE
1780034463.268,81.2,88.6,32.1,1525.0,45.4,13.83,31.8,32.2,31.7,32.3,optimal,optimal,optimal,optimal,optimal,optimal,→ stable,→ stable,→ stable,99.9,✅ EXCELLENT,False,NONE,3.4,1.0,NONE
1780034464.268,82.3,91.0,32.1,1458.0,45.2,13.83,32.4,32.3,31.6,32.4,optimal,optimal,optimal,optimal,optimal,optimal,↑ increasing,→ stable,→ stable,99.9,✅ EXCELLENT,False,NONE,3.4,0.0,NONE
1780034465.27,81.2,91.5,31.9,1529.0,44.1,13.81,32.0,32.0,32.3,31.9,optimal,optimal,optimal,optimal,optimal,optimal,↑ increasing,→ stable,→ stable,99.9,✅ EXCELLENT,False,NONE,3.6,0.0,NONE
1780034466.272,82.4,91.0,32.3,1466.0,44.4,13.84,32.1,32.2,32.2,31.6,optimal,optimal,optimal,optimal,optimal,optimal,↑ increasing,→ stable,→ stable,99.9,✅ EXCELLENT,False,NONE,3.2,0.0,NONE
1780034467.273,82.6,91.0,32.2,1489.0,46.0,13.77,31.6,32.3,32.2,31.9,optimal,optimal,optimal,optimal,optimal,optimal,↑ increasing,→ stable,→ stable,99.9,✅ EXCELLENT,False,NONE,3.3,0.0,NONE
1780034468.563,82.4,91.0,31.7,1542.0,45.3,13.78,32.1,32.3,32.2,31.9,optimal,optimal,optimal,optimal,optimal,optimal,↑ increasing,→ stable,→ stable,99.9,✅ EXCELLENT,False,NONE,3.9,0.0,NONE
1780034469.565,79.2,89.6,31.7,1491.0,44.6,13.81,31.8,31.8,32.4,32.3,optimal,optimal,optimal,optimal,optimal,optimal,↑ increasing,→ stable,→ stable,99.9,✅ EXCELLENT,False,NONE,3.7,0.1,NONE
1780034470.565,82.6,89.8,32.1,1455.0,45.7,13.76,31.8,32.3,32.0,32.0,optimal,optimal,optimal,optimal,optimal,optimal,↑ increasing,→ stable,→ stable,99.9,✅ EXCELLENT,False,NONE,3.4,0.0,NONE
1780034471.566,80.2,91.4,31.7,1481.0,44.1,13.78,31.9,32.1,32.1,32.0,optimal,optimal,optimal,optimal,optimal,optimal,↑ increasing,→ stable,→ stable,99.9,✅ EXCELLENT,False,NONE,3.8,0.0,NONE
1780034472.568,77.6,88.8,32.0,1517.0,44.7,13.84,32.2,31.7,31.9,32.0,optimal,optimal,optimal,optimal,optimal,optimal,↑ increasing,→ stable,→ stable,99.9,✅ EXCELLENT,False,NONE,3.3,0.7,NONE
1780034473.57,77.1,90.5,31.7,1548.0,44.1,13.84,32.0,31.7,32.1,31.8,optimal,optimal,optimal,optimal,optimal,optimal,↑ increasing,→ stable,→ stable,99.9,✅ EXCELLENT,False,NONE,3.6,0.0,NONE
1780034474.572,81.8,90.1,32.2,1534.0,44.4,13.84,31.8,31.9,32.3,32.1,optimal,optimal,optimal,optimal,optimal,optimal,→ stable,→ stable,→ stable,99.9,✅ EXCELLENT,False,NONE,3.3,0.0,NONE
1780034475.574,79.5,91.0,31.9,1464.0,45.6,13.81,31.9,31.7,31.9,32.1,optimal,optimal,optimal,optimal,optimal,optimal,→ stable,→ stable,→ stable,99.9,✅ EXCELLENT,False,NONE,3.5,0.0,NONE
1780034476.575,78.8,89.4,32.3,1548.0,44.8,13.79,32.2,32.1,32.4,31.7,optimal,optimal,optimal,optimal,optimal,optimal,↓ decreasing,→ stable,→ stable,99.9,✅ EXCELLENT,False,NONE,3.0,0.2,NONE
1780034477.577,79.3,90.2,31.9,1514.0,45.8,13.77,32.1,31.7,31.6,32.2,optimal,optimal,optimal,optimal,optimal,optimal,↓ decreasing,→ stable,→ stable,99.9,✅ EXCELLENT,False,NONE,3.5,0.0,NONE
1780034478.99,78.8,89.0,31.9,1467.0,45.0,13.85,31.6,31.6,31.9,31.9,optimal,optimal,optimal,optimal,optimal,optimal,↓ decreasing,→ stable,→ stable,99.9,✅ EXCELLENT,False,NONE,3.5,0.5,NONE
1780034479.991,82.7,89.7,32.2,1470.0,44.8,13.83,31.8,31.8,32.0,32.1,optimal,optimal,optimal,optimal,optimal,optimal,↓ decreasing,→ stable,→ stable,99.9,✅ EXCELLENT,False,NONE,3.3,0.0,NONE
1780034480.993,78.0,89.6,32.3,1535.0,45.0,13.85,32.3,31.9,31.9,32.1,optimal,optimal,optimal,optimal,optimal,optimal,↓ decreasing,→ stable,→ stable,99.9,✅ EXCELLENT,False,NONE,3.0,0.1,NONE
1780034481.994,79.0,90.5,31.7,1523.0,45.6,13.8,32.4,31.7,31.9,31.9,optimal,optimal,optimal,optimal,optimal,optimal,↓ decreasing,↓ decreasing,→ stable,99.9,✅ EXCELLENT,False,NONE,3.7,0.0,NONE
1780034482.997,78.7,89.6,32.1,1511.0,44.0,13.79,31.8,31.9,32.3,31.7,optimal,optimal,optimal,optimal,optimal,optimal,↓ decreasing,→ stable,→ stable,99.9,✅ EXCELLENT,False,NONE,3.3,0.1,NONE
1780034483.999,79.5,90.4,32.0,1455.0,44.1,13.84,31.7,31.9,32.3,32.2,optimal,optimal,optimal,optimal,optimal,optimal,↓ decreasing,↓ decreasing,→ stable,99.9,✅ EXCELLENT,False,NONE,3.4,0.0,NONE
1780034485.001,80.1,91.2,32.4,1536.0,45.4,13.83,32.2,32.1,31.8,32.1,optimal,optimal,optimal,optimal,optimal,optimal,↓ decreasing,→ stable,→ stable,99.9,✅ EXCELLENT,False,NONE,3.0,0.0,NONE
1780034486.002,79.8,89.9,32.1,1462.0,45.7,13.8,32.4,32.1,32.1,31.7,optimal,optimal,optimal,optimal,optimal,optimal,↓ decreasing,→ stable,→ stable,99.9,✅ EXCELLENT,False,NONE,3.3,0.0,NONE
1780034487.003,77.3,89.8,32.0,1525.0,44.1,13.79,31.8,32.2,32.1,32.3,optimal,optimal,optimal,optimal,optimal,optimal,↓ decreasing,→ stable,→ stable,99.9,✅ EXCELLENT,False,NONE,3.3,0.0,NONE
1780034488.004,82.0,90.8,32.3,1501.0,45.1,13.83,31.6,31.7,32.2,32.1,optimal,optimal,optimal,optimal,optimal,optimal,→ stable,→ stable,→ stable,99.9,✅ EXCELLENT,False,NONE,3.2,0.0,NONE
1780034489.395,81.6,91.2,31.6,1473.0,44.7,13.83,31.8,32.0,31.6,32.4,optimal,optimal,optimal,optimal,optimal,optimal,→ stable,→ stable,→ stable,99.9,✅ EXCELLENT,False,NONE,4.0,0.0,NONE
1780034490.396,78.9,91.0,32.3,1478.0,44.4,13.76,32.1,31.9,32.0,31.8,optimal,optimal,optimal,optimal,optimal,optimal,→ stable,→ stable,→ stable,99.9,✅ EXCELLENT,False,NONE,3.0,0.0,NONE
1780034491.398,79.4,89.2,32.0,1534.0,45.9,13.82,32.1,32.0,32.3,32.1,optimal,optimal,optimal,optimal,optimal,optimal,→ stable,→ stable,→ stable,99.9,✅ EXCELLENT,False,NONE,3.4,0.3,NONE
1780034492.399,78.2,91.3,32.3,1531.0,44.3,13.84,31.6,32.2,32.0,32.3,optimal,optimal,optimal,optimal,optimal,optimal,→ stable,↑ increasing,→ stable,99.9,✅ EXCELLENT,False,NONE,3.0,0.0,NONE
1780034493.401,77.4,90.0,31.6,1539.0,44.6,13.76,31.7,32.1,31.9,32.2,optimal,optimal,optimal,optimal,optimal,optimal,→ stable,↑ increasing,→ stable,99.9,✅ EXCELLENT,False,NONE,3.8,0.0,NONE
1780034494.403,82.2,88.6,31.9,1494.0,45.5,13.79,32.1,31.7,32.1,32.0,optimal,optimal,optimal,optimal,optimal,optimal,→ stable,→ stable,→ stable,99.9,✅ EXCELLENT,False,NONE,3.6,1.0,NONE
1780034495.404,81.6,89.7,31.8,1509.0,45.3,13.83,32.0,32.4,32.4,32.4,optimal,optimal,optimal,optimal,optimal,optimal,→ stable,→ stable,→ stable,99.9,✅ EXCELLENT,False,NONE,3.7,0.0,NONE
1780034496.405,77.8,90.5,31.7,1481.0,45.1,13.76,32.2,32.3,31.6,32.3,optimal,optimal,optimal,optimal,optimal,optimal,→ stable,→ stable,→ stable,99.9,✅ EXCELLENT,False,NONE,3.7,0.0,NONE
1780034497.406,77.2,88.8,31.8,1481.0,45.3,13.8,32.1,31.9,32.1,31.7,optimal,optimal,optimal,optimal,optimal,optimal,→ stable,→ stable,→ stable,99.9,✅ EXCELLENT,False,NONE,3.5,0.7,NONE
1780034498.408,82.1,90.9,31.7,1492.0,45.4,13.82,32.1,32.4,31.8,31.9,optimal,optimal,optimal,optimal,optimal,optimal,→ stable,→ stable,→ stable,99.9,✅ EXCELLENT,False,NONE,3.9,0.0,NONE
1780034499.822,77.7,91.1,32.1,1508.0,44.5,13.81,32.2,32.2,31.7,31.7,optimal,optimal,optimal,optimal,optimal,optimal,↓ decreasing,→ stable,→ stable,99.9,✅ EXCELLENT,False,NONE,3.2,0.0,NONE
1780034500.824,82.4,88.6,32.2,1527.0,44.4,13.77,31.7,32.2,32.4,32.2,optimal,optimal,optimal,optimal,optimal,optimal,→ stable,↓ decreasing,→ stable,99.9,✅ EXCELLENT,False,NONE,3.3,1.0,NONE
1780034501.825,81.9,89.4,32.2,1467.0,44.3,13.77,32.3,32.3,32.4,32.2,optimal,optimal,optimal,optimal,optimal,optimal,→ stable,→ stable,→ stable,99.9,✅ EXCELLENT,False,NONE,3.3,0.2,NONE
1780034502.826,77.1,88.5,31.7,1471.0,45.2,13.79,32.3,32.3,32.1,31.7,optimal,optimal,optimal,optimal,optimal,optimal,→ stable,↓ decreasing,→ stable,99.9,✅ EXCELLENT,False,NONE,3.6,1.1,NONE
1780034503.828,77.5,90.6,32.1,1489.0,44.5,13.76,32.1,31.9,31.6,32.2,optimal,optimal,optimal,optimal,optimal,optimal,→ stable,↓ decreasing,→ stable,99.9,✅ EXCELLENT,False,NONE,3.2,0.0,NONE
1780034504.829,77.3,90.1,32.3,1526.0,45.3,13.77,31.7,32.0,31.8,32.4,optimal,optimal,optimal,optimal,optimal,optimal,→ stable,→ stable,→ stable,99.9,✅ EXCELLENT,False,NONE,3.0,0.0,NONE
1780034505.83,77.6,89.5,31.9,1547.0,45.5,13.77,32.3,32.4,31.8,31.7,optimal,optimal,optimal,optimal,optimal,optimal,↓ decreasing,→ stable,→ stable,99.9,✅ EXCELLENT,False,NONE,3.4,0.1,NONE
1780034506.831,81.8,90.0,32.4,1530.0,44.9,13.82,31.9,32.0,31.8,31.7,optimal,optimal,optimal,optimal,optimal,optimal,→ stable,→ stable,→ stable,99.9,✅ EXCELLENT,False,NONE,3.0,0.0,NONE
1780034507.832,82.5,88.6,32.4,1511.0,45.9,13.79,32.2,32.1,32.3,32.3,optimal,optimal,optimal,optimal,optimal,optimal,→ stable,→ stable,→ stable,99.9,✅ EXCELLENT,False,NONE,3.1,1.0,NONE
1780034508.833,82.0,90.3,32.3,1538.0,45.1,13.8,32.2,32.1,31.6,32.3,optimal,optimal,optimal,optimal,optimal,optimal,→ stable,→ stable,→ stable,99.9,✅ EXCELLENT,False,NONE,3.2,0.0,NONE
1780034510.507,78.3,90.3,31.8,1517.0,45.4,13.78,32.3,31.7,32.4,32.3,optimal,optimal,optimal,optimal,optimal,optimal,↑ increasing,↓ decreasing,→ stable,99.9,✅ EXCELLENT,False,NONE,3.6,0.0,NONE
1780034511.508,79.9,90.2,32.4,1504.0,44.6,13.84,31.8,32.4,32.1,31.9,optimal,optimal,optimal,optimal,optimal,optimal,→ stable,→ stable,→ stable,99.9,✅ EXCELLENT,False,NONE,3.0,0.0,NONE
1780034512.509,79.6,90.6,31.9,1471.0,45.9,13.81,32.0,32.4,31.6,31.6,optimal,optimal,optimal,optimal,optimal,optimal,→ stable,→ stable,→ stable,99.9,✅ EXCELLENT,False,NONE,3.5,0.0,NONE
1780034513.511,77.2,88.6,31.8,1470.0,45.8,13.8,31.6,32.3,32.2,32.2,optimal,optimal,optimal,optimal,optimal,optimal,→ stable,→ stable,→ stable,99.9,✅ EXCELLENT,False,NONE,3.5,1.0,NONE
1780034514.513,79.4,88.5,32.2,1526.0,45.2,13.77,32.3,32.1,31.9,32.4,optimal,optimal,optimal,optimal,optimal,optimal,→ stable,→ stable,→ stable,99.9,✅ EXCELLENT,False,NONE,3.2,1.1,NONE
1780034515.514,81.1,91.2,31.6,1498.0,44.1,13.76,32.3,32.2,32.0,31.8,optimal,optimal,optimal,optimal,optimal,optimal,↑ increasing,→ stable,→ stable,99.9,✅ EXCELLENT,False,NONE,3.9,0.0,NONE
1780034516.515,79.0,90.0,32.0,1499.0,44.6,13.8,31.7,32.0,32.2,31.9,optimal,optimal,optimal,optimal,optimal,optimal,↑ increasing,→ stable,→ stable,99.9,✅ EXCELLENT,False,NONE,3.4,0.0,NONE
1780034517.516,80.3,89.9,32.0,1542.0,45.9,13.78,31.8,31.9,31.7,32.4,optimal,optimal,optimal,optimal,optimal,optimal,↑ increasing,→ stable,→ stable,99.9,✅ EXCELLENT,False,NONE,3.4,0.0,NONE
1780034518.517,81.5,88.7,31.9,1545.0,45.4,13.75,31.9,31.7,32.2,31.8,optimal,optimal,optimal,optimal,optimal,optimal,→ stable,→ stable,→ stable,99.9,✅ EXCELLENT,False,NONE,3.6,0.8,NONE
1780034519.518,83.0,89.8,31.7,1460.0,44.2,13.84,32.1,32.3,32.0,31.6,optimal,optimal,optimal,optimal,optimal,optimal,→ stable,→ stable,→ stable,99.9,✅ EXCELLENT,False,NONE,3.9,0.0,NONE
1780034520.985,82.7,91.2,32.0,1451.0,44.3,13.75,31.8,31.9,32.4,32.3,optimal,optimal,optimal,optimal,optimal,optimal,↑ increasing,→ stable,→ stable,99.9,✅ EXCELLENT,False,NONE,3.5,0.0,NONE
1780034521.987,79.9,90.3,32.2,1531.0,44.5,13.78,32.1,32.2,32.2,31.7,optimal,optimal,optimal,optimal,optimal,optimal,↑ increasing,→ stable,→ stable,99.9,✅ EXCELLENT,False,NONE,3.2,0.0,NONE
1780034522.988,78.3,89.7,31.7,1450.0,45.0,13.83,31.9,32.0,32.2,31.9,optimal,optimal,optimal,optimal,optimal,optimal,↑ increasing,→ stable,→ stable,99.9,✅ EXCELLENT,False,NONE,3.7,0.0,NONE
1780034523.99,78.3,91.2,32.3,1468.0,44.6,13.84,31.9,32.0,31.9,31.9,optimal,optimal,optimal,optimal,optimal,optimal,↑ increasing,→ stable,→ stable,99.9,✅ EXCELLENT,False,NONE,3.0,0.0,NONE
1780034524.992,80.7,89.7,32.3,1452.0,44.5,13.76,32.2,31.6,32.3,31.9,optimal,optimal,optimal,optimal,optimal,optimal,↑ increasing,→ stable,→ stable,99.9,✅ EXCELLENT,False,NONE,3.1,0.0,NONE
1780034525.994,81.1,89.8,32.1,1514.0,45.1,13.78,32.3,32.1,31.7,32.1,optimal,optimal,optimal,optimal,optimal,optimal,↑ increasing,→ stable,→ stable,99.9,✅ EXCELLENT,False,NONE,3.4,0.0,NONE
1780034526.995,77.5,89.8,32.2,1470.0,45.8,13.85,31.6,32.4,31.6,32.2,optimal,optimal,optimal,optimal,optimal,optimal,→ stable,→ stable,→ stable,99.9,✅ EXCELLENT,False,NONE,3.1,0.0,NONE
1780034527.996,79.6,89.3,32.3,1481.0,45.0,13.82,31.8,32.3,32.1,31.8,optimal,optimal,optimal,optimal,optimal,optimal,→ stable,→ stable,→ stable,99.9,✅ EXCELLENT,False,NONE,3.1,0.2,NONE
1780034528.997,82.9,88.5,32.1,1463.0,44.8,13.82,32.1,31.9,31.8,32.2,optimal,optimal,optimal,optimal,optimal,optimal,↑ increasing,→ stable,→ stable,99.9,✅ EXCELLENT,False,NONE,3.4,1.1,NONE
1780034529.998,81.9,91.0,32.4,1453.0,44.1,13.83,32.0,31.7,31.7,32.2,optimal,optimal,optimal,optimal,optimal,optimal,→ stable,→ stable,→ stable,99.9,✅ EXCELLENT,False,NONE,3.0,0.0,NONE
1780034531.439,78.8,90.4,32.4,1549.0,45.6,13.83,32.1,32.4,31.9,32.3,optimal,optimal,optimal,optimal,optimal,optimal,→ stable,→ stable,→ stable,99.9,✅ EXCELLENT,False,NONE,2.9,0.0,NONE
1780034532.441,79.8,90.0,32.3,1485.0,45.8,13.79,32.1,31.9,31.7,32.0,optimal,optimal,optimal,optimal,optimal,optimal,→ stable,→ stable,→ stable,99.9,✅ EXCELLENT,False,NONE,3.1,0.0,NONE
1780034533.443,81.4,91.3,32.1,1520.0,44.5,13.81,31.7,31.7,32.2,32.1,optimal,optimal,optimal,optimal,optimal,optimal,→ stable,→ stable,→ stable,99.9,✅ EXCELLENT,False,NONE,3.4,0.0,NONE
1780034534.444,77.7,89.8,32.4,1523.0,45.4,13.82,31.9,32.4,32.2,32.2,optimal,optimal,optimal,optimal,optimal,optimal,→ stable,→ stable,→ stable,99.9,✅ EXCELLENT,False,NONE,2.9,0.0,NONE
1780034535.447,78.0,91.4,32.1,1467.0,46.0,13.83,31.9,32.2,31.8,32.1,optimal,optimal,optimal,optimal,optimal,optimal,↓ decreasing,→ stable,→ stable,99.9,✅ EXCELLENT,False,NONE,3.2,0.0,NONE
1780034536.448,77.1,88.7,31.8,1487.0,45.7,13.75,31.7,31.9,32.1,31.9,optimal,optimal,optimal,optimal,optimal,optimal,↓ decreasing,→ stable,→ stable,99.9,✅ EXCELLENT,False,NONE,3.5,0.8,NONE
1780034537.45,81.2,88.9,31.9,1491.0,45.0,13.83,32.4,32.0,32.0,31.9,optimal,optimal,optimal,optimal,optimal,optimal,→ stable,→ stable,→ stable,99.9,✅ EXCELLENT,False,NONE,3.6,0.6,NONE
1780034538.451,79.5,88.8,32.2,1523.0,44.4,13.79,32.4,32.3,32.3,32.1,optimal,optimal,optimal,optimal,optimal,optimal,→ stable,→ stable,→ stable,99.9,✅ EXCELLENT,False,NONE,3.2,0.7,NONE
1780034539.453,82.7,90.9,31.6,1527.0,44.9,13.79,31.7,32.1,31.8,32.4,optimal,optimal,optimal,optimal,optimal,optimal,↓ decreasing,→ stable,→ stable,99.9,✅ EXCELLENT,False,NONE,4.0,0.0,NONE
1780034540.455,81.7,91.4,32.2,1473.0,44.6,13.77,32.0,31.7,31.7,31.7,optimal,optimal,optimal,optimal,optimal,optimal,→ stable,→ stable,→ stable,99.9,✅ EXCELLENT,False,NONE,3.3,0.0,NONE
1780034541.723,78.4,90.9,32.3,1492.0,44.3,13.8,32.0,32.2,31.7,32.4,optimal,optimal,optimal,optimal,optimal,optimal,→ stable,→ stable,→ stable,99.9,✅ EXCELLENT,False,NONE,3.0,0.0,NONE
1780034542.725,77.7,89.8,31.9,1520.0,44.0,13.78,32.2,32.4,32.0,31.8,optimal,optimal,optimal,optimal,optimal,optimal,→ stable,→ stable,→ stable,99.9,✅ EXCELLENT,False,NONE,3.4,0.0,NONE
1780034543.727,82.2,90.8,32.3,1517.0,44.2,13.75,31.9,31.7,31.9,31.7,optimal,optimal,optimal,optimal,optimal,optimal,↓ decreasing,→ stable,→ stable,99.9,✅ EXCELLENT,False,NONE,3.2,0.0,NONE
1780034544.729,78.7,89.7,32.4,1514.0,45.9,13.8,31.9,32.3,32.2,32.3,optimal,optimal,optimal,optimal,optimal,optimal,→ stable,→ stable,→ stable,99.9,✅ EXCELLENT,False,NONE,2.9,0.0,NONE
1780034545.731,77.1,90.1,32.0,1528.0,44.9,13.84,32.0,32.3,32.2,32.3,optimal,optimal,optimal,optimal,optimal,optimal,→ stable,→ stable,→ stable,99.9,✅ EXCELLENT,False,NONE,3.3,0.0,NONE
1780034546.732,77.3,90.1,31.8,1522.0,45.2,13.83,32.3,31.7,32.0,31.6,optimal,optimal,optimal,optimal,optimal,optimal,→ stable,→ stable,→ stable,99.9,✅ EXCELLENT,False,NONE,3.5,0.0,NONE
1780034547.733,78.3,90.2,32.3,1546.0,45.2,13.79,32.0,31.8,32.1,32.0,optimal,optimal,optimal,optimal,optimal,optimal,→ stable,→ stable,→ stable,99.9,✅ EXCELLENT,False,NONE,3.0,0.0,NONE
1780034548.734,78.0,88.9,32.3,1468.0,45.2,13.82,32.3,32.0,31.8,32.0,optimal,optimal,optimal,optimal,optimal,optimal,↓ decreasing,→ stable,→ stable,99.9,✅ EXCELLENT,False,NONE,3.0,0.6,NONE
1780034549.736,82.9,90.8,31.8,1534.0,44.2,13.82,32.1,31.8,32.2,32.2,optimal,optimal,optimal,optimal,optimal,optimal,↓ decreasing,→ stable,→ stable,99.9,✅ EXCELLENT,False,NONE,3.8,0.0,NONE
1780034550.737,78.3,89.4,32.4,1548.0,45.8,13.83,31.6,32.2,31.9,31.8,optimal,optimal,optimal,optimal,optimal,optimal,↓ decreasing,→ stable,→ stable,99.9,✅ EXCELLENT,False,NONE,2.9,0.2,NONE
1780034552.297,81.1,88.6,31.7,1543.0,44.1,13.76,31.9,32.1,32.4,32.1,optimal,optimal,optimal,optimal,optimal,optimal,↓ decreasing,→ stable,→ stable,99.9,✅ EXCELLENT,False,NONE,3.8,1.0,NONE
1780034553.298,82.1,89.3,32.0,1523.0,44.6,13.8,32.2,32.0,31.9,32.2,optimal,optimal,optimal,optimal,optimal,optimal,→ stable,→ stable,→ stable,99.9,✅ EXCELLENT,False,NONE,3.5,0.2,NONE
1780034554.301,82.8,89.8,31.8,1532.0,45.0,13.8,32.3,31.9,32.2,31.9,optimal,optimal,optimal,optimal,optimal,optimal,→ stable,→ stable,→ stable,99.9,✅ EXCELLENT,False,NONE,3.8,0.0,NONE
1780034555.303,80.9,90.8,31.8,1512.0,44.5,13.77,32.0,32.2,32.0,32.3,optimal,optimal,optimal,optimal,optimal,optimal,→ stable,→ stable,→ stable,99.9,✅ EXCELLENT,False,NONE,3.7,0.0,NONE
1780034556.304,81.8,89.2,31.8,1518.0,45.8,13.83,32.4,31.6,32.2,32.3,optimal,optimal,optimal,optimal,optimal,optimal,↑ increasing,→ stable,→ stable,99.9,✅ EXCELLENT,False,NONE,3.7,0.3,NONE
1780034557.306,80.5,90.3,32.0,1463.0,45.3,13.82,31.8,32.2,32.0,32.3,optimal,optimal,optimal,optimal,optimal,optimal,↑ increasing,→ stable,→ stable,99.9,✅ EXCELLENT,False,NONE,3.5,0.0,NONE
1780034558.307,81.5,89.3,32.1,1543.0,44.5,13.84,32.2,31.9,32.1,31.9,optimal,optimal,optimal,optimal,optimal,optimal,↑ increasing,↓ decreasing,→ stable,99.9,✅ EXCELLENT,False,NONE,3.4,0.2,NONE
1780034559.309,81.2,89.7,32.3,1520.0,45.3,13.82,31.9,31.6,31.8,32.1,optimal,optimal,optimal,optimal,optimal,optimal,↑ increasing,↓ decreasing,→ stable,99.9,✅ EXCELLENT,False,NONE,3.1,0.0,NONE
1780034560.31,78.1,89.8,31.9,1525.0,44.8,13.78,31.7,31.9,31.8,31.8,optimal,optimal,optimal,optimal,optimal,optimal,↑ increasing,↓ decreasing,→ stable,99.9,✅ EXCELLENT,False,NONE,3.5,0.0,NONE
1780034561.312,83.0,90.2,32.3,1508.0,45.2,13.75,32.1,31.7,32.3,32.2,optimal,optimal,optimal,optimal,optimal,optimal,↑ increasing,→ stable,→ stable,99.9,✅ EXCELLENT,False,NONE,3.2,0.0,NONE
1780034563.884,78.4,88.5,31.6,1454.0,45.3,13.76,32.3,32.0,31.9,31.8,optimal,optimal,optimal,optimal,optimal,optimal,↑ increasing,→ stable,→ stable,99.9,✅ EXCELLENT,False,NONE,3.8,1.1,NONE
1780034564.885,78.7,89.3,31.6,1476.0,45.4,13.76,32.2,32.0,32.4,31.7,optimal,optimal,optimal,optimal,optimal,optimal,↑ increasing,→ stable,→ stable,99.9,✅ EXCELLENT,False,NONE,3.8,0.2,NONE
1780034565.885,81.0,88.8,31.8,1516.0,46.0,13.84,32.2,31.6,31.8,32.1,optimal,optimal,optimal,optimal,optimal,optimal,↑ increasing,→ stable,→ stable,99.9,✅ EXCELLENT,False,NONE,3.7,0.7,NONE
1780034566.887,82.9,88.9,31.9,1521.0,44.7,13.79,32.1,32.3,32.2,31.7,optimal,optimal,optimal,optimal,optimal,optimal,↑ increasing,→ stable,→ stable,99.9,✅ EXCELLENT,False,NONE,3.7,0.6,NONE
1780034567.889,81.4,89.4,32.4,1549.0,45.8,13.83,31.7,32.0,32.3,31.6,optimal,optimal,optimal,optimal,optimal,optimal,→ stable,→ stable,→ stable,99.9,✅ EXCELLENT,False,NONE,3.0,0.2,NONE
1780034568.89,80.3,90.6,31.8,1494.0,44.1,13.82,31.9,32.4,32.3,32.1,optimal,optimal,optimal,optimal,optimal,optimal,→ stable,→ stable,→ stable,99.9,✅ EXCELLENT,False,NONE,3.7,0.0,NONE
1780034569.893,80.7,89.7,32.0,1511.0,44.2,13.75,31.8,32.3,31.7,31.6,optimal,optimal,optimal,optimal,optimal,optimal,→ stable,→ stable,→ stable,99.9,✅ EXCELLENT,False,NONE,3.5,0.0,NONE
1780034570.894,82.4,90.1,31.9,1488.0,45.5,13.8,31.8,31.8,31.8,32.0,optimal,optimal,optimal,optimal,optimal,optimal,↓ decreasing,→ stable,→ stable,99.9,✅ EXCELLENT,False,NONE,3.6,0.0,NONE
1780034571.896,80.0,90.5,31.8,1479.0,44.1,13.82,31.6,31.7,32.2,32.2,optimal,optimal,optimal,optimal,optimal,optimal,→ stable,→ stable,→ stable,99.9,✅ EXCELLENT,False,NONE,3.7,0.0,NONE
1780034572.897,77.8,91.2,31.8,1452.0,45.0,13.77,31.9,32.1,32.4,31.8,optimal,optimal,optimal,optimal,optimal,optimal,↓ decreasing,→ stable,→ stable,99.9,✅ EXCELLENT,False,NONE,3.6,0.0,NONE
1780034574.773,79.9,89.8,31.9,1500.0,45.5,13.82,31.9,32.2,31.9,31.8,optimal,optimal,optimal,optimal,optimal,optimal,↓ decreasing,→ stable,→ stable,99.9,✅ EXCELLENT,False,NONE,3.5,0.0,NONE
1780034575.775,79.6,91.5,32.0,1508.0,44.1,13.84,32.2,31.7,32.2,31.6,optimal,optimal,optimal,optimal,optimal,optimal,→ stable,→ stable,→ stable,99.9,✅ EXCELLENT,False,NONE,3.4,0.0,NONE
1780034576.776,82.4,89.6,32.4,1527.0,45.8,13.83,32.3,32.3,31.7,32.0,optimal,optimal,optimal,optimal,optimal,optimal,→ stable,↑ increasing,→ stable,99.9,✅ EXCELLENT,False,NONE,3.1,0.1,NONE
1780034577.777,81.5,88.9,32.2,1496.0,46.0,13.8,31.9,32.0,31.8,31.9,optimal,optimal,optimal,optimal,optimal,optimal,→ stable,↑ increasing,→ stable,99.9,✅ EXCELLENT,False,NONE,3.3,0.6,NONE
1780034578.779,77.1,91.0,31.7,1470.0,44.3,13.85,31.8,32.1,32.2,32.4,optimal,optimal,optimal,optimal,optimal,optimal,→ stable,↑ increasing,→ stable,99.9,✅ EXCELLENT,False,NONE,3.6,0.0,NONE
1780034579.781,79.6,89.3,32.3,1518.0,44.1,13.8,31.9,32.0,31.7,32.0,optimal,optimal,optimal,optimal,optimal,optimal,↓ decreasing,↑ increasing,→ stable,99.9,✅ EXCELLENT,False,NONE,3.1,0.2,NONE
1780034580.784,82.5,89.5,32.4,1528.0,45.1,13.76,31.9,31.6,31.7,32.3,optimal,optimal,optimal,optimal,optimal,optimal,→ stable,↑ increasing,→ stable,99.9,✅ EXCELLENT,False,NONE,3.1,0.1,NONE
1780034581.785,77.2,89.7,32.3,1499.0,44.0,13.82,32.0,32.3,31.6,32.1,optimal,optimal,optimal,optimal,optimal,optimal,↓ decreasing,↑ increasing,→ stable,99.9,✅ EXCELLENT,False,NONE,3.0,0.0,NONE
1780034582.786,77.6,90.0,32.4,1484.0,44.5,13.78,32.4,32.3,31.7,32.3,optimal,optimal,optimal,optimal,optimal,optimal,↓ decreasing,→ stable,→ stable,99.9,✅ EXCELLENT,False,NONE,2.9,0.0,NONE
1780034583.788,81.4,90.4,32.2,1519.0,44.2,13.79,32.2,31.9,32.3,32.3,optimal,optimal,optimal,optimal,optimal,optimal,→ stable,→ stable,→ stable,99.9,✅ EXCELLENT,False,NONE,3.3,0.0,NONE
1780034585.183,80.2,90.6,32.2,1520.0,44.6,13.84,32.0,31.6,32.1,32.2,optimal,optimal,optimal,optimal,optimal,optimal,↓ decreasing,→ stable,→ stable,99.9,✅ EXCELLENT,False,NONE,3.2,0.0,NONE
1780034586.184,80.8,90.5,32.3,1497.0,45.6,13.81,31.8,32.1,31.8,31.6,optimal,optimal,optimal,optimal,optimal,optimal,↓ decreasing,→ stable,→ stable,99.9,✅ EXCELLENT,False,NONE,3.1,0.0,NONE
1780034587.186,82.5,91.3,31.9,1506.0,44.3,13.78,31.9,32.0,32.3,31.9,optimal,optimal,optimal,optimal,optimal,optimal,↓ decreasing,→ stable,→ stable,99.9,✅ EXCELLENT,False,NONE,3.7,0.0,NONE
1780034588.188,78.6,88.5,32.1,1462.0,44.2,13.84,31.7,32.0,32.0,31.8,optimal,optimal,optimal,optimal,optimal,optimal,↓ decreasing,→ stable,→ stable,99.9,✅ EXCELLENT,False,NONE,3.3,1.1,NONE
1780034589.189,80.0,88.9,31.8,1482.0,44.9,13.85,32.4,31.7,31.9,31.7,optimal,optimal,optimal,optimal,optimal,optimal,→ stable,→ stable,→ stable,99.9,✅ EXCELLENT,False,NONE,3.7,0.6,NONE
1780034590.191,80.5,90.0,32.3,1522.0,45.0,13.78,31.8,31.8,31.9,31.6,optimal,optimal,optimal,optimal,optimal,optimal,→ stable,→ stable,→ stable,99.9,✅ EXCELLENT,False,NONE,3.1,0.0,NONE
1780034591.193,79.7,90.0,31.8,1485.0,45.0,13.84,32.2,32.1,32.1,31.8,optimal,optimal,optimal,optimal,optimal,optimal,→ stable,→ stable,→ stable,99.9,✅ EXCELLENT,False,NONE,3.6,0.0,NONE
1780034592.194,82.4,89.5,31.7,1522.0,45.4,13.81,32.1,32.2,32.0,32.3,optimal,optimal,optimal,optimal,optimal,optimal,↑ increasing,→ stable,→ stable,99.9,✅ EXCELLENT,False,NONE,3.9,0.1,NONE
1780034593.196,80.9,89.9,31.8,1454.0,45.4,13.83,32.3,32.4,31.8,32.2,optimal,optimal,optimal,optimal,optimal,optimal,↑ increasing,→ stable,→ stable,99.9,✅ EXCELLENT,False,NONE,3.7,0.0,NONE
1780034594.198,81.9,88.6,31.9,1499.0,44.5,13.85,32.3,31.9,31.9,32.4,optimal,optimal,optimal,optimal,optimal,optimal,↑ increasing,→ stable,→ stable,99.9,✅ EXCELLENT,False,NONE,3.6,1.0,NONE
1780034595.628,77.4,90.8,31.8,1515.0,44.9,13.81,32.1,32.0,32.4,31.9,optimal,optimal,optimal,optimal,optimal,optimal,↑ increasing,→ stable,→ stable,99.9,✅ EXCELLENT,False,NONE,3.5,0.0,NONE
1780034596.63,82.7,91.3,31.7,1455.0,45.8,13.76,31.7,32.3,31.7,32.4,optimal,optimal,optimal,optimal,optimal,optimal,↑ increasing,→ stable,→ stable,99.9,✅ EXCELLENT,False,NONE,3.9,0.0,NONE
1780034597.633,81.3,89.9,32.0,1501.0,44.7,13.82,32.0,32.0,31.6,32.3,optimal,optimal,optimal,optimal,optimal,optimal,→ stable,→ stable,→ stable,99.9,✅ EXCELLENT,False,NONE,3.5,0.0,NONE
1780034598.635,77.4,88.9,32.0,1549.0,44.1,13.8,31.8,32.4,31.8,32.3,optimal,optimal,optimal,optimal,optimal,optimal,↑ increasing,→ stable,→ stable,99.9,✅ EXCELLENT,False,NONE,3.3,0.6,NONE
1780034599.636,81.7,88.6,32.0,1463.0,44.8,13.8,31.6,32.4,32.4,32.0,optimal,optimal,optimal,optimal,optimal,optimal,↑ increasing,→ stable,→ stable,99.9,✅ EXCELLENT,False,NONE,3.5,1.0,NONE
1780034600.639,77.0,91.1,31.8,1462.0,45.1,13.77,32.1,32.0,31.7,31.8,optimal,optimal,optimal,optimal,optimal,optimal,→ stable,→ stable,→ stable,99.9,✅ EXCELLENT,False,NONE,3.5,0.0,NONE
1780034601.64,77.6,90.4,32.2,1518.0,45.2,13.77,32.2,31.9,32.4,32.2,optimal,optimal,optimal,optimal,optimal,optimal,→ stable,→ stable,→ stable,99.9,✅ EXCELLENT,False,NONE,3.1,0.0,NONE
1780034602.642,78.3,91.3,31.9,1483.0,45.8,13.85,31.9,31.7,31.7,31.7,optimal,optimal,optimal,optimal,optimal,optimal,↓ decreasing,→ stable,→ stable,99.9,✅ EXCELLENT,False,NONE,3.5,0.0,NONE
1780034603.643,79.2,90.4,31.8,1489.0,45.9,13.78,32.4,31.9,32.0,31.9,optimal,optimal,optimal,optimal,optimal,optimal,↓ decreasing,→ stable,→ stable,99.9,✅ EXCELLENT,False,NONE,3.6,0.0,NONE
1780034604.644,79.1,88.6,31.8,1497.0,45.6,13.8,32.1,32.2,31.7,31.7,optimal,optimal,optimal,optimal,optimal,optimal,↓ decreasing,→ stable,→ stable,99.9,✅ EXCELLENT,False,NONE,3.6,1.0,NONE
1780034605.969,80.5,89.5,31.7,1502.0,45.7,13.8,32.1,32.1,31.8,31.6,optimal,optimal,optimal,optimal,optimal,optimal,↓ decreasing,→ stable,→ stable,99.9,✅ EXCELLENT,False,NONE,3.8,0.1,NONE
1780034606.971,78.9,90.8,32.0,1467.0,44.0,13.75,32.0,32.4,32.0,32.1,optimal,optimal,optimal,optimal,optimal,optimal,↓ decreasing,→ stable,→ stable,99.9,✅ EXCELLENT,False,NONE,3.4,0.0,NONE
1780034607.973,80.8,89.4,31.6,1461.0,44.1,13.85,32.2,32.1,32.3,31.8,optimal,optimal,optimal,optimal,optimal,optimal,↓ decreasing,→ stable,→ stable,99.9,✅ EXCELLENT,False,NONE,3.9,0.2,NONE
1780034608.973,77.1,89.4,31.8,1488.0,44.3,13.78,31.8,31.9,32.1,31.6,optimal,optimal,optimal,optimal,optimal,optimal,↓ decreasing,→ stable,→ stable,99.9,✅ EXCELLENT,False,NONE,3.5,0.2,NONE
1780034609.975,78.7,89.4,32.2,1499.0,44.3,13.76,31.9,32.1,31.8,31.8,optimal,optimal,optimal,optimal,optimal,optimal,↓ decreasing,→ stable,→ stable,99.9,✅ EXCELLENT,False,NONE,3.1,0.2,NONE
1780034610.976,78.4,90.0,32.1,1458.0,44.1,13.78,32.2,32.2,32.0,32.0,optimal,optimal,optimal,optimal,optimal,optimal,↓ decreasing,→ stable,→ stable,99.9,✅ EXCELLENT,False,NONE,3.2,0.0,NONE
1780034611.977,77.1,89.7,31.8,1452.0,44.2,13.81,32.1,32.3,31.8,32.0,optimal,optimal,optimal,optimal,optimal,optimal,↓ decreasing,→ stable,→ stable,99.9,✅ EXCELLENT,False,NONE,3.5,0.0,NONE
1780034612.978,81.3,91.3,32.3,1494.0,45.5,13.81,32.1,32.0,32.4,32.3,optimal,optimal,optimal,optimal,optimal,optimal,↓ decreasing,→ stable,→ stable,99.9,✅ EXCELLENT,False,NONE,3.1,0.0,NONE
1780034613.979,80.0,90.3,32.2,1539.0,45.1,13.78,32.0,31.9,31.7,31.6,optimal,optimal,optimal,optimal,optimal,optimal,→ stable,→ stable,→ stable,99.9,✅ EXCELLENT,False,NONE,3.2,0.0,NONE
1780034614.979,78.2,90.4,32.0,1455.0,45.0,13.79,31.7,31.6,32.3,32.3,optimal,optimal,optimal,optimal,optimal,optimal,→ stable,→ stable,→ stable,99.9,✅ EXCELLENT,False,NONE,3.4,0.0,NONE
1780034617.539,77.2,90.0,32.0,1477.0,45.9,13.84,32.1,31.9,31.9,31.9,optimal,optimal,optimal,optimal,optimal,optimal,↓ decreasing,→ stable,→ stable,99.9,✅ EXCELLENT,False,NONE,3.3,0.0,NONE
1780034618.541,82.0,89.6,32.3,1454.0,44.8,13.83,31.7,32.3,32.4,32.1,optimal,optimal,optimal,optimal,optimal,optimal,→ stable,→ stable,→ stable,99.9,✅ EXCELLENT,False,NONE,3.2,0.1,NONE
1780034619.543,82.1,91.1,31.9,1463.0,45.9,13.83,31.9,32.3,31.8,31.9,optimal,optimal,optimal,optimal,optimal,optimal,→ stable,→ stable,→ stable,99.9,✅ EXCELLENT,False,NONE,3.6,0.0,NONE
1780034620.544,79.8,90.9,32.0,1532.0,44.2,13.76,31.6,32.2,31.8,32.3,optimal,optimal,optimal,optimal,optimal,optimal,→ stable,→ stable,→ stable,99.9,✅ EXCELLENT,False,NONE,3.4,0.0,NONE
1780034621.546,82.5,91.0,32.0,1515.0,45.9,13.79,31.7,31.7,31.9,32.2,optimal,optimal,optimal,optimal,optimal,optimal,↑ increasing,→ stable,→ stable,99.9,✅ EXCELLENT,False,NONE,3.5,0.0,NONE
1780034622.548,80.3,89.4,32.4,1451.0,44.7,13.84,32.0,32.0,32.1,32.1,optimal,optimal,optimal,optimal,optimal,optimal,↑ increasing,→ stable,→ stable,99.9,✅ EXCELLENT,False,NONE,3.0,0.2,NONE
1780034623.549,80.2,88.9,32.1,1462.0,44.3,13.79,31.8,31.9,32.2,31.6,optimal,optimal,optimal,optimal,optimal,optimal,↑ increasing,→ stable,→ stable,99.9,✅ EXCELLENT,False,NONE,3.3,0.6,NONE
1780034624.551,78.3,91.2,32.2,1475.0,44.7,13.76,31.9,31.8,32.4,31.9,optimal,optimal,optimal,optimal,optimal,optimal,↑ increasing,→ stable,→ stable,99.9,✅ EXCELLENT,False,NONE,3.1,0.0,NONE
1780034625.552,77.0,90.9,32.0,1484.0,45.3,13.78,32.3,32.3,31.9,31.7,optimal,optimal,optimal,optimal,optimal,optimal,↑ increasing,→ stable,→ stable,99.9,✅ EXCELLENT,False,NONE,3.3,0.0,NONE
1780034626.553,82.3,89.3,32.4,1518.0,45.8,13.78,32.0,32.4,32.0,32.1,optimal,optimal,optimal,optimal,optimal,optimal,↑ increasing,→ stable,→ stable,99.9,✅ EXCELLENT,False,NONE,3.1,0.2,NONE
1780034628.088,77.5,89.3,31.9,1492.0,45.3,13.78,31.9,32.3,32.2,31.9,optimal,optimal,optimal,optimal,optimal,optimal,↑ increasing,→ stable,→ stable,99.9,✅ EXCELLENT,False,NONE,3.4,0.2,NONE
1780034629.089,80.2,90.4,32.4,1549.0,45.9,13.78,31.7,31.8,31.6,31.8,optimal,optimal,optimal,optimal,optimal,optimal,↑ increasing,→ stable,→ stable,99.9,✅ EXCELLENT,False,NONE,3.0,0.0,NONE
1780034630.091,77.9,91.4,31.8,1474.0,44.3,13.84,31.7,31.8,32.3,32.1,optimal,optimal,optimal,optimal,optimal,optimal,→ stable,→ stable,→ stable,99.9,✅ EXCELLENT,False,NONE,3.6,0.0,NONE
1780034631.092,80.3,88.8,32.2,1504.0,44.9,13.85,31.9,31.8,32.3,32.1,optimal,optimal,optimal,optimal,optimal,optimal,→ stable,→ stable,→ stable,99.9,✅ EXCELLENT,False,NONE,3.2,0.7,NONE
1780034632.094,82.5,90.9,31.8,1478.0,44.1,13.76,31.9,31.7,32.0,31.8,optimal,optimal,optimal,optimal,optimal,optimal,→ stable,→ stable,→ stable,99.9,✅ EXCELLENT,False,NONE,3.8,0.0,NONE
1780034633.096,78.1,91.5,31.7,1507.0,44.0,13.81,31.9,31.7,31.6,31.6,optimal,optimal,optimal,optimal,optimal,optimal,↓ decreasing,→ stable,→ stable,99.9,✅ EXCELLENT,False,NONE,3.7,0.0,NONE
1780034634.098,78.6,89.3,31.8,1549.0,45.3,13.84,32.1,31.6,32.3,31.6,optimal,optimal,optimal,optimal,optimal,optimal,↓ decreasing,→ stable,→ stable,99.9,✅ EXCELLENT,False,NONE,3.6,0.2,NONE
1780034635.1,81.7,91.4,31.9,1515.0,45.9,13.84,32.0,31.6,32.1,31.8,optimal,optimal,optimal,optimal,optimal,optimal,→ stable,→ stable,→ stable,99.9,✅ EXCELLENT,False,NONE,3.6,0.0,NONE
1780034636.101,80.4,89.8,32.2,1511.0,45.0,13.76,32.2,32.4,32.3,31.9,optimal,optimal,optimal,optimal,optimal,optimal,→ stable,→ stable,→ stable,99.9,✅ EXCELLENT,False,NONE,3.2,0.0,NONE
1780034637.102,79.5,91.5,31.8,1534.0,46.0,13.75,31.8,32.0,32.0,32.1,optimal,optimal,optimal,optimal,optimal,optimal,→ stable,→ stable,→ stable,99.9,✅ EXCELLENT,False,NONE,3.6,0.0,NONE
1780034638.736,80.9,91.2,32.3,1549.0,45.7,13.81,32.2,31.7,32.1,32.0,optimal,optimal,optimal,optimal,optimal,optimal,→ stable,→ stable,→ stable,99.9,✅ EXCELLENT,False,NONE,3.1,0.0,NONE
1780034639.739,81.8,91.0,31.6,1524.0,45.4,13.78,32.1,32.0,32.0,32.4,optimal,optimal,optimal,optimal,optimal,optimal,→ stable,→ stable,→ stable,99.9,✅ EXCELLENT,False,NONE,4.0,0.0,NONE
1780034640.74,77.6,91.2,32.3,1464.0,45.4,13.77,32.1,31.8,32.1,32.4,optimal,optimal,optimal,optimal,optimal,optimal,↑ increasing,→ stable,→ stable,99.9,✅ EXCELLENT,False,NONE,3.0,0.0,NONE
1780034641.742,77.7,89.2,32.2,1538.0,44.5,13.8,32.1,31.7,32.0,32.0,optimal,optimal,optimal,optimal,optimal,optimal,→ stable,↑ increasing,→ stable,99.9,✅ EXCELLENT,False,NONE,3.1,0.3,NONE
1780034642.744,80.4,91.2,32.1,1522.0,44.9,13.83,32.4,31.8,31.8,31.7,optimal,optimal,optimal,optimal,optimal,optimal,→ stable,↑ increasing,→ stable,99.9,✅ EXCELLENT,False,NONE,3.3,0.0,NONE
1780034643.744,78.3,89.5,31.8,1494.0,45.2,13.83,32.1,31.7,31.9,31.8,optimal,optimal,optimal,optimal,optimal,optimal,→ stable,→ stable,→ stable,99.9,✅ EXCELLENT,False,NONE,3.6,0.1,NONE
1780034644.746,78.0,89.9,32.0,1529.0,45.5,13.81,31.7,32.2,31.6,31.9,optimal,optimal,optimal,optimal,optimal,optimal,→ stable,→ stable,→ stable,99.9,✅ EXCELLENT,False,NONE,3.3,0.0,NONE
1780034645.748,78.4,91.4,31.8,1480.0,44.1,13.81,32.0,32.3,31.9,32.0,optimal,optimal,optimal,optimal,optimal,optimal,→ stable,→ stable,→ stable,99.9,✅ EXCELLENT,False,NONE,3.6,0.0,NONE
1780034646.75,78.2,90.9,32.2,1498.0,45.5,13.77,32.0,32.2,32.2,32.1,optimal,optimal,optimal,optimal,optimal,optimal,↓ decreasing,→ stable,→ stable,99.9,✅ EXCELLENT,False,NONE,3.1,0.0,NONE
1780034647.751,79.8,90.5,32.3,1468.0,45.2,13.76,31.8,32.2,32.1,31.8,optimal,optimal,optimal,optimal,optimal,optimal,↓ decreasing,→ stable,→ stable,99.9,✅ EXCELLENT,False,NONE,3.1,0.0,NONE
1780034649.077,81.4,90.5,32.2,1540.0,44.9,13.77,32.0,32.1,31.7,32.1,optimal,optimal,optimal,optimal,optimal,optimal,↓ decreasing,→ stable,→ stable,99.9,✅ EXCELLENT,False,NONE,3.3,0.0,NONE
1780034650.077,78.6,91.2,32.2,1530.0,45.1,13.81,31.7,32.2,31.9,31.8,optimal,optimal,optimal,optimal,optimal,optimal,↓ decreasing,→ stable,→ stable,99.9,✅ EXCELLENT,False,NONE,3.1,0.0,NONE
1780034651.079,79.2,89.4,32.2,1501.0,45.7,13.77,32.2,31.8,31.6,32.4,optimal,optimal,optimal,optimal,optimal,optimal,↓ decreasing,→ stable,→ stable,99.9,✅ EXCELLENT,False,NONE,3.2,0.2,NONE
1780034652.08,82.8,90.0,31.9,1536.0,45.3,13.78,31.8,31.7,31.6,31.8,optimal,optimal,optimal,optimal,optimal,optimal,→ stable,→ stable,→ stable,99.9,✅ EXCELLENT,False,NONE,3.7,0.0,NONE
1780034653.082,81.5,90.3,32.2,1494.0,45.9,13.84,32.3,32.4,32.2,32.3,optimal,optimal,optimal,optimal,optimal,optimal,→ stable,→ stable,→ stable,99.9,✅ EXCELLENT,False,NONE,3.3,0.0,NONE
1780034654.084,82.0,89.8,32.4,1511.0,44.4,13.81,32.2,31.7,31.6,31.6,optimal,optimal,optimal,optimal,optimal,optimal,→ stable,→ stable,→ stable,99.9,✅ EXCELLENT,False,NONE,3.0,0.0,NONE
1780034655.085,80.3,91.1,32.0,1495.0,44.3,13.81,31.8,32.1,32.3,32.4,optimal,optimal,optimal,optimal,optimal,optimal,↑ increasing,→ stable,→ stable,99.9,✅ EXCELLENT,False,NONE,3.4,0.0,NONE
1780034656.086,80.8,91.1,32.4,1516.0,45.0,13.85,32.1,32.0,31.7,32.4,optimal,optimal,optimal,optimal,optimal,optimal,↑ increasing,→ stable,→ stable,99.9,✅ EXCELLENT,False,NONE,3.0,0.0,NONE
1780034657.088,81.9,90.5,31.8,1485.0,45.2,13.79,32.2,32.4,32.3,31.6,optimal,optimal,optimal,optimal,optimal,optimal,↑ increasing,→ stable,→ stable,99.9,✅ EXCELLENT,False,NONE,3.7,0.0,NONE
1780034658.089,81.3,89.2,32.4,1477.0,44.2,13.75,31.6,31.9,31.6,32.2,optimal,optimal,optimal,optimal,optimal,optimal,↑ increasing,→ stable,→ stable,99.9,✅ EXCELLENT,False,NONE,3.0,0.3,NONE
1780034659.422,82.2,90.1,32.2,1454.0,45.5,13.76,31.9,31.8,32.0,31.7,optimal,optimal,optimal,optimal,optimal,optimal,↑ increasing,→ stable,→ stable,99.9,✅ EXCELLENT,False,NONE,3.3,0.0,NONE
1780034660.423,82.8,90.4,32.1,1544.0,45.8,13.81,31.6,32.0,31.9,32.0,optimal,optimal,optimal,optimal,optimal,optimal,↑ increasing,→ stable,→ stable,99.9,✅ EXCELLENT,False,NONE,3.4,0.0,NONE
1780034661.424,78.9,89.5,31.8,1507.0,45.3,13.78,32.3,32.2,32.0,32.4,optimal,optimal,optimal,optimal,optimal,optimal,↑ increasing,→ stable,→ stable,99.9,✅ EXCELLENT,False,NONE,3.6,0.1,NONE
1780034662.426,81.3,89.5,32.3,1467.0,45.6,13.75,31.6,32.3,31.7,32.2,optimal,optimal,optimal,optimal,optimal,optimal,↑ increasing,→ stable,→ stable,99.9,✅ EXCELLENT,False,NONE,3.1,0.1,NONE
1780034663.427,78.4,90.8,31.7,1474.0,44.4,13.79,31.9,32.2,31.8,32.1,optimal,optimal,optimal,optimal,optimal,optimal,↑ increasing,→ stable,→ stable,99.9,✅ EXCELLENT,False,NONE,3.7,0.0,NONE
1780034664.429,81.0,89.0,31.7,1522.0,44.1,13.84,32.3,32.0,31.6,32.3,optimal,optimal,optimal,optimal,optimal,optimal,↑ increasing,→ stable,→ stable,99.9,✅ EXCELLENT,False,NONE,3.8,0.5,NONE
1780034665.431,77.8,90.8,32.2,1472.0,44.9,13.82,31.8,31.7,31.9,32.0,optimal,optimal,optimal,optimal,optimal,optimal,→ stable,→ stable,→ stable,99.9,✅ EXCELLENT,False,NONE,3.1,0.0,NONE
1780034666.432,78.5,91.0,31.8,1527.0,45.7,13.76,31.8,31.6,31.7,31.7,optimal,optimal,optimal,optimal,optimal,optimal,→ stable,→ stable,→ stable,99.9,✅ EXCELLENT,False,NONE,3.6,0.0,NONE
1780034667.433,81.1,90.9,32.2,1542.0,45.1,13.82,32.2,32.3,31.6,31.9,optimal,optimal,optimal,optimal,optimal,optimal,→ stable,→ stable,→ stable,99.9,✅ EXCELLENT,False,NONE,3.2,0.0,NONE
1780034668.435,79.3,91.3,31.8,1513.0,44.8,13.81,31.7,32.4,31.9,31.6,optimal,optimal,optimal,optimal,optimal,optimal,↓ decreasing,→ stable,→ stable,99.9,✅ EXCELLENT,False,NONE,3.6,0.0,NONE
1780034669.769,77.3,91.3,31.6,1500.0,45.1,13.75,31.8,32.1,32.1,32.2,optimal,optimal,optimal,optimal,optimal,optimal,↓ decreasing,→ stable,→ stable,99.9,✅ EXCELLENT,False,NONE,3.8,0.0,NONE
1780034670.77,81.4,90.4,31.8,1494.0,44.2,13.78,31.8,31.9,32.2,32.2,optimal,optimal,optimal,optimal,optimal,optimal,↓ decreasing,→ stable,→ stable,99.9,✅ EXCELLENT,False,NONE,3.7,0.0,NONE
1780034671.77,79.6,90.5,32.4,1489.0,44.4,13.78,32.2,31.8,32.2,31.6,optimal,optimal,optimal,optimal,optimal,optimal,↓ decreasing,→ stable,→ stable,99.9,✅ EXCELLENT,False,NONE,3.0,0.0,NONE
1780034672.772,82.6,90.4,31.7,1496.0,45.8,13.76,32.2,31.9,32.1,31.9,optimal,optimal,optimal,optimal,optimal,optimal,↓ decreasing,→ stable,→ stable,99.9,✅ EXCELLENT,False,NONE,3.9,0.0,NONE
1780034673.774,82.6,90.7,32.0,1547.0,44.8,13.83,32.1,32.4,32.1,31.8,optimal,optimal,optimal,optimal,optimal,optimal,↓ decreasing,→ stable,→ stable,99.9,✅ EXCELLENT,False,NONE,3.5,0.0,NONE
1780034674.775,82.0,88.8,32.0,1459.0,44.6,13.84,32.0,32.0,32.3,32.1,optimal,optimal,optimal,optimal,optimal,optimal,↓ decreasing,→ stable,→ stable,99.9,✅ EXCELLENT,False,NONE,3.5,0.7,NONE
1780034675.777,77.2,89.8,32.3,1542.0,46.0,13.77,31.8,32.0,32.0,32.2,optimal,optimal,optimal,optimal,optimal,optimal,→ stable,→ stable,→ stable,99.9,✅ EXCELLENT,False,NONE,3.0,0.0,NONE
1780034676.778,78.9,88.8,31.7,1485.0,44.8,13.8,31.8,32.1,32.1,32.0,optimal,optimal,optimal,optimal,optimal,optimal,→ stable,→ stable,→ stable,99.9,✅ EXCELLENT,False,NONE,3.7,0.7,NONE
1780034677.779,81.9,90.1,31.7,1525.0,44.9,13.82,31.9,32.2,31.7,31.8,optimal,optimal,optimal,optimal,optimal,optimal,→ stable,→ stable,→ stable,99.9,✅ EXCELLENT,False,NONE,3.9,0.0,NONE
1780034678.78,81.9,91.0,31.7,1526.0,44.8,13.75,32.3,32.0,31.9,31.7,optimal,optimal,optimal,optimal,optimal,optimal,→ stable,→ stable,→ stable,99.9,✅ EXCELLENT,False,NONE,3.9,0.0,NONE
1780034680.337,80.8,89.3,31.8,1467.0,45.1,13.8,31.7,32.4,32.3,31.7,optimal,optimal,optimal,optimal,optimal,optimal,↑ increasing,→ stable,→ stable,99.9,✅ EXCELLENT,False,NONE,3.7,0.2,NONE
1780034681.338,79.8,91.0,32.0,1451.0,44.4,13.83,32.2,31.8,32.0,32.2,optimal,optimal,optimal,optimal,optimal,optimal,↑ increasing,→ stable,→ stable,99.9,✅ EXCELLENT,False,NONE,3.4,0.0,NONE
1780034682.339,81.2,90.5,32.1,1499.0,45.7,13.83,31.8,32.2,31.8,32.4,optimal,optimal,optimal,optimal,optimal,optimal,↑ increasing,↓ decreasing,→ stable,99.9,✅ EXCELLENT,False,NONE,3.4,0.0,NONE
1780034683.34,81.7,90.7,32.2,1454.0,44.5,13.83,31.7,31.9,32.1,31.8,optimal,optimal,optimal,optimal,optimal,optimal,↑ increasing,↓ decreasing,→ stable,99.9,✅ EXCELLENT,False,NONE,3.3,0.0,NONE
1780034684.342,79.0,90.4,31.9,1470.0,44.1,13.78,32.1,32.4,32.4,32.4,optimal,optimal,optimal,optimal,optimal,optimal,→ stable,↓ decreasing,→ stable,99.9,✅ EXCELLENT,False,NONE,3.5,0.0,NONE
1780034685.345,82.8,89.7,31.8,1515.0,44.9,13.84,31.7,32.1,31.8,32.4,optimal,optimal,optimal,optimal,optimal,optimal,→ stable,→ stable,→ stable,99.9,✅ EXCELLENT,False,NONE,3.8,0.0,NONE
1780034686.346,80.0,91.4,32.0,1481.0,45.7,13.79,32.2,32.0,31.9,32.1,optimal,optimal,optimal,optimal,optimal,optimal,↑ increasing,→ stable,→ stable,99.9,✅ EXCELLENT,False,NONE,3.4,0.0,NONE
1780034687.348,78.4,91.1,32.3,1454.0,45.3,13.83,32.3,31.6,32.3,32.0,optimal,optimal,optimal,optimal,optimal,optimal,↑ increasing,→ stable,→ stable,99.9,✅ EXCELLENT,False,NONE,3.0,0.0,NONE
1780034688.349,77.3,91.1,31.8,1536.0,44.3,13.82,32.2,31.7,32.2,32.0,optimal,optimal,optimal,optimal,optimal,optimal,→ stable,→ stable,→ stable,99.9,✅ EXCELLENT,False,NONE,3.5,0.0,NONE
1780034689.351,80.3,88.9,32.0,1500.0,44.5,13.77,32.1,32.4,32.3,32.0,optimal,optimal,optimal,optimal,optimal,optimal,→ stable,→ stable,→ stable,99.9,✅ EXCELLENT,False,NONE,3.4,0.6,NONE
1780034690.526,77.2,89.4,31.8,1493.0,45.6,13.8,32.3,32.1,31.8,31.7,optimal,optimal,optimal,optimal,optimal,optimal,↓ decreasing,→ stable,→ stable,99.9,✅ EXCELLENT,False,NONE,3.5,0.2,NONE
1780034691.527,77.7,91.1,32.1,1500.0,45.2,13.84,32.3,31.6,32.2,31.7,optimal,optimal,optimal,optimal,optimal,optimal,↓ decreasing,→ stable,→ stable,99.9,✅ EXCELLENT,False,NONE,3.2,0.0,NONE
1780034692.529,77.5,89.6,32.2,1455.0,44.2,13.77,32.2,31.7,31.6,32.1,optimal,optimal,optimal,optimal,optimal,optimal,↓ decreasing,→ stable,→ stable,99.9,✅ EXCELLENT,False,NONE,3.1,0.1,NONE
1780034693.531,80.0,90.7,32.0,1476.0,45.8,13.79,32.0,32.4,31.7,32.1,optimal,optimal,optimal,optimal,optimal,optimal,↓ decreasing,→ stable,→ stable,99.9,✅ EXCELLENT,False,NONE,3.4,0.0,NONE
1780034694.532,79.9,89.8,31.9,1459.0,44.4,13.81,32.3,32.2,31.8,32.2,optimal,optimal,optimal,optimal,optimal,optimal,↓ decreasing,→ stable,→ stable,99.9,✅ EXCELLENT,False,NONE,3.5,0.0,NONE
1780034695.533,77.5,91.2,31.7,1475.0,45.7,13.8,32.1,31.9,32.3,31.6,optimal,optimal,optimal,optimal,optimal,optimal,↓ decreasing,→ stable,→ stable,99.9,✅ EXCELLENT,False,NONE,3.7,0.0,NONE
1780034696.535,82.0,89.4,32.2,1538.0,45.3,13.78,31.8,31.9,31.7,31.7,optimal,optimal,optimal,optimal,optimal,optimal,↓ decreasing,→ stable,→ stable,99.9,✅ EXCELLENT,False,NONE,3.3,0.2,NONE
1780034697.536,82.9,88.6,32.0,1517.0,45.8,13.84,32.4,32.0,32.3,32.2,optimal,optimal,optimal,optimal,optimal,optimal,↓ decreasing,↓ decreasing,→ stable,99.9,✅ EXCELLENT,False,NONE,3.6,1.0,NONE
1780034698.537,80.9,89.7,32.0,1490.0,44.0,13.84,31.8,32.1,31.9,31.8,optimal,optimal,optimal,optimal,optimal,optimal,↓ decreasing,↓ decreasing,→ stable,99.9,✅ EXCELLENT,False,NONE,3.5,0.0,NONE
1780034699.539,77.0,89.1,31.8,1504.0,44.7,13.76,31.8,32.1,32.2,31.9,optimal,optimal,optimal,optimal,optimal,optimal,↓ decreasing,↓ decreasing,→ stable,99.9,✅ EXCELLENT,False,NONE,3.5,0.4,NONE
1780034700.723,79.7,90.8,32.2,1530.0,45.6,13.82,31.8,32.4,32.3,32.2,optimal,optimal,optimal,optimal,optimal,optimal,→ stable,→ stable,→ stable,99.9,✅ EXCELLENT,False,NONE,3.2,0.0,NONE
1780034701.724,81.3,89.6,32.3,1522.0,45.8,13.75,31.8,32.1,32.1,31.7,optimal,optimal,optimal,optimal,optimal,optimal,→ stable,↓ decreasing,→ stable,99.9,✅ EXCELLENT,False,NONE,3.1,0.1,NONE
1780034702.725,81.3,88.7,31.8,1467.0,45.6,13.82,31.9,31.8,31.7,32.2,optimal,optimal,optimal,optimal,optimal,optimal,↑ increasing,↓ decreasing,→ stable,99.9,✅ EXCELLENT,False,NONE,3.7,0.8,NONE
1780034703.726,82.6,89.6,31.9,1479.0,45.8,13.78,31.9,32.1,32.1,31.9,optimal,optimal,optimal,optimal,optimal,optimal,↑ increasing,↓ decreasing,→ stable,99.9,✅ EXCELLENT,False,NONE,3.7,0.1,NONE
1780034704.727,78.9,91.4,32.3,1501.0,45.4,13.78,32.0,32.3,32.4,32.1,optimal,optimal,optimal,optimal,optimal,optimal,↑ increasing,→ stable,→ stable,99.9,✅ EXCELLENT,False,NONE,3.0,0.0,NONE
1780034705.728,79.4,91.3,31.9,1500.0,45.6,13.8,32.1,31.6,32.2,32.4,optimal,optimal,optimal,optimal,optimal,optimal,↑ increasing,↓ decreasing,→ stable,99.9,✅ EXCELLENT,False,NONE,3.5,0.0,NONE
1780034706.728,81.2,90.5,31.6,1510.0,44.2,13.79,31.8,32.1,31.8,31.8,optimal,optimal,optimal,optimal,optimal,optimal,↑ increasing,→ stable,→ stable,99.9,✅ EXCELLENT,False,NONE,3.9,0.0,NONE
1780034707.73,79.1,89.6,32.2,1520.0,44.3,13.82,31.7,31.7,32.1,32.2,optimal,optimal,optimal,optimal,optimal,optimal,↑ increasing,→ stable,→ stable,99.9,✅ EXCELLENT,False,NONE,3.2,0.1,NONE
1780034708.732,78.4,90.8,32.0,1497.0,44.5,13.75,32.2,32.1,32.2,31.7,optimal,optimal,optimal,optimal,optimal,optimal,→ stable,→ stable,→ stable,99.9,✅ EXCELLENT,False,NONE,3.4,0.0,NONE
1780034709.734,81.0,91.0,31.6,1483.0,45.8,13.79,31.6,32.1,32.0,32.0,optimal,optimal,optimal,optimal,optimal,optimal,↑ increasing,→ stable,→ stable,99.9,✅ EXCELLENT,False,NONE,3.9,0.0,NONE
1780034711.077,80.8,88.9,31.9,1490.0,44.1,13.81,31.9,32.3,32.2,31.7,optimal,optimal,optimal,optimal,optimal,optimal,↑ increasing,→ stable,→ stable,99.9,✅ EXCELLENT,False,NONE,3.6,0.6,NONE
1780034712.077,77.5,88.7,31.6,1517.0,45.3,13.75,32.2,31.8,32.0,32.1,optimal,optimal,optimal,optimal,optimal,optimal,→ stable,→ stable,→ stable,99.9,✅ EXCELLENT,False,NONE,3.8,0.8,NONE
1780034713.079,78.0,89.5,32.1,1452.0,44.0,13.77,32.3,32.0,32.2,31.8,optimal,optimal,optimal,optimal,optimal,optimal,↓ decreasing,→ stable,→ stable,99.9,✅ EXCELLENT,False,NONE,3.2,0.1,NONE
1780034714.08,78.3,90.1,31.9,1516.0,45.0,13.81,32.4,32.0,32.2,32.4,optimal,optimal,optimal,optimal,optimal,optimal,↓ decreasing,↑ increasing,→ stable,99.9,✅ EXCELLENT,False,NONE,3.5,0.0,NONE
1780034715.081,81.9,91.3,31.6,1455.0,44.2,13.77,32.1,31.8,32.3,32.4,optimal,optimal,optimal,optimal,optimal,optimal,↓ decreasing,→ stable,→ stable,99.9,✅ EXCELLENT,False,NONE,4.0,0.0,NONE
1780034716.083,79.4,90.8,32.4,1524.0,45.2,13.82,31.9,32.3,31.6,31.7,optimal,optimal,optimal,optimal,optimal,optimal,↓ decreasing,→ stable,→ stable,99.9,✅ EXCELLENT,False,NONE,2.9,0.0,NONE
1780034717.084,82.6,91.3,32.1,1453.0,44.9,13.76,32.0,32.1,31.9,31.8,optimal,optimal,optimal,optimal,optimal,optimal,↓ decreasing,→ stable,→ stable,99.9,✅ EXCELLENT,False,NONE,3.4,0.0,NONE
1780034718.086,80.7,91.1,31.9,1491.0,45.6,13.76,31.8,32.4,31.7,32.0,optimal,optimal,optimal,optimal,optimal,optimal,→ stable,→ stable,→ stable,99.9,✅ EXCELLENT,False,NONE,3.6,0.0,NONE
1780034719.087,79.2,91.0,31.9,1489.0,45.4,13.76,32.0,31.7,31.6,31.8,optimal,optimal,optimal,optimal,optimal,optimal,→ stable,→ stable,→ stable,99.9,✅ EXCELLENT,False,NONE,3.5,0.0,NONE
1780034720.089,82.9,89.4,31.9,1527.0,44.1,13.82,32.1,31.9,31.9,32.4,optimal,optimal,optimal,optimal,optimal,optimal,→ stable,→ stable,→ stable,99.9,✅ EXCELLENT,False,NONE,3.7,0.2,NONE
1780034721.518,81.9,90.6,31.8,1539.0,45.3,13.78,32.1,32.3,32.1,31.7,optimal,optimal,optimal,optimal,optimal,optimal,→ stable,→ stable,→ stable,99.9,✅ EXCELLENT,False,NONE,3.7,0.0,NONE
1780034722.522,79.3,89.6,31.8,1476.0,44.2,13.8,31.9,31.7,32.2,31.9,optimal,optimal,optimal,optimal,optimal,optimal,→ stable,→ stable,→ stable,99.9,✅ EXCELLENT,False,NONE,3.6,0.1,NONE
1780034723.524,79.2,89.2,32.3,1532.0,44.3,13.77,31.8,32.2,32.3,31.7,optimal,optimal,optimal,optimal,optimal,optimal,↑ increasing,→ stable,→ stable,99.9,✅ EXCELLENT,False,NONE,3.1,0.3,NONE
1780034724.525,80.6,88.8,32.1,1451.0,44.9,13.82,31.9,32.2,32.2,32.2,optimal,optimal,optimal,optimal,optimal,optimal,↑ increasing,→ stable,→ stable,99.9,✅ EXCELLENT,False,NONE,3.3,0.7,NONE
1780034725.528,80.8,88.6,31.8,1536.0,45.7,13.84,31.9,31.7,32.1,32.2,optimal,optimal,optimal,optimal,optimal,optimal,↑ increasing,→ stable,→ stable,99.9,✅ EXCELLENT,False,NONE,3.7,1.0,NONE
1780034726.53,78.4,90.4,32.4,1513.0,45.6,13.84,31.6,32.2,32.2,31.8,optimal,optimal,optimal,optimal,optimal,optimal,↑ increasing,→ stable,→ stable,99.9,✅ EXCELLENT,False,NONE,2.9,0.0,NONE
1780034727.531,79.6,90.1,32.2,1531.0,44.1,13.79,31.7,32.3,32.0,32.3,optimal,optimal,optimal,optimal,optimal,optimal,↑ increasing,→ stable,→ stable,99.9,✅ EXCELLENT,False,NONE,3.2,0.0,NONE
1780034728.532,78.2,89.7,32.0,1459.0,44.7,13.79,32.0,31.9,32.4,32.0,optimal,optimal,optimal,optimal,optimal,optimal,→ stable,↓ decreasing,→ stable,99.9,✅ EXCELLENT,False,NONE,3.4,0.0,NONE
1780034729.533,78.8,89.8,32.1,1513.0,44.6,13.75,32.3,31.6,31.6,31.9,optimal,optimal,optimal,optimal,optimal,optimal,→ stable,↓ decreasing,→ stable,99.9,✅ EXCELLENT,False,NONE,3.3,0.0,NONE
1780034730.535,82.4,88.6,31.6,1489.0,45.2,13.82,31.9,32.0,31.9,31.8,optimal,optimal,optimal,optimal,optimal,optimal,→ stable,↓ decreasing,→ stable,99.9,✅ EXCELLENT,False,NONE,4.0,1.0,NONE
1780034731.884,78.5,90.4,31.9,1454.0,45.9,13.84,31.8,32.3,32.1,31.6,optimal,optimal,optimal,optimal,optimal,optimal,↓ decreasing,↓ decreasing,→ stable,99.9,✅ EXCELLENT,False,NONE,3.5,0.0,NONE
1780034732.886,82.6,90.2,32.3,1507.0,45.4,13.82,32.3,32.0,31.7,31.7,optimal,optimal,optimal,optimal,optimal,optimal,↓ decreasing,↓ decreasing,→ stable,99.9,✅ EXCELLENT,False,NONE,3.2,0.0,NONE
1780034733.887,82.4,89.0,32.3,1517.0,45.1,13.76,32.2,31.7,32.2,32.3,optimal,optimal,optimal,optimal,optimal,optimal,→ stable,↓ decreasing,→ stable,99.9,✅ EXCELLENT,False,NONE,3.2,0.5,NONE
1780034734.889,81.4,90.7,31.7,1520.0,45.8,13.8,32.2,31.9,31.8,31.8,optimal,optimal,optimal,optimal,optimal,optimal,→ stable,↓ decreasing,→ stable,99.9,✅ EXCELLENT,False,NONE,3.8,0.0,NONE
1780034735.889,81.3,89.7,31.8,1523.0,44.9,13.8,31.7,32.2,32.3,31.9,optimal,optimal,optimal,optimal,optimal,optimal,→ stable,→ stable,→ stable,99.9,✅ EXCELLENT,False,NONE,3.7,0.0,NONE
1780034736.892,77.6,88.9,32.1,1468.0,45.2,13.83,32.3,31.8,31.8,32.0,optimal,optimal,optimal,optimal,optimal,optimal,→ stable,→ stable,→ stable,99.9,✅ EXCELLENT,False,NONE,3.2,0.6,NONE
1780034737.893,78.1,90.7,31.7,1524.0,45.1,13.75,31.9,31.6,32.0,31.6,optimal,optimal,optimal,optimal,optimal,optimal,→ stable,→ stable,→ stable,99.9,✅ EXCELLENT,False,NONE,3.7,0.0,NONE
1780034738.895,81.5,88.7,32.1,1485.0,45.9,13.76,32.1,32.2,32.0,31.9,optimal,optimal,optimal,optimal,optimal,optimal,→ stable,→ stable,→ stable,99.9,✅ EXCELLENT,False,NONE,3.4,0.8,NONE
1780034739.895,80.7,91.0,32.2,1500.0,45.5,13.77,32.2,32.4,31.7,31.7,optimal,optimal,optimal,optimal,optimal,optimal,↑ increasing,→ stable,→ stable,99.9,✅ EXCELLENT,False,NONE,3.2,0.0,NONE
1780034740.897,78.4,89.6,32.4,1512.0,44.4,13.77,32.2,31.7,32.1,31.9,optimal,optimal,optimal,optimal,optimal,optimal,→ stable,→ stable,→ stable,99.9,✅ EXCELLENT,False,NONE,2.9,0.1,NONE
1780034742.485,78.3,91.4,32.1,1495.0,45.7,13.77,32.2,32.1,31.7,32.0,optimal,optimal,optimal,optimal,optimal,optimal,↑ increasing,→ stable,→ stable,99.9,✅ EXCELLENT,False,NONE,3.2,0.0,NONE
1780034743.486,79.0,90.9,31.7,1488.0,45.1,13.83,31.7,32.1,32.2,31.9,optimal,optimal,optimal,optimal,optimal,optimal,→ stable,→ stable,→ stable,99.9,✅ EXCELLENT,False,NONE,3.7,0.0,NONE
1780034744.487,78.2,91.0,32.1,1535.0,44.7,13.84,32.4,32.0,31.9,32.1,optimal,optimal,optimal,optimal,optimal,optimal,↓ decreasing,↑ increasing,→ stable,99.9,✅ EXCELLENT,False,NONE,3.2,0.0,NONE
1780034745.488,80.2,88.8,32.0,1527.0,45.5,13.81,32.0,32.1,32.1,32.0,optimal,optimal,optimal,optimal,optimal,optimal,↓ decreasing,→ stable,→ stable,99.9,✅ EXCELLENT,False,NONE,3.4,0.7,NONE
1780034746.489,77.0,89.2,31.8,1525.0,44.8,13.81,32.2,32.1,32.4,32.4,optimal,optimal,optimal,optimal,optimal,optimal,↓ decreasing,→ stable,→ stable,99.9,✅ EXCELLENT,False,NONE,3.5,0.3,NONE
1780034747.49,78.4,90.4,32.2,1468.0,45.0,13.8,32.3,32.0,32.2,32.3,optimal,optimal,optimal,optimal,optimal,optimal,↓ decreasing,→ stable,→ stable,99.9,✅ EXCELLENT,False,NONE,3.1,0.0,NONE
1780034748.491,81.4,90.3,32.0,1540.0,45.9,13.84,31.7,32.3,31.8,31.9,optimal,optimal,optimal,optimal,optimal,optimal,↓ decreasing,→ stable,→ stable,99.9,✅ EXCELLENT,False,NONE,3.5,0.0,NONE
1780034749.492,77.8,89.1,31.7,1490.0,44.5,13.81,31.6,31.7,31.7,32.4,optimal,optimal,optimal,optimal,optimal,optimal,↓ decreasing,→ stable,→ stable,99.9,✅ EXCELLENT,False,NONE,3.7,0.4,NONE
1780034750.493,79.1,91.1,31.7,1511.0,45.4,13.77,32.2,32.0,31.8,31.8,optimal,optimal,optimal,optimal,optimal,optimal,↓ decreasing,→ stable,→ stable,99.9,✅ EXCELLENT,False,NONE,3.7,0.0,NONE
1780034751.494,80.8,90.5,32.3,1546.0,44.6,13.8,32.0,32.0,32.1,32.2,optimal,optimal,optimal,optimal,optimal,optimal,↓ decreasing,→ stable,→ stable,99.9,✅ EXCELLENT,False,NONE,3.1,0.0,NONE
1780034752.896,82.8,90.0,31.6,1523.0,45.6,13.84,31.7,31.8,32.4,31.8,optimal,optimal,optimal,optimal,optimal,optimal,↓ decreasing,→ stable,→ stable,99.9,✅ EXCELLENT,False,NONE,4.0,0.0,NONE
1780034753.897,80.1,90.9,32.0,1522.0,44.9,13.82,32.3,31.7,32.2,32.3,optimal,optimal,optimal,optimal,optimal,optimal,→ stable,→ stable,→ stable,99.9,✅ EXCELLENT,False,NONE,3.4,0.0,NONE
1780034754.899,77.6,88.7,32.3,1475.0,45.9,13.78,32.1,32.1,31.7,32.3,optimal,optimal,optimal,optimal,optimal,optimal,→ stable,→ stable,→ stable,99.9,✅ EXCELLENT,False,NONE,3.0,0.8,NONE
1780034755.9,80.6,88.8,31.7,1473.0,45.2,13.83,32.0,31.8,32.3,31.8,optimal,optimal,optimal,optimal,optimal,optimal,→ stable,→ stable,→ stable,99.9,✅ EXCELLENT,False,NONE,3.8,0.7,NONE
1780034756.9,82.0,91.3,31.7,1451.0,44.2,13.79,31.6,32.2,32.4,31.8,optimal,optimal,optimal,optimal,optimal,optimal,↑ increasing,→ stable,→ stable,99.9,✅ EXCELLENT,False,NONE,3.9,0.0,NONE
1780034757.902,79.8,91.4,32.2,1490.0,45.4,13.82,32.1,32.3,31.9,31.7,optimal,optimal,optimal,optimal,optimal,optimal,↑ increasing,→ stable,→ stable,99.9,✅ EXCELLENT,False,NONE,3.2,0.0,NONE
1780034758.903,81.5,90.8,31.8,1506.0,45.4,13.75,31.7,31.7,31.8,31.7,optimal,optimal,optimal,optimal,optimal,optimal,↑ increasing,→ stable,→ stable,99.9,✅ EXCELLENT,False,NONE,3.7,0.0,NONE
1780034759.905,78.2,88.7,32.1,1537.0,44.3,13.75,32.1,32.1,32.1,32.2,optimal,optimal,optimal,optimal,optimal,optimal,↑ increasing,→ stable,→ stable,99.9,✅ EXCELLENT,False,NONE,3.2,0.8,NONE
1780034760.907,81.4,88.7,31.8,1523.0,45.3,13.79,32.2,31.9,32.0,32.0,optimal,optimal,optimal,optimal,optimal,optimal,↑ increasing,→ stable,→ stable,99.9,✅ EXCELLENT,False,NONE,3.7,0.8,NONE
1780034761.909,79.5,91.1,31.8,1468.0,44.2,13.83,31.7,32.2,32.0,31.8,optimal,optimal,optimal,optimal,optimal,optimal,↑ increasing,→ stable,→ stable,99.9,✅ EXCELLENT,False,NONE,3.6,0.0,NONE
1780034763.26,78.0,90.7,32.0,1536.0,44.7,13.81,32.4,31.7,31.8,32.0,optimal,optimal,optimal,optimal,optimal,optimal,→ stable,→ stable,→ stable,99.9,✅ EXCELLENT,False,NONE,3.3,0.0,NONE
1780034764.261,80.7,91.3,32.3,1535.0,45.8,13.75,32.2,31.8,32.0,31.7,optimal,optimal,optimal,optimal,optimal,optimal,→ stable,→ stable,→ stable,99.9,✅ EXCELLENT,False,NONE,3.1,0.0,NONE
1780034765.263,77.7,90.1,32.0,1495.0,45.3,13.78,31.9,32.3,31.9,32.1,optimal,optimal,optimal,optimal,optimal,optimal,→ stable,→ stable,→ stable,99.9,✅ EXCELLENT,False,NONE,3.3,0.0,NONE
1780034766.265,79.5,90.3,31.7,1541.0,45.2,13.82,31.8,31.6,31.7,31.8,optimal,optimal,optimal,optimal,optimal,optimal,→ stable,↑ increasing,→ stable,99.9,✅ EXCELLENT,False,NONE,3.7,0.0,NONE
1780034767.267,80.0,88.8,31.7,1540.0,45.5,13.85,31.8,31.8,31.8,32.1,optimal,optimal,optimal,optimal,optimal,optimal,→ stable,→ stable,→ stable,99.9,✅ EXCELLENT,False,NONE,3.8,0.7,NONE
1780034768.267,81.0,89.2,31.9,1524.0,45.3,13.83,31.7,31.9,32.1,32.1,optimal,optimal,optimal,optimal,optimal,optimal,→ stable,→ stable,→ stable,99.9,✅ EXCELLENT,False,NONE,3.6,0.3,NONE
1780034769.269,78.5,89.9,31.8,1506.0,44.5,13.82,31.7,32.0,31.7,32.2,optimal,optimal,optimal,optimal,optimal,optimal,↓ decreasing,→ stable,→ stable,99.9,✅ EXCELLENT,False,NONE,3.6,0.0,NONE
1780034770.269,77.1,91.5,32.1,1543.0,44.5,13.77,31.8,32.2,31.9,32.0,optimal,optimal,optimal,optimal,optimal,optimal,↓ decreasing,→ stable,→ stable,99.9,✅ EXCELLENT,False,NONE,3.2,0.0,NONE
1780034771.27,78.9,90.2,31.8,1547.0,44.9,13.79,32.1,32.1,31.7,31.7,optimal,optimal,optimal,optimal,optimal,optimal,↓ decreasing,→ stable,→ stable,99.9,✅ EXCELLENT,False,NONE,3.6,0.0,NONE
1780034772.271,77.2,91.1,32.1,1516.0,45.7,13.79,32.3,31.7,31.8,31.9,optimal,optimal,optimal,optimal,optimal,optimal,↓ decreasing,→ stable,→ stable,99.9,✅ EXCELLENT,False,NONE,3.2,0.0,NONE
1780034773.543,78.5,91.3,32.3,1473.0,45.6,13.83,31.9,31.9,31.9,31.7,optimal,optimal,optimal,optimal,optimal,optimal,↓ decreasing,→ stable,→ stable,99.9,✅ EXCELLENT,False,NONE,3.0,0.0,NONE
1780034774.544,81.9,89.5,32.3,1453.0,44.3,13.84,32.3,32.2,31.8,31.9,optimal,optimal,optimal,optimal,optimal,optimal,↓ decreasing,→ stable,→ stable,99.9,✅ EXCELLENT,False,NONE,3.2,0.1,NONE
1780034775.545,79.8,89.6,32.0,1478.0,45.9,13.78,32.2,32.0,31.9,31.9,optimal,optimal,optimal,optimal,optimal,optimal,↓ decreasing,→ stable,→ stable,99.9,✅ EXCELLENT,False,NONE,3.4,0.1,NONE
1780034776.546,81.0,88.8,32.0,1538.0,45.5,13.79,32.3,31.7,31.7,32.3,optimal,optimal,optimal,optimal,optimal,optimal,→ stable,→ stable,→ stable,99.9,✅ EXCELLENT,False,NONE,3.5,0.7,NONE
1780034777.548,78.1,89.0,31.9,1458.0,44.7,13.75,32.0,32.3,32.2,31.7,optimal,optimal,optimal,optimal,optimal,optimal,→ stable,→ stable,→ stable,99.9,✅ EXCELLENT,False,NONE,3.5,0.5,NONE
1780034778.549,82.8,90.4,32.3,1520.0,44.4,13.77,31.7,31.8,31.6,32.0,optimal,optimal,optimal,optimal,optimal,optimal,→ stable,→ stable,→ stable,99.9,✅ EXCELLENT,False,NONE,3.2,0.0,NONE
1780034779.55,79.3,89.3,32.2,1541.0,44.4,13.83,32.2,31.6,32.0,31.8,optimal,optimal,optimal,optimal,optimal,optimal,→ stable,→ stable,→ stable,99.9,✅ EXCELLENT,False,NONE,3.2,0.2,NONE
1780034780.551,79.3,90.6,31.8,1454.0,45.3,13.75,31.9,32.1,32.1,31.7,optimal,optimal,optimal,optimal,optimal,optimal,→ stable,→ stable,→ stable,99.9,✅ EXCELLENT,False,NONE,3.6,0.0,NONE
1780034781.553,77.4,89.1,32.3,1547.0,45.5,13.83,32.2,32.0,32.3,32.1,optimal,optimal,optimal,optimal,optimal,optimal,→ stable,→ stable,→ stable,99.9,✅ EXCELLENT,False,NONE,3.0,0.4,NONE
1780034782.554,79.9,90.6,32.3,1507.0,44.1,13.84,31.8,31.7,31.7,32.1,optimal,optimal,optimal,optimal,optimal,optimal,↑ increasing,→ stable,→ stable,99.9,✅ EXCELLENT,False,NONE,3.1,0.0,NONE
1780034783.877,79.4,90.4,32.4,1518.0,45.8,13.79,32.3,32.4,32.0,32.3,optimal,optimal,optimal,optimal,optimal,optimal,↑ increasing,↓ decreasing,→ stable,99.9,✅ EXCELLENT,False,NONE,2.9,0.0,NONE
1780034784.878,77.9,89.4,31.7,1518.0,45.7,13.78,31.9,32.0,32.2,32.2,optimal,optimal,optimal,optimal,optimal,optimal,→ stable,→ stable,→ stable,99.9,✅ EXCELLENT,False,NONE,3.7,0.2,NONE
1780034785.88,79.9,90.9,31.7,1469.0,46.0,13.83,31.6,31.6,32.0,31.7,optimal,optimal,optimal,optimal,optimal,optimal,→ stable,→ stable,→ stable,99.9,✅ EXCELLENT,False,NONE,3.8,0.0,NONE
1780034786.882,83.0,88.9,32.1,1451.0,44.5,13.79,31.7,32.4,32.3,32.2,optimal,optimal,optimal,optimal,optimal,optimal,→ stable,→ stable,→ stable,99.9,✅ EXCELLENT,False,NONE,3.4,0.6,NONE
1780034787.883,82.4,89.7,31.6,1510.0,45.1,13.84,32.3,31.8,32.1,31.8,optimal,optimal,optimal,optimal,optimal,optimal,↑ increasing,→ stable,→ stable,99.9,✅ EXCELLENT,False,NONE,4.0,0.0,NONE
1780034788.885,77.8,90.9,32.3,1532.0,44.6,13.82,32.1,31.6,32.1,31.8,optimal,optimal,optimal,optimal,optimal,optimal,→ stable,→ stable,→ stable,99.9,✅ EXCELLENT,False,NONE,3.0,0.0,NONE
1780034789.886,81.0,89.7,32.3,1498.0,44.4,13.82,32.3,32.3,31.8,32.4,optimal,optimal,optimal,optimal,optimal,optimal,→ stable,→ stable,→ stable,99.9,✅ EXCELLENT,False,NONE,3.1,0.0,NONE
1780034790.887,81.3,89.0,32.1,1498.0,45.8,13.85,31.9,31.8,31.9,32.0,optimal,optimal,optimal,optimal,optimal,optimal,→ stable,→ stable,→ stable,99.9,✅ EXCELLENT,False,NONE,3.4,0.5,NONE
1780034791.889,78.7,89.0,32.4,1465.0,45.8,13.78,31.7,31.9,31.7,32.3,optimal,optimal,optimal,optimal,optimal,optimal,↑ increasing,→ stable,→ stable,99.9,✅ EXCELLENT,False,NONE,2.9,0.5,NONE
1780034792.89,80.2,89.1,32.2,1517.0,45.4,13.76,32.3,32.0,32.1,32.2,optimal,optimal,optimal,optimal,optimal,optimal,→ stable,→ stable,→ stable,99.9,✅ EXCELLENT,False,NONE,3.2,0.4,NONE
1780034794.427,78.7,89.8,32.2,1535.0,44.1,13.83,31.9,32.3,32.0,31.9,optimal,optimal,optimal,optimal,optimal,optimal,→ stable,→ stable,→ stable,99.9,✅ EXCELLENT,False,NONE,3.1,0.0,NONE
1780034795.429,79.4,88.6,32.3,1505.0,45.0,13.81,32.0,31.8,32.2,32.0,optimal,optimal,optimal,optimal,optimal,optimal,↑ increasing,→ stable,→ stable,99.9,✅ EXCELLENT,False,NONE,3.1,1.0,NONE
1780034796.431,81.7,88.7,31.8,1529.0,45.4,13.76,31.6,31.9,31.7,32.2,optimal,optimal,optimal,optimal,optimal,optimal,↑ increasing,↓ decreasing,→ stable,99.9,✅ EXCELLENT,False,NONE,3.7,0.8,NONE
1780034797.433,81.3,91.0,31.9,1526.0,45.2,13.84,31.8,32.0,31.9,32.1,optimal,optimal,optimal,optimal,optimal,optimal,↑ increasing,→ stable,→ stable,99.9,✅ EXCELLENT,False,NONE,3.6,0.0,NONE
1780034798.435,79.1,90.1,31.8,1477.0,45.8,13.76,32.2,31.7,32.4,31.8,optimal,optimal,optimal,optimal,optimal,optimal,→ stable,→ stable,→ stable,99.9,✅ EXCELLENT,False,NONE,3.6,0.0,NONE
1780034799.435,78.1,88.9,31.7,1468.0,44.2,13.76,32.1,32.2,31.9,32.2,optimal,optimal,optimal,optimal,optimal,optimal,→ stable,↓ decreasing,→ stable,99.9,✅ EXCELLENT,False,NONE,3.7,0.6,NONE
1780034800.437,81.8,88.8,32.3,1472.0,44.2,13.77,32.1,31.7,32.1,32.1,optimal,optimal,optimal,optimal,optimal,optimal,→ stable,↓ decreasing,→ stable,99.9,✅ EXCELLENT,False,NONE,3.2,0.7,NONE
1780034801.439,82.0,88.8,32.3,1526.0,45.2,13.82,32.3,32.1,32.1,32.0,optimal,optimal,optimal,optimal,optimal,optimal,→ stable,↓ decreasing,→ stable,99.9,✅ EXCELLENT,False,NONE,3.2,0.7,NONE
1780034802.44,79.8,90.7,31.8,1507.0,45.7,13.81,32.4,32.1,31.9,31.7,optimal,optimal,optimal,optimal,optimal,optimal,→ stable,→ stable,→ stable,99.9,✅ EXCELLENT,False,NONE,3.6,0.0,NONE
1780034803.441,77.7,90.8,32.2,1510.0,45.8,13.8,32.3,32.2,32.2,31.7,optimal,optimal,optimal,optimal,optimal,optimal,→ stable,→ stable,→ stable,99.9,✅ EXCELLENT,False,NONE,3.1,0.0,NONE
1780034804.67,78.8,90.8,32.2,1535.0,44.7,13.8,32.2,32.0,32.2,32.2,optimal,optimal,optimal,optimal,optimal,optimal,→ stable,→ stable,→ stable,99.9,✅ EXCELLENT,False,NONE,3.2,0.0,NONE
1780034805.671,80.5,89.6,31.8,1543.0,45.1,13.78,31.6,32.3,31.7,31.8,optimal,optimal,optimal,optimal,optimal,optimal,→ stable,→ stable,→ stable,99.9,✅ EXCELLENT,False,NONE,3.7,0.1,NONE
1780034806.673,79.8,89.4,31.9,1528.0,45.9,13.84,31.9,31.9,32.2,32.4,optimal,optimal,optimal,optimal,optimal,optimal,↓ decreasing,↑ increasing,→ stable,99.9,✅ EXCELLENT,False,NONE,3.5,0.2,NONE
1780034807.675,80.0,90.5,32.1,1511.0,45.8,13.75,31.9,32.0,32.2,32.1,optimal,optimal,optimal,optimal,optimal,optimal,→ stable,→ stable,→ stable,99.9,✅ EXCELLENT,False,NONE,3.3,0.0,NONE
1780034808.676,78.3,90.0,31.6,1529.0,44.6,13.77,32.1,32.3,32.0,32.3,optimal,optimal,optimal,optimal,optimal,optimal,→ stable,→ stable,→ stable,99.9,✅ EXCELLENT,False,NONE,3.8,0.0,NONE
1780034809.677,78.6,89.6,31.9,1469.0,45.5,13.82,32.2,32.2,31.9,32.4,optimal,optimal,optimal,optimal,optimal,optimal,→ stable,↑ increasing,→ stable,99.9,✅ EXCELLENT,False,NONE,3.5,0.1,NONE
1780034810.678,82.1,91.1,32.3,1473.0,45.8,13.79,32.4,32.1,32.2,32.4,optimal,optimal,optimal,optimal,optimal,optimal,→ stable,↑ increasing,→ stable,99.9,✅ EXCELLENT,False,NONE,3.2,0.0,NONE
1780034811.679,78.6,89.8,31.8,1548.0,44.8,13.84,32.1,32.2,31.8,32.2,optimal,optimal,optimal,optimal,optimal,optimal,↓ decreasing,↑ increasing,→ stable,99.9,✅ EXCELLENT,False,NONE,3.6,0.0,NONE
1780034812.681,81.6,89.1,31.8,1480.0,44.2,13.77,31.9,32.2,32.3,32.1,optimal,optimal,optimal,optimal,optimal,optimal,↓ decreasing,↑ increasing,→ stable,99.9,✅ EXCELLENT,False,NONE,3.7,0.4,NONE
1780034813.682,80.9,90.8,32.0,1531.0,44.4,13.78,32.3,32.3,31.7,31.9,optimal,optimal,optimal,optimal,optimal,optimal,→ stable,→ stable,→ stable,99.9,✅ EXCELLENT,False,NONE,3.5,0.0,NONE
1780034815.013,77.3,89.7,32.0,1487.0,45.1,13.82,32.3,32.2,32.1,32.3,optimal,optimal,optimal,optimal,optimal,optimal,→ stable,→ stable,→ stable,99.9,✅ EXCELLENT,False,NONE,3.3,0.0,NONE
1780034816.015,82.3,90.0,32.0,1484.0,44.2,13.84,32.3,32.4,31.9,31.8,optimal,optimal,optimal,optimal,optimal,optimal,→ stable,→ stable,→ stable,99.9,✅ EXCELLENT,False,NONE,3.5,0.0,NONE
1780034817.016,81.4,91.1,31.8,1504.0,44.1,13.76,32.2,32.2,32.0,31.8,optimal,optimal,optimal,optimal,optimal,optimal,→ stable,→ stable,→ stable,99.9,✅ EXCELLENT,False,NONE,3.7,0.0,NONE
1780034818.017,79.8,88.6,31.9,1474.0,46.0,13.81,32.0,32.3,32.1,32.2,optimal,optimal,optimal,optimal,optimal,optimal,→ stable,→ stable,→ stable,99.9,✅ EXCELLENT,False,NONE,3.5,1.0,NONE
1780034819.019,77.8,89.9,32.2,1500.0,44.1,13.79,31.9,31.9,32.1,32.3,optimal,optimal,optimal,optimal,optimal,optimal,→ stable,→ stable,→ stable,99.9,✅ EXCELLENT,False,NONE,3.1,0.0,NONE
1780034820.02,80.1,91.3,31.7,1511.0,44.9,13.78,32.3,31.7,31.7,32.4,optimal,optimal,optimal,optimal,optimal,optimal,→ stable,→ stable,→ stable,99.9,✅ EXCELLENT,False,NONE,3.8,0.0,NONE
1780034821.022,79.7,90.0,32.0,1459.0,44.6,13.77,32.0,32.0,31.8,31.8,optimal,optimal,optimal,optimal,optimal,optimal,→ stable,→ stable,→ stable,99.9,✅ EXCELLENT,False,NONE,3.4,0.0,NONE
1780034822.024,78.1,89.2,32.3,1492.0,45.0,13.79,32.2,31.7,32.0,32.0,optimal,optimal,optimal,optimal,optimal,optimal,→ stable,→ stable,→ stable,99.9,✅ EXCELLENT,False,NONE,3.0,0.3,NONE
1780034823.026,80.3,89.4,31.7,1470.0,45.6,13.77,31.6,32.2,32.2,31.9,optimal,optimal,optimal,optimal,optimal,optimal,→ stable,→ stable,→ stable,99.9,✅ EXCELLENT,False,NONE,3.8,0.2,NONE
1780034824.026,81.0,88.7,32.4,1504.0,44.3,13.81,31.7,31.7,32.3,31.9,optimal,optimal,optimal,optimal,optimal,optimal,→ stable,→ stable,→ stable,99.9,✅ EXCELLENT,False,NONE,3.0,0.8,NONE
1780034825.357,79.2,89.8,31.8,1457.0,45.5,13.78,31.9,32.3,32.2,32.1,optimal,optimal,optimal,optimal,optimal,optimal,→ stable,→ stable,→ stable,99.9,✅ EXCELLENT,False,NONE,3.6,0.0,NONE
1780034826.36,77.9,90.0,31.8,1454.0,45.3,13.8,32.1,31.8,32.2,32.3,optimal,optimal,optimal,optimal,optimal,optimal,→ stable,→ stable,→ stable,99.9,✅ EXCELLENT,False,NONE,3.6,0.0,NONE
1780034827.361,80.1,90.7,32.1,1543.0,45.2,13.8,32.1,32.3,31.8,32.0,optimal,optimal,optimal,optimal,optimal,optimal,↓ decreasing,→ stable,→ stable,99.9,✅ EXCELLENT,False,NONE,3.3,0.0,NONE
1780034828.362,78.3,90.0,32.3,1467.0,45.0,13.82,31.8,31.8,31.7,32.3,optimal,optimal,optimal,optimal,optimal,optimal,↓ decreasing,→ stable,→ stable,99.9,✅ EXCELLENT,False,NONE,3.0,0.0,NONE
1780034829.364,80.8,89.0,32.0,1540.0,45.6,13.83,32.1,32.1,32.1,32.0,optimal,optimal,optimal,optimal,optimal,optimal,→ stable,→ stable,→ stable,99.9,✅ EXCELLENT,False,NONE,3.5,0.5,NONE
1780034830.365,78.7,88.6,31.9,1549.0,44.8,13.75,32.0,31.9,31.9,31.8,optimal,optimal,optimal,optimal,optimal,optimal,↓ decreasing,↓ decreasing,→ stable,99.9,✅ EXCELLENT,False,NONE,3.5,1.0,NONE
1780034831.365,78.9,89.7,32.3,1502.0,45.9,13.81,31.9,32.0,31.8,32.1,optimal,optimal,optimal,optimal,optimal,optimal,↓ decreasing,↓ decreasing,→ stable,99.9,✅ EXCELLENT,False,NONE,3.0,0.0,NONE
1780034832.367,78.3,90.4,32.2,1518.0,45.9,13.79,32.4,31.7,31.9,32.2,optimal,optimal,optimal,optimal,optimal,optimal,↓ decreasing,→ stable,→ stable,99.9,✅ EXCELLENT,False,NONE,3.1,0.0,NONE
1780034833.368,81.8,89.5,32.0,1522.0,44.6,13.76,31.7,31.9,32.3,31.7,optimal,optimal,optimal,optimal,optimal,optimal,→ stable,→ stable,→ stable,99.9,✅ EXCELLENT,False,NONE,3.5,0.1,NONE
1780034834.369,82.5,90.1,32.0,1545.0,44.9,13.79,32.3,31.9,31.8,32.2,optimal,optimal,optimal,optimal,optimal,optimal,→ stable,→ stable,→ stable,99.9,✅ EXCELLENT,False,NONE,3.5,0.0,NONE
1780034835.702,77.2,89.4,31.7,1528.0,45.4,13.79,31.6,32.1,32.2,32.1,optimal,optimal,optimal,optimal,optimal,optimal,↓ decreasing,→ stable,→ stable,99.9,✅ EXCELLENT,False,NONE,3.6,0.2,NONE
1780034836.704,79.9,90.0,32.1,1523.0,45.7,13.84,32.0,31.9,31.9,32.1,optimal,optimal,optimal,optimal,optimal,optimal,→ stable,→ stable,→ stable,99.9,✅ EXCELLENT,False,NONE,3.3,0.0,NONE
1780034837.705,78.6,88.7,32.2,1467.0,44.7,13.78,31.7,32.2,32.3,32.3,optimal,optimal,optimal,optimal,optimal,optimal,→ stable,→ stable,→ stable,99.9,✅ EXCELLENT,False,NONE,3.1,0.8,NONE
1780034838.707,83.0,91.3,31.9,1521.0,45.5,13.78,32.2,32.1,31.8,31.8,optimal,optimal,optimal,optimal,optimal,optimal,↑ increasing,→ stable,→ stable,99.9,✅ EXCELLENT,False,NONE,3.7,0.0,NONE
1780034839.708,79.8,89.1,32.1,1488.0,45.2,13.85,31.9,31.7,31.9,32.1,optimal,optimal,optimal,optimal,optimal,optimal,→ stable,→ stable,→ stable,99.9,✅ EXCELLENT,False,NONE,3.3,0.4,NONE
1780034840.711,79.1,90.6,31.8,1528.0,44.9,13.77,32.1,32.3,31.7,31.8,optimal,optimal,optimal,optimal,optimal,optimal,→ stable,→ stable,→ stable,99.9,✅ EXCELLENT,False,NONE,3.6,0.0,NONE
1780034841.713,79.2,90.7,32.3,1454.0,45.4,13.84,31.8,31.9,31.9,32.1,optimal,optimal,optimal,optimal,optimal,optimal,↑ increasing,→ stable,→ stable,99.9,✅ EXCELLENT,False,NONE,3.1,0.0,NONE
1780034842.714,79.3,91.4,31.9,1544.0,44.9,13.83,31.9,31.8,32.2,31.9,optimal,optimal,optimal,optimal,optimal,optimal,↑ increasing,→ stable,→ stable,99.9,✅ EXCELLENT,False,NONE,3.5,0.0,NONE
1780034843.716,79.0,88.6,32.4,1543.0,45.7,13.83,32.3,32.0,32.0,31.7,optimal,optimal,optimal,optimal,optimal,optimal,→ stable,→ stable,→ stable,99.9,✅ EXCELLENT,False,NONE,2.9,1.0,NONE
1780034844.717,80.9,90.2,31.9,1538.0,44.2,13.75,32.0,32.0,32.3,32.3,optimal,optimal,optimal,optimal,optimal,optimal,→ stable,→ stable,→ stable,99.9,✅ EXCELLENT,False,NONE,3.6,0.0,NONE
1780034846.164,78.6,89.2,32.3,1493.0,44.0,13.79,32.4,32.3,32.3,32.0,optimal,optimal,optimal,optimal,optimal,optimal,→ stable,→ stable,→ stable,99.9,✅ EXCELLENT,False,NONE,3.0,0.3,NONE
1780034847.165,82.6,90.8,31.7,1531.0,44.2,13.79,32.0,32.3,32.0,32.1,optimal,optimal,optimal,optimal,optimal,optimal,→ stable,→ stable,→ stable,99.9,✅ EXCELLENT,False,NONE,3.9,0.0,NONE
1780034848.166,82.9,89.5,32.3,1455.0,44.5,13.84,31.8,32.3,32.2,31.7,optimal,optimal,optimal,optimal,optimal,optimal,↑ increasing,↑ increasing,→ stable,99.9,✅ EXCELLENT,False,NONE,3.2,0.1,NONE
1780034849.169,80.2,91.4,32.1,1502.0,45.4,13.77,32.2,31.7,31.6,31.7,optimal,optimal,optimal,optimal,optimal,optimal,→ stable,→ stable,→ stable,99.9,✅ EXCELLENT,False,NONE,3.3,0.0,NONE
1780034850.17,78.6,89.3,31.8,1548.0,44.4,13.79,32.2,32.3,32.0,32.4,optimal,optimal,optimal,optimal,optimal,optimal,→ stable,→ stable,→ stable,99.9,✅ EXCELLENT,False,NONE,3.6,0.2,NONE
1780034851.171,77.5,91.4,32.3,1470.0,45.7,13.78,32.0,31.8,31.9,32.3,optimal,optimal,optimal,optimal,optimal,optimal,→ stable,→ stable,→ stable,99.9,✅ EXCELLENT,False,NONE,3.0,0.0,NONE
1780034852.173,78.4,88.7,31.7,1526.0,44.1,13.82,31.9,32.3,32.2,31.8,optimal,optimal,optimal,optimal,optimal,optimal,→ stable,→ stable,→ stable,99.9,✅ EXCELLENT,False,NONE,3.7,0.8,NONE
1780034853.176,80.8,90.4,31.8,1533.0,44.9,13.83,31.8,32.0,32.2,32.4,optimal,optimal,optimal,optimal,optimal,optimal,→ stable,→ stable,→ stable,99.9,✅ EXCELLENT,False,NONE,3.7,0.0,NONE
1780034854.178,80.6,89.0,31.9,1483.0,44.3,13.78,31.9,31.7,31.8,31.7,optimal,optimal,optimal,optimal,optimal,optimal,→ stable,→ stable,→ stable,99.9,✅ EXCELLENT,False,NONE,3.6,0.5,NONE
1780034855.18,82.7,90.4,31.8,1508.0,44.9,13.77,32.0,32.3,32.4,32.1,optimal,optimal,optimal,optimal,optimal,optimal,↑ increasing,→ stable,→ stable,99.9,✅ EXCELLENT,False,NONE,3.8,0.0,NONE
1780034856.899,81.1,90.5,31.9,1520.0,44.1,13.81,31.7,31.7,31.8,31.9,optimal,optimal,optimal,optimal,optimal,optimal,↑ increasing,→ stable,→ stable,99.9,✅ EXCELLENT,False,NONE,3.6,0.0,NONE
1780034857.901,82.2,90.7,32.1,1538.0,45.8,13.76,32.0,31.9,32.2,32.2,optimal,optimal,optimal,optimal,optimal,optimal,→ stable,→ stable,→ stable,99.9,✅ EXCELLENT,False,NONE,3.4,0.0,NONE
1780034858.902,82.7,88.6,32.0,1508.0,45.1,13.82,32.3,32.0,31.7,32.2,optimal,optimal,optimal,optimal,optimal,optimal,→ stable,→ stable,→ stable,99.9,✅ EXCELLENT,False,NONE,3.5,1.0,NONE
1780034859.903,81.9,90.6,31.6,1544.0,44.9,13.78,32.4,31.9,31.8,32.4,optimal,optimal,optimal,optimal,optimal,optimal,→ stable,→ stable,→ stable,99.9,✅ EXCELLENT,False,NONE,4.0,0.0,NONE
1780034860.904,80.8,91.5,32.0,1489.0,44.7,13.85,32.4,32.2,32.3,32.2,optimal,optimal,optimal,optimal,optimal,optimal,↑ increasing,→ stable,→ stable,99.9,✅ EXCELLENT,False,NONE,3.5,0.0,NONE
1780034861.905,81.3,91.4,32.1,1530.0,45.1,13.82,32.2,31.9,32.2,31.6,optimal,optimal,optimal,optimal,optimal,optimal,↑ increasing,→ stable,→ stable,99.9,✅ EXCELLENT,False,NONE,3.4,0.0,NONE
1780034862.907,77.1,91.0,32.3,1527.0,45.9,13.76,32.3,31.7,32.4,32.2,optimal,optimal,optimal,optimal,optimal,optimal,↑ increasing,→ stable,→ stable,99.9,✅ EXCELLENT,False,NONE,3.0,0.0,NONE
1780034863.909,80.0,90.5,32.4,1460.0,45.4,13.78,31.9,32.4,32.1,32.1,optimal,optimal,optimal,optimal,optimal,optimal,↑ increasing,→ stable,→ stable,99.9,✅ EXCELLENT,False,NONE,3.0,0.0,NONE
1780034864.911,81.3,91.3,31.8,1517.0,45.9,13.78,32.0,32.2,32.1,31.8,optimal,optimal,optimal,optimal,optimal,optimal,↑ increasing,↑ increasing,→ stable,99.9,✅ EXCELLENT,False,NONE,3.7,0.0,NONE
1780034865.913,77.8,91.4,32.3,1460.0,44.9,13.78,32.3,31.6,32.2,32.0,optimal,optimal,optimal,optimal,optimal,optimal,→ stable,↑ increasing,→ stable,99.9,✅ EXCELLENT,False,NONE,3.0,0.0,NONE
1780034867.263,78.7,89.3,31.9,1528.0,45.2,13.8,32.3,32.4,32.0,31.8,optimal,optimal,optimal,optimal,optimal,optimal,→ stable,→ stable,→ stable,99.9,✅ EXCELLENT,False,NONE,3.5,0.2,NONE
1780034868.266,78.9,91.2,32.4,1471.0,45.8,13.84,31.8,32.2,31.9,31.8,optimal,optimal,optimal,optimal,optimal,optimal,→ stable,↑ increasing,→ stable,99.9,✅ EXCELLENT,False,NONE,2.9,0.0,NONE
1780034869.267,80.4,90.4,31.9,1488.0,46.0,13.82,31.7,31.6,32.3,32.2,optimal,optimal,optimal,optimal,optimal,optimal,↓ decreasing,↑ increasing,→ stable,99.9,✅ EXCELLENT,False,NONE,3.6,0.0,NONE
1780034870.268,78.5,90.6,32.2,1453.0,45.2,13.76,31.8,31.7,32.2,32.2,optimal,optimal,optimal,optimal,optimal,optimal,↓ decreasing,↑ increasing,→ stable,99.9,✅ EXCELLENT,False,NONE,3.1,0.0,NONE
1780034871.269,82.1,90.6,32.1,1474.0,45.1,13.76,32.1,31.6,31.9,32.0,optimal,optimal,optimal,optimal,optimal,optimal,↓ decreasing,↑ increasing,→ stable,99.9,✅ EXCELLENT,False,NONE,3.4,0.0,NONE
1780034872.271,82.8,90.6,32.0,1511.0,44.3,13.75,32.1,31.7,32.2,32.0,optimal,optimal,optimal,optimal,optimal,optimal,↓ decreasing,↑ increasing,→ stable,99.9,✅ EXCELLENT,False,NONE,3.5,0.0,NONE
1780034873.272,81.5,90.8,31.7,1503.0,44.8,13.76,32.1,31.7,32.4,32.1,optimal,optimal,optimal,optimal,optimal,optimal,↓ decreasing,→ stable,→ stable,99.9,✅ EXCELLENT,False,NONE,3.8,0.0,NONE
1780034874.274,78.1,88.9,31.9,1453.0,44.4,13.83,31.8,32.3,31.7,31.8,optimal,optimal,optimal,optimal,optimal,optimal,↓ decreasing,→ stable,→ stable,99.9,✅ EXCELLENT,False,NONE,3.5,0.6,NONE
1780034875.275,82.6,89.8,31.7,1534.0,45.0,13.77,31.8,31.9,31.9,32.4,optimal,optimal,optimal,optimal,optimal,optimal,↓ decreasing,→ stable,→ stable,99.9,✅ EXCELLENT,False,NONE,3.9,0.0,NONE
1780034876.275,80.1,90.4,32.0,1519.0,46.0,13.84,32.0,32.1,32.1,32.1,optimal,optimal,optimal,optimal,optimal,optimal,→ stable,→ stable,→ stable,99.9,✅ EXCELLENT,False,NONE,3.4,0.0,NONE
1780034877.998,82.0,91.1,32.1,1460.0,45.3,13.85,32.3,32.4,31.9,32.0,optimal,optimal,optimal,optimal,optimal,optimal,→ stable,→ stable,→ stable,99.9,✅ EXCELLENT,False,NONE,3.4,0.0,NONE
1780034879.0,80.1,90.1,31.9,1494.0,45.7,13.76,31.7,31.9,31.9,32.1,optimal,optimal,optimal,optimal,optimal,optimal,↑ increasing,→ stable,→ stable,99.9,✅ EXCELLENT,False,NONE,3.5,0.0,NONE
1780034880.001,82.4,88.8,32.0,1476.0,45.6,13.78,31.9,32.0,32.2,31.9,optimal,optimal,optimal,optimal,optimal,optimal,↑ increasing,↓ decreasing,→ stable,99.9,✅ EXCELLENT,False,NONE,3.5,0.7,NONE
1780034881.002,82.1,90.4,32.0,1520.0,45.0,13.84,31.6,32.2,32.3,32.3,optimal,optimal,optimal,optimal,optimal,optimal,↑ increasing,↓ decreasing,→ stable,99.9,✅ EXCELLENT,False,NONE,3.5,0.0,NONE
1780034882.003,78.5,91.4,32.1,1513.0,45.5,13.8,31.9,32.1,32.0,32.2,optimal,optimal,optimal,optimal,optimal,optimal,↑ increasing,↓ decreasing,→ stable,99.9,✅ EXCELLENT,False,NONE,3.3,0.0,NONE
1780034883.005,79.0,89.1,31.9,1461.0,45.2,13.81,32.0,32.3,32.3,31.8,optimal,optimal,optimal,optimal,optimal,optimal,↑ increasing,↓ decreasing,→ stable,99.9,✅ EXCELLENT,False,NONE,3.5,0.4,NONE
1780034884.006,78.6,91.0,31.8,1474.0,45.6,13.85,32.3,31.6,31.8,31.8,optimal,optimal,optimal,optimal,optimal,optimal,→ stable,↓ decreasing,→ stable,99.9,✅ EXCELLENT,False,NONE,3.6,0.0,NONE
1780034885.008,82.3,90.4,32.1,1491.0,44.9,13.78,32.3,32.0,31.9,31.6,optimal,optimal,optimal,optimal,optimal,optimal,↑ increasing,→ stable,→ stable,99.9,✅ EXCELLENT,False,NONE,3.4,0.0,NONE
1780034886.01,78.9,88.7,31.7,1538.0,44.1,13.79,31.7,31.8,32.1,32.3,optimal,optimal,optimal,optimal,optimal,optimal,→ stable,→ stable,→ stable,99.9,✅ EXCELLENT,False,NONE,3.7,0.8,NONE
1780034887.011,77.1,89.2,31.8,1461.0,45.3,13.76,32.3,32.2,32.1,32.1,optimal,optimal,optimal,optimal,optimal,optimal,→ stable,→ stable,→ stable,99.9,✅ EXCELLENT,False,NONE,3.5,0.3,NONE
1780034888.411,79.7,89.4,31.9,1547.0,45.5,13.83,31.7,31.8,31.7,31.9,optimal,optimal,optimal,optimal,optimal,optimal,↓ decreasing,↓ decreasing,→ stable,99.9,✅ EXCELLENT,False,NONE,3.5,0.2,NONE
1780034889.413,81.9,89.1,31.9,1453.0,45.8,13.75,32.2,31.6,32.0,31.9,optimal,optimal,optimal,optimal,optimal,optimal,↓ decreasing,↓ decreasing,→ stable,99.9,✅ EXCELLENT,False,NONE,3.6,0.4,NONE
1780034890.414,80.2,89.0,32.0,1487.0,44.7,13.75,31.6,32.3,32.2,31.7,optimal,optimal,optimal,optimal,optimal,optimal,↓ decreasing,→ stable,→ stable,99.9,✅ EXCELLENT,False,NONE,3.4,0.5,NONE
1780034891.416,78.5,88.5,32.3,1542.0,45.7,13.85,32.2,32.1,32.4,32.3,optimal,optimal,optimal,optimal,optimal,optimal,↓ decreasing,↓ decreasing,→ stable,99.9,✅ EXCELLENT,False,NONE,3.0,1.1,NONE
1780034892.417,77.5,91.1,31.7,1488.0,45.9,13.8,32.0,31.7,32.2,32.4,optimal,optimal,optimal,optimal,optimal,optimal,↓ decreasing,↓ decreasing,→ stable,99.9,✅ EXCELLENT,False,NONE,3.7,0.0,NONE
1780034893.418,80.3,88.8,31.9,1529.0,44.2,13.83,31.9,31.9,32.3,31.8,optimal,optimal,optimal,optimal,optimal,optimal,↓ decreasing,↓ decreasing,→ stable,99.9,✅ EXCELLENT,False,NONE,3.6,0.7,NONE
1780034894.42,81.8,90.6,32.3,1480.0,44.8,13.78,32.2,31.7,32.0,32.1,optimal,optimal,optimal,optimal,optimal,optimal,↓ decreasing,↓ decreasing,→ stable,99.9,✅ EXCELLENT,False,NONE,3.2,0.0,NONE
1780034895.421,78.4,89.8,32.0,1475.0,45.8,13.81,31.8,32.2,32.3,32.2,optimal,optimal,optimal,optimal,optimal,optimal,↓ decreasing,↓ decreasing,→ stable,99.9,✅ EXCELLENT,False,NONE,3.4,0.0,NONE
1780034896.422,77.3,91.2,32.3,1534.0,45.9,13.77,31.8,32.0,32.1,32.1,optimal,optimal,optimal,optimal,optimal,optimal,↓ decreasing,→ stable,→ stable,99.9,✅ EXCELLENT,False,NONE,3.0,0.0,NONE
1780034897.424,82.9,90.4,31.9,1521.0,44.6,13.85,31.8,32.1,32.0,31.8,optimal,optimal,optimal,optimal,optimal,optimal,→ stable,→ stable,→ stable,99.9,✅ EXCELLENT,False,NONE,3.7,0.0,NONE
1780034898.671,80.7,89.0,31.7,1524.0,45.3,13.81,31.8,32.2,31.8,32.3,optimal,optimal,optimal,optimal,optimal,optimal,→ stable,→ stable,→ stable,99.9,✅ EXCELLENT,False,NONE,3.8,0.5,NONE
1780034899.673,78.2,90.7,31.9,1491.0,44.8,13.75,32.0,31.7,32.0,31.7,optimal,optimal,optimal,optimal,optimal,optimal,→ stable,→ stable,→ stable,99.9,✅ EXCELLENT,False,NONE,3.5,0.0,NONE
1780034900.675,78.8,89.0,32.3,1540.0,45.2,13.75,31.7,31.7,32.0,32.1,optimal,optimal,optimal,optimal,optimal,optimal,→ stable,→ stable,→ stable,99.9,✅ EXCELLENT,False,NONE,3.0,0.5,NONE
1780034901.676,80.9,90.1,32.3,1471.0,44.1,13.79,31.8,32.1,32.0,31.8,optimal,optimal,optimal,optimal,optimal,optimal,→ stable,→ stable,→ stable,99.9,✅ EXCELLENT,False,NONE,3.1,0.0,NONE
1780034902.678,79.5,89.8,32.0,1458.0,45.2,13.84,31.7,31.9,32.1,31.7,optimal,optimal,optimal,optimal,optimal,optimal,↑ increasing,→ stable,→ stable,99.9,✅ EXCELLENT,False,NONE,3.4,0.0,NONE
1780034903.679,80.1,89.1,32.3,1535.0,44.1,13.82,31.7,32.0,31.7,32.0,optimal,optimal,optimal,optimal,optimal,optimal,→ stable,→ stable,→ stable,99.9,✅ EXCELLENT,False,NONE,3.1,0.4,NONE
1780034904.68,82.6,91.3,32.3,1485.0,45.4,13.8,32.4,32.2,31.8,32.0,optimal,optimal,optimal,optimal,optimal,optimal,→ stable,↑ increasing,→ stable,99.9,✅ EXCELLENT,False,NONE,3.2,0.0,NONE
1780034905.681,82.5,89.5,32.1,1518.0,44.9,13.79,31.6,32.0,32.0,31.6,optimal,optimal,optimal,optimal,optimal,optimal,↑ increasing,↑ increasing,→ stable,99.9,✅ EXCELLENT,False,NONE,3.4,0.1,NONE
1780034906.682,81.8,89.3,31.8,1495.0,44.1,13.85,32.1,32.2,32.1,31.7,optimal,optimal,optimal,optimal,optimal,optimal,↑ increasing,→ stable,→ stable,99.9,✅ EXCELLENT,False,NONE,3.7,0.2,NONE
1780034907.683,78.2,88.8,32.3,1451.0,45.3,13.83,32.3,32.2,32.1,32.0,optimal,optimal,optimal,optimal,optimal,optimal,→ stable,→ stable,→ stable,99.9,✅ EXCELLENT,False,NONE,3.0,0.7,NONE
1780034908.979,83.0,90.9,31.9,1534.0,44.4,13.76,31.8,32.3,32.4,31.8,optimal,optimal,optimal,optimal,optimal,optimal,↑ increasing,→ stable,→ stable,99.9,✅ EXCELLENT,False,NONE,3.7,0.0,NONE
1780034909.981,79.4,90.7,32.2,1538.0,44.2,13.8,32.2,32.4,32.2,32.2,optimal,optimal,optimal,optimal,optimal,optimal,↑ increasing,→ stable,→ stable,99.9,✅ EXCELLENT,False,NONE,3.2,0.0,NONE
1780034910.982,80.2,90.6,32.3,1533.0,44.3,13.8,31.9,32.0,32.3,31.6,optimal,optimal,optimal,optimal,optimal,optimal,↑ increasing,→ stable,→ stable,99.9,✅ EXCELLENT,False,NONE,3.1,0.0,NONE
1780034911.984,81.5,91.2,32.1,1474.0,44.1,13.77,31.6,32.3,32.3,31.6,optimal,optimal,optimal,optimal,optimal,optimal,↑ increasing,→ stable,→ stable,99.9,✅ EXCELLENT,False,NONE,3.4,0.0,NONE
1780034912.985,79.4,90.2,31.7,1500.0,45.4,13.82,32.0,31.7,32.0,31.9,optimal,optimal,optimal,optimal,optimal,optimal,↑ increasing,→ stable,→ stable,99.9,✅ EXCELLENT,False,NONE,3.7,0.0,NONE
1780034913.987,77.5,90.8,31.9,1526.0,44.4,13.83,31.9,31.7,32.0,31.7,optimal,optimal,optimal,optimal,optimal,optimal,↑ increasing,→ stable,→ stable,99.9,✅ EXCELLENT,False,NONE,3.4,0.0,NONE
1780034914.989,82.2,90.6,32.3,1538.0,45.1,13.85,31.8,32.4,31.8,32.0,optimal,optimal,optimal,optimal,optimal,optimal,↑ increasing,→ stable,→ stable,99.9,✅ EXCELLENT,False,NONE,3.2,0.0,NONE
1780034915.99,82.3,91.2,32.0,1462.0,44.6,13.81,31.7,31.9,32.0,32.2,optimal,optimal,optimal,optimal,optimal,optimal,→ stable,→ stable,→ stable,99.9,✅ EXCELLENT,False,NONE,3.5,0.0,NONE
1780034916.991,82.6,89.4,32.0,1477.0,45.5,13.81,32.2,32.0,31.7,32.3,optimal,optimal,optimal,optimal,optimal,optimal,→ stable,↑ increasing,→ stable,99.9,✅ EXCELLENT,False,NONE,3.5,0.2,NONE
1780034917.992,78.8,89.0,32.2,1483.0,45.4,13.85,32.1,32.1,32.3,32.0,optimal,optimal,optimal,optimal,optimal,optimal,→ stable,↑ increasing,→ stable,99.9,✅ EXCELLENT,False,NONE,3.2,0.5,NONE
1780034919.427,77.7,91.3,31.9,1548.0,44.4,13.81,31.7,31.7,32.1,32.0,optimal,optimal,optimal,optimal,optimal,optimal,→ stable,↑ increasing,→ stable,99.9,✅ EXCELLENT,False,NONE,3.4,0.0,NONE
1780034920.429,77.2,90.7,31.7,1504.0,45.4,13.85,31.9,31.7,32.0,32.3,optimal,optimal,optimal,optimal,optimal,optimal,↓ decreasing,↑ increasing,→ stable,99.9,✅ EXCELLENT,False,NONE,3.6,0.0,NONE
1780034921.43,81.4,89.5,31.8,1466.0,45.9,13.79,32.3,32.2,31.9,32.1,optimal,optimal,optimal,optimal,optimal,optimal,↓ decreasing,→ stable,→ stable,99.9,✅ EXCELLENT,False,NONE,3.7,0.1,NONE
1780034922.431,77.6,90.7,31.9,1503.0,46.0,13.77,31.7,32.0,31.9,31.8,optimal,optimal,optimal,optimal,optimal,optimal,↓ decreasing,→ stable,→ stable,99.9,✅ EXCELLENT,False,NONE,3.4,0.0,NONE
1780034923.432,80.5,90.3,32.3,1477.0,45.9,13.77,31.8,31.9,31.9,31.9,optimal,optimal,optimal,optimal,optimal,optimal,↓ decreasing,→ stable,→ stable,99.9,✅ EXCELLENT,False,NONE,3.1,0.0,NONE
1780034924.432,82.5,88.5,32.2,1469.0,44.2,13.8,31.7,32.3,32.0,31.8,optimal,optimal,optimal,optimal,optimal,optimal,→ stable,→ stable,→ stable,99.9,✅ EXCELLENT,False,NONE,3.3,1.1,NONE
1780034925.434,77.9,90.8,31.9,1488.0,45.1,13.83,32.3,31.9,32.4,32.3,optimal,optimal,optimal,optimal,optimal,optimal,↓ decreasing,→ stable,→ stable,99.9,✅ EXCELLENT,False,NONE,3.4,0.0,NONE
1780034926.435,79.0,91.5,32.1,1525.0,45.8,13.81,31.7,31.6,32.4,32.0,optimal,optimal,optimal,optimal,optimal,optimal,↓ decreasing,→ stable,→ stable,99.9,✅ EXCELLENT,False,NONE,3.3,0.0,NONE
1780034927.436,81.6,89.2,32.3,1466.0,44.8,13.78,32.2,32.1,31.8,31.9,optimal,optimal,optimal,optimal,optimal,optimal,↓ decreasing,→ stable,→ stable,99.9,✅ EXCELLENT,False,NONE,3.1,0.3,NONE
1780034928.438,78.6,88.6,32.3,1489.0,45.9,13.8,32.3,32.3,32.2,32.2,optimal,optimal,optimal,optimal,optimal,optimal,↓ decreasing,→ stable,→ stable,99.9,✅ EXCELLENT,False,NONE,3.0,1.0,NONE
1780034929.752,80.0,90.0,31.8,1456.0,45.9,13.81,31.6,32.4,31.9,32.1,optimal,optimal,optimal,optimal,optimal,optimal,↓ decreasing,↓ decreasing,→ stable,99.9,✅ EXCELLENT,False,NONE,3.7,0.0,NONE
1780034930.754,77.6,89.3,32.1,1464.0,46.0,13.84,31.7,32.3,31.9,31.8,optimal,optimal,optimal,optimal,optimal,optimal,→ stable,↓ decreasing,→ stable,99.9,✅ EXCELLENT,False,NONE,3.2,0.2,NONE
1780034931.755,82.0,89.9,31.8,1474.0,45.9,13.78,32.1,32.0,31.8,32.4,optimal,optimal,optimal,optimal,optimal,optimal,→ stable,↓ decreasing,→ stable,99.9,✅ EXCELLENT,False,NONE,3.7,0.0,NONE
1780034932.756,82.2,91.1,31.8,1477.0,45.9,13.84,32.3,31.8,32.3,31.9,optimal,optimal,optimal,optimal,optimal,optimal,↑ increasing,→ stable,→ stable,99.9,✅ EXCELLENT,False,NONE,3.8,0.0,NONE
1780034933.757,77.3,91.4,32.2,1505.0,46.0,13.81,32.3,32.0,32.0,32.3,optimal,optimal,optimal,optimal,optimal,optimal,→ stable,→ stable,→ stable,99.9,✅ EXCELLENT,False,NONE,3.1,0.0,NONE
1780034934.759,81.3,89.4,32.4,1522.0,44.7,13.81,31.8,31.7,32.2,32.0,optimal,optimal,optimal,optimal,optimal,optimal,↓ decreasing,→ stable,→ stable,99.9,✅ EXCELLENT,False,NONE,3.0,0.2,NONE
1780034935.761,80.7,88.7,31.7,1469.0,45.2,13.76,32.3,32.4,32.1,32.2,optimal,optimal,optimal,optimal,optimal,optimal,→ stable,→ stable,→ stable,99.9,✅ EXCELLENT,False,NONE,3.8,0.8,NONE
1780034936.763,77.5,90.5,32.0,1480.0,46.0,13.85,31.9,32.0,31.9,31.8,optimal,optimal,optimal,optimal,optimal,optimal,→ stable,→ stable,→ stable,99.9,✅ EXCELLENT,False,NONE,3.3,0.0,NONE
1780034937.764,81.8,88.9,31.8,1532.0,44.7,13.78,31.6,32.3,31.9,32.0,optimal,optimal,optimal,optimal,optimal,optimal,→ stable,→ stable,→ stable,99.9,✅ EXCELLENT,False,NONE,3.7,0.6,NONE
1780034938.765,77.7,91.4,32.1,1464.0,45.4,13.77,31.9,32.2,32.1,31.9,optimal,optimal,optimal,optimal,optimal,optimal,→ stable,→ stable,→ stable,99.9,✅ EXCELLENT,False,NONE,3.2,0.0,NONE
1780034940.327,79.0,88.8,31.9,1547.0,45.4,13.83,31.9,31.6,31.7,31.9,optimal,optimal,optimal,optimal,optimal,optimal,→ stable,→ stable,→ stable,99.9,✅ EXCELLENT,False,NONE,3.5,0.7,NONE
1780034941.329,79.7,91.4,31.6,1524.0,46.0,13.79,32.2,31.6,32.2,32.2,optimal,optimal,optimal,optimal,optimal,optimal,→ stable,→ stable,→ stable,99.9,✅ EXCELLENT,False,NONE,3.9,0.0,NONE
1780034942.331,80.1,89.6,31.6,1518.0,45.8,13.79,32.1,31.9,31.9,31.6,optimal,optimal,optimal,optimal,optimal,optimal,→ stable,→ stable,→ stable,99.9,✅ EXCELLENT,False,NONE,3.9,0.1,NONE
1780034943.333,81.6,90.6,32.2,1464.0,44.0,13.75,32.3,31.9,31.9,32.2,optimal,optimal,optimal,optimal,optimal,optimal,↓ decreasing,→ stable,→ stable,99.9,✅ EXCELLENT,False,NONE,3.3,0.0,NONE
1780034944.334,77.9,89.5,32.4,1539.0,45.5,13.81,31.7,31.8,32.0,31.8,optimal,optimal,optimal,optimal,optimal,optimal,→ stable,→ stable,→ stable,99.9,✅ EXCELLENT,False,NONE,2.9,0.1,NONE
1780034945.336,80.4,91.2,31.9,1461.0,45.9,13.82,32.3,31.8,32.4,32.3,optimal,optimal,optimal,optimal,optimal,optimal,→ stable,→ stable,→ stable,99.9,✅ EXCELLENT,False,NONE,3.6,0.0,NONE
1780034946.336,81.6,90.9,32.3,1509.0,44.9,13.81,32.2,31.7,32.4,32.2,optimal,optimal,optimal,optimal,optimal,optimal,→ stable,→ stable,→ stable,99.9,✅ EXCELLENT,False,NONE,3.1,0.0,NONE
1780034947.338,80.0,89.5,32.3,1497.0,45.5,13.81,32.3,32.1,31.8,32.3,optimal,optimal,optimal,optimal,optimal,optimal,→ stable,→ stable,→ stable,99.9,✅ EXCELLENT,False,NONE,3.1,0.1,NONE
1780034948.341,81.5,89.5,32.1,1547.0,44.7,13.75,32.2,32.3,31.9,32.1,optimal,optimal,optimal,optimal,optimal,optimal,→ stable,→ stable,→ stable,99.9,✅ EXCELLENT,False,NONE,3.4,0.1,NONE
1780034949.344,82.6,90.6,32.0,1531.0,45.0,13.84,31.8,32.0,31.9,32.1,optimal,optimal,optimal,optimal,optimal,optimal,↑ increasing,→ stable,→ stable,99.9,✅ EXCELLENT,False,NONE,3.5,0.0,NONE
1780034961.074,77.2,90.1,32.2,1452.0,45.4,13.82,32.4,32.2,32.4,31.9,optimal,optimal,optimal,optimal,optimal,optimal,↑ increasing,→ stable,→ stable,99.9,✅ EXCELLENT,False,NONE,3.1,0.0,NONE
1780034962.076,79.6,88.8,32.0,1507.0,44.0,13.76,32.2,31.7,32.0,32.1,optimal,optimal,optimal,optimal,optimal,optimal,→ stable,→ stable,→ stable,99.9,✅ EXCELLENT,False,NONE,3.4,0.7,NONE
1780034963.078,78.5,90.5,32.0,1511.0,44.5,13.76,32.2,32.1,32.3,31.8,optimal,optimal,optimal,optimal,optimal,optimal,→ stable,→ stable,→ stable,99.9,✅ EXCELLENT,False,NONE,3.4,0.0,NONE
1780034964.08,82.5,91.3,31.6,1480.0,45.6,13.75,31.7,32.1,32.0,31.6,optimal,optimal,optimal,optimal,optimal,optimal,↑ increasing,→ stable,→ stable,99.9,✅ EXCELLENT,False,NONE,4.0,0.0,NONE
1780034965.081,79.8,90.1,31.7,1471.0,44.3,13.8,31.8,32.3,32.3,32.1,optimal,optimal,optimal,optimal,optimal,optimal,↑ increasing,→ stable,→ stable,99.9,✅ EXCELLENT,False,NONE,3.8,0.0,NONE
1780034966.082,79.9,90.3,32.3,1520.0,45.6,13.77,31.7,31.6,32.4,32.2,optimal,optimal,optimal,optimal,optimal,optimal,↑ increasing,→ stable,→ stable,99.9,✅ EXCELLENT,False,NONE,3.1,0.0,NONE
1780034967.083,79.3,90.9,32.2,1500.0,45.5,13.82,32.0,32.3,32.4,31.6,optimal,optimal,optimal,optimal,optimal,optimal,→ stable,→ stable,→ stable,99.9,✅ EXCELLENT,False,NONE,3.2,0.0,NONE
1780034968.083,81.1,90.2,32.3,1522.0,45.2,13.81,31.9,31.7,31.7,31.7,optimal,optimal,optimal,optimal,optimal,optimal,→ stable,→ stable,→ stable,99.9,✅ EXCELLENT,False,NONE,3.1,0.0,NONE
1780034969.086,79.1,89.8,32.1,1543.0,45.3,13.77,31.9,32.0,32.3,31.7,optimal,optimal,optimal,optimal,optimal,optimal,→ stable,→ stable,→ stable,99.9,✅ EXCELLENT,False,NONE,3.3,0.0,NONE
1780034970.087,81.9,90.3,32.2,1493.0,44.1,13.78,32.1,32.1,32.4,31.6,optimal,optimal,optimal,optimal,optimal,optimal,↓ decreasing,→ stable,→ stable,99.9,✅ EXCELLENT,False,NONE,3.3,0.0,NONE
1780034971.418,77.2,90.4,32.4,1519.0,45.7,13.77,32.2,32.1,31.8,31.9,optimal,optimal,optimal,optimal,optimal,optimal,→ stable,→ stable,→ stable,99.9,✅ EXCELLENT,False,NONE,2.9,0.0,NONE
1780034972.419,82.9,89.8,31.7,1469.0,45.8,13.83,32.4,31.8,31.8,31.6,optimal,optimal,optimal,optimal,optimal,optimal,→ stable,→ stable,→ stable,99.9,✅ EXCELLENT,False,NONE,3.9,0.0,NONE
1780034973.42,82.1,88.9,31.7,1534.0,44.4,13.82,31.6,32.3,31.9,32.0,optimal,optimal,optimal,optimal,optimal,optimal,→ stable,→ stable,→ stable,99.9,✅ EXCELLENT,False,NONE,3.9,0.6,NONE
1780034974.42,79.3,89.8,31.8,1508.0,44.7,13.82,31.9,31.7,31.9,31.6,optimal,optimal,optimal,optimal,optimal,optimal,→ stable,→ stable,→ stable,99.9,✅ EXCELLENT,False,NONE,3.6,0.0,NONE
1780034975.421,81.9,90.0,31.7,1470.0,44.3,13.84,32.3,32.4,31.6,31.7,optimal,optimal,optimal,optimal,optimal,optimal,→ stable,→ stable,→ stable,99.9,✅ EXCELLENT,False,NONE,3.9,0.0,NONE
1780034976.422,81.4,90.5,31.6,1539.0,45.9,13.78,32.0,32.0,32.3,31.7,optimal,optimal,optimal,optimal,optimal,optimal,→ stable,→ stable,→ stable,99.9,✅ EXCELLENT,False,NONE,4.0,0.0,NONE
1780034977.424,79.0,91.4,31.6,1511.0,44.7,13.79,31.6,31.8,31.8,31.6,optimal,optimal,optimal,optimal,optimal,optimal,→ stable,→ stable,→ stable,99.9,✅ EXCELLENT,False,NONE,3.8,0.0,NONE
1780034978.426,82.8,90.6,32.3,1542.0,45.3,13.8,32.2,32.4,31.6,31.8,optimal,optimal,optimal,optimal,optimal,optimal,↑ increasing,→ stable,→ stable,99.9,✅ EXCELLENT,False,NONE,3.2,0.0,NONE
1780034979.427,79.6,90.6,32.0,1518.0,44.8,13.8,32.0,31.8,31.8,32.3,optimal,optimal,optimal,optimal,optimal,optimal,↑ increasing,→ stable,→ stable,99.9,✅ EXCELLENT,False,NONE,3.4,0.0,NONE
1780034980.428,80.6,90.3,32.0,1481.0,44.7,13.76,31.9,31.7,31.7,31.7,optimal,optimal,optimal,optimal,optimal,optimal,↑ increasing,→ stable,→ stable,99.9,✅ EXCELLENT,False,NONE,3.5,0.0,NONE
1780034981.841,81.4,91.2,32.3,1547.0,44.9,13.83,31.7,32.2,31.7,31.7,optimal,optimal,optimal,optimal,optimal,optimal,↑ increasing,→ stable,→ stable,99.9,✅ EXCELLENT,False,NONE,3.1,0.0,NONE
1780034982.842,82.0,90.2,31.6,1514.0,44.4,13.83,32.3,31.6,32.2,32.1,optimal,optimal,optimal,optimal,optimal,optimal,↑ increasing,→ stable,→ stable,99.9,✅ EXCELLENT,False,NONE,4.0,0.0,NONE
1780034983.844,80.1,91.3,32.2,1505.0,45.3,13.83,32.3,32.3,32.0,32.1,optimal,optimal,optimal,optimal,optimal,optimal,→ stable,→ stable,→ stable,99.9,✅ EXCELLENT,False,NONE,3.2,0.0,NONE
1780034984.844,81.0,89.0,32.3,1502.0,45.7,13.79,32.3,32.3,31.9,31.9,optimal,optimal,optimal,optimal,optimal,optimal,↑ increasing,→ stable,→ stable,99.9,✅ EXCELLENT,False,NONE,3.1,0.5,NONE
1780034985.847,82.2,89.3,32.4,1528.0,44.7,13.81,31.7,32.3,32.2,31.8,optimal,optimal,optimal,optimal,optimal,optimal,↑ increasing,→ stable,→ stable,99.9,✅ EXCELLENT,False,NONE,3.1,0.2,NONE
1780034986.848,79.1,89.3,31.7,1481.0,45.0,13.75,32.1,32.2,31.9,32.3,optimal,optimal,optimal,optimal,optimal,optimal,→ stable,→ stable,→ stable,99.9,✅ EXCELLENT,False,NONE,3.7,0.2,NONE
1780034987.849,81.6,91.2,31.8,1548.0,44.8,13.78,32.0,32.1,31.7,32.0,optimal,optimal,optimal,optimal,optimal,optimal,→ stable,→ stable,→ stable,99.9,✅ EXCELLENT,False,NONE,3.7,0.0,NONE
1780034988.85,78.7,91.3,32.1,1477.0,44.2,13.8,32.0,32.3,31.8,32.1,optimal,optimal,optimal,optimal,optimal,optimal,→ stable,→ stable,→ stable,99.9,✅ EXCELLENT,False,NONE,3.3,0.0,NONE
1780034989.851,78.5,89.3,32.3,1451.0,45.5,13.84,31.7,31.7,31.7,31.9,optimal,optimal,optimal,optimal,optimal,optimal,→ stable,→ stable,→ stable,99.9,✅ EXCELLENT,False,NONE,3.0,0.2,NONE
1780034990.853,82.4,89.6,31.6,1457.0,45.1,13.78,31.7,32.1,31.7,32.1,optimal,optimal,optimal,optimal,optimal,optimal,→ stable,→ stable,→ stable,99.9,✅ EXCELLENT,False,NONE,4.0,0.1,NONE
1780034992.185,79.5,88.8,32.1,1500.0,44.0,13.78,31.7,31.7,31.6,31.7,optimal,optimal,optimal,optimal,optimal,optimal,↓ decreasing,→ stable,→ stable,99.9,✅ EXCELLENT,False,NONE,3.3,0.7,NONE
1780034993.187,77.7,88.9,32.1,1549.0,44.3,13.8,32.0,31.8,31.7,31.8,optimal,optimal,optimal,optimal,optimal,optimal,↓ decreasing,↓ decreasing,→ stable,99.9,✅ EXCELLENT,False,NONE,3.2,0.6,NONE
1780034994.188,81.0,88.8,31.7,1500.0,45.7,13.8,31.9,32.1,31.9,32.4,optimal,optimal,optimal,optimal,optimal,optimal,↓ decreasing,↓ decreasing,→ stable,99.9,✅ EXCELLENT,False,NONE,3.8,0.7,NONE
1780034995.189,81.9,90.4,32.4,1466.0,45.0,13.76,31.7,31.7,32.1,32.2,optimal,optimal,optimal,optimal,optimal,optimal,↓ decreasing,↓ decreasing,→ stable,99.9,✅ EXCELLENT,False,NONE,3.0,0.0,NONE
1780034996.191,81.8,89.5,32.1,1513.0,45.5,13.81,31.6,32.3,31.9,32.3,optimal,optimal,optimal,optimal,optimal,optimal,↓ decreasing,↓ decreasing,→ stable,99.9,✅ EXCELLENT,False,NONE,3.4,0.1,NONE
1780034997.193,78.3,89.9,32.0,1500.0,44.0,13.75,32.0,31.8,31.9,31.8,optimal,optimal,optimal,optimal,optimal,optimal,↓ decreasing,↓ decreasing,→ stable,99.9,✅ EXCELLENT,False,NONE,3.4,0.0,NONE
1780034998.195,80.3,90.0,31.9,1536.0,44.5,13.8,31.8,31.7,31.8,32.4,optimal,optimal,optimal,optimal,optimal,optimal,↓ decreasing,↓ decreasing,→ stable,99.9,✅ EXCELLENT,False,NONE,3.6,0.0,NONE
1780034999.196,82.1,88.7,31.6,1490.0,44.5,13.77,32.0,31.9,32.1,31.8,optimal,optimal,optimal,optimal,optimal,optimal,→ stable,↓ decreasing,→ stable,99.9,✅ EXCELLENT,False,NONE,4.0,0.8,NONE
1780035000.198,77.6,89.1,31.7,1459.0,44.9,13.81,32.0,32.3,31.9,32.3,optimal,optimal,optimal,optimal,optimal,optimal,→ stable,↓ decreasing,→ stable,99.9,✅ EXCELLENT,False,NONE,3.7,0.4,NONE
1780035001.2,82.0,89.7,32.1,1533.0,44.5,13.8,32.1,31.8,32.3,32.1,optimal,optimal,optimal,optimal,optimal,optimal,→ stable,↓ decreasing,→ stable,99.9,✅ EXCELLENT,False,NONE,3.4,0.0,NONE
1780035002.63,80.4,91.2,32.1,1485.0,45.2,13.79,31.8,31.7,31.6,32.2,optimal,optimal,optimal,optimal,optimal,optimal,→ stable,→ stable,→ stable,99.9,✅ EXCELLENT,False,NONE,3.3,0.0,NONE
1780035003.631,78.5,88.8,31.9,1463.0,44.7,13.81,31.7,31.7,31.8,32.1,optimal,optimal,optimal,optimal,optimal,optimal,→ stable,→ stable,→ stable,99.9,✅ EXCELLENT,False,NONE,3.5,0.7,NONE
1780035004.633,80.0,90.6,31.8,1523.0,44.1,13.78,31.6,32.3,31.6,32.3,optimal,optimal,optimal,optimal,optimal,optimal,→ stable,→ stable,→ stable,99.9,✅ EXCELLENT,False,NONE,3.7,0.0,NONE
1780035005.634,82.7,90.4,32.0,1482.0,44.5,13.83,31.9,31.6,32.2,32.2,optimal,optimal,optimal,optimal,optimal,optimal,→ stable,→ stable,→ stable,99.9,✅ EXCELLENT,False,NONE,3.5,0.0,NONE
1780035006.636,82.8,88.9,32.4,1491.0,45.7,13.84,31.7,32.2,31.9,32.4,optimal,optimal,optimal,optimal,optimal,optimal,→ stable,→ stable,→ stable,99.9,✅ EXCELLENT,False,NONE,3.1,0.6,NONE
1780035007.638,78.3,89.1,32.1,1461.0,44.9,13.82,32.3,31.8,31.8,31.8,optimal,optimal,optimal,optimal,optimal,optimal,→ stable,→ stable,→ stable,99.9,✅ EXCELLENT,False,NONE,3.2,0.4,NONE
1780035008.64,79.3,89.2,32.3,1545.0,45.4,13.76,32.0,32.0,32.2,31.9,optimal,optimal,optimal,optimal,optimal,optimal,→ stable,→ stable,→ stable,99.9,✅ EXCELLENT,False,NONE,3.1,0.3,NONE
1780035009.641,81.8,89.5,32.3,1511.0,44.4,13.8,31.7,31.9,32.3,31.7,optimal,optimal,optimal,optimal,optimal,optimal,→ stable,→ stable,→ stable,99.9,✅ EXCELLENT,False,NONE,3.2,0.1,NONE
1780035010.643,77.1,90.4,32.3,1520.0,45.9,13.8,31.7,31.7,32.1,31.8,optimal,optimal,optimal,optimal,optimal,optimal,→ stable,→ stable,→ stable,99.9,✅ EXCELLENT,False,NONE,3.0,0.0,NONE
1780035011.645,79.4,89.1,31.9,1538.0,45.1,13.8,32.1,32.3,31.8,32.2,optimal,optimal,optimal,optimal,optimal,optimal,→ stable,→ stable,→ stable,99.9,✅ EXCELLENT,False,NONE,3.5,0.4,NONE
1780035013.513,78.0,91.1,31.6,1530.0,44.4,13.79,31.8,32.4,32.3,31.8,optimal,optimal,optimal,optimal,optimal,optimal,↓ decreasing,→ stable,→ stable,99.9,✅ EXCELLENT,False,NONE,3.8,0.0,NONE
1780035014.514,80.3,88.7,32.0,1516.0,44.4,13.83,31.8,31.7,32.2,31.8,optimal,optimal,optimal,optimal,optimal,optimal,→ stable,→ stable,→ stable,99.9,✅ EXCELLENT,False,NONE,3.4,0.8,NONE
1780035015.515,78.2,90.4,31.8,1464.0,44.5,13.82,31.9,32.3,32.1,32.3,optimal,optimal,optimal,optimal,optimal,optimal,→ stable,→ stable,→ stable,99.9,✅ EXCELLENT,False,NONE,3.6,0.0,NONE
1780035016.516,77.0,90.8,32.0,1474.0,44.8,13.79,31.7,32.3,31.8,31.8,optimal,optimal,optimal,optimal,optimal,optimal,↓ decreasing,→ stable,→ stable,99.9,✅ EXCELLENT,False,NONE,3.3,0.0,NONE
1780035017.518,82.2,91.2,32.1,1520.0,45.4,13.79,32.2,32.1,31.6,32.2,optimal,optimal,optimal,optimal,optimal,optimal,↓ decreasing,→ stable,→ stable,99.9,✅ EXCELLENT,False,NONE,3.4,0.0,NONE
1780035018.519,80.6,90.5,32.1,1521.0,44.0,13.79,32.0,31.6,32.2,31.7,optimal,optimal,optimal,optimal,optimal,optimal,↓ decreasing,→ stable,→ stable,99.9,✅ EXCELLENT,False,NONE,3.3,0.0,NONE
1780035019.521,83.0,88.9,32.3,1486.0,45.0,13.77,31.9,32.3,31.7,32.3,optimal,optimal,optimal,optimal,optimal,optimal,↓ decreasing,→ stable,→ stable,99.9,✅ EXCELLENT,False,NONE,3.2,0.6,NONE
1780035020.522,79.6,89.2,32.1,1536.0,45.8,13.78,31.9,31.8,32.3,32.3,optimal,optimal,optimal,optimal,optimal,optimal,↓ decreasing,→ stable,→ stable,99.9,✅ EXCELLENT,False,NONE,3.3,0.3,NONE
1780035021.523,79.3,89.3,32.3,1543.0,45.1,13.77,32.3,32.3,32.0,31.8,optimal,optimal,optimal,optimal,optimal,optimal,↓ decreasing,→ stable,→ stable,99.9,✅ EXCELLENT,False,NONE,3.1,0.2,NONE
1780035022.525,79.0,89.6,32.0,1454.0,44.9,13.81,31.7,31.8,32.1,31.9,optimal,optimal,optimal,optimal,optimal,optimal,→ stable,→ stable,→ stable,99.9,✅ EXCELLENT,False,NONE,3.4,0.1,NONE
1780035023.929,82.6,91.1,32.2,1513.0,45.6,13.77,32.2,32.2,31.6,32.2,optimal,optimal,optimal,optimal,optimal,optimal,→ stable,→ stable,→ stable,99.9,✅ EXCELLENT,False,NONE,3.3,0.0,NONE
1780035024.931,80.9,90.4,32.3,1472.0,44.6,13.77,32.3,31.7,32.0,31.8,optimal,optimal,optimal,optimal,optimal,optimal,→ stable,→ stable,→ stable,99.9,✅ EXCELLENT,False,NONE,3.1,0.0,NONE
1780035025.931,77.1,89.0,32.3,1536.0,46.0,13.85,31.8,31.7,32.3,31.8,optimal,optimal,optimal,optimal,optimal,optimal,→ stable,→ stable,→ stable,99.9,✅ EXCELLENT,False,NONE,3.0,0.5,NONE
1780035026.933,82.1,90.3,32.3,1468.0,45.5,13.81,31.8,31.6,32.1,31.7,optimal,optimal,optimal,optimal,optimal,optimal,↑ increasing,→ stable,→ stable,99.9,✅ EXCELLENT,False,NONE,3.2,0.0,NONE
1780035027.934,77.1,90.9,32.2,1494.0,44.3,13.83,31.9,31.7,31.8,32.0,optimal,optimal,optimal,optimal,optimal,optimal,↑ increasing,→ stable,→ stable,99.9,✅ EXCELLENT,False,NONE,3.1,0.0,NONE
1780035028.936,80.8,88.9,31.7,1537.0,45.1,13.81,32.3,32.0,31.8,31.6,optimal,optimal,optimal,optimal,optimal,optimal,↑ increasing,→ stable,→ stable,99.9,✅ EXCELLENT,False,NONE,3.8,0.6,NONE
1780035029.938,79.6,88.5,31.8,1519.0,45.5,13.78,32.2,31.8,31.9,32.2,optimal,optimal,optimal,optimal,optimal,optimal,→ stable,→ stable,→ stable,99.9,✅ EXCELLENT,False,NONE,3.6,1.1,NONE
1780035030.94,81.0,89.8,32.2,1510.0,44.4,13.79,32.1,32.4,31.7,31.8,optimal,optimal,optimal,optimal,optimal,optimal,→ stable,→ stable,→ stable,99.9,✅ EXCELLENT,False,NONE,3.2,0.0,NONE
1780035031.941,81.5,89.6,32.0,1510.0,44.6,13.8,32.3,31.7,31.7,31.8,optimal,optimal,optimal,optimal,optimal,optimal,→ stable,→ stable,→ stable,99.9,✅ EXCELLENT,False,NONE,3.5,0.1,NONE
1780035032.943,79.0,89.4,32.1,1481.0,44.8,13.79,32.0,32.2,31.7,32.0,optimal,optimal,optimal,optimal,optimal,optimal,→ stable,→ stable,→ stable,99.9,✅ EXCELLENT,False,NONE,3.3,0.2,NONE
1780035034.477,77.7,90.7,31.9,1487.0,44.1,13.81,32.2,31.8,31.8,31.7,optimal,optimal,optimal,optimal,optimal,optimal,→ stable,→ stable,→ stable,99.9,✅ EXCELLENT,False,NONE,3.4,0.0,NONE
1780035035.479,77.4,88.7,32.1,1485.0,45.8,13.82,31.8,31.8,32.3,31.8,optimal,optimal,optimal,optimal,optimal,optimal,↓ decreasing,↓ decreasing,→ stable,99.9,✅ EXCELLENT,False,NONE,3.2,0.8,NONE
1780035036.48,79.8,89.3,31.6,1457.0,45.7,13.77,31.8,31.6,31.8,32.1,optimal,optimal,optimal,optimal,optimal,optimal,↓ decreasing,→ stable,→ stable,99.9,✅ EXCELLENT,False,NONE,3.9,0.2,NONE
1780035037.482,77.3,89.6,31.9,1497.0,44.4,13.77,32.4,32.4,31.7,32.2,optimal,optimal,optimal,optimal,optimal,optimal,↓ decreasing,→ stable,→ stable,99.9,✅ EXCELLENT,False,NONE,3.4,0.1,NONE
1780035038.483,77.8,89.2,32.1,1458.0,45.7,13.84,31.9,31.9,31.7,32.0,optimal,optimal,optimal,optimal,optimal,optimal,↓ decreasing,↓ decreasing,→ stable,99.9,✅ EXCELLENT,False,NONE,3.2,0.3,NONE
1780035039.484,79.7,91.0,31.6,1542.0,45.6,13.83,32.3,31.9,32.0,32.1,optimal,optimal,optimal,optimal,optimal,optimal,↓ decreasing,→ stable,→ stable,99.9,✅ EXCELLENT,False,NONE,3.9,0.0,NONE
1780035040.485,82.6,90.6,32.1,1473.0,44.6,13.8,32.3,32.3,32.4,31.8,optimal,optimal,optimal,optimal,optimal,optimal,→ stable,→ stable,→ stable,99.9,✅ EXCELLENT,False,NONE,3.4,0.0,NONE
1780035041.486,79.0,90.5,31.9,1545.0,45.3,13.77,32.4,32.3,32.4,31.9,optimal,optimal,optimal,optimal,optimal,optimal,↓ decreasing,→ stable,→ stable,99.9,✅ EXCELLENT,False,NONE,3.5,0.0,NONE
1780035042.487,81.3,91.0,32.0,1539.0,45.0,13.81,32.2,31.8,32.0,32.2,optimal,optimal,optimal,optimal,optimal,optimal,↓ decreasing,→ stable,→ stable,99.9,✅ EXCELLENT,False,NONE,3.5,0.0,NONE
1780035043.488,81.9,91.1,31.7,1459.0,45.7,13.78,31.6,31.9,32.3,32.0,optimal,optimal,optimal,optimal,optimal,optimal,↓ decreasing,→ stable,→ stable,99.9,✅ EXCELLENT,False,NONE,3.9,0.0,NONE
1780035045.141,81.2,90.3,32.2,1480.0,45.0,13.82,31.7,31.9,31.7,32.0,optimal,optimal,optimal,optimal,optimal,optimal,→ stable,→ stable,→ stable,99.9,✅ EXCELLENT,False,NONE,3.2,0.0,NONE
1780035046.142,80.4,91.4,32.1,1489.0,44.9,13.76,31.8,32.3,32.1,32.2,optimal,optimal,optimal,optimal,optimal,optimal,↑ increasing,↑ increasing,→ stable,99.9,✅ EXCELLENT,False,NONE,3.3,0.0,NONE
1780035047.144,79.1,89.4,31.6,1542.0,45.6,13.81,32.4,31.9,32.2,32.1,optimal,optimal,optimal,optimal,optimal,optimal,→ stable,↑ increasing,→ stable,99.9,✅ EXCELLENT,False,NONE,3.8,0.2,NONE
1780035048.145,78.8,90.9,31.7,1484.0,44.3,13.84,32.1,31.8,32.2,31.7,optimal,optimal,optimal,optimal,optimal,optimal,↑ increasing,↑ increasing,→ stable,99.9,✅ EXCELLENT,False,NONE,3.7,0.0,NONE
1780035049.145,78.9,89.6,31.8,1535.0,45.5,13.77,31.7,31.7,32.3,32.0,optimal,optimal,optimal,optimal,optimal,optimal,↑ increasing,↑ increasing,→ stable,99.9,✅ EXCELLENT,False,NONE,3.6,0.1,NONE
1780035050.146,80.0,89.2,31.8,1475.0,44.1,13.81,32.3,32.1,32.3,32.3,optimal,optimal,optimal,optimal,optimal,optimal,↑ increasing,↑ increasing,→ stable,99.9,✅ EXCELLENT,False,NONE,3.7,0.3,NONE
1780035051.149,80.9,89.3,31.7,1472.0,44.9,13.8,31.8,31.9,31.7,32.0,optimal,optimal,optimal,optimal,optimal,optimal,↑ increasing,→ stable,→ stable,99.9,✅ EXCELLENT,False,NONE,3.8,0.2,NONE
1780035052.15,79.5,91.5,32.2,1462.0,45.7,13.84,32.0,32.0,31.8,32.0,optimal,optimal,optimal,optimal,optimal,optimal,↑ increasing,↑ increasing,→ stable,99.9,✅ EXCELLENT,False,NONE,3.2,0.0,NONE
1780035053.153,80.0,91.3,32.0,1472.0,44.8,13.75,32.3,32.0,32.0,31.9,optimal,optimal,optimal,optimal,optimal,optimal,↑ increasing,→ stable,→ stable,99.9,✅ EXCELLENT,False,NONE,3.4,0.0,NONE
1780035054.154,79.1,90.5,31.9,1507.0,45.8,13.79,32.2,32.2,31.8,32.3,optimal,optimal,optimal,optimal,optimal,optimal,→ stable,→ stable,→ stable,99.9,✅ EXCELLENT,False,NONE,3.5,0.0,NONE
1780035055.47,78.4,89.0,31.6,1514.0,45.5,13.75,31.7,31.9,32.3,32.3,optimal,optimal,optimal,optimal,optimal,optimal,→ stable,→ stable,→ stable,99.9,✅ EXCELLENT,False,NONE,3.8,0.5,NONE
1780035056.472,77.9,89.2,31.9,1514.0,44.0,13.79,31.7,32.2,31.7,32.3,optimal,optimal,optimal,optimal,optimal,optimal,↓ decreasing,→ stable,→ stable,99.9,✅ EXCELLENT,False,NONE,3.4,0.3,NONE
1780035057.473,77.1,89.5,31.9,1487.0,45.6,13.79,31.7,31.7,32.2,32.1,optimal,optimal,optimal,optimal,optimal,optimal,↓ decreasing,→ stable,→ stable,99.9,✅ EXCELLENT,False,NONE,3.4,0.1,NONE
1780035058.475,82.5,90.6,32.0,1482.0,45.2,13.83,32.3,31.7,32.0,32.1,optimal,optimal,optimal,optimal,optimal,optimal,↓ decreasing,↓ decreasing,→ stable,99.9,✅ EXCELLENT,False,NONE,3.5,0.0,NONE
1780035059.476,81.6,90.7,32.0,1502.0,45.0,13.77,32.4,31.7,32.2,31.9,optimal,optimal,optimal,optimal,optimal,optimal,↓ decreasing,→ stable,→ stable,99.9,✅ EXCELLENT,False,NONE,3.5,0.0,NONE
1780035060.478,79.9,90.6,32.2,1533.0,45.5,13.8,31.7,31.7,31.7,32.1,optimal,optimal,optimal,optimal,optimal,optimal,↓ decreasing,→ stable,→ stable,99.9,✅ EXCELLENT,False,NONE,3.2,0.0,NONE
1780035061.479,79.3,89.4,32.2,1520.0,45.6,13.84,32.1,31.8,32.3,31.9,optimal,optimal,optimal,optimal,optimal,optimal,↓ decreasing,→ stable,→ stable,99.9,✅ EXCELLENT,False,NONE,3.2,0.2,NONE
1780035062.48,80.2,90.2,31.7,1458.0,44.1,13.78,32.4,31.6,32.1,31.7,optimal,optimal,optimal,optimal,optimal,optimal,↓ decreasing,→ stable,→ stable,99.9,✅ EXCELLENT,False,NONE,3.8,0.0,NONE
1780035063.481,82.2,89.7,31.9,1500.0,45.7,13.76,31.8,31.9,31.7,32.2,optimal,optimal,optimal,optimal,optimal,optimal,→ stable,→ stable,→ stable,99.9,✅ EXCELLENT,False,NONE,3.6,0.0,NONE
1780035064.483,81.3,90.7,31.8,1532.0,45.3,13.76,31.9,31.6,32.0,32.0,optimal,optimal,optimal,optimal,optimal,optimal,→ stable,→ stable,→ stable,99.9,✅ EXCELLENT,False,NONE,3.7,0.0,NONE
1780035066.231,82.6,90.0,32.2,1546.0,44.8,13.77,32.3,31.6,31.8,32.0,optimal,optimal,optimal,optimal,optimal,optimal,↑ increasing,→ stable,→ stable,99.9,✅ EXCELLENT,False,NONE,3.3,0.0,NONE
1780035067.233,78.0,89.1,31.7,1472.0,45.2,13.8,32.0,31.8,31.8,32.1,optimal,optimal,optimal,optimal,optimal,optimal,↑ increasing,→ stable,→ stable,99.9,✅ EXCELLENT,False,NONE,3.7,0.4,NONE
1780035068.235,80.5,89.5,32.0,1525.0,45.2,13.81,32.1,31.8,31.9,31.9,optimal,optimal,optimal,optimal,optimal,optimal,↑ increasing,→ stable,→ stable,99.9,✅ EXCELLENT,False,NONE,3.5,0.1,NONE
1780035069.236,77.3,90.6,32.0,1478.0,45.1,13.79,31.7,32.2,32.2,31.8,optimal,optimal,optimal,optimal,optimal,optimal,↑ increasing,→ stable,→ stable,99.9,✅ EXCELLENT,False,NONE,3.3,0.0,NONE
1780035070.238,78.8,89.3,32.1,1499.0,45.7,13.85,32.2,31.7,32.4,31.9,optimal,optimal,optimal,optimal,optimal,optimal,→ stable,→ stable,→ stable,99.9,✅ EXCELLENT,False,NONE,3.3,0.2,NONE
1780035071.239,79.1,89.8,32.2,1500.0,44.9,13.76,31.9,32.3,32.2,32.1,optimal,optimal,optimal,optimal,optimal,optimal,→ stable,→ stable,→ stable,99.9,✅ EXCELLENT,False,NONE,3.2,0.0,NONE
1780035072.24,78.0,90.1,32.1,1491.0,44.6,13.76,32.3,32.4,32.3,31.7,optimal,optimal,optimal,optimal,optimal,optimal,→ stable,→ stable,→ stable,99.9,✅ EXCELLENT,False,NONE,3.2,0.0,NONE
1780035073.241,80.4,90.4,32.3,1470.0,45.3,13.84,32.4,31.8,32.3,32.2,optimal,optimal,optimal,optimal,optimal,optimal,→ stable,→ stable,→ stable,99.9,✅ EXCELLENT,False,NONE,3.1,0.0,NONE
1780035074.243,82.7,91.3,32.4,1498.0,45.8,13.79,31.7,32.3,31.9,32.2,optimal,optimal,optimal,optimal,optimal,optimal,→ stable,→ stable,→ stable,99.9,✅ EXCELLENT,False,NONE,3.1,0.0,NONE
1780035075.244,79.4,89.1,31.9,1532.0,45.2,13.83,31.8,31.8,32.3,31.7,optimal,optimal,optimal,optimal,optimal,optimal,→ stable,→ stable,→ stable,99.9,✅ EXCELLENT,False,NONE,3.5,0.4,NONE
1780035076.566,78.4,88.9,31.9,1450.0,45.7,13.77,31.6,32.4,32.2,32.3,optimal,optimal,optimal,optimal,optimal,optimal,↓ decreasing,→ stable,→ stable,99.9,✅ EXCELLENT,False,NONE,3.5,0.6,NONE
1780035077.567,82.9,89.9,32.3,1483.0,45.8,13.79,32.2,31.7,31.8,32.3,optimal,optimal,optimal,optimal,optimal,optimal,↓ decreasing,→ stable,→ stable,99.9,✅ EXCELLENT,False,NONE,3.2,0.0,NONE
1780035078.569,77.3,90.3,32.4,1520.0,44.7,13.82,32.2,32.3,32.3,31.6,optimal,optimal,optimal,optimal,optimal,optimal,↓ decreasing,→ stable,→ stable,99.9,✅ EXCELLENT,False,NONE,2.9,0.0,NONE
1780035079.57,80.9,89.6,31.9,1542.0,45.9,13.77,31.8,32.2,31.8,31.7,optimal,optimal,optimal,optimal,optimal,optimal,→ stable,→ stable,→ stable,99.9,✅ EXCELLENT,False,NONE,3.6,0.1,NONE
1780035080.571,80.0,91.3,32.2,1499.0,46.0,13.84,31.6,31.8,31.6,32.1,optimal,optimal,optimal,optimal,optimal,optimal,→ stable,→ stable,→ stable,99.9,✅ EXCELLENT,False,NONE,3.2,0.0,NONE
1780035081.573,77.0,89.0,31.9,1483.0,45.5,13.76,32.0,32.1,31.8,32.2,optimal,optimal,optimal,optimal,optimal,optimal,→ stable,→ stable,→ stable,99.9,✅ EXCELLENT,False,NONE,3.4,0.5,NONE
1780035082.575,77.6,90.6,32.1,1548.0,45.8,13.83,32.0,31.7,31.8,32.0,optimal,optimal,optimal,optimal,optimal,optimal,→ stable,→ stable,→ stable,99.9,✅ EXCELLENT,False,NONE,3.2,0.0,NONE
1780035083.577,80.6,91.2,31.9,1528.0,44.3,13.75,31.9,31.8,32.0,32.3,optimal,optimal,optimal,optimal,optimal,optimal,→ stable,→ stable,→ stable,99.9,✅ EXCELLENT,False,NONE,3.6,0.0,NONE
1780035084.578,82.8,88.9,32.2,1490.0,45.6,13.82,31.6,32.1,31.6,31.9,optimal,optimal,optimal,optimal,optimal,optimal,→ stable,→ stable,→ stable,99.9,✅ EXCELLENT,False,NONE,3.3,0.6,NONE
1780035085.58,77.3,89.9,32.2,1505.0,44.1,13.81,31.8,31.8,32.4,32.2,optimal,optimal,optimal,optimal,optimal,optimal,→ stable,→ stable,→ stable,99.9,✅ EXCELLENT,False,NONE,3.1,0.0,NONE
1780035086.777,79.2,90.5,32.2,1504.0,45.0,13.85,31.7,32.0,32.2,32.2,optimal,optimal,optimal,optimal,optimal,optimal,→ stable,→ stable,→ stable,99.9,✅ EXCELLENT,False,NONE,3.2,0.0,NONE
1780035087.777,80.8,89.5,31.9,1550.0,44.3,13.82,31.7,31.6,32.3,31.7,optimal,optimal,optimal,optimal,optimal,optimal,→ stable,→ stable,→ stable,99.9,✅ EXCELLENT,False,NONE,3.6,0.1,NONE
1780035088.778,82.9,88.9,31.9,1497.0,45.1,13.77,32.0,31.6,31.7,31.8,optimal,optimal,optimal,optimal,optimal,optimal,→ stable,→ stable,→ stable,99.9,✅ EXCELLENT,False,NONE,3.7,0.6,NONE
1780035089.78,80.2,91.0,31.8,1550.0,45.3,13.79,32.4,31.7,32.0,32.0,optimal,optimal,optimal,optimal,optimal,optimal,→ stable,→ stable,→ stable,99.9,✅ EXCELLENT,False,NONE,3.7,0.0,NONE
1780035090.782,78.9,89.7,31.9,1521.0,44.5,13.82,31.6,32.1,32.3,31.8,optimal,optimal,optimal,optimal,optimal,optimal,→ stable,→ stable,→ stable,99.9,✅ EXCELLENT,False,NONE,3.5,0.0,NONE
1780035091.782,77.9,90.3,32.3,1501.0,45.2,13.76,32.2,31.9,32.0,31.8,optimal,optimal,optimal,optimal,optimal,optimal,→ stable,→ stable,→ stable,99.9,✅ EXCELLENT,False,NONE,3.0,0.0,NONE
1780035092.783,82.7,91.5,32.1,1526.0,44.1,13.76,32.0,32.0,31.7,31.9,optimal,optimal,optimal,optimal,optimal,optimal,↑ increasing,→ stable,→ stable,99.9,✅ EXCELLENT,False,NONE,3.4,0.0,NONE
1780035093.783,79.9,89.3,31.9,1477.0,45.4,13.77,32.1,31.8,32.3,32.2,optimal,optimal,optimal,optimal,optimal,optimal,↑ increasing,→ stable,→ stable,99.9,✅ EXCELLENT,False,NONE,3.5,0.2,NONE
1780035094.784,79.2,89.7,31.6,1509.0,44.8,13.79,31.9,31.8,31.9,32.0,optimal,optimal,optimal,optimal,optimal,optimal,→ stable,→ stable,→ stable,99.9,✅ EXCELLENT,False,NONE,3.8,0.0,NONE
1780035095.785,81.7,89.3,32.4,1535.0,45.6,13.8,32.2,31.7,32.3,31.7,optimal,optimal,optimal,optimal,optimal,optimal,↑ increasing,→ stable,→ stable,99.9,✅ EXCELLENT,False,NONE,3.0,0.2,NONE
1780035097.094,80.0,89.5,32.4,1522.0,45.4,13.81,32.0,31.7,32.3,32.3,optimal,optimal,optimal,optimal,optimal,optimal,↑ increasing,→ stable,→ stable,99.9,✅ EXCELLENT,False,NONE,3.0,0.1,NONE
1780035098.095,81.2,90.7,31.7,1456.0,45.6,13.84,32.0,32.1,32.0,32.2,optimal,optimal,optimal,optimal,optimal,optimal,↑ increasing,→ stable,→ stable,99.9,✅ EXCELLENT,False,NONE,3.8,0.0,NONE
1780035099.096,82.9,89.5,31.8,1465.0,46.0,13.8,32.0,32.2,32.1,31.6,optimal,optimal,optimal,optimal,optimal,optimal,↑ increasing,→ stable,→ stable,99.9,✅ EXCELLENT,False,NONE,3.8,0.1,NONE
1780035100.098,79.6,88.7,32.3,1496.0,44.9,13.83,32.1,32.3,32.4,32.0,optimal,optimal,optimal,optimal,optimal,optimal,↑ increasing,→ stable,→ stable,99.9,✅ EXCELLENT,False,NONE,3.1,0.8,NONE
1780035101.1,79.4,91.3,31.8,1489.0,45.5,13.82,32.1,32.1,31.7,31.8,optimal,optimal,optimal,optimal,optimal,optimal,↑ increasing,→ stable,→ stable,99.9,✅ EXCELLENT,False,NONE,3.6,0.0,NONE
1780035102.101,79.4,90.4,32.4,1496.0,44.4,13.8,32.3,32.3,32.1,31.6,optimal,optimal,optimal,optimal,optimal,optimal,↑ increasing,→ stable,→ stable,99.9,✅ EXCELLENT,False,NONE,2.9,0.0,NONE
1780035103.102,77.6,91.5,32.4,1465.0,44.2,13.85,32.1,31.8,32.1,32.2,optimal,optimal,optimal,optimal,optimal,optimal,→ stable,→ stable,→ stable,99.9,✅ EXCELLENT,False,NONE,2.9,0.0,NONE
1780035104.103,81.2,90.7,32.1,1485.0,44.4,13.77,31.7,32.1,31.8,32.4,optimal,optimal,optimal,optimal,optimal,optimal,→ stable,→ stable,→ stable,99.9,✅ EXCELLENT,False,NONE,3.4,0.0,NONE
1780035105.105,78.3,90.0,32.1,1497.0,44.9,13.82,32.1,31.6,32.0,31.7,optimal,optimal,optimal,optimal,optimal,optimal,→ stable,→ stable,→ stable,99.9,✅ EXCELLENT,False,NONE,3.2,0.0,NONE
1780035106.106,79.8,90.3,31.8,1498.0,45.7,13.81,31.7,31.7,32.2,31.8,optimal,optimal,optimal,optimal,optimal,optimal,→ stable,→ stable,→ stable,99.9,✅ EXCELLENT,False,NONE,3.6,0.0,NONE
1780035109.623,78.9,90.3,32.1,1465.0,44.7,13.75,32.2,32.1,31.9,31.8,optimal,optimal,optimal,optimal,optimal,optimal,↓ decreasing,→ stable,→ stable,99.9,✅ EXCELLENT,False,NONE,3.3,0.0,NONE
1780035110.625,80.3,90.6,32.3,1465.0,44.7,13.75,32.0,31.8,31.9,32.1,optimal,optimal,optimal,optimal,optimal,optimal,↓ decreasing,→ stable,→ stable,99.9,✅ EXCELLENT,False,NONE,3.1,0.0,NONE
1780035111.627,79.8,88.9,32.0,1467.0,44.1,13.82,32.1,32.0,32.2,32.1,optimal,optimal,optimal,optimal,optimal,optimal,↓ decreasing,→ stable,→ stable,99.9,✅ EXCELLENT,False,NONE,3.4,0.6,NONE
1780035112.629,81.1,89.6,32.2,1514.0,44.3,13.83,32.2,32.2,32.2,31.8,optimal,optimal,optimal,optimal,optimal,optimal,↓ decreasing,↑ increasing,→ stable,99.9,✅ EXCELLENT,False,NONE,3.2,0.1,NONE
1780035113.63,80.1,90.3,32.2,1509.0,44.5,13.79,32.3,32.3,31.9,32.1,optimal,optimal,optimal,optimal,optimal,optimal,↓ decreasing,→ stable,→ stable,99.9,✅ EXCELLENT,False,NONE,3.2,0.0,NONE
1780035114.631,81.9,91.2,32.1,1501.0,44.2,13.82,32.3,31.7,31.7,31.6,optimal,optimal,optimal,optimal,optimal,optimal,↓ decreasing,→ stable,→ stable,99.9,✅ EXCELLENT,False,NONE,3.4,0.0,NONE
1780035115.633,82.4,89.7,32.4,1500.0,44.4,13.76,32.2,31.9,32.1,32.0,optimal,optimal,optimal,optimal,optimal,optimal,→ stable,→ stable,→ stable,99.9,✅ EXCELLENT,False,NONE,3.1,0.0,NONE
1780035116.634,78.8,91.0,31.7,1531.0,45.2,13.77,31.9,31.8,32.0,31.9,optimal,optimal,optimal,optimal,optimal,optimal,→ stable,→ stable,→ stable,99.9,✅ EXCELLENT,False,NONE,3.7,0.0,NONE
1780035117.635,82.9,89.1,32.1,1539.0,44.9,13.81,31.9,31.8,31.8,32.1,optimal,optimal,optimal,optimal,optimal,optimal,→ stable,→ stable,→ stable,99.9,✅ EXCELLENT,False,NONE,3.4,0.4,NONE
1780035118.638,77.2,89.3,32.0,1470.0,44.4,13.77,32.1,31.7,31.9,32.0,optimal,optimal,optimal,optimal,optimal,optimal,→ stable,→ stable,→ stable,99.9,✅ EXCELLENT,False,NONE,3.3,0.2,NONE
1780035120.07,82.9,88.6,32.3,1500.0,44.5,13.8,31.8,31.6,32.3,31.8,optimal,optimal,optimal,optimal,optimal,optimal,↑ increasing,↓ decreasing,→ stable,99.9,✅ EXCELLENT,False,NONE,3.2,1.0,NONE
1780035121.07,82.7,89.4,31.6,1513.0,45.2,13.81,31.9,32.3,32.2,32.3,optimal,optimal,optimal,optimal,optimal,optimal,↑ increasing,↓ decreasing,→ stable,99.9,✅ EXCELLENT,False,NONE,4.0,0.2,NONE
1780035122.071,78.1,91.1,32.4,1466.0,44.4,13.75,32.4,31.8,32.1,32.4,optimal,optimal,optimal,optimal,optimal,optimal,↑ increasing,→ stable,→ stable,99.9,✅ EXCELLENT,False,NONE,2.9,0.0,NONE
1780035123.073,79.3,89.5,32.3,1524.0,44.5,13.8,32.0,32.0,32.2,31.9,optimal,optimal,optimal,optimal,optimal,optimal,↑ increasing,→ stable,→ stable,99.9,✅ EXCELLENT,False,NONE,3.1,0.1,NONE
1780035124.074,82.0,90.1,32.2,1532.0,45.6,13.79,32.2,31.6,31.9,32.1,optimal,optimal,optimal,optimal,optimal,optimal,↑ increasing,→ stable,→ stable,99.9,✅ EXCELLENT,False,NONE,3.3,0.0,NONE
1780035125.075,79.3,91.2,32.2,1510.0,44.7,13.82,31.7,32.1,32.2,31.7,optimal,optimal,optimal,optimal,optimal,optimal,↑ increasing,→ stable,→ stable,99.9,✅ EXCELLENT,False,NONE,3.2,0.0,NONE
1780035126.076,80.4,90.5,32.3,1476.0,45.3,13.8,32.1,31.8,32.3,32.1,optimal,optimal,optimal,optimal,optimal,optimal,→ stable,→ stable,→ stable,99.9,✅ EXCELLENT,False,NONE,3.1,0.0,NONE
1780035127.077,79.8,90.2,31.8,1514.0,46.0,13.77,31.8,31.6,31.8,32.2,optimal,optimal,optimal,optimal,optimal,optimal,→ stable,→ stable,→ stable,99.9,✅ EXCELLENT,False,NONE,3.6,0.0,NONE
1780035128.079,77.0,89.9,31.9,1497.0,44.8,13.76,32.3,31.9,32.2,31.8,optimal,optimal,optimal,optimal,optimal,optimal,↓ decreasing,→ stable,→ stable,99.9,✅ EXCELLENT,False,NONE,3.4,0.0,NONE
1780035129.08,80.8,88.5,31.9,1512.0,45.7,13.83,32.4,31.9,31.7,31.6,optimal,optimal,optimal,optimal,optimal,optimal,→ stable,→ stable,→ stable,99.9,✅ EXCELLENT,False,NONE,3.6,1.1,NONE
1780035131.379,81.1,91.5,31.6,1537.0,45.0,13.79,31.7,32.3,32.4,32.1,optimal,optimal,optimal,optimal,optimal,optimal,↓ decreasing,→ stable,→ stable,99.9,✅ EXCELLENT,False,NONE,3.9,0.0,NONE
1780035132.381,77.2,90.1,32.2,1482.0,45.2,13.78,31.8,31.7,31.6,31.7,optimal,optimal,optimal,optimal,optimal,optimal,↓ decreasing,↑ increasing,→ stable,99.9,✅ EXCELLENT,False,NONE,3.1,0.0,NONE
1780035133.383,82.5,90.6,32.1,1481.0,44.1,13.77,31.8,32.3,32.1,31.7,optimal,optimal,optimal,optimal,optimal,optimal,↓ decreasing,→ stable,→ stable,99.9,✅ EXCELLENT,False,NONE,3.4,0.0,NONE
1780035134.384,78.5,90.7,31.6,1456.0,44.7,13.76,31.8,31.7,32.4,32.0,optimal,optimal,optimal,optimal,optimal,optimal,↓ decreasing,→ stable,→ stable,99.9,✅ EXCELLENT,False,NONE,3.8,0.0,NONE
1780035135.385,81.3,91.2,31.8,1512.0,45.5,13.78,32.0,32.2,32.1,32.2,optimal,optimal,optimal,optimal,optimal,optimal,↓ decreasing,↑ increasing,→ stable,99.9,✅ EXCELLENT,False,NONE,3.7,0.0,NONE
1780035136.386,77.7,90.1,32.4,1478.0,45.9,13.79,32.2,32.2,31.6,32.2,optimal,optimal,optimal,optimal,optimal,optimal,↓ decreasing,→ stable,→ stable,99.9,✅ EXCELLENT,False,NONE,2.9,0.0,NONE
1780035137.388,81.0,90.5,31.7,1496.0,44.7,13.82,32.3,31.7,32.2,32.3,optimal,optimal,optimal,optimal,optimal,optimal,↓ decreasing,→ stable,→ stable,99.9,✅ EXCELLENT,False,NONE,3.8,0.0,NONE
1780035138.389,77.8,91.1,32.0,1535.0,44.8,13.84,32.2,32.0,32.0,31.8,optimal,optimal,optimal,optimal,optimal,optimal,↓ decreasing,↑ increasing,→ stable,99.9,✅ EXCELLENT,False,NONE,3.3,0.0,NONE
1780035139.391,79.5,89.9,32.0,1455.0,45.7,13.78,32.0,32.4,32.1,32.0,optimal,optimal,optimal,optimal,optimal,optimal,→ stable,→ stable,→ stable,99.9,✅ EXCELLENT,False,NONE,3.4,0.0,NONE
1780035140.392,77.3,90.9,31.7,1509.0,45.2,13.84,32.2,32.4,31.9,31.7,optimal,optimal,optimal,optimal,optimal,optimal,↓ decreasing,↑ increasing,→ stable,99.9,✅ EXCELLENT,False,NONE,3.6,0.0,NONE
1780035141.915,80.2,89.6,32.4,1490.0,44.6,13.76,32.0,32.1,31.8,31.6,optimal,optimal,optimal,optimal,optimal,optimal,↓ decreasing,→ stable,→ stable,99.9,✅ EXCELLENT,False,NONE,3.0,0.1,NONE
1780035142.915,80.2,90.4,32.0,1514.0,44.5,13.79,32.0,31.7,31.7,32.2,optimal,optimal,optimal,optimal,optimal,optimal,→ stable,→ stable,→ stable,99.9,✅ EXCELLENT,False,NONE,3.4,0.0,NONE
1780035143.917,82.2,89.7,31.6,1483.0,45.0,13.76,32.0,31.9,32.3,31.6,optimal,optimal,optimal,optimal,optimal,optimal,→ stable,→ stable,→ stable,99.9,✅ EXCELLENT,False,NONE,4.0,0.0,NONE
1780035144.919,81.1,90.0,31.9,1538.0,45.0,13.84,31.8,32.3,32.2,32.3,optimal,optimal,optimal,optimal,optimal,optimal,→ stable,→ stable,→ stable,99.9,✅ EXCELLENT,False,NONE,3.6,0.0,NONE
1780035145.92,79.0,91.0,32.4,1522.0,46.0,13.81,31.9,31.7,32.0,32.0,optimal,optimal,optimal,optimal,optimal,optimal,→ stable,→ stable,→ stable,99.9,✅ EXCELLENT,False,NONE,2.9,0.0,NONE
1780035146.922,81.2,89.3,31.8,1538.0,44.3,13.78,31.9,31.8,32.1,31.8,optimal,optimal,optimal,optimal,optimal,optimal,→ stable,→ stable,→ stable,99.9,✅ EXCELLENT,False,NONE,3.7,0.2,NONE
1780035147.923,80.6,90.1,32.0,1548.0,44.1,13.76,31.6,32.3,32.2,32.3,optimal,optimal,optimal,optimal,optimal,optimal,→ stable,→ stable,→ stable,99.9,✅ EXCELLENT,False,NONE,3.5,0.0,NONE
1780035148.924,79.6,89.1,31.9,1510.0,45.6,13.75,31.9,32.2,32.2,31.6,optimal,optimal,optimal,optimal,optimal,optimal,↑ increasing,→ stable,→ stable,99.9,✅ EXCELLENT,False,NONE,3.5,0.4,NONE
1780035149.926,77.4,90.8,32.2,1493.0,44.6,13.78,31.8,31.9,32.1,31.7,optimal,optimal,optimal,optimal,optimal,optimal,→ stable,→ stable,→ stable,99.9,✅ EXCELLENT,False,NONE,3.1,0.0,NONE
1780035150.928,78.4,90.9,31.9,1532.0,44.2,13.79,31.8,31.6,32.2,32.3,optimal,optimal,optimal,optimal,optimal,optimal,↑ increasing,↓ decreasing,→ stable,99.9,✅ EXCELLENT,False,NONE,3.5,0.0,NONE
1780035152.104,82.0,90.6,32.2,1467.0,45.1,13.8,32.3,31.9,31.9,31.7,optimal,optimal,optimal,optimal,optimal,optimal,↑ increasing,→ stable,→ stable,99.9,✅ EXCELLENT,False,NONE,3.3,0.0,NONE
1780035153.106,79.8,90.7,32.4,1527.0,45.2,13.77,31.8,31.8,31.6,31.8,optimal,optimal,optimal,optimal,optimal,optimal,↑ increasing,→ stable,→ stable,99.9,✅ EXCELLENT,False,NONE,3.0,0.0,NONE
1780035154.107,81.5,89.4,32.1,1536.0,45.7,13.83,31.7,31.8,31.6,31.8,optimal,optimal,optimal,optimal,optimal,optimal,→ stable,→ stable,→ stable,99.9,✅ EXCELLENT,False,NONE,3.4,0.2,NONE
1780035155.109,78.6,88.9,32.1,1463.0,44.3,13.78,32.0,31.7,32.4,32.1,optimal,optimal,optimal,optimal,optimal,optimal,→ stable,→ stable,→ stable,99.9,✅ EXCELLENT,False,NONE,3.3,0.6,NONE
1780035156.111,80.7,89.5,31.9,1510.0,45.3,13.78,32.3,31.7,32.3,31.9,optimal,optimal,optimal,optimal,optimal,optimal,→ stable,→ stable,→ stable,99.9,✅ EXCELLENT,False,NONE,3.6,0.1,NONE
1780035157.112,80.3,89.1,32.4,1544.0,44.7,13.78,32.2,32.2,32.3,32.1,optimal,optimal,optimal,optimal,optimal,optimal,→ stable,→ stable,→ stable,99.9,✅ EXCELLENT,False,NONE,3.0,0.4,NONE
1780035158.113,79.4,88.8,32.4,1530.0,45.9,13.82,32.4,32.0,32.2,31.8,optimal,optimal,optimal,optimal,optimal,optimal,→ stable,→ stable,→ stable,99.9,✅ EXCELLENT,False,NONE,2.9,0.7,NONE
1780035159.115,77.6,91.2,32.3,1489.0,44.2,13.77,31.6,32.2,32.2,32.3,optimal,optimal,optimal,optimal,optimal,optimal,↓ decreasing,→ stable,→ stable,99.9,✅ EXCELLENT,False,NONE,3.0,0.0,NONE
1780035160.116,77.5,91.1,32.2,1516.0,44.6,13.77,32.0,32.3,32.1,31.8,optimal,optimal,optimal,optimal,optimal,optimal,→ stable,→ stable,→ stable,99.9,✅ EXCELLENT,False,NONE,3.1,0.0,NONE
1780035161.118,80.1,89.6,32.1,1451.0,45.9,13.76,32.2,32.3,32.1,32.2,optimal,optimal,optimal,optimal,optimal,optimal,→ stable,→ stable,→ stable,99.9,✅ EXCELLENT,False,NONE,3.3,0.1,NONE
1780035162.448,82.3,89.6,32.1,1493.0,45.2,13.83,32.0,31.7,31.6,31.7,optimal,optimal,optimal,optimal,optimal,optimal,→ stable,→ stable,→ stable,99.9,✅ EXCELLENT,False,NONE,3.4,0.1,NONE
1780035163.449,78.1,89.3,32.4,1476.0,44.2,13.78,32.0,31.8,31.7,31.8,optimal,optimal,optimal,optimal,optimal,optimal,↓ decreasing,↓ decreasing,→ stable,99.9,✅ EXCELLENT,False,NONE,2.9,0.2,NONE
1780035164.45,79.7,90.1,32.2,1500.0,44.2,13.83,32.3,32.0,31.8,31.6,optimal,optimal,optimal,optimal,optimal,optimal,↓ decreasing,→ stable,→ stable,99.9,✅ EXCELLENT,False,NONE,3.2,0.0,NONE
1780035165.452,78.9,91.5,31.7,1489.0,45.6,13.77,31.9,31.6,31.8,32.3,optimal,optimal,optimal,optimal,optimal,optimal,→ stable,→ stable,→ stable,99.9,✅ EXCELLENT,False,NONE,3.7,0.0,NONE
1780035166.453,79.3,90.1,31.9,1480.0,45.7,13.79,31.8,31.7,31.8,32.0,optimal,optimal,optimal,optimal,optimal,optimal,↓ decreasing,→ stable,→ stable,99.9,✅ EXCELLENT,False,NONE,3.5,0.0,NONE
1780035167.454,81.9,90.7,31.7,1498.0,44.9,13.76,31.8,32.3,32.2,32.0,optimal,optimal,optimal,optimal,optimal,optimal,→ stable,→ stable,→ stable,99.9,✅ EXCELLENT,False,NONE,3.9,0.0,NONE
1780035168.455,79.5,90.7,32.4,1515.0,45.8,13.79,32.1,32.2,32.0,32.1,optimal,optimal,optimal,optimal,optimal,optimal,→ stable,↑ increasing,→ stable,99.9,✅ EXCELLENT,False,NONE,3.0,0.0,NONE
1780035169.456,79.5,89.1,32.1,1479.0,44.6,13.77,31.7,31.9,32.0,31.9,optimal,optimal,optimal,optimal,optimal,optimal,→ stable,→ stable,→ stable,99.9,✅ EXCELLENT,False,NONE,3.3,0.4,NONE
1780035170.457,81.6,89.8,31.7,1499.0,45.0,13.76,32.3,32.0,31.9,32.3,optimal,optimal,optimal,optimal,optimal,optimal,↑ increasing,→ stable,→ stable,99.9,✅ EXCELLENT,False,NONE,3.8,0.0,NONE
1780035171.458,80.0,90.9,31.8,1490.0,44.5,13.79,31.8,31.9,31.6,32.1,optimal,optimal,optimal,optimal,optimal,optimal,→ stable,→ stable,→ stable,99.9,✅ EXCELLENT,False,NONE,3.7,0.0,NONE
1780035172.748,79.2,89.7,31.7,1506.0,44.4,13.8,32.0,31.9,32.1,31.8,optimal,optimal,optimal,optimal,optimal,optimal,→ stable,→ stable,→ stable,99.9,✅ EXCELLENT,False,NONE,3.7,0.0,NONE
1780035173.75,79.9,88.7,32.1,1504.0,45.0,13.77,31.6,32.3,32.0,31.9,optimal,optimal,optimal,optimal,optimal,optimal,→ stable,→ stable,→ stable,99.9,✅ EXCELLENT,False,NONE,3.3,0.8,NONE
1780035174.752,78.6,89.6,32.0,1453.0,44.4,13.79,31.9,32.1,32.2,31.7,optimal,optimal,optimal,optimal,optimal,optimal,→ stable,→ stable,→ stable,99.9,✅ EXCELLENT,False,NONE,3.4,0.1,NONE
1780035175.753,80.8,90.9,31.9,1465.0,45.9,13.8,32.3,31.8,32.4,31.9,optimal,optimal,optimal,optimal,optimal,optimal,↑ increasing,→ stable,→ stable,99.9,✅ EXCELLENT,False,NONE,3.6,0.0,NONE
1780035176.754,79.5,89.9,32.1,1548.0,45.1,13.81,32.3,32.4,31.9,32.3,optimal,optimal,optimal,optimal,optimal,optimal,↑ increasing,→ stable,→ stable,99.9,✅ EXCELLENT,False,NONE,3.3,0.0,NONE
1780035177.755,79.2,90.1,32.0,1522.0,44.1,13.78,32.2,31.8,31.9,31.6,optimal,optimal,optimal,optimal,optimal,optimal,→ stable,→ stable,→ stable,99.9,✅ EXCELLENT,False,NONE,3.4,0.0,NONE
1780035178.756,79.1,89.8,31.9,1515.0,44.8,13.82,32.2,32.4,32.3,31.8,optimal,optimal,optimal,optimal,optimal,optimal,→ stable,↓ decreasing,→ stable,99.9,✅ EXCELLENT,False,NONE,3.5,0.0,NONE
1780035179.757,79.4,90.3,31.9,1539.0,45.9,13.8,31.6,32.2,31.9,32.2,optimal,optimal,optimal,optimal,optimal,optimal,→ stable,→ stable,→ stable,99.9,✅ EXCELLENT,False,NONE,3.5,0.0,NONE
1780035180.759,81.0,89.8,32.0,1461.0,44.1,13.83,32.0,32.0,32.3,31.7,optimal,optimal,optimal,optimal,optimal,optimal,→ stable,→ stable,→ stable,99.9,✅ EXCELLENT,False,NONE,3.5,0.0,NONE
1780035181.76,80.9,90.5,32.4,1548.0,44.1,13.84,32.2,32.2,31.9,32.0,optimal,optimal,optimal,optimal,optimal,optimal,→ stable,→ stable,→ stable,99.9,✅ EXCELLENT,False,NONE,3.0,0.0,NONE
1780035194.559,77.3,88.5,32.0,1527.0,45.4,13.81,32.2,31.8,32.3,31.8,optimal,optimal,optimal,optimal,optimal,optimal,→ stable,→ stable,→ stable,99.9,✅ EXCELLENT,False,NONE,3.3,1.1,NONE
1780035195.561,80.1,89.0,32.0,1547.0,45.9,13.82,31.9,31.8,32.0,32.0,optimal,optimal,optimal,optimal,optimal,optimal,→ stable,→ stable,→ stable,99.9,✅ EXCELLENT,False,NONE,3.4,0.5,NONE
1780035196.563,78.5,89.1,32.2,1527.0,44.4,13.79,32.2,31.7,31.9,32.0,optimal,optimal,optimal,optimal,optimal,optimal,→ stable,→ stable,→ stable,99.9,✅ EXCELLENT,False,NONE,3.1,0.4,NONE
1780035197.565,80.6,89.6,32.2,1491.0,45.1,13.82,32.1,32.0,32.1,31.9,optimal,optimal,optimal,optimal,optimal,optimal,→ stable,→ stable,→ stable,99.9,✅ EXCELLENT,False,NONE,3.2,0.1,NONE
1780035198.566,77.5,89.4,32.1,1541.0,44.9,13.85,32.2,31.7,32.0,31.9,optimal,optimal,optimal,optimal,optimal,optimal,↓ decreasing,→ stable,→ stable,99.9,✅ EXCELLENT,False,NONE,3.2,0.2,NONE
1780035199.567,82.2,90.2,31.9,1536.0,44.8,13.77,31.9,32.3,31.6,32.0,optimal,optimal,optimal,optimal,optimal,optimal,→ stable,→ stable,→ stable,99.9,✅ EXCELLENT,False,NONE,3.6,0.0,NONE
1780035200.568,80.7,89.6,32.2,1456.0,45.7,13.83,32.1,32.0,31.6,32.1,optimal,optimal,optimal,optimal,optimal,optimal,→ stable,→ stable,→ stable,99.9,✅ EXCELLENT,False,NONE,3.2,0.1,NONE
1780035201.57,80.7,90.9,31.8,1450.0,44.6,13.76,31.7,32.3,31.7,32.4,optimal,optimal,optimal,optimal,optimal,optimal,→ stable,→ stable,→ stable,99.9,✅ EXCELLENT,False,NONE,3.7,0.0,NONE
1780035202.57,79.7,90.5,31.9,1455.0,44.2,13.77,32.2,31.9,32.1,32.3,optimal,optimal,optimal,optimal,optimal,optimal,→ stable,→ stable,→ stable,99.9,✅ EXCELLENT,False,NONE,3.5,0.0,NONE
1780035203.571,80.4,91.5,32.4,1548.0,44.0,13.76,31.7,32.4,32.2,31.7,optimal,optimal,optimal,optimal,optimal,optimal,→ stable,→ stable,→ stable,99.9,✅ EXCELLENT,False,NONE,3.0,0.0,NONE
1780035205.143,81.6,91.5,32.0,1523.0,45.9,13.76,32.1,32.3,32.1,31.9,optimal,optimal,optimal,optimal,optimal,optimal,↑ increasing,→ stable,→ stable,99.9,✅ EXCELLENT,False,NONE,3.5,0.0,NONE
1780035206.144,77.8,89.9,32.0,1490.0,45.3,13.84,31.9,31.7,32.0,31.6,optimal,optimal,optimal,optimal,optimal,optimal,→ stable,→ stable,→ stable,99.9,✅ EXCELLENT,False,NONE,3.3,0.0,NONE
1780035207.144,80.2,88.9,32.0,1496.0,45.1,13.77,32.2,31.6,31.8,32.1,optimal,optimal,optimal,optimal,optimal,optimal,↑ increasing,→ stable,→ stable,99.9,✅ EXCELLENT,False,NONE,3.4,0.6,NONE
1780035208.145,79.5,90.9,31.8,1483.0,45.4,13.79,32.1,32.3,31.6,32.3,optimal,optimal,optimal,optimal,optimal,optimal,→ stable,↑ increasing,→ stable,99.9,✅ EXCELLENT,False,NONE,3.6,0.0,NONE
1780035209.147,82.9,89.6,32.3,1502.0,45.2,13.81,32.0,31.8,32.2,31.9,optimal,optimal,optimal,optimal,optimal,optimal,↑ increasing,↑ increasing,→ stable,99.9,✅ EXCELLENT,False,NONE,3.2,0.1,NONE
1780035210.148,80.4,91.2,32.4,1513.0,44.8,13.79,32.1,32.4,31.8,32.1,optimal,optimal,optimal,optimal,optimal,optimal,↑ increasing,↑ increasing,→ stable,99.9,✅ EXCELLENT,False,NONE,3.0,0.0,NONE
1780035211.149,81.3,89.9,32.3,1503.0,45.2,13.82,31.8,32.4,31.7,31.8,optimal,optimal,optimal,optimal,optimal,optimal,↑ increasing,↑ increasing,→ stable,99.9,✅ EXCELLENT,False,NONE,3.1,0.0,NONE
1780035212.15,81.4,91.2,31.7,1537.0,45.5,13.75,32.2,32.0,31.6,31.8,optimal,optimal,optimal,optimal,optimal,optimal,↑ increasing,↑ increasing,→ stable,99.9,✅ EXCELLENT,False,NONE,3.8,0.0,NONE
1780035213.152,79.5,90.1,32.1,1520.0,44.3,13.77,32.2,32.3,32.4,32.2,optimal,optimal,optimal,optimal,optimal,optimal,↑ increasing,↑ increasing,→ stable,99.9,✅ EXCELLENT,False,NONE,3.3,0.0,NONE
1780035214.154,82.4,90.1,31.9,1543.0,44.5,13.82,31.8,31.7,31.7,31.8,optimal,optimal,optimal,optimal,optimal,optimal,↑ increasing,→ stable,→ stable,99.9,✅ EXCELLENT,False,NONE,3.6,0.0,NONE
1780035215.931,79.0,90.1,32.4,1470.0,46.0,13.82,32.3,31.9,31.7,32.2,optimal,optimal,optimal,optimal,optimal,optimal,→ stable,→ stable,→ stable,99.9,✅ EXCELLENT,False,NONE,2.9,0.0,NONE
1780035216.932,79.2,89.2,32.1,1488.0,44.3,13.84,31.9,31.6,31.8,32.0,optimal,optimal,optimal,optimal,optimal,optimal,↑ increasing,→ stable,→ stable,99.9,✅ EXCELLENT,False,NONE,3.3,0.3,NONE
1780035217.935,77.6,89.6,31.8,1469.0,45.3,13.85,31.8,31.6,32.1,32.1,optimal,optimal,optimal,optimal,optimal,optimal,→ stable,→ stable,→ stable,99.9,✅ EXCELLENT,False,NONE,3.5,0.1,NONE
1780035218.936,77.5,89.2,32.3,1471.0,44.7,13.84,31.8,32.0,31.9,32.3,optimal,optimal,optimal,optimal,optimal,optimal,→ stable,→ stable,→ stable,99.9,✅ EXCELLENT,False,NONE,3.0,0.3,NONE
1780035219.937,77.6,89.2,32.3,1472.0,45.3,13.78,32.1,32.1,31.9,32.1,optimal,optimal,optimal,optimal,optimal,optimal,↓ decreasing,→ stable,→ stable,99.9,✅ EXCELLENT,False,NONE,3.0,0.3,NONE
1780035220.939,81.1,91.1,32.2,1521.0,45.1,13.81,32.3,31.7,32.0,32.3,optimal,optimal,optimal,optimal,optimal,optimal,↓ decreasing,→ stable,→ stable,99.9,✅ EXCELLENT,False,NONE,3.2,0.0,NONE
1780035221.94,78.0,89.1,32.3,1544.0,45.9,13.82,32.2,32.0,32.1,31.9,optimal,optimal,optimal,optimal,optimal,optimal,↓ decreasing,↓ decreasing,→ stable,99.9,✅ EXCELLENT,False,NONE,3.0,0.4,NONE
1780035222.941,79.3,90.5,31.9,1550.0,44.2,13.77,31.9,32.1,32.0,31.6,optimal,optimal,optimal,optimal,optimal,optimal,↓ decreasing,↓ decreasing,→ stable,99.9,✅ EXCELLENT,False,NONE,3.5,0.0,NONE
1780035223.942,81.7,90.2,32.3,1522.0,44.8,13.82,31.7,31.8,32.4,32.1,optimal,optimal,optimal,optimal,optimal,optimal,↓ decreasing,↓ decreasing,→ stable,99.9,✅ EXCELLENT,False,NONE,3.2,0.0,NONE
1780035224.943,78.7,89.3,31.8,1501.0,44.4,13.82,31.7,32.3,32.4,32.1,optimal,optimal,optimal,optimal,optimal,optimal,↓ decreasing,↓ decreasing,→ stable,99.9,✅ EXCELLENT,False,NONE,3.6,0.2,NONE
1780035226.415,77.5,91.2,31.8,1545.0,45.9,13.85,32.3,32.3,31.7,31.9,optimal,optimal,optimal,optimal,optimal,optimal,↓ decreasing,→ stable,→ stable,99.9,✅ EXCELLENT,False,NONE,3.5,0.0,NONE
1780035227.417,77.6,89.7,32.1,1458.0,45.4,13.79,31.6,31.7,32.0,31.9,optimal,optimal,optimal,optimal,optimal,optimal,↓ decreasing,→ stable,→ stable,99.9,✅ EXCELLENT,False,NONE,3.2,0.0,NONE
1780035228.419,78.2,89.0,32.0,1513.0,44.5,13.81,32.4,32.0,32.1,31.8,optimal,optimal,optimal,optimal,optimal,optimal,↓ decreasing,→ stable,→ stable,99.9,✅ EXCELLENT,False,NONE,3.4,0.5,NONE
1780035229.42,81.1,88.8,32.2,1507.0,44.9,13.78,32.0,31.7,31.7,32.4,optimal,optimal,optimal,optimal,optimal,optimal,↓ decreasing,→ stable,→ stable,99.9,✅ EXCELLENT,False,NONE,3.2,0.7,NONE
1780035230.423,79.4,89.6,32.3,1550.0,45.0,13.82,32.0,32.0,32.3,31.8,optimal,optimal,optimal,optimal,optimal,optimal,→ stable,→ stable,→ stable,99.9,✅ EXCELLENT,False,NONE,3.1,0.1,NONE
1780035231.424,81.1,89.9,32.0,1469.0,44.9,13.81,31.6,32.3,31.9,32.4,optimal,optimal,optimal,optimal,optimal,optimal,→ stable,→ stable,→ stable,99.9,✅ EXCELLENT,False,NONE,3.5,0.0,NONE
1780035232.428,79.1,90.2,32.1,1522.0,45.5,13.81,31.8,31.8,32.0,32.2,optimal,optimal,optimal,optimal,optimal,optimal,→ stable,→ stable,→ stable,99.9,✅ EXCELLENT,False,NONE,3.3,0.0,NONE
1780035233.429,77.8,89.7,31.7,1541.0,45.4,13.79,31.6,32.0,32.3,31.9,optimal,optimal,optimal,optimal,optimal,optimal,→ stable,→ stable,→ stable,99.9,✅ EXCELLENT,False,NONE,3.7,0.0,NONE
1780035234.431,81.7,88.9,31.6,1549.0,45.7,13.8,31.7,31.9,32.0,31.8,optimal,optimal,optimal,optimal,optimal,optimal,→ stable,→ stable,→ stable,99.9,✅ EXCELLENT,False,NONE,4.0,0.6,NONE
1780035235.433,80.1,91.0,31.7,1458.0,45.8,13.8,32.4,32.4,31.8,32.1,optimal,optimal,optimal,optimal,optimal,optimal,→ stable,→ stable,→ stable,99.9,✅ EXCELLENT,False,NONE,3.8,0.0,NONE
1780035250.914,79.6,90.0,32.0,1469.0,45.0,13.75,32.0,32.1,31.8,32.1,optimal,optimal,optimal,optimal,optimal,optimal,↑ increasing,→ stable,→ stable,99.9,✅ EXCELLENT,False,NONE,3.4,0.0,NONE
1780035251.915,80.2,89.0,32.2,1462.0,45.0,13.76,31.6,31.9,31.6,31.8,optimal,optimal,optimal,optimal,optimal,optimal,↑ increasing,→ stable,→ stable,99.9,✅ EXCELLENT,False,NONE,3.2,0.5,NONE
1780035252.916,82.5,88.6,32.1,1478.0,45.6,13.77,32.3,31.8,32.2,32.3,optimal,optimal,optimal,optimal,optimal,optimal,↑ increasing,→ stable,→ stable,99.9,✅ EXCELLENT,False,NONE,3.4,1.0,NONE
1780035253.918,78.2,89.1,32.0,1490.0,44.7,13.8,31.9,31.7,32.4,32.0,optimal,optimal,optimal,optimal,optimal,optimal,↑ increasing,→ stable,→ stable,99.9,✅ EXCELLENT,False,NONE,3.4,0.4,NONE
1780035254.919,82.3,90.5,32.3,1520.0,45.7,13.75,32.0,31.6,32.0,32.0,optimal,optimal,optimal,optimal,optimal,optimal,↑ increasing,→ stable,→ stable,99.9,✅ EXCELLENT,False,NONE,3.2,0.0,NONE
1780035255.92,80.9,90.8,32.2,1476.0,45.6,13.82,31.6,32.3,31.6,32.1,optimal,optimal,optimal,optimal,optimal,optimal,↑ increasing,→ stable,→ stable,99.9,✅ EXCELLENT,False,NONE,3.2,0.0,NONE
1780035256.921,80.7,88.6,31.6,1497.0,44.7,13.8,31.9,32.2,31.9,31.9,optimal,optimal,optimal,optimal,optimal,optimal,↑ increasing,→ stable,→ stable,99.9,✅ EXCELLENT,False,NONE,3.9,1.0,NONE
1780035257.921,77.5,91.4,32.4,1460.0,45.1,13.82,32.1,32.1,31.7,32.2,optimal,optimal,optimal,optimal,optimal,optimal,↑ increasing,→ stable,→ stable,99.9,✅ EXCELLENT,False,NONE,2.9,0.0,NONE
1780035258.923,77.2,90.9,31.8,1527.0,45.1,13.83,32.4,32.3,31.7,32.4,optimal,optimal,optimal,optimal,optimal,optimal,↑ increasing,→ stable,→ stable,99.9,✅ EXCELLENT,False,NONE,3.5,0.0,NONE
1780035259.924,79.0,91.0,32.2,1465.0,45.9,13.8,32.1,32.1,31.7,31.6,optimal,optimal,optimal,optimal,optimal,optimal,→ stable,→ stable,→ stable,99.9,✅ EXCELLENT,False,NONE,3.2,0.0,NONE
1780035261.87,77.8,90.0,32.4,1525.0,45.1,13.75,32.0,32.3,32.2,32.1,optimal,optimal,optimal,optimal,optimal,optimal,→ stable,→ stable,→ stable,99.9,✅ EXCELLENT,False,NONE,2.9,0.0,NONE
1780035262.871,81.0,89.5,32.0,1523.0,45.4,13.81,31.7,32.1,32.0,31.7,optimal,optimal,optimal,optimal,optimal,optimal,→ stable,→ stable,→ stable,99.9,✅ EXCELLENT,False,NONE,3.5,0.1,NONE
1780035263.872,80.7,89.2,32.3,1505.0,44.3,13.77,32.0,32.3,31.8,32.3,optimal,optimal,optimal,optimal,optimal,optimal,↓ decreasing,↑ increasing,→ stable,99.9,✅ EXCELLENT,False,NONE,3.1,0.3,NONE
1780035264.873,83.0,90.7,31.7,1528.0,45.2,13.8,32.1,32.2,31.6,32.2,optimal,optimal,optimal,optimal,optimal,optimal,→ stable,↑ increasing,→ stable,99.9,✅ EXCELLENT,False,NONE,3.9,0.0,NONE
1780035265.874,81.4,90.8,31.8,1528.0,44.1,13.76,31.6,32.1,32.1,31.9,optimal,optimal,optimal,optimal,optimal,optimal,→ stable,↑ increasing,→ stable,99.9,✅ EXCELLENT,False,NONE,3.7,0.0,NONE
1780035266.875,81.4,90.5,32.3,1458.0,44.5,13.81,32.0,31.6,31.8,31.8,optimal,optimal,optimal,optimal,optimal,optimal,→ stable,→ stable,→ stable,99.9,✅ EXCELLENT,False,NONE,3.1,0.0,NONE
1780035267.877,79.5,90.2,31.9,1535.0,44.4,13.76,32.0,31.8,32.2,31.7,optimal,optimal,optimal,optimal,optimal,optimal,↓ decreasing,↑ increasing,→ stable,99.9,✅ EXCELLENT,False,NONE,3.5,0.0,NONE
1780035268.878,82.7,88.6,31.8,1542.0,44.3,13.84,31.7,32.3,31.9,31.9,optimal,optimal,optimal,optimal,optimal,optimal,→ stable,→ stable,→ stable,99.9,✅ EXCELLENT,False,NONE,3.8,1.0,NONE
1780035269.879,78.1,90.2,32.4,1501.0,44.5,13.83,31.9,32.0,31.8,31.8,optimal,optimal,optimal,optimal,optimal,optimal,↑ increasing,→ stable,→ stable,99.9,✅ EXCELLENT,False,NONE,2.9,0.0,NONE
1780035270.88,83.0,90.8,31.9,1464.0,45.4,13.79,31.6,31.9,31.8,31.8,optimal,optimal,optimal,optimal,optimal,optimal,↑ increasing,→ stable,→ stable,99.9,✅ EXCELLENT,False,NONE,3.7,0.0,NONE
1780035272.53,81.8,90.7,32.3,1476.0,45.4,13.84,32.3,31.7,31.6,31.6,optimal,optimal,optimal,optimal,optimal,optimal,↑ increasing,→ stable,→ stable,99.9,✅ EXCELLENT,False,NONE,3.2,0.0,NONE
1780035273.532,77.5,90.0,31.6,1513.0,45.5,13.81,32.0,31.8,31.7,32.3,optimal,optimal,optimal,optimal,optimal,optimal,↑ increasing,→ stable,→ stable,99.9,✅ EXCELLENT,False,NONE,3.8,0.0,NONE
1780035274.533,79.9,89.4,31.6,1518.0,45.9,13.78,31.6,31.7,31.7,31.9,optimal,optimal,optimal,optimal,optimal,optimal,↑ increasing,→ stable,→ stable,99.9,✅ EXCELLENT,False,NONE,3.9,0.2,NONE
1780035275.535,77.7,91.0,31.9,1509.0,44.1,13.81,31.6,31.9,31.9,32.1,optimal,optimal,optimal,optimal,optimal,optimal,→ stable,→ stable,→ stable,99.9,✅ EXCELLENT,False,NONE,3.4,0.0,NONE
1780035276.535,81.2,90.2,32.3,1506.0,44.4,13.84,32.3,31.9,32.3,32.1,optimal,optimal,optimal,optimal,optimal,optimal,→ stable,→ stable,→ stable,99.9,✅ EXCELLENT,False,NONE,3.1,0.0,NONE
1780035277.537,79.7,89.2,31.9,1511.0,45.8,13.75,31.9,31.9,32.1,32.3,optimal,optimal,optimal,optimal,optimal,optimal,→ stable,→ stable,→ stable,99.9,✅ EXCELLENT,False,NONE,3.5,0.3,NONE
1780035278.539,77.3,89.0,32.1,1502.0,44.6,13.83,31.7,32.3,31.6,31.6,optimal,optimal,optimal,optimal,optimal,optimal,→ stable,↓ decreasing,→ stable,99.9,✅ EXCELLENT,False,NONE,3.2,0.5,NONE
1780035279.54,80.8,90.4,32.1,1538.0,45.4,13.77,32.0,31.7,31.7,31.6,optimal,optimal,optimal,optimal,optimal,optimal,↓ decreasing,→ stable,→ stable,99.9,✅ EXCELLENT,False,NONE,3.3,0.0,NONE
1780035280.541,82.2,91.0,32.4,1492.0,45.9,13.8,32.2,32.3,32.3,31.8,optimal,optimal,optimal,optimal,optimal,optimal,→ stable,→ stable,→ stable,99.9,✅ EXCELLENT,False,NONE,3.1,0.0,NONE
1780035281.542,79.4,90.7,31.8,1486.0,44.2,13.83,32.3,32.0,31.9,32.0,optimal,optimal,optimal,optimal,optimal,optimal,↓ decreasing,→ stable,→ stable,99.9,✅ EXCELLENT,False,NONE,3.6,0.0,NONE
1780035282.951,80.7,90.5,32.4,1550.0,45.6,13.8,32.2,32.4,31.7,31.8,optimal,optimal,optimal,optimal,optimal,optimal,↓ decreasing,→ stable,→ stable,99.9,✅ EXCELLENT,False,NONE,3.0,0.0,NONE
1780035283.953,82.1,91.3,31.9,1529.0,45.4,13.83,32.0,32.1,32.4,32.4,optimal,optimal,optimal,optimal,optimal,optimal,↓ decreasing,→ stable,→ stable,99.9,✅ EXCELLENT,False,NONE,3.6,0.0,NONE
1780035284.955,79.6,90.2,31.8,1483.0,44.8,13.75,32.1,32.4,32.4,32.1,optimal,optimal,optimal,optimal,optimal,optimal,↓ decreasing,→ stable,→ stable,99.9,✅ EXCELLENT,False,NONE,3.6,0.0,NONE
1780035285.956,79.5,89.6,31.8,1517.0,44.2,13.77,31.6,31.6,32.4,32.2,optimal,optimal,optimal,optimal,optimal,optimal,→ stable,→ stable,→ stable,99.9,✅ EXCELLENT,False,NONE,3.6,0.1,NONE
1780035286.957,79.0,89.9,31.9,1501.0,45.2,13.83,32.2,31.7,31.9,32.1,optimal,optimal,optimal,optimal,optimal,optimal,→ stable,→ stable,→ stable,99.9,✅ EXCELLENT,False,NONE,3.5,0.0,NONE
1780035287.957,78.3,88.7,32.3,1547.0,45.0,13.79,32.2,32.2,32.2,32.0,optimal,optimal,optimal,optimal,optimal,optimal,→ stable,→ stable,→ stable,99.9,✅ EXCELLENT,False,NONE,3.0,0.8,NONE
1780035288.959,81.5,91.2,31.9,1457.0,45.3,13.79,32.0,31.8,32.1,32.2,optimal,optimal,optimal,optimal,optimal,optimal,→ stable,→ stable,→ stable,99.9,✅ EXCELLENT,False,NONE,3.6,0.0,NONE
1780035289.96,82.9,89.6,32.2,1515.0,46.0,13.84,32.2,32.0,31.7,31.9,optimal,optimal,optimal,optimal,optimal,optimal,↑ increasing,→ stable,→ stable,99.9,✅ EXCELLENT,False,NONE,3.3,0.1,NONE
1780035290.962,82.5,89.6,32.1,1486.0,45.6,13.79,32.1,32.0,31.7,32.3,optimal,optimal,optimal,optimal,optimal,optimal,→ stable,→ stable,→ stable,99.9,✅ EXCELLENT,False,NONE,3.4,0.1,NONE
1780035291.963,81.4,89.8,31.9,1510.0,45.2,13.82,32.4,32.3,32.2,32.1,optimal,optimal,optimal,optimal,optimal,optimal,↑ increasing,→ stable,→ stable,99.9,✅ EXCELLENT,False,NONE,3.6,0.0,NONE
1780035293.275,81.5,88.6,31.9,1487.0,45.0,13.79,31.7,31.9,32.3,32.1,optimal,optimal,optimal,optimal,optimal,optimal,↑ increasing,→ stable,→ stable,99.9,✅ EXCELLENT,False,NONE,3.6,1.0,NONE
1780035294.276,80.4,89.7,31.7,1533.0,45.7,13.79,31.8,31.7,32.3,32.1,optimal,optimal,optimal,optimal,optimal,optimal,↑ increasing,↓ decreasing,→ stable,99.9,✅ EXCELLENT,False,NONE,3.8,0.0,NONE
1780035295.278,78.5,91.3,31.6,1506.0,44.8,13.76,32.3,32.3,32.4,31.8,optimal,optimal,optimal,optimal,optimal,optimal,→ stable,↓ decreasing,→ stable,99.9,✅ EXCELLENT,False,NONE,3.8,0.0,NONE
1780035296.28,80.4,91.3,31.9,1503.0,45.5,13.77,32.3,31.6,31.9,31.9,optimal,optimal,optimal,optimal,optimal,optimal,→ stable,→ stable,→ stable,99.9,✅ EXCELLENT,False,NONE,3.6,0.0,NONE
1780035297.282,79.9,90.6,32.2,1475.0,45.0,13.8,32.3,32.2,31.8,32.2,optimal,optimal,optimal,optimal,optimal,optimal,↑ increasing,→ stable,→ stable,99.9,✅ EXCELLENT,False,NONE,3.2,0.0,NONE
1780035298.284,77.6,88.9,32.2,1481.0,45.0,13.78,31.7,32.3,32.2,32.3,optimal,optimal,optimal,optimal,optimal,optimal,↑ increasing,→ stable,→ stable,99.9,✅ EXCELLENT,False,NONE,3.1,0.6,NONE
1780035299.285,80.2,90.1,32.2,1530.0,44.6,13.79,32.2,32.0,32.1,32.2,optimal,optimal,optimal,optimal,optimal,optimal,→ stable,→ stable,→ stable,99.9,✅ EXCELLENT,False,NONE,3.2,0.0,NONE
1780035300.286,79.1,91.0,31.6,1509.0,44.5,13.81,32.3,31.8,32.0,31.7,optimal,optimal,optimal,optimal,optimal,optimal,→ stable,→ stable,→ stable,99.9,✅ EXCELLENT,False,NONE,3.8,0.0,NONE
1780035301.287,78.1,91.5,31.7,1532.0,45.2,13.82,32.3,32.1,31.8,31.6,optimal,optimal,optimal,optimal,optimal,optimal,↓ decreasing,→ stable,→ stable,99.9,✅ EXCELLENT,False,NONE,3.7,0.0,NONE
1780035302.288,78.7,89.3,32.1,1502.0,45.1,13.84,31.7,32.1,32.2,31.8,optimal,optimal,optimal,optimal,optimal,optimal,↓ decreasing,→ stable,→ stable,99.9,✅ EXCELLENT,False,NONE,3.3,0.2,NONE
1780035303.473,77.5,90.8,31.9,1549.0,44.5,13.76,32.2,32.3,32.4,31.6,optimal,optimal,optimal,optimal,optimal,optimal,↓ decreasing,↑ increasing,→ stable,99.9,✅ EXCELLENT,False,NONE,3.4,0.0,NONE
1780035304.475,80.5,90.7,32.4,1548.0,44.2,13.82,32.1,31.8,32.1,32.1,optimal,optimal,optimal,optimal,optimal,optimal,↓ decreasing,↑ increasing,→ stable,99.9,✅ EXCELLENT,False,NONE,3.0,0.0,NONE
1780035305.476,82.7,89.5,31.9,1487.0,44.3,13.84,31.9,32.1,32.2,31.7,optimal,optimal,optimal,optimal,optimal,optimal,↓ decreasing,↑ increasing,→ stable,99.9,✅ EXCELLENT,False,NONE,3.7,0.1,NONE
1780035306.477,81.4,89.6,32.1,1480.0,44.8,13.8,32.3,32.1,31.8,32.3,optimal,optimal,optimal,optimal,optimal,optimal,↓ decreasing,→ stable,→ stable,99.9,✅ EXCELLENT,False,NONE,3.4,0.1,NONE
1780035307.478,82.6,90.4,32.1,1535.0,44.5,13.85,32.0,32.4,32.2,32.2,optimal,optimal,optimal,optimal,optimal,optimal,↓ decreasing,→ stable,→ stable,99.9,✅ EXCELLENT,False,NONE,3.4,0.0,NONE
1780035308.479,80.9,89.9,32.4,1502.0,44.0,13.78,31.8,32.0,32.3,32.2,optimal,optimal,optimal,optimal,optimal,optimal,→ stable,→ stable,→ stable,99.9,✅ EXCELLENT,False,NONE,3.0,0.0,NONE
1780035309.481,80.0,90.0,31.7,1535.0,44.7,13.84,31.9,32.3,32.0,32.2,optimal,optimal,optimal,optimal,optimal,optimal,→ stable,→ stable,→ stable,99.9,✅ EXCELLENT,False,NONE,3.8,0.0,NONE
1780035310.482,78.7,89.2,32.4,1496.0,44.4,13.8,32.2,31.8,31.7,31.8,optimal,optimal,optimal,optimal,optimal,optimal,→ stable,→ stable,→ stable,99.9,✅ EXCELLENT,False,NONE,2.9,0.3,NONE
1780035311.484,81.5,88.7,31.9,1452.0,44.5,13.8,31.9,31.8,32.4,32.3,optimal,optimal,optimal,optimal,optimal,optimal,↑ increasing,→ stable,→ stable,99.9,✅ EXCELLENT,False,NONE,3.6,0.8,NONE
1780035312.486,80.8,91.1,32.2,1534.0,44.7,13.82,31.8,32.2,31.8,31.9,optimal,optimal,optimal,optimal,optimal,optimal,↑ increasing,→ stable,→ stable,99.9,✅ EXCELLENT,False,NONE,3.2,0.0,NONE
1780035313.838,78.8,88.8,32.1,1550.0,44.7,13.76,31.8,31.7,32.1,32.1,optimal,optimal,optimal,optimal,optimal,optimal,↑ increasing,↓ decreasing,→ stable,99.9,✅ EXCELLENT,False,NONE,3.3,0.7,NONE
1780035314.839,80.3,91.0,32.1,1540.0,45.9,13.84,31.7,31.9,32.2,32.3,optimal,optimal,optimal,optimal,optimal,optimal,↑ increasing,↓ decreasing,→ stable,99.9,✅ EXCELLENT,False,NONE,3.3,0.0,NONE
1780035315.84,79.5,90.3,31.9,1458.0,45.7,13.82,32.1,31.8,32.1,32.0,optimal,optimal,optimal,optimal,optimal,optimal,↑ increasing,→ stable,→ stable,99.9,✅ EXCELLENT,False,NONE,3.5,0.0,NONE
1780035316.841,77.3,88.7,31.7,1545.0,45.1,13.84,32.1,32.0,31.7,31.7,optimal,optimal,optimal,optimal,optimal,optimal,→ stable,→ stable,→ stable,99.9,✅ EXCELLENT,False,NONE,3.6,0.8,NONE
1780035317.843,82.1,90.0,32.2,1471.0,44.6,13.8,31.8,32.0,32.1,32.1,optimal,optimal,optimal,optimal,optimal,optimal,→ stable,→ stable,→ stable,99.9,✅ EXCELLENT,False,NONE,3.3,0.0,NONE
1780035318.845,77.4,91.4,31.8,1529.0,45.6,13.77,32.3,32.3,31.9,32.0,optimal,optimal,optimal,optimal,optimal,optimal,↓ decreasing,→ stable,→ stable,99.9,✅ EXCELLENT,False,NONE,3.5,0.0,NONE
1780035319.846,81.9,90.3,31.7,1529.0,44.5,13.79,32.0,32.0,32.1,32.0,optimal,optimal,optimal,optimal,optimal,optimal,→ stable,→ stable,→ stable,99.9,✅ EXCELLENT,False,NONE,3.9,0.0,NONE
1780035320.848,78.8,89.6,32.1,1504.0,45.2,13.8,32.1,31.6,31.8,32.1,optimal,optimal,optimal,optimal,optimal,optimal,→ stable,→ stable,→ stable,99.9,✅ EXCELLENT,False,NONE,3.3,0.1,NONE
1780035321.85,81.7,90.6,32.4,1454.0,44.1,13.81,31.7,31.6,31.6,31.7,optimal,optimal,optimal,optimal,optimal,optimal,↓ decreasing,→ stable,→ stable,99.9,✅ EXCELLENT,False,NONE,3.0,0.0,NONE
1780035322.851,77.5,89.4,32.3,1524.0,44.6,13.76,31.9,32.0,31.8,31.8,optimal,optimal,optimal,optimal,optimal,optimal,↓ decreasing,→ stable,→ stable,99.9,✅ EXCELLENT,False,NONE,3.0,0.2,NONE
1780035324.629,81.7,90.9,32.4,1459.0,45.8,13.79,31.6,32.0,32.2,32.1,optimal,optimal,optimal,optimal,optimal,optimal,↓ decreasing,→ stable,→ stable,99.9,✅ EXCELLENT,False,NONE,3.0,0.0,NONE
1780035325.63,82.5,91.3,31.7,1531.0,45.9,13.79,32.0,31.8,31.8,31.8,optimal,optimal,optimal,optimal,optimal,optimal,↓ decreasing,→ stable,→ stable,99.9,✅ EXCELLENT,False,NONE,3.9,0.0,NONE
1780035326.632,78.7,91.3,32.0,1532.0,44.7,13.75,31.8,31.8,31.7,32.3,optimal,optimal,optimal,optimal,optimal,optimal,→ stable,→ stable,→ stable,99.9,✅ EXCELLENT,False,NONE,3.4,0.0,NONE
1780035327.633,82.1,90.2,32.2,1550.0,44.2,13.76,31.9,32.2,32.3,32.4,optimal,optimal,optimal,optimal,optimal,optimal,→ stable,↑ increasing,→ stable,99.9,✅ EXCELLENT,False,NONE,3.3,0.0,NONE
1780035328.635,79.6,88.9,31.9,1481.0,45.6,13.8,32.2,32.0,32.4,31.8,optimal,optimal,optimal,optimal,optimal,optimal,→ stable,↑ increasing,→ stable,99.9,✅ EXCELLENT,False,NONE,3.5,0.6,NONE
1780035329.636,79.1,91.2,32.3,1481.0,45.7,13.78,31.7,32.1,31.6,31.6,optimal,optimal,optimal,optimal,optimal,optimal,↑ increasing,→ stable,→ stable,99.9,✅ EXCELLENT,False,NONE,3.1,0.0,NONE
1780035330.638,82.2,91.4,31.8,1472.0,45.1,13.82,32.3,32.3,31.8,32.0,optimal,optimal,optimal,optimal,optimal,optimal,↑ increasing,↑ increasing,→ stable,99.9,✅ EXCELLENT,False,NONE,3.8,0.0,NONE
1780035331.639,82.0,91.3,32.4,1507.0,45.2,13.78,31.7,32.0,32.3,32.0,optimal,optimal,optimal,optimal,optimal,optimal,↑ increasing,↑ increasing,→ stable,99.9,✅ EXCELLENT,False,NONE,3.0,0.0,NONE
1780035332.64,80.8,89.5,31.9,1514.0,45.9,13.77,32.3,32.2,31.7,32.1,optimal,optimal,optimal,optimal,optimal,optimal,↑ increasing,→ stable,→ stable,99.9,✅ EXCELLENT,False,NONE,3.6,0.1,NONE
1780035333.641,81.5,90.7,31.6,1535.0,44.4,13.75,31.6,32.1,31.7,32.0,optimal,optimal,optimal,optimal,optimal,optimal,↑ increasing,↑ increasing,→ stable,99.9,✅ EXCELLENT,False,NONE,4.0,0.0,NONE
1780035336.904,78.8,89.4,32.4,1506.0,45.8,13.78,32.3,31.6,32.2,31.9,optimal,optimal,optimal,optimal,optimal,optimal,↑ increasing,→ stable,→ stable,99.9,✅ EXCELLENT,False,NONE,2.9,0.2,NONE
1780035337.905,79.4,89.1,31.6,1515.0,45.6,13.75,32.2,31.7,32.4,32.2,optimal,optimal,optimal,optimal,optimal,optimal,→ stable,→ stable,→ stable,99.9,✅ EXCELLENT,False,NONE,3.9,0.4,NONE
1780035338.907,82.1,90.2,32.2,1545.0,44.5,13.76,31.6,32.1,32.1,32.2,optimal,optimal,optimal,optimal,optimal,optimal,↑ increasing,→ stable,→ stable,99.9,✅ EXCELLENT,False,NONE,3.3,0.0,NONE
1780035339.908,77.4,89.2,31.7,1454.0,44.5,13.79,32.3,32.1,31.9,31.9,optimal,optimal,optimal,optimal,optimal,optimal,→ stable,→ stable,→ stable,99.9,✅ EXCELLENT,False,NONE,3.6,0.3,NONE
1780035340.91,79.8,90.7,32.0,1497.0,45.9,13.76,32.1,32.1,31.8,31.9,optimal,optimal,optimal,optimal,optimal,optimal,→ stable,→ stable,→ stable,99.9,✅ EXCELLENT,False,NONE,3.4,0.0,NONE
1780035341.911,78.5,89.0,32.2,1469.0,44.6,13.78,32.1,31.8,32.2,32.0,optimal,optimal,optimal,optimal,optimal,optimal,→ stable,→ stable,→ stable,99.9,✅ EXCELLENT,False,NONE,3.1,0.5,NONE
1780035342.912,82.3,91.4,32.1,1495.0,45.1,13.81,32.1,31.6,32.1,32.3,optimal,optimal,optimal,optimal,optimal,optimal,→ stable,→ stable,→ stable,99.9,✅ EXCELLENT,False,NONE,3.4,0.0,NONE
1780035343.913,81.1,91.3,32.4,1499.0,44.0,13.78,32.2,32.1,31.8,31.8,optimal,optimal,optimal,optimal,optimal,optimal,↓ decreasing,↓ decreasing,→ stable,99.9,✅ EXCELLENT,False,NONE,3.0,0.0,NONE
1780035344.914,78.3,89.6,31.8,1483.0,44.4,13.81,31.8,31.8,31.9,32.0,optimal,optimal,optimal,optimal,optimal,optimal,↓ decreasing,→ stable,→ stable,99.9,✅ EXCELLENT,False,NONE,3.6,0.1,NONE
1780035345.916,80.2,88.6,32.2,1503.0,45.9,13.75,32.2,31.9,31.9,32.1,optimal,optimal,optimal,optimal,optimal,optimal,↓ decreasing,↓ decreasing,→ stable,99.9,✅ EXCELLENT,False,NONE,3.2,1.0,NONE
1780035348.845,81.4,91.1,32.2,1540.0,44.6,13.8,32.4,32.0,32.0,32.4,optimal,optimal,optimal,optimal,optimal,optimal,↓ decreasing,→ stable,→ stable,99.9,✅ EXCELLENT,False,NONE,3.3,0.0,NONE
1780035349.847,77.1,89.6,32.2,1502.0,44.2,13.78,31.7,32.2,31.8,32.0,optimal,optimal,optimal,optimal,optimal,optimal,↓ decreasing,→ stable,→ stable,99.9,✅ EXCELLENT,False,NONE,3.1,0.1,NONE
1780035350.848,77.8,90.6,32.3,1478.0,44.2,13.84,31.7,31.9,31.7,32.2,optimal,optimal,optimal,optimal,optimal,optimal,↓ decreasing,→ stable,→ stable,99.9,✅ EXCELLENT,False,NONE,3.0,0.0,NONE
1780035351.85,82.4,88.6,32.4,1479.0,44.1,13.81,31.8,32.3,31.6,32.1,optimal,optimal,optimal,optimal,optimal,optimal,→ stable,→ stable,→ stable,99.9,✅ EXCELLENT,False,NONE,3.1,1.0,NONE
1780035352.851,80.3,90.8,32.4,1536.0,45.8,13.82,32.3,31.7,31.9,32.2,optimal,optimal,optimal,optimal,optimal,optimal,→ stable,→ stable,→ stable,99.9,✅ EXCELLENT,False,NONE,3.0,0.0,NONE
1780035353.853,80.9,91.1,31.6,1530.0,44.0,13.85,32.3,32.1,31.9,32.1,optimal,optimal,optimal,optimal,optimal,optimal,→ stable,→ stable,→ stable,99.9,✅ EXCELLENT,False,NONE,3.9,0.0,NONE
1780035354.854,81.2,91.5,32.1,1507.0,45.5,13.78,32.0,31.7,31.8,32.4,optimal,optimal,optimal,optimal,optimal,optimal,→ stable,→ stable,→ stable,99.9,✅ EXCELLENT,False,NONE,3.4,0.0,NONE
1780035355.856,81.6,91.4,31.7,1510.0,44.4,13.8,32.3,31.9,32.0,31.9,optimal,optimal,optimal,optimal,optimal,optimal,→ stable,→ stable,→ stable,99.9,✅ EXCELLENT,False,NONE,3.8,0.0,NONE
1780035356.856,78.5,89.3,31.9,1533.0,44.9,13.76,32.3,31.8,32.1,32.4,optimal,optimal,optimal,optimal,optimal,optimal,→ stable,→ stable,→ stable,99.9,✅ EXCELLENT,False,NONE,3.5,0.2,NONE
1780035357.858,77.8,91.5,32.0,1466.0,45.0,13.83,32.2,32.1,31.8,31.7,optimal,optimal,optimal,optimal,optimal,optimal,→ stable,↑ increasing,→ stable,99.9,✅ EXCELLENT,False,NONE,3.3,0.0,NONE
1780035359.317,80.8,89.3,31.7,1488.0,44.2,13.78,32.3,32.3,31.7,32.4,optimal,optimal,optimal,optimal,optimal,optimal,→ stable,→ stable,→ stable,99.9,✅ EXCELLENT,False,NONE,3.8,0.2,NONE
1780035360.319,80.7,88.8,32.2,1452.0,45.7,13.82,31.6,31.8,31.9,31.7,optimal,optimal,optimal,optimal,optimal,optimal,→ stable,→ stable,→ stable,99.9,✅ EXCELLENT,False,NONE,3.2,0.7,NONE
1780035361.321,79.0,89.4,32.1,1485.0,44.4,13.77,31.7,31.7,31.6,32.0,optimal,optimal,optimal,optimal,optimal,optimal,↑ increasing,→ stable,→ stable,99.9,✅ EXCELLENT,False,NONE,3.3,0.2,NONE
1780035362.322,82.5,90.5,32.2,1464.0,44.8,13.81,31.9,31.8,32.0,32.2,optimal,optimal,optimal,optimal,optimal,optimal,→ stable,→ stable,→ stable,99.9,✅ EXCELLENT,False,NONE,3.3,0.0,NONE
1780035363.323,82.2,88.7,31.7,1467.0,44.7,13.83,31.6,32.0,32.4,31.7,optimal,optimal,optimal,optimal,optimal,optimal,↑ increasing,→ stable,→ stable,99.9,✅ EXCELLENT,False,NONE,3.9,0.8,NONE
1780035364.325,78.6,89.2,32.2,1487.0,44.7,13.84,32.4,32.1,32.0,31.6,optimal,optimal,optimal,optimal,optimal,optimal,→ stable,→ stable,→ stable,99.9,✅ EXCELLENT,False,NONE,3.1,0.3,NONE
1780035365.325,77.1,88.7,32.0,1467.0,44.4,13.83,31.8,32.3,31.9,31.9,optimal,optimal,optimal,optimal,optimal,optimal,→ stable,↓ decreasing,→ stable,99.9,✅ EXCELLENT,False,NONE,3.3,0.8,NONE
1780035366.327,78.6,89.6,31.8,1548.0,45.2,13.82,32.2,31.8,31.6,31.8,optimal,optimal,optimal,optimal,optimal,optimal,↓ decreasing,↓ decreasing,→ stable,99.9,✅ EXCELLENT,False,NONE,3.6,0.1,NONE
1780035367.328,78.9,91.1,32.3,1500.0,44.2,13.8,31.9,32.4,31.7,32.0,optimal,optimal,optimal,optimal,optimal,optimal,↓ decreasing,↓ decreasing,→ stable,99.9,✅ EXCELLENT,False,NONE,3.0,0.0,NONE
1780035368.329,81.1,88.9,31.8,1485.0,44.7,13.76,31.9,32.0,32.3,32.2,optimal,optimal,optimal,optimal,optimal,optimal,→ stable,↓ decreasing,→ stable,99.9,✅ EXCELLENT,False,NONE,3.7,0.6,NONE
1780035369.916,77.7,90.4,31.8,1490.0,44.5,13.84,31.9,32.4,32.0,31.7,optimal,optimal,optimal,optimal,optimal,optimal,→ stable,↓ decreasing,→ stable,99.9,✅ EXCELLENT,False,NONE,3.6,0.0,NONE
1780035370.918,79.1,89.3,32.2,1457.0,45.6,13.78,32.1,31.7,32.1,32.3,optimal,optimal,optimal,optimal,optimal,optimal,↓ decreasing,↓ decreasing,→ stable,99.9,✅ EXCELLENT,False,NONE,3.2,0.2,NONE
1780035371.919,79.0,89.8,31.9,1514.0,45.4,13.84,31.7,31.8,32.2,32.2,optimal,optimal,optimal,optimal,optimal,optimal,↓ decreasing,↓ decreasing,→ stable,99.9,✅ EXCELLENT,False,NONE,3.5,0.0,NONE
1780035372.92,82.9,91.2,32.3,1452.0,45.3,13.77,31.7,31.9,31.9,32.3,optimal,optimal,optimal,optimal,optimal,optimal,↓ decreasing,↓ decreasing,→ stable,99.9,✅ EXCELLENT,False,NONE,3.2,0.0,NONE
1780035373.922,80.8,90.8,31.9,1520.0,45.9,13.79,32.1,31.8,31.8,31.7,optimal,optimal,optimal,optimal,optimal,optimal,↓ decreasing,→ stable,→ stable,99.9,✅ EXCELLENT,False,NONE,3.6,0.0,NONE
1780035374.923,77.5,88.5,31.8,1511.0,45.7,13.8,32.0,32.0,31.8,31.8,optimal,optimal,optimal,optimal,optimal,optimal,↓ decreasing,→ stable,→ stable,99.9,✅ EXCELLENT,False,NONE,3.5,1.1,NONE
1780035375.924,77.9,90.1,32.2,1496.0,44.2,13.84,31.9,32.0,32.2,31.8,optimal,optimal,optimal,optimal,optimal,optimal,↓ decreasing,→ stable,→ stable,99.9,✅ EXCELLENT,False,NONE,3.1,0.0,NONE
1780035376.926,82.1,90.6,32.3,1457.0,46.0,13.8,31.9,32.0,32.0,32.3,optimal,optimal,optimal,optimal,optimal,optimal,→ stable,↑ increasing,→ stable,99.9,✅ EXCELLENT,False,NONE,3.2,0.0,NONE
1780035377.927,81.0,89.2,32.3,1518.0,45.2,13.8,31.8,32.3,31.9,31.8,optimal,optimal,optimal,optimal,optimal,optimal,→ stable,→ stable,→ stable,99.9,✅ EXCELLENT,False,NONE,3.1,0.3,NONE
1780035378.929,80.1,91.4,31.9,1528.0,44.4,13.82,31.8,32.1,31.8,32.1,optimal,optimal,optimal,optimal,optimal,optimal,→ stable,↑ increasing,→ stable,99.9,✅ EXCELLENT,False,NONE,3.5,0.0,NONE
1780035380.359,78.8,89.6,31.8,1535.0,44.3,13.8,31.8,32.1,31.7,31.9,optimal,optimal,optimal,optimal,optimal,optimal,→ stable,↑ increasing,→ stable,99.9,✅ EXCELLENT,False,NONE,3.6,0.1,NONE
1780035381.36,80.1,89.9,32.1,1476.0,46.0,13.81,32.2,31.7,32.2,32.1,optimal,optimal,optimal,optimal,optimal,optimal,↑ increasing,↑ increasing,→ stable,99.9,✅ EXCELLENT,False,NONE,3.3,0.0,NONE
1780035382.362,81.5,90.9,32.3,1476.0,44.7,13.78,32.4,32.4,31.9,31.7,optimal,optimal,optimal,optimal,optimal,optimal,↑ increasing,↑ increasing,→ stable,99.9,✅ EXCELLENT,False,NONE,3.1,0.0,NONE
1780035383.364,80.7,90.9,31.8,1465.0,44.2,13.8,31.6,32.4,32.4,31.8,optimal,optimal,optimal,optimal,optimal,optimal,↑ increasing,→ stable,→ stable,99.9,✅ EXCELLENT,False,NONE,3.7,0.0,NONE
1780035384.366,82.8,91.3,32.4,1476.0,45.5,13.83,31.6,31.8,31.8,32.1,optimal,optimal,optimal,optimal,optimal,optimal,↑ increasing,→ stable,→ stable,99.9,✅ EXCELLENT,False,NONE,3.1,0.0,NONE
1780035385.368,81.6,91.1,32.0,1518.0,44.7,13.84,32.0,32.4,32.0,31.9,optimal,optimal,optimal,optimal,optimal,optimal,↑ increasing,↑ increasing,→ stable,99.9,✅ EXCELLENT,False,NONE,3.5,0.0,NONE
1780035386.369,79.2,89.0,31.8,1532.0,45.0,13.77,32.1,32.2,32.1,31.6,optimal,optimal,optimal,optimal,optimal,optimal,↑ increasing,→ stable,→ stable,99.9,✅ EXCELLENT,False,NONE,3.6,0.5,NONE
1780035387.37,79.4,90.9,32.1,1469.0,45.6,13.83,31.8,31.9,31.7,32.2,optimal,optimal,optimal,optimal,optimal,optimal,↑ increasing,→ stable,→ stable,99.9,✅ EXCELLENT,False,NONE,3.3,0.0,NONE
1780035388.371,82.3,89.2,32.1,1495.0,44.1,13.79,31.9,31.9,32.2,32.0,optimal,optimal,optimal,optimal,optimal,optimal,↑ increasing,↑ increasing,→ stable,99.9,✅ EXCELLENT,False,NONE,3.4,0.3,NONE
1780035389.372,77.3,90.0,31.9,1490.0,45.4,13.85,31.7,32.4,31.9,31.9,optimal,optimal,optimal,optimal,optimal,optimal,↑ increasing,→ stable,→ stable,99.9,✅ EXCELLENT,False,NONE,3.4,0.0,NONE
1780035390.684,78.6,89.0,32.2,1486.0,45.2,13.85,31.8,32.0,31.9,32.3,optimal,optimal,optimal,optimal,optimal,optimal,→ stable,→ stable,→ stable,99.9,✅ EXCELLENT,False,NONE,3.1,0.5,NONE
1780035391.685,78.1,90.0,32.3,1480.0,44.8,13.79,31.7,31.7,31.8,32.1,optimal,optimal,optimal,optimal,optimal,optimal,→ stable,→ stable,→ stable,99.9,✅ EXCELLENT,False,NONE,3.0,0.0,NONE
1780035392.687,78.5,89.3,32.3,1518.0,44.5,13.82,31.7,31.8,31.9,32.1,optimal,optimal,optimal,optimal,optimal,optimal,→ stable,→ stable,→ stable,99.9,✅ EXCELLENT,False,NONE,3.0,0.2,NONE
1780035393.688,77.5,89.1,32.2,1532.0,45.8,13.82,32.3,31.7,31.7,32.1,optimal,optimal,optimal,optimal,optimal,optimal,↓ decreasing,→ stable,→ stable,99.9,✅ EXCELLENT,False,NONE,3.1,0.4,NONE
1780035394.689,78.8,90.8,31.9,1500.0,45.5,13.83,32.3,31.9,32.3,31.9,optimal,optimal,optimal,optimal,optimal,optimal,↓ decreasing,→ stable,→ stable,99.9,✅ EXCELLENT,False,NONE,3.5,0.0,NONE
1780035395.691,77.0,89.1,32.2,1529.0,45.1,13.82,32.2,31.7,31.6,32.1,optimal,optimal,optimal,optimal,optimal,optimal,↓ decreasing,↓ decreasing,→ stable,99.9,✅ EXCELLENT,False,NONE,3.1,0.4,NONE
1780035396.692,82.6,90.2,31.8,1489.0,45.1,13.81,31.9,32.4,32.0,32.4,optimal,optimal,optimal,optimal,optimal,optimal,↓ decreasing,↓ decreasing,→ stable,99.9,✅ EXCELLENT,False,NONE,3.8,0.0,NONE
1780035397.693,81.3,88.7,31.8,1481.0,44.7,13.77,31.6,32.1,32.0,32.3,optimal,optimal,optimal,optimal,optimal,optimal,↓ decreasing,↓ decreasing,→ stable,99.9,✅ EXCELLENT,False,NONE,3.7,0.8,NONE
1780035398.695,80.5,88.5,32.1,1488.0,45.5,13.77,31.9,31.7,31.8,31.7,optimal,optimal,optimal,optimal,optimal,optimal,↓ decreasing,↓ decreasing,→ stable,99.9,✅ EXCELLENT,False,NONE,3.3,1.1,NONE
1780035399.695,77.9,89.4,31.9,1478.0,44.0,13.82,32.3,32.0,32.3,31.7,optimal,optimal,optimal,optimal,optimal,optimal,↓ decreasing,↓ decreasing,→ stable,99.9,✅ EXCELLENT,False,NONE,3.4,0.2,NONE
1780035400.857,82.6,88.6,32.4,1503.0,45.1,13.83,31.6,32.3,32.4,32.2,optimal,optimal,optimal,optimal,optimal,optimal,↓ decreasing,↓ decreasing,→ stable,99.9,✅ EXCELLENT,False,NONE,3.1,1.0,NONE
1780035401.858,78.6,89.8,32.2,1525.0,44.4,13.82,32.3,31.9,32.1,31.8,optimal,optimal,optimal,optimal,optimal,optimal,↓ decreasing,↓ decreasing,→ stable,99.9,✅ EXCELLENT,False,NONE,3.1,0.0,NONE
1780035402.86,77.8,90.2,31.7,1468.0,44.5,13.75,31.8,31.8,31.7,31.8,optimal,optimal,optimal,optimal,optimal,optimal,→ stable,↓ decreasing,→ stable,99.9,✅ EXCELLENT,False,NONE,3.7,0.0,NONE
1780035403.862,78.7,89.4,32.1,1492.0,44.8,13.84,31.8,32.1,32.0,32.3,optimal,optimal,optimal,optimal,optimal,optimal,→ stable,→ stable,→ stable,99.9,✅ EXCELLENT,False,NONE,3.3,0.2,NONE
1780035404.863,78.6,89.0,32.1,1521.0,45.2,13.8,31.8,31.7,31.7,32.4,optimal,optimal,optimal,optimal,optimal,optimal,→ stable,↓ decreasing,→ stable,99.9,✅ EXCELLENT,False,NONE,3.3,0.5,NONE
1780035405.865,77.0,88.9,31.7,1452.0,44.5,13.75,32.2,31.7,32.0,31.8,optimal,optimal,optimal,optimal,optimal,optimal,↑ increasing,→ stable,→ stable,99.9,✅ EXCELLENT,False,NONE,3.6,0.6,NONE
1780035406.866,82.2,91.1,32.4,1452.0,44.9,13.77,32.0,31.8,32.0,32.2,optimal,optimal,optimal,optimal,optimal,optimal,↑ increasing,→ stable,→ stable,99.9,✅ EXCELLENT,False,NONE,3.1,0.0,NONE
1780035407.867,78.4,88.6,32.4,1500.0,45.8,13.76,31.7,32.0,32.3,31.8,optimal,optimal,optimal,optimal,optimal,optimal,→ stable,→ stable,→ stable,99.9,✅ EXCELLENT,False,NONE,2.9,1.0,NONE
1780035408.868,82.8,90.2,32.1,1540.0,46.0,13.82,32.1,31.6,32.1,32.2,optimal,optimal,optimal,optimal,optimal,optimal,→ stable,→ stable,→ stable,99.9,✅ EXCELLENT,False,NONE,3.4,0.0,NONE
1780035409.869,82.0,89.6,32.2,1541.0,44.9,13.77,31.6,32.2,32.0,31.7,optimal,optimal,optimal,optimal,optimal,optimal,↑ increasing,→ stable,→ stable,99.9,✅ EXCELLENT,False,NONE,3.3,0.1,NONE
1780035411.196,82.2,91.2,31.9,1536.0,45.6,13.8,31.8,32.1,32.1,31.8,optimal,optimal,optimal,optimal,optimal,optimal,→ stable,→ stable,→ stable,99.9,✅ EXCELLENT,False,NONE,3.6,0.0,NONE
1780035412.197,82.5,90.1,31.9,1482.0,45.3,13.8,32.1,32.2,32.4,32.3,optimal,optimal,optimal,optimal,optimal,optimal,↑ increasing,→ stable,→ stable,99.9,✅ EXCELLENT,False,NONE,3.7,0.0,NONE
1780035413.198,81.3,89.7,31.9,1474.0,46.0,13.77,32.1,32.4,31.7,31.8,optimal,optimal,optimal,optimal,optimal,optimal,↑ increasing,→ stable,→ stable,99.9,✅ EXCELLENT,False,NONE,3.6,0.0,NONE
1780035414.2,78.6,90.4,32.2,1502.0,44.1,13.76,32.3,31.7,31.9,31.9,optimal,optimal,optimal,optimal,optimal,optimal,↑ increasing,→ stable,→ stable,99.9,✅ EXCELLENT,False,NONE,3.1,0.0,NONE
1780035415.201,81.6,90.6,32.3,1462.0,45.0,13.81,31.7,31.6,32.2,32.0,optimal,optimal,optimal,optimal,optimal,optimal,↑ increasing,↑ increasing,→ stable,99.9,✅ EXCELLENT,False,NONE,3.1,0.0,NONE
1780035416.203,82.0,89.6,32.3,1483.0,44.3,13.79,31.9,32.2,32.4,32.2,optimal,optimal,optimal,optimal,optimal,optimal,↑ increasing,↑ increasing,→ stable,99.9,✅ EXCELLENT,False,NONE,3.2,0.1,NONE
1780035417.204,82.8,90.6,32.2,1516.0,45.9,13.8,32.0,31.9,32.2,31.9,optimal,optimal,optimal,optimal,optimal,optimal,↑ increasing,↑ increasing,→ stable,99.9,✅ EXCELLENT,False,NONE,3.3,0.0,NONE
1780035418.206,77.7,89.5,32.2,1538.0,45.0,13.77,31.9,31.6,32.4,32.1,optimal,optimal,optimal,optimal,optimal,optimal,↑ increasing,↑ increasing,→ stable,99.9,✅ EXCELLENT,False,NONE,3.1,0.1,NONE
1780035419.206,82.2,90.0,31.9,1512.0,45.3,13.77,32.1,32.0,32.1,31.7,optimal,optimal,optimal,optimal,optimal,optimal,↑ increasing,↑ increasing,→ stable,99.9,✅ EXCELLENT,False,NONE,3.6,0.0,NONE
1780035420.208,79.1,88.9,31.8,1535.0,44.4,13.84,32.0,31.8,32.0,32.3,optimal,optimal,optimal,optimal,optimal,optimal,↑ increasing,↑ increasing,→ stable,99.9,✅ EXCELLENT,False,NONE,3.6,0.6,NONE
1780035421.434,82.9,90.8,32.0,1524.0,44.7,13.76,32.2,31.9,31.6,31.7,optimal,optimal,optimal,optimal,optimal,optimal,↑ increasing,→ stable,→ stable,99.9,✅ EXCELLENT,False,NONE,3.6,0.0,NONE
1780035422.436,81.7,88.5,32.2,1544.0,45.8,13.79,32.4,31.7,31.9,31.8,optimal,optimal,optimal,optimal,optimal,optimal,↑ increasing,→ stable,→ stable,99.9,✅ EXCELLENT,False,NONE,3.3,1.1,NONE
1780035423.437,77.8,91.3,31.8,1479.0,45.5,13.79,31.9,32.1,32.1,31.9,optimal,optimal,optimal,optimal,optimal,optimal,→ stable,→ stable,→ stable,99.9,✅ EXCELLENT,False,NONE,3.6,0.0,NONE
1780035424.438,79.3,91.3,32.3,1483.0,44.9,13.85,32.2,32.0,31.8,31.9,optimal,optimal,optimal,optimal,optimal,optimal,→ stable,→ stable,→ stable,99.9,✅ EXCELLENT,False,NONE,3.1,0.0,NONE
1780035425.438,79.2,90.0,32.3,1520.0,44.3,13.8,31.8,32.2,32.3,32.3,optimal,optimal,optimal,optimal,optimal,optimal,→ stable,→ stable,→ stable,99.9,✅ EXCELLENT,False,NONE,3.1,0.0,NONE
1780035426.44,79.8,91.0,32.3,1486.0,45.9,13.81,32.2,32.1,32.3,31.9,optimal,optimal,optimal,optimal,optimal,optimal,↓ decreasing,→ stable,→ stable,99.9,✅ EXCELLENT,False,NONE,3.1,0.0,NONE
1780035427.441,80.1,88.9,32.4,1504.0,45.4,13.78,31.9,32.0,32.2,32.0,optimal,optimal,optimal,optimal,optimal,optimal,↓ decreasing,→ stable,→ stable,99.9,✅ EXCELLENT,False,NONE,3.0,0.6,NONE
1780035428.443,81.1,88.9,32.3,1540.0,45.9,13.75,32.0,31.9,31.9,31.6,optimal,optimal,optimal,optimal,optimal,optimal,↓ decreasing,→ stable,→ stable,99.9,✅ EXCELLENT,False,NONE,3.1,0.6,NONE
1780035429.444,79.3,90.6,31.6,1547.0,44.3,13.78,32.0,32.3,31.9,32.0,optimal,optimal,optimal,optimal,optimal,optimal,↓ decreasing,→ stable,→ stable,99.9,✅ EXCELLENT,False,NONE,3.9,0.0,NONE
1780035430.445,78.2,90.8,32.1,1491.0,44.1,13.84,32.3,32.0,32.2,32.2,optimal,optimal,optimal,optimal,optimal,optimal,↓ decreasing,→ stable,→ stable,99.9,✅ EXCELLENT,False,NONE,3.2,0.0,NONE
1780035431.775,77.7,90.0,31.9,1478.0,45.9,13.79,32.1,31.9,32.0,32.2,optimal,optimal,optimal,optimal,optimal,optimal,↓ decreasing,→ stable,→ stable,99.9,✅ EXCELLENT,False,NONE,3.4,0.0,NONE
1780035432.776,78.1,90.4,31.6,1484.0,45.4,13.79,31.8,31.9,32.1,31.9,optimal,optimal,optimal,optimal,optimal,optimal,↓ decreasing,→ stable,→ stable,99.9,✅ EXCELLENT,False,NONE,3.8,0.0,NONE
1780035433.778,80.5,89.3,32.0,1540.0,44.4,13.81,32.4,32.3,32.3,32.0,optimal,optimal,optimal,optimal,optimal,optimal,↓ decreasing,→ stable,→ stable,99.9,✅ EXCELLENT,False,NONE,3.5,0.2,NONE
1780035434.779,80.0,88.7,32.1,1543.0,44.2,13.84,32.2,31.9,31.6,32.3,optimal,optimal,optimal,optimal,optimal,optimal,↓ decreasing,→ stable,→ stable,99.9,✅ EXCELLENT,False,NONE,3.3,0.8,NONE
1780035435.781,81.3,91.5,31.6,1478.0,45.9,13.79,32.3,31.8,31.9,32.0,optimal,optimal,optimal,optimal,optimal,optimal,↓ decreasing,→ stable,→ stable,99.9,✅ EXCELLENT,False,NONE,3.9,0.0,NONE
1780035436.782,78.0,91.4,32.3,1457.0,45.9,13.8,31.7,31.9,32.1,32.0,optimal,optimal,optimal,optimal,optimal,optimal,↓ decreasing,→ stable,→ stable,99.9,✅ EXCELLENT,False,NONE,3.0,0.0,NONE
1780035437.783,80.6,88.8,32.3,1519.0,44.1,13.83,31.7,32.3,32.3,32.1,optimal,optimal,optimal,optimal,optimal,optimal,→ stable,→ stable,→ stable,99.9,✅ EXCELLENT,False,NONE,3.1,0.7,NONE
1780035438.784,77.4,89.2,32.1,1451.0,44.6,13.83,31.7,32.2,32.0,31.7,optimal,optimal,optimal,optimal,optimal,optimal,↓ decreasing,→ stable,→ stable,99.9,✅ EXCELLENT,False,NONE,3.2,0.3,NONE
1780035439.785,78.8,90.6,31.9,1546.0,44.7,13.78,32.1,31.9,32.1,31.7,optimal,optimal,optimal,optimal,optimal,optimal,↓ decreasing,→ stable,→ stable,99.9,✅ EXCELLENT,False,NONE,3.5,0.0,NONE
1780035440.786,80.9,91.3,31.9,1512.0,44.1,13.78,31.6,31.9,31.8,31.6,optimal,optimal,optimal,optimal,optimal,optimal,↓ decreasing,→ stable,→ stable,99.9,✅ EXCELLENT,False,NONE,3.6,0.0,NONE
1780035442.217,78.8,88.7,32.2,1535.0,45.6,13.75,32.1,32.3,31.7,32.2,optimal,optimal,optimal,optimal,optimal,optimal,→ stable,→ stable,→ stable,99.9,✅ EXCELLENT,False,NONE,3.2,0.8,NONE
1780035443.219,78.4,90.9,32.4,1453.0,45.4,13.81,32.2,31.9,31.8,32.0,optimal,optimal,optimal,optimal,optimal,optimal,→ stable,→ stable,→ stable,99.9,✅ EXCELLENT,False,NONE,2.9,0.0,NONE
1780035444.219,78.3,90.1,32.3,1477.0,45.7,13.82,32.0,32.1,31.7,31.7,optimal,optimal,optimal,optimal,optimal,optimal,→ stable,→ stable,→ stable,99.9,✅ EXCELLENT,False,NONE,3.0,0.0,NONE
1780035445.22,81.6,88.9,31.7,1527.0,44.0,13.76,32.1,32.2,32.0,31.8,optimal,optimal,optimal,optimal,optimal,optimal,→ stable,→ stable,→ stable,99.9,✅ EXCELLENT,False,NONE,3.8,0.6,NONE
1780035446.221,82.6,90.2,31.9,1476.0,44.0,13.79,32.1,32.3,32.3,32.0,optimal,optimal,optimal,optimal,optimal,optimal,→ stable,→ stable,→ stable,99.9,✅ EXCELLENT,False,NONE,3.7,0.0,NONE
1780035447.222,82.9,90.6,32.2,1538.0,45.2,13.82,32.0,31.7,31.7,31.8,optimal,optimal,optimal,optimal,optimal,optimal,↑ increasing,→ stable,→ stable,99.9,✅ EXCELLENT,False,NONE,3.3,0.0,NONE
1780035448.223,77.4,91.4,31.8,1546.0,45.8,13.76,32.1,32.3,32.4,32.2,optimal,optimal,optimal,optimal,optimal,optimal,→ stable,→ stable,→ stable,99.9,✅ EXCELLENT,False,NONE,3.5,0.0,NONE
1780035449.224,78.8,90.6,32.2,1503.0,45.1,13.83,32.2,32.1,31.9,32.4,optimal,optimal,optimal,optimal,optimal,optimal,↑ increasing,→ stable,→ stable,99.9,✅ EXCELLENT,False,NONE,3.2,0.0,NONE
1780035450.226,81.7,90.7,31.6,1534.0,44.3,13.83,32.0,32.3,32.3,32.1,optimal,optimal,optimal,optimal,optimal,optimal,↑ increasing,→ stable,→ stable,99.9,✅ EXCELLENT,False,NONE,4.0,0.0,NONE
1780035451.228,80.7,88.8,31.8,1464.0,45.0,13.81,32.1,31.9,32.0,31.8,optimal,optimal,optimal,optimal,optimal,optimal,↑ increasing,→ stable,→ stable,99.9,✅ EXCELLENT,False,NONE,3.7,0.7,NONE
1780035452.558,81.2,88.6,31.8,1465.0,45.4,13.84,32.2,32.3,32.3,32.3,optimal,optimal,optimal,optimal,optimal,optimal,↑ increasing,→ stable,→ stable,99.9,✅ EXCELLENT,False,NONE,3.7,1.0,NONE
1780035453.559,78.3,88.6,32.3,1521.0,45.3,13.83,31.9,31.8,32.1,32.0,optimal,optimal,optimal,optimal,optimal,optimal,↑ increasing,→ stable,→ stable,99.9,✅ EXCELLENT,False,NONE,3.0,1.0,NONE
1780035454.561,79.7,91.1,31.9,1517.0,45.8,13.81,32.1,32.4,32.2,32.0,optimal,optimal,optimal,optimal,optimal,optimal,↑ increasing,→ stable,→ stable,99.9,✅ EXCELLENT,False,NONE,3.5,0.0,NONE
1780035455.562,80.7,89.0,31.9,1473.0,45.1,13.79,32.2,31.8,32.1,31.8,optimal,optimal,optimal,optimal,optimal,optimal,↑ increasing,→ stable,→ stable,99.9,✅ EXCELLENT,False,NONE,3.6,0.5,NONE
1780035456.563,82.9,90.1,32.2,1451.0,45.6,13.75,31.8,32.0,32.1,32.3,optimal,optimal,optimal,optimal,optimal,optimal,↑ increasing,→ stable,→ stable,99.9,✅ EXCELLENT,False,NONE,3.3,0.0,NONE
1780035457.564,82.3,90.9,31.8,1547.0,44.5,13.85,32.0,31.8,32.1,31.8,optimal,optimal,optimal,optimal,optimal,optimal,→ stable,→ stable,→ stable,99.9,✅ EXCELLENT,False,NONE,3.8,0.0,NONE
1780035458.566,81.3,90.9,32.3,1472.0,45.6,13.81,31.9,32.1,32.3,31.7,optimal,optimal,optimal,optimal,optimal,optimal,↑ increasing,→ stable,→ stable,99.9,✅ EXCELLENT,False,NONE,3.1,0.0,NONE
1780035459.567,78.4,91.2,32.0,1532.0,45.1,13.81,32.0,31.8,31.7,31.7,optimal,optimal,optimal,optimal,optimal,optimal,↑ increasing,→ stable,→ stable,99.9,✅ EXCELLENT,False,NONE,3.4,0.0,NONE
1780035460.568,77.1,91.4,31.9,1496.0,45.0,13.76,32.1,31.8,32.4,32.3,optimal,optimal,optimal,optimal,optimal,optimal,→ stable,→ stable,→ stable,99.9,✅ EXCELLENT,False,NONE,3.4,0.0,NONE
1780035461.569,81.8,91.2,31.6,1539.0,46.0,13.83,32.1,31.8,31.9,32.3,optimal,optimal,optimal,optimal,optimal,optimal,→ stable,→ stable,→ stable,99.9,✅ EXCELLENT,False,NONE,4.0,0.0,NONE
1780035462.772,79.5,89.1,31.7,1530.0,44.1,13.79,32.1,31.7,32.1,31.8,optimal,optimal,optimal,optimal,optimal,optimal,→ stable,→ stable,→ stable,99.9,✅ EXCELLENT,False,NONE,3.7,0.4,NONE
1780035463.773,81.8,90.6,31.7,1459.0,44.2,13.76,31.7,32.1,32.4,31.8,optimal,optimal,optimal,optimal,optimal,optimal,→ stable,↑ increasing,→ stable,99.9,✅ EXCELLENT,False,NONE,3.9,0.0,NONE
1780035464.774,80.8,89.2,32.3,1501.0,44.3,13.8,31.7,32.2,31.7,31.8,optimal,optimal,optimal,optimal,optimal,optimal,→ stable,→ stable,→ stable,99.9,✅ EXCELLENT,False,NONE,3.1,0.3,NONE
1780035465.776,79.6,91.3,31.8,1494.0,45.1,13.84,31.8,31.7,32.2,32.3,optimal,optimal,optimal,optimal,optimal,optimal,→ stable,↑ increasing,→ stable,99.9,✅ EXCELLENT,False,NONE,3.6,0.0,NONE
1780035466.778,78.5,89.5,32.1,1546.0,45.2,13.83,32.2,31.8,32.1,32.0,optimal,optimal,optimal,optimal,optimal,optimal,→ stable,↑ increasing,→ stable,99.9,✅ EXCELLENT,False,NONE,3.3,0.1,NONE
1780035467.778,79.3,89.5,32.3,1539.0,44.2,13.83,32.1,32.2,32.1,32.2,optimal,optimal,optimal,optimal,optimal,optimal,↓ decreasing,→ stable,→ stable,99.9,✅ EXCELLENT,False,NONE,3.1,0.1,NONE
1780035468.78,81.7,90.1,31.8,1454.0,45.4,13.79,31.9,31.9,32.3,31.6,optimal,optimal,optimal,optimal,optimal,optimal,↓ decreasing,→ stable,→ stable,99.9,✅ EXCELLENT,False,NONE,3.7,0.0,NONE
1780035469.782,81.3,90.3,32.1,1544.0,45.2,13.81,32.4,31.8,32.1,31.7,optimal,optimal,optimal,optimal,optimal,optimal,↓ decreasing,→ stable,→ stable,99.9,✅ EXCELLENT,False,NONE,3.4,0.0,NONE
1780035470.783,81.2,89.2,32.2,1544.0,45.1,13.8,32.3,31.7,31.7,32.0,optimal,optimal,optimal,optimal,optimal,optimal,→ stable,→ stable,→ stable,99.9,✅ EXCELLENT,False,NONE,3.2,0.3,NONE
1780035471.784,81.3,89.7,31.7,1488.0,45.1,13.83,32.3,32.2,31.7,32.0,optimal,optimal,optimal,optimal,optimal,optimal,→ stable,→ stable,→ stable,99.9,✅ EXCELLENT,False,NONE,3.8,0.0,NONE
1780035472.947,80.2,90.5,32.0,1455.0,45.3,13.82,31.6,32.1,31.8,31.8,optimal,optimal,optimal,optimal,optimal,optimal,→ stable,→ stable,→ stable,99.9,✅ EXCELLENT,False,NONE,3.4,0.0,NONE
1780035473.948,78.1,91.5,31.8,1504.0,46.0,13.78,31.8,32.2,31.8,31.7,optimal,optimal,optimal,optimal,optimal,optimal,→ stable,→ stable,→ stable,99.9,✅ EXCELLENT,False,NONE,3.6,0.0,NONE
1780035474.948,77.0,89.0,31.7,1517.0,45.0,13.8,31.9,32.1,31.9,32.0,optimal,optimal,optimal,optimal,optimal,optimal,↓ decreasing,→ stable,→ stable,99.9,✅ EXCELLENT,False,NONE,3.6,0.5,NONE
1780035475.95,77.3,89.6,31.8,1548.0,44.4,13.79,32.1,31.9,31.9,32.3,optimal,optimal,optimal,optimal,optimal,optimal,↓ decreasing,↓ decreasing,→ stable,99.9,✅ EXCELLENT,False,NONE,3.5,0.1,NONE
1780035476.951,78.7,90.7,32.0,1465.0,44.5,13.77,32.2,32.1,32.0,31.8,optimal,optimal,optimal,optimal,optimal,optimal,→ stable,↓ decreasing,→ stable,99.9,✅ EXCELLENT,False,NONE,3.4,0.0,NONE
1780035477.953,82.0,90.3,32.3,1471.0,45.0,13.79,31.7,32.2,32.3,32.4,optimal,optimal,optimal,optimal,optimal,optimal,→ stable,→ stable,→ stable,99.9,✅ EXCELLENT,False,NONE,3.2,0.0,NONE
1780035478.954,78.7,88.6,32.0,1504.0,44.8,13.77,31.8,31.8,31.8,32.1,optimal,optimal,optimal,optimal,optimal,optimal,→ stable,→ stable,→ stable,99.9,✅ EXCELLENT,False,NONE,3.4,1.0,NONE
1780035479.956,82.0,91.2,31.8,1460.0,45.1,13.83,31.9,31.9,32.1,32.3,optimal,optimal,optimal,optimal,optimal,optimal,→ stable,→ stable,→ stable,99.9,✅ EXCELLENT,False,NONE,3.7,0.0,NONE
1780035480.958,81.7,91.0,31.8,1499.0,44.1,13.79,31.9,31.7,31.8,32.3,optimal,optimal,optimal,optimal,optimal,optimal,↓ decreasing,→ stable,→ stable,99.9,✅ EXCELLENT,False,NONE,3.7,0.0,NONE
1780035481.959,79.8,90.0,32.2,1498.0,45.3,13.81,32.0,32.0,32.1,32.3,optimal,optimal,optimal,optimal,optimal,optimal,↓ decreasing,→ stable,→ stable,99.9,✅ EXCELLENT,False,NONE,3.2,0.0,NONE
1780035483.151,79.7,90.0,32.4,1543.0,45.7,13.79,31.6,32.2,32.2,32.0,optimal,optimal,optimal,optimal,optimal,optimal,↓ decreasing,→ stable,→ stable,99.9,✅ EXCELLENT,False,NONE,3.0,0.0,NONE
1780035484.151,77.6,91.2,32.4,1515.0,44.5,13.76,31.9,32.4,32.4,31.8,optimal,optimal,optimal,optimal,optimal,optimal,↓ decreasing,→ stable,→ stable,99.9,✅ EXCELLENT,False,NONE,2.9,0.0,NONE
1780035485.153,81.7,90.1,32.3,1489.0,45.5,13.82,32.4,31.7,32.3,32.2,optimal,optimal,optimal,optimal,optimal,optimal,→ stable,→ stable,→ stable,99.9,✅ EXCELLENT,False,NONE,3.2,0.0,NONE
1780035486.154,77.1,90.4,32.1,1452.0,45.9,13.82,32.3,32.4,31.7,32.2,optimal,optimal,optimal,optimal,optimal,optimal,→ stable,→ stable,→ stable,99.9,✅ EXCELLENT,False,NONE,3.2,0.0,NONE
1780035487.156,81.3,89.9,32.1,1471.0,44.3,13.78,32.0,31.7,32.2,31.8,optimal,optimal,optimal,optimal,optimal,optimal,↑ increasing,→ stable,→ stable,99.9,✅ EXCELLENT,False,NONE,3.4,0.0,NONE
1780035488.157,78.6,89.2,32.1,1513.0,45.0,13.83,32.1,32.2,31.8,32.2,optimal,optimal,optimal,optimal,optimal,optimal,→ stable,→ stable,→ stable,99.9,✅ EXCELLENT,False,NONE,3.3,0.3,NONE
1780035489.158,80.0,90.8,31.7,1502.0,44.8,13.76,31.6,32.3,32.3,31.6,optimal,optimal,optimal,optimal,optimal,optimal,→ stable,→ stable,→ stable,99.9,✅ EXCELLENT,False,NONE,3.8,0.0,NONE
1780035490.16,82.6,89.1,32.2,1550.0,45.1,13.82,32.2,32.2,31.7,31.8,optimal,optimal,optimal,optimal,optimal,optimal,→ stable,→ stable,→ stable,99.9,✅ EXCELLENT,False,NONE,3.3,0.4,NONE
1780035491.161,80.9,89.6,31.8,1480.0,44.1,13.8,32.2,32.3,32.2,32.1,optimal,optimal,optimal,optimal,optimal,optimal,→ stable,→ stable,→ stable,99.9,✅ EXCELLENT,False,NONE,3.7,0.1,NONE
1780035492.162,78.4,89.0,32.3,1504.0,44.5,13.83,31.6,31.8,32.0,32.2,optimal,optimal,optimal,optimal,optimal,optimal,→ stable,→ stable,→ stable,99.9,✅ EXCELLENT,False,NONE,3.0,0.5,NONE
1780035493.702,80.4,88.5,32.3,1454.0,44.9,13.79,31.6,31.7,32.1,31.8,optimal,optimal,optimal,optimal,optimal,optimal,→ stable,→ stable,→ stable,99.9,✅ EXCELLENT,False,NONE,3.1,1.1,NONE
1780035494.704,82.1,89.0,31.9,1517.0,45.5,13.81,32.0,32.1,32.4,32.0,optimal,optimal,optimal,optimal,optimal,optimal,↑ increasing,↓ decreasing,→ stable,99.9,✅ EXCELLENT,False,NONE,3.6,0.5,NONE
1780035495.706,77.6,89.9,32.0,1534.0,44.4,13.79,31.7,32.1,31.7,31.9,optimal,optimal,optimal,optimal,optimal,optimal,→ stable,↓ decreasing,→ stable,99.9,✅ EXCELLENT,False,NONE,3.3,0.0,NONE
1780035496.707,79.5,91.0,32.0,1538.0,45.7,13.77,32.1,31.9,32.1,31.7,optimal,optimal,optimal,optimal,optimal,optimal,→ stable,↓ decreasing,→ stable,99.9,✅ EXCELLENT,False,NONE,3.4,0.0,NONE
1780035497.709,81.9,90.7,32.3,1534.0,44.6,13.84,32.3,32.4,31.7,31.7,optimal,optimal,optimal,optimal,optimal,optimal,→ stable,↓ decreasing,→ stable,99.9,✅ EXCELLENT,False,NONE,3.2,0.0,NONE
1780035498.71,79.5,90.3,31.6,1486.0,45.5,13.85,32.1,32.1,31.9,31.9,optimal,optimal,optimal,optimal,optimal,optimal,→ stable,→ stable,→ stable,99.9,✅ EXCELLENT,False,NONE,3.9,0.0,NONE
1780035499.712,78.2,89.6,31.9,1472.0,44.5,13.84,32.4,31.8,32.3,31.9,optimal,optimal,optimal,optimal,optimal,optimal,→ stable,↓ decreasing,→ stable,99.9,✅ EXCELLENT,False,NONE,3.5,0.1,NONE
1780035500.713,79.6,89.1,32.2,1534.0,45.1,13.8,32.4,32.4,32.3,32.3,optimal,optimal,optimal,optimal,optimal,optimal,→ stable,→ stable,→ stable,99.9,✅ EXCELLENT,False,NONE,3.2,0.4,NONE
1780035501.715,77.3,88.8,32.0,1525.0,44.1,13.76,31.7,32.3,32.2,32.1,optimal,optimal,optimal,optimal,optimal,optimal,→ stable,→ stable,→ stable,99.9,✅ EXCELLENT,False,NONE,3.3,0.7,NONE
1780035502.716,79.3,90.7,32.1,1534.0,45.8,13.79,31.6,31.9,31.8,32.2,optimal,optimal,optimal,optimal,optimal,optimal,→ stable,→ stable,→ stable,99.9,✅ EXCELLENT,False,NONE,3.3,0.0,NONE
1780035504.124,79.4,89.3,32.2,1549.0,45.0,13.84,31.8,32.2,31.6,32.1,optimal,optimal,optimal,optimal,optimal,optimal,→ stable,→ stable,→ stable,99.9,✅ EXCELLENT,False,NONE,3.2,0.2,NONE
1780035505.126,79.8,89.5,31.7,1512.0,44.3,13.79,32.0,31.8,32.3,31.9,optimal,optimal,optimal,optimal,optimal,optimal,↓ decreasing,→ stable,→ stable,99.9,✅ EXCELLENT,False,NONE,3.8,0.1,NONE
1780035506.127,80.5,89.1,32.1,1539.0,45.7,13.83,32.2,31.8,31.7,31.7,optimal,optimal,optimal,optimal,optimal,optimal,→ stable,→ stable,→ stable,99.9,✅ EXCELLENT,False,NONE,3.3,0.4,NONE
1780035507.129,79.4,90.0,32.1,1487.0,44.2,13.8,32.3,31.9,31.8,32.1,optimal,optimal,optimal,optimal,optimal,optimal,↓ decreasing,→ stable,→ stable,99.9,✅ EXCELLENT,False,NONE,3.3,0.0,NONE
1780035508.13,77.8,88.8,31.7,1523.0,44.8,13.83,31.6,32.0,31.6,31.8,optimal,optimal,optimal,optimal,optimal,optimal,↓ decreasing,→ stable,→ stable,99.9,✅ EXCELLENT,False,NONE,3.7,0.7,NONE
1780035509.13,82.6,89.9,32.0,1546.0,44.1,13.78,32.0,31.8,32.3,31.8,optimal,optimal,optimal,optimal,optimal,optimal,↓ decreasing,→ stable,→ stable,99.9,✅ EXCELLENT,False,NONE,3.5,0.0,NONE
1780035510.132,82.5,88.8,31.9,1464.0,45.2,13.77,32.0,32.4,31.7,32.1,optimal,optimal,optimal,optimal,optimal,optimal,→ stable,→ stable,→ stable,99.9,✅ EXCELLENT,False,NONE,3.7,0.7,NONE
1780035511.133,77.7,90.5,32.2,1505.0,45.1,13.84,31.8,31.8,31.8,31.9,optimal,optimal,optimal,optimal,optimal,optimal,→ stable,→ stable,→ stable,99.9,✅ EXCELLENT,False,NONE,3.1,0.0,NONE
1780035512.135,78.5,88.6,32.1,1536.0,44.1,13.76,32.0,32.0,31.8,32.0,optimal,optimal,optimal,optimal,optimal,optimal,→ stable,→ stable,→ stable,99.9,✅ EXCELLENT,False,NONE,3.3,1.0,NONE
1780035513.136,82.6,89.1,32.3,1495.0,44.2,13.8,32.1,31.8,31.9,32.2,optimal,optimal,optimal,optimal,optimal,optimal,↑ increasing,→ stable,→ stable,99.9,✅ EXCELLENT,False,NONE,3.2,0.4,NONE
1780035514.247,79.3,91.5,32.2,1484.0,45.1,13.81,32.2,32.1,31.7,32.0,optimal,optimal,optimal,optimal,optimal,optimal,↑ increasing,→ stable,→ stable,99.9,✅ EXCELLENT,False,NONE,3.2,0.0,NONE
1780035515.249,80.1,91.2,31.8,1528.0,45.8,13.85,31.9,32.1,31.9,32.1,optimal,optimal,optimal,optimal,optimal,optimal,↑ increasing,→ stable,→ stable,99.9,✅ EXCELLENT,False,NONE,3.7,0.0,NONE
1780035516.251,79.2,89.6,31.7,1503.0,45.9,13.78,32.3,31.9,32.3,32.2,optimal,optimal,optimal,optimal,optimal,optimal,→ stable,→ stable,→ stable,99.9,✅ EXCELLENT,False,NONE,3.7,0.1,NONE
1780035517.253,81.3,90.5,32.2,1520.0,44.1,13.82,32.0,32.1,32.0,32.1,optimal,optimal,optimal,optimal,optimal,optimal,↑ increasing,→ stable,→ stable,99.9,✅ EXCELLENT,False,NONE,3.3,0.0,NONE
1780035518.254,77.3,89.9,32.1,1476.0,44.5,13.85,32.3,31.7,32.3,32.1,optimal,optimal,optimal,optimal,optimal,optimal,↑ increasing,→ stable,→ stable,99.9,✅ EXCELLENT,False,NONE,3.2,0.0,NONE
1780035519.255,82.4,90.0,31.8,1469.0,44.8,13.81,32.2,32.1,31.8,32.1,optimal,optimal,optimal,optimal,optimal,optimal,↑ increasing,→ stable,→ stable,99.9,✅ EXCELLENT,False,NONE,3.8,0.0,NONE
